tag,sigma_res,sigma_scatt,n_trk,rep,n_seg,repro_ok,type,count,act_C,act_Q,act_Q_wp,tau_Q_wp,have_q
eps2_sr0.01_ss0.0001,0.01,0.0001,50,0,10000,True,isolated,9790,2,10.0,10.0,0.7724265797410264,True
eps2_sr0.01_ss0.0001,0.01,0.0001,50,0,10000,True,pair,10,0,0.0,0.0,0.7724265797410264,True
eps2_sr0.01_ss0.0001,0.01,0.0001,50,0,10000,True,chain>=3,0,0,0.0,0.0,0.7724265797410264,True
eps2_sr0.01_ss0.0001,0.01,0.0001,50,0,10000,True,hub,0,0,0.0,0.0,0.7724265797410264,True
eps2_sr0.01_ss0.0001,0.01,0.0001,50,0,10000,True,TRUE,200,200,200.0,198.0,0.7724265797410264,True
eps2_sr0.01_ss0.0001,0.01,0.0001,50,1,10000,True,isolated,9786,0,6.0,6.0,0.7811481209439679,True
eps2_sr0.01_ss0.0001,0.01,0.0001,50,1,10000,True,pair,14,0,0.0,0.0,0.7811481209439679,True
eps2_sr0.01_ss0.0001,0.01,0.0001,50,1,10000,True,chain>=3,0,0,0.0,0.0,0.7811481209439679,True
eps2_sr0.01_ss0.0001,0.01,0.0001,50,1,10000,True,hub,0,0,0.0,0.0,0.7811481209439679,True
eps2_sr0.01_ss0.0001,0.01,0.0001,50,1,10000,True,TRUE,200,200,200.0,200.0,0.7811481209439679,True
eps2_sr0.01_ss0.0001,0.01,0.0001,50,2,10000,True,isolated,9796,5,6.0,5.0,0.7698071641747601,True
eps2_sr0.01_ss0.0001,0.01,0.0001,50,2,10000,True,pair,4,0,0.0,0.0,0.7698071641747601,True
eps2_sr0.01_ss0.0001,0.01,0.0001,50,2,10000,True,chain>=3,0,0,0.0,0.0,0.7698071641747601,True
eps2_sr0.01_ss0.0001,0.01,0.0001,50,2,10000,True,hub,0,0,0.0,0.0,0.7698071641747601,True
eps2_sr0.01_ss0.0001,0.01,0.0001,50,2,10000,True,TRUE,200,200,200.0,200.0,0.7698071641747601,True
eps2_sr0.01_ss0.0001,0.01,0.0001,50,3,10000,True,isolated,9792,0,0.0,0.0,0.7869348403172103,True
eps2_sr0.01_ss0.0001,0.01,0.0001,50,3,10000,True,pair,8,0,0.0,0.0,0.7869348403172103,True
eps2_sr0.01_ss0.0001,0.01,0.0001,50,3,10000,True,chain>=3,0,0,0.0,0.0,0.7869348403172103,True
eps2_sr0.01_ss0.0001,0.01,0.0001,50,3,10000,True,hub,0,0,0.0,0.0,0.7869348403172103,True
eps2_sr0.01_ss0.0001,0.01,0.0001,50,3,10000,True,TRUE,200,200,200.0,200.0,0.7869348403172103,True
eps2_sr0.01_ss0.0001,0.01,0.0001,50,4,10000,True,isolated,9792,0,6.0,6.0,0.7811481209439761,True
eps2_sr0.01_ss0.0001,0.01,0.0001,50,4,10000,True,pair,8,0,0.0,0.0,0.7811481209439761,True
eps2_sr0.01_ss0.0001,0.01,0.0001,50,4,10000,True,chain>=3,0,0,0.0,0.0,0.7811481209439761,True
eps2_sr0.01_ss0.0001,0.01,0.0001,50,4,10000,True,hub,0,0,0.0,0.0,0.7811481209439761,True
eps2_sr0.01_ss0.0001,0.01,0.0001,50,4,10000,True,TRUE,200,200,200.0,200.0,0.7811481209439761,True
eps2_sr0.01_ss0.0001,0.01,0.0001,50,5,10000,True,isolated,9784,2,14.0,14.0,0.7687725528815632,True
eps2_sr0.01_ss0.0001,0.01,0.0001,50,5,10000,True,pair,14,0,0.0,0.0,0.7687725528815632,True
eps2_sr0.01_ss0.0001,0.01,0.0001,50,5,10000,True,chain>=3,0,0,0.0,0.0,0.7687725528815632,True
eps2_sr0.01_ss0.0001,0.01,0.0001,50,5,10000,True,hub,2,0,0.0,0.0,0.7687725528815632,True
eps2_sr0.01_ss0.0001,0.01,0.0001,50,5,10000,True,TRUE,200,200,200.0,198.0,0.7687725528815632,True
eps2_sr0.01_ss0.0001,0.01,0.0001,50,6,10000,True,isolated,9792,2,6.0,6.0,0.7761354540049286,True
eps2_sr0.01_ss0.0001,0.01,0.0001,50,6,10000,True,pair,6,0,0.0,0.0,0.7761354540049286,True
eps2_sr0.01_ss0.0001,0.01,0.0001,50,6,10000,True,chain>=3,0,0,0.0,0.0,0.7761354540049286,True
eps2_sr0.01_ss0.0001,0.01,0.0001,50,6,10000,True,hub,2,0,0.0,0.0,0.7761354540049286,True
eps2_sr0.01_ss0.0001,0.01,0.0001,50,6,10000,True,TRUE,200,200,200.0,199.0,0.7761354540049286,True
eps2_sr0.01_ss0.0001,0.01,0.0001,50,7,10000,True,isolated,9793,0,6.0,6.0,0.7811481209439726,True
eps2_sr0.01_ss0.0001,0.01,0.0001,50,7,10000,True,pair,4,0,0.0,0.0,0.7811481209439726,True
eps2_sr0.01_ss0.0001,0.01,0.0001,50,7,10000,True,chain>=3,0,0,0.0,0.0,0.7811481209439726,True
eps2_sr0.01_ss0.0001,0.01,0.0001,50,7,10000,True,hub,3,0,0.0,0.0,0.7811481209439726,True
eps2_sr0.01_ss0.0001,0.01,0.0001,50,7,10000,True,TRUE,200,200,200.0,200.0,0.7811481209439726,True
eps2_sr0.01_ss0.0001,0.01,0.0001,50,8,10000,True,isolated,9785,2,8.0,8.0,0.774274076136902,True
eps2_sr0.01_ss0.0001,0.01,0.0001,50,8,10000,True,pair,8,0,0.0,0.0,0.774274076136902,True
eps2_sr0.01_ss0.0001,0.01,0.0001,50,8,10000,True,chain>=3,0,0,0.0,0.0,0.774274076136902,True
eps2_sr0.01_ss0.0001,0.01,0.0001,50,8,10000,True,hub,7,0,0.0,0.0,0.774274076136902,True
eps2_sr0.01_ss0.0001,0.01,0.0001,50,8,10000,True,TRUE,200,200,200.0,198.0,0.774274076136902,True
eps2_sr0.01_ss0.0001,0.01,0.0001,50,9,10000,True,isolated,9794,0,8.0,8.0,0.7792485372771564,True
eps2_sr0.01_ss0.0001,0.01,0.0001,50,9,10000,True,pair,6,0,0.0,0.0,0.7792485372771564,True
eps2_sr0.01_ss0.0001,0.01,0.0001,50,9,10000,True,chain>=3,0,0,0.0,0.0,0.7792485372771564,True
eps2_sr0.01_ss0.0001,0.01,0.0001,50,9,10000,True,hub,0,0,0.0,0.0,0.7792485372771564,True
eps2_sr0.01_ss0.0001,0.01,0.0001,50,9,10000,True,TRUE,200,200,200.0,200.0,0.7792485372771564,True
eps2_sr0.01_ss0.0001,0.01,0.0001,100,0,40000,True,isolated,39533,1,55.0,55.0,1.0656967038796714,True
eps2_sr0.01_ss0.0001,0.01,0.0001,100,0,40000,True,pair,62,0,0.0,0.0,1.0656967038796714,True
eps2_sr0.01_ss0.0001,0.01,0.0001,100,0,40000,True,chain>=3,3,0,0.0,0.0,1.0656967038796714,True
eps2_sr0.01_ss0.0001,0.01,0.0001,100,0,40000,True,hub,2,0,0.0,0.0,1.0656967038796714,True
eps2_sr0.01_ss0.0001,0.01,0.0001,100,0,40000,True,TRUE,400,400,400.0,399.0,1.0656967038796714,True
eps2_sr0.01_ss0.0001,0.01,0.0001,100,1,40000,True,isolated,39564,1,53.0,53.0,1.0669464529083614,True
eps2_sr0.01_ss0.0001,0.01,0.0001,100,1,40000,True,pair,36,0,0.0,0.0,1.0669464529083614,True
eps2_sr0.01_ss0.0001,0.01,0.0001,100,1,40000,True,chain>=3,0,0,0.0,0.0,1.0669464529083614,True
eps2_sr0.01_ss0.0001,0.01,0.0001,100,1,40000,True,hub,0,0,0.0,0.0,1.0669464529083614,True
eps2_sr0.01_ss0.0001,0.01,0.0001,100,1,40000,True,TRUE,400,400,400.0,399.0,1.0669464529083614,True
eps2_sr0.01_ss0.0001,0.01,0.0001,100,2,40000,True,isolated,39542,0,36.0,36.0,1.0794889567598271,True
eps2_sr0.01_ss0.0001,0.01,0.0001,100,2,40000,True,pair,54,0,0.0,0.0,1.0794889567598271,True
eps2_sr0.01_ss0.0001,0.01,0.0001,100,2,40000,True,chain>=3,0,0,0.0,0.0,1.0794889567598271,True
eps2_sr0.01_ss0.0001,0.01,0.0001,100,2,40000,True,hub,4,0,0.0,0.0,1.0794889567598271,True
eps2_sr0.01_ss0.0001,0.01,0.0001,100,2,40000,True,TRUE,400,400,400.0,400.0,1.0794889567598271,True
eps2_sr0.01_ss0.0001,0.01,0.0001,100,3,40000,True,isolated,39546,11,70.0,70.0,1.0398667436400297,True
eps2_sr0.01_ss0.0001,0.01,0.0001,100,3,40000,True,pair,50,0,1.0,1.0,1.0398667436400297,True
eps2_sr0.01_ss0.0001,0.01,0.0001,100,3,40000,True,chain>=3,0,0,0.0,0.0,1.0398667436400297,True
eps2_sr0.01_ss0.0001,0.01,0.0001,100,3,40000,True,hub,4,0,0.0,0.0,1.0398667436400297,True
eps2_sr0.01_ss0.0001,0.01,0.0001,100,3,40000,True,TRUE,400,400,400.0,399.0,1.0398667436400297,True
eps2_sr0.01_ss0.0001,0.01,0.0001,100,4,40000,True,isolated,39549,5,63.0,63.0,1.057621591798238,True
eps2_sr0.01_ss0.0001,0.01,0.0001,100,4,40000,True,pair,48,0,0.0,0.0,1.057621591798238,True
eps2_sr0.01_ss0.0001,0.01,0.0001,100,4,40000,True,chain>=3,0,0,0.0,0.0,1.057621591798238,True
eps2_sr0.01_ss0.0001,0.01,0.0001,100,4,40000,True,hub,3,0,0.0,0.0,1.057621591798238,True
eps2_sr0.01_ss0.0001,0.01,0.0001,100,4,40000,True,TRUE,400,400,400.0,398.0,1.057621591798238,True
eps2_sr0.01_ss0.0001,0.01,0.0001,200,0,160000,True,isolated,158855,12,441.0,440.0,1.3652108522444657,True
eps2_sr0.01_ss0.0001,0.01,0.0001,200,0,160000,True,pair,334,0,1.0,1.0,1.3652108522444657,True
eps2_sr0.01_ss0.0001,0.01,0.0001,200,0,160000,True,chain>=3,9,0,0.0,0.0,1.3652108522444657,True
eps2_sr0.01_ss0.0001,0.01,0.0001,200,0,160000,True,hub,2,0,0.0,0.0,1.3652108522444657,True
eps2_sr0.01_ss0.0001,0.01,0.0001,200,0,160000,True,TRUE,800,800,800.0,793.0,1.3652108522444657,True
eps2_sr0.01_ss0.0001,0.01,0.0001,200,1,160000,True,isolated,158856,19,429.0,427.0,1.3650865208501914,True
eps2_sr0.01_ss0.0001,0.01,0.0001,200,1,160000,True,pair,336,0,0.0,0.0,1.3650865208501914,True
eps2_sr0.01_ss0.0001,0.01,0.0001,200,1,160000,True,chain>=3,3,0,0.0,0.0,1.3650865208501914,True
eps2_sr0.01_ss0.0001,0.01,0.0001,200,1,160000,True,hub,5,0,0.0,0.0,1.3650865208501914,True
eps2_sr0.01_ss0.0001,0.01,0.0001,200,1,160000,True,TRUE,800,800,800.0,793.0,1.3650865208501914,True
eps2_sr0.01_ss0.0001,0.01,0.0001,200,2,160000,True,isolated,158753,30,390.0,390.0,1.3729776839661458,True
eps2_sr0.01_ss0.0001,0.01,0.0001,200,2,160000,True,pair,414,0,1.0,1.0,1.3729776839661458,True
eps2_sr0.01_ss0.0001,0.01,0.0001,200,2,160000,True,chain>=3,15,0,0.0,0.0,1.3729776839661458,True
eps2_sr0.01_ss0.0001,0.01,0.0001,200,2,160000,True,hub,18,0,1.0,1.0,1.3729776839661458,True
eps2_sr0.01_ss0.0001,0.01,0.0001,200,2,160000,True,TRUE,800,800,800.0,793.0,1.3729776839661458,True
eps2_sr0.01_ss0.0001,0.01,0.0001,200,3,160000,True,isolated,158773,17,381.0,381.0,1.3818788132456783,True
eps2_sr0.01_ss0.0001,0.01,0.0001,200,3,160000,True,pair,412,0,1.0,1.0,1.3818788132456783,True
eps2_sr0.01_ss0.0001,0.01,0.0001,200,3,160000,True,chain>=3,9,0,1.0,1.0,1.3818788132456783,True
eps2_sr0.01_ss0.0001,0.01,0.0001,200,3,160000,True,hub,6,0,0.0,0.0,1.3818788132456783,True
eps2_sr0.01_ss0.0001,0.01,0.0001,200,3,160000,True,TRUE,800,799,799.0,792.0,1.3818788132456783,True
eps2_sr0.01_ss0.0001,0.01,0.0001,200,4,160000,True,isolated,158818,35,375.0,372.0,1.3723717481478608,True
eps2_sr0.01_ss0.0001,0.01,0.0001,200,4,160000,True,pair,372,0,0.0,0.0,1.3723717481478608,True
eps2_sr0.01_ss0.0001,0.01,0.0001,200,4,160000,True,chain>=3,0,0,0.0,0.0,1.3723717481478608,True
eps2_sr0.01_ss0.0001,0.01,0.0001,200,4,160000,True,hub,10,0,0.0,0.0,1.3723717481478608,True
eps2_sr0.01_ss0.0001,0.01,0.0001,200,4,160000,True,TRUE,800,800,800.0,793.0,1.3723717481478608,True
eps2_sr0.01_ss0.0001,0.01,0.0001,400,0,640000,True,isolated,635243,222,3160.0,3157.0,1.5173884534059734,True
eps2_sr0.01_ss0.0001,0.01,0.0001,400,0,640000,True,pair,2958,0,18.0,18.0,1.5173884534059734,True
eps2_sr0.01_ss0.0001,0.01,0.0001,400,0,640000,True,chain>=3,156,0,0.0,0.0,1.5173884534059734,True
eps2_sr0.01_ss0.0001,0.01,0.0001,400,0,640000,True,hub,43,0,0.0,0.0,1.5173884534059734,True
eps2_sr0.01_ss0.0001,0.01,0.0001,400,0,640000,True,TRUE,1600,1600,1600.0,1585.0,1.5173884534059734,True
eps2_sr0.01_ss0.0001,0.01,0.0001,400,1,640000,True,isolated,635050,193,3014.0,3013.0,1.4360137831730821,True
eps2_sr0.01_ss0.0001,0.01,0.0001,400,1,640000,True,pair,3166,0,25.0,25.0,1.4360137831730821,True
eps2_sr0.01_ss0.0001,0.01,0.0001,400,1,640000,True,chain>=3,147,0,0.0,0.0,1.4360137831730821,True
eps2_sr0.01_ss0.0001,0.01,0.0001,400,1,640000,True,hub,37,0,0.0,0.0,1.4360137831730821,True
eps2_sr0.01_ss0.0001,0.01,0.0001,400,1,640000,True,TRUE,1600,1600,1600.0,1600.0,1.4360137831730821,True
eps2_sr0.01_ss0.0001,0.01,0.0001,400,2,640000,True,isolated,635184,132,3001.0,2999.0,1.5492891898467696,True
eps2_sr0.01_ss0.0001,0.01,0.0001,400,2,640000,True,pair,3012,0,10.0,10.0,1.5492891898467696,True
eps2_sr0.01_ss0.0001,0.01,0.0001,400,2,640000,True,chain>=3,142,1,2.0,2.0,1.5492891898467696,True
eps2_sr0.01_ss0.0001,0.01,0.0001,400,2,640000,True,hub,62,0,0.0,0.0,1.5492891898467696,True
eps2_sr0.01_ss0.0001,0.01,0.0001,400,2,640000,True,TRUE,1600,1600,1600.0,1584.0,1.5492891898467696,True
eps2_sr0.01_ss0.0003,0.01,0.0003,50,0,10000,True,isolated,9800,0,8.0,8.0,0.7792485372771676,True
eps2_sr0.01_ss0.0003,0.01,0.0003,50,0,10000,True,pair,0,0,0.0,0.0,0.7792485372771676,True
eps2_sr0.01_ss0.0003,0.01,0.0003,50,0,10000,True,chain>=3,0,0,0.0,0.0,0.7792485372771676,True
eps2_sr0.01_ss0.0003,0.01,0.0003,50,0,10000,True,hub,0,0,0.0,0.0,0.7792485372771676,True
eps2_sr0.01_ss0.0003,0.01,0.0003,50,0,10000,True,TRUE,200,200,200.0,200.0,0.7792485372771676,True
eps2_sr0.01_ss0.0003,0.01,0.0003,50,1,10000,True,isolated,9795,0,8.0,8.0,0.7792485372771557,True
eps2_sr0.01_ss0.0003,0.01,0.0003,50,1,10000,True,pair,4,0,0.0,0.0,0.7792485372771557,True
eps2_sr0.01_ss0.0003,0.01,0.0003,50,1,10000,True,chain>=3,0,0,0.0,0.0,0.7792485372771557,True
eps2_sr0.01_ss0.0003,0.01,0.0003,50,1,10000,True,hub,1,0,0.0,0.0,0.7792485372771557,True
eps2_sr0.01_ss0.0003,0.01,0.0003,50,1,10000,True,TRUE,200,200,200.0,200.0,0.7792485372771557,True
eps2_sr0.01_ss0.0003,0.01,0.0003,50,2,10000,True,isolated,9794,0,6.0,6.0,0.7811481209439672,True
eps2_sr0.01_ss0.0003,0.01,0.0003,50,2,10000,True,pair,6,0,0.0,0.0,0.7811481209439672,True
eps2_sr0.01_ss0.0003,0.01,0.0003,50,2,10000,True,chain>=3,0,0,0.0,0.0,0.7811481209439672,True
eps2_sr0.01_ss0.0003,0.01,0.0003,50,2,10000,True,hub,0,0,0.0,0.0,0.7811481209439672,True
eps2_sr0.01_ss0.0003,0.01,0.0003,50,2,10000,True,TRUE,200,200,200.0,200.0,0.7811481209439672,True
eps2_sr0.01_ss0.0003,0.01,0.0003,50,3,10000,True,isolated,9798,0,8.0,8.0,0.7792485372771715,True
eps2_sr0.01_ss0.0003,0.01,0.0003,50,3,10000,True,pair,2,0,0.0,0.0,0.7792485372771715,True
eps2_sr0.01_ss0.0003,0.01,0.0003,50,3,10000,True,chain>=3,0,0,0.0,0.0,0.7792485372771715,True
eps2_sr0.01_ss0.0003,0.01,0.0003,50,3,10000,True,hub,0,0,0.0,0.0,0.7792485372771715,True
eps2_sr0.01_ss0.0003,0.01,0.0003,50,3,10000,True,TRUE,200,200,200.0,200.0,0.7792485372771715,True
eps2_sr0.01_ss0.0003,0.01,0.0003,50,4,10000,True,isolated,9785,2,8.0,8.0,0.7742740761368762,True
eps2_sr0.01_ss0.0003,0.01,0.0003,50,4,10000,True,pair,8,0,0.0,0.0,0.7742740761368762,True
eps2_sr0.01_ss0.0003,0.01,0.0003,50,4,10000,True,chain>=3,0,0,0.0,0.0,0.7742740761368762,True
eps2_sr0.01_ss0.0003,0.01,0.0003,50,4,10000,True,hub,7,0,0.0,0.0,0.7742740761368762,True
eps2_sr0.01_ss0.0003,0.01,0.0003,50,4,10000,True,TRUE,200,200,200.0,198.0,0.7742740761368762,True
eps2_sr0.01_ss0.0003,0.01,0.0003,50,5,10000,True,isolated,9794,2,8.0,8.0,0.7742740761369047,True
eps2_sr0.01_ss0.0003,0.01,0.0003,50,5,10000,True,pair,6,0,0.0,0.0,0.7742740761369047,True
eps2_sr0.01_ss0.0003,0.01,0.0003,50,5,10000,True,chain>=3,0,0,0.0,0.0,0.7742740761369047,True
eps2_sr0.01_ss0.0003,0.01,0.0003,50,5,10000,True,hub,0,0,0.0,0.0,0.7742740761369047,True
eps2_sr0.01_ss0.0003,0.01,0.0003,50,5,10000,True,TRUE,200,200,200.0,198.0,0.7742740761369047,True
eps2_sr0.01_ss0.0003,0.01,0.0003,50,6,10000,True,isolated,9798,0,6.0,6.0,0.7811481209439772,True
eps2_sr0.01_ss0.0003,0.01,0.0003,50,6,10000,True,pair,2,0,0.0,0.0,0.7811481209439772,True
eps2_sr0.01_ss0.0003,0.01,0.0003,50,6,10000,True,chain>=3,0,0,0.0,0.0,0.7811481209439772,True
eps2_sr0.01_ss0.0003,0.01,0.0003,50,6,10000,True,hub,0,0,0.0,0.0,0.7811481209439772,True
eps2_sr0.01_ss0.0003,0.01,0.0003,50,6,10000,True,TRUE,200,200,200.0,200.0,0.7811481209439772,True
eps2_sr0.01_ss0.0003,0.01,0.0003,50,7,10000,True,isolated,9796,1,5.0,5.0,0.779574372801699,True
eps2_sr0.01_ss0.0003,0.01,0.0003,50,7,10000,True,pair,4,0,0.0,0.0,0.779574372801699,True
eps2_sr0.01_ss0.0003,0.01,0.0003,50,7,10000,True,chain>=3,0,0,0.0,0.0,0.779574372801699,True
eps2_sr0.01_ss0.0003,0.01,0.0003,50,7,10000,True,hub,0,0,0.0,0.0,0.779574372801699,True
eps2_sr0.01_ss0.0003,0.01,0.0003,50,7,10000,True,TRUE,200,200,200.0,199.0,0.779574372801699,True
eps2_sr0.01_ss0.0003,0.01,0.0003,50,8,10000,True,isolated,9797,0,6.0,6.0,0.7811481209439658,True
eps2_sr0.01_ss0.0003,0.01,0.0003,50,8,10000,True,pair,2,0,0.0,0.0,0.7811481209439658,True
eps2_sr0.01_ss0.0003,0.01,0.0003,50,8,10000,True,chain>=3,0,0,0.0,0.0,0.7811481209439658,True
eps2_sr0.01_ss0.0003,0.01,0.0003,50,8,10000,True,hub,1,0,0.0,0.0,0.7811481209439658,True
eps2_sr0.01_ss0.0003,0.01,0.0003,50,8,10000,True,TRUE,200,200,200.0,200.0,0.7811481209439658,True
eps2_sr0.01_ss0.0003,0.01,0.0003,50,9,10000,True,isolated,9792,0,10.0,10.0,0.7773633094825989,True
eps2_sr0.01_ss0.0003,0.01,0.0003,50,9,10000,True,pair,8,0,0.0,0.0,0.7773633094825989,True
eps2_sr0.01_ss0.0003,0.01,0.0003,50,9,10000,True,chain>=3,0,0,0.0,0.0,0.7773633094825989,True
eps2_sr0.01_ss0.0003,0.01,0.0003,50,9,10000,True,hub,0,0,0.0,0.0,0.7773633094825989,True
eps2_sr0.01_ss0.0003,0.01,0.0003,50,9,10000,True,TRUE,200,200,200.0,200.0,0.7773633094825989,True
eps2_sr0.01_ss0.0003,0.01,0.0003,100,0,40000,True,isolated,39543,2,34.0,34.0,1.0773147106704104,True
eps2_sr0.01_ss0.0003,0.01,0.0003,100,0,40000,True,pair,56,0,0.0,0.0,1.0773147106704104,True
eps2_sr0.01_ss0.0003,0.01,0.0003,100,0,40000,True,chain>=3,0,0,0.0,0.0,1.0773147106704104,True
eps2_sr0.01_ss0.0003,0.01,0.0003,100,0,40000,True,hub,1,0,0.0,0.0,1.0773147106704104,True
eps2_sr0.01_ss0.0003,0.01,0.0003,100,0,40000,True,TRUE,400,400,400.0,398.0,1.0773147106704104,True
eps2_sr0.01_ss0.0003,0.01,0.0003,100,1,40000,True,isolated,39541,0,48.0,48.0,1.0717878167305541,True
eps2_sr0.01_ss0.0003,0.01,0.0003,100,1,40000,True,pair,52,0,0.0,0.0,1.0717878167305541,True
eps2_sr0.01_ss0.0003,0.01,0.0003,100,1,40000,True,chain>=3,0,0,0.0,0.0,1.0717878167305541,True
eps2_sr0.01_ss0.0003,0.01,0.0003,100,1,40000,True,hub,7,0,0.0,0.0,1.0717878167305541,True
eps2_sr0.01_ss0.0003,0.01,0.0003,100,1,40000,True,TRUE,400,400,400.0,400.0,1.0717878167305541,True
eps2_sr0.01_ss0.0003,0.01,0.0003,100,2,40000,True,isolated,39548,10,64.0,64.0,1.0523143237795602,True
eps2_sr0.01_ss0.0003,0.01,0.0003,100,2,40000,True,pair,50,0,0.0,0.0,1.0523143237795602,True
eps2_sr0.01_ss0.0003,0.01,0.0003,100,2,40000,True,chain>=3,0,0,0.0,0.0,1.0523143237795602,True
eps2_sr0.01_ss0.0003,0.01,0.0003,100,2,40000,True,hub,2,0,0.0,0.0,1.0523143237795602,True
eps2_sr0.01_ss0.0003,0.01,0.0003,100,2,40000,True,TRUE,400,400,400.0,396.0,1.0523143237795602,True
eps2_sr0.01_ss0.0003,0.01,0.0003,100,3,40000,True,isolated,39538,27,61.0,61.0,0.9588492609387614,True
eps2_sr0.01_ss0.0003,0.01,0.0003,100,3,40000,True,pair,62,0,0.0,0.0,0.9588492609387614,True
eps2_sr0.01_ss0.0003,0.01,0.0003,100,3,40000,True,chain>=3,0,0,0.0,0.0,0.9588492609387614,True
eps2_sr0.01_ss0.0003,0.01,0.0003,100,3,40000,True,hub,0,0,0.0,0.0,0.9588492609387614,True
eps2_sr0.01_ss0.0003,0.01,0.0003,100,3,40000,True,TRUE,400,400,400.0,400.0,0.9588492609387614,True
eps2_sr0.01_ss0.0003,0.01,0.0003,100,4,40000,True,isolated,39539,4,40.0,40.0,1.0700647601505169,True
eps2_sr0.01_ss0.0003,0.01,0.0003,100,4,40000,True,pair,56,0,0.0,0.0,1.0700647601505169,True
eps2_sr0.01_ss0.0003,0.01,0.0003,100,4,40000,True,chain>=3,0,0,0.0,0.0,1.0700647601505169,True
eps2_sr0.01_ss0.0003,0.01,0.0003,100,4,40000,True,hub,5,0,0.0,0.0,1.0700647601505169,True
eps2_sr0.01_ss0.0003,0.01,0.0003,100,4,40000,True,TRUE,400,400,400.0,396.0,1.0700647601505169,True
eps2_sr0.01_ss0.0003,0.01,0.0003,200,0,160000,True,isolated,158720,29,377.0,377.0,1.3756295152334845,True
eps2_sr0.01_ss0.0003,0.01,0.0003,200,0,160000,True,pair,434,0,2.0,2.0,1.3756295152334845,True
eps2_sr0.01_ss0.0003,0.01,0.0003,200,0,160000,True,chain>=3,30,0,0.0,0.0,1.3756295152334845,True
eps2_sr0.01_ss0.0003,0.01,0.0003,200,0,160000,True,hub,16,0,0.0,0.0,1.3756295152334845,True
eps2_sr0.01_ss0.0003,0.01,0.0003,200,0,160000,True,TRUE,800,800,800.0,793.0,1.3756295152334845,True
eps2_sr0.01_ss0.0003,0.01,0.0003,200,1,160000,True,isolated,158784,9,360.0,360.0,1.3956427549307855,True
eps2_sr0.01_ss0.0003,0.01,0.0003,200,1,160000,True,pair,392,0,1.0,1.0,1.3956427549307855,True
eps2_sr0.01_ss0.0003,0.01,0.0003,200,1,160000,True,chain>=3,9,0,0.0,0.0,1.3956427549307855,True
eps2_sr0.01_ss0.0003,0.01,0.0003,200,1,160000,True,hub,15,0,0.0,0.0,1.3956427549307855,True
eps2_sr0.01_ss0.0003,0.01,0.0003,200,1,160000,True,TRUE,800,800,800.0,794.0,1.3956427549307855,True
eps2_sr0.01_ss0.0003,0.01,0.0003,200,2,160000,True,isolated,158762,39,439.0,438.0,1.2632295040197228,True
eps2_sr0.01_ss0.0003,0.01,0.0003,200,2,160000,True,pair,432,0,2.0,2.0,1.2632295040197228,True
eps2_sr0.01_ss0.0003,0.01,0.0003,200,2,160000,True,chain>=3,3,0,0.0,0.0,1.2632295040197228,True
eps2_sr0.01_ss0.0003,0.01,0.0003,200,2,160000,True,hub,3,0,0.0,0.0,1.2632295040197228,True
eps2_sr0.01_ss0.0003,0.01,0.0003,200,2,160000,True,TRUE,800,800,800.0,800.0,1.2632295040197228,True
eps2_sr0.01_ss0.0003,0.01,0.0003,200,3,160000,True,isolated,158690,28,435.0,435.0,1.362448607236594,True
eps2_sr0.01_ss0.0003,0.01,0.0003,200,3,160000,True,pair,494,0,5.0,5.0,1.362448607236594,True
eps2_sr0.01_ss0.0003,0.01,0.0003,200,3,160000,True,chain>=3,12,0,0.0,0.0,1.362448607236594,True
eps2_sr0.01_ss0.0003,0.01,0.0003,200,3,160000,True,hub,4,0,0.0,0.0,1.362448607236594,True
eps2_sr0.01_ss0.0003,0.01,0.0003,200,3,160000,True,TRUE,800,800,800.0,795.0,1.362448607236594,True
eps2_sr0.01_ss0.0003,0.01,0.0003,200,4,160000,True,isolated,158828,21,462.0,461.0,1.3555190138360251,True
eps2_sr0.01_ss0.0003,0.01,0.0003,200,4,160000,True,pair,334,0,2.0,2.0,1.3555190138360251,True
eps2_sr0.01_ss0.0003,0.01,0.0003,200,4,160000,True,chain>=3,24,0,1.0,1.0,1.3555190138360251,True
eps2_sr0.01_ss0.0003,0.01,0.0003,200,4,160000,True,hub,14,0,0.0,0.0,1.3555190138360251,True
eps2_sr0.01_ss0.0003,0.01,0.0003,200,4,160000,True,TRUE,800,800,800.0,798.0,1.3555190138360251,True
eps2_sr0.01_ss0.0003,0.01,0.0003,400,0,640000,True,isolated,634788,218,3271.0,3270.0,1.4050164409604808,True
eps2_sr0.01_ss0.0003,0.01,0.0003,400,0,640000,True,pair,3318,2,25.0,25.0,1.4050164409604808,True
eps2_sr0.01_ss0.0003,0.01,0.0003,400,0,640000,True,chain>=3,229,0,2.0,2.0,1.4050164409604808,True
eps2_sr0.01_ss0.0003,0.01,0.0003,400,0,640000,True,hub,65,0,0.0,0.0,1.4050164409604808,True
eps2_sr0.01_ss0.0003,0.01,0.0003,400,0,640000,True,TRUE,1600,1600,1600.0,1600.0,1.4050164409604808,True
eps2_sr0.01_ss0.0003,0.01,0.0003,400,1,640000,True,isolated,634854,178,3300.0,3298.0,1.5055574047140687,True
eps2_sr0.01_ss0.0003,0.01,0.0003,400,1,640000,True,pair,3328,3,22.0,22.0,1.5055574047140687,True
eps2_sr0.01_ss0.0003,0.01,0.0003,400,1,640000,True,chain>=3,168,0,1.0,1.0,1.5055574047140687,True
eps2_sr0.01_ss0.0003,0.01,0.0003,400,1,640000,True,hub,50,0,0.0,0.0,1.5055574047140687,True
eps2_sr0.01_ss0.0003,0.01,0.0003,400,1,640000,True,TRUE,1600,1600,1600.0,1584.0,1.5055574047140687,True
eps2_sr0.01_ss0.0003,0.01,0.0003,400,2,640000,True,isolated,634776,234,3375.0,3375.0,1.394032275751688,True
eps2_sr0.01_ss0.0003,0.01,0.0003,400,2,640000,True,pair,3402,0,19.0,19.0,1.394032275751688,True
eps2_sr0.01_ss0.0003,0.01,0.0003,400,2,640000,True,chain>=3,174,0,2.0,2.0,1.394032275751688,True
eps2_sr0.01_ss0.0003,0.01,0.0003,400,2,640000,True,hub,48,0,0.0,0.0,1.394032275751688,True
eps2_sr0.01_ss0.0003,0.01,0.0003,400,2,640000,True,TRUE,1600,1600,1600.0,1600.0,1.394032275751688,True
eps2_sr0.01_ss0.0005,0.01,0.0005,50,0,10000,True,isolated,9792,0,2.0,2.0,0.7849910858887588,True
eps2_sr0.01_ss0.0005,0.01,0.0005,50,0,10000,True,pair,8,0,0.0,0.0,0.7849910858887588,True
eps2_sr0.01_ss0.0005,0.01,0.0005,50,0,10000,True,chain>=3,0,0,0.0,0.0,0.7849910858887588,True
eps2_sr0.01_ss0.0005,0.01,0.0005,50,0,10000,True,hub,0,0,0.0,0.0,0.7849910858887588,True
eps2_sr0.01_ss0.0005,0.01,0.0005,50,0,10000,True,TRUE,200,200,200.0,200.0,0.7849910858887588,True
eps2_sr0.01_ss0.0005,0.01,0.0005,50,1,10000,True,isolated,9791,0,8.0,8.0,0.779248537277152,True
eps2_sr0.01_ss0.0005,0.01,0.0005,50,1,10000,True,pair,6,0,0.0,0.0,0.779248537277152,True
eps2_sr0.01_ss0.0005,0.01,0.0005,50,1,10000,True,chain>=3,0,0,0.0,0.0,0.779248537277152,True
eps2_sr0.01_ss0.0005,0.01,0.0005,50,1,10000,True,hub,3,0,0.0,0.0,0.779248537277152,True
eps2_sr0.01_ss0.0005,0.01,0.0005,50,1,10000,True,TRUE,200,200,200.0,200.0,0.779248537277152,True
eps2_sr0.01_ss0.0005,0.01,0.0005,50,2,10000,True,isolated,9794,0,16.0,16.0,0.7717919913958956,True
eps2_sr0.01_ss0.0005,0.01,0.0005,50,2,10000,True,pair,2,0,0.0,0.0,0.7717919913958956,True
eps2_sr0.01_ss0.0005,0.01,0.0005,50,2,10000,True,chain>=3,0,0,0.0,0.0,0.7717919913958956,True
eps2_sr0.01_ss0.0005,0.01,0.0005,50,2,10000,True,hub,4,0,0.0,0.0,0.7717919913958956,True
eps2_sr0.01_ss0.0005,0.01,0.0005,50,2,10000,True,TRUE,200,200,200.0,200.0,0.7717919913958956,True
eps2_sr0.01_ss0.0005,0.01,0.0005,50,3,10000,True,isolated,9788,0,12.0,12.0,0.7754922590288776,True
eps2_sr0.01_ss0.0005,0.01,0.0005,50,3,10000,True,pair,12,0,0.0,0.0,0.7754922590288776,True
eps2_sr0.01_ss0.0005,0.01,0.0005,50,3,10000,True,chain>=3,0,0,0.0,0.0,0.7754922590288776,True
eps2_sr0.01_ss0.0005,0.01,0.0005,50,3,10000,True,hub,0,0,0.0,0.0,0.7754922590288776,True
eps2_sr0.01_ss0.0005,0.01,0.0005,50,3,10000,True,TRUE,200,200,200.0,200.0,0.7754922590288776,True
eps2_sr0.01_ss0.0005,0.01,0.0005,50,4,10000,True,isolated,9790,0,4.0,4.0,0.7830622421737274,True
eps2_sr0.01_ss0.0005,0.01,0.0005,50,4,10000,True,pair,10,0,0.0,0.0,0.7830622421737274,True
eps2_sr0.01_ss0.0005,0.01,0.0005,50,4,10000,True,chain>=3,0,0,0.0,0.0,0.7830622421737274,True
eps2_sr0.01_ss0.0005,0.01,0.0005,50,4,10000,True,hub,0,0,0.0,0.0,0.7830622421737274,True
eps2_sr0.01_ss0.0005,0.01,0.0005,50,4,10000,True,TRUE,200,200,200.0,200.0,0.7830622421737274,True
eps2_sr0.01_ss0.0005,0.01,0.0005,50,5,10000,True,isolated,9794,0,4.0,4.0,0.7830622421737281,True
eps2_sr0.01_ss0.0005,0.01,0.0005,50,5,10000,True,pair,4,0,0.0,0.0,0.7830622421737281,True
eps2_sr0.01_ss0.0005,0.01,0.0005,50,5,10000,True,chain>=3,0,0,0.0,0.0,0.7830622421737281,True
eps2_sr0.01_ss0.0005,0.01,0.0005,50,5,10000,True,hub,2,0,0.0,0.0,0.7830622421737281,True
eps2_sr0.01_ss0.0005,0.01,0.0005,50,5,10000,True,TRUE,200,200,200.0,200.0,0.7830622421737281,True
eps2_sr0.01_ss0.0005,0.01,0.0005,50,6,10000,True,isolated,9788,1,11.0,11.0,0.7739544782789899,True
eps2_sr0.01_ss0.0005,0.01,0.0005,50,6,10000,True,pair,12,0,0.0,0.0,0.7739544782789899,True
eps2_sr0.01_ss0.0005,0.01,0.0005,50,6,10000,True,chain>=3,0,0,0.0,0.0,0.7739544782789899,True
eps2_sr0.01_ss0.0005,0.01,0.0005,50,6,10000,True,hub,0,0,0.0,0.0,0.7739544782789899,True
eps2_sr0.01_ss0.0005,0.01,0.0005,50,6,10000,True,TRUE,200,200,200.0,199.0,0.7739544782789899,True
eps2_sr0.01_ss0.0005,0.01,0.0005,50,7,10000,True,isolated,9790,0,6.0,6.0,0.7811481209439755,True
eps2_sr0.01_ss0.0005,0.01,0.0005,50,7,10000,True,pair,10,0,0.0,0.0,0.7811481209439755,True
eps2_sr0.01_ss0.0005,0.01,0.0005,50,7,10000,True,chain>=3,0,0,0.0,0.0,0.7811481209439755,True
eps2_sr0.01_ss0.0005,0.01,0.0005,50,7,10000,True,hub,0,0,0.0,0.0,0.7811481209439755,True
eps2_sr0.01_ss0.0005,0.01,0.0005,50,7,10000,True,TRUE,200,200,200.0,200.0,0.7811481209439755,True
eps2_sr0.01_ss0.0005,0.01,0.0005,50,8,10000,True,isolated,9788,0,10.0,10.0,0.7773633094825986,True
eps2_sr0.01_ss0.0005,0.01,0.0005,50,8,10000,True,pair,12,0,0.0,0.0,0.7773633094825986,True
eps2_sr0.01_ss0.0005,0.01,0.0005,50,8,10000,True,chain>=3,0,0,0.0,0.0,0.7773633094825986,True
eps2_sr0.01_ss0.0005,0.01,0.0005,50,8,10000,True,hub,0,0,0.0,0.0,0.7773633094825986,True
eps2_sr0.01_ss0.0005,0.01,0.0005,50,8,10000,True,TRUE,200,200,200.0,200.0,0.7773633094825986,True
eps2_sr0.01_ss0.0005,0.01,0.0005,50,9,10000,True,isolated,9794,0,8.0,8.0,0.7792485372771658,True
eps2_sr0.01_ss0.0005,0.01,0.0005,50,9,10000,True,pair,4,0,0.0,0.0,0.7792485372771658,True
eps2_sr0.01_ss0.0005,0.01,0.0005,50,9,10000,True,chain>=3,0,0,0.0,0.0,0.7792485372771658,True
eps2_sr0.01_ss0.0005,0.01,0.0005,50,9,10000,True,hub,2,0,0.0,0.0,0.7792485372771658,True
eps2_sr0.01_ss0.0005,0.01,0.0005,50,9,10000,True,TRUE,200,200,200.0,200.0,0.7792485372771658,True
eps2_sr0.01_ss0.0005,0.01,0.0005,100,0,40000,True,isolated,39529,3,79.0,79.0,1.0511974860707762,True
eps2_sr0.01_ss0.0005,0.01,0.0005,100,0,40000,True,pair,68,0,0.0,0.0,1.0511974860707762,True
eps2_sr0.01_ss0.0005,0.01,0.0005,100,0,40000,True,chain>=3,3,0,0.0,0.0,1.0511974860707762,True
eps2_sr0.01_ss0.0005,0.01,0.0005,100,0,40000,True,hub,0,0,0.0,0.0,1.0511974860707762,True
eps2_sr0.01_ss0.0005,0.01,0.0005,100,0,40000,True,TRUE,400,400,400.0,400.0,1.0511974860707762,True
eps2_sr0.01_ss0.0005,0.01,0.0005,100,1,40000,True,isolated,39530,9,77.0,77.0,1.039668360625757,True
eps2_sr0.01_ss0.0005,0.01,0.0005,100,1,40000,True,pair,64,0,0.0,0.0,1.039668360625757,True
eps2_sr0.01_ss0.0005,0.01,0.0005,100,1,40000,True,chain>=3,0,0,0.0,0.0,1.039668360625757,True
eps2_sr0.01_ss0.0005,0.01,0.0005,100,1,40000,True,hub,6,0,0.0,0.0,1.039668360625757,True
eps2_sr0.01_ss0.0005,0.01,0.0005,100,1,40000,True,TRUE,400,400,400.0,396.0,1.039668360625757,True
eps2_sr0.01_ss0.0005,0.01,0.0005,100,2,40000,True,isolated,39507,18,90.0,90.0,1.0298607951398646,True
eps2_sr0.01_ss0.0005,0.01,0.0005,100,2,40000,True,pair,84,0,0.0,0.0,1.0298607951398646,True
eps2_sr0.01_ss0.0005,0.01,0.0005,100,2,40000,True,chain>=3,0,0,0.0,0.0,1.0298607951398646,True
eps2_sr0.01_ss0.0005,0.01,0.0005,100,2,40000,True,hub,9,0,0.0,0.0,1.0298607951398646,True
eps2_sr0.01_ss0.0005,0.01,0.0005,100,2,40000,True,TRUE,400,400,400.0,399.0,1.0298607951398646,True
eps2_sr0.01_ss0.0005,0.01,0.0005,100,3,40000,True,isolated,39525,3,59.0,59.0,1.0599072251469024,True
eps2_sr0.01_ss0.0005,0.01,0.0005,100,3,40000,True,pair,74,0,0.0,0.0,1.0599072251469024,True
eps2_sr0.01_ss0.0005,0.01,0.0005,100,3,40000,True,chain>=3,0,0,0.0,0.0,1.0599072251469024,True
eps2_sr0.01_ss0.0005,0.01,0.0005,100,3,40000,True,hub,1,0,0.0,0.0,1.0599072251469024,True
eps2_sr0.01_ss0.0005,0.01,0.0005,100,3,40000,True,TRUE,400,400,400.0,397.0,1.0599072251469024,True
eps2_sr0.01_ss0.0005,0.01,0.0005,100,4,40000,True,isolated,39548,2,72.0,72.0,1.0536341404566376,True
eps2_sr0.01_ss0.0005,0.01,0.0005,100,4,40000,True,pair,52,0,0.0,0.0,1.0536341404566376,True
eps2_sr0.01_ss0.0005,0.01,0.0005,100,4,40000,True,chain>=3,0,0,0.0,0.0,1.0536341404566376,True
eps2_sr0.01_ss0.0005,0.01,0.0005,100,4,40000,True,hub,0,0,0.0,0.0,1.0536341404566376,True
eps2_sr0.01_ss0.0005,0.01,0.0005,100,4,40000,True,TRUE,400,400,400.0,398.0,1.0536341404566376,True
eps2_sr0.01_ss0.0005,0.01,0.0005,200,0,160000,True,isolated,158717,19,533.0,533.0,1.3363465681805071,True
eps2_sr0.01_ss0.0005,0.01,0.0005,200,0,160000,True,pair,430,0,2.0,2.0,1.3363465681805071,True
eps2_sr0.01_ss0.0005,0.01,0.0005,200,0,160000,True,chain>=3,24,0,0.0,0.0,1.3363465681805071,True
eps2_sr0.01_ss0.0005,0.01,0.0005,200,0,160000,True,hub,29,0,0.0,0.0,1.3363465681805071,True
eps2_sr0.01_ss0.0005,0.01,0.0005,200,0,160000,True,TRUE,800,800,800.0,796.0,1.3363465681805071,True
eps2_sr0.01_ss0.0005,0.01,0.0005,200,1,160000,True,isolated,158622,30,635.0,635.0,1.2138270166130927,True
eps2_sr0.01_ss0.0005,0.01,0.0005,200,1,160000,True,pair,520,0,4.0,4.0,1.2138270166130927,True
eps2_sr0.01_ss0.0005,0.01,0.0005,200,1,160000,True,chain>=3,31,0,1.0,1.0,1.2138270166130927,True
eps2_sr0.01_ss0.0005,0.01,0.0005,200,1,160000,True,hub,27,0,0.0,0.0,1.2138270166130927,True
eps2_sr0.01_ss0.0005,0.01,0.0005,200,1,160000,True,TRUE,800,800,800.0,800.0,1.2138270166130927,True
eps2_sr0.01_ss0.0005,0.01,0.0005,200,2,160000,True,isolated,158643,44,510.0,508.0,1.3266185786434967,True
eps2_sr0.01_ss0.0005,0.01,0.0005,200,2,160000,True,pair,538,0,4.0,4.0,1.3266185786434967,True
eps2_sr0.01_ss0.0005,0.01,0.0005,200,2,160000,True,chain>=3,12,0,0.0,0.0,1.3266185786434967,True
eps2_sr0.01_ss0.0005,0.01,0.0005,200,2,160000,True,hub,7,0,0.0,0.0,1.3266185786434967,True
eps2_sr0.01_ss0.0005,0.01,0.0005,200,2,160000,True,TRUE,800,800,800.0,794.0,1.3266185786434967,True
eps2_sr0.01_ss0.0005,0.01,0.0005,200,3,160000,True,isolated,158676,16,566.0,566.0,1.323883133629426,True
eps2_sr0.01_ss0.0005,0.01,0.0005,200,3,160000,True,pair,498,0,0.0,0.0,1.323883133629426,True
eps2_sr0.01_ss0.0005,0.01,0.0005,200,3,160000,True,chain>=3,12,0,0.0,0.0,1.323883133629426,True
eps2_sr0.01_ss0.0005,0.01,0.0005,200,3,160000,True,hub,14,0,0.0,0.0,1.323883133629426,True
eps2_sr0.01_ss0.0005,0.01,0.0005,200,3,160000,True,TRUE,800,800,800.0,792.0,1.323883133629426,True
eps2_sr0.01_ss0.0005,0.01,0.0005,200,4,160000,True,isolated,158588,44,588.0,588.0,1.303350048295359,True
eps2_sr0.01_ss0.0005,0.01,0.0005,200,4,160000,True,pair,574,0,2.0,2.0,1.303350048295359,True
eps2_sr0.01_ss0.0005,0.01,0.0005,200,4,160000,True,chain>=3,21,0,0.0,0.0,1.303350048295359,True
eps2_sr0.01_ss0.0005,0.01,0.0005,200,4,160000,True,hub,17,0,0.0,0.0,1.303350048295359,True
eps2_sr0.01_ss0.0005,0.01,0.0005,200,4,160000,True,TRUE,800,800,800.0,792.0,1.303350048295359,True
eps2_sr0.01_ss0.0005,0.01,0.0005,400,0,640000,True,isolated,633767,453,4491.0,4491.0,1.2705473438393602,True
eps2_sr0.01_ss0.0005,0.01,0.0005,400,0,640000,True,pair,4272,4,31.0,31.0,1.2705473438393602,True
eps2_sr0.01_ss0.0005,0.01,0.0005,400,0,640000,True,chain>=3,282,0,1.0,1.0,1.2705473438393602,True
eps2_sr0.01_ss0.0005,0.01,0.0005,400,0,640000,True,hub,79,0,0.0,0.0,1.2705473438393602,True
eps2_sr0.01_ss0.0005,0.01,0.0005,400,0,640000,True,TRUE,1600,1600,1600.0,1600.0,1.2705473438393602,True
eps2_sr0.01_ss0.0005,0.01,0.0005,400,1,640000,True,isolated,634093,307,4502.0,4502.0,1.2853824887364587,True
eps2_sr0.01_ss0.0005,0.01,0.0005,400,1,640000,True,pair,3962,4,36.0,36.0,1.2853824887364587,True
eps2_sr0.01_ss0.0005,0.01,0.0005,400,1,640000,True,chain>=3,277,0,7.0,7.0,1.2853824887364587,True
eps2_sr0.01_ss0.0005,0.01,0.0005,400,1,640000,True,hub,68,0,0.0,0.0,1.2853824887364587,True
eps2_sr0.01_ss0.0005,0.01,0.0005,400,1,640000,True,TRUE,1600,1600,1600.0,1600.0,1.2853824887364587,True
eps2_sr0.01_ss0.0005,0.01,0.0005,400,2,640000,True,isolated,633723,296,4303.0,4301.0,1.301738332760377,True
eps2_sr0.01_ss0.0005,0.01,0.0005,400,2,640000,True,pair,4284,2,33.0,33.0,1.301738332760377,True
eps2_sr0.01_ss0.0005,0.01,0.0005,400,2,640000,True,chain>=3,310,0,3.0,3.0,1.301738332760377,True
eps2_sr0.01_ss0.0005,0.01,0.0005,400,2,640000,True,hub,83,0,1.0,1.0,1.301738332760377,True
eps2_sr0.01_ss0.0005,0.01,0.0005,400,2,640000,True,TRUE,1600,1600,1600.0,1600.0,1.301738332760377,True
eps2_sr0.02_ss0.0001,0.02,0.0001,50,0,10000,True,isolated,9784,10,42.0,42.0,0.6816221627104457,True
eps2_sr0.02_ss0.0001,0.02,0.0001,50,0,10000,True,pair,12,0,0.0,0.0,0.6816221627104457,True
eps2_sr0.02_ss0.0001,0.02,0.0001,50,0,10000,True,chain>=3,0,0,0.0,0.0,0.6816221627104457,True
eps2_sr0.02_ss0.0001,0.02,0.0001,50,0,10000,True,hub,4,0,0.0,0.0,0.6816221627104457,True
eps2_sr0.02_ss0.0001,0.02,0.0001,50,0,10000,True,TRUE,200,200,200.0,199.0,0.6816221627104457,True
eps2_sr0.02_ss0.0001,0.02,0.0001,50,1,10000,True,isolated,9763,2,32.0,32.0,0.7529735777855346,True
eps2_sr0.02_ss0.0001,0.02,0.0001,50,1,10000,True,pair,36,0,0.0,0.0,0.7529735777855346,True
eps2_sr0.02_ss0.0001,0.02,0.0001,50,1,10000,True,chain>=3,0,0,0.0,0.0,0.7529735777855346,True
eps2_sr0.02_ss0.0001,0.02,0.0001,50,1,10000,True,hub,1,0,0.0,0.0,0.7529735777855346,True
eps2_sr0.02_ss0.0001,0.02,0.0001,50,1,10000,True,TRUE,200,200,200.0,198.0,0.7529735777855346,True
eps2_sr0.02_ss0.0001,0.02,0.0001,50,2,10000,True,isolated,9779,5,23.0,23.0,0.7586285448129181,True
eps2_sr0.02_ss0.0001,0.02,0.0001,50,2,10000,True,pair,20,0,0.0,0.0,0.7586285448129181,True
eps2_sr0.02_ss0.0001,0.02,0.0001,50,2,10000,True,chain>=3,0,0,0.0,0.0,0.7586285448129181,True
eps2_sr0.02_ss0.0001,0.02,0.0001,50,2,10000,True,hub,1,0,0.0,0.0,0.7586285448129181,True
eps2_sr0.02_ss0.0001,0.02,0.0001,50,2,10000,True,TRUE,200,200,200.0,198.0,0.7586285448129181,True
eps2_sr0.02_ss0.0001,0.02,0.0001,50,3,10000,True,isolated,9781,8,34.0,33.0,0.7431241358665602,True
eps2_sr0.02_ss0.0001,0.02,0.0001,50,3,10000,True,pair,18,0,0.0,0.0,0.7431241358665602,True
eps2_sr0.02_ss0.0001,0.02,0.0001,50,3,10000,True,chain>=3,0,0,0.0,0.0,0.7431241358665602,True
eps2_sr0.02_ss0.0001,0.02,0.0001,50,3,10000,True,hub,1,0,0.0,0.0,0.7431241358665602,True
eps2_sr0.02_ss0.0001,0.02,0.0001,50,3,10000,True,TRUE,200,200,200.0,200.0,0.7431241358665602,True
eps2_sr0.02_ss0.0001,0.02,0.0001,50,4,10000,True,isolated,9761,2,26.0,26.0,0.7581264949723809,True
eps2_sr0.02_ss0.0001,0.02,0.0001,50,4,10000,True,pair,38,0,0.0,0.0,0.7581264949723809,True
eps2_sr0.02_ss0.0001,0.02,0.0001,50,4,10000,True,chain>=3,0,0,0.0,0.0,0.7581264949723809,True
eps2_sr0.02_ss0.0001,0.02,0.0001,50,4,10000,True,hub,1,0,0.0,0.0,0.7581264949723809,True
eps2_sr0.02_ss0.0001,0.02,0.0001,50,4,10000,True,TRUE,200,200,200.0,198.0,0.7581264949723809,True
eps2_sr0.02_ss0.0001,0.02,0.0001,50,5,10000,True,isolated,9775,0,18.0,18.0,0.7699624323278729,True
eps2_sr0.02_ss0.0001,0.02,0.0001,50,5,10000,True,pair,18,0,0.0,0.0,0.7699624323278729,True
eps2_sr0.02_ss0.0001,0.02,0.0001,50,5,10000,True,chain>=3,0,0,0.0,0.0,0.7699624323278729,True
eps2_sr0.02_ss0.0001,0.02,0.0001,50,5,10000,True,hub,7,0,0.0,0.0,0.7699624323278729,True
eps2_sr0.02_ss0.0001,0.02,0.0001,50,5,10000,True,TRUE,200,200,200.0,200.0,0.7699624323278729,True
eps2_sr0.02_ss0.0001,0.02,0.0001,50,6,10000,True,isolated,9778,1,15.0,15.0,0.7702774522376241,True
eps2_sr0.02_ss0.0001,0.02,0.0001,50,6,10000,True,pair,20,0,0.0,0.0,0.7702774522376241,True
eps2_sr0.02_ss0.0001,0.02,0.0001,50,6,10000,True,chain>=3,0,0,0.0,0.0,0.7702774522376241,True
eps2_sr0.02_ss0.0001,0.02,0.0001,50,6,10000,True,hub,2,0,0.0,0.0,0.7702774522376241,True
eps2_sr0.02_ss0.0001,0.02,0.0001,50,6,10000,True,TRUE,200,200,200.0,199.0,0.7702774522376241,True
eps2_sr0.02_ss0.0001,0.02,0.0001,50,7,10000,True,isolated,9771,2,20.0,20.0,0.763391458142574,True
eps2_sr0.02_ss0.0001,0.02,0.0001,50,7,10000,True,pair,26,0,0.0,0.0,0.763391458142574,True
eps2_sr0.02_ss0.0001,0.02,0.0001,50,7,10000,True,chain>=3,0,0,0.0,0.0,0.763391458142574,True
eps2_sr0.02_ss0.0001,0.02,0.0001,50,7,10000,True,hub,3,0,0.0,0.0,0.763391458142574,True
eps2_sr0.02_ss0.0001,0.02,0.0001,50,7,10000,True,TRUE,200,200,200.0,198.0,0.763391458142574,True
eps2_sr0.02_ss0.0001,0.02,0.0001,50,8,10000,True,isolated,9773,2,27.0,27.0,0.7563966022835965,True
eps2_sr0.02_ss0.0001,0.02,0.0001,50,8,10000,True,pair,22,0,1.0,1.0,0.7563966022835965,True
eps2_sr0.02_ss0.0001,0.02,0.0001,50,8,10000,True,chain>=3,0,0,0.0,0.0,0.7563966022835965,True
eps2_sr0.02_ss0.0001,0.02,0.0001,50,8,10000,True,hub,5,0,0.0,0.0,0.7563966022835965,True
eps2_sr0.02_ss0.0001,0.02,0.0001,50,8,10000,True,TRUE,200,200,200.0,198.0,0.7563966022835965,True
eps2_sr0.02_ss0.0001,0.02,0.0001,50,9,10000,True,isolated,9777,3,21.0,21.0,0.7118232611942639,True
eps2_sr0.02_ss0.0001,0.02,0.0001,50,9,10000,True,pair,16,0,0.0,0.0,0.7118232611942639,True
eps2_sr0.02_ss0.0001,0.02,0.0001,50,9,10000,True,chain>=3,0,0,0.0,0.0,0.7118232611942639,True
eps2_sr0.02_ss0.0001,0.02,0.0001,50,9,10000,True,hub,7,0,0.0,0.0,0.7118232611942639,True
eps2_sr0.02_ss0.0001,0.02,0.0001,50,9,10000,True,TRUE,200,200,200.0,200.0,0.7118232611942639,True
eps2_sr0.02_ss0.0001,0.02,0.0001,100,0,40000,True,isolated,39380,10,163.0,162.0,0.9293018660179888,True
eps2_sr0.02_ss0.0001,0.02,0.0001,100,0,40000,True,pair,212,0,1.0,1.0,0.9293018660179888,True
eps2_sr0.02_ss0.0001,0.02,0.0001,100,0,40000,True,chain>=3,3,0,0.0,0.0,0.9293018660179888,True
eps2_sr0.02_ss0.0001,0.02,0.0001,100,0,40000,True,hub,5,0,0.0,0.0,0.9293018660179888,True
eps2_sr0.02_ss0.0001,0.02,0.0001,100,0,40000,True,TRUE,400,400,400.0,400.0,0.9293018660179888,True
eps2_sr0.02_ss0.0001,0.02,0.0001,100,1,40000,True,isolated,39405,25,194.0,194.0,0.9062932354706698,True
eps2_sr0.02_ss0.0001,0.02,0.0001,100,1,40000,True,pair,182,0,1.0,1.0,0.9062932354706698,True
eps2_sr0.02_ss0.0001,0.02,0.0001,100,1,40000,True,chain>=3,9,0,0.0,0.0,0.9062932354706698,True
eps2_sr0.02_ss0.0001,0.02,0.0001,100,1,40000,True,hub,4,0,0.0,0.0,0.9062932354706698,True
eps2_sr0.02_ss0.0001,0.02,0.0001,100,1,40000,True,TRUE,400,400,400.0,400.0,0.9062932354706698,True
eps2_sr0.02_ss0.0001,0.02,0.0001,100,2,40000,True,isolated,39437,28,177.0,177.0,0.9113049195343783,True
eps2_sr0.02_ss0.0001,0.02,0.0001,100,2,40000,True,pair,124,0,1.0,1.0,0.9113049195343783,True
eps2_sr0.02_ss0.0001,0.02,0.0001,100,2,40000,True,chain>=3,9,0,0.0,0.0,0.9113049195343783,True
eps2_sr0.02_ss0.0001,0.02,0.0001,100,2,40000,True,hub,30,1,1.0,1.0,0.9113049195343783,True
eps2_sr0.02_ss0.0001,0.02,0.0001,100,2,40000,True,TRUE,400,400,400.0,400.0,0.9113049195343783,True
eps2_sr0.02_ss0.0001,0.02,0.0001,100,3,40000,True,isolated,39419,11,160.0,159.0,0.9943312701088487,True
eps2_sr0.02_ss0.0001,0.02,0.0001,100,3,40000,True,pair,174,0,1.0,1.0,0.9943312701088487,True
eps2_sr0.02_ss0.0001,0.02,0.0001,100,3,40000,True,chain>=3,0,0,0.0,0.0,0.9943312701088487,True
eps2_sr0.02_ss0.0001,0.02,0.0001,100,3,40000,True,hub,7,0,0.0,0.0,0.9943312701088487,True
eps2_sr0.02_ss0.0001,0.02,0.0001,100,3,40000,True,TRUE,400,400,400.0,396.0,0.9943312701088487,True
eps2_sr0.02_ss0.0001,0.02,0.0001,100,4,40000,True,isolated,39427,5,179.0,179.0,0.9934447335393657,True
eps2_sr0.02_ss0.0001,0.02,0.0001,100,4,40000,True,pair,160,0,0.0,0.0,0.9934447335393657,True
eps2_sr0.02_ss0.0001,0.02,0.0001,100,4,40000,True,chain>=3,6,0,0.0,0.0,0.9934447335393657,True
eps2_sr0.02_ss0.0001,0.02,0.0001,100,4,40000,True,hub,7,0,0.0,0.0,0.9934447335393657,True
eps2_sr0.02_ss0.0001,0.02,0.0001,100,4,40000,True,TRUE,400,400,400.0,398.0,0.9934447335393657,True
eps2_sr0.02_ss0.0001,0.02,0.0001,200,0,160000,True,isolated,157624,143,1453.0,1451.0,1.018019473317451,True
eps2_sr0.02_ss0.0001,0.02,0.0001,200,0,160000,True,pair,1326,1,8.0,8.0,1.018019473317451,True
eps2_sr0.02_ss0.0001,0.02,0.0001,200,0,160000,True,chain>=3,164,1,2.0,2.0,1.018019473317451,True
eps2_sr0.02_ss0.0001,0.02,0.0001,200,0,160000,True,hub,86,0,2.0,2.0,1.018019473317451,True
eps2_sr0.02_ss0.0001,0.02,0.0001,200,0,160000,True,TRUE,800,800,800.0,799.0,1.018019473317451,True
eps2_sr0.02_ss0.0001,0.02,0.0001,200,1,160000,True,isolated,157758,154,1453.0,1453.0,1.0175689457705448,True
eps2_sr0.02_ss0.0001,0.02,0.0001,200,1,160000,True,pair,1258,2,19.0,19.0,1.0175689457705448,True
eps2_sr0.02_ss0.0001,0.02,0.0001,200,1,160000,True,chain>=3,138,0,1.0,1.0,1.0175689457705448,True
eps2_sr0.02_ss0.0001,0.02,0.0001,200,1,160000,True,hub,46,0,1.0,1.0,1.0175689457705448,True
eps2_sr0.02_ss0.0001,0.02,0.0001,200,1,160000,True,TRUE,800,800,800.0,800.0,1.0175689457705448,True
eps2_sr0.02_ss0.0001,0.02,0.0001,200,2,160000,True,isolated,157564,105,1384.0,1383.0,1.0333229301881703,True
eps2_sr0.02_ss0.0001,0.02,0.0001,200,2,160000,True,pair,1480,1,18.0,18.0,1.0333229301881703,True
eps2_sr0.02_ss0.0001,0.02,0.0001,200,2,160000,True,chain>=3,107,0,0.0,0.0,1.0333229301881703,True
eps2_sr0.02_ss0.0001,0.02,0.0001,200,2,160000,True,hub,49,0,0.0,0.0,1.0333229301881703,True
eps2_sr0.02_ss0.0001,0.02,0.0001,200,2,160000,True,TRUE,800,800,800.0,800.0,1.0333229301881703,True
eps2_sr0.02_ss0.0001,0.02,0.0001,200,3,160000,True,isolated,157825,205,1619.0,1618.0,0.9827445222020033,True
eps2_sr0.02_ss0.0001,0.02,0.0001,200,3,160000,True,pair,1152,0,14.0,14.0,0.9827445222020033,True
eps2_sr0.02_ss0.0001,0.02,0.0001,200,3,160000,True,chain>=3,145,1,3.0,3.0,0.9827445222020033,True
eps2_sr0.02_ss0.0001,0.02,0.0001,200,3,160000,True,hub,78,0,0.0,0.0,0.9827445222020033,True
eps2_sr0.02_ss0.0001,0.02,0.0001,200,3,160000,True,TRUE,800,800,800.0,800.0,0.9827445222020033,True
eps2_sr0.02_ss0.0001,0.02,0.0001,200,4,160000,True,isolated,157758,171,1396.0,1395.0,1.0216969524509592,True
eps2_sr0.02_ss0.0001,0.02,0.0001,200,4,160000,True,pair,1250,2,12.0,12.0,1.0216969524509592,True
eps2_sr0.02_ss0.0001,0.02,0.0001,200,4,160000,True,chain>=3,153,0,2.0,2.0,1.0216969524509592,True
eps2_sr0.02_ss0.0001,0.02,0.0001,200,4,160000,True,hub,39,0,1.0,1.0,1.0216969524509592,True
eps2_sr0.02_ss0.0001,0.02,0.0001,200,4,160000,True,TRUE,800,800,800.0,800.0,1.0216969524509592,True
eps2_sr0.02_ss0.0001,0.02,0.0001,400,0,640000,True,isolated,626684,2323,11469.0,11466.0,0.8772376975957668,True
eps2_sr0.02_ss0.0001,0.02,0.0001,400,0,640000,True,pair,9682,49,235.0,235.0,0.8772376975957668,True
eps2_sr0.02_ss0.0001,0.02,0.0001,400,0,640000,True,chain>=3,1606,6,38.0,38.0,0.8772376975957668,True
eps2_sr0.02_ss0.0001,0.02,0.0001,400,0,640000,True,hub,428,2,8.0,8.0,0.8772376975957668,True
eps2_sr0.02_ss0.0001,0.02,0.0001,400,0,640000,True,TRUE,1600,1600,1600.0,1599.0,0.8772376975957668,True
eps2_sr0.02_ss0.0001,0.02,0.0001,400,1,640000,True,isolated,627088,2244,11517.0,11515.0,0.8784224915264669,True
eps2_sr0.02_ss0.0001,0.02,0.0001,400,1,640000,True,pair,9288,50,224.0,223.0,0.8784224915264669,True
eps2_sr0.02_ss0.0001,0.02,0.0001,400,1,640000,True,chain>=3,1636,10,41.0,41.0,0.8784224915264669,True
eps2_sr0.02_ss0.0001,0.02,0.0001,400,1,640000,True,hub,388,6,15.0,15.0,0.8784224915264669,True
eps2_sr0.02_ss0.0001,0.02,0.0001,400,1,640000,True,TRUE,1600,1600,1600.0,1599.0,0.8784224915264669,True
eps2_sr0.02_ss0.0001,0.02,0.0001,400,2,640000,True,isolated,627423,2404,11031.0,11026.0,0.885953042990448,True
eps2_sr0.02_ss0.0001,0.02,0.0001,400,2,640000,True,pair,8914,47,193.0,193.0,0.885953042990448,True
eps2_sr0.02_ss0.0001,0.02,0.0001,400,2,640000,True,chain>=3,1650,10,31.0,31.0,0.885953042990448,True
eps2_sr0.02_ss0.0001,0.02,0.0001,400,2,640000,True,hub,413,3,7.0,7.0,0.885953042990448,True
eps2_sr0.02_ss0.0001,0.02,0.0001,400,2,640000,True,TRUE,1600,1588,1600.0,1599.0,0.885953042990448,True
eps2_sr0.02_ss0.0003,0.02,0.0003,50,0,10000,True,isolated,9764,1,21.0,21.0,0.7648628987211838,True
eps2_sr0.02_ss0.0003,0.02,0.0003,50,0,10000,True,pair,36,0,0.0,0.0,0.7648628987211838,True
eps2_sr0.02_ss0.0003,0.02,0.0003,50,0,10000,True,chain>=3,0,0,0.0,0.0,0.7648628987211838,True
eps2_sr0.02_ss0.0003,0.02,0.0003,50,0,10000,True,hub,0,0,0.0,0.0,0.7648628987211838,True
eps2_sr0.02_ss0.0003,0.02,0.0003,50,0,10000,True,TRUE,200,200,200.0,199.0,0.7648628987211838,True
eps2_sr0.02_ss0.0003,0.02,0.0003,50,1,10000,True,isolated,9780,6,32.0,31.0,0.7441897183858098,True
eps2_sr0.02_ss0.0003,0.02,0.0003,50,1,10000,True,pair,16,0,0.0,0.0,0.7441897183858098,True
eps2_sr0.02_ss0.0003,0.02,0.0003,50,1,10000,True,chain>=3,0,0,0.0,0.0,0.7441897183858098,True
eps2_sr0.02_ss0.0003,0.02,0.0003,50,1,10000,True,hub,4,0,0.0,0.0,0.7441897183858098,True
eps2_sr0.02_ss0.0003,0.02,0.0003,50,1,10000,True,TRUE,200,200,200.0,200.0,0.7441897183858098,True
eps2_sr0.02_ss0.0003,0.02,0.0003,50,2,10000,True,isolated,9773,1,13.0,13.0,0.772109122491269,True
eps2_sr0.02_ss0.0003,0.02,0.0003,50,2,10000,True,pair,24,0,0.0,0.0,0.772109122491269,True
eps2_sr0.02_ss0.0003,0.02,0.0003,50,2,10000,True,chain>=3,0,0,0.0,0.0,0.772109122491269,True
eps2_sr0.02_ss0.0003,0.02,0.0003,50,2,10000,True,hub,3,0,0.0,0.0,0.772109122491269,True
eps2_sr0.02_ss0.0003,0.02,0.0003,50,2,10000,True,TRUE,200,200,200.0,199.0,0.772109122491269,True
eps2_sr0.02_ss0.0003,0.02,0.0003,50,3,10000,True,isolated,9777,8,28.0,28.0,0.7000656229398176,True
eps2_sr0.02_ss0.0003,0.02,0.0003,50,3,10000,True,pair,22,0,0.0,0.0,0.7000656229398176,True
eps2_sr0.02_ss0.0003,0.02,0.0003,50,3,10000,True,chain>=3,0,0,0.0,0.0,0.7000656229398176,True
eps2_sr0.02_ss0.0003,0.02,0.0003,50,3,10000,True,hub,1,0,0.0,0.0,0.7000656229398176,True
eps2_sr0.02_ss0.0003,0.02,0.0003,50,3,10000,True,TRUE,200,200,200.0,200.0,0.7000656229398176,True
eps2_sr0.02_ss0.0003,0.02,0.0003,50,4,10000,True,isolated,9782,3,33.0,33.0,0.7545782805453028,True
eps2_sr0.02_ss0.0003,0.02,0.0003,50,4,10000,True,pair,18,0,0.0,0.0,0.7545782805453028,True
eps2_sr0.02_ss0.0003,0.02,0.0003,50,4,10000,True,chain>=3,0,0,0.0,0.0,0.7545782805453028,True
eps2_sr0.02_ss0.0003,0.02,0.0003,50,4,10000,True,hub,0,0,0.0,0.0,0.7545782805453028,True
eps2_sr0.02_ss0.0003,0.02,0.0003,50,4,10000,True,TRUE,200,200,200.0,200.0,0.7545782805453028,True
eps2_sr0.02_ss0.0003,0.02,0.0003,50,5,10000,True,isolated,9756,5,35.0,35.0,0.6965335819253292,True
eps2_sr0.02_ss0.0003,0.02,0.0003,50,5,10000,True,pair,40,0,0.0,0.0,0.6965335819253292,True
eps2_sr0.02_ss0.0003,0.02,0.0003,50,5,10000,True,chain>=3,0,0,0.0,0.0,0.6965335819253292,True
eps2_sr0.02_ss0.0003,0.02,0.0003,50,5,10000,True,hub,4,0,0.0,0.0,0.6965335819253292,True
eps2_sr0.02_ss0.0003,0.02,0.0003,50,5,10000,True,TRUE,200,200,200.0,200.0,0.6965335819253292,True
eps2_sr0.02_ss0.0003,0.02,0.0003,50,6,10000,True,isolated,9778,0,18.0,18.0,0.7699624323278741,True
eps2_sr0.02_ss0.0003,0.02,0.0003,50,6,10000,True,pair,22,0,0.0,0.0,0.7699624323278741,True
eps2_sr0.02_ss0.0003,0.02,0.0003,50,6,10000,True,chain>=3,0,0,0.0,0.0,0.7699624323278741,True
eps2_sr0.02_ss0.0003,0.02,0.0003,50,6,10000,True,hub,0,0,0.0,0.0,0.7699624323278741,True
eps2_sr0.02_ss0.0003,0.02,0.0003,50,6,10000,True,TRUE,200,200,200.0,200.0,0.7699624323278741,True
eps2_sr0.02_ss0.0003,0.02,0.0003,50,7,10000,True,isolated,9771,4,32.0,31.0,0.7483724685221697,True
eps2_sr0.02_ss0.0003,0.02,0.0003,50,7,10000,True,pair,24,0,0.0,0.0,0.7483724685221697,True
eps2_sr0.02_ss0.0003,0.02,0.0003,50,7,10000,True,chain>=3,3,0,0.0,0.0,0.7483724685221697,True
eps2_sr0.02_ss0.0003,0.02,0.0003,50,7,10000,True,hub,2,0,0.0,0.0,0.7483724685221697,True
eps2_sr0.02_ss0.0003,0.02,0.0003,50,7,10000,True,TRUE,200,200,200.0,200.0,0.7483724685221697,True
eps2_sr0.02_ss0.0003,0.02,0.0003,50,8,10000,True,isolated,9766,2,24.0,24.0,0.7592312561058591,True
eps2_sr0.02_ss0.0003,0.02,0.0003,50,8,10000,True,pair,34,0,0.0,0.0,0.7592312561058591,True
eps2_sr0.02_ss0.0003,0.02,0.0003,50,8,10000,True,chain>=3,0,0,0.0,0.0,0.7592312561058591,True
eps2_sr0.02_ss0.0003,0.02,0.0003,50,8,10000,True,hub,0,0,0.0,0.0,0.7592312561058591,True
eps2_sr0.02_ss0.0003,0.02,0.0003,50,8,10000,True,TRUE,200,200,200.0,199.0,0.7592312561058591,True
eps2_sr0.02_ss0.0003,0.02,0.0003,50,9,10000,True,isolated,9768,7,29.0,29.0,0.6985154884933861,True
eps2_sr0.02_ss0.0003,0.02,0.0003,50,9,10000,True,pair,32,1,1.0,1.0,0.6985154884933861,True
eps2_sr0.02_ss0.0003,0.02,0.0003,50,9,10000,True,chain>=3,0,0,0.0,0.0,0.6985154884933861,True
eps2_sr0.02_ss0.0003,0.02,0.0003,50,9,10000,True,hub,0,0,0.0,0.0,0.6985154884933861,True
eps2_sr0.02_ss0.0003,0.02,0.0003,50,9,10000,True,TRUE,200,200,200.0,200.0,0.6985154884933861,True
eps2_sr0.02_ss0.0003,0.02,0.0003,100,0,40000,True,isolated,39350,49,195.0,194.0,0.8932288740968556,True
eps2_sr0.02_ss0.0003,0.02,0.0003,100,0,40000,True,pair,204,0,2.0,2.0,0.8932288740968556,True
eps2_sr0.02_ss0.0003,0.02,0.0003,100,0,40000,True,chain>=3,27,0,0.0,0.0,0.8932288740968556,True
eps2_sr0.02_ss0.0003,0.02,0.0003,100,0,40000,True,hub,19,0,0.0,0.0,0.8932288740968556,True
eps2_sr0.02_ss0.0003,0.02,0.0003,100,0,40000,True,TRUE,400,400,400.0,400.0,0.8932288740968556,True
eps2_sr0.02_ss0.0003,0.02,0.0003,100,1,40000,True,isolated,39415,20,178.0,176.0,0.9762111704396506,True
eps2_sr0.02_ss0.0003,0.02,0.0003,100,1,40000,True,pair,150,0,0.0,0.0,0.9762111704396506,True
eps2_sr0.02_ss0.0003,0.02,0.0003,100,1,40000,True,chain>=3,12,0,0.0,0.0,0.9762111704396506,True
eps2_sr0.02_ss0.0003,0.02,0.0003,100,1,40000,True,hub,23,0,0.0,0.0,0.9762111704396506,True
eps2_sr0.02_ss0.0003,0.02,0.0003,100,1,40000,True,TRUE,400,400,400.0,396.0,0.9762111704396506,True
eps2_sr0.02_ss0.0003,0.02,0.0003,100,2,40000,True,isolated,39379,27,204.0,204.0,0.8936181458871465,True
eps2_sr0.02_ss0.0003,0.02,0.0003,100,2,40000,True,pair,180,0,2.0,2.0,0.8936181458871465,True
eps2_sr0.02_ss0.0003,0.02,0.0003,100,2,40000,True,chain>=3,19,0,0.0,0.0,0.8936181458871465,True
eps2_sr0.02_ss0.0003,0.02,0.0003,100,2,40000,True,hub,22,0,0.0,0.0,0.8936181458871465,True
eps2_sr0.02_ss0.0003,0.02,0.0003,100,2,40000,True,TRUE,400,400,400.0,399.0,0.8936181458871465,True
eps2_sr0.02_ss0.0003,0.02,0.0003,100,3,40000,True,isolated,39414,16,170.0,169.0,0.9236816047330373,True
eps2_sr0.02_ss0.0003,0.02,0.0003,100,3,40000,True,pair,170,0,0.0,0.0,0.9236816047330373,True
eps2_sr0.02_ss0.0003,0.02,0.0003,100,3,40000,True,chain>=3,4,0,0.0,0.0,0.9236816047330373,True
eps2_sr0.02_ss0.0003,0.02,0.0003,100,3,40000,True,hub,12,0,0.0,0.0,0.9236816047330373,True
eps2_sr0.02_ss0.0003,0.02,0.0003,100,3,40000,True,TRUE,400,400,400.0,400.0,0.9236816047330373,True
eps2_sr0.02_ss0.0003,0.02,0.0003,100,4,40000,True,isolated,39406,28,154.0,153.0,0.9809270731335522,True
eps2_sr0.02_ss0.0003,0.02,0.0003,100,4,40000,True,pair,160,0,2.0,2.0,0.9809270731335522,True
eps2_sr0.02_ss0.0003,0.02,0.0003,100,4,40000,True,chain>=3,18,0,0.0,0.0,0.9809270731335522,True
eps2_sr0.02_ss0.0003,0.02,0.0003,100,4,40000,True,hub,16,0,0.0,0.0,0.9809270731335522,True
eps2_sr0.02_ss0.0003,0.02,0.0003,100,4,40000,True,TRUE,400,400,400.0,397.0,0.9809270731335522,True
eps2_sr0.02_ss0.0003,0.02,0.0003,200,0,160000,True,isolated,157739,172,1594.0,1592.0,0.9919695978883534,True
eps2_sr0.02_ss0.0003,0.02,0.0003,200,0,160000,True,pair,1346,0,15.0,15.0,0.9919695978883534,True
eps2_sr0.02_ss0.0003,0.02,0.0003,200,0,160000,True,chain>=3,70,0,0.0,0.0,0.9919695978883534,True
eps2_sr0.02_ss0.0003,0.02,0.0003,200,0,160000,True,hub,45,0,1.0,1.0,0.9919695978883534,True
eps2_sr0.02_ss0.0003,0.02,0.0003,200,0,160000,True,TRUE,800,800,800.0,800.0,0.9919695978883534,True
eps2_sr0.02_ss0.0003,0.02,0.0003,200,1,160000,True,isolated,157740,235,1546.0,1545.0,0.9895104321090751,True
eps2_sr0.02_ss0.0003,0.02,0.0003,200,1,160000,True,pair,1294,2,17.0,17.0,0.9895104321090751,True
eps2_sr0.02_ss0.0003,0.02,0.0003,200,1,160000,True,chain>=3,107,0,2.0,2.0,0.9895104321090751,True
eps2_sr0.02_ss0.0003,0.02,0.0003,200,1,160000,True,hub,59,0,0.0,0.0,0.9895104321090751,True
eps2_sr0.02_ss0.0003,0.02,0.0003,200,1,160000,True,TRUE,800,800,800.0,800.0,0.9895104321090751,True
eps2_sr0.02_ss0.0003,0.02,0.0003,200,2,160000,True,isolated,157673,284,1572.0,1571.0,0.9769903929975435,True
eps2_sr0.02_ss0.0003,0.02,0.0003,200,2,160000,True,pair,1334,4,15.0,15.0,0.9769903929975435,True
eps2_sr0.02_ss0.0003,0.02,0.0003,200,2,160000,True,chain>=3,128,0,1.0,1.0,0.9769903929975435,True
eps2_sr0.02_ss0.0003,0.02,0.0003,200,2,160000,True,hub,65,0,0.0,0.0,0.9769903929975435,True
eps2_sr0.02_ss0.0003,0.02,0.0003,200,2,160000,True,TRUE,800,800,800.0,800.0,0.9769903929975435,True
eps2_sr0.02_ss0.0003,0.02,0.0003,200,3,160000,True,isolated,157654,164,1424.0,1422.0,1.0185393404775562,True
eps2_sr0.02_ss0.0003,0.02,0.0003,200,3,160000,True,pair,1340,0,10.0,10.0,1.0185393404775562,True
eps2_sr0.02_ss0.0003,0.02,0.0003,200,3,160000,True,chain>=3,139,0,1.0,1.0,1.0185393404775562,True
eps2_sr0.02_ss0.0003,0.02,0.0003,200,3,160000,True,hub,67,0,1.0,1.0,1.0185393404775562,True
eps2_sr0.02_ss0.0003,0.02,0.0003,200,3,160000,True,TRUE,800,800,800.0,799.0,1.0185393404775562,True
eps2_sr0.02_ss0.0003,0.02,0.0003,200,4,160000,True,isolated,157907,216,1555.0,1554.0,0.9914842826627369,True
eps2_sr0.02_ss0.0003,0.02,0.0003,200,4,160000,True,pair,1160,3,13.0,13.0,0.9914842826627369,True
eps2_sr0.02_ss0.0003,0.02,0.0003,200,4,160000,True,chain>=3,87,0,1.0,1.0,0.9914842826627369,True
eps2_sr0.02_ss0.0003,0.02,0.0003,200,4,160000,True,hub,46,0,0.0,0.0,0.9914842826627369,True
eps2_sr0.02_ss0.0003,0.02,0.0003,200,4,160000,True,TRUE,800,800,800.0,800.0,0.9914842826627369,True
eps2_sr0.02_ss0.0003,0.02,0.0003,400,0,640000,True,isolated,625910,2793,11880.0,11876.0,0.8567619258746875,True
eps2_sr0.02_ss0.0003,0.02,0.0003,400,0,640000,True,pair,9998,49,202.0,202.0,0.8567619258746875,True
eps2_sr0.02_ss0.0003,0.02,0.0003,400,0,640000,True,chain>=3,2062,16,45.0,45.0,0.8567619258746875,True
eps2_sr0.02_ss0.0003,0.02,0.0003,400,0,640000,True,hub,430,2,10.0,10.0,0.8567619258746875,True
eps2_sr0.02_ss0.0003,0.02,0.0003,400,0,640000,True,TRUE,1600,1600,1600.0,1600.0,0.8567619258746875,True
eps2_sr0.02_ss0.0003,0.02,0.0003,400,1,640000,True,isolated,626938,2448,12012.0,12010.0,0.8615151117977545,True
eps2_sr0.02_ss0.0003,0.02,0.0003,400,1,640000,True,pair,9258,33,188.0,188.0,0.8615151117977545,True
eps2_sr0.02_ss0.0003,0.02,0.0003,400,1,640000,True,chain>=3,1812,17,48.0,48.0,0.8615151117977545,True
eps2_sr0.02_ss0.0003,0.02,0.0003,400,1,640000,True,hub,392,7,11.0,11.0,0.8615151117977545,True
eps2_sr0.02_ss0.0003,0.02,0.0003,400,1,640000,True,TRUE,1600,1600,1599.0,1597.0,0.8615151117977545,True
eps2_sr0.02_ss0.0003,0.02,0.0003,400,2,640000,True,isolated,627114,1910,11742.0,11741.0,0.8950241292802463,True
eps2_sr0.02_ss0.0003,0.02,0.0003,400,2,640000,True,pair,8972,31,206.0,206.0,0.8950241292802463,True
eps2_sr0.02_ss0.0003,0.02,0.0003,400,2,640000,True,chain>=3,1787,6,33.0,33.0,0.8950241292802463,True
eps2_sr0.02_ss0.0003,0.02,0.0003,400,2,640000,True,hub,527,3,13.0,13.0,0.8950241292802463,True
eps2_sr0.02_ss0.0003,0.02,0.0003,400,2,640000,True,TRUE,1600,1588,1600.0,1600.0,0.8950241292802463,True
eps2_sr0.02_ss0.0005,0.02,0.0005,50,0,10000,True,isolated,9776,0,18.0,18.0,0.7699624323278744,True
eps2_sr0.02_ss0.0005,0.02,0.0005,50,0,10000,True,pair,22,0,0.0,0.0,0.7699624323278744,True
eps2_sr0.02_ss0.0005,0.02,0.0005,50,0,10000,True,chain>=3,0,0,0.0,0.0,0.7699624323278744,True
eps2_sr0.02_ss0.0005,0.02,0.0005,50,0,10000,True,hub,2,0,0.0,0.0,0.7699624323278744,True
eps2_sr0.02_ss0.0005,0.02,0.0005,50,0,10000,True,TRUE,200,200,200.0,200.0,0.7699624323278744,True
eps2_sr0.02_ss0.0005,0.02,0.0005,50,1,10000,True,isolated,9762,0,24.0,24.0,0.7645540634769845,True
eps2_sr0.02_ss0.0005,0.02,0.0005,50,1,10000,True,pair,36,0,0.0,0.0,0.7645540634769845,True
eps2_sr0.02_ss0.0005,0.02,0.0005,50,1,10000,True,chain>=3,0,0,0.0,0.0,0.7645540634769845,True
eps2_sr0.02_ss0.0005,0.02,0.0005,50,1,10000,True,hub,2,0,0.0,0.0,0.7645540634769845,True
eps2_sr0.02_ss0.0005,0.02,0.0005,50,1,10000,True,TRUE,200,200,200.0,200.0,0.7645540634769845,True
eps2_sr0.02_ss0.0005,0.02,0.0005,50,2,10000,True,isolated,9780,0,18.0,18.0,0.7699624323278713,True
eps2_sr0.02_ss0.0005,0.02,0.0005,50,2,10000,True,pair,18,0,0.0,0.0,0.7699624323278713,True
eps2_sr0.02_ss0.0005,0.02,0.0005,50,2,10000,True,chain>=3,0,0,0.0,0.0,0.7699624323278713,True
eps2_sr0.02_ss0.0005,0.02,0.0005,50,2,10000,True,hub,2,0,0.0,0.0,0.7699624323278713,True
eps2_sr0.02_ss0.0005,0.02,0.0005,50,2,10000,True,TRUE,200,200,200.0,200.0,0.7699624323278713,True
eps2_sr0.02_ss0.0005,0.02,0.0005,50,3,10000,True,isolated,9768,5,31.0,30.0,0.7456241798235357,True
eps2_sr0.02_ss0.0005,0.02,0.0005,50,3,10000,True,pair,30,0,0.0,0.0,0.7456241798235357,True
eps2_sr0.02_ss0.0005,0.02,0.0005,50,3,10000,True,chain>=3,0,0,0.0,0.0,0.7456241798235357,True
eps2_sr0.02_ss0.0005,0.02,0.0005,50,3,10000,True,hub,2,0,0.0,0.0,0.7456241798235357,True
eps2_sr0.02_ss0.0005,0.02,0.0005,50,3,10000,True,TRUE,200,200,200.0,200.0,0.7456241798235357,True
eps2_sr0.02_ss0.0005,0.02,0.0005,50,4,10000,True,isolated,9774,11,21.0,21.0,0.6979568777111207,True
eps2_sr0.02_ss0.0005,0.02,0.0005,50,4,10000,True,pair,26,0,0.0,0.0,0.6979568777111207,True
eps2_sr0.02_ss0.0005,0.02,0.0005,50,4,10000,True,chain>=3,0,0,0.0,0.0,0.6979568777111207,True
eps2_sr0.02_ss0.0005,0.02,0.0005,50,4,10000,True,hub,0,0,0.0,0.0,0.6979568777111207,True
eps2_sr0.02_ss0.0005,0.02,0.0005,50,4,10000,True,TRUE,200,200,200.0,199.0,0.6979568777111207,True
eps2_sr0.02_ss0.0005,0.02,0.0005,50,5,10000,True,isolated,9767,3,35.0,34.0,0.7456435596506044,True
eps2_sr0.02_ss0.0005,0.02,0.0005,50,5,10000,True,pair,24,1,1.0,1.0,0.7456435596506044,True
eps2_sr0.02_ss0.0005,0.02,0.0005,50,5,10000,True,chain>=3,0,0,0.0,0.0,0.7456435596506044,True
eps2_sr0.02_ss0.0005,0.02,0.0005,50,5,10000,True,hub,9,0,0.0,0.0,0.7456435596506044,True
eps2_sr0.02_ss0.0005,0.02,0.0005,50,5,10000,True,TRUE,200,200,200.0,198.0,0.7456435596506044,True
eps2_sr0.02_ss0.0005,0.02,0.0005,50,6,10000,True,isolated,9785,2,28.0,28.0,0.7563966022836124,True
eps2_sr0.02_ss0.0005,0.02,0.0005,50,6,10000,True,pair,12,0,0.0,0.0,0.7563966022836124,True
eps2_sr0.02_ss0.0005,0.02,0.0005,50,6,10000,True,chain>=3,0,0,0.0,0.0,0.7563966022836124,True
eps2_sr0.02_ss0.0005,0.02,0.0005,50,6,10000,True,hub,3,0,0.0,0.0,0.7563966022836124,True
eps2_sr0.02_ss0.0005,0.02,0.0005,50,6,10000,True,TRUE,200,200,200.0,198.0,0.7563966022836124,True
eps2_sr0.02_ss0.0005,0.02,0.0005,50,7,10000,True,isolated,9772,2,26.0,26.0,0.7581264949723999,True
eps2_sr0.02_ss0.0005,0.02,0.0005,50,7,10000,True,pair,24,0,0.0,0.0,0.7581264949723999,True
eps2_sr0.02_ss0.0005,0.02,0.0005,50,7,10000,True,chain>=3,0,0,0.0,0.0,0.7581264949723999,True
eps2_sr0.02_ss0.0005,0.02,0.0005,50,7,10000,True,hub,4,0,0.0,0.0,0.7581264949723999,True
eps2_sr0.02_ss0.0005,0.02,0.0005,50,7,10000,True,TRUE,200,200,200.0,198.0,0.7581264949723999,True
eps2_sr0.02_ss0.0005,0.02,0.0005,50,8,10000,True,isolated,9775,8,48.0,47.0,0.7264033678539568,True
eps2_sr0.02_ss0.0005,0.02,0.0005,50,8,10000,True,pair,24,0,0.0,0.0,0.7264033678539568,True
eps2_sr0.02_ss0.0005,0.02,0.0005,50,8,10000,True,chain>=3,0,0,0.0,0.0,0.7264033678539568,True
eps2_sr0.02_ss0.0005,0.02,0.0005,50,8,10000,True,hub,1,0,0.0,0.0,0.7264033678539568,True
eps2_sr0.02_ss0.0005,0.02,0.0005,50,8,10000,True,TRUE,200,200,200.0,199.0,0.7264033678539568,True
eps2_sr0.02_ss0.0005,0.02,0.0005,50,9,10000,True,isolated,9768,0,28.0,28.0,0.7610138045658782,True
eps2_sr0.02_ss0.0005,0.02,0.0005,50,9,10000,True,pair,30,0,0.0,0.0,0.7610138045658782,True
eps2_sr0.02_ss0.0005,0.02,0.0005,50,9,10000,True,chain>=3,0,0,0.0,0.0,0.7610138045658782,True
eps2_sr0.02_ss0.0005,0.02,0.0005,50,9,10000,True,hub,2,0,0.0,0.0,0.7610138045658782,True
eps2_sr0.02_ss0.0005,0.02,0.0005,50,9,10000,True,TRUE,200,200,200.0,200.0,0.7610138045658782,True
eps2_sr0.02_ss0.0005,0.02,0.0005,100,0,40000,True,isolated,39406,21,207.0,207.0,0.9017309185657869,True
eps2_sr0.02_ss0.0005,0.02,0.0005,100,0,40000,True,pair,168,0,0.0,0.0,0.9017309185657869,True
eps2_sr0.02_ss0.0005,0.02,0.0005,100,0,40000,True,chain>=3,9,0,0.0,0.0,0.9017309185657869,True
eps2_sr0.02_ss0.0005,0.02,0.0005,100,0,40000,True,hub,17,0,0.0,0.0,0.9017309185657869,True
eps2_sr0.02_ss0.0005,0.02,0.0005,100,0,40000,True,TRUE,400,400,400.0,400.0,0.9017309185657869,True
eps2_sr0.02_ss0.0005,0.02,0.0005,100,1,40000,True,isolated,39413,22,226.0,226.0,0.8941928333737625,True
eps2_sr0.02_ss0.0005,0.02,0.0005,100,1,40000,True,pair,170,0,0.0,0.0,0.8941928333737625,True
eps2_sr0.02_ss0.0005,0.02,0.0005,100,1,40000,True,chain>=3,9,0,0.0,0.0,0.8941928333737625,True
eps2_sr0.02_ss0.0005,0.02,0.0005,100,1,40000,True,hub,8,0,0.0,0.0,0.8941928333737625,True
eps2_sr0.02_ss0.0005,0.02,0.0005,100,1,40000,True,TRUE,400,400,400.0,400.0,0.8941928333737625,True
eps2_sr0.02_ss0.0005,0.02,0.0005,100,2,40000,True,isolated,39378,33,230.0,229.0,0.8863464262145243,True
eps2_sr0.02_ss0.0005,0.02,0.0005,100,2,40000,True,pair,190,1,2.0,2.0,0.8863464262145243,True
eps2_sr0.02_ss0.0005,0.02,0.0005,100,2,40000,True,chain>=3,6,0,0.0,0.0,0.8863464262145243,True
eps2_sr0.02_ss0.0005,0.02,0.0005,100,2,40000,True,hub,26,0,0.0,0.0,0.8863464262145243,True
eps2_sr0.02_ss0.0005,0.02,0.0005,100,2,40000,True,TRUE,400,400,400.0,400.0,0.8863464262145243,True
eps2_sr0.02_ss0.0005,0.02,0.0005,100,3,40000,True,isolated,39338,31,158.0,158.0,0.9202207110050834,True
eps2_sr0.02_ss0.0005,0.02,0.0005,100,3,40000,True,pair,230,0,1.0,1.0,0.9202207110050834,True
eps2_sr0.02_ss0.0005,0.02,0.0005,100,3,40000,True,chain>=3,21,0,0.0,0.0,0.9202207110050834,True
eps2_sr0.02_ss0.0005,0.02,0.0005,100,3,40000,True,hub,11,0,0.0,0.0,0.9202207110050834,True
eps2_sr0.02_ss0.0005,0.02,0.0005,100,3,40000,True,TRUE,400,400,400.0,400.0,0.9202207110050834,True
eps2_sr0.02_ss0.0005,0.02,0.0005,100,4,40000,True,isolated,39399,34,273.0,272.0,0.8663407147326444,True
eps2_sr0.02_ss0.0005,0.02,0.0005,100,4,40000,True,pair,182,0,0.0,0.0,0.8663407147326444,True
eps2_sr0.02_ss0.0005,0.02,0.0005,100,4,40000,True,chain>=3,3,0,0.0,0.0,0.8663407147326444,True
eps2_sr0.02_ss0.0005,0.02,0.0005,100,4,40000,True,hub,16,0,0.0,0.0,0.8663407147326444,True
eps2_sr0.02_ss0.0005,0.02,0.0005,100,4,40000,True,TRUE,400,400,400.0,400.0,0.8663407147326444,True
eps2_sr0.02_ss0.0005,0.02,0.0005,200,0,160000,True,isolated,157594,317,1660.0,1659.0,0.9532787454045527,True
eps2_sr0.02_ss0.0005,0.02,0.0005,200,0,160000,True,pair,1414,1,12.0,12.0,0.9532787454045527,True
eps2_sr0.02_ss0.0005,0.02,0.0005,200,0,160000,True,chain>=3,133,1,3.0,3.0,0.9532787454045527,True
eps2_sr0.02_ss0.0005,0.02,0.0005,200,0,160000,True,hub,59,0,2.0,2.0,0.9532787454045527,True
eps2_sr0.02_ss0.0005,0.02,0.0005,200,0,160000,True,TRUE,800,800,800.0,799.0,0.9532787454045527,True
eps2_sr0.02_ss0.0005,0.02,0.0005,200,1,160000,True,isolated,157607,178,1545.0,1543.0,0.996603926722216,True
eps2_sr0.02_ss0.0005,0.02,0.0005,200,1,160000,True,pair,1406,2,22.0,22.0,0.996603926722216,True
eps2_sr0.02_ss0.0005,0.02,0.0005,200,1,160000,True,chain>=3,129,0,1.0,1.0,0.996603926722216,True
eps2_sr0.02_ss0.0005,0.02,0.0005,200,1,160000,True,hub,58,0,2.0,2.0,0.996603926722216,True
eps2_sr0.02_ss0.0005,0.02,0.0005,200,1,160000,True,TRUE,800,800,800.0,800.0,0.996603926722216,True
eps2_sr0.02_ss0.0005,0.02,0.0005,200,2,160000,True,isolated,157749,224,1865.0,1864.0,0.9451074604037588,True
eps2_sr0.02_ss0.0005,0.02,0.0005,200,2,160000,True,pair,1170,2,18.0,18.0,0.9451074604037588,True
eps2_sr0.02_ss0.0005,0.02,0.0005,200,2,160000,True,chain>=3,196,0,5.0,5.0,0.9451074604037588,True
eps2_sr0.02_ss0.0005,0.02,0.0005,200,2,160000,True,hub,85,0,0.0,0.0,0.9451074604037588,True
eps2_sr0.02_ss0.0005,0.02,0.0005,200,2,160000,True,TRUE,800,800,800.0,800.0,0.9451074604037588,True
eps2_sr0.02_ss0.0005,0.02,0.0005,200,3,160000,True,isolated,157544,195,1656.0,1655.0,0.9761523207981988,True
eps2_sr0.02_ss0.0005,0.02,0.0005,200,3,160000,True,pair,1450,3,22.0,22.0,0.9761523207981988,True
eps2_sr0.02_ss0.0005,0.02,0.0005,200,3,160000,True,chain>=3,172,0,0.0,0.0,0.9761523207981988,True
eps2_sr0.02_ss0.0005,0.02,0.0005,200,3,160000,True,hub,34,0,0.0,0.0,0.9761523207981988,True
eps2_sr0.02_ss0.0005,0.02,0.0005,200,3,160000,True,TRUE,800,800,800.0,800.0,0.9761523207981988,True
eps2_sr0.02_ss0.0005,0.02,0.0005,200,4,160000,True,isolated,157583,239,1760.0,1759.0,0.9583598257872488,True
eps2_sr0.02_ss0.0005,0.02,0.0005,200,4,160000,True,pair,1394,4,17.0,17.0,0.9583598257872488,True
eps2_sr0.02_ss0.0005,0.02,0.0005,200,4,160000,True,chain>=3,155,1,3.0,3.0,0.9583598257872488,True
eps2_sr0.02_ss0.0005,0.02,0.0005,200,4,160000,True,hub,68,0,0.0,0.0,0.9583598257872488,True
eps2_sr0.02_ss0.0005,0.02,0.0005,200,4,160000,True,TRUE,800,800,800.0,800.0,0.9583598257872488,True
eps2_sr0.02_ss0.0005,0.02,0.0005,400,0,640000,True,isolated,625362,2779,12505.0,12499.0,0.8440385543952137,True
eps2_sr0.02_ss0.0005,0.02,0.0005,400,0,640000,True,pair,10250,51,233.0,233.0,0.8440385543952137,True
eps2_sr0.02_ss0.0005,0.02,0.0005,400,0,640000,True,chain>=3,2357,14,48.0,48.0,0.8440385543952137,True
eps2_sr0.02_ss0.0005,0.02,0.0005,400,0,640000,True,hub,431,5,13.0,13.0,0.8440385543952137,True
eps2_sr0.02_ss0.0005,0.02,0.0005,400,0,640000,True,TRUE,1600,1600,1600.0,1599.0,0.8440385543952137,True
eps2_sr0.02_ss0.0005,0.02,0.0005,400,1,640000,True,isolated,625220,2631,13263.0,13262.0,0.8307697215379406,True
eps2_sr0.02_ss0.0005,0.02,0.0005,400,1,640000,True,pair,10332,46,231.0,231.0,0.8307697215379406,True
eps2_sr0.02_ss0.0005,0.02,0.0005,400,1,640000,True,chain>=3,2351,14,56.0,56.0,0.8307697215379406,True
eps2_sr0.02_ss0.0005,0.02,0.0005,400,1,640000,True,hub,497,5,13.0,13.0,0.8307697215379406,True
eps2_sr0.02_ss0.0005,0.02,0.0005,400,1,640000,True,TRUE,1600,1600,1600.0,1599.0,0.8307697215379406,True
eps2_sr0.02_ss0.0005,0.02,0.0005,400,2,640000,True,isolated,625582,2305,12589.0,12585.0,0.8560590133322883,True
eps2_sr0.02_ss0.0005,0.02,0.0005,400,2,640000,True,pair,10494,39,204.0,204.0,0.8560590133322883,True
eps2_sr0.02_ss0.0005,0.02,0.0005,400,2,640000,True,chain>=3,1861,13,46.0,46.0,0.8560590133322883,True
eps2_sr0.02_ss0.0005,0.02,0.0005,400,2,640000,True,hub,463,4,10.0,10.0,0.8560590133322883,True
eps2_sr0.02_ss0.0005,0.02,0.0005,400,2,640000,True,TRUE,1600,1600,1600.0,1600.0,0.8560590133322883,True
eps2_sr0.05_ss0.0001,0.05,0.0001,50,0,10000,True,isolated,9657,16,106.0,106.0,0.6347822625824743,True
eps2_sr0.05_ss0.0001,0.05,0.0001,50,0,10000,True,pair,130,1,3.0,3.0,0.6347822625824743,True
eps2_sr0.05_ss0.0001,0.05,0.0001,50,0,10000,True,chain>=3,9,0,0.0,0.0,0.6347822625824743,True
eps2_sr0.05_ss0.0001,0.05,0.0001,50,0,10000,True,hub,4,0,0.0,0.0,0.6347822625824743,True
eps2_sr0.05_ss0.0001,0.05,0.0001,50,0,10000,True,TRUE,200,200,200.0,200.0,0.6347822625824743,True
eps2_sr0.05_ss0.0001,0.05,0.0001,50,1,10000,True,isolated,9648,30,148.0,144.0,0.6506785139830148,True
eps2_sr0.05_ss0.0001,0.05,0.0001,50,1,10000,True,pair,102,0,0.0,0.0,0.6506785139830148,True
eps2_sr0.05_ss0.0001,0.05,0.0001,50,1,10000,True,chain>=3,27,0,0.0,0.0,0.6506785139830148,True
eps2_sr0.05_ss0.0001,0.05,0.0001,50,1,10000,True,hub,23,0,0.0,0.0,0.6506785139830148,True
eps2_sr0.05_ss0.0001,0.05,0.0001,50,1,10000,True,TRUE,200,188,200.0,200.0,0.6506785139830148,True
eps2_sr0.05_ss0.0001,0.05,0.0001,50,2,10000,True,isolated,9643,15,132.0,132.0,0.6266961485371596,True
eps2_sr0.05_ss0.0001,0.05,0.0001,50,2,10000,True,pair,102,0,1.0,1.0,0.6266961485371596,True
eps2_sr0.05_ss0.0001,0.05,0.0001,50,2,10000,True,chain>=3,38,0,0.0,0.0,0.6266961485371596,True
eps2_sr0.05_ss0.0001,0.05,0.0001,50,2,10000,True,hub,17,0,0.0,0.0,0.6266961485371596,True
eps2_sr0.05_ss0.0001,0.05,0.0001,50,2,10000,True,TRUE,200,200,200.0,200.0,0.6266961485371596,True
eps2_sr0.05_ss0.0001,0.05,0.0001,50,3,10000,True,isolated,9671,30,138.0,138.0,0.6040708486149055,True
eps2_sr0.05_ss0.0001,0.05,0.0001,50,3,10000,True,pair,106,0,1.0,1.0,0.6040708486149055,True
eps2_sr0.05_ss0.0001,0.05,0.0001,50,3,10000,True,chain>=3,13,0,1.0,1.0,0.6040708486149055,True
eps2_sr0.05_ss0.0001,0.05,0.0001,50,3,10000,True,hub,10,0,0.0,0.0,0.6040708486149055,True
eps2_sr0.05_ss0.0001,0.05,0.0001,50,3,10000,True,TRUE,200,200,200.0,200.0,0.6040708486149055,True
eps2_sr0.05_ss0.0001,0.05,0.0001,50,4,10000,True,isolated,9674,18,141.0,141.0,0.6147873623924016,True
eps2_sr0.05_ss0.0001,0.05,0.0001,50,4,10000,True,pair,118,0,1.0,1.0,0.6147873623924016,True
eps2_sr0.05_ss0.0001,0.05,0.0001,50,4,10000,True,chain>=3,3,0,0.0,0.0,0.6147873623924016,True
eps2_sr0.05_ss0.0001,0.05,0.0001,50,4,10000,True,hub,5,0,0.0,0.0,0.6147873623924016,True
eps2_sr0.05_ss0.0001,0.05,0.0001,50,4,10000,True,TRUE,200,200,200.0,200.0,0.6147873623924016,True
eps2_sr0.05_ss0.0001,0.05,0.0001,50,5,10000,True,isolated,9658,48,190.0,190.0,0.5668397524933514,True
eps2_sr0.05_ss0.0001,0.05,0.0001,50,5,10000,True,pair,126,0,2.0,2.0,0.5668397524933514,True
eps2_sr0.05_ss0.0001,0.05,0.0001,50,5,10000,True,chain>=3,13,0,0.0,0.0,0.5668397524933514,True
eps2_sr0.05_ss0.0001,0.05,0.0001,50,5,10000,True,hub,3,0,0.0,0.0,0.5668397524933514,True
eps2_sr0.05_ss0.0001,0.05,0.0001,50,5,10000,True,TRUE,200,200,200.0,200.0,0.5668397524933514,True
eps2_sr0.05_ss0.0001,0.05,0.0001,50,6,10000,True,isolated,9663,34,161.0,160.0,0.594953210027244,True
eps2_sr0.05_ss0.0001,0.05,0.0001,50,6,10000,True,pair,116,0,3.0,3.0,0.594953210027244,True
eps2_sr0.05_ss0.0001,0.05,0.0001,50,6,10000,True,chain>=3,12,0,0.0,0.0,0.594953210027244,True
eps2_sr0.05_ss0.0001,0.05,0.0001,50,6,10000,True,hub,9,0,0.0,0.0,0.594953210027244,True
eps2_sr0.05_ss0.0001,0.05,0.0001,50,6,10000,True,TRUE,200,200,200.0,200.0,0.594953210027244,True
eps2_sr0.05_ss0.0001,0.05,0.0001,50,7,10000,True,isolated,9650,30,134.0,133.0,0.6094634466673667,True
eps2_sr0.05_ss0.0001,0.05,0.0001,50,7,10000,True,pair,126,1,5.0,5.0,0.6094634466673667,True
eps2_sr0.05_ss0.0001,0.05,0.0001,50,7,10000,True,chain>=3,9,1,1.0,1.0,0.6094634466673667,True
eps2_sr0.05_ss0.0001,0.05,0.0001,50,7,10000,True,hub,15,0,0.0,0.0,0.6094634466673667,True
eps2_sr0.05_ss0.0001,0.05,0.0001,50,7,10000,True,TRUE,200,200,200.0,200.0,0.6094634466673667,True
eps2_sr0.05_ss0.0001,0.05,0.0001,50,8,10000,True,isolated,9632,38,144.0,144.0,0.5989584972987314,True
eps2_sr0.05_ss0.0001,0.05,0.0001,50,8,10000,True,pair,114,2,4.0,4.0,0.5989584972987314,True
eps2_sr0.05_ss0.0001,0.05,0.0001,50,8,10000,True,chain>=3,25,0,0.0,0.0,0.5989584972987314,True
eps2_sr0.05_ss0.0001,0.05,0.0001,50,8,10000,True,hub,29,0,0.0,0.0,0.5989584972987314,True
eps2_sr0.05_ss0.0001,0.05,0.0001,50,8,10000,True,TRUE,200,200,200.0,200.0,0.5989584972987314,True
eps2_sr0.05_ss0.0001,0.05,0.0001,50,9,10000,True,isolated,9620,34,172.0,172.0,0.5842906750653086,True
eps2_sr0.05_ss0.0001,0.05,0.0001,50,9,10000,True,pair,136,2,4.0,4.0,0.5842906750653086,True
eps2_sr0.05_ss0.0001,0.05,0.0001,50,9,10000,True,chain>=3,15,0,0.0,0.0,0.5842906750653086,True
eps2_sr0.05_ss0.0001,0.05,0.0001,50,9,10000,True,hub,29,0,0.0,0.0,0.5842906750653086,True
eps2_sr0.05_ss0.0001,0.05,0.0001,50,9,10000,True,TRUE,200,200,200.0,200.0,0.5842906750653086,True
eps2_sr0.05_ss0.0001,0.05,0.0001,100,0,40000,True,isolated,38611,267,1052.0,1052.0,0.6208795227107866,True
eps2_sr0.05_ss0.0001,0.05,0.0001,100,0,40000,True,pair,710,8,25.0,25.0,0.6208795227107866,True
eps2_sr0.05_ss0.0001,0.05,0.0001,100,0,40000,True,chain>=3,196,2,10.0,10.0,0.6208795227107866,True
eps2_sr0.05_ss0.0001,0.05,0.0001,100,0,40000,True,hub,83,4,4.0,4.0,0.6208795227107866,True
eps2_sr0.05_ss0.0001,0.05,0.0001,100,0,40000,True,TRUE,400,400,400.0,399.0,0.6208795227107866,True
eps2_sr0.05_ss0.0001,0.05,0.0001,100,1,40000,True,isolated,38406,315,1036.0,1035.0,0.6154005162280737,True
eps2_sr0.05_ss0.0001,0.05,0.0001,100,1,40000,True,pair,850,7,30.0,30.0,0.6154005162280737,True
eps2_sr0.05_ss0.0001,0.05,0.0001,100,1,40000,True,chain>=3,264,2,6.0,6.0,0.6154005162280737,True
eps2_sr0.05_ss0.0001,0.05,0.0001,100,1,40000,True,hub,80,0,2.0,2.0,0.6154005162280737,True
eps2_sr0.05_ss0.0001,0.05,0.0001,100,1,40000,True,TRUE,400,400,400.0,400.0,0.6154005162280737,True
eps2_sr0.05_ss0.0001,0.05,0.0001,100,2,40000,True,isolated,38627,429,1122.0,1119.0,0.580514288605132,True
eps2_sr0.05_ss0.0001,0.05,0.0001,100,2,40000,True,pair,764,6,24.0,24.0,0.580514288605132,True
eps2_sr0.05_ss0.0001,0.05,0.0001,100,2,40000,True,chain>=3,154,2,4.0,4.0,0.580514288605132,True
eps2_sr0.05_ss0.0001,0.05,0.0001,100,2,40000,True,hub,55,1,3.0,3.0,0.580514288605132,True
eps2_sr0.05_ss0.0001,0.05,0.0001,100,2,40000,True,TRUE,400,400,400.0,400.0,0.580514288605132,True
eps2_sr0.05_ss0.0001,0.05,0.0001,100,3,40000,True,isolated,38412,379,1129.0,1127.0,0.5919906975488232,True
eps2_sr0.05_ss0.0001,0.05,0.0001,100,3,40000,True,pair,798,10,20.0,20.0,0.5919906975488232,True
eps2_sr0.05_ss0.0001,0.05,0.0001,100,3,40000,True,chain>=3,260,5,11.0,11.0,0.5919906975488232,True
eps2_sr0.05_ss0.0001,0.05,0.0001,100,3,40000,True,hub,130,1,3.0,3.0,0.5919906975488232,True
eps2_sr0.05_ss0.0001,0.05,0.0001,100,3,40000,True,TRUE,400,400,400.0,400.0,0.5919906975488232,True
eps2_sr0.05_ss0.0001,0.05,0.0001,100,4,40000,True,isolated,38645,210,956.0,956.0,0.6470687615022669,True
eps2_sr0.05_ss0.0001,0.05,0.0001,100,4,40000,True,pair,640,4,22.0,22.0,0.6470687615022669,True
eps2_sr0.05_ss0.0001,0.05,0.0001,100,4,40000,True,chain>=3,196,1,5.0,5.0,0.6470687615022669,True
eps2_sr0.05_ss0.0001,0.05,0.0001,100,4,40000,True,hub,119,1,5.0,5.0,0.6470687615022669,True
eps2_sr0.05_ss0.0001,0.05,0.0001,100,4,40000,True,TRUE,400,400,400.0,400.0,0.6470687615022669,True
eps2_sr0.05_ss0.0001,0.05,0.0001,200,0,160000,True,isolated,151342,3524,,,,False
eps2_sr0.05_ss0.0001,0.05,0.0001,200,0,160000,True,pair,4736,115,,,,False
eps2_sr0.05_ss0.0001,0.05,0.0001,200,0,160000,True,chain>=3,1799,61,,,,False
eps2_sr0.05_ss0.0001,0.05,0.0001,200,0,160000,True,hub,1323,45,,,,False
eps2_sr0.05_ss0.0001,0.05,0.0001,200,0,160000,True,TRUE,800,800,,,,False
eps2_sr0.05_ss0.0001,0.05,0.0001,200,1,160000,True,isolated,150700,3320,,,,False
eps2_sr0.05_ss0.0001,0.05,0.0001,200,1,160000,True,pair,4586,110,,,,False
eps2_sr0.05_ss0.0001,0.05,0.0001,200,1,160000,True,chain>=3,2189,62,,,,False
eps2_sr0.05_ss0.0001,0.05,0.0001,200,1,160000,True,hub,1725,71,,,,False
eps2_sr0.05_ss0.0001,0.05,0.0001,200,1,160000,True,TRUE,800,800,,,,False
eps2_sr0.05_ss0.0001,0.05,0.0001,200,2,160000,True,isolated,150793,3221,7742.0,7739.0,0.5043755873256397,True
eps2_sr0.05_ss0.0001,0.05,0.0001,200,2,160000,True,pair,4670,112,269.0,269.0,0.5043755873256397,True
eps2_sr0.05_ss0.0001,0.05,0.0001,200,2,160000,True,chain>=3,2184,60,126.0,126.0,0.5043755873256397,True
eps2_sr0.05_ss0.0001,0.05,0.0001,200,2,160000,True,hub,1553,55,101.0,101.0,0.5043755873256397,True
eps2_sr0.05_ss0.0001,0.05,0.0001,200,2,160000,True,TRUE,800,800,798.0,797.0,0.5043755873256397,True
eps2_sr0.05_ss0.0001,0.05,0.0001,200,3,160000,True,isolated,150636,3559,,,,False
eps2_sr0.05_ss0.0001,0.05,0.0001,200,3,160000,True,pair,4466,137,,,,False
eps2_sr0.05_ss0.0001,0.05,0.0001,200,3,160000,True,chain>=3,2315,82,,,,False
eps2_sr0.05_ss0.0001,0.05,0.0001,200,3,160000,True,hub,1783,71,,,,False
eps2_sr0.05_ss0.0001,0.05,0.0001,200,3,160000,True,TRUE,800,800,,,,False
eps2_sr0.05_ss0.0001,0.05,0.0001,200,4,160000,True,isolated,151023,3941,,,,False
eps2_sr0.05_ss0.0001,0.05,0.0001,200,4,160000,True,pair,4802,129,,,,False
eps2_sr0.05_ss0.0001,0.05,0.0001,200,4,160000,True,chain>=3,2113,73,,,,False
eps2_sr0.05_ss0.0001,0.05,0.0001,200,4,160000,True,hub,1262,56,,,,False
eps2_sr0.05_ss0.0001,0.05,0.0001,200,4,160000,True,TRUE,800,800,,,,False
eps2_sr0.05_ss0.0001,0.05,0.0001,400,0,640000,True,isolated,580892,31710,51292.0,51179.0,1.5002407221022487,True
eps2_sr0.05_ss0.0001,0.05,0.0001,400,0,640000,True,pair,20768,934,1773.0,1770.0,1.5002407221022487,True
eps2_sr0.05_ss0.0001,0.05,0.0001,400,0,640000,True,chain>=3,15699,1006,1547.0,1543.0,1.5002407221022487,True
eps2_sr0.05_ss0.0001,0.05,0.0001,400,0,640000,True,hub,21041,1983,2534.0,2522.0,1.5002407221022487,True
eps2_sr0.05_ss0.0001,0.05,0.0001,400,0,640000,True,TRUE,1600,1590,1600.0,1592.0,1.5002407221022487,True
eps2_sr0.05_ss0.0001,0.05,0.0001,400,1,640000,True,isolated,584303,33278,52365.0,52233.0,0.6634039185221868,True
eps2_sr0.05_ss0.0001,0.05,0.0001,400,1,640000,True,pair,18014,913,1663.0,1661.0,0.6634039185221868,True
eps2_sr0.05_ss0.0001,0.05,0.0001,400,1,640000,True,chain>=3,14231,970,1490.0,1486.0,0.6634039185221868,True
eps2_sr0.05_ss0.0001,0.05,0.0001,400,1,640000,True,hub,21852,2104,2557.0,2551.0,0.6634039185221868,True
eps2_sr0.05_ss0.0001,0.05,0.0001,400,1,640000,True,TRUE,1600,1546,1597.0,1584.0,0.6634039185221868,True
eps2_sr0.05_ss0.0001,0.05,0.0001,400,2,640000,True,isolated,584755,32767,51147.0,51044.0,0.4790575053694766,True
eps2_sr0.05_ss0.0001,0.05,0.0001,400,2,640000,True,pair,19100,930,1592.0,1590.0,0.4790575053694766,True
eps2_sr0.05_ss0.0001,0.05,0.0001,400,2,640000,True,chain>=3,14538,986,1467.0,1466.0,0.4790575053694766,True
eps2_sr0.05_ss0.0001,0.05,0.0001,400,2,640000,True,hub,20007,1767,2215.0,2210.0,0.4790575053694766,True
eps2_sr0.05_ss0.0001,0.05,0.0001,400,2,640000,True,TRUE,1600,1583,1595.0,1586.0,0.4790575053694766,True
eps2_sr0.05_ss0.0003,0.05,0.0003,50,0,10000,True,isolated,9681,37,179.0,179.0,0.5774869065342633,True
eps2_sr0.05_ss0.0003,0.05,0.0003,50,0,10000,True,pair,82,1,4.0,4.0,0.5774869065342633,True
eps2_sr0.05_ss0.0003,0.05,0.0003,50,0,10000,True,chain>=3,18,0,0.0,0.0,0.5774869065342633,True
eps2_sr0.05_ss0.0003,0.05,0.0003,50,0,10000,True,hub,19,2,2.0,2.0,0.5774869065342633,True
eps2_sr0.05_ss0.0003,0.05,0.0003,50,0,10000,True,TRUE,200,200,200.0,200.0,0.5774869065342633,True
eps2_sr0.05_ss0.0003,0.05,0.0003,50,1,10000,True,isolated,9673,10,141.0,141.0,0.6259830686579974,True
eps2_sr0.05_ss0.0003,0.05,0.0003,50,1,10000,True,pair,100,0,1.0,1.0,0.6259830686579974,True
eps2_sr0.05_ss0.0003,0.05,0.0003,50,1,10000,True,chain>=3,6,0,0.0,0.0,0.6259830686579974,True
eps2_sr0.05_ss0.0003,0.05,0.0003,50,1,10000,True,hub,21,0,0.0,0.0,0.6259830686579974,True
eps2_sr0.05_ss0.0003,0.05,0.0003,50,1,10000,True,TRUE,200,200,200.0,200.0,0.6259830686579974,True
eps2_sr0.05_ss0.0003,0.05,0.0003,50,2,10000,True,isolated,9642,25,177.0,177.0,0.5934091084995055,True
eps2_sr0.05_ss0.0003,0.05,0.0003,50,2,10000,True,pair,108,0,4.0,4.0,0.5934091084995055,True
eps2_sr0.05_ss0.0003,0.05,0.0003,50,2,10000,True,chain>=3,31,0,0.0,0.0,0.5934091084995055,True
eps2_sr0.05_ss0.0003,0.05,0.0003,50,2,10000,True,hub,19,0,0.0,0.0,0.5934091084995055,True
eps2_sr0.05_ss0.0003,0.05,0.0003,50,2,10000,True,TRUE,200,200,200.0,200.0,0.5934091084995055,True
eps2_sr0.05_ss0.0003,0.05,0.0003,50,3,10000,True,isolated,9649,34,151.0,149.0,0.5945663651469866,True
eps2_sr0.05_ss0.0003,0.05,0.0003,50,3,10000,True,pair,124,2,7.0,7.0,0.5945663651469866,True
eps2_sr0.05_ss0.0003,0.05,0.0003,50,3,10000,True,chain>=3,12,0,0.0,0.0,0.5945663651469866,True
eps2_sr0.05_ss0.0003,0.05,0.0003,50,3,10000,True,hub,15,2,2.0,2.0,0.5945663651469866,True
eps2_sr0.05_ss0.0003,0.05,0.0003,50,3,10000,True,TRUE,200,200,200.0,200.0,0.5945663651469866,True
eps2_sr0.05_ss0.0003,0.05,0.0003,50,4,10000,True,isolated,9636,49,178.0,178.0,0.5745272775760735,True
eps2_sr0.05_ss0.0003,0.05,0.0003,50,4,10000,True,pair,128,0,1.0,1.0,0.5745272775760735,True
eps2_sr0.05_ss0.0003,0.05,0.0003,50,4,10000,True,chain>=3,16,0,0.0,0.0,0.5745272775760735,True
eps2_sr0.05_ss0.0003,0.05,0.0003,50,4,10000,True,hub,20,0,0.0,0.0,0.5745272775760735,True
eps2_sr0.05_ss0.0003,0.05,0.0003,50,4,10000,True,TRUE,200,200,200.0,199.0,0.5745272775760735,True
eps2_sr0.05_ss0.0003,0.05,0.0003,50,5,10000,True,isolated,9633,49,130.0,130.0,0.5835806819564158,True
eps2_sr0.05_ss0.0003,0.05,0.0003,50,5,10000,True,pair,130,1,1.0,1.0,0.5835806819564158,True
eps2_sr0.05_ss0.0003,0.05,0.0003,50,5,10000,True,chain>=3,24,1,2.0,2.0,0.5835806819564158,True
eps2_sr0.05_ss0.0003,0.05,0.0003,50,5,10000,True,hub,13,0,1.0,1.0,0.5835806819564158,True
eps2_sr0.05_ss0.0003,0.05,0.0003,50,5,10000,True,TRUE,200,200,200.0,199.0,0.5835806819564158,True
eps2_sr0.05_ss0.0003,0.05,0.0003,50,6,10000,True,isolated,9660,18,106.0,106.0,0.6373662840104056,True
eps2_sr0.05_ss0.0003,0.05,0.0003,50,6,10000,True,pair,112,1,3.0,3.0,0.6373662840104056,True
eps2_sr0.05_ss0.0003,0.05,0.0003,50,6,10000,True,chain>=3,12,0,0.0,0.0,0.6373662840104056,True
eps2_sr0.05_ss0.0003,0.05,0.0003,50,6,10000,True,hub,16,0,0.0,0.0,0.6373662840104056,True
eps2_sr0.05_ss0.0003,0.05,0.0003,50,6,10000,True,TRUE,200,200,200.0,200.0,0.6373662840104056,True
eps2_sr0.05_ss0.0003,0.05,0.0003,50,7,10000,True,isolated,9664,25,103.0,103.0,0.6294927521037799,True
eps2_sr0.05_ss0.0003,0.05,0.0003,50,7,10000,True,pair,112,0,2.0,2.0,0.6294927521037799,True
eps2_sr0.05_ss0.0003,0.05,0.0003,50,7,10000,True,chain>=3,15,0,0.0,0.0,0.6294927521037799,True
eps2_sr0.05_ss0.0003,0.05,0.0003,50,7,10000,True,hub,9,0,0.0,0.0,0.6294927521037799,True
eps2_sr0.05_ss0.0003,0.05,0.0003,50,7,10000,True,TRUE,200,200,200.0,200.0,0.6294927521037799,True
eps2_sr0.05_ss0.0003,0.05,0.0003,50,8,10000,True,isolated,9651,8,129.0,129.0,0.6302872126252352,True
eps2_sr0.05_ss0.0003,0.05,0.0003,50,8,10000,True,pair,120,0,5.0,5.0,0.6302872126252352,True
eps2_sr0.05_ss0.0003,0.05,0.0003,50,8,10000,True,chain>=3,6,0,0.0,0.0,0.6302872126252352,True
eps2_sr0.05_ss0.0003,0.05,0.0003,50,8,10000,True,hub,23,0,0.0,0.0,0.6302872126252352,True
eps2_sr0.05_ss0.0003,0.05,0.0003,50,8,10000,True,TRUE,200,200,200.0,200.0,0.6302872126252352,True
eps2_sr0.05_ss0.0003,0.05,0.0003,50,9,10000,True,isolated,9694,33,196.0,196.0,0.5807059337875322,True
eps2_sr0.05_ss0.0003,0.05,0.0003,50,9,10000,True,pair,84,0,2.0,2.0,0.5807059337875322,True
eps2_sr0.05_ss0.0003,0.05,0.0003,50,9,10000,True,chain>=3,6,0,0.0,0.0,0.5807059337875322,True
eps2_sr0.05_ss0.0003,0.05,0.0003,50,9,10000,True,hub,16,0,1.0,1.0,0.5807059337875322,True
eps2_sr0.05_ss0.0003,0.05,0.0003,50,9,10000,True,TRUE,200,200,200.0,200.0,0.5807059337875322,True
eps2_sr0.05_ss0.0003,0.05,0.0003,100,0,40000,True,isolated,38446,267,1039.0,1039.0,0.6225071237680773,True
eps2_sr0.05_ss0.0003,0.05,0.0003,100,0,40000,True,pair,734,6,24.0,24.0,0.6225071237680773,True
eps2_sr0.05_ss0.0003,0.05,0.0003,100,0,40000,True,chain>=3,232,1,8.0,8.0,0.6225071237680773,True
eps2_sr0.05_ss0.0003,0.05,0.0003,100,0,40000,True,hub,188,2,5.0,5.0,0.6225071237680773,True
eps2_sr0.05_ss0.0003,0.05,0.0003,100,0,40000,True,TRUE,400,400,400.0,400.0,0.6225071237680773,True
eps2_sr0.05_ss0.0003,0.05,0.0003,100,1,40000,True,isolated,38504,334,1076.0,1073.0,0.603489735578134,True
eps2_sr0.05_ss0.0003,0.05,0.0003,100,1,40000,True,pair,736,7,26.0,26.0,0.603489735578134,True
eps2_sr0.05_ss0.0003,0.05,0.0003,100,1,40000,True,chain>=3,244,3,8.0,8.0,0.603489735578134,True
eps2_sr0.05_ss0.0003,0.05,0.0003,100,1,40000,True,hub,116,1,4.0,4.0,0.603489735578134,True
eps2_sr0.05_ss0.0003,0.05,0.0003,100,1,40000,True,TRUE,400,400,400.0,399.0,0.603489735578134,True
eps2_sr0.05_ss0.0003,0.05,0.0003,100,2,40000,True,isolated,38354,381,1127.0,1125.0,34.28001436951283,True
eps2_sr0.05_ss0.0003,0.05,0.0003,100,2,40000,True,pair,858,4,22.0,22.0,34.28001436951283,True
eps2_sr0.05_ss0.0003,0.05,0.0003,100,2,40000,True,chain>=3,249,5,8.0,8.0,34.28001436951283,True
eps2_sr0.05_ss0.0003,0.05,0.0003,100,2,40000,True,hub,139,0,3.0,3.0,34.28001436951283,True
eps2_sr0.05_ss0.0003,0.05,0.0003,100,2,40000,True,TRUE,400,400,400.0,400.0,34.28001436951283,True
eps2_sr0.05_ss0.0003,0.05,0.0003,100,3,40000,True,isolated,38594,358,1106.0,1103.0,0.6060557791503814,True
eps2_sr0.05_ss0.0003,0.05,0.0003,100,3,40000,True,pair,690,5,24.0,24.0,0.6060557791503814,True
eps2_sr0.05_ss0.0003,0.05,0.0003,100,3,40000,True,chain>=3,203,2,3.0,3.0,0.6060557791503814,True
eps2_sr0.05_ss0.0003,0.05,0.0003,100,3,40000,True,hub,113,3,5.0,5.0,0.6060557791503814,True
eps2_sr0.05_ss0.0003,0.05,0.0003,100,3,40000,True,TRUE,400,400,400.0,400.0,0.6060557791503814,True
eps2_sr0.05_ss0.0003,0.05,0.0003,100,4,40000,True,isolated,38489,328,1141.0,1141.0,0.6020236248937495,True
eps2_sr0.05_ss0.0003,0.05,0.0003,100,4,40000,True,pair,760,6,26.0,26.0,0.6020236248937495,True
eps2_sr0.05_ss0.0003,0.05,0.0003,100,4,40000,True,chain>=3,225,2,10.0,10.0,0.6020236248937495,True
eps2_sr0.05_ss0.0003,0.05,0.0003,100,4,40000,True,hub,126,2,3.0,3.0,0.6020236248937495,True
eps2_sr0.05_ss0.0003,0.05,0.0003,100,4,40000,True,TRUE,400,400,400.0,399.0,0.6020236248937495,True
eps2_sr0.05_ss0.0003,0.05,0.0003,200,0,160000,True,isolated,150685,3238,,,,False
eps2_sr0.05_ss0.0003,0.05,0.0003,200,0,160000,True,pair,5176,104,,,,False
eps2_sr0.05_ss0.0003,0.05,0.0003,200,0,160000,True,chain>=3,2109,66,,,,False
eps2_sr0.05_ss0.0003,0.05,0.0003,200,0,160000,True,hub,1230,55,,,,False
eps2_sr0.05_ss0.0003,0.05,0.0003,200,0,160000,True,TRUE,800,800,,,,False
eps2_sr0.05_ss0.0003,0.05,0.0003,200,1,160000,True,isolated,150844,3655,,,,False
eps2_sr0.05_ss0.0003,0.05,0.0003,200,1,160000,True,pair,4404,108,,,,False
eps2_sr0.05_ss0.0003,0.05,0.0003,200,1,160000,True,chain>=3,2435,95,,,,False
eps2_sr0.05_ss0.0003,0.05,0.0003,200,1,160000,True,hub,1517,63,,,,False
eps2_sr0.05_ss0.0003,0.05,0.0003,200,1,160000,True,TRUE,800,800,,,,False
eps2_sr0.05_ss0.0003,0.05,0.0003,200,2,160000,True,isolated,150787,3387,,,,False
eps2_sr0.05_ss0.0003,0.05,0.0003,200,2,160000,True,pair,4646,130,,,,False
eps2_sr0.05_ss0.0003,0.05,0.0003,200,2,160000,True,chain>=3,2403,74,,,,False
eps2_sr0.05_ss0.0003,0.05,0.0003,200,2,160000,True,hub,1364,62,,,,False
eps2_sr0.05_ss0.0003,0.05,0.0003,200,2,160000,True,TRUE,800,800,,,,False
eps2_sr0.05_ss0.0003,0.05,0.0003,200,3,160000,True,isolated,151364,3091,,,,False
eps2_sr0.05_ss0.0003,0.05,0.0003,200,3,160000,True,pair,4410,91,,,,False
eps2_sr0.05_ss0.0003,0.05,0.0003,200,3,160000,True,chain>=3,2175,67,,,,False
eps2_sr0.05_ss0.0003,0.05,0.0003,200,3,160000,True,hub,1251,39,,,,False
eps2_sr0.05_ss0.0003,0.05,0.0003,200,3,160000,True,TRUE,800,786,,,,False
eps2_sr0.05_ss0.0003,0.05,0.0003,200,4,160000,True,isolated,150938,3484,,,,False
eps2_sr0.05_ss0.0003,0.05,0.0003,200,4,160000,True,pair,4536,120,,,,False
eps2_sr0.05_ss0.0003,0.05,0.0003,200,4,160000,True,chain>=3,2018,70,,,,False
eps2_sr0.05_ss0.0003,0.05,0.0003,200,4,160000,True,hub,1708,61,,,,False
eps2_sr0.05_ss0.0003,0.05,0.0003,200,4,160000,True,TRUE,800,800,,,,False
eps2_sr0.05_ss0.0003,0.05,0.0003,400,0,640000,True,isolated,581152,33858,52930.0,52832.0,0.4336416432760784,True
eps2_sr0.05_ss0.0003,0.05,0.0003,400,0,640000,True,pair,23166,1242,2203.0,2199.0,0.4336416432760784,True
eps2_sr0.05_ss0.0003,0.05,0.0003,400,0,640000,True,chain>=3,15189,1128,1637.0,1637.0,0.4336416432760784,True
eps2_sr0.05_ss0.0003,0.05,0.0003,400,0,640000,True,hub,18893,1898,2336.0,2326.0,0.4336416432760784,True
eps2_sr0.05_ss0.0003,0.05,0.0003,400,0,640000,True,TRUE,1600,1563,1597.0,1585.0,0.4336416432760784,True
eps2_sr0.05_ss0.0003,0.05,0.0003,400,1,640000,True,isolated,584274,32433,52825.0,52742.0,0.4253549499995926,True
eps2_sr0.05_ss0.0003,0.05,0.0003,400,1,640000,True,pair,20530,1087,1967.0,1966.0,0.4253549499995926,True
eps2_sr0.05_ss0.0003,0.05,0.0003,400,1,640000,True,chain>=3,14568,975,1525.0,1525.0,0.4253549499995926,True
eps2_sr0.05_ss0.0003,0.05,0.0003,400,1,640000,True,hub,19028,1748,2257.0,2251.0,0.4253549499995926,True
eps2_sr0.05_ss0.0003,0.05,0.0003,400,1,640000,True,TRUE,1600,1582,1597.0,1592.0,0.4253549499995926,True
eps2_sr0.05_ss0.0003,0.05,0.0003,400,2,640000,True,isolated,579576,31111,50221.0,50121.0,0.4570430569350197,True
eps2_sr0.05_ss0.0003,0.05,0.0003,400,2,640000,True,pair,24426,1149,2076.0,2075.0,0.4570430569350197,True
eps2_sr0.05_ss0.0003,0.05,0.0003,400,2,640000,True,chain>=3,14765,942,1435.0,1430.0,0.4570430569350197,True
eps2_sr0.05_ss0.0003,0.05,0.0003,400,2,640000,True,hub,19633,1690,2150.0,2144.0,0.4570430569350197,True
eps2_sr0.05_ss0.0003,0.05,0.0003,400,2,640000,True,TRUE,1600,1555,1595.0,1590.0,0.4570430569350197,True
eps2_sr0.05_ss0.0005,0.05,0.0005,50,0,10000,True,isolated,9647,41,153.0,153.0,0.5929176816282349,True
eps2_sr0.05_ss0.0005,0.05,0.0005,50,0,10000,True,pair,102,0,2.0,2.0,0.5929176816282349,True
eps2_sr0.05_ss0.0005,0.05,0.0005,50,0,10000,True,chain>=3,33,0,0.0,0.0,0.5929176816282349,True
eps2_sr0.05_ss0.0005,0.05,0.0005,50,0,10000,True,hub,18,0,0.0,0.0,0.5929176816282349,True
eps2_sr0.05_ss0.0005,0.05,0.0005,50,0,10000,True,TRUE,200,200,200.0,199.0,0.5929176816282349,True
eps2_sr0.05_ss0.0005,0.05,0.0005,50,1,10000,True,isolated,9655,42,163.0,163.0,0.5805145616315209,True
eps2_sr0.05_ss0.0005,0.05,0.0005,50,1,10000,True,pair,102,1,2.0,2.0,0.5805145616315209,True
eps2_sr0.05_ss0.0005,0.05,0.0005,50,1,10000,True,chain>=3,18,0,0.0,0.0,0.5805145616315209,True
eps2_sr0.05_ss0.0005,0.05,0.0005,50,1,10000,True,hub,25,0,0.0,0.0,0.5805145616315209,True
eps2_sr0.05_ss0.0005,0.05,0.0005,50,1,10000,True,TRUE,200,200,200.0,200.0,0.5805145616315209,True
eps2_sr0.05_ss0.0005,0.05,0.0005,50,2,10000,True,isolated,9662,28,144.0,144.0,0.6086605276928303,True
eps2_sr0.05_ss0.0005,0.05,0.0005,50,2,10000,True,pair,104,0,2.0,2.0,0.6086605276928303,True
eps2_sr0.05_ss0.0005,0.05,0.0005,50,2,10000,True,chain>=3,19,1,1.0,1.0,0.6086605276928303,True
eps2_sr0.05_ss0.0005,0.05,0.0005,50,2,10000,True,hub,15,0,0.0,0.0,0.6086605276928303,True
eps2_sr0.05_ss0.0005,0.05,0.0005,50,2,10000,True,TRUE,200,200,200.0,200.0,0.6086605276928303,True
eps2_sr0.05_ss0.0005,0.05,0.0005,50,3,10000,True,isolated,9642,28,151.0,150.0,0.6070431872215242,True
eps2_sr0.05_ss0.0005,0.05,0.0005,50,3,10000,True,pair,108,0,1.0,1.0,0.6070431872215242,True
eps2_sr0.05_ss0.0005,0.05,0.0005,50,3,10000,True,chain>=3,33,0,1.0,1.0,0.6070431872215242,True
eps2_sr0.05_ss0.0005,0.05,0.0005,50,3,10000,True,hub,17,0,1.0,1.0,0.6070431872215242,True
eps2_sr0.05_ss0.0005,0.05,0.0005,50,3,10000,True,TRUE,200,200,200.0,200.0,0.6070431872215242,True
eps2_sr0.05_ss0.0005,0.05,0.0005,50,4,10000,True,isolated,9669,20,119.0,119.0,0.6247367818175439,True
eps2_sr0.05_ss0.0005,0.05,0.0005,50,4,10000,True,pair,94,0,0.0,0.0,0.6247367818175439,True
eps2_sr0.05_ss0.0005,0.05,0.0005,50,4,10000,True,chain>=3,9,0,0.0,0.0,0.6247367818175439,True
eps2_sr0.05_ss0.0005,0.05,0.0005,50,4,10000,True,hub,28,0,0.0,0.0,0.6247367818175439,True
eps2_sr0.05_ss0.0005,0.05,0.0005,50,4,10000,True,TRUE,200,200,200.0,200.0,0.6247367818175439,True
eps2_sr0.05_ss0.0005,0.05,0.0005,50,5,10000,True,isolated,9659,31,176.0,176.0,0.5868579324084814,True
eps2_sr0.05_ss0.0005,0.05,0.0005,50,5,10000,True,pair,116,1,2.0,2.0,0.5868579324084814,True
eps2_sr0.05_ss0.0005,0.05,0.0005,50,5,10000,True,chain>=3,12,0,0.0,0.0,0.5868579324084814,True
eps2_sr0.05_ss0.0005,0.05,0.0005,50,5,10000,True,hub,13,0,0.0,0.0,0.5868579324084814,True
eps2_sr0.05_ss0.0005,0.05,0.0005,50,5,10000,True,TRUE,200,200,200.0,199.0,0.5868579324084814,True
eps2_sr0.05_ss0.0005,0.05,0.0005,50,6,10000,True,isolated,9675,42,151.0,151.0,0.5911034173134815,True
eps2_sr0.05_ss0.0005,0.05,0.0005,50,6,10000,True,pair,80,0,0.0,0.0,0.5911034173134815,True
eps2_sr0.05_ss0.0005,0.05,0.0005,50,6,10000,True,chain>=3,21,0,1.0,1.0,0.5911034173134815,True
eps2_sr0.05_ss0.0005,0.05,0.0005,50,6,10000,True,hub,24,0,0.0,0.0,0.5911034173134815,True
eps2_sr0.05_ss0.0005,0.05,0.0005,50,6,10000,True,TRUE,200,200,200.0,200.0,0.5911034173134815,True
eps2_sr0.05_ss0.0005,0.05,0.0005,50,7,10000,True,isolated,9596,49,211.0,210.0,0.561222512759289,True
eps2_sr0.05_ss0.0005,0.05,0.0005,50,7,10000,True,pair,136,1,4.0,4.0,0.561222512759289,True
eps2_sr0.05_ss0.0005,0.05,0.0005,50,7,10000,True,chain>=3,30,1,1.0,1.0,0.561222512759289,True
eps2_sr0.05_ss0.0005,0.05,0.0005,50,7,10000,True,hub,38,0,1.0,1.0,0.561222512759289,True
eps2_sr0.05_ss0.0005,0.05,0.0005,50,7,10000,True,TRUE,200,200,200.0,200.0,0.561222512759289,True
eps2_sr0.05_ss0.0005,0.05,0.0005,50,8,10000,True,isolated,9651,22,117.0,115.0,0.6628641175754307,True
eps2_sr0.05_ss0.0005,0.05,0.0005,50,8,10000,True,pair,104,0,5.0,5.0,0.6628641175754307,True
eps2_sr0.05_ss0.0005,0.05,0.0005,50,8,10000,True,chain>=3,22,1,1.0,1.0,0.6628641175754307,True
eps2_sr0.05_ss0.0005,0.05,0.0005,50,8,10000,True,hub,23,0,0.0,0.0,0.6628641175754307,True
eps2_sr0.05_ss0.0005,0.05,0.0005,50,8,10000,True,TRUE,200,200,200.0,198.0,0.6628641175754307,True
eps2_sr0.05_ss0.0005,0.05,0.0005,50,9,10000,True,isolated,9669,28,154.0,154.0,0.5975627993646988,True
eps2_sr0.05_ss0.0005,0.05,0.0005,50,9,10000,True,pair,108,0,0.0,0.0,0.5975627993646988,True
eps2_sr0.05_ss0.0005,0.05,0.0005,50,9,10000,True,chain>=3,10,0,0.0,0.0,0.5975627993646988,True
eps2_sr0.05_ss0.0005,0.05,0.0005,50,9,10000,True,hub,13,0,0.0,0.0,0.5975627993646988,True
eps2_sr0.05_ss0.0005,0.05,0.0005,50,9,10000,True,TRUE,200,200,200.0,200.0,0.5975627993646988,True
eps2_sr0.05_ss0.0005,0.05,0.0005,100,0,40000,True,isolated,38365,272,999.0,998.0,0.6294644021537755,True
eps2_sr0.05_ss0.0005,0.05,0.0005,100,0,40000,True,pair,860,2,20.0,20.0,0.6294644021537755,True
eps2_sr0.05_ss0.0005,0.05,0.0005,100,0,40000,True,chain>=3,234,3,9.0,9.0,0.6294644021537755,True
eps2_sr0.05_ss0.0005,0.05,0.0005,100,0,40000,True,hub,141,3,6.0,6.0,0.6294644021537755,True
eps2_sr0.05_ss0.0005,0.05,0.0005,100,0,40000,True,TRUE,400,400,400.0,399.0,0.6294644021537755,True
eps2_sr0.05_ss0.0005,0.05,0.0005,100,1,40000,True,isolated,38411,430,1038.0,1038.0,0.5940501217530091,True
eps2_sr0.05_ss0.0005,0.05,0.0005,100,1,40000,True,pair,832,14,22.0,22.0,0.5940501217530091,True
eps2_sr0.05_ss0.0005,0.05,0.0005,100,1,40000,True,chain>=3,241,7,13.0,13.0,0.5940501217530091,True
eps2_sr0.05_ss0.0005,0.05,0.0005,100,1,40000,True,hub,116,5,7.0,7.0,0.5940501217530091,True
eps2_sr0.05_ss0.0005,0.05,0.0005,100,1,40000,True,TRUE,400,400,400.0,399.0,0.5940501217530091,True
eps2_sr0.05_ss0.0005,0.05,0.0005,100,2,40000,True,isolated,38495,265,993.0,989.0,0.6300195566506692,True
eps2_sr0.05_ss0.0005,0.05,0.0005,100,2,40000,True,pair,780,3,15.0,15.0,0.6300195566506692,True
eps2_sr0.05_ss0.0005,0.05,0.0005,100,2,40000,True,chain>=3,213,0,5.0,5.0,0.6300195566506692,True
eps2_sr0.05_ss0.0005,0.05,0.0005,100,2,40000,True,hub,112,0,3.0,3.0,0.6300195566506692,True
eps2_sr0.05_ss0.0005,0.05,0.0005,100,2,40000,True,TRUE,400,400,400.0,400.0,0.6300195566506692,True
eps2_sr0.05_ss0.0005,0.05,0.0005,100,3,40000,True,isolated,38462,366,1074.0,1073.0,0.5952268201453508,True
eps2_sr0.05_ss0.0005,0.05,0.0005,100,3,40000,True,pair,794,8,23.0,23.0,0.5952268201453508,True
eps2_sr0.05_ss0.0005,0.05,0.0005,100,3,40000,True,chain>=3,203,6,9.0,9.0,0.5952268201453508,True
eps2_sr0.05_ss0.0005,0.05,0.0005,100,3,40000,True,hub,141,3,10.0,10.0,0.5952268201453508,True
eps2_sr0.05_ss0.0005,0.05,0.0005,100,3,40000,True,TRUE,400,400,400.0,398.0,0.5952268201453508,True
eps2_sr0.05_ss0.0005,0.05,0.0005,100,4,40000,True,isolated,38414,314,1105.0,1103.0,0.607630380530806,True
eps2_sr0.05_ss0.0005,0.05,0.0005,100,4,40000,True,pair,818,2,19.0,19.0,0.607630380530806,True
eps2_sr0.05_ss0.0005,0.05,0.0005,100,4,40000,True,chain>=3,206,2,6.0,6.0,0.607630380530806,True
eps2_sr0.05_ss0.0005,0.05,0.0005,100,4,40000,True,hub,162,3,4.0,4.0,0.607630380530806,True
eps2_sr0.05_ss0.0005,0.05,0.0005,100,4,40000,True,TRUE,400,400,400.0,400.0,0.607630380530806,True
eps2_sr0.05_ss0.0005,0.05,0.0005,200,0,160000,True,isolated,151074,3545,8170.0,8162.0,0.48476738901326244,True
eps2_sr0.05_ss0.0005,0.05,0.0005,200,0,160000,True,pair,4794,137,306.0,306.0,0.48476738901326244,True
eps2_sr0.05_ss0.0005,0.05,0.0005,200,0,160000,True,chain>=3,1981,83,141.0,141.0,0.48476738901326244,True
eps2_sr0.05_ss0.0005,0.05,0.0005,200,0,160000,True,hub,1351,70,107.0,107.0,0.48476738901326244,True
eps2_sr0.05_ss0.0005,0.05,0.0005,200,0,160000,True,TRUE,800,800,799.0,798.0,0.48476738901326244,True
eps2_sr0.05_ss0.0005,0.05,0.0005,200,1,160000,True,isolated,150572,3944,7921.0,7908.0,0.4820045982738275,True
eps2_sr0.05_ss0.0005,0.05,0.0005,200,1,160000,True,pair,4622,132,268.0,268.0,0.4820045982738275,True
eps2_sr0.05_ss0.0005,0.05,0.0005,200,1,160000,True,chain>=3,2132,72,129.0,129.0,0.4820045982738275,True
eps2_sr0.05_ss0.0005,0.05,0.0005,200,1,160000,True,hub,1874,95,141.0,141.0,0.4820045982738275,True
eps2_sr0.05_ss0.0005,0.05,0.0005,200,1,160000,True,TRUE,800,786,800.0,798.0,0.4820045982738275,True
eps2_sr0.05_ss0.0005,0.05,0.0005,200,2,160000,True,isolated,151363,3715,,,,False
eps2_sr0.05_ss0.0005,0.05,0.0005,200,2,160000,True,pair,4188,123,,,,False
eps2_sr0.05_ss0.0005,0.05,0.0005,200,2,160000,True,chain>=3,2151,68,,,,False
eps2_sr0.05_ss0.0005,0.05,0.0005,200,2,160000,True,hub,1498,66,,,,False
eps2_sr0.05_ss0.0005,0.05,0.0005,200,2,160000,True,TRUE,800,800,,,,False
eps2_sr0.05_ss0.0005,0.05,0.0005,200,3,160000,True,isolated,150397,3299,,,,False
eps2_sr0.05_ss0.0005,0.05,0.0005,200,3,160000,True,pair,4952,116,,,,False
eps2_sr0.05_ss0.0005,0.05,0.0005,200,3,160000,True,chain>=3,2080,78,,,,False
eps2_sr0.05_ss0.0005,0.05,0.0005,200,3,160000,True,hub,1771,69,,,,False
eps2_sr0.05_ss0.0005,0.05,0.0005,200,3,160000,True,TRUE,800,800,,,,False
eps2_sr0.05_ss0.0005,0.05,0.0005,200,4,160000,True,isolated,150828,3428,,,,False
eps2_sr0.05_ss0.0005,0.05,0.0005,200,4,160000,True,pair,4612,125,,,,False
eps2_sr0.05_ss0.0005,0.05,0.0005,200,4,160000,True,chain>=3,2324,69,,,,False
eps2_sr0.05_ss0.0005,0.05,0.0005,200,4,160000,True,hub,1436,49,,,,False
eps2_sr0.05_ss0.0005,0.05,0.0005,200,4,160000,True,TRUE,800,800,,,,False
eps2_sr0.05_ss0.0005,0.05,0.0005,400,0,640000,True,isolated,583688,31344,49665.0,49629.0,0.40356209401130505,True
eps2_sr0.05_ss0.0005,0.05,0.0005,400,0,640000,True,pair,21856,1090,1907.0,1906.0,0.40356209401130505,True
eps2_sr0.05_ss0.0005,0.05,0.0005,400,0,640000,True,chain>=3,15099,1062,1547.0,1546.0,0.40356209401130505,True
eps2_sr0.05_ss0.0005,0.05,0.0005,400,0,640000,True,hub,17757,1539,1949.0,1945.0,0.40356209401130505,True
eps2_sr0.05_ss0.0005,0.05,0.0005,400,0,640000,True,TRUE,1600,1576,1596.0,1595.0,0.40356209401130505,True
eps2_sr0.05_ss0.0005,0.05,0.0005,400,1,640000,True,isolated,585482,33735,53881.0,53754.0,0.6237104710973557,True
eps2_sr0.05_ss0.0005,0.05,0.0005,400,1,640000,True,pair,20594,1057,1903.0,1898.0,0.6237104710973557,True
eps2_sr0.05_ss0.0005,0.05,0.0005,400,1,640000,True,chain>=3,14780,988,1505.0,1503.0,0.6237104710973557,True
eps2_sr0.05_ss0.0005,0.05,0.0005,400,1,640000,True,hub,17544,1687,2142.0,2137.0,0.6237104710973557,True
eps2_sr0.05_ss0.0005,0.05,0.0005,400,1,640000,True,TRUE,1600,1547,1599.0,1588.0,0.6237104710973557,True
eps2_sr0.05_ss0.0005,0.05,0.0005,400,2,640000,True,isolated,576510,31733,51306.0,51212.0,0.43495983687166184,True
eps2_sr0.05_ss0.0005,0.05,0.0005,400,2,640000,True,pair,23292,1133,2034.0,2031.0,0.43495983687166184,True
eps2_sr0.05_ss0.0005,0.05,0.0005,400,2,640000,True,chain>=3,16373,1164,1739.0,1734.0,0.43495983687166184,True
eps2_sr0.05_ss0.0005,0.05,0.0005,400,2,640000,True,hub,22225,2112,2651.0,2646.0,0.43495983687166184,True
eps2_sr0.05_ss0.0005,0.05,0.0005,400,2,640000,True,TRUE,1600,1563,1598.0,1593.0,0.43495983687166184,True
eps2_sr0_ss0.0001,0.0,0.0001,50,0,10000,True,isolated,9800,0,0.0,0.0,0.7869348403172102,True
eps2_sr0_ss0.0001,0.0,0.0001,50,0,10000,True,pair,0,0,0.0,0.0,0.7869348403172102,True
eps2_sr0_ss0.0001,0.0,0.0001,50,0,10000,True,chain>=3,0,0,0.0,0.0,0.7869348403172102,True
eps2_sr0_ss0.0001,0.0,0.0001,50,0,10000,True,hub,0,0,0.0,0.0,0.7869348403172102,True
eps2_sr0_ss0.0001,0.0,0.0001,50,0,10000,True,TRUE,200,200,200.0,200.0,0.7869348403172102,True
eps2_sr0_ss0.0001,0.0,0.0001,50,1,10000,True,isolated,9800,0,0.0,0.0,0.7869348403172103,True
eps2_sr0_ss0.0001,0.0,0.0001,50,1,10000,True,pair,0,0,0.0,0.0,0.7869348403172103,True
eps2_sr0_ss0.0001,0.0,0.0001,50,1,10000,True,chain>=3,0,0,0.0,0.0,0.7869348403172103,True
eps2_sr0_ss0.0001,0.0,0.0001,50,1,10000,True,hub,0,0,0.0,0.0,0.7869348403172103,True
eps2_sr0_ss0.0001,0.0,0.0001,50,1,10000,True,TRUE,200,200,200.0,200.0,0.7869348403172103,True
eps2_sr0_ss0.0001,0.0,0.0001,50,2,10000,True,isolated,9800,0,0.0,0.0,0.7869348403172102,True
eps2_sr0_ss0.0001,0.0,0.0001,50,2,10000,True,pair,0,0,0.0,0.0,0.7869348403172102,True
eps2_sr0_ss0.0001,0.0,0.0001,50,2,10000,True,chain>=3,0,0,0.0,0.0,0.7869348403172102,True
eps2_sr0_ss0.0001,0.0,0.0001,50,2,10000,True,hub,0,0,0.0,0.0,0.7869348403172102,True
eps2_sr0_ss0.0001,0.0,0.0001,50,2,10000,True,TRUE,200,200,200.0,200.0,0.7869348403172102,True
eps2_sr0_ss0.0001,0.0,0.0001,50,3,10000,True,isolated,9800,0,0.0,0.0,0.7869348403172102,True
eps2_sr0_ss0.0001,0.0,0.0001,50,3,10000,True,pair,0,0,0.0,0.0,0.7869348403172102,True
eps2_sr0_ss0.0001,0.0,0.0001,50,3,10000,True,chain>=3,0,0,0.0,0.0,0.7869348403172102,True
eps2_sr0_ss0.0001,0.0,0.0001,50,3,10000,True,hub,0,0,0.0,0.0,0.7869348403172102,True
eps2_sr0_ss0.0001,0.0,0.0001,50,3,10000,True,TRUE,200,200,200.0,200.0,0.7869348403172102,True
eps2_sr0_ss0.0001,0.0,0.0001,50,4,10000,True,isolated,9800,0,0.0,0.0,0.7869348403172103,True
eps2_sr0_ss0.0001,0.0,0.0001,50,4,10000,True,pair,0,0,0.0,0.0,0.7869348403172103,True
eps2_sr0_ss0.0001,0.0,0.0001,50,4,10000,True,chain>=3,0,0,0.0,0.0,0.7869348403172103,True
eps2_sr0_ss0.0001,0.0,0.0001,50,4,10000,True,hub,0,0,0.0,0.0,0.7869348403172103,True
eps2_sr0_ss0.0001,0.0,0.0001,50,4,10000,True,TRUE,200,200,200.0,200.0,0.7869348403172103,True
eps2_sr0_ss0.0001,0.0,0.0001,50,5,10000,True,isolated,9800,0,0.0,0.0,0.7869348403172103,True
eps2_sr0_ss0.0001,0.0,0.0001,50,5,10000,True,pair,0,0,0.0,0.0,0.7869348403172103,True
eps2_sr0_ss0.0001,0.0,0.0001,50,5,10000,True,chain>=3,0,0,0.0,0.0,0.7869348403172103,True
eps2_sr0_ss0.0001,0.0,0.0001,50,5,10000,True,hub,0,0,0.0,0.0,0.7869348403172103,True
eps2_sr0_ss0.0001,0.0,0.0001,50,5,10000,True,TRUE,200,200,200.0,200.0,0.7869348403172103,True
eps2_sr0_ss0.0001,0.0,0.0001,50,6,10000,True,isolated,9800,0,0.0,0.0,0.7869348403172103,True
eps2_sr0_ss0.0001,0.0,0.0001,50,6,10000,True,pair,0,0,0.0,0.0,0.7869348403172103,True
eps2_sr0_ss0.0001,0.0,0.0001,50,6,10000,True,chain>=3,0,0,0.0,0.0,0.7869348403172103,True
eps2_sr0_ss0.0001,0.0,0.0001,50,6,10000,True,hub,0,0,0.0,0.0,0.7869348403172103,True
eps2_sr0_ss0.0001,0.0,0.0001,50,6,10000,True,TRUE,200,200,200.0,200.0,0.7869348403172103,True
eps2_sr0_ss0.0001,0.0,0.0001,50,7,10000,True,isolated,9800,0,0.0,0.0,0.7869348403172103,True
eps2_sr0_ss0.0001,0.0,0.0001,50,7,10000,True,pair,0,0,0.0,0.0,0.7869348403172103,True
eps2_sr0_ss0.0001,0.0,0.0001,50,7,10000,True,chain>=3,0,0,0.0,0.0,0.7869348403172103,True
eps2_sr0_ss0.0001,0.0,0.0001,50,7,10000,True,hub,0,0,0.0,0.0,0.7869348403172103,True
eps2_sr0_ss0.0001,0.0,0.0001,50,7,10000,True,TRUE,200,200,200.0,200.0,0.7869348403172103,True
eps2_sr0_ss0.0001,0.0,0.0001,50,8,10000,True,isolated,9800,0,0.0,0.0,0.7869348403172103,True
eps2_sr0_ss0.0001,0.0,0.0001,50,8,10000,True,pair,0,0,0.0,0.0,0.7869348403172103,True
eps2_sr0_ss0.0001,0.0,0.0001,50,8,10000,True,chain>=3,0,0,0.0,0.0,0.7869348403172103,True
eps2_sr0_ss0.0001,0.0,0.0001,50,8,10000,True,hub,0,0,0.0,0.0,0.7869348403172103,True
eps2_sr0_ss0.0001,0.0,0.0001,50,8,10000,True,TRUE,200,200,200.0,200.0,0.7869348403172103,True
eps2_sr0_ss0.0001,0.0,0.0001,50,9,10000,True,isolated,9800,0,0.0,0.0,0.7869348403172103,True
eps2_sr0_ss0.0001,0.0,0.0001,50,9,10000,True,pair,0,0,0.0,0.0,0.7869348403172103,True
eps2_sr0_ss0.0001,0.0,0.0001,50,9,10000,True,chain>=3,0,0,0.0,0.0,0.7869348403172103,True
eps2_sr0_ss0.0001,0.0,0.0001,50,9,10000,True,hub,0,0,0.0,0.0,0.7869348403172103,True
eps2_sr0_ss0.0001,0.0,0.0001,50,9,10000,True,TRUE,200,200,200.0,200.0,0.7869348403172103,True
eps2_sr0_ss0.0001,0.0,0.0001,100,0,40000,True,isolated,39598,0,0.0,0.0,1.1036510896689173,True
eps2_sr0_ss0.0001,0.0,0.0001,100,0,40000,True,pair,2,0,0.0,0.0,1.1036510896689173,True
eps2_sr0_ss0.0001,0.0,0.0001,100,0,40000,True,chain>=3,0,0,0.0,0.0,1.1036510896689173,True
eps2_sr0_ss0.0001,0.0,0.0001,100,0,40000,True,hub,0,0,0.0,0.0,1.1036510896689173,True
eps2_sr0_ss0.0001,0.0,0.0001,100,0,40000,True,TRUE,400,400,400.0,400.0,1.1036510896689173,True
eps2_sr0_ss0.0001,0.0,0.0001,100,1,40000,True,isolated,39600,0,0.0,0.0,1.1036510896689173,True
eps2_sr0_ss0.0001,0.0,0.0001,100,1,40000,True,pair,0,0,0.0,0.0,1.1036510896689173,True
eps2_sr0_ss0.0001,0.0,0.0001,100,1,40000,True,chain>=3,0,0,0.0,0.0,1.1036510896689173,True
eps2_sr0_ss0.0001,0.0,0.0001,100,1,40000,True,hub,0,0,0.0,0.0,1.1036510896689173,True
eps2_sr0_ss0.0001,0.0,0.0001,100,1,40000,True,TRUE,400,400,400.0,400.0,1.1036510896689173,True
eps2_sr0_ss0.0001,0.0,0.0001,100,2,40000,True,isolated,39600,0,0.0,0.0,1.1036510896689173,True
eps2_sr0_ss0.0001,0.0,0.0001,100,2,40000,True,pair,0,0,0.0,0.0,1.1036510896689173,True
eps2_sr0_ss0.0001,0.0,0.0001,100,2,40000,True,chain>=3,0,0,0.0,0.0,1.1036510896689173,True
eps2_sr0_ss0.0001,0.0,0.0001,100,2,40000,True,hub,0,0,0.0,0.0,1.1036510896689173,True
eps2_sr0_ss0.0001,0.0,0.0001,100,2,40000,True,TRUE,400,400,400.0,400.0,1.1036510896689173,True
eps2_sr0_ss0.0001,0.0,0.0001,100,3,40000,True,isolated,39600,0,0.0,0.0,1.1036510896689173,True
eps2_sr0_ss0.0001,0.0,0.0001,100,3,40000,True,pair,0,0,0.0,0.0,1.1036510896689173,True
eps2_sr0_ss0.0001,0.0,0.0001,100,3,40000,True,chain>=3,0,0,0.0,0.0,1.1036510896689173,True
eps2_sr0_ss0.0001,0.0,0.0001,100,3,40000,True,hub,0,0,0.0,0.0,1.1036510896689173,True
eps2_sr0_ss0.0001,0.0,0.0001,100,3,40000,True,TRUE,400,400,400.0,400.0,1.1036510896689173,True
eps2_sr0_ss0.0001,0.0,0.0001,100,4,40000,True,isolated,39598,0,0.0,0.0,1.1036510896689173,True
eps2_sr0_ss0.0001,0.0,0.0001,100,4,40000,True,pair,2,0,0.0,0.0,1.1036510896689173,True
eps2_sr0_ss0.0001,0.0,0.0001,100,4,40000,True,chain>=3,0,0,0.0,0.0,1.1036510896689173,True
eps2_sr0_ss0.0001,0.0,0.0001,100,4,40000,True,hub,0,0,0.0,0.0,1.1036510896689173,True
eps2_sr0_ss0.0001,0.0,0.0001,100,4,40000,True,TRUE,400,400,400.0,400.0,1.1036510896689173,True
eps2_sr0_ss0.0001,0.0,0.0001,200,0,160000,True,isolated,159196,0,10.0,10.0,1.5493190406313986,True
eps2_sr0_ss0.0001,0.0,0.0001,200,0,160000,True,pair,4,0,0.0,0.0,1.5493190406313986,True
eps2_sr0_ss0.0001,0.0,0.0001,200,0,160000,True,chain>=3,0,0,0.0,0.0,1.5493190406313986,True
eps2_sr0_ss0.0001,0.0,0.0001,200,0,160000,True,hub,0,0,0.0,0.0,1.5493190406313986,True
eps2_sr0_ss0.0001,0.0,0.0001,200,0,160000,True,TRUE,800,800,800.0,800.0,1.5493190406313986,True
eps2_sr0_ss0.0001,0.0,0.0001,200,1,160000,True,isolated,159194,0,6.0,6.0,1.5512743727428788,True
eps2_sr0_ss0.0001,0.0,0.0001,200,1,160000,True,pair,6,0,0.0,0.0,1.5512743727428788,True
eps2_sr0_ss0.0001,0.0,0.0001,200,1,160000,True,chain>=3,0,0,0.0,0.0,1.5512743727428788,True
eps2_sr0_ss0.0001,0.0,0.0001,200,1,160000,True,hub,0,0,0.0,0.0,1.5512743727428788,True
eps2_sr0_ss0.0001,0.0,0.0001,200,1,160000,True,TRUE,800,800,800.0,800.0,1.5512743727428788,True
eps2_sr0_ss0.0001,0.0,0.0001,200,2,160000,True,isolated,159192,0,2.0,2.0,1.5532372026489523,True
eps2_sr0_ss0.0001,0.0,0.0001,200,2,160000,True,pair,8,0,0.0,0.0,1.5532372026489523,True
eps2_sr0_ss0.0001,0.0,0.0001,200,2,160000,True,chain>=3,0,0,0.0,0.0,1.5532372026489523,True
eps2_sr0_ss0.0001,0.0,0.0001,200,2,160000,True,hub,0,0,0.0,0.0,1.5532372026489523,True
eps2_sr0_ss0.0001,0.0,0.0001,200,2,160000,True,TRUE,800,800,800.0,800.0,1.5532372026489523,True
eps2_sr0_ss0.0001,0.0,0.0001,200,3,160000,True,isolated,159190,0,4.0,4.0,1.5522548474851714,True
eps2_sr0_ss0.0001,0.0,0.0001,200,3,160000,True,pair,10,0,0.0,0.0,1.5522548474851714,True
eps2_sr0_ss0.0001,0.0,0.0001,200,3,160000,True,chain>=3,0,0,0.0,0.0,1.5522548474851714,True
eps2_sr0_ss0.0001,0.0,0.0001,200,3,160000,True,hub,0,0,0.0,0.0,1.5522548474851714,True
eps2_sr0_ss0.0001,0.0,0.0001,200,3,160000,True,TRUE,800,800,800.0,800.0,1.5522548474851714,True
eps2_sr0_ss0.0001,0.0,0.0001,200,4,160000,True,isolated,159194,0,6.0,6.0,1.551274372742887,True
eps2_sr0_ss0.0001,0.0,0.0001,200,4,160000,True,pair,2,0,0.0,0.0,1.551274372742887,True
eps2_sr0_ss0.0001,0.0,0.0001,200,4,160000,True,chain>=3,0,0,0.0,0.0,1.551274372742887,True
eps2_sr0_ss0.0001,0.0,0.0001,200,4,160000,True,hub,4,0,0.0,0.0,1.551274372742887,True
eps2_sr0_ss0.0001,0.0,0.0001,200,4,160000,True,TRUE,800,800,800.0,800.0,1.551274372742887,True
eps2_sr0_ss0.0001,0.0,0.0001,400,0,640000,True,isolated,638338,0,48.0,48.0,2.176779184335044,True
eps2_sr0_ss0.0001,0.0,0.0001,400,0,640000,True,pair,62,0,0.0,0.0,2.176779184335044,True
eps2_sr0_ss0.0001,0.0,0.0001,400,0,640000,True,chain>=3,0,0,0.0,0.0,2.176779184335044,True
eps2_sr0_ss0.0001,0.0,0.0001,400,0,640000,True,hub,0,0,0.0,0.0,2.176779184335044,True
eps2_sr0_ss0.0001,0.0,0.0001,400,0,640000,True,TRUE,1600,1600,1600.0,1600.0,2.176779184335044,True
eps2_sr0_ss0.0001,0.0,0.0001,400,1,640000,True,isolated,638350,4,48.0,47.0,2.1727367726372795,True
eps2_sr0_ss0.0001,0.0,0.0001,400,1,640000,True,pair,50,0,0.0,0.0,2.1727367726372795,True
eps2_sr0_ss0.0001,0.0,0.0001,400,1,640000,True,chain>=3,0,0,0.0,0.0,2.1727367726372795,True
eps2_sr0_ss0.0001,0.0,0.0001,400,1,640000,True,hub,0,0,0.0,0.0,2.1727367726372795,True
eps2_sr0_ss0.0001,0.0,0.0001,400,1,640000,True,TRUE,1600,1600,1600.0,1600.0,2.1727367726372795,True
eps2_sr0_ss0.0001,0.0,0.0001,400,2,640000,True,isolated,638360,0,54.0,54.0,2.1747360097282344,True
eps2_sr0_ss0.0001,0.0,0.0001,400,2,640000,True,pair,40,0,0.0,0.0,2.1747360097282344,True
eps2_sr0_ss0.0001,0.0,0.0001,400,2,640000,True,chain>=3,0,0,0.0,0.0,2.1747360097282344,True
eps2_sr0_ss0.0001,0.0,0.0001,400,2,640000,True,hub,0,0,0.0,0.0,2.1747360097282344,True
eps2_sr0_ss0.0001,0.0,0.0001,400,2,640000,True,TRUE,1600,1600,1600.0,1600.0,2.1747360097282344,True
eps2_sr0_ss0.0003,0.0,0.0003,50,0,10000,True,isolated,9798,0,0.0,0.0,0.7869348403172103,True
eps2_sr0_ss0.0003,0.0,0.0003,50,0,10000,True,pair,2,0,0.0,0.0,0.7869348403172103,True
eps2_sr0_ss0.0003,0.0,0.0003,50,0,10000,True,chain>=3,0,0,0.0,0.0,0.7869348403172103,True
eps2_sr0_ss0.0003,0.0,0.0003,50,0,10000,True,hub,0,0,0.0,0.0,0.7869348403172103,True
eps2_sr0_ss0.0003,0.0,0.0003,50,0,10000,True,TRUE,200,200,200.0,200.0,0.7869348403172103,True
eps2_sr0_ss0.0003,0.0,0.0003,50,1,10000,True,isolated,9798,0,0.0,0.0,0.7869348403172103,True
eps2_sr0_ss0.0003,0.0,0.0003,50,1,10000,True,pair,2,0,0.0,0.0,0.7869348403172103,True
eps2_sr0_ss0.0003,0.0,0.0003,50,1,10000,True,chain>=3,0,0,0.0,0.0,0.7869348403172103,True
eps2_sr0_ss0.0003,0.0,0.0003,50,1,10000,True,hub,0,0,0.0,0.0,0.7869348403172103,True
eps2_sr0_ss0.0003,0.0,0.0003,50,1,10000,True,TRUE,200,200,200.0,200.0,0.7869348403172103,True
eps2_sr0_ss0.0003,0.0,0.0003,50,2,10000,True,isolated,9796,0,2.0,2.0,0.7849910858887547,True
eps2_sr0_ss0.0003,0.0,0.0003,50,2,10000,True,pair,4,0,0.0,0.0,0.7849910858887547,True
eps2_sr0_ss0.0003,0.0,0.0003,50,2,10000,True,chain>=3,0,0,0.0,0.0,0.7849910858887547,True
eps2_sr0_ss0.0003,0.0,0.0003,50,2,10000,True,hub,0,0,0.0,0.0,0.7849910858887547,True
eps2_sr0_ss0.0003,0.0,0.0003,50,2,10000,True,TRUE,200,200,200.0,200.0,0.7849910858887547,True
eps2_sr0_ss0.0003,0.0,0.0003,50,3,10000,True,isolated,9800,0,2.0,2.0,0.7849910858887514,True
eps2_sr0_ss0.0003,0.0,0.0003,50,3,10000,True,pair,0,0,0.0,0.0,0.7849910858887514,True
eps2_sr0_ss0.0003,0.0,0.0003,50,3,10000,True,chain>=3,0,0,0.0,0.0,0.7849910858887514,True
eps2_sr0_ss0.0003,0.0,0.0003,50,3,10000,True,hub,0,0,0.0,0.0,0.7849910858887514,True
eps2_sr0_ss0.0003,0.0,0.0003,50,3,10000,True,TRUE,200,200,200.0,200.0,0.7849910858887514,True
eps2_sr0_ss0.0003,0.0,0.0003,50,4,10000,True,isolated,9800,0,0.0,0.0,0.7869348403172102,True
eps2_sr0_ss0.0003,0.0,0.0003,50,4,10000,True,pair,0,0,0.0,0.0,0.7869348403172102,True
eps2_sr0_ss0.0003,0.0,0.0003,50,4,10000,True,chain>=3,0,0,0.0,0.0,0.7869348403172102,True
eps2_sr0_ss0.0003,0.0,0.0003,50,4,10000,True,hub,0,0,0.0,0.0,0.7869348403172102,True
eps2_sr0_ss0.0003,0.0,0.0003,50,4,10000,True,TRUE,200,200,200.0,200.0,0.7869348403172102,True
eps2_sr0_ss0.0003,0.0,0.0003,50,5,10000,True,isolated,9800,0,4.0,4.0,0.7830622421737342,True
eps2_sr0_ss0.0003,0.0,0.0003,50,5,10000,True,pair,0,0,0.0,0.0,0.7830622421737342,True
eps2_sr0_ss0.0003,0.0,0.0003,50,5,10000,True,chain>=3,0,0,0.0,0.0,0.7830622421737342,True
eps2_sr0_ss0.0003,0.0,0.0003,50,5,10000,True,hub,0,0,0.0,0.0,0.7830622421737342,True
eps2_sr0_ss0.0003,0.0,0.0003,50,5,10000,True,TRUE,200,200,200.0,200.0,0.7830622421737342,True
eps2_sr0_ss0.0003,0.0,0.0003,50,6,10000,True,isolated,9798,0,0.0,0.0,0.7869348403172103,True
eps2_sr0_ss0.0003,0.0,0.0003,50,6,10000,True,pair,2,0,0.0,0.0,0.7869348403172103,True
eps2_sr0_ss0.0003,0.0,0.0003,50,6,10000,True,chain>=3,0,0,0.0,0.0,0.7869348403172103,True
eps2_sr0_ss0.0003,0.0,0.0003,50,6,10000,True,hub,0,0,0.0,0.0,0.7869348403172103,True
eps2_sr0_ss0.0003,0.0,0.0003,50,6,10000,True,TRUE,200,200,200.0,200.0,0.7869348403172103,True
eps2_sr0_ss0.0003,0.0,0.0003,50,7,10000,True,isolated,9800,0,2.0,2.0,0.7849910858887668,True
eps2_sr0_ss0.0003,0.0,0.0003,50,7,10000,True,pair,0,0,0.0,0.0,0.7849910858887668,True
eps2_sr0_ss0.0003,0.0,0.0003,50,7,10000,True,chain>=3,0,0,0.0,0.0,0.7849910858887668,True
eps2_sr0_ss0.0003,0.0,0.0003,50,7,10000,True,hub,0,0,0.0,0.0,0.7849910858887668,True
eps2_sr0_ss0.0003,0.0,0.0003,50,7,10000,True,TRUE,200,200,200.0,200.0,0.7849910858887668,True
eps2_sr0_ss0.0003,0.0,0.0003,50,8,10000,True,isolated,9799,0,0.0,0.0,0.7869348403172103,True
eps2_sr0_ss0.0003,0.0,0.0003,50,8,10000,True,pair,0,0,0.0,0.0,0.7869348403172103,True
eps2_sr0_ss0.0003,0.0,0.0003,50,8,10000,True,chain>=3,0,0,0.0,0.0,0.7869348403172103,True
eps2_sr0_ss0.0003,0.0,0.0003,50,8,10000,True,hub,1,0,0.0,0.0,0.7869348403172103,True
eps2_sr0_ss0.0003,0.0,0.0003,50,8,10000,True,TRUE,200,200,200.0,200.0,0.7869348403172103,True
eps2_sr0_ss0.0003,0.0,0.0003,50,9,10000,True,isolated,9798,0,2.0,2.0,0.7849910858887534,True
eps2_sr0_ss0.0003,0.0,0.0003,50,9,10000,True,pair,2,0,0.0,0.0,0.7849910858887534,True
eps2_sr0_ss0.0003,0.0,0.0003,50,9,10000,True,chain>=3,0,0,0.0,0.0,0.7849910858887534,True
eps2_sr0_ss0.0003,0.0,0.0003,50,9,10000,True,hub,0,0,0.0,0.0,0.7849910858887534,True
eps2_sr0_ss0.0003,0.0,0.0003,50,9,10000,True,TRUE,200,200,200.0,200.0,0.7849910858887534,True
eps2_sr0_ss0.0003,0.0,0.0003,100,0,40000,True,isolated,39590,0,4.0,4.0,1.1008843402069612,True
eps2_sr0_ss0.0003,0.0,0.0003,100,0,40000,True,pair,10,0,0.0,0.0,1.1008843402069612,True
eps2_sr0_ss0.0003,0.0,0.0003,100,0,40000,True,chain>=3,0,0,0.0,0.0,1.1008843402069612,True
eps2_sr0_ss0.0003,0.0,0.0003,100,0,40000,True,hub,0,0,0.0,0.0,1.1008843402069612,True
eps2_sr0_ss0.0003,0.0,0.0003,100,0,40000,True,TRUE,400,400,400.0,400.0,1.1008843402069612,True
eps2_sr0_ss0.0003,0.0,0.0003,100,1,40000,True,isolated,39598,0,8.0,8.0,1.098138713245735,True
eps2_sr0_ss0.0003,0.0,0.0003,100,1,40000,True,pair,2,0,0.0,0.0,1.098138713245735,True
eps2_sr0_ss0.0003,0.0,0.0003,100,1,40000,True,chain>=3,0,0,0.0,0.0,1.098138713245735,True
eps2_sr0_ss0.0003,0.0,0.0003,100,1,40000,True,hub,0,0,0.0,0.0,1.098138713245735,True
eps2_sr0_ss0.0003,0.0,0.0003,100,1,40000,True,TRUE,400,400,400.0,400.0,1.098138713245735,True
eps2_sr0_ss0.0003,0.0,0.0003,100,2,40000,True,isolated,39594,1,13.0,13.0,1.092924389874641,True
eps2_sr0_ss0.0003,0.0,0.0003,100,2,40000,True,pair,6,0,0.0,0.0,1.092924389874641,True
eps2_sr0_ss0.0003,0.0,0.0003,100,2,40000,True,chain>=3,0,0,0.0,0.0,1.092924389874641,True
eps2_sr0_ss0.0003,0.0,0.0003,100,2,40000,True,hub,0,0,0.0,0.0,1.092924389874641,True
eps2_sr0_ss0.0003,0.0,0.0003,100,2,40000,True,TRUE,400,400,400.0,399.0,1.092924389874641,True
eps2_sr0_ss0.0003,0.0,0.0003,100,3,40000,True,isolated,39595,0,12.0,12.0,1.0954139424286893,True
eps2_sr0_ss0.0003,0.0,0.0003,100,3,40000,True,pair,4,0,0.0,0.0,1.0954139424286893,True
eps2_sr0_ss0.0003,0.0,0.0003,100,3,40000,True,chain>=3,0,0,0.0,0.0,1.0954139424286893,True
eps2_sr0_ss0.0003,0.0,0.0003,100,3,40000,True,hub,1,0,0.0,0.0,1.0954139424286893,True
eps2_sr0_ss0.0003,0.0,0.0003,100,3,40000,True,TRUE,400,400,400.0,400.0,1.0954139424286893,True
eps2_sr0_ss0.0003,0.0,0.0003,100,4,40000,True,isolated,39591,0,8.0,8.0,1.0981387132457447,True
eps2_sr0_ss0.0003,0.0,0.0003,100,4,40000,True,pair,8,0,0.0,0.0,1.0981387132457447,True
eps2_sr0_ss0.0003,0.0,0.0003,100,4,40000,True,chain>=3,0,0,0.0,0.0,1.0981387132457447,True
eps2_sr0_ss0.0003,0.0,0.0003,100,4,40000,True,hub,1,0,0.0,0.0,1.0981387132457447,True
eps2_sr0_ss0.0003,0.0,0.0003,100,4,40000,True,TRUE,400,400,400.0,400.0,1.0981387132457447,True
eps2_sr0_ss0.0003,0.0,0.0003,200,0,160000,True,isolated,159131,3,65.0,64.0,1.5196725898297598,True
eps2_sr0_ss0.0003,0.0,0.0003,200,0,160000,True,pair,68,0,0.0,0.0,1.5196725898297598,True
eps2_sr0_ss0.0003,0.0,0.0003,200,0,160000,True,chain>=3,0,0,0.0,0.0,1.5196725898297598,True
eps2_sr0_ss0.0003,0.0,0.0003,200,0,160000,True,hub,1,0,0.0,0.0,1.5196725898297598,True
eps2_sr0_ss0.0003,0.0,0.0003,200,0,160000,True,TRUE,800,800,800.0,799.0,1.5196725898297598,True
eps2_sr0_ss0.0003,0.0,0.0003,200,1,160000,True,isolated,159150,8,52.0,51.0,1.5181768869846908,True
eps2_sr0_ss0.0003,0.0,0.0003,200,1,160000,True,pair,50,0,0.0,0.0,1.5181768869846908,True
eps2_sr0_ss0.0003,0.0,0.0003,200,1,160000,True,chain>=3,0,0,0.0,0.0,1.5181768869846908,True
eps2_sr0_ss0.0003,0.0,0.0003,200,1,160000,True,hub,0,0,0.0,0.0,1.5181768869846908,True
eps2_sr0_ss0.0003,0.0,0.0003,200,1,160000,True,TRUE,800,800,800.0,798.0,1.5181768869846908,True
eps2_sr0_ss0.0003,0.0,0.0003,200,2,160000,True,isolated,159122,0,58.0,58.0,1.5264229980726778,True
eps2_sr0_ss0.0003,0.0,0.0003,200,2,160000,True,pair,78,0,0.0,0.0,1.5264229980726778,True
eps2_sr0_ss0.0003,0.0,0.0003,200,2,160000,True,chain>=3,0,0,0.0,0.0,1.5264229980726778,True
eps2_sr0_ss0.0003,0.0,0.0003,200,2,160000,True,hub,0,0,0.0,0.0,1.5264229980726778,True
eps2_sr0_ss0.0003,0.0,0.0003,200,2,160000,True,TRUE,800,800,800.0,800.0,1.5264229980726778,True
eps2_sr0_ss0.0003,0.0,0.0003,200,3,160000,True,isolated,159154,8,64.0,64.0,1.51891474155006,True
eps2_sr0_ss0.0003,0.0,0.0003,200,3,160000,True,pair,40,0,0.0,0.0,1.51891474155006,True
eps2_sr0_ss0.0003,0.0,0.0003,200,3,160000,True,chain>=3,0,0,0.0,0.0,1.51891474155006,True
eps2_sr0_ss0.0003,0.0,0.0003,200,3,160000,True,hub,6,0,0.0,0.0,1.51891474155006,True
eps2_sr0_ss0.0003,0.0,0.0003,200,3,160000,True,TRUE,800,800,800.0,798.0,1.51891474155006,True
eps2_sr0_ss0.0003,0.0,0.0003,200,4,160000,True,isolated,159152,0,66.0,66.0,1.52270579406654,True
eps2_sr0_ss0.0003,0.0,0.0003,200,4,160000,True,pair,48,0,0.0,0.0,1.52270579406654,True
eps2_sr0_ss0.0003,0.0,0.0003,200,4,160000,True,chain>=3,0,0,0.0,0.0,1.52270579406654,True
eps2_sr0_ss0.0003,0.0,0.0003,200,4,160000,True,hub,0,0,0.0,0.0,1.52270579406654,True
eps2_sr0_ss0.0003,0.0,0.0003,200,4,160000,True,TRUE,800,800,800.0,800.0,1.52270579406654,True
eps2_sr0_ss0.0003,0.0,0.0003,400,0,640000,True,isolated,637900,10,504.0,503.0,2.0302742228465203,True
eps2_sr0_ss0.0003,0.0,0.0003,400,0,640000,True,pair,492,0,0.0,0.0,2.0302742228465203,True
eps2_sr0_ss0.0003,0.0,0.0003,400,0,640000,True,chain>=3,3,0,0.0,0.0,2.0302742228465203,True
eps2_sr0_ss0.0003,0.0,0.0003,400,0,640000,True,hub,5,0,0.0,0.0,2.0302742228465203,True
eps2_sr0_ss0.0003,0.0,0.0003,400,0,640000,True,TRUE,1600,1600,1600.0,1597.0,2.0302742228465203,True
eps2_sr0_ss0.0003,0.0,0.0003,400,1,640000,True,isolated,637820,16,512.0,512.0,2.022363573496283,True
eps2_sr0_ss0.0003,0.0,0.0003,400,1,640000,True,pair,558,0,0.0,0.0,2.022363573496283,True
eps2_sr0_ss0.0003,0.0,0.0003,400,1,640000,True,chain>=3,15,0,0.0,0.0,2.022363573496283,True
eps2_sr0_ss0.0003,0.0,0.0003,400,1,640000,True,hub,7,0,0.0,0.0,2.022363573496283,True
eps2_sr0_ss0.0003,0.0,0.0003,400,1,640000,True,TRUE,1600,1600,1600.0,1595.0,2.022363573496283,True
eps2_sr0_ss0.0003,0.0,0.0003,400,2,640000,True,isolated,637882,12,534.0,534.0,2.022166675302012,True
eps2_sr0_ss0.0003,0.0,0.0003,400,2,640000,True,pair,498,0,0.0,0.0,2.022166675302012,True
eps2_sr0_ss0.0003,0.0,0.0003,400,2,640000,True,chain>=3,9,0,0.0,0.0,2.022166675302012,True
eps2_sr0_ss0.0003,0.0,0.0003,400,2,640000,True,hub,11,0,0.0,0.0,2.022166675302012,True
eps2_sr0_ss0.0003,0.0,0.0003,400,2,640000,True,TRUE,1600,1600,1600.0,1594.0,2.022166675302012,True
eps2_sr0_ss0.0005,0.0,0.0005,50,0,10000,True,isolated,9794,5,5.0,4.0,0.7705805376957231,True
eps2_sr0_ss0.0005,0.0,0.0005,50,0,10000,True,pair,6,0,0.0,0.0,0.7705805376957231,True
eps2_sr0_ss0.0005,0.0,0.0005,50,0,10000,True,chain>=3,0,0,0.0,0.0,0.7705805376957231,True
eps2_sr0_ss0.0005,0.0,0.0005,50,0,10000,True,hub,0,0,0.0,0.0,0.7705805376957231,True
eps2_sr0_ss0.0005,0.0,0.0005,50,0,10000,True,TRUE,200,200,200.0,200.0,0.7705805376957231,True
eps2_sr0_ss0.0005,0.0,0.0005,50,1,10000,True,isolated,9796,0,2.0,2.0,0.78499108588876,True
eps2_sr0_ss0.0005,0.0,0.0005,50,1,10000,True,pair,4,0,0.0,0.0,0.78499108588876,True
eps2_sr0_ss0.0005,0.0,0.0005,50,1,10000,True,chain>=3,0,0,0.0,0.0,0.78499108588876,True
eps2_sr0_ss0.0005,0.0,0.0005,50,1,10000,True,hub,0,0,0.0,0.0,0.78499108588876,True
eps2_sr0_ss0.0005,0.0,0.0005,50,1,10000,True,TRUE,200,200,200.0,200.0,0.78499108588876,True
eps2_sr0_ss0.0005,0.0,0.0005,50,2,10000,True,isolated,9788,0,2.0,2.0,0.7849910858887548,True
eps2_sr0_ss0.0005,0.0,0.0005,50,2,10000,True,pair,6,0,0.0,0.0,0.7849910858887548,True
eps2_sr0_ss0.0005,0.0,0.0005,50,2,10000,True,chain>=3,0,0,0.0,0.0,0.7849910858887548,True
eps2_sr0_ss0.0005,0.0,0.0005,50,2,10000,True,hub,6,0,0.0,0.0,0.7849910858887548,True
eps2_sr0_ss0.0005,0.0,0.0005,50,2,10000,True,TRUE,200,200,200.0,200.0,0.7849910858887548,True
eps2_sr0_ss0.0005,0.0,0.0005,50,3,10000,True,isolated,9798,0,4.0,4.0,0.7830622421737243,True
eps2_sr0_ss0.0005,0.0,0.0005,50,3,10000,True,pair,0,0,0.0,0.0,0.7830622421737243,True
eps2_sr0_ss0.0005,0.0,0.0005,50,3,10000,True,chain>=3,0,0,0.0,0.0,0.7830622421737243,True
eps2_sr0_ss0.0005,0.0,0.0005,50,3,10000,True,hub,2,0,0.0,0.0,0.7830622421737243,True
eps2_sr0_ss0.0005,0.0,0.0005,50,3,10000,True,TRUE,200,200,200.0,200.0,0.7830622421737243,True
eps2_sr0_ss0.0005,0.0,0.0005,50,4,10000,True,isolated,9800,0,2.0,2.0,0.7849910858887599,True
eps2_sr0_ss0.0005,0.0,0.0005,50,4,10000,True,pair,0,0,0.0,0.0,0.7849910858887599,True
eps2_sr0_ss0.0005,0.0,0.0005,50,4,10000,True,chain>=3,0,0,0.0,0.0,0.7849910858887599,True
eps2_sr0_ss0.0005,0.0,0.0005,50,4,10000,True,hub,0,0,0.0,0.0,0.7849910858887599,True
eps2_sr0_ss0.0005,0.0,0.0005,50,4,10000,True,TRUE,200,200,200.0,200.0,0.7849910858887599,True
eps2_sr0_ss0.0005,0.0,0.0005,50,5,10000,True,isolated,9796,0,2.0,2.0,0.7849910858887528,True
eps2_sr0_ss0.0005,0.0,0.0005,50,5,10000,True,pair,4,0,0.0,0.0,0.7849910858887528,True
eps2_sr0_ss0.0005,0.0,0.0005,50,5,10000,True,chain>=3,0,0,0.0,0.0,0.7849910858887528,True
eps2_sr0_ss0.0005,0.0,0.0005,50,5,10000,True,hub,0,0,0.0,0.0,0.7849910858887528,True
eps2_sr0_ss0.0005,0.0,0.0005,50,5,10000,True,TRUE,200,200,200.0,200.0,0.7849910858887528,True
eps2_sr0_ss0.0005,0.0,0.0005,50,6,10000,True,isolated,9796,2,2.0,2.0,0.7799005506220105,True
eps2_sr0_ss0.0005,0.0,0.0005,50,6,10000,True,pair,4,0,0.0,0.0,0.7799005506220105,True
eps2_sr0_ss0.0005,0.0,0.0005,50,6,10000,True,chain>=3,0,0,0.0,0.0,0.7799005506220105,True
eps2_sr0_ss0.0005,0.0,0.0005,50,6,10000,True,hub,0,0,0.0,0.0,0.7799005506220105,True
eps2_sr0_ss0.0005,0.0,0.0005,50,6,10000,True,TRUE,200,200,200.0,198.0,0.7799005506220105,True
eps2_sr0_ss0.0005,0.0,0.0005,50,7,10000,True,isolated,9800,0,6.0,6.0,0.7811481209439697,True
eps2_sr0_ss0.0005,0.0,0.0005,50,7,10000,True,pair,0,0,0.0,0.0,0.7811481209439697,True
eps2_sr0_ss0.0005,0.0,0.0005,50,7,10000,True,chain>=3,0,0,0.0,0.0,0.7811481209439697,True
eps2_sr0_ss0.0005,0.0,0.0005,50,7,10000,True,hub,0,0,0.0,0.0,0.7811481209439697,True
eps2_sr0_ss0.0005,0.0,0.0005,50,7,10000,True,TRUE,200,200,200.0,200.0,0.7811481209439697,True
eps2_sr0_ss0.0005,0.0,0.0005,50,8,10000,True,isolated,9798,0,4.0,4.0,0.7830622421737415,True
eps2_sr0_ss0.0005,0.0,0.0005,50,8,10000,True,pair,2,0,0.0,0.0,0.7830622421737415,True
eps2_sr0_ss0.0005,0.0,0.0005,50,8,10000,True,chain>=3,0,0,0.0,0.0,0.7830622421737415,True
eps2_sr0_ss0.0005,0.0,0.0005,50,8,10000,True,hub,0,0,0.0,0.0,0.7830622421737415,True
eps2_sr0_ss0.0005,0.0,0.0005,50,8,10000,True,TRUE,200,200,200.0,200.0,0.7830622421737415,True
eps2_sr0_ss0.0005,0.0,0.0005,50,9,10000,True,isolated,9796,0,4.0,4.0,0.786738815513581,True
eps2_sr0_ss0.0005,0.0,0.0005,50,9,10000,True,pair,4,0,0.0,0.0,0.786738815513581,True
eps2_sr0_ss0.0005,0.0,0.0005,50,9,10000,True,chain>=3,0,0,0.0,0.0,0.786738815513581,True
eps2_sr0_ss0.0005,0.0,0.0005,50,9,10000,True,hub,0,0,0.0,0.0,0.786738815513581,True
eps2_sr0_ss0.0005,0.0,0.0005,50,9,10000,True,TRUE,200,196,200.0,200.0,0.786738815513581,True
eps2_sr0_ss0.0005,0.0,0.0005,100,0,40000,True,isolated,39582,1,21.0,21.0,1.0875737664843899,True
eps2_sr0_ss0.0005,0.0,0.0005,100,0,40000,True,pair,18,0,0.0,0.0,1.0875737664843899,True
eps2_sr0_ss0.0005,0.0,0.0005,100,0,40000,True,chain>=3,0,0,0.0,0.0,1.0875737664843899,True
eps2_sr0_ss0.0005,0.0,0.0005,100,0,40000,True,hub,0,0,0.0,0.0,1.0875737664843899,True
eps2_sr0_ss0.0005,0.0,0.0005,100,0,40000,True,TRUE,400,400,400.0,399.0,1.0875737664843899,True
eps2_sr0_ss0.0005,0.0,0.0005,100,1,40000,True,isolated,39572,0,18.0,18.0,1.0913653202996898,True
eps2_sr0_ss0.0005,0.0,0.0005,100,1,40000,True,pair,28,0,0.0,0.0,1.0913653202996898,True
eps2_sr0_ss0.0005,0.0,0.0005,100,1,40000,True,chain>=3,0,0,0.0,0.0,1.0913653202996898,True
eps2_sr0_ss0.0005,0.0,0.0005,100,1,40000,True,hub,0,0,0.0,0.0,1.0913653202996898,True
eps2_sr0_ss0.0005,0.0,0.0005,100,1,40000,True,TRUE,400,400,400.0,400.0,1.0913653202996898,True
eps2_sr0_ss0.0005,0.0,0.0005,100,2,40000,True,isolated,39580,0,16.0,16.0,1.0927097660751646,True
eps2_sr0_ss0.0005,0.0,0.0005,100,2,40000,True,pair,20,0,0.0,0.0,1.0927097660751646,True
eps2_sr0_ss0.0005,0.0,0.0005,100,2,40000,True,chain>=3,0,0,0.0,0.0,1.0927097660751646,True
eps2_sr0_ss0.0005,0.0,0.0005,100,2,40000,True,hub,0,0,0.0,0.0,1.0927097660751646,True
eps2_sr0_ss0.0005,0.0,0.0005,100,2,40000,True,TRUE,400,400,400.0,400.0,1.0927097660751646,True
eps2_sr0_ss0.0005,0.0,0.0005,100,3,40000,True,isolated,39584,0,16.0,16.0,1.0927097660751675,True
eps2_sr0_ss0.0005,0.0,0.0005,100,3,40000,True,pair,16,0,0.0,0.0,1.0927097660751675,True
eps2_sr0_ss0.0005,0.0,0.0005,100,3,40000,True,chain>=3,0,0,0.0,0.0,1.0927097660751675,True
eps2_sr0_ss0.0005,0.0,0.0005,100,3,40000,True,hub,0,0,0.0,0.0,1.0927097660751675,True
eps2_sr0_ss0.0005,0.0,0.0005,100,3,40000,True,TRUE,400,400,400.0,400.0,1.0927097660751675,True
eps2_sr0_ss0.0005,0.0,0.0005,100,4,40000,True,isolated,39568,1,23.0,23.0,1.0862485974008078,True
eps2_sr0_ss0.0005,0.0,0.0005,100,4,40000,True,pair,32,0,0.0,0.0,1.0862485974008078,True
eps2_sr0_ss0.0005,0.0,0.0005,100,4,40000,True,chain>=3,0,0,0.0,0.0,1.0862485974008078,True
eps2_sr0_ss0.0005,0.0,0.0005,100,4,40000,True,hub,0,0,0.0,0.0,1.0862485974008078,True
eps2_sr0_ss0.0005,0.0,0.0005,100,4,40000,True,TRUE,400,400,400.0,399.0,1.0862485974008078,True
eps2_sr0_ss0.0005,0.0,0.0005,200,0,160000,True,isolated,159016,10,198.0,196.0,1.454244649317905,True
eps2_sr0_ss0.0005,0.0,0.0005,200,0,160000,True,pair,178,0,0.0,0.0,1.454244649317905,True
eps2_sr0_ss0.0005,0.0,0.0005,200,0,160000,True,chain>=3,3,0,0.0,0.0,1.454244649317905,True
eps2_sr0_ss0.0005,0.0,0.0005,200,0,160000,True,hub,3,0,0.0,0.0,1.454244649317905,True
eps2_sr0_ss0.0005,0.0,0.0005,200,0,160000,True,TRUE,800,800,800.0,796.0,1.454244649317905,True
eps2_sr0_ss0.0005,0.0,0.0005,200,1,160000,True,isolated,159037,7,166.0,165.0,1.4726860850721621,True
eps2_sr0_ss0.0005,0.0,0.0005,200,1,160000,True,pair,156,0,1.0,1.0,1.4726860850721621,True
eps2_sr0_ss0.0005,0.0,0.0005,200,1,160000,True,chain>=3,3,0,0.0,0.0,1.4726860850721621,True
eps2_sr0_ss0.0005,0.0,0.0005,200,1,160000,True,hub,4,0,0.0,0.0,1.4726860850721621,True
eps2_sr0_ss0.0005,0.0,0.0005,200,1,160000,True,TRUE,800,800,800.0,798.0,1.4726860850721621,True
eps2_sr0_ss0.0005,0.0,0.0005,200,2,160000,True,isolated,159027,7,183.0,183.0,1.4658280733112148,True
eps2_sr0_ss0.0005,0.0,0.0005,200,2,160000,True,pair,168,0,0.0,0.0,1.4658280733112148,True
eps2_sr0_ss0.0005,0.0,0.0005,200,2,160000,True,chain>=3,0,0,0.0,0.0,1.4658280733112148,True
eps2_sr0_ss0.0005,0.0,0.0005,200,2,160000,True,hub,5,0,0.0,0.0,1.4658280733112148,True
eps2_sr0_ss0.0005,0.0,0.0005,200,2,160000,True,TRUE,800,800,800.0,796.0,1.4658280733112148,True
eps2_sr0_ss0.0005,0.0,0.0005,200,3,160000,True,isolated,159052,11,191.0,191.0,1.4551517960978972,True
eps2_sr0_ss0.0005,0.0,0.0005,200,3,160000,True,pair,130,0,0.0,0.0,1.4551517960978972,True
eps2_sr0_ss0.0005,0.0,0.0005,200,3,160000,True,chain>=3,0,0,0.0,0.0,1.4551517960978972,True
eps2_sr0_ss0.0005,0.0,0.0005,200,3,160000,True,hub,18,0,0.0,0.0,1.4551517960978972,True
eps2_sr0_ss0.0005,0.0,0.0005,200,3,160000,True,TRUE,800,796,800.0,796.0,1.4551517960978972,True
eps2_sr0_ss0.0005,0.0,0.0005,200,4,160000,True,isolated,159034,2,178.0,178.0,1.4711373549970161,True
eps2_sr0_ss0.0005,0.0,0.0005,200,4,160000,True,pair,158,0,0.0,0.0,1.4711373549970161,True
eps2_sr0_ss0.0005,0.0,0.0005,200,4,160000,True,chain>=3,0,0,0.0,0.0,1.4711373549970161,True
eps2_sr0_ss0.0005,0.0,0.0005,200,4,160000,True,hub,8,0,0.0,0.0,1.4711373549970161,True
eps2_sr0_ss0.0005,0.0,0.0005,200,4,160000,True,TRUE,800,800,800.0,798.0,1.4711373549970161,True
eps2_sr0_ss0.0005,0.0,0.0005,400,0,640000,True,isolated,637151,88,1561.0,1560.0,1.7664171114750302,True
eps2_sr0_ss0.0005,0.0,0.0005,400,0,640000,True,pair,1200,0,2.0,2.0,1.7664171114750302,True
eps2_sr0_ss0.0005,0.0,0.0005,400,0,640000,True,chain>=3,27,0,1.0,1.0,1.7664171114750302,True
eps2_sr0_ss0.0005,0.0,0.0005,400,0,640000,True,hub,22,0,0.0,0.0,1.7664171114750302,True
eps2_sr0_ss0.0005,0.0,0.0005,400,0,640000,True,TRUE,1600,1600,1600.0,1584.0,1.7664171114750302,True
eps2_sr0_ss0.0005,0.0,0.0005,400,1,640000,True,isolated,636865,48,1286.0,1284.0,1.8309787918258178,True
eps2_sr0_ss0.0005,0.0,0.0005,400,1,640000,True,pair,1484,0,5.0,5.0,1.8309787918258178,True
eps2_sr0_ss0.0005,0.0,0.0005,400,1,640000,True,chain>=3,36,0,0.0,0.0,1.8309787918258178,True
eps2_sr0_ss0.0005,0.0,0.0005,400,1,640000,True,hub,15,0,1.0,1.0,1.8309787918258178,True
eps2_sr0_ss0.0005,0.0,0.0005,400,1,640000,True,TRUE,1600,1600,1600.0,1589.0,1.8309787918258178,True
eps2_sr0_ss0.0005,0.0,0.0005,400,2,640000,True,isolated,637020,95,1314.0,1314.0,1.8115419251711427,True
eps2_sr0_ss0.0005,0.0,0.0005,400,2,640000,True,pair,1348,0,3.0,3.0,1.8115419251711427,True
eps2_sr0_ss0.0005,0.0,0.0005,400,2,640000,True,chain>=3,21,0,0.0,0.0,1.8115419251711427,True
eps2_sr0_ss0.0005,0.0,0.0005,400,2,640000,True,hub,11,0,0.0,0.0,1.8115419251711427,True
eps2_sr0_ss0.0005,0.0,0.0005,400,2,640000,True,TRUE,1600,1600,1600.0,1590.0,1.8115419251711427,True
eps2val,0.0,0.0001,50,0,10000,True,isolated,9800,0,0.0,0.0,0.7869348403172103,True
eps2val,0.0,0.0001,50,0,10000,True,pair,0,0,0.0,0.0,0.7869348403172103,True
eps2val,0.0,0.0001,50,0,10000,True,chain>=3,0,0,0.0,0.0,0.7869348403172103,True
eps2val,0.0,0.0001,50,0,10000,True,hub,0,0,0.0,0.0,0.7869348403172103,True
eps2val,0.0,0.0001,50,0,10000,True,TRUE,200,200,200.0,200.0,0.7869348403172103,True
eps2val,0.0,0.0001,50,1,10000,True,isolated,9800,0,0.0,0.0,0.7869348403172103,True
eps2val,0.0,0.0001,50,1,10000,True,pair,0,0,0.0,0.0,0.7869348403172103,True
eps2val,0.0,0.0001,50,1,10000,True,chain>=3,0,0,0.0,0.0,0.7869348403172103,True
eps2val,0.0,0.0001,50,1,10000,True,hub,0,0,0.0,0.0,0.7869348403172103,True
eps2val,0.0,0.0001,50,1,10000,True,TRUE,200,200,200.0,200.0,0.7869348403172103,True
eps2val,0.0,0.0001,50,2,10000,True,isolated,9800,0,0.0,0.0,0.7869348403172103,True
eps2val,0.0,0.0001,50,2,10000,True,pair,0,0,0.0,0.0,0.7869348403172103,True
eps2val,0.0,0.0001,50,2,10000,True,chain>=3,0,0,0.0,0.0,0.7869348403172103,True
eps2val,0.0,0.0001,50,2,10000,True,hub,0,0,0.0,0.0,0.7869348403172103,True
eps2val,0.0,0.0001,50,2,10000,True,TRUE,200,200,200.0,200.0,0.7869348403172103,True
eps2val,0.0,0.0001,50,3,10000,True,isolated,9800,0,0.0,0.0,0.7869348403172103,True
eps2val,0.0,0.0001,50,3,10000,True,pair,0,0,0.0,0.0,0.7869348403172103,True
eps2val,0.0,0.0001,50,3,10000,True,chain>=3,0,0,0.0,0.0,0.7869348403172103,True
eps2val,0.0,0.0001,50,3,10000,True,hub,0,0,0.0,0.0,0.7869348403172103,True
eps2val,0.0,0.0001,50,3,10000,True,TRUE,200,200,200.0,200.0,0.7869348403172103,True
eps2val,0.0,0.0001,50,4,10000,True,isolated,9800,0,0.0,0.0,0.7869348403172103,True
eps2val,0.0,0.0001,50,4,10000,True,pair,0,0,0.0,0.0,0.7869348403172103,True
eps2val,0.0,0.0001,50,4,10000,True,chain>=3,0,0,0.0,0.0,0.7869348403172103,True
eps2val,0.0,0.0001,50,4,10000,True,hub,0,0,0.0,0.0,0.7869348403172103,True
eps2val,0.0,0.0001,50,4,10000,True,TRUE,200,200,200.0,200.0,0.7869348403172103,True
eps2val,0.0,0.0001,50,5,10000,True,isolated,9800,0,0.0,0.0,0.7869348403172103,True
eps2val,0.0,0.0001,50,5,10000,True,pair,0,0,0.0,0.0,0.7869348403172103,True
eps2val,0.0,0.0001,50,5,10000,True,chain>=3,0,0,0.0,0.0,0.7869348403172103,True
eps2val,0.0,0.0001,50,5,10000,True,hub,0,0,0.0,0.0,0.7869348403172103,True
eps2val,0.0,0.0001,50,5,10000,True,TRUE,200,200,200.0,200.0,0.7869348403172103,True
eps2val,0.0,0.0001,50,6,10000,True,isolated,9800,0,0.0,0.0,0.7869348403172103,True
eps2val,0.0,0.0001,50,6,10000,True,pair,0,0,0.0,0.0,0.7869348403172103,True
eps2val,0.0,0.0001,50,6,10000,True,chain>=3,0,0,0.0,0.0,0.7869348403172103,True
eps2val,0.0,0.0001,50,6,10000,True,hub,0,0,0.0,0.0,0.7869348403172103,True
eps2val,0.0,0.0001,50,6,10000,True,TRUE,200,200,200.0,200.0,0.7869348403172103,True
eps2val,0.0,0.0001,50,7,10000,True,isolated,9800,0,0.0,0.0,0.7869348403172103,True
eps2val,0.0,0.0001,50,7,10000,True,pair,0,0,0.0,0.0,0.7869348403172103,True
eps2val,0.0,0.0001,50,7,10000,True,chain>=3,0,0,0.0,0.0,0.7869348403172103,True
eps2val,0.0,0.0001,50,7,10000,True,hub,0,0,0.0,0.0,0.7869348403172103,True
eps2val,0.0,0.0001,50,7,10000,True,TRUE,200,200,200.0,200.0,0.7869348403172103,True
eps2val,0.0,0.0001,50,8,10000,True,isolated,9800,0,0.0,0.0,0.7869348403172103,True
eps2val,0.0,0.0001,50,8,10000,True,pair,0,0,0.0,0.0,0.7869348403172103,True
eps2val,0.0,0.0001,50,8,10000,True,chain>=3,0,0,0.0,0.0,0.7869348403172103,True
eps2val,0.0,0.0001,50,8,10000,True,hub,0,0,0.0,0.0,0.7869348403172103,True
eps2val,0.0,0.0001,50,8,10000,True,TRUE,200,200,200.0,200.0,0.7869348403172103,True
eps2val,0.0,0.0001,50,9,10000,True,isolated,9800,0,0.0,0.0,0.7869348403172103,True
eps2val,0.0,0.0001,50,9,10000,True,pair,0,0,0.0,0.0,0.7869348403172103,True
eps2val,0.0,0.0001,50,9,10000,True,chain>=3,0,0,0.0,0.0,0.7869348403172103,True
eps2val,0.0,0.0001,50,9,10000,True,hub,0,0,0.0,0.0,0.7869348403172103,True
eps2val,0.0,0.0001,50,9,10000,True,TRUE,200,200,200.0,200.0,0.7869348403172103,True
eps2val,0.0,0.0001,100,0,40000,True,isolated,39600,0,2.0,2.0,1.1022650577924613,True
eps2val,0.0,0.0001,100,0,40000,True,pair,0,0,0.0,0.0,1.1022650577924613,True
eps2val,0.0,0.0001,100,0,40000,True,chain>=3,0,0,0.0,0.0,1.1022650577924613,True
eps2val,0.0,0.0001,100,0,40000,True,hub,0,0,0.0,0.0,1.1022650577924613,True
eps2val,0.0,0.0001,100,0,40000,True,TRUE,400,400,400.0,400.0,1.1022650577924613,True
eps2val,0.0,0.0001,100,1,40000,True,isolated,39600,0,2.0,2.0,1.1022650577924804,True
eps2val,0.0,0.0001,100,1,40000,True,pair,0,0,0.0,0.0,1.1022650577924804,True
eps2val,0.0,0.0001,100,1,40000,True,chain>=3,0,0,0.0,0.0,1.1022650577924804,True
eps2val,0.0,0.0001,100,1,40000,True,hub,0,0,0.0,0.0,1.1022650577924804,True
eps2val,0.0,0.0001,100,1,40000,True,TRUE,400,400,400.0,400.0,1.1022650577924804,True
eps2val,0.0,0.0001,100,2,40000,True,isolated,39598,0,0.0,0.0,1.1036510896689173,True
eps2val,0.0,0.0001,100,2,40000,True,pair,2,0,0.0,0.0,1.1036510896689173,True
eps2val,0.0,0.0001,100,2,40000,True,chain>=3,0,0,0.0,0.0,1.1036510896689173,True
eps2val,0.0,0.0001,100,2,40000,True,hub,0,0,0.0,0.0,1.1036510896689173,True
eps2val,0.0,0.0001,100,2,40000,True,TRUE,400,400,400.0,400.0,1.1036510896689173,True
eps2val,0.0,0.0001,100,3,40000,True,isolated,39596,0,0.0,0.0,1.1036510896689173,True
eps2val,0.0,0.0001,100,3,40000,True,pair,4,0,0.0,0.0,1.1036510896689173,True
eps2val,0.0,0.0001,100,3,40000,True,chain>=3,0,0,0.0,0.0,1.1036510896689173,True
eps2val,0.0,0.0001,100,3,40000,True,hub,0,0,0.0,0.0,1.1036510896689173,True
eps2val,0.0,0.0001,100,3,40000,True,TRUE,400,400,400.0,400.0,1.1036510896689173,True
eps2val,0.0,0.0001,100,4,40000,True,isolated,39596,0,2.0,2.0,1.102265057792472,True
eps2val,0.0,0.0001,100,4,40000,True,pair,4,0,0.0,0.0,1.102265057792472,True
eps2val,0.0,0.0001,100,4,40000,True,chain>=3,0,0,0.0,0.0,1.102265057792472,True
eps2val,0.0,0.0001,100,4,40000,True,hub,0,0,0.0,0.0,1.102265057792472,True
eps2val,0.0,0.0001,100,4,40000,True,TRUE,400,400,400.0,400.0,1.102265057792472,True
eps2val,0.0,0.0001,200,0,160000,True,isolated,159186,0,0.0,0.0,1.5542214442406295,True
eps2val,0.0,0.0001,200,0,160000,True,pair,14,0,0.0,0.0,1.5542214442406295,True
eps2val,0.0,0.0001,200,0,160000,True,chain>=3,0,0,0.0,0.0,1.5542214442406295,True
eps2val,0.0,0.0001,200,0,160000,True,hub,0,0,0.0,0.0,1.5542214442406295,True
eps2val,0.0,0.0001,200,0,160000,True,TRUE,800,800,800.0,800.0,1.5542214442406295,True
eps2val,0.0,0.0001,200,1,160000,True,isolated,159192,0,8.0,8.0,1.5502957724426065,True
eps2val,0.0,0.0001,200,1,160000,True,pair,8,0,0.0,0.0,1.5502957724426065,True
eps2val,0.0,0.0001,200,1,160000,True,chain>=3,0,0,0.0,0.0,1.5502957724426065,True
eps2val,0.0,0.0001,200,1,160000,True,hub,0,0,0.0,0.0,1.5502957724426065,True
eps2val,0.0,0.0001,200,1,160000,True,TRUE,800,800,800.0,800.0,1.5502957724426065,True
eps2val,0.0,0.0001,200,2,160000,True,isolated,159192,0,6.0,6.0,1.5512743727429052,True
eps2val,0.0,0.0001,200,2,160000,True,pair,8,0,0.0,0.0,1.5512743727429052,True
eps2val,0.0,0.0001,200,2,160000,True,chain>=3,0,0,0.0,0.0,1.5512743727429052,True
eps2val,0.0,0.0001,200,2,160000,True,hub,0,0,0.0,0.0,1.5512743727429052,True
eps2val,0.0,0.0001,200,2,160000,True,TRUE,800,800,800.0,800.0,1.5512743727429052,True
eps2val,0.0,0.0001,200,3,160000,True,isolated,159190,0,8.0,8.0,1.5502957724426216,True
eps2val,0.0,0.0001,200,3,160000,True,pair,10,0,0.0,0.0,1.5502957724426216,True
eps2val,0.0,0.0001,200,3,160000,True,chain>=3,0,0,0.0,0.0,1.5502957724426216,True
eps2val,0.0,0.0001,200,3,160000,True,hub,0,0,0.0,0.0,1.5502957724426216,True
eps2val,0.0,0.0001,200,3,160000,True,TRUE,800,800,800.0,800.0,1.5502957724426216,True
eps2val,0.0,0.0001,200,4,160000,True,isolated,159196,0,12.0,12.0,1.548344171382619,True
eps2val,0.0,0.0001,200,4,160000,True,pair,4,0,0.0,0.0,1.548344171382619,True
eps2val,0.0,0.0001,200,4,160000,True,chain>=3,0,0,0.0,0.0,1.548344171382619,True
eps2val,0.0,0.0001,200,4,160000,True,hub,0,0,0.0,0.0,1.548344171382619,True
eps2val,0.0,0.0001,200,4,160000,True,TRUE,800,800,800.0,800.0,1.548344171382619,True
eps2val,0.0,0.0001,400,0,640000,True,isolated,638370,0,50.0,50.0,2.176097483111083,True
eps2val,0.0,0.0001,400,0,640000,True,pair,30,0,0.0,0.0,2.176097483111083,True
eps2val,0.0,0.0001,400,0,640000,True,chain>=3,0,0,0.0,0.0,2.176097483111083,True
eps2val,0.0,0.0001,400,0,640000,True,hub,0,0,0.0,0.0,2.176097483111083,True
eps2val,0.0,0.0001,400,0,640000,True,TRUE,1600,1600,1600.0,1600.0,2.176097483111083,True
eps2val,0.0,0.0001,400,1,640000,True,isolated,638339,0,58.0,58.0,2.1733771017078616,True
eps2val,0.0,0.0001,400,1,640000,True,pair,60,0,0.0,0.0,2.1733771017078616,True
eps2val,0.0,0.0001,400,1,640000,True,chain>=3,0,0,0.0,0.0,2.1733771017078616,True
eps2val,0.0,0.0001,400,1,640000,True,hub,1,0,0.0,0.0,2.1733771017078616,True
eps2val,0.0,0.0001,400,1,640000,True,TRUE,1600,1600,1600.0,1600.0,2.1733771017078616,True
eps2val,0.0,0.0001,400,2,640000,True,isolated,638346,0,48.0,48.0,2.176779184335046,True
eps2val,0.0,0.0001,400,2,640000,True,pair,54,0,0.0,0.0,2.176779184335046,True
eps2val,0.0,0.0001,400,2,640000,True,chain>=3,0,0,0.0,0.0,2.176779184335046,True
eps2val,0.0,0.0001,400,2,640000,True,hub,0,0,0.0,0.0,2.176779184335046,True
eps2val,0.0,0.0001,400,2,640000,True,TRUE,1600,1600,1600.0,1600.0,2.176779184335046,True
