regime,phi_max,n_tracks,repeat,epsilon,n_true,n_false,true_accepted,false_accepted,segment_efficiency,segment_false_rate
dense,0.02,5,0,2.121324586196087e-05,15,360,15,0,1.0,0.0
dense,0.02,5,1,2.121324586196087e-05,15,360,15,0,1.0,0.0
dense,0.02,5,2,2.121324586196087e-05,15,360,15,0,1.0,0.0
dense,0.02,5,3,2.121324586196087e-05,15,360,15,0,1.0,0.0
dense,0.02,5,4,2.121324586196087e-05,15,360,15,0,1.0,0.0
dense,0.02,5,5,2.121324586196087e-05,15,360,15,0,1.0,0.0
dense,0.02,5,6,2.121324586196087e-05,15,360,15,0,1.0,0.0
dense,0.02,5,7,2.121324586196087e-05,15,360,15,0,1.0,0.0
dense,0.02,5,8,2.121324586196087e-05,15,360,15,0,1.0,0.0
dense,0.02,5,9,2.121324586196087e-05,15,360,15,0,1.0,0.0
dense,0.02,5,10,2.121324586196087e-05,15,360,15,0,1.0,0.0
dense,0.02,5,11,2.121324586196087e-05,15,360,15,0,1.0,0.0
dense,0.02,5,12,2.121324586196087e-05,15,360,15,0,1.0,0.0
dense,0.02,5,13,2.121324586196087e-05,15,360,15,0,1.0,0.0
dense,0.02,5,14,2.121324586196087e-05,15,360,15,0,1.0,0.0
dense,0.02,5,15,2.121324586196087e-05,15,360,15,0,1.0,0.0
dense,0.02,5,16,2.121324586196087e-05,15,360,15,0,1.0,0.0
dense,0.02,5,17,2.121324586196087e-05,15,360,15,0,1.0,0.0
dense,0.02,5,18,2.121324586196087e-05,15,360,15,0,1.0,0.0
dense,0.02,5,19,2.121324586196087e-05,15,360,15,0,1.0,0.0
dense,0.02,10,0,2.121324586196087e-05,30,2970,30,0,1.0,0.0
dense,0.02,10,1,2.121324586196087e-05,30,2970,30,0,1.0,0.0
dense,0.02,10,2,2.121324586196087e-05,30,2970,30,0,1.0,0.0
dense,0.02,10,3,2.121324586196087e-05,30,2970,30,0,1.0,0.0
dense,0.02,10,4,2.121324586196087e-05,30,2970,30,0,1.0,0.0
dense,0.02,10,5,2.121324586196087e-05,30,2970,30,0,1.0,0.0
dense,0.02,10,6,2.121324586196087e-05,30,2970,30,0,1.0,0.0
dense,0.02,10,7,2.121324586196087e-05,30,2970,30,0,1.0,0.0
dense,0.02,10,8,2.121324586196087e-05,30,2970,30,0,1.0,0.0
dense,0.02,10,9,2.121324586196087e-05,30,2970,30,0,1.0,0.0
dense,0.02,10,10,2.121324586196087e-05,30,2970,30,0,1.0,0.0
dense,0.02,10,11,2.121324586196087e-05,30,2970,30,0,1.0,0.0
dense,0.02,10,12,2.121324586196087e-05,30,2970,30,0,1.0,0.0
dense,0.02,10,13,2.121324586196087e-05,30,2970,30,0,1.0,0.0
dense,0.02,10,14,2.121324586196087e-05,30,2970,30,0,1.0,0.0
dense,0.02,10,15,2.121324586196087e-05,30,2970,30,0,1.0,0.0
dense,0.02,10,16,2.121324586196087e-05,30,2970,30,0,1.0,0.0
dense,0.02,10,17,2.121324586196087e-05,30,2970,30,0,1.0,0.0
dense,0.02,10,18,2.121324586196087e-05,30,2970,30,0,1.0,0.0
dense,0.02,10,19,2.121324586196087e-05,30,2970,30,0,1.0,0.0
dense,0.02,15,0,2.121324586196087e-05,45,10080,45,0,1.0,0.0
dense,0.02,15,1,2.121324586196087e-05,45,10080,45,0,1.0,0.0
dense,0.02,15,2,2.121324586196087e-05,45,10080,45,0,1.0,0.0
dense,0.02,15,3,2.121324586196087e-05,45,10080,45,0,1.0,0.0
dense,0.02,15,4,2.121324586196087e-05,45,10080,45,0,1.0,0.0
dense,0.02,15,5,2.121324586196087e-05,45,10080,45,0,1.0,0.0
dense,0.02,15,6,2.121324586196087e-05,45,10080,45,0,1.0,0.0
dense,0.02,15,7,2.121324586196087e-05,45,10080,45,0,1.0,0.0
dense,0.02,15,8,2.121324586196087e-05,45,10080,45,0,1.0,0.0
dense,0.02,15,9,2.121324586196087e-05,45,10080,45,0,1.0,0.0
dense,0.02,15,10,2.121324586196087e-05,45,10080,45,0,1.0,0.0
dense,0.02,15,11,2.121324586196087e-05,45,10080,45,0,1.0,0.0
dense,0.02,15,12,2.121324586196087e-05,45,10080,45,0,1.0,0.0
dense,0.02,15,13,2.121324586196087e-05,45,10080,45,0,1.0,0.0
dense,0.02,15,14,2.121324586196087e-05,45,10080,45,0,1.0,0.0
dense,0.02,15,15,2.121324586196087e-05,45,10080,45,0,1.0,0.0
dense,0.02,15,16,2.121324586196087e-05,45,10080,45,0,1.0,0.0
dense,0.02,15,17,2.121324586196087e-05,45,10080,45,0,1.0,0.0
dense,0.02,15,18,2.121324586196087e-05,45,10080,45,0,1.0,0.0
dense,0.02,15,19,2.121324586196087e-05,45,10080,45,0,1.0,0.0
dense,0.02,20,0,2.121324586196087e-05,60,23940,60,0,1.0,0.0
dense,0.02,20,1,2.121324586196087e-05,60,23940,60,0,1.0,0.0
dense,0.02,20,2,2.121324586196087e-05,60,23940,60,0,1.0,0.0
dense,0.02,20,3,2.121324586196087e-05,60,23940,60,0,1.0,0.0
dense,0.02,20,4,2.121324586196087e-05,60,23940,60,0,1.0,0.0
dense,0.02,20,5,2.121324586196087e-05,60,23940,60,0,1.0,0.0
dense,0.02,20,6,2.121324586196087e-05,60,23940,60,0,1.0,0.0
dense,0.02,20,7,2.121324586196087e-05,60,23940,60,0,1.0,0.0
dense,0.02,20,8,2.121324586196087e-05,60,23940,60,0,1.0,0.0
dense,0.02,20,9,2.121324586196087e-05,60,23940,60,0,1.0,0.0
dense,0.02,20,10,2.121324586196087e-05,60,23940,60,0,1.0,0.0
dense,0.02,20,11,2.121324586196087e-05,60,23940,60,0,1.0,0.0
dense,0.02,20,12,2.121324586196087e-05,60,23940,60,0,1.0,0.0
dense,0.02,20,13,2.121324586196087e-05,60,23940,60,0,1.0,0.0
dense,0.02,20,14,2.121324586196087e-05,60,23940,60,0,1.0,0.0
dense,0.02,20,15,2.121324586196087e-05,60,23940,60,0,1.0,0.0
dense,0.02,20,16,2.121324586196087e-05,60,23940,60,0,1.0,0.0
dense,0.02,20,17,2.121324586196087e-05,60,23940,60,0,1.0,0.0
dense,0.02,20,18,2.121324586196087e-05,60,23940,60,0,1.0,0.0
dense,0.02,20,19,2.121324586196087e-05,60,23940,60,0,1.0,0.0
dense,0.02,25,0,2.121324586196087e-05,75,46800,75,0,1.0,0.0
dense,0.02,25,1,2.121324586196087e-05,75,46800,75,0,1.0,0.0
dense,0.02,25,2,2.121324586196087e-05,75,46800,75,0,1.0,0.0
dense,0.02,25,3,2.121324586196087e-05,75,46800,75,0,1.0,0.0
dense,0.02,25,4,2.121324586196087e-05,75,46800,75,0,1.0,0.0
dense,0.02,25,5,2.121324586196087e-05,75,46800,75,0,1.0,0.0
dense,0.02,25,6,2.121324586196087e-05,75,46800,75,0,1.0,0.0
dense,0.02,25,7,2.121324586196087e-05,75,46800,75,0,1.0,0.0
dense,0.02,25,8,2.121324586196087e-05,75,46800,75,0,1.0,0.0
dense,0.02,25,9,2.121324586196087e-05,75,46800,75,0,1.0,0.0
dense,0.02,25,10,2.121324586196087e-05,75,46800,75,0,1.0,0.0
dense,0.02,25,11,2.121324586196087e-05,75,46800,75,0,1.0,0.0
dense,0.02,25,12,2.121324586196087e-05,75,46800,75,0,1.0,0.0
dense,0.02,25,13,2.121324586196087e-05,75,46800,75,0,1.0,0.0
dense,0.02,25,14,2.121324586196087e-05,75,46800,75,0,1.0,0.0
dense,0.02,25,15,2.121324586196087e-05,75,46800,75,0,1.0,0.0
dense,0.02,25,16,2.121324586196087e-05,75,46800,75,0,1.0,0.0
dense,0.02,25,17,2.121324586196087e-05,75,46800,75,0,1.0,0.0
dense,0.02,25,18,2.121324586196087e-05,75,46800,75,0,1.0,0.0
dense,0.02,25,19,2.121324586196087e-05,75,46800,75,0,1.0,0.0
dense,0.02,30,0,2.121324586196087e-05,90,80910,90,0,1.0,0.0
dense,0.02,30,1,2.121324586196087e-05,90,80910,90,0,1.0,0.0
dense,0.02,30,2,2.121324586196087e-05,90,80910,90,0,1.0,0.0
dense,0.02,30,3,2.121324586196087e-05,90,80910,90,0,1.0,0.0
dense,0.02,30,4,2.121324586196087e-05,90,80910,90,0,1.0,0.0
dense,0.02,30,5,2.121324586196087e-05,90,80910,90,0,1.0,0.0
dense,0.02,30,6,2.121324586196087e-05,90,80910,90,0,1.0,0.0
dense,0.02,30,7,2.121324586196087e-05,90,80910,90,0,1.0,0.0
dense,0.02,30,8,2.121324586196087e-05,90,80910,90,0,1.0,0.0
dense,0.02,30,9,2.121324586196087e-05,90,80910,90,0,1.0,0.0
dense,0.02,30,10,2.121324586196087e-05,90,80910,90,0,1.0,0.0
dense,0.02,30,11,2.121324586196087e-05,90,80910,90,0,1.0,0.0
dense,0.02,30,12,2.121324586196087e-05,90,80910,90,0,1.0,0.0
dense,0.02,30,13,2.121324586196087e-05,90,80910,90,0,1.0,0.0
dense,0.02,30,14,2.121324586196087e-05,90,80910,90,0,1.0,0.0
dense,0.02,30,15,2.121324586196087e-05,90,80910,90,0,1.0,0.0
dense,0.02,30,16,2.121324586196087e-05,90,80910,90,0,1.0,0.0
dense,0.02,30,17,2.121324586196087e-05,90,80910,90,0,1.0,0.0
dense,0.02,30,18,2.121324586196087e-05,90,80910,90,0,1.0,0.0
dense,0.02,30,19,2.121324586196087e-05,90,80910,90,0,1.0,0.0
dense,0.02,35,0,2.121324586196087e-05,105,128520,105,0,1.0,0.0
dense,0.02,35,1,2.121324586196087e-05,105,128520,105,0,1.0,0.0
dense,0.02,35,2,2.121324586196087e-05,105,128520,105,0,1.0,0.0
dense,0.02,35,3,2.121324586196087e-05,105,128520,105,0,1.0,0.0
dense,0.02,35,4,2.121324586196087e-05,105,128520,105,0,1.0,0.0
dense,0.02,35,5,2.121324586196087e-05,105,128520,105,0,1.0,0.0
dense,0.02,35,6,2.121324586196087e-05,105,128520,105,0,1.0,0.0
dense,0.02,35,7,2.121324586196087e-05,105,128520,105,0,1.0,0.0
dense,0.02,35,8,2.121324586196087e-05,105,128520,105,0,1.0,0.0
dense,0.02,35,9,2.121324586196087e-05,105,128520,105,0,1.0,0.0
dense,0.02,35,10,2.121324586196087e-05,105,128520,105,0,1.0,0.0
dense,0.02,35,11,2.121324586196087e-05,105,128520,105,0,1.0,0.0
dense,0.02,35,12,2.121324586196087e-05,105,128520,105,0,1.0,0.0
dense,0.02,35,13,2.121324586196087e-05,105,128520,105,0,1.0,0.0
dense,0.02,35,14,2.121324586196087e-05,105,128520,105,0,1.0,0.0
dense,0.02,35,15,2.121324586196087e-05,105,128520,105,0,1.0,0.0
dense,0.02,35,16,2.121324586196087e-05,105,128520,105,0,1.0,0.0
dense,0.02,35,17,2.121324586196087e-05,105,128520,105,0,1.0,0.0
dense,0.02,35,18,2.121324586196087e-05,105,128520,105,0,1.0,0.0
dense,0.02,35,19,2.121324586196087e-05,105,128520,105,1,1.0,0.0094339622641509
dense,0.02,40,0,2.121324586196087e-05,120,191880,120,0,1.0,0.0
dense,0.02,40,1,2.121324586196087e-05,120,191880,120,0,1.0,0.0
dense,0.02,40,2,2.121324586196087e-05,120,191880,120,0,1.0,0.0
dense,0.02,40,3,2.121324586196087e-05,120,191880,120,0,1.0,0.0
dense,0.02,40,4,2.121324586196087e-05,120,191880,120,0,1.0,0.0
dense,0.02,40,5,2.121324586196087e-05,120,191880,120,0,1.0,0.0
dense,0.02,40,6,2.121324586196087e-05,120,191880,120,0,1.0,0.0
dense,0.02,40,7,2.121324586196087e-05,120,191880,120,0,1.0,0.0
dense,0.02,40,8,2.121324586196087e-05,120,191880,120,0,1.0,0.0
dense,0.02,40,9,2.121324586196087e-05,120,191880,120,0,1.0,0.0
dense,0.02,40,10,2.121324586196087e-05,120,191880,120,0,1.0,0.0
dense,0.02,40,11,2.121324586196087e-05,120,191880,120,0,1.0,0.0
dense,0.02,40,12,2.121324586196087e-05,120,191880,120,0,1.0,0.0
dense,0.02,40,13,2.121324586196087e-05,120,191880,120,0,1.0,0.0
dense,0.02,40,14,2.121324586196087e-05,120,191880,120,0,1.0,0.0
dense,0.02,40,15,2.121324586196087e-05,120,191880,120,0,1.0,0.0
dense,0.02,40,16,2.121324586196087e-05,120,191880,120,0,1.0,0.0
dense,0.02,40,17,2.121324586196087e-05,120,191880,120,0,1.0,0.0
dense,0.02,40,18,2.121324586196087e-05,120,191880,120,0,1.0,0.0
dense,0.02,40,19,2.121324586196087e-05,120,191880,120,0,1.0,0.0
dense,0.02,45,0,2.121324586196087e-05,135,273240,135,0,1.0,0.0
dense,0.02,45,1,2.121324586196087e-05,135,273240,135,0,1.0,0.0
dense,0.02,45,2,2.121324586196087e-05,135,273240,135,0,1.0,0.0
dense,0.02,45,3,2.121324586196087e-05,135,273240,135,0,1.0,0.0
dense,0.02,45,4,2.121324586196087e-05,135,273240,135,0,1.0,0.0
dense,0.02,45,5,2.121324586196087e-05,135,273240,135,0,1.0,0.0
dense,0.02,45,6,2.121324586196087e-05,135,273240,135,0,1.0,0.0
dense,0.02,45,7,2.121324586196087e-05,135,273240,135,0,1.0,0.0
dense,0.02,45,8,2.121324586196087e-05,135,273240,135,0,1.0,0.0
dense,0.02,45,9,2.121324586196087e-05,135,273240,135,0,1.0,0.0
dense,0.02,45,10,2.121324586196087e-05,135,273240,135,1,1.0,0.0073529411764705
dense,0.02,45,11,2.121324586196087e-05,135,273240,135,0,1.0,0.0
dense,0.02,45,12,2.121324586196087e-05,135,273240,135,0,1.0,0.0
dense,0.02,45,13,2.121324586196087e-05,135,273240,135,0,1.0,0.0
dense,0.02,45,14,2.121324586196087e-05,135,273240,135,0,1.0,0.0
dense,0.02,45,15,2.121324586196087e-05,135,273240,135,0,1.0,0.0
dense,0.02,45,16,2.121324586196087e-05,135,273240,135,0,1.0,0.0
dense,0.02,45,17,2.121324586196087e-05,135,273240,135,0,1.0,0.0
dense,0.02,45,18,2.121324586196087e-05,135,273240,135,0,1.0,0.0
dense,0.02,45,19,2.121324586196087e-05,135,273240,135,0,1.0,0.0
dense,0.02,50,0,2.121324586196087e-05,150,374850,150,0,1.0,0.0
dense,0.02,50,1,2.121324586196087e-05,150,374850,150,0,1.0,0.0
dense,0.02,50,2,2.121324586196087e-05,150,374850,150,0,1.0,0.0
dense,0.02,50,3,2.121324586196087e-05,150,374850,150,0,1.0,0.0
dense,0.02,50,4,2.121324586196087e-05,150,374850,150,0,1.0,0.0
dense,0.02,50,5,2.121324586196087e-05,150,374850,150,0,1.0,0.0
dense,0.02,50,6,2.121324586196087e-05,150,374850,150,0,1.0,0.0
dense,0.02,50,7,2.121324586196087e-05,150,374850,150,0,1.0,0.0
dense,0.02,50,8,2.121324586196087e-05,150,374850,150,0,1.0,0.0
dense,0.02,50,9,2.121324586196087e-05,150,374850,150,0,1.0,0.0
dense,0.02,50,10,2.121324586196087e-05,150,374850,150,0,1.0,0.0
dense,0.02,50,11,2.121324586196087e-05,150,374850,150,0,1.0,0.0
dense,0.02,50,12,2.121324586196087e-05,150,374850,150,0,1.0,0.0
dense,0.02,50,13,2.121324586196087e-05,150,374850,150,0,1.0,0.0
dense,0.02,50,14,2.121324586196087e-05,150,374850,150,0,1.0,0.0
dense,0.02,50,15,2.121324586196087e-05,150,374850,150,0,1.0,0.0
dense,0.02,50,16,2.121324586196087e-05,150,374850,150,0,1.0,0.0
dense,0.02,50,17,2.121324586196087e-05,150,374850,150,0,1.0,0.0
dense,0.02,50,18,2.121324586196087e-05,150,374850,150,0,1.0,0.0
dense,0.02,50,19,2.121324586196087e-05,150,374850,150,0,1.0,0.0
dense,0.02,55,0,2.121324586196087e-05,165,498960,165,0,1.0,0.0
dense,0.02,55,1,2.121324586196087e-05,165,498960,165,0,1.0,0.0
dense,0.02,55,2,2.121324586196087e-05,165,498960,165,0,1.0,0.0
dense,0.02,55,3,2.121324586196087e-05,165,498960,165,0,1.0,0.0
dense,0.02,55,4,2.121324586196087e-05,165,498960,165,0,1.0,0.0
dense,0.02,55,5,2.121324586196087e-05,165,498960,165,0,1.0,0.0
dense,0.02,55,6,2.121324586196087e-05,165,498960,165,0,1.0,0.0
dense,0.02,55,7,2.121324586196087e-05,165,498960,165,0,1.0,0.0
dense,0.02,55,8,2.121324586196087e-05,165,498960,165,0,1.0,0.0
dense,0.02,55,9,2.121324586196087e-05,165,498960,165,0,1.0,0.0
dense,0.02,55,10,2.121324586196087e-05,165,498960,165,0,1.0,0.0
dense,0.02,55,11,2.121324586196087e-05,165,498960,165,0,1.0,0.0
dense,0.02,55,12,2.121324586196087e-05,165,498960,165,0,1.0,0.0
dense,0.02,55,13,2.121324586196087e-05,165,498960,165,0,1.0,0.0
dense,0.02,55,14,2.121324586196087e-05,165,498960,165,0,1.0,0.0
dense,0.02,55,15,2.121324586196087e-05,165,498960,165,0,1.0,0.0
dense,0.02,55,16,2.121324586196087e-05,165,498960,165,0,1.0,0.0
dense,0.02,55,17,2.121324586196087e-05,165,498960,165,0,1.0,0.0
dense,0.02,55,18,2.121324586196087e-05,165,498960,165,0,1.0,0.0
dense,0.02,55,19,2.121324586196087e-05,165,498960,165,0,1.0,0.0
dense,0.02,60,0,2.121324586196087e-05,180,647820,180,0,1.0,0.0
dense,0.02,60,1,2.121324586196087e-05,180,647820,180,0,1.0,0.0
dense,0.02,60,2,2.121324586196087e-05,180,647820,180,0,1.0,0.0
dense,0.02,60,3,2.121324586196087e-05,180,647820,180,0,1.0,0.0
dense,0.02,60,4,2.121324586196087e-05,180,647820,180,0,1.0,0.0
dense,0.02,60,5,2.121324586196087e-05,180,647820,180,0,1.0,0.0
dense,0.02,60,6,2.121324586196087e-05,180,647820,180,0,1.0,0.0
dense,0.02,60,7,2.121324586196087e-05,180,647820,180,0,1.0,0.0
dense,0.02,60,8,2.121324586196087e-05,180,647820,180,0,1.0,0.0
dense,0.02,60,9,2.121324586196087e-05,180,647820,180,0,1.0,0.0
dense,0.02,60,10,2.121324586196087e-05,180,647820,180,0,1.0,0.0
dense,0.02,60,11,2.121324586196087e-05,180,647820,180,0,1.0,0.0
dense,0.02,60,12,2.121324586196087e-05,180,647820,180,0,1.0,0.0
dense,0.02,60,13,2.121324586196087e-05,180,647820,180,0,1.0,0.0
dense,0.02,60,14,2.121324586196087e-05,180,647820,180,0,1.0,0.0
dense,0.02,60,15,2.121324586196087e-05,180,647820,180,0,1.0,0.0
dense,0.02,60,16,2.121324586196087e-05,180,647820,180,0,1.0,0.0
dense,0.02,60,17,2.121324586196087e-05,180,647820,180,0,1.0,0.0
dense,0.02,60,18,2.121324586196087e-05,180,647820,180,0,1.0,0.0
dense,0.02,60,19,2.121324586196087e-05,180,647820,180,0,1.0,0.0
dense,0.02,65,0,2.121324586196087e-05,195,823680,195,0,1.0,0.0
dense,0.02,65,1,2.121324586196087e-05,195,823680,195,0,1.0,0.0
dense,0.02,65,2,2.121324586196087e-05,195,823680,195,0,1.0,0.0
dense,0.02,65,3,2.121324586196087e-05,195,823680,195,0,1.0,0.0
dense,0.02,65,4,2.121324586196087e-05,195,823680,195,0,1.0,0.0
dense,0.02,65,5,2.121324586196087e-05,195,823680,195,0,1.0,0.0
dense,0.02,65,6,2.121324586196087e-05,195,823680,195,0,1.0,0.0
dense,0.02,65,7,2.121324586196087e-05,195,823680,195,0,1.0,0.0
dense,0.02,65,8,2.121324586196087e-05,195,823680,195,0,1.0,0.0
dense,0.02,65,9,2.121324586196087e-05,195,823680,195,0,1.0,0.0
dense,0.02,65,10,2.121324586196087e-05,195,823680,195,0,1.0,0.0
dense,0.02,65,11,2.121324586196087e-05,195,823680,195,0,1.0,0.0
dense,0.02,65,12,2.121324586196087e-05,195,823680,195,0,1.0,0.0
dense,0.02,65,13,2.121324586196087e-05,195,823680,195,0,1.0,0.0
dense,0.02,65,14,2.121324586196087e-05,195,823680,195,0,1.0,0.0
dense,0.02,65,15,2.121324586196087e-05,195,823680,195,0,1.0,0.0
dense,0.02,65,16,2.121324586196087e-05,195,823680,195,0,1.0,0.0
dense,0.02,65,17,2.121324586196087e-05,195,823680,195,0,1.0,0.0
dense,0.02,65,18,2.121324586196087e-05,195,823680,195,0,1.0,0.0
dense,0.02,65,19,2.121324586196087e-05,195,823680,195,0,1.0,0.0
dense,0.02,70,0,2.121324586196087e-05,210,1028790,210,0,1.0,0.0
dense,0.02,70,1,2.121324586196087e-05,210,1028790,210,0,1.0,0.0
dense,0.02,70,2,2.121324586196087e-05,210,1028790,210,0,1.0,0.0
dense,0.02,70,3,2.121324586196087e-05,210,1028790,210,0,1.0,0.0
dense,0.02,70,4,2.121324586196087e-05,210,1028790,210,0,1.0,0.0
dense,0.02,70,5,2.121324586196087e-05,210,1028790,210,1,1.0,0.0047393364928909
dense,0.02,70,6,2.121324586196087e-05,210,1028790,210,0,1.0,0.0
dense,0.02,70,7,2.121324586196087e-05,210,1028790,210,0,1.0,0.0
dense,0.02,70,8,2.121324586196087e-05,210,1028790,210,0,1.0,0.0
dense,0.02,70,9,2.121324586196087e-05,210,1028790,210,0,1.0,0.0
dense,0.02,70,10,2.121324586196087e-05,210,1028790,210,0,1.0,0.0
dense,0.02,70,11,2.121324586196087e-05,210,1028790,210,0,1.0,0.0
dense,0.02,70,12,2.121324586196087e-05,210,1028790,210,0,1.0,0.0
dense,0.02,70,13,2.121324586196087e-05,210,1028790,210,0,1.0,0.0
dense,0.02,70,14,2.121324586196087e-05,210,1028790,210,0,1.0,0.0
dense,0.02,70,15,2.121324586196087e-05,210,1028790,210,0,1.0,0.0
dense,0.02,70,16,2.121324586196087e-05,210,1028790,210,0,1.0,0.0
dense,0.02,70,17,2.121324586196087e-05,210,1028790,210,0,1.0,0.0
dense,0.02,70,18,2.121324586196087e-05,210,1028790,210,0,1.0,0.0
dense,0.02,70,19,2.121324586196087e-05,210,1028790,210,0,1.0,0.0
dense,0.02,75,0,2.121324586196087e-05,225,1265400,225,0,1.0,0.0
dense,0.02,75,1,2.121324586196087e-05,225,1265400,225,0,1.0,0.0
dense,0.02,75,2,2.121324586196087e-05,225,1265400,225,0,1.0,0.0
dense,0.02,75,3,2.121324586196087e-05,225,1265400,225,0,1.0,0.0
dense,0.02,75,4,2.121324586196087e-05,225,1265400,225,0,1.0,0.0
dense,0.02,75,5,2.121324586196087e-05,225,1265400,225,0,1.0,0.0
dense,0.02,75,6,2.121324586196087e-05,225,1265400,225,0,1.0,0.0
dense,0.02,75,7,2.121324586196087e-05,225,1265400,225,0,1.0,0.0
dense,0.02,75,8,2.121324586196087e-05,225,1265400,225,0,1.0,0.0
dense,0.02,75,9,2.121324586196087e-05,225,1265400,225,0,1.0,0.0
dense,0.02,75,10,2.121324586196087e-05,225,1265400,225,0,1.0,0.0
dense,0.02,75,11,2.121324586196087e-05,225,1265400,225,0,1.0,0.0
dense,0.02,75,12,2.121324586196087e-05,225,1265400,225,0,1.0,0.0
dense,0.02,75,13,2.121324586196087e-05,225,1265400,225,0,1.0,0.0
dense,0.02,75,14,2.121324586196087e-05,225,1265400,225,0,1.0,0.0
dense,0.02,75,15,2.121324586196087e-05,225,1265400,225,0,1.0,0.0
dense,0.02,75,16,2.121324586196087e-05,225,1265400,225,2,1.0,0.0088105726872246
dense,0.02,75,17,2.121324586196087e-05,225,1265400,225,0,1.0,0.0
dense,0.02,75,18,2.121324586196087e-05,225,1265400,225,0,1.0,0.0
dense,0.02,75,19,2.121324586196087e-05,225,1265400,225,0,1.0,0.0
dense,0.02,80,0,2.121324586196087e-05,240,1535760,240,0,1.0,0.0
dense,0.02,80,1,2.121324586196087e-05,240,1535760,240,0,1.0,0.0
dense,0.02,80,2,2.121324586196087e-05,240,1535760,240,0,1.0,0.0
dense,0.02,80,3,2.121324586196087e-05,240,1535760,240,0,1.0,0.0
dense,0.02,80,4,2.121324586196087e-05,240,1535760,240,0,1.0,0.0
dense,0.02,80,5,2.121324586196087e-05,240,1535760,240,0,1.0,0.0
dense,0.02,80,6,2.121324586196087e-05,240,1535760,240,0,1.0,0.0
dense,0.02,80,7,2.121324586196087e-05,240,1535760,240,0,1.0,0.0
dense,0.02,80,8,2.121324586196087e-05,240,1535760,240,0,1.0,0.0
dense,0.02,80,9,2.121324586196087e-05,240,1535760,240,0,1.0,0.0
dense,0.02,80,10,2.121324586196087e-05,240,1535760,240,0,1.0,0.0
dense,0.02,80,11,2.121324586196087e-05,240,1535760,240,0,1.0,0.0
dense,0.02,80,12,2.121324586196087e-05,240,1535760,240,0,1.0,0.0
dense,0.02,80,13,2.121324586196087e-05,240,1535760,240,0,1.0,0.0
dense,0.02,80,14,2.121324586196087e-05,240,1535760,240,0,1.0,0.0
dense,0.02,80,15,2.121324586196087e-05,240,1535760,240,0,1.0,0.0
dense,0.02,80,16,2.121324586196087e-05,240,1535760,240,0,1.0,0.0
dense,0.02,80,17,2.121324586196087e-05,240,1535760,240,0,1.0,0.0
dense,0.02,80,18,2.121324586196087e-05,240,1535760,240,0,1.0,0.0
dense,0.02,80,19,2.121324586196087e-05,240,1535760,240,0,1.0,0.0
dense,0.02,85,0,2.121324586196087e-05,255,1842120,255,0,1.0,0.0
dense,0.02,85,1,2.121324586196087e-05,255,1842120,255,0,1.0,0.0
dense,0.02,85,2,2.121324586196087e-05,255,1842120,255,0,1.0,0.0
dense,0.02,85,3,2.121324586196087e-05,255,1842120,255,0,1.0,0.0
dense,0.02,85,4,2.121324586196087e-05,255,1842120,255,0,1.0,0.0
dense,0.02,85,5,2.121324586196087e-05,255,1842120,255,0,1.0,0.0
dense,0.02,85,6,2.121324586196087e-05,255,1842120,255,0,1.0,0.0
dense,0.02,85,7,2.121324586196087e-05,255,1842120,255,0,1.0,0.0
dense,0.02,85,8,2.121324586196087e-05,255,1842120,255,0,1.0,0.0
dense,0.02,85,9,2.121324586196087e-05,255,1842120,255,0,1.0,0.0
dense,0.02,85,10,2.121324586196087e-05,255,1842120,255,0,1.0,0.0
dense,0.02,85,11,2.121324586196087e-05,255,1842120,255,0,1.0,0.0
dense,0.02,85,12,2.121324586196087e-05,255,1842120,255,0,1.0,0.0
dense,0.02,85,13,2.121324586196087e-05,255,1842120,255,0,1.0,0.0
dense,0.02,85,14,2.121324586196087e-05,255,1842120,255,0,1.0,0.0
dense,0.02,85,15,2.121324586196087e-05,255,1842120,255,0,1.0,0.0
dense,0.02,85,16,2.121324586196087e-05,255,1842120,255,1,1.0,0.00390625
dense,0.02,85,17,2.121324586196087e-05,255,1842120,255,0,1.0,0.0
dense,0.02,85,18,2.121324586196087e-05,255,1842120,255,0,1.0,0.0
dense,0.02,85,19,2.121324586196087e-05,255,1842120,255,0,1.0,0.0
dense,0.02,90,0,2.121324586196087e-05,270,2186730,270,0,1.0,0.0
dense,0.02,90,1,2.121324586196087e-05,270,2186730,270,0,1.0,0.0
dense,0.02,90,2,2.121324586196087e-05,270,2186730,270,0,1.0,0.0
dense,0.02,90,3,2.121324586196087e-05,270,2186730,270,0,1.0,0.0
dense,0.02,90,4,2.121324586196087e-05,270,2186730,270,1,1.0,0.003690036900369
dense,0.02,90,5,2.121324586196087e-05,270,2186730,270,1,1.0,0.003690036900369
dense,0.02,90,6,2.121324586196087e-05,270,2186730,270,0,1.0,0.0
dense,0.02,90,7,2.121324586196087e-05,270,2186730,270,0,1.0,0.0
dense,0.02,90,8,2.121324586196087e-05,270,2186730,270,0,1.0,0.0
dense,0.02,90,9,2.121324586196087e-05,270,2186730,270,0,1.0,0.0
dense,0.02,90,10,2.121324586196087e-05,270,2186730,270,0,1.0,0.0
dense,0.02,90,11,2.121324586196087e-05,270,2186730,270,0,1.0,0.0
dense,0.02,90,12,2.121324586196087e-05,270,2186730,270,0,1.0,0.0
dense,0.02,90,13,2.121324586196087e-05,270,2186730,270,0,1.0,0.0
dense,0.02,90,14,2.121324586196087e-05,270,2186730,270,0,1.0,0.0
dense,0.02,90,15,2.121324586196087e-05,270,2186730,270,0,1.0,0.0
dense,0.02,90,16,2.121324586196087e-05,270,2186730,270,0,1.0,0.0
dense,0.02,90,17,2.121324586196087e-05,270,2186730,270,0,1.0,0.0
dense,0.02,90,18,2.121324586196087e-05,270,2186730,270,0,1.0,0.0
dense,0.02,90,19,2.121324586196087e-05,270,2186730,270,0,1.0,0.0
dense,0.02,95,0,2.121324586196087e-05,285,2571840,285,0,1.0,0.0
dense,0.02,95,1,2.121324586196087e-05,285,2571840,285,0,1.0,0.0
dense,0.02,95,2,2.121324586196087e-05,285,2571840,285,0,1.0,0.0
dense,0.02,95,3,2.121324586196087e-05,285,2571840,285,0,1.0,0.0
dense,0.02,95,4,2.121324586196087e-05,285,2571840,285,0,1.0,0.0
dense,0.02,95,5,2.121324586196087e-05,285,2571840,285,0,1.0,0.0
dense,0.02,95,6,2.121324586196087e-05,285,2571840,285,0,1.0,0.0
dense,0.02,95,7,2.121324586196087e-05,285,2571840,285,0,1.0,0.0
dense,0.02,95,8,2.121324586196087e-05,285,2571840,285,0,1.0,0.0
dense,0.02,95,9,2.121324586196087e-05,285,2571840,285,0,1.0,0.0
dense,0.02,95,10,2.121324586196087e-05,285,2571840,285,0,1.0,0.0
dense,0.02,95,11,2.121324586196087e-05,285,2571840,285,0,1.0,0.0
dense,0.02,95,12,2.121324586196087e-05,285,2571840,285,1,1.0,0.0034965034965034
dense,0.02,95,13,2.121324586196087e-05,285,2571840,285,0,1.0,0.0
dense,0.02,95,14,2.121324586196087e-05,285,2571840,285,0,1.0,0.0
dense,0.02,95,15,2.121324586196087e-05,285,2571840,285,0,1.0,0.0
dense,0.02,95,16,2.121324586196087e-05,285,2571840,285,0,1.0,0.0
dense,0.02,95,17,2.121324586196087e-05,285,2571840,285,0,1.0,0.0
dense,0.02,95,18,2.121324586196087e-05,285,2571840,285,0,1.0,0.0
dense,0.02,95,19,2.121324586196087e-05,285,2571840,285,0,1.0,0.0
dense,0.02,100,0,2.121324586196087e-05,300,2999700,300,0,1.0,0.0
dense,0.02,100,1,2.121324586196087e-05,300,2999700,300,0,1.0,0.0
dense,0.02,100,2,2.121324586196087e-05,300,2999700,300,0,1.0,0.0
dense,0.02,100,3,2.121324586196087e-05,300,2999700,300,0,1.0,0.0
dense,0.02,100,4,2.121324586196087e-05,300,2999700,300,0,1.0,0.0
dense,0.02,100,5,2.121324586196087e-05,300,2999700,300,0,1.0,0.0
dense,0.02,100,6,2.121324586196087e-05,300,2999700,300,0,1.0,0.0
dense,0.02,100,7,2.121324586196087e-05,300,2999700,300,0,1.0,0.0
dense,0.02,100,8,2.121324586196087e-05,300,2999700,300,0,1.0,0.0
dense,0.02,100,9,2.121324586196087e-05,300,2999700,300,1,1.0,0.0033222591362126
dense,0.02,100,10,2.121324586196087e-05,300,2999700,300,0,1.0,0.0
dense,0.02,100,11,2.121324586196087e-05,300,2999700,300,0,1.0,0.0
dense,0.02,100,12,2.121324586196087e-05,300,2999700,300,0,1.0,0.0
dense,0.02,100,13,2.121324586196087e-05,300,2999700,300,0,1.0,0.0
dense,0.02,100,14,2.121324586196087e-05,300,2999700,300,0,1.0,0.0
dense,0.02,100,15,2.121324586196087e-05,300,2999700,300,0,1.0,0.0
dense,0.02,100,16,2.121324586196087e-05,300,2999700,300,0,1.0,0.0
dense,0.02,100,17,2.121324586196087e-05,300,2999700,300,0,1.0,0.0
dense,0.02,100,18,2.121324586196087e-05,300,2999700,300,0,1.0,0.0
dense,0.02,100,19,2.121324586196087e-05,300,2999700,300,0,1.0,0.0
dense,0.02,150,0,2.121324586196087e-05,450,10124550,450,0,1.0,0.0
dense,0.02,150,1,2.121324586196087e-05,450,10124550,450,0,1.0,0.0
dense,0.02,150,2,2.121324586196087e-05,450,10124550,450,0,1.0,0.0
dense,0.02,150,3,2.121324586196087e-05,450,10124550,450,0,1.0,0.0
dense,0.02,150,4,2.121324586196087e-05,450,10124550,450,0,1.0,0.0
dense,0.02,150,5,2.121324586196087e-05,450,10124550,450,0,1.0,0.0
dense,0.02,150,6,2.121324586196087e-05,450,10124550,450,0,1.0,0.0
dense,0.02,150,7,2.121324586196087e-05,450,10124550,450,0,1.0,0.0
dense,0.02,150,8,2.121324586196087e-05,450,10124550,450,0,1.0,0.0
dense,0.02,150,9,2.121324586196087e-05,450,10124550,450,0,1.0,0.0
dense,0.02,150,10,2.121324586196087e-05,450,10124550,450,0,1.0,0.0
dense,0.02,150,11,2.121324586196087e-05,450,10124550,450,0,1.0,0.0
dense,0.02,150,12,2.121324586196087e-05,450,10124550,450,0,1.0,0.0
dense,0.02,150,13,2.121324586196087e-05,450,10124550,450,1,1.0,0.0022172949002217
dense,0.02,150,14,2.121324586196087e-05,450,10124550,450,0,1.0,0.0
dense,0.02,150,15,2.121324586196087e-05,450,10124550,450,0,1.0,0.0
dense,0.02,150,16,2.121324586196087e-05,450,10124550,450,0,1.0,0.0
dense,0.02,150,17,2.121324586196087e-05,450,10124550,450,1,1.0,0.0022172949002217
dense,0.02,150,18,2.121324586196087e-05,450,10124550,450,0,1.0,0.0
dense,0.02,150,19,2.121324586196087e-05,450,10124550,450,0,1.0,0.0
dense,0.02,200,0,2.121324586196087e-05,600,23999400,600,1,1.0,0.0016638935108153
dense,0.02,200,1,2.121324586196087e-05,600,23999400,600,1,1.0,0.0016638935108153
dense,0.02,200,2,2.121324586196087e-05,600,23999400,600,0,1.0,0.0
dense,0.02,200,3,2.121324586196087e-05,600,23999400,600,1,1.0,0.0016638935108153
dense,0.02,200,4,2.121324586196087e-05,600,23999400,600,0,1.0,0.0
dense,0.02,200,5,2.121324586196087e-05,600,23999400,600,1,1.0,0.0016638935108153
dense,0.02,200,6,2.121324586196087e-05,600,23999400,600,0,1.0,0.0
dense,0.02,200,7,2.121324586196087e-05,600,23999400,600,0,1.0,0.0
dense,0.02,200,8,2.121324586196087e-05,600,23999400,600,2,1.0,0.0033222591362126
dense,0.02,200,9,2.121324586196087e-05,600,23999400,600,0,1.0,0.0
dense,0.02,200,10,2.121324586196087e-05,600,23999400,600,2,1.0,0.0033222591362126
dense,0.02,200,11,2.121324586196087e-05,600,23999400,600,1,1.0,0.0016638935108153
dense,0.02,200,12,2.121324586196087e-05,600,23999400,600,1,1.0,0.0016638935108153
dense,0.02,200,13,2.121324586196087e-05,600,23999400,600,0,1.0,0.0
dense,0.02,200,14,2.121324586196087e-05,600,23999400,600,1,1.0,0.0016638935108153
dense,0.02,200,15,2.121324586196087e-05,600,23999400,600,0,1.0,0.0
dense,0.02,200,16,2.121324586196087e-05,600,23999400,600,0,1.0,0.0
dense,0.02,200,17,2.121324586196087e-05,600,23999400,600,2,1.0,0.0033222591362126
dense,0.02,200,18,2.121324586196087e-05,600,23999400,600,1,1.0,0.0016638935108153
dense,0.02,200,19,2.121324586196087e-05,600,23999400,600,2,1.0,0.0033222591362126
dense,0.02,250,0,2.121324586196087e-05,750,46874250,750,0,1.0,0.0
dense,0.02,250,1,2.121324586196087e-05,750,46874250,750,1,1.0,0.0013315579227696
dense,0.02,250,2,2.121324586196087e-05,750,46874250,750,3,1.0,0.0039840637450199
dense,0.02,250,3,2.121324586196087e-05,750,46874250,750,0,1.0,0.0
dense,0.02,250,4,2.121324586196087e-05,750,46874250,750,0,1.0,0.0
dense,0.02,250,5,2.121324586196087e-05,750,46874250,750,0,1.0,0.0
dense,0.02,250,6,2.121324586196087e-05,750,46874250,750,0,1.0,0.0
dense,0.02,250,7,2.121324586196087e-05,750,46874250,750,1,1.0,0.0013315579227696
dense,0.02,250,8,2.121324586196087e-05,750,46874250,750,1,1.0,0.0013315579227696
dense,0.02,250,9,2.121324586196087e-05,750,46874250,750,3,1.0,0.0039840637450199
dense,0.02,250,10,2.121324586196087e-05,750,46874250,750,0,1.0,0.0
dense,0.02,250,11,2.121324586196087e-05,750,46874250,750,0,1.0,0.0
dense,0.02,250,12,2.121324586196087e-05,750,46874250,750,3,1.0,0.0039840637450199
dense,0.02,250,13,2.121324586196087e-05,750,46874250,750,3,1.0,0.0039840637450199
dense,0.02,250,14,2.121324586196087e-05,750,46874250,750,2,1.0,0.0026595744680851
dense,0.02,250,15,2.121324586196087e-05,750,46874250,750,1,1.0,0.0013315579227696
dense,0.02,250,16,2.121324586196087e-05,750,46874250,750,2,1.0,0.0026595744680851
dense,0.02,250,17,2.121324586196087e-05,750,46874250,750,0,1.0,0.0
dense,0.02,250,18,2.121324586196087e-05,750,46874250,750,0,1.0,0.0
dense,0.02,250,19,2.121324586196087e-05,750,46874250,750,1,1.0,0.0013315579227696
dense,0.02,300,0,2.121324586196087e-05,900,80999100,900,2,1.0,0.0022172949002217
dense,0.02,300,1,2.121324586196087e-05,900,80999100,900,6,1.0,0.0066225165562913
dense,0.02,300,2,2.121324586196087e-05,900,80999100,900,4,1.0,0.0044247787610619
dense,0.02,300,3,2.121324586196087e-05,900,80999100,900,2,1.0,0.0022172949002217
dense,0.02,300,4,2.121324586196087e-05,900,80999100,900,2,1.0,0.0022172949002217
dense,0.02,300,5,2.121324586196087e-05,900,80999100,900,4,1.0,0.0044247787610619
dense,0.02,300,6,2.121324586196087e-05,900,80999100,900,3,1.0,0.0033222591362126
dense,0.02,300,7,2.121324586196087e-05,900,80999100,900,0,1.0,0.0
dense,0.02,300,8,2.121324586196087e-05,900,80999100,900,3,1.0,0.0033222591362126
dense,0.02,300,9,2.121324586196087e-05,900,80999100,900,4,1.0,0.0044247787610619
dense,0.02,300,10,2.121324586196087e-05,900,80999100,900,2,1.0,0.0022172949002217
dense,0.02,300,11,2.121324586196087e-05,900,80999100,900,2,1.0,0.0022172949002217
dense,0.02,300,12,2.121324586196087e-05,900,80999100,900,2,1.0,0.0022172949002217
dense,0.02,300,13,2.121324586196087e-05,900,80999100,900,5,1.0,0.005524861878453
dense,0.02,300,14,2.121324586196087e-05,900,80999100,900,2,1.0,0.0022172949002217
dense,0.02,300,15,2.121324586196087e-05,900,80999100,900,0,1.0,0.0
dense,0.02,300,16,2.121324586196087e-05,900,80999100,900,3,1.0,0.0033222591362126
dense,0.02,300,17,2.121324586196087e-05,900,80999100,900,1,1.0,0.0011098779134295
dense,0.02,300,18,2.121324586196087e-05,900,80999100,900,5,1.0,0.005524861878453
dense,0.02,300,19,2.121324586196087e-05,900,80999100,900,4,1.0,0.0044247787610619
dense,0.02,350,0,2.121324586196087e-05,1050,128623950,1050,4,1.0,0.0037950664136622
dense,0.02,350,1,2.121324586196087e-05,1050,128623950,1050,3,1.0,0.0028490028490028
dense,0.02,350,2,2.121324586196087e-05,1050,128623950,1050,5,1.0,0.0047393364928909
dense,0.02,350,3,2.121324586196087e-05,1050,128623950,1050,6,1.0,0.0056818181818181
dense,0.02,350,4,2.121324586196087e-05,1050,128623950,1050,2,1.0,0.0019011406844106
dense,0.02,350,5,2.121324586196087e-05,1050,128623950,1050,3,1.0,0.0028490028490028
dense,0.02,350,6,2.121324586196087e-05,1050,128623950,1050,4,1.0,0.0037950664136622
dense,0.02,350,7,2.121324586196087e-05,1050,128623950,1050,1,1.0,0.0009514747859181
dense,0.02,350,8,2.121324586196087e-05,1050,128623950,1050,9,1.0,0.0084985835694051
dense,0.02,350,9,2.121324586196087e-05,1050,128623950,1050,8,1.0,0.0075614366729678
dense,0.02,350,10,2.121324586196087e-05,1050,128623950,1050,3,1.0,0.0028490028490028
dense,0.02,350,11,2.121324586196087e-05,1050,128623950,1050,4,1.0,0.0037950664136622
dense,0.02,350,12,2.121324586196087e-05,1050,128623950,1050,5,1.0,0.0047393364928909
dense,0.02,350,13,2.121324586196087e-05,1050,128623950,1050,7,1.0,0.0066225165562913
dense,0.02,350,14,2.121324586196087e-05,1050,128623950,1050,6,1.0,0.0056818181818181
dense,0.02,350,15,2.121324586196087e-05,1050,128623950,1050,4,1.0,0.0037950664136622
dense,0.02,350,16,2.121324586196087e-05,1050,128623950,1050,1,1.0,0.0009514747859181
dense,0.02,350,17,2.121324586196087e-05,1050,128623950,1050,5,1.0,0.0047393364928909
dense,0.02,350,18,2.121324586196087e-05,1050,128623950,1050,5,1.0,0.0047393364928909
dense,0.02,350,19,2.121324586196087e-05,1050,128623950,1050,9,1.0,0.0084985835694051
dense,0.02,400,0,2.121324586196087e-05,1200,191998800,1200,3,1.0,0.0024937655860349
dense,0.02,400,1,2.121324586196087e-05,1200,191998800,1200,6,1.0,0.0049751243781094
dense,0.02,400,2,2.121324586196087e-05,1200,191998800,1200,8,1.0,0.0066225165562913
dense,0.02,400,3,2.121324586196087e-05,1200,191998800,1200,8,1.0,0.0066225165562913
dense,0.02,400,4,2.121324586196087e-05,1200,191998800,1200,11,1.0,0.0090834021469859
dense,0.02,400,5,2.121324586196087e-05,1200,191998800,1200,7,1.0,0.0057995028997514
dense,0.02,400,6,2.121324586196087e-05,1200,191998800,1200,4,1.0,0.0033222591362126
dense,0.02,400,7,2.121324586196087e-05,1200,191998800,1200,9,1.0,0.0074441687344913
dense,0.02,400,8,2.121324586196087e-05,1200,191998800,1200,3,1.0,0.0024937655860349
dense,0.02,400,9,2.121324586196087e-05,1200,191998800,1200,7,1.0,0.0057995028997514
dense,0.02,400,10,2.121324586196087e-05,1200,191998800,1200,13,1.0,0.010717230008244
dense,0.02,400,11,2.121324586196087e-05,1200,191998800,1200,6,1.0,0.0049751243781094
dense,0.02,400,12,2.121324586196087e-05,1200,191998800,1200,4,1.0,0.0033222591362126
dense,0.02,400,13,2.121324586196087e-05,1200,191998800,1200,6,1.0,0.0049751243781094
dense,0.02,400,14,2.121324586196087e-05,1200,191998800,1200,6,1.0,0.0049751243781094
dense,0.02,400,15,2.121324586196087e-05,1200,191998800,1200,5,1.0,0.0041493775933609
dense,0.02,400,16,2.121324586196087e-05,1200,191998800,1200,5,1.0,0.0041493775933609
dense,0.02,400,17,2.121324586196087e-05,1200,191998800,1200,10,1.0,0.0082644628099173
dense,0.02,400,18,2.121324586196087e-05,1200,191998800,1200,6,1.0,0.0049751243781094
dense,0.02,400,19,2.121324586196087e-05,1200,191998800,1200,7,1.0,0.0057995028997514
dense,0.02,450,0,2.121324586196087e-05,1350,273373650,1350,5,1.0,0.003690036900369
dense,0.02,450,1,2.121324586196087e-05,1350,273373650,1350,6,1.0,0.0044247787610619
dense,0.02,450,2,2.121324586196087e-05,1350,273373650,1350,13,1.0,0.0095377842993396
dense,0.02,450,3,2.121324586196087e-05,1350,273373650,1350,12,1.0,0.0088105726872246
dense,0.02,450,4,2.121324586196087e-05,1350,273373650,1350,11,1.0,0.0080822924320352
dense,0.02,450,5,2.121324586196087e-05,1350,273373650,1350,19,1.0,0.0138787436084733
dense,0.02,450,6,2.121324586196087e-05,1350,273373650,1350,7,1.0,0.0051584377302873
dense,0.02,450,7,2.121324586196087e-05,1350,273373650,1350,3,1.0,0.0022172949002217
dense,0.02,450,8,2.121324586196087e-05,1350,273373650,1350,10,1.0,0.0073529411764705
dense,0.02,450,9,2.121324586196087e-05,1350,273373650,1350,10,1.0,0.0073529411764705
dense,0.02,450,10,2.121324586196087e-05,1350,273373650,1350,6,1.0,0.0044247787610619
dense,0.02,450,11,2.121324586196087e-05,1350,273373650,1350,10,1.0,0.0073529411764705
dense,0.02,450,12,2.121324586196087e-05,1350,273373650,1350,7,1.0,0.0051584377302873
dense,0.02,450,13,2.121324586196087e-05,1350,273373650,1350,7,1.0,0.0051584377302873
dense,0.02,450,14,2.121324586196087e-05,1350,273373650,1350,11,1.0,0.0080822924320352
dense,0.02,450,15,2.121324586196087e-05,1350,273373650,1350,8,1.0,0.0058910162002945
dense,0.02,450,16,2.121324586196087e-05,1350,273373650,1350,11,1.0,0.0080822924320352
dense,0.02,450,17,2.121324586196087e-05,1350,273373650,1350,7,1.0,0.0051584377302873
dense,0.02,450,18,2.121324586196087e-05,1350,273373650,1350,5,1.0,0.003690036900369
dense,0.02,450,19,2.121324586196087e-05,1350,273373650,1350,9,1.0,0.0066225165562913
dense,0.02,500,0,2.121324586196087e-05,1500,374998500,1500,21,1.0,0.0138067061143984
dense,0.02,500,1,2.121324586196087e-05,1500,374998500,1500,9,1.0,0.0059642147117296
dense,0.02,500,2,2.121324586196087e-05,1500,374998500,1500,9,1.0,0.0059642147117296
dense,0.02,500,3,2.121324586196087e-05,1500,374998500,1500,13,1.0,0.0085922009253139
dense,0.02,500,4,2.121324586196087e-05,1500,374998500,1500,18,1.0,0.0118577075098814
dense,0.02,500,5,2.121324586196087e-05,1500,374998500,1500,10,1.0,0.0066225165562913
dense,0.02,500,6,2.121324586196087e-05,1500,374998500,1500,9,1.0,0.0059642147117296
dense,0.02,500,7,2.121324586196087e-05,1500,374998500,1500,6,1.0,0.0039840637450199
dense,0.02,500,8,2.121324586196087e-05,1500,374998500,1500,7,1.0,0.0046449900464499
dense,0.02,500,9,2.121324586196087e-05,1500,374998500,1500,11,1.0,0.0072799470549305
dense,0.02,500,10,2.121324586196087e-05,1500,374998500,1500,11,1.0,0.0072799470549305
dense,0.02,500,11,2.121324586196087e-05,1500,374998500,1500,12,1.0,0.0079365079365079
dense,0.02,500,12,2.121324586196087e-05,1500,374998500,1500,9,1.0,0.0059642147117296
dense,0.02,500,13,2.121324586196087e-05,1500,374998500,1500,11,1.0,0.0072799470549305
dense,0.02,500,14,2.121324586196087e-05,1500,374998500,1500,11,1.0,0.0072799470549305
dense,0.02,500,15,2.121324586196087e-05,1500,374998500,1500,16,1.0,0.0105540897097625
dense,0.02,500,16,2.121324586196087e-05,1500,374998500,1500,14,1.0,0.0092470277410832
dense,0.02,500,17,2.121324586196087e-05,1500,374998500,1500,18,1.0,0.0118577075098814
dense,0.02,500,18,2.121324586196087e-05,1500,374998500,1500,8,1.0,0.0053050397877984
dense,0.02,500,19,2.121324586196087e-05,1500,374998500,1500,11,1.0,0.0072799470549305
dense,0.02,550,0,2.121324586196087e-05,1650,499123350,1650,10,1.0,0.0060240963855421
dense,0.02,550,1,2.121324586196087e-05,1650,499123350,1650,24,1.0,0.014336917562724
dense,0.02,550,2,2.121324586196087e-05,1650,499123350,1650,19,1.0,0.0113840623127621
dense,0.02,550,3,2.121324586196087e-05,1650,499123350,1650,15,1.0,0.009009009009009
dense,0.02,550,4,2.121324586196087e-05,1650,499123350,1650,19,1.0,0.0113840623127621
dense,0.02,550,5,2.121324586196087e-05,1650,499123350,1650,13,1.0,0.0078171978352375
dense,0.02,550,6,2.121324586196087e-05,1650,499123350,1650,18,1.0,0.0107913669064748
dense,0.02,550,7,2.121324586196087e-05,1650,499123350,1650,21,1.0,0.0125673249551166
dense,0.02,550,8,2.121324586196087e-05,1650,499123350,1650,16,1.0,0.0096038415366146
dense,0.02,550,9,2.121324586196087e-05,1650,499123350,1650,22,1.0,0.0131578947368421
dense,0.02,550,10,2.121324586196087e-05,1650,499123350,1650,15,1.0,0.009009009009009
dense,0.02,550,11,2.121324586196087e-05,1650,499123350,1650,13,1.0,0.0078171978352375
dense,0.02,550,12,2.121324586196087e-05,1650,499123350,1650,15,1.0,0.009009009009009
dense,0.02,550,13,2.121324586196087e-05,1650,499123350,1650,16,1.0,0.0096038415366146
dense,0.02,550,14,2.121324586196087e-05,1650,499123350,1650,15,1.0,0.009009009009009
dense,0.02,550,15,2.121324586196087e-05,1650,499123350,1650,17,1.0,0.0101979604079184
dense,0.02,550,16,2.121324586196087e-05,1650,499123350,1650,16,1.0,0.0096038415366146
dense,0.02,550,17,2.121324586196087e-05,1650,499123350,1650,18,1.0,0.0107913669064748
dense,0.02,550,18,2.121324586196087e-05,1650,499123350,1650,16,1.0,0.0096038415366146
dense,0.02,550,19,2.121324586196087e-05,1650,499123350,1650,13,1.0,0.0078171978352375
dense,0.02,600,0,2.121324586196087e-05,1800,647998200,1800,19,1.0,0.0104452996151731
dense,0.02,600,1,2.121324586196087e-05,1800,647998200,1800,13,1.0,0.0071704357418643
dense,0.02,600,2,2.121324586196087e-05,1800,647998200,1800,15,1.0,0.0082644628099173
dense,0.02,600,3,2.121324586196087e-05,1800,647998200,1800,19,1.0,0.0104452996151731
dense,0.02,600,4,2.121324586196087e-05,1800,647998200,1800,11,1.0,0.0060739922694643
dense,0.02,600,5,2.121324586196087e-05,1800,647998200,1800,13,1.0,0.0071704357418643
dense,0.02,600,6,2.121324586196087e-05,1800,647998200,1800,19,1.0,0.0104452996151731
dense,0.02,600,7,2.121324586196087e-05,1800,647998200,1800,27,1.0,0.0147783251231527
dense,0.02,600,8,2.121324586196087e-05,1800,647998200,1800,27,1.0,0.0147783251231527
dense,0.02,600,9,2.121324586196087e-05,1800,647998200,1800,17,1.0,0.0093560814529444
dense,0.02,600,10,2.121324586196087e-05,1800,647998200,1800,18,1.0,0.0099009900990099
dense,0.02,600,11,2.121324586196087e-05,1800,647998200,1800,19,1.0,0.0104452996151731
dense,0.02,600,12,2.121324586196087e-05,1800,647998200,1800,17,1.0,0.0093560814529444
dense,0.02,600,13,2.121324586196087e-05,1800,647998200,1800,15,1.0,0.0082644628099173
dense,0.02,600,14,2.121324586196087e-05,1800,647998200,1800,16,1.0,0.0088105726872246
dense,0.02,600,15,2.121324586196087e-05,1800,647998200,1800,19,1.0,0.0104452996151731
dense,0.02,600,16,2.121324586196087e-05,1800,647998200,1800,19,1.0,0.0104452996151731
dense,0.02,600,17,2.121324586196087e-05,1800,647998200,1800,15,1.0,0.0082644628099173
dense,0.02,600,18,2.121324586196087e-05,1800,647998200,1800,25,1.0,0.0136986301369863
dense,0.02,600,19,2.121324586196087e-05,1800,647998200,1800,18,1.0,0.0099009900990099
dense,0.02,650,0,2.121324586196087e-05,1950,823873050,1950,26,1.0,0.0131578947368421
dense,0.02,650,1,2.121324586196087e-05,1950,823873050,1950,36,1.0,0.0181268882175226
dense,0.02,650,2,2.121324586196087e-05,1950,823873050,1950,26,1.0,0.0131578947368421
dense,0.02,650,3,2.121324586196087e-05,1950,823873050,1950,28,1.0,0.0141557128412537
dense,0.02,650,4,2.121324586196087e-05,1950,823873050,1950,31,1.0,0.0156486622917718
dense,0.02,650,5,2.121324586196087e-05,1950,823873050,1950,29,1.0,0.0146538655886811
dense,0.02,650,6,2.121324586196087e-05,1950,823873050,1950,26,1.0,0.0131578947368421
dense,0.02,650,7,2.121324586196087e-05,1950,823873050,1950,25,1.0,0.0126582278481012
dense,0.02,650,8,2.121324586196087e-05,1950,823873050,1950,25,1.0,0.0126582278481012
dense,0.02,650,9,2.121324586196087e-05,1950,823873050,1950,27,1.0,0.0136570561456752
dense,0.02,650,10,2.121324586196087e-05,1950,823873050,1950,30,1.0,0.0151515151515151
dense,0.02,650,11,2.121324586196087e-05,1950,823873050,1950,29,1.0,0.0146538655886811
dense,0.02,650,12,2.121324586196087e-05,1950,823873050,1950,26,1.0,0.0131578947368421
dense,0.02,650,13,2.121324586196087e-05,1950,823873050,1950,22,1.0,0.011156186612576
dense,0.02,650,14,2.121324586196087e-05,1950,823873050,1950,26,1.0,0.0131578947368421
dense,0.02,650,15,2.121324586196087e-05,1950,823873050,1950,33,1.0,0.0166414523449319
dense,0.02,650,16,2.121324586196087e-05,1950,823873050,1950,22,1.0,0.011156186612576
dense,0.02,650,17,2.121324586196087e-05,1950,823873050,1950,30,1.0,0.0151515151515151
dense,0.02,650,18,2.121324586196087e-05,1950,823873050,1950,23,1.0,0.0116573745565129
dense,0.02,650,19,2.121324586196087e-05,1950,823873050,1950,25,1.0,0.0126582278481012
dense,0.02,700,0,2.121324586196087e-05,2100,1028997900,2100,22,1.0,0.0103675777568331
dense,0.02,700,1,2.121324586196087e-05,2100,1028997900,2100,41,1.0,0.0191499299392807
dense,0.02,700,2,2.121324586196087e-05,2100,1028997900,2100,24,1.0,0.0112994350282485
dense,0.02,700,3,2.121324586196087e-05,2100,1028997900,2100,29,1.0,0.013621418506341
dense,0.02,700,4,2.121324586196087e-05,2100,1028997900,2100,39,1.0,0.0182328190743338
dense,0.02,700,5,2.121324586196087e-05,2100,1028997900,2100,34,1.0,0.0159325210871602
dense,0.02,700,6,2.121324586196087e-05,2100,1028997900,2100,31,1.0,0.014547160957297
dense,0.02,700,7,2.121324586196087e-05,2100,1028997900,2100,37,1.0,0.017313991576977
dense,0.02,700,8,2.121324586196087e-05,2100,1028997900,2100,32,1.0,0.0150093808630394
dense,0.02,700,9,2.121324586196087e-05,2100,1028997900,2100,32,1.0,0.0150093808630394
dense,0.02,700,10,2.121324586196087e-05,2100,1028997900,2100,34,1.0,0.0159325210871602
dense,0.02,700,11,2.121324586196087e-05,2100,1028997900,2100,32,1.0,0.0150093808630394
dense,0.02,700,12,2.121324586196087e-05,2100,1028997900,2100,26,1.0,0.0122295390404515
dense,0.02,700,13,2.121324586196087e-05,2100,1028997900,2100,30,1.0,0.0140845070422535
dense,0.02,700,14,2.121324586196087e-05,2100,1028997900,2100,44,1.0,0.0205223880597014
dense,0.02,700,15,2.121324586196087e-05,2100,1028997900,2100,25,1.0,0.0117647058823529
dense,0.02,700,16,2.121324586196087e-05,2100,1028997900,2100,27,1.0,0.0126939351198871
dense,0.02,700,17,2.121324586196087e-05,2100,1028997900,2100,30,1.0,0.0140845070422535
dense,0.02,700,18,2.121324586196087e-05,2100,1028997900,2100,24,1.0,0.0112994350282485
dense,0.02,700,19,2.121324586196087e-05,2100,1028997900,2100,37,1.0,0.017313991576977
dense,0.02,750,0,2.121324586196087e-05,2250,1265622750,2250,45,1.0,0.0196078431372549
dense,0.02,750,1,2.121324586196087e-05,2250,1265622750,2250,34,1.0,0.0148861646234676
dense,0.02,750,2,2.121324586196087e-05,2250,1265622750,2250,52,1.0,0.0225890529973935
dense,0.02,750,3,2.121324586196087e-05,2250,1265622750,2250,38,1.0,0.0166083916083916
dense,0.02,750,4,2.121324586196087e-05,2250,1265622750,2250,46,1.0,0.0200348432055749
dense,0.02,750,5,2.121324586196087e-05,2250,1265622750,2250,27,1.0,0.0118577075098814
dense,0.02,750,6,2.121324586196087e-05,2250,1265622750,2250,44,1.0,0.019180470793374
dense,0.02,750,7,2.121324586196087e-05,2250,1265622750,2250,40,1.0,0.0174672489082969
dense,0.02,750,8,2.121324586196087e-05,2250,1265622750,2250,41,1.0,0.0178961152335224
dense,0.02,750,9,2.121324586196087e-05,2250,1265622750,2250,42,1.0,0.0183246073298429
dense,0.02,750,10,2.121324586196087e-05,2250,1265622750,2250,38,1.0,0.0166083916083916
dense,0.02,750,11,2.121324586196087e-05,2250,1265622750,2250,52,1.0,0.0225890529973935
dense,0.02,750,12,2.121324586196087e-05,2250,1265622750,2250,44,1.0,0.019180470793374
dense,0.02,750,13,2.121324586196087e-05,2250,1265622750,2250,39,1.0,0.0170380078636959
dense,0.02,750,14,2.121324586196087e-05,2250,1265622750,2250,43,1.0,0.018752725686873
dense,0.02,750,15,2.121324586196087e-05,2250,1265622750,2250,45,1.0,0.0196078431372549
dense,0.02,750,16,2.121324586196087e-05,2250,1265622750,2250,42,1.0,0.0183246073298429
dense,0.02,750,17,2.121324586196087e-05,2250,1265622750,2250,41,1.0,0.0178961152335224
dense,0.02,750,18,2.121324586196087e-05,2250,1265622750,2250,36,1.0,0.0157480314960629
dense,0.02,750,19,2.121324586196087e-05,2250,1265622750,2250,43,1.0,0.018752725686873
dense,0.02,800,0,2.121324586196087e-05,2400,1535997600,2400,62,1.0,0.025182778229082
dense,0.02,800,1,2.121324586196087e-05,2400,1535997600,2400,38,1.0,0.0155865463494667
dense,0.02,800,2,2.121324586196087e-05,2400,1535997600,2400,48,1.0,0.0196078431372549
dense,0.02,800,3,2.121324586196087e-05,2400,1535997600,2400,44,1.0,0.0180032733224222
dense,0.02,800,4,2.121324586196087e-05,2400,1535997600,2400,50,1.0,0.0204081632653061
dense,0.02,800,5,2.121324586196087e-05,2400,1535997600,2400,45,1.0,0.0184049079754601
dense,0.02,800,6,2.121324586196087e-05,2400,1535997600,2400,58,1.0,0.0235964198535394
dense,0.02,800,7,2.121324586196087e-05,2400,1535997600,2400,40,1.0,0.0163934426229508
dense,0.02,800,8,2.121324586196087e-05,2400,1535997600,2400,53,1.0,0.0216061964940888
dense,0.02,800,9,2.121324586196087e-05,2400,1535997600,2400,43,1.0,0.0176013098649201
dense,0.02,800,10,2.121324586196087e-05,2400,1535997600,2400,47,1.0,0.0192071924805884
dense,0.02,800,11,2.121324586196087e-05,2400,1535997600,2400,48,1.0,0.0196078431372549
dense,0.02,800,12,2.121324586196087e-05,2400,1535997600,2400,35,1.0,0.0143737166324435
dense,0.02,800,13,2.121324586196087e-05,2400,1535997600,2400,56,1.0,0.022801302931596
dense,0.02,800,14,2.121324586196087e-05,2400,1535997600,2400,42,1.0,0.0171990171990172
dense,0.02,800,15,2.121324586196087e-05,2400,1535997600,2400,40,1.0,0.0163934426229508
dense,0.02,800,16,2.121324586196087e-05,2400,1535997600,2400,48,1.0,0.0196078431372549
dense,0.02,800,17,2.121324586196087e-05,2400,1535997600,2400,49,1.0,0.0200081665986116
dense,0.02,800,18,2.121324586196087e-05,2400,1535997600,2400,48,1.0,0.0196078431372549
dense,0.02,800,19,2.121324586196087e-05,2400,1535997600,2400,45,1.0,0.0184049079754601
dense,0.02,850,0,2.121324586196087e-05,2550,1842372450,2550,50,1.0,0.0192307692307692
dense,0.02,850,1,2.121324586196087e-05,2550,1842372450,2550,55,1.0,0.0211132437619961
dense,0.02,850,2,2.121324586196087e-05,2550,1842372450,2550,62,1.0,0.0237366003062787
dense,0.02,850,3,2.121324586196087e-05,2550,1842372450,2550,67,1.0,0.0256018341612533
dense,0.02,850,4,2.121324586196087e-05,2550,1842372450,2550,47,1.0,0.0180978051597997
dense,0.02,850,5,2.121324586196087e-05,2550,1842372450,2550,56,1.0,0.0214888718342287
dense,0.02,850,6,2.121324586196087e-05,2550,1842372450,2550,53,1.0,0.0203611217825585
dense,0.02,850,7,2.121324586196087e-05,2550,1842372450,2550,53,1.0,0.0203611217825585
dense,0.02,850,8,2.121324586196087e-05,2550,1842372450,2550,49,1.0,0.0188534051558291
dense,0.02,850,9,2.121324586196087e-05,2550,1842372450,2550,50,1.0,0.0192307692307692
dense,0.02,850,10,2.121324586196087e-05,2550,1842372450,2550,51,1.0,0.0196078431372549
dense,0.02,850,11,2.121324586196087e-05,2550,1842372450,2550,72,1.0,0.0274599542334096
dense,0.02,850,12,2.121324586196087e-05,2550,1842372450,2550,59,1.0,0.0226140283633576
dense,0.02,850,13,2.121324586196087e-05,2550,1842372450,2550,50,1.0,0.0192307692307692
dense,0.02,850,14,2.121324586196087e-05,2550,1842372450,2550,51,1.0,0.0196078431372549
dense,0.02,850,15,2.121324586196087e-05,2550,1842372450,2550,66,1.0,0.0252293577981651
dense,0.02,850,16,2.121324586196087e-05,2550,1842372450,2550,78,1.0,0.0296803652968036
dense,0.02,850,17,2.121324586196087e-05,2550,1842372450,2550,62,1.0,0.0237366003062787
dense,0.02,850,18,2.121324586196087e-05,2550,1842372450,2550,62,1.0,0.0237366003062787
dense,0.02,850,19,2.121324586196087e-05,2550,1842372450,2550,65,1.0,0.0248565965583174
dense,0.02,900,0,2.121324586196087e-05,2700,2186997300,2700,63,1.0,0.022801302931596
dense,0.02,900,1,2.121324586196087e-05,2700,2186997300,2700,70,1.0,0.0252707581227436
dense,0.02,900,2,2.121324586196087e-05,2700,2186997300,2700,60,1.0,0.0217391304347826
dense,0.02,900,3,2.121324586196087e-05,2700,2186997300,2700,103,1.0,0.0367463432037103
dense,0.02,900,4,2.121324586196087e-05,2700,2186997300,2700,64,1.0,0.0231548480463096
dense,0.02,900,5,2.121324586196087e-05,2700,2186997300,2700,66,1.0,0.0238611713665943
dense,0.02,900,6,2.121324586196087e-05,2700,2186997300,2700,78,1.0,0.0280777537796976
dense,0.02,900,7,2.121324586196087e-05,2700,2186997300,2700,64,1.0,0.0231548480463096
dense,0.02,900,8,2.121324586196087e-05,2700,2186997300,2700,76,1.0,0.0273775216138328
dense,0.02,900,9,2.121324586196087e-05,2700,2186997300,2700,70,1.0,0.0252707581227436
dense,0.02,900,10,2.121324586196087e-05,2700,2186997300,2700,73,1.0,0.0263252794807068
dense,0.02,900,11,2.121324586196087e-05,2700,2186997300,2700,83,1.0,0.0298239310097017
dense,0.02,900,12,2.121324586196087e-05,2700,2186997300,2700,70,1.0,0.0252707581227436
dense,0.02,900,13,2.121324586196087e-05,2700,2186997300,2700,76,1.0,0.0273775216138328
dense,0.02,900,14,2.121324586196087e-05,2700,2186997300,2700,71,1.0,0.0256225189462287
dense,0.02,900,15,2.121324586196087e-05,2700,2186997300,2700,61,1.0,0.0220934444042013
dense,0.02,900,16,2.121324586196087e-05,2700,2186997300,2700,64,1.0,0.0231548480463096
dense,0.02,900,17,2.121324586196087e-05,2700,2186997300,2700,79,1.0,0.0284274919035624
dense,0.02,900,18,2.121324586196087e-05,2700,2186997300,2700,74,1.0,0.026676279740447
dense,0.02,900,19,2.121324586196087e-05,2700,2186997300,2700,63,1.0,0.022801302931596
dense,0.02,950,0,2.121324586196087e-05,2850,2572122150,2850,94,1.0,0.0319293478260869
dense,0.02,950,1,2.121324586196087e-05,2850,2572122150,2850,71,1.0,0.0243067442656624
dense,0.02,950,2,2.121324586196087e-05,2850,2572122150,2850,88,1.0,0.0299523485364193
dense,0.02,950,3,2.121324586196087e-05,2850,2572122150,2850,100,1.0,0.0338983050847457
dense,0.02,950,4,2.121324586196087e-05,2850,2572122150,2850,87,1.0,0.0296220633299285
dense,0.02,950,5,2.121324586196087e-05,2850,2572122150,2850,80,1.0,0.0273037542662116
dense,0.02,950,6,2.121324586196087e-05,2850,2572122150,2850,77,1.0,0.0263067987700717
dense,0.02,950,7,2.121324586196087e-05,2850,2572122150,2850,79,1.0,0.0269716626835097
dense,0.02,950,8,2.121324586196087e-05,2850,2572122150,2850,73,1.0,0.0249743414300376
dense,0.02,950,9,2.121324586196087e-05,2850,2572122150,2850,51,1.0,0.0175801447776628
dense,0.02,950,10,2.121324586196087e-05,2850,2572122150,2850,69,1.0,0.0236382322713257
dense,0.02,950,11,2.121324586196087e-05,2850,2572122150,2850,96,1.0,0.0325865580448065
dense,0.02,950,12,2.121324586196087e-05,2850,2572122150,2850,85,1.0,0.0289608177172061
dense,0.02,950,13,2.121324586196087e-05,2850,2572122150,2850,90,1.0,0.0306122448979591
dense,0.02,950,14,2.121324586196087e-05,2850,2572122150,2850,68,1.0,0.0233036326250856
dense,0.02,950,15,2.121324586196087e-05,2850,2572122150,2850,83,1.0,0.0282986703034435
dense,0.02,950,16,2.121324586196087e-05,2850,2572122150,2850,80,1.0,0.0273037542662116
dense,0.02,950,17,2.121324586196087e-05,2850,2572122150,2850,82,1.0,0.0279672578444747
dense,0.02,950,18,2.121324586196087e-05,2850,2572122150,2850,78,1.0,0.026639344262295
dense,0.02,950,19,2.121324586196087e-05,2850,2572122150,2850,65,1.0,0.0222984562607204
dense,0.02,1000,0,2.121324586196087e-05,3000,2999997000,3000,99,1.0,0.0319457889641819
dense,0.02,1000,1,2.121324586196087e-05,3000,2999997000,3000,89,1.0,0.0288119132405309
dense,0.02,1000,2,2.121324586196087e-05,3000,2999997000,3000,90,1.0,0.029126213592233
dense,0.02,1000,3,2.121324586196087e-05,3000,2999997000,3000,109,1.0,0.035059504663879
dense,0.02,1000,4,2.121324586196087e-05,3000,2999997000,3000,101,1.0,0.0325701386649467
dense,0.02,1000,5,2.121324586196087e-05,3000,2999997000,3000,88,1.0,0.0284974093264248
dense,0.02,1000,6,2.121324586196087e-05,3000,2999997000,3000,76,1.0,0.0247074122236671
dense,0.02,1000,7,2.121324586196087e-05,3000,2999997000,3000,105,1.0,0.0338164251207729
dense,0.02,1000,8,2.121324586196087e-05,3000,2999997000,3000,104,1.0,0.0335051546391752
dense,0.02,1000,9,2.121324586196087e-05,3000,2999997000,3000,98,1.0,0.0316333118140736
dense,0.02,1000,10,2.121324586196087e-05,3000,2999997000,3000,114,1.0,0.0366088631984585
dense,0.02,1000,11,2.121324586196087e-05,3000,2999997000,3000,97,1.0,0.0313206328705198
dense,0.02,1000,12,2.121324586196087e-05,3000,2999997000,3000,91,1.0,0.0294403105791006
dense,0.02,1000,13,2.121324586196087e-05,3000,2999997000,3000,113,1.0,0.0362993896562801
dense,0.02,1000,14,2.121324586196087e-05,3000,2999997000,3000,85,1.0,0.0275526742301458
dense,0.02,1000,15,2.121324586196087e-05,3000,2999997000,3000,93,1.0,0.0300678952473326
dense,0.02,1000,16,2.121324586196087e-05,3000,2999997000,3000,99,1.0,0.0319457889641819
dense,0.02,1000,17,2.121324586196087e-05,3000,2999997000,3000,104,1.0,0.0335051546391752
dense,0.02,1000,18,2.121324586196087e-05,3000,2999997000,3000,84,1.0,0.0272373540856031
dense,0.02,1000,19,2.121324586196087e-05,3000,2999997000,3000,101,1.0,0.0325701386649467
non_dense,0.2,5,0,2.121324586196087e-05,15,360,15,0,1.0,0.0
non_dense,0.2,5,1,2.121324586196087e-05,15,360,15,0,1.0,0.0
non_dense,0.2,5,2,2.121324586196087e-05,15,360,15,0,1.0,0.0
non_dense,0.2,5,3,2.121324586196087e-05,15,360,15,0,1.0,0.0
non_dense,0.2,5,4,2.121324586196087e-05,15,360,15,0,1.0,0.0
non_dense,0.2,5,5,2.121324586196087e-05,15,360,15,0,1.0,0.0
non_dense,0.2,5,6,2.121324586196087e-05,15,360,15,0,1.0,0.0
non_dense,0.2,5,7,2.121324586196087e-05,15,360,15,0,1.0,0.0
non_dense,0.2,5,8,2.121324586196087e-05,15,360,15,0,1.0,0.0
non_dense,0.2,5,9,2.121324586196087e-05,15,360,15,0,1.0,0.0
non_dense,0.2,5,10,2.121324586196087e-05,15,360,15,0,1.0,0.0
non_dense,0.2,5,11,2.121324586196087e-05,15,360,15,0,1.0,0.0
non_dense,0.2,5,12,2.121324586196087e-05,15,360,15,0,1.0,0.0
non_dense,0.2,5,13,2.121324586196087e-05,15,360,15,0,1.0,0.0
non_dense,0.2,5,14,2.121324586196087e-05,15,360,15,0,1.0,0.0
non_dense,0.2,5,15,2.121324586196087e-05,15,360,15,0,1.0,0.0
non_dense,0.2,5,16,2.121324586196087e-05,15,360,15,0,1.0,0.0
non_dense,0.2,5,17,2.121324586196087e-05,15,360,15,0,1.0,0.0
non_dense,0.2,5,18,2.121324586196087e-05,15,360,15,0,1.0,0.0
non_dense,0.2,5,19,2.121324586196087e-05,15,360,15,0,1.0,0.0
non_dense,0.2,10,0,2.121324586196087e-05,30,2970,30,0,1.0,0.0
non_dense,0.2,10,1,2.121324586196087e-05,30,2970,30,0,1.0,0.0
non_dense,0.2,10,2,2.121324586196087e-05,30,2970,30,0,1.0,0.0
non_dense,0.2,10,3,2.121324586196087e-05,30,2970,30,0,1.0,0.0
non_dense,0.2,10,4,2.121324586196087e-05,30,2970,30,0,1.0,0.0
non_dense,0.2,10,5,2.121324586196087e-05,30,2970,30,0,1.0,0.0
non_dense,0.2,10,6,2.121324586196087e-05,30,2970,30,0,1.0,0.0
non_dense,0.2,10,7,2.121324586196087e-05,30,2970,30,0,1.0,0.0
non_dense,0.2,10,8,2.121324586196087e-05,30,2970,30,0,1.0,0.0
non_dense,0.2,10,9,2.121324586196087e-05,30,2970,30,0,1.0,0.0
non_dense,0.2,10,10,2.121324586196087e-05,30,2970,30,0,1.0,0.0
non_dense,0.2,10,11,2.121324586196087e-05,30,2970,30,0,1.0,0.0
non_dense,0.2,10,12,2.121324586196087e-05,30,2970,30,0,1.0,0.0
non_dense,0.2,10,13,2.121324586196087e-05,30,2970,30,0,1.0,0.0
non_dense,0.2,10,14,2.121324586196087e-05,30,2970,30,0,1.0,0.0
non_dense,0.2,10,15,2.121324586196087e-05,30,2970,30,0,1.0,0.0
non_dense,0.2,10,16,2.121324586196087e-05,30,2970,30,0,1.0,0.0
non_dense,0.2,10,17,2.121324586196087e-05,30,2970,30,0,1.0,0.0
non_dense,0.2,10,18,2.121324586196087e-05,30,2970,30,0,1.0,0.0
non_dense,0.2,10,19,2.121324586196087e-05,30,2970,30,0,1.0,0.0
non_dense,0.2,15,0,2.121324586196087e-05,45,10080,45,0,1.0,0.0
non_dense,0.2,15,1,2.121324586196087e-05,45,10080,45,0,1.0,0.0
non_dense,0.2,15,2,2.121324586196087e-05,45,10080,45,0,1.0,0.0
non_dense,0.2,15,3,2.121324586196087e-05,45,10080,45,0,1.0,0.0
non_dense,0.2,15,4,2.121324586196087e-05,45,10080,45,0,1.0,0.0
non_dense,0.2,15,5,2.121324586196087e-05,45,10080,45,0,1.0,0.0
non_dense,0.2,15,6,2.121324586196087e-05,45,10080,45,0,1.0,0.0
non_dense,0.2,15,7,2.121324586196087e-05,45,10080,45,0,1.0,0.0
non_dense,0.2,15,8,2.121324586196087e-05,45,10080,45,0,1.0,0.0
non_dense,0.2,15,9,2.121324586196087e-05,45,10080,45,0,1.0,0.0
non_dense,0.2,15,10,2.121324586196087e-05,45,10080,45,0,1.0,0.0
non_dense,0.2,15,11,2.121324586196087e-05,45,10080,45,0,1.0,0.0
non_dense,0.2,15,12,2.121324586196087e-05,45,10080,45,0,1.0,0.0
non_dense,0.2,15,13,2.121324586196087e-05,45,10080,45,0,1.0,0.0
non_dense,0.2,15,14,2.121324586196087e-05,45,10080,45,0,1.0,0.0
non_dense,0.2,15,15,2.121324586196087e-05,45,10080,45,0,1.0,0.0
non_dense,0.2,15,16,2.121324586196087e-05,45,10080,45,0,1.0,0.0
non_dense,0.2,15,17,2.121324586196087e-05,45,10080,45,0,1.0,0.0
non_dense,0.2,15,18,2.121324586196087e-05,45,10080,45,0,1.0,0.0
non_dense,0.2,15,19,2.121324586196087e-05,45,10080,45,0,1.0,0.0
non_dense,0.2,20,0,2.121324586196087e-05,60,23940,60,0,1.0,0.0
non_dense,0.2,20,1,2.121324586196087e-05,60,23940,60,0,1.0,0.0
non_dense,0.2,20,2,2.121324586196087e-05,60,23940,60,0,1.0,0.0
non_dense,0.2,20,3,2.121324586196087e-05,60,23940,60,0,1.0,0.0
non_dense,0.2,20,4,2.121324586196087e-05,60,23940,60,0,1.0,0.0
non_dense,0.2,20,5,2.121324586196087e-05,60,23940,60,0,1.0,0.0
non_dense,0.2,20,6,2.121324586196087e-05,60,23940,60,0,1.0,0.0
non_dense,0.2,20,7,2.121324586196087e-05,60,23940,60,0,1.0,0.0
non_dense,0.2,20,8,2.121324586196087e-05,60,23940,60,0,1.0,0.0
non_dense,0.2,20,9,2.121324586196087e-05,60,23940,60,0,1.0,0.0
non_dense,0.2,20,10,2.121324586196087e-05,60,23940,60,0,1.0,0.0
non_dense,0.2,20,11,2.121324586196087e-05,60,23940,60,0,1.0,0.0
non_dense,0.2,20,12,2.121324586196087e-05,60,23940,60,0,1.0,0.0
non_dense,0.2,20,13,2.121324586196087e-05,60,23940,60,0,1.0,0.0
non_dense,0.2,20,14,2.121324586196087e-05,60,23940,60,0,1.0,0.0
non_dense,0.2,20,15,2.121324586196087e-05,60,23940,60,0,1.0,0.0
non_dense,0.2,20,16,2.121324586196087e-05,60,23940,60,0,1.0,0.0
non_dense,0.2,20,17,2.121324586196087e-05,60,23940,60,0,1.0,0.0
non_dense,0.2,20,18,2.121324586196087e-05,60,23940,60,0,1.0,0.0
non_dense,0.2,20,19,2.121324586196087e-05,60,23940,60,0,1.0,0.0
non_dense,0.2,25,0,2.121324586196087e-05,75,46800,75,0,1.0,0.0
non_dense,0.2,25,1,2.121324586196087e-05,75,46800,75,0,1.0,0.0
non_dense,0.2,25,2,2.121324586196087e-05,75,46800,75,0,1.0,0.0
non_dense,0.2,25,3,2.121324586196087e-05,75,46800,75,0,1.0,0.0
non_dense,0.2,25,4,2.121324586196087e-05,75,46800,75,0,1.0,0.0
non_dense,0.2,25,5,2.121324586196087e-05,75,46800,75,0,1.0,0.0
non_dense,0.2,25,6,2.121324586196087e-05,75,46800,75,0,1.0,0.0
non_dense,0.2,25,7,2.121324586196087e-05,75,46800,75,0,1.0,0.0
non_dense,0.2,25,8,2.121324586196087e-05,75,46800,75,0,1.0,0.0
non_dense,0.2,25,9,2.121324586196087e-05,75,46800,75,0,1.0,0.0
non_dense,0.2,25,10,2.121324586196087e-05,75,46800,75,0,1.0,0.0
non_dense,0.2,25,11,2.121324586196087e-05,75,46800,75,0,1.0,0.0
non_dense,0.2,25,12,2.121324586196087e-05,75,46800,75,0,1.0,0.0
non_dense,0.2,25,13,2.121324586196087e-05,75,46800,75,0,1.0,0.0
non_dense,0.2,25,14,2.121324586196087e-05,75,46800,75,0,1.0,0.0
non_dense,0.2,25,15,2.121324586196087e-05,75,46800,75,0,1.0,0.0
non_dense,0.2,25,16,2.121324586196087e-05,75,46800,75,0,1.0,0.0
non_dense,0.2,25,17,2.121324586196087e-05,75,46800,75,0,1.0,0.0
non_dense,0.2,25,18,2.121324586196087e-05,75,46800,75,0,1.0,0.0
non_dense,0.2,25,19,2.121324586196087e-05,75,46800,75,0,1.0,0.0
non_dense,0.2,30,0,2.121324586196087e-05,90,80910,90,0,1.0,0.0
non_dense,0.2,30,1,2.121324586196087e-05,90,80910,90,0,1.0,0.0
non_dense,0.2,30,2,2.121324586196087e-05,90,80910,90,0,1.0,0.0
non_dense,0.2,30,3,2.121324586196087e-05,90,80910,90,0,1.0,0.0
non_dense,0.2,30,4,2.121324586196087e-05,90,80910,90,0,1.0,0.0
non_dense,0.2,30,5,2.121324586196087e-05,90,80910,90,0,1.0,0.0
non_dense,0.2,30,6,2.121324586196087e-05,90,80910,90,0,1.0,0.0
non_dense,0.2,30,7,2.121324586196087e-05,90,80910,90,0,1.0,0.0
non_dense,0.2,30,8,2.121324586196087e-05,90,80910,90,0,1.0,0.0
non_dense,0.2,30,9,2.121324586196087e-05,90,80910,90,0,1.0,0.0
non_dense,0.2,30,10,2.121324586196087e-05,90,80910,90,0,1.0,0.0
non_dense,0.2,30,11,2.121324586196087e-05,90,80910,90,0,1.0,0.0
non_dense,0.2,30,12,2.121324586196087e-05,90,80910,90,0,1.0,0.0
non_dense,0.2,30,13,2.121324586196087e-05,90,80910,90,0,1.0,0.0
non_dense,0.2,30,14,2.121324586196087e-05,90,80910,90,0,1.0,0.0
non_dense,0.2,30,15,2.121324586196087e-05,90,80910,90,0,1.0,0.0
non_dense,0.2,30,16,2.121324586196087e-05,90,80910,90,0,1.0,0.0
non_dense,0.2,30,17,2.121324586196087e-05,90,80910,90,0,1.0,0.0
non_dense,0.2,30,18,2.121324586196087e-05,90,80910,90,0,1.0,0.0
non_dense,0.2,30,19,2.121324586196087e-05,90,80910,90,0,1.0,0.0
non_dense,0.2,35,0,2.121324586196087e-05,105,128520,105,0,1.0,0.0
non_dense,0.2,35,1,2.121324586196087e-05,105,128520,105,0,1.0,0.0
non_dense,0.2,35,2,2.121324586196087e-05,105,128520,105,0,1.0,0.0
non_dense,0.2,35,3,2.121324586196087e-05,105,128520,105,0,1.0,0.0
non_dense,0.2,35,4,2.121324586196087e-05,105,128520,105,0,1.0,0.0
non_dense,0.2,35,5,2.121324586196087e-05,105,128520,105,0,1.0,0.0
non_dense,0.2,35,6,2.121324586196087e-05,105,128520,105,0,1.0,0.0
non_dense,0.2,35,7,2.121324586196087e-05,105,128520,105,0,1.0,0.0
non_dense,0.2,35,8,2.121324586196087e-05,105,128520,105,0,1.0,0.0
non_dense,0.2,35,9,2.121324586196087e-05,105,128520,105,0,1.0,0.0
non_dense,0.2,35,10,2.121324586196087e-05,105,128520,105,0,1.0,0.0
non_dense,0.2,35,11,2.121324586196087e-05,105,128520,105,0,1.0,0.0
non_dense,0.2,35,12,2.121324586196087e-05,105,128520,105,0,1.0,0.0
non_dense,0.2,35,13,2.121324586196087e-05,105,128520,105,0,1.0,0.0
non_dense,0.2,35,14,2.121324586196087e-05,105,128520,105,0,1.0,0.0
non_dense,0.2,35,15,2.121324586196087e-05,105,128520,105,0,1.0,0.0
non_dense,0.2,35,16,2.121324586196087e-05,105,128520,105,0,1.0,0.0
non_dense,0.2,35,17,2.121324586196087e-05,105,128520,105,0,1.0,0.0
non_dense,0.2,35,18,2.121324586196087e-05,105,128520,105,0,1.0,0.0
non_dense,0.2,35,19,2.121324586196087e-05,105,128520,105,0,1.0,0.0
non_dense,0.2,40,0,2.121324586196087e-05,120,191880,120,0,1.0,0.0
non_dense,0.2,40,1,2.121324586196087e-05,120,191880,120,0,1.0,0.0
non_dense,0.2,40,2,2.121324586196087e-05,120,191880,120,0,1.0,0.0
non_dense,0.2,40,3,2.121324586196087e-05,120,191880,120,0,1.0,0.0
non_dense,0.2,40,4,2.121324586196087e-05,120,191880,120,0,1.0,0.0
non_dense,0.2,40,5,2.121324586196087e-05,120,191880,120,0,1.0,0.0
non_dense,0.2,40,6,2.121324586196087e-05,120,191880,120,0,1.0,0.0
non_dense,0.2,40,7,2.121324586196087e-05,120,191880,120,0,1.0,0.0
non_dense,0.2,40,8,2.121324586196087e-05,120,191880,120,0,1.0,0.0
non_dense,0.2,40,9,2.121324586196087e-05,120,191880,120,0,1.0,0.0
non_dense,0.2,40,10,2.121324586196087e-05,120,191880,120,0,1.0,0.0
non_dense,0.2,40,11,2.121324586196087e-05,120,191880,120,0,1.0,0.0
non_dense,0.2,40,12,2.121324586196087e-05,120,191880,120,0,1.0,0.0
non_dense,0.2,40,13,2.121324586196087e-05,120,191880,120,0,1.0,0.0
non_dense,0.2,40,14,2.121324586196087e-05,120,191880,120,0,1.0,0.0
non_dense,0.2,40,15,2.121324586196087e-05,120,191880,120,0,1.0,0.0
non_dense,0.2,40,16,2.121324586196087e-05,120,191880,120,0,1.0,0.0
non_dense,0.2,40,17,2.121324586196087e-05,120,191880,120,0,1.0,0.0
non_dense,0.2,40,18,2.121324586196087e-05,120,191880,120,0,1.0,0.0
non_dense,0.2,40,19,2.121324586196087e-05,120,191880,120,0,1.0,0.0
non_dense,0.2,45,0,2.121324586196087e-05,135,273240,135,0,1.0,0.0
non_dense,0.2,45,1,2.121324586196087e-05,135,273240,135,0,1.0,0.0
non_dense,0.2,45,2,2.121324586196087e-05,135,273240,135,0,1.0,0.0
non_dense,0.2,45,3,2.121324586196087e-05,135,273240,135,0,1.0,0.0
non_dense,0.2,45,4,2.121324586196087e-05,135,273240,135,0,1.0,0.0
non_dense,0.2,45,5,2.121324586196087e-05,135,273240,135,0,1.0,0.0
non_dense,0.2,45,6,2.121324586196087e-05,135,273240,135,0,1.0,0.0
non_dense,0.2,45,7,2.121324586196087e-05,135,273240,135,0,1.0,0.0
non_dense,0.2,45,8,2.121324586196087e-05,135,273240,135,0,1.0,0.0
non_dense,0.2,45,9,2.121324586196087e-05,135,273240,135,0,1.0,0.0
non_dense,0.2,45,10,2.121324586196087e-05,135,273240,135,0,1.0,0.0
non_dense,0.2,45,11,2.121324586196087e-05,135,273240,135,0,1.0,0.0
non_dense,0.2,45,12,2.121324586196087e-05,135,273240,135,0,1.0,0.0
non_dense,0.2,45,13,2.121324586196087e-05,135,273240,135,0,1.0,0.0
non_dense,0.2,45,14,2.121324586196087e-05,135,273240,135,0,1.0,0.0
non_dense,0.2,45,15,2.121324586196087e-05,135,273240,135,0,1.0,0.0
non_dense,0.2,45,16,2.121324586196087e-05,135,273240,135,0,1.0,0.0
non_dense,0.2,45,17,2.121324586196087e-05,135,273240,135,0,1.0,0.0
non_dense,0.2,45,18,2.121324586196087e-05,135,273240,135,0,1.0,0.0
non_dense,0.2,45,19,2.121324586196087e-05,135,273240,135,0,1.0,0.0
non_dense,0.2,50,0,2.121324586196087e-05,150,374850,150,0,1.0,0.0
non_dense,0.2,50,1,2.121324586196087e-05,150,374850,150,0,1.0,0.0
non_dense,0.2,50,2,2.121324586196087e-05,150,374850,150,0,1.0,0.0
non_dense,0.2,50,3,2.121324586196087e-05,150,374850,150,0,1.0,0.0
non_dense,0.2,50,4,2.121324586196087e-05,150,374850,150,0,1.0,0.0
non_dense,0.2,50,5,2.121324586196087e-05,150,374850,150,0,1.0,0.0
non_dense,0.2,50,6,2.121324586196087e-05,150,374850,150,0,1.0,0.0
non_dense,0.2,50,7,2.121324586196087e-05,150,374850,150,0,1.0,0.0
non_dense,0.2,50,8,2.121324586196087e-05,150,374850,150,0,1.0,0.0
non_dense,0.2,50,9,2.121324586196087e-05,150,374850,150,0,1.0,0.0
non_dense,0.2,50,10,2.121324586196087e-05,150,374850,150,0,1.0,0.0
non_dense,0.2,50,11,2.121324586196087e-05,150,374850,150,0,1.0,0.0
non_dense,0.2,50,12,2.121324586196087e-05,150,374850,150,0,1.0,0.0
non_dense,0.2,50,13,2.121324586196087e-05,150,374850,150,0,1.0,0.0
non_dense,0.2,50,14,2.121324586196087e-05,150,374850,150,0,1.0,0.0
non_dense,0.2,50,15,2.121324586196087e-05,150,374850,150,0,1.0,0.0
non_dense,0.2,50,16,2.121324586196087e-05,150,374850,150,0,1.0,0.0
non_dense,0.2,50,17,2.121324586196087e-05,150,374850,150,0,1.0,0.0
non_dense,0.2,50,18,2.121324586196087e-05,150,374850,150,0,1.0,0.0
non_dense,0.2,50,19,2.121324586196087e-05,150,374850,150,0,1.0,0.0
non_dense,0.2,55,0,2.121324586196087e-05,165,498960,165,0,1.0,0.0
non_dense,0.2,55,1,2.121324586196087e-05,165,498960,165,0,1.0,0.0
non_dense,0.2,55,2,2.121324586196087e-05,165,498960,165,0,1.0,0.0
non_dense,0.2,55,3,2.121324586196087e-05,165,498960,165,0,1.0,0.0
non_dense,0.2,55,4,2.121324586196087e-05,165,498960,165,0,1.0,0.0
non_dense,0.2,55,5,2.121324586196087e-05,165,498960,165,0,1.0,0.0
non_dense,0.2,55,6,2.121324586196087e-05,165,498960,165,0,1.0,0.0
non_dense,0.2,55,7,2.121324586196087e-05,165,498960,165,0,1.0,0.0
non_dense,0.2,55,8,2.121324586196087e-05,165,498960,165,0,1.0,0.0
non_dense,0.2,55,9,2.121324586196087e-05,165,498960,165,0,1.0,0.0
non_dense,0.2,55,10,2.121324586196087e-05,165,498960,165,0,1.0,0.0
non_dense,0.2,55,11,2.121324586196087e-05,165,498960,165,0,1.0,0.0
non_dense,0.2,55,12,2.121324586196087e-05,165,498960,165,0,1.0,0.0
non_dense,0.2,55,13,2.121324586196087e-05,165,498960,165,0,1.0,0.0
non_dense,0.2,55,14,2.121324586196087e-05,165,498960,165,0,1.0,0.0
non_dense,0.2,55,15,2.121324586196087e-05,165,498960,165,0,1.0,0.0
non_dense,0.2,55,16,2.121324586196087e-05,165,498960,165,0,1.0,0.0
non_dense,0.2,55,17,2.121324586196087e-05,165,498960,165,0,1.0,0.0
non_dense,0.2,55,18,2.121324586196087e-05,165,498960,165,0,1.0,0.0
non_dense,0.2,55,19,2.121324586196087e-05,165,498960,165,0,1.0,0.0
non_dense,0.2,60,0,2.121324586196087e-05,180,647820,180,0,1.0,0.0
non_dense,0.2,60,1,2.121324586196087e-05,180,647820,180,0,1.0,0.0
non_dense,0.2,60,2,2.121324586196087e-05,180,647820,180,0,1.0,0.0
non_dense,0.2,60,3,2.121324586196087e-05,180,647820,180,0,1.0,0.0
non_dense,0.2,60,4,2.121324586196087e-05,180,647820,180,0,1.0,0.0
non_dense,0.2,60,5,2.121324586196087e-05,180,647820,180,0,1.0,0.0
non_dense,0.2,60,6,2.121324586196087e-05,180,647820,180,0,1.0,0.0
non_dense,0.2,60,7,2.121324586196087e-05,180,647820,180,0,1.0,0.0
non_dense,0.2,60,8,2.121324586196087e-05,180,647820,180,0,1.0,0.0
non_dense,0.2,60,9,2.121324586196087e-05,180,647820,180,0,1.0,0.0
non_dense,0.2,60,10,2.121324586196087e-05,180,647820,180,0,1.0,0.0
non_dense,0.2,60,11,2.121324586196087e-05,180,647820,180,0,1.0,0.0
non_dense,0.2,60,12,2.121324586196087e-05,180,647820,180,0,1.0,0.0
non_dense,0.2,60,13,2.121324586196087e-05,180,647820,180,0,1.0,0.0
non_dense,0.2,60,14,2.121324586196087e-05,180,647820,180,0,1.0,0.0
non_dense,0.2,60,15,2.121324586196087e-05,180,647820,180,0,1.0,0.0
non_dense,0.2,60,16,2.121324586196087e-05,180,647820,180,0,1.0,0.0
non_dense,0.2,60,17,2.121324586196087e-05,180,647820,180,0,1.0,0.0
non_dense,0.2,60,18,2.121324586196087e-05,180,647820,180,0,1.0,0.0
non_dense,0.2,60,19,2.121324586196087e-05,180,647820,180,0,1.0,0.0
non_dense,0.2,65,0,2.121324586196087e-05,195,823680,195,0,1.0,0.0
non_dense,0.2,65,1,2.121324586196087e-05,195,823680,195,0,1.0,0.0
non_dense,0.2,65,2,2.121324586196087e-05,195,823680,195,0,1.0,0.0
non_dense,0.2,65,3,2.121324586196087e-05,195,823680,195,0,1.0,0.0
non_dense,0.2,65,4,2.121324586196087e-05,195,823680,195,0,1.0,0.0
non_dense,0.2,65,5,2.121324586196087e-05,195,823680,195,0,1.0,0.0
non_dense,0.2,65,6,2.121324586196087e-05,195,823680,195,0,1.0,0.0
non_dense,0.2,65,7,2.121324586196087e-05,195,823680,195,0,1.0,0.0
non_dense,0.2,65,8,2.121324586196087e-05,195,823680,195,0,1.0,0.0
non_dense,0.2,65,9,2.121324586196087e-05,195,823680,195,0,1.0,0.0
non_dense,0.2,65,10,2.121324586196087e-05,195,823680,195,0,1.0,0.0
non_dense,0.2,65,11,2.121324586196087e-05,195,823680,195,1,1.0,0.0051020408163265
non_dense,0.2,65,12,2.121324586196087e-05,195,823680,195,0,1.0,0.0
non_dense,0.2,65,13,2.121324586196087e-05,195,823680,195,0,1.0,0.0
non_dense,0.2,65,14,2.121324586196087e-05,195,823680,195,0,1.0,0.0
non_dense,0.2,65,15,2.121324586196087e-05,195,823680,195,0,1.0,0.0
non_dense,0.2,65,16,2.121324586196087e-05,195,823680,195,0,1.0,0.0
non_dense,0.2,65,17,2.121324586196087e-05,195,823680,195,0,1.0,0.0
non_dense,0.2,65,18,2.121324586196087e-05,195,823680,195,0,1.0,0.0
non_dense,0.2,65,19,2.121324586196087e-05,195,823680,195,0,1.0,0.0
non_dense,0.2,70,0,2.121324586196087e-05,210,1028790,210,0,1.0,0.0
non_dense,0.2,70,1,2.121324586196087e-05,210,1028790,210,0,1.0,0.0
non_dense,0.2,70,2,2.121324586196087e-05,210,1028790,210,0,1.0,0.0
non_dense,0.2,70,3,2.121324586196087e-05,210,1028790,210,0,1.0,0.0
non_dense,0.2,70,4,2.121324586196087e-05,210,1028790,210,0,1.0,0.0
non_dense,0.2,70,5,2.121324586196087e-05,210,1028790,210,0,1.0,0.0
non_dense,0.2,70,6,2.121324586196087e-05,210,1028790,210,0,1.0,0.0
non_dense,0.2,70,7,2.121324586196087e-05,210,1028790,210,0,1.0,0.0
non_dense,0.2,70,8,2.121324586196087e-05,210,1028790,210,0,1.0,0.0
non_dense,0.2,70,9,2.121324586196087e-05,210,1028790,210,0,1.0,0.0
non_dense,0.2,70,10,2.121324586196087e-05,210,1028790,210,0,1.0,0.0
non_dense,0.2,70,11,2.121324586196087e-05,210,1028790,210,0,1.0,0.0
non_dense,0.2,70,12,2.121324586196087e-05,210,1028790,210,0,1.0,0.0
non_dense,0.2,70,13,2.121324586196087e-05,210,1028790,210,0,1.0,0.0
non_dense,0.2,70,14,2.121324586196087e-05,210,1028790,210,0,1.0,0.0
non_dense,0.2,70,15,2.121324586196087e-05,210,1028790,210,0,1.0,0.0
non_dense,0.2,70,16,2.121324586196087e-05,210,1028790,210,0,1.0,0.0
non_dense,0.2,70,17,2.121324586196087e-05,210,1028790,210,0,1.0,0.0
non_dense,0.2,70,18,2.121324586196087e-05,210,1028790,210,0,1.0,0.0
non_dense,0.2,70,19,2.121324586196087e-05,210,1028790,210,0,1.0,0.0
non_dense,0.2,75,0,2.121324586196087e-05,225,1265400,225,0,1.0,0.0
non_dense,0.2,75,1,2.121324586196087e-05,225,1265400,225,0,1.0,0.0
non_dense,0.2,75,2,2.121324586196087e-05,225,1265400,225,0,1.0,0.0
non_dense,0.2,75,3,2.121324586196087e-05,225,1265400,225,0,1.0,0.0
non_dense,0.2,75,4,2.121324586196087e-05,225,1265400,225,0,1.0,0.0
non_dense,0.2,75,5,2.121324586196087e-05,225,1265400,225,0,1.0,0.0
non_dense,0.2,75,6,2.121324586196087e-05,225,1265400,225,0,1.0,0.0
non_dense,0.2,75,7,2.121324586196087e-05,225,1265400,225,0,1.0,0.0
non_dense,0.2,75,8,2.121324586196087e-05,225,1265400,225,0,1.0,0.0
non_dense,0.2,75,9,2.121324586196087e-05,225,1265400,225,0,1.0,0.0
non_dense,0.2,75,10,2.121324586196087e-05,225,1265400,225,0,1.0,0.0
non_dense,0.2,75,11,2.121324586196087e-05,225,1265400,225,0,1.0,0.0
non_dense,0.2,75,12,2.121324586196087e-05,225,1265400,225,0,1.0,0.0
non_dense,0.2,75,13,2.121324586196087e-05,225,1265400,225,0,1.0,0.0
non_dense,0.2,75,14,2.121324586196087e-05,225,1265400,225,0,1.0,0.0
non_dense,0.2,75,15,2.121324586196087e-05,225,1265400,225,0,1.0,0.0
non_dense,0.2,75,16,2.121324586196087e-05,225,1265400,225,0,1.0,0.0
non_dense,0.2,75,17,2.121324586196087e-05,225,1265400,225,0,1.0,0.0
non_dense,0.2,75,18,2.121324586196087e-05,225,1265400,225,0,1.0,0.0
non_dense,0.2,75,19,2.121324586196087e-05,225,1265400,225,0,1.0,0.0
non_dense,0.2,80,0,2.121324586196087e-05,240,1535760,240,0,1.0,0.0
non_dense,0.2,80,1,2.121324586196087e-05,240,1535760,240,0,1.0,0.0
non_dense,0.2,80,2,2.121324586196087e-05,240,1535760,240,0,1.0,0.0
non_dense,0.2,80,3,2.121324586196087e-05,240,1535760,240,0,1.0,0.0
non_dense,0.2,80,4,2.121324586196087e-05,240,1535760,240,0,1.0,0.0
non_dense,0.2,80,5,2.121324586196087e-05,240,1535760,240,0,1.0,0.0
non_dense,0.2,80,6,2.121324586196087e-05,240,1535760,240,0,1.0,0.0
non_dense,0.2,80,7,2.121324586196087e-05,240,1535760,240,0,1.0,0.0
non_dense,0.2,80,8,2.121324586196087e-05,240,1535760,240,0,1.0,0.0
non_dense,0.2,80,9,2.121324586196087e-05,240,1535760,240,0,1.0,0.0
non_dense,0.2,80,10,2.121324586196087e-05,240,1535760,240,0,1.0,0.0
non_dense,0.2,80,11,2.121324586196087e-05,240,1535760,240,0,1.0,0.0
non_dense,0.2,80,12,2.121324586196087e-05,240,1535760,240,0,1.0,0.0
non_dense,0.2,80,13,2.121324586196087e-05,240,1535760,240,0,1.0,0.0
non_dense,0.2,80,14,2.121324586196087e-05,240,1535760,240,0,1.0,0.0
non_dense,0.2,80,15,2.121324586196087e-05,240,1535760,240,0,1.0,0.0
non_dense,0.2,80,16,2.121324586196087e-05,240,1535760,240,0,1.0,0.0
non_dense,0.2,80,17,2.121324586196087e-05,240,1535760,240,0,1.0,0.0
non_dense,0.2,80,18,2.121324586196087e-05,240,1535760,240,0,1.0,0.0
non_dense,0.2,80,19,2.121324586196087e-05,240,1535760,240,0,1.0,0.0
non_dense,0.2,85,0,2.121324586196087e-05,255,1842120,255,0,1.0,0.0
non_dense,0.2,85,1,2.121324586196087e-05,255,1842120,255,0,1.0,0.0
non_dense,0.2,85,2,2.121324586196087e-05,255,1842120,255,0,1.0,0.0
non_dense,0.2,85,3,2.121324586196087e-05,255,1842120,255,0,1.0,0.0
non_dense,0.2,85,4,2.121324586196087e-05,255,1842120,255,0,1.0,0.0
non_dense,0.2,85,5,2.121324586196087e-05,255,1842120,255,0,1.0,0.0
non_dense,0.2,85,6,2.121324586196087e-05,255,1842120,255,0,1.0,0.0
non_dense,0.2,85,7,2.121324586196087e-05,255,1842120,255,0,1.0,0.0
non_dense,0.2,85,8,2.121324586196087e-05,255,1842120,255,0,1.0,0.0
non_dense,0.2,85,9,2.121324586196087e-05,255,1842120,255,0,1.0,0.0
non_dense,0.2,85,10,2.121324586196087e-05,255,1842120,255,0,1.0,0.0
non_dense,0.2,85,11,2.121324586196087e-05,255,1842120,255,0,1.0,0.0
non_dense,0.2,85,12,2.121324586196087e-05,255,1842120,255,0,1.0,0.0
non_dense,0.2,85,13,2.121324586196087e-05,255,1842120,255,0,1.0,0.0
non_dense,0.2,85,14,2.121324586196087e-05,255,1842120,255,0,1.0,0.0
non_dense,0.2,85,15,2.121324586196087e-05,255,1842120,255,0,1.0,0.0
non_dense,0.2,85,16,2.121324586196087e-05,255,1842120,255,0,1.0,0.0
non_dense,0.2,85,17,2.121324586196087e-05,255,1842120,255,0,1.0,0.0
non_dense,0.2,85,18,2.121324586196087e-05,255,1842120,255,0,1.0,0.0
non_dense,0.2,85,19,2.121324586196087e-05,255,1842120,255,0,1.0,0.0
non_dense,0.2,90,0,2.121324586196087e-05,270,2186730,270,0,1.0,0.0
non_dense,0.2,90,1,2.121324586196087e-05,270,2186730,270,0,1.0,0.0
non_dense,0.2,90,2,2.121324586196087e-05,270,2186730,270,0,1.0,0.0
non_dense,0.2,90,3,2.121324586196087e-05,270,2186730,270,0,1.0,0.0
non_dense,0.2,90,4,2.121324586196087e-05,270,2186730,270,0,1.0,0.0
non_dense,0.2,90,5,2.121324586196087e-05,270,2186730,270,0,1.0,0.0
non_dense,0.2,90,6,2.121324586196087e-05,270,2186730,270,0,1.0,0.0
non_dense,0.2,90,7,2.121324586196087e-05,270,2186730,270,0,1.0,0.0
non_dense,0.2,90,8,2.121324586196087e-05,270,2186730,270,0,1.0,0.0
non_dense,0.2,90,9,2.121324586196087e-05,270,2186730,270,0,1.0,0.0
non_dense,0.2,90,10,2.121324586196087e-05,270,2186730,270,0,1.0,0.0
non_dense,0.2,90,11,2.121324586196087e-05,270,2186730,270,0,1.0,0.0
non_dense,0.2,90,12,2.121324586196087e-05,270,2186730,270,0,1.0,0.0
non_dense,0.2,90,13,2.121324586196087e-05,270,2186730,270,0,1.0,0.0
non_dense,0.2,90,14,2.121324586196087e-05,270,2186730,270,0,1.0,0.0
non_dense,0.2,90,15,2.121324586196087e-05,270,2186730,270,0,1.0,0.0
non_dense,0.2,90,16,2.121324586196087e-05,270,2186730,270,0,1.0,0.0
non_dense,0.2,90,17,2.121324586196087e-05,270,2186730,270,0,1.0,0.0
non_dense,0.2,90,18,2.121324586196087e-05,270,2186730,270,0,1.0,0.0
non_dense,0.2,90,19,2.121324586196087e-05,270,2186730,270,0,1.0,0.0
non_dense,0.2,95,0,2.121324586196087e-05,285,2571840,285,0,1.0,0.0
non_dense,0.2,95,1,2.121324586196087e-05,285,2571840,285,0,1.0,0.0
non_dense,0.2,95,2,2.121324586196087e-05,285,2571840,285,0,1.0,0.0
non_dense,0.2,95,3,2.121324586196087e-05,285,2571840,285,0,1.0,0.0
non_dense,0.2,95,4,2.121324586196087e-05,285,2571840,285,0,1.0,0.0
non_dense,0.2,95,5,2.121324586196087e-05,285,2571840,285,0,1.0,0.0
non_dense,0.2,95,6,2.121324586196087e-05,285,2571840,285,0,1.0,0.0
non_dense,0.2,95,7,2.121324586196087e-05,285,2571840,285,0,1.0,0.0
non_dense,0.2,95,8,2.121324586196087e-05,285,2571840,285,0,1.0,0.0
non_dense,0.2,95,9,2.121324586196087e-05,285,2571840,285,0,1.0,0.0
non_dense,0.2,95,10,2.121324586196087e-05,285,2571840,285,0,1.0,0.0
non_dense,0.2,95,11,2.121324586196087e-05,285,2571840,285,0,1.0,0.0
non_dense,0.2,95,12,2.121324586196087e-05,285,2571840,285,0,1.0,0.0
non_dense,0.2,95,13,2.121324586196087e-05,285,2571840,285,0,1.0,0.0
non_dense,0.2,95,14,2.121324586196087e-05,285,2571840,285,0,1.0,0.0
non_dense,0.2,95,15,2.121324586196087e-05,285,2571840,285,0,1.0,0.0
non_dense,0.2,95,16,2.121324586196087e-05,285,2571840,285,0,1.0,0.0
non_dense,0.2,95,17,2.121324586196087e-05,285,2571840,285,0,1.0,0.0
non_dense,0.2,95,18,2.121324586196087e-05,285,2571840,285,0,1.0,0.0
non_dense,0.2,95,19,2.121324586196087e-05,285,2571840,285,0,1.0,0.0
non_dense,0.2,100,0,2.121324586196087e-05,300,2999700,300,0,1.0,0.0
non_dense,0.2,100,1,2.121324586196087e-05,300,2999700,300,0,1.0,0.0
non_dense,0.2,100,2,2.121324586196087e-05,300,2999700,300,0,1.0,0.0
non_dense,0.2,100,3,2.121324586196087e-05,300,2999700,300,0,1.0,0.0
non_dense,0.2,100,4,2.121324586196087e-05,300,2999700,300,0,1.0,0.0
non_dense,0.2,100,5,2.121324586196087e-05,300,2999700,300,0,1.0,0.0
non_dense,0.2,100,6,2.121324586196087e-05,300,2999700,300,0,1.0,0.0
non_dense,0.2,100,7,2.121324586196087e-05,300,2999700,300,0,1.0,0.0
non_dense,0.2,100,8,2.121324586196087e-05,300,2999700,300,0,1.0,0.0
non_dense,0.2,100,9,2.121324586196087e-05,300,2999700,300,0,1.0,0.0
non_dense,0.2,100,10,2.121324586196087e-05,300,2999700,300,0,1.0,0.0
non_dense,0.2,100,11,2.121324586196087e-05,300,2999700,300,0,1.0,0.0
non_dense,0.2,100,12,2.121324586196087e-05,300,2999700,300,0,1.0,0.0
non_dense,0.2,100,13,2.121324586196087e-05,300,2999700,300,0,1.0,0.0
non_dense,0.2,100,14,2.121324586196087e-05,300,2999700,300,0,1.0,0.0
non_dense,0.2,100,15,2.121324586196087e-05,300,2999700,300,0,1.0,0.0
non_dense,0.2,100,16,2.121324586196087e-05,300,2999700,300,0,1.0,0.0
non_dense,0.2,100,17,2.121324586196087e-05,300,2999700,300,0,1.0,0.0
non_dense,0.2,100,18,2.121324586196087e-05,300,2999700,300,0,1.0,0.0
non_dense,0.2,100,19,2.121324586196087e-05,300,2999700,300,0,1.0,0.0
non_dense,0.2,150,0,2.121324586196087e-05,450,10124550,450,0,1.0,0.0
non_dense,0.2,150,1,2.121324586196087e-05,450,10124550,450,0,1.0,0.0
non_dense,0.2,150,2,2.121324586196087e-05,450,10124550,450,0,1.0,0.0
non_dense,0.2,150,3,2.121324586196087e-05,450,10124550,450,0,1.0,0.0
non_dense,0.2,150,4,2.121324586196087e-05,450,10124550,450,0,1.0,0.0
non_dense,0.2,150,5,2.121324586196087e-05,450,10124550,450,0,1.0,0.0
non_dense,0.2,150,6,2.121324586196087e-05,450,10124550,450,0,1.0,0.0
non_dense,0.2,150,7,2.121324586196087e-05,450,10124550,450,0,1.0,0.0
non_dense,0.2,150,8,2.121324586196087e-05,450,10124550,450,0,1.0,0.0
non_dense,0.2,150,9,2.121324586196087e-05,450,10124550,450,0,1.0,0.0
non_dense,0.2,150,10,2.121324586196087e-05,450,10124550,450,0,1.0,0.0
non_dense,0.2,150,11,2.121324586196087e-05,450,10124550,450,0,1.0,0.0
non_dense,0.2,150,12,2.121324586196087e-05,450,10124550,450,0,1.0,0.0
non_dense,0.2,150,13,2.121324586196087e-05,450,10124550,450,0,1.0,0.0
non_dense,0.2,150,14,2.121324586196087e-05,450,10124550,450,0,1.0,0.0
non_dense,0.2,150,15,2.121324586196087e-05,450,10124550,450,0,1.0,0.0
non_dense,0.2,150,16,2.121324586196087e-05,450,10124550,450,0,1.0,0.0
non_dense,0.2,150,17,2.121324586196087e-05,450,10124550,450,0,1.0,0.0
non_dense,0.2,150,18,2.121324586196087e-05,450,10124550,450,0,1.0,0.0
non_dense,0.2,150,19,2.121324586196087e-05,450,10124550,450,0,1.0,0.0
non_dense,0.2,200,0,2.121324586196087e-05,600,23999400,600,0,1.0,0.0
non_dense,0.2,200,1,2.121324586196087e-05,600,23999400,600,0,1.0,0.0
non_dense,0.2,200,2,2.121324586196087e-05,600,23999400,600,0,1.0,0.0
non_dense,0.2,200,3,2.121324586196087e-05,600,23999400,600,0,1.0,0.0
non_dense,0.2,200,4,2.121324586196087e-05,600,23999400,600,0,1.0,0.0
non_dense,0.2,200,5,2.121324586196087e-05,600,23999400,600,0,1.0,0.0
non_dense,0.2,200,6,2.121324586196087e-05,600,23999400,600,0,1.0,0.0
non_dense,0.2,200,7,2.121324586196087e-05,600,23999400,600,0,1.0,0.0
non_dense,0.2,200,8,2.121324586196087e-05,600,23999400,600,0,1.0,0.0
non_dense,0.2,200,9,2.121324586196087e-05,600,23999400,600,0,1.0,0.0
non_dense,0.2,200,10,2.121324586196087e-05,600,23999400,600,0,1.0,0.0
non_dense,0.2,200,11,2.121324586196087e-05,600,23999400,600,0,1.0,0.0
non_dense,0.2,200,12,2.121324586196087e-05,600,23999400,600,0,1.0,0.0
non_dense,0.2,200,13,2.121324586196087e-05,600,23999400,600,0,1.0,0.0
non_dense,0.2,200,14,2.121324586196087e-05,600,23999400,600,0,1.0,0.0
non_dense,0.2,200,15,2.121324586196087e-05,600,23999400,600,0,1.0,0.0
non_dense,0.2,200,16,2.121324586196087e-05,600,23999400,600,0,1.0,0.0
non_dense,0.2,200,17,2.121324586196087e-05,600,23999400,600,0,1.0,0.0
non_dense,0.2,200,18,2.121324586196087e-05,600,23999400,600,0,1.0,0.0
non_dense,0.2,200,19,2.121324586196087e-05,600,23999400,600,0,1.0,0.0
non_dense,0.2,250,0,2.121324586196087e-05,750,46874250,750,0,1.0,0.0
non_dense,0.2,250,1,2.121324586196087e-05,750,46874250,750,0,1.0,0.0
non_dense,0.2,250,2,2.121324586196087e-05,750,46874250,750,0,1.0,0.0
non_dense,0.2,250,3,2.121324586196087e-05,750,46874250,750,0,1.0,0.0
non_dense,0.2,250,4,2.121324586196087e-05,750,46874250,750,0,1.0,0.0
non_dense,0.2,250,5,2.121324586196087e-05,750,46874250,750,0,1.0,0.0
non_dense,0.2,250,6,2.121324586196087e-05,750,46874250,750,0,1.0,0.0
non_dense,0.2,250,7,2.121324586196087e-05,750,46874250,750,0,1.0,0.0
non_dense,0.2,250,8,2.121324586196087e-05,750,46874250,750,0,1.0,0.0
non_dense,0.2,250,9,2.121324586196087e-05,750,46874250,750,0,1.0,0.0
non_dense,0.2,250,10,2.121324586196087e-05,750,46874250,750,0,1.0,0.0
non_dense,0.2,250,11,2.121324586196087e-05,750,46874250,750,0,1.0,0.0
non_dense,0.2,250,12,2.121324586196087e-05,750,46874250,750,0,1.0,0.0
non_dense,0.2,250,13,2.121324586196087e-05,750,46874250,750,0,1.0,0.0
non_dense,0.2,250,14,2.121324586196087e-05,750,46874250,750,0,1.0,0.0
non_dense,0.2,250,15,2.121324586196087e-05,750,46874250,750,0,1.0,0.0
non_dense,0.2,250,16,2.121324586196087e-05,750,46874250,750,0,1.0,0.0
non_dense,0.2,250,17,2.121324586196087e-05,750,46874250,750,0,1.0,0.0
non_dense,0.2,250,18,2.121324586196087e-05,750,46874250,750,0,1.0,0.0
non_dense,0.2,250,19,2.121324586196087e-05,750,46874250,750,0,1.0,0.0
non_dense,0.2,300,0,2.121324586196087e-05,900,80999100,900,0,1.0,0.0
non_dense,0.2,300,1,2.121324586196087e-05,900,80999100,900,0,1.0,0.0
non_dense,0.2,300,2,2.121324586196087e-05,900,80999100,900,0,1.0,0.0
non_dense,0.2,300,3,2.121324586196087e-05,900,80999100,900,0,1.0,0.0
non_dense,0.2,300,4,2.121324586196087e-05,900,80999100,900,0,1.0,0.0
non_dense,0.2,300,5,2.121324586196087e-05,900,80999100,900,0,1.0,0.0
non_dense,0.2,300,6,2.121324586196087e-05,900,80999100,900,0,1.0,0.0
non_dense,0.2,300,7,2.121324586196087e-05,900,80999100,900,0,1.0,0.0
non_dense,0.2,300,8,2.121324586196087e-05,900,80999100,900,0,1.0,0.0
non_dense,0.2,300,9,2.121324586196087e-05,900,80999100,900,0,1.0,0.0
non_dense,0.2,300,10,2.121324586196087e-05,900,80999100,900,0,1.0,0.0
non_dense,0.2,300,11,2.121324586196087e-05,900,80999100,900,0,1.0,0.0
non_dense,0.2,300,12,2.121324586196087e-05,900,80999100,900,0,1.0,0.0
non_dense,0.2,300,13,2.121324586196087e-05,900,80999100,900,0,1.0,0.0
non_dense,0.2,300,14,2.121324586196087e-05,900,80999100,900,0,1.0,0.0
non_dense,0.2,300,15,2.121324586196087e-05,900,80999100,900,0,1.0,0.0
non_dense,0.2,300,16,2.121324586196087e-05,900,80999100,900,0,1.0,0.0
non_dense,0.2,300,17,2.121324586196087e-05,900,80999100,900,0,1.0,0.0
non_dense,0.2,300,18,2.121324586196087e-05,900,80999100,900,0,1.0,0.0
non_dense,0.2,300,19,2.121324586196087e-05,900,80999100,900,0,1.0,0.0
non_dense,0.2,350,0,2.121324586196087e-05,1050,128623950,1050,0,1.0,0.0
non_dense,0.2,350,1,2.121324586196087e-05,1050,128623950,1050,0,1.0,0.0
non_dense,0.2,350,2,2.121324586196087e-05,1050,128623950,1050,0,1.0,0.0
non_dense,0.2,350,3,2.121324586196087e-05,1050,128623950,1050,0,1.0,0.0
non_dense,0.2,350,4,2.121324586196087e-05,1050,128623950,1050,0,1.0,0.0
non_dense,0.2,350,5,2.121324586196087e-05,1050,128623950,1050,0,1.0,0.0
non_dense,0.2,350,6,2.121324586196087e-05,1050,128623950,1050,0,1.0,0.0
non_dense,0.2,350,7,2.121324586196087e-05,1050,128623950,1050,0,1.0,0.0
non_dense,0.2,350,8,2.121324586196087e-05,1050,128623950,1050,1,1.0,0.0009514747859181
non_dense,0.2,350,9,2.121324586196087e-05,1050,128623950,1050,0,1.0,0.0
non_dense,0.2,350,10,2.121324586196087e-05,1050,128623950,1050,0,1.0,0.0
non_dense,0.2,350,11,2.121324586196087e-05,1050,128623950,1050,0,1.0,0.0
non_dense,0.2,350,12,2.121324586196087e-05,1050,128623950,1050,0,1.0,0.0
non_dense,0.2,350,13,2.121324586196087e-05,1050,128623950,1050,0,1.0,0.0
non_dense,0.2,350,14,2.121324586196087e-05,1050,128623950,1050,0,1.0,0.0
non_dense,0.2,350,15,2.121324586196087e-05,1050,128623950,1050,0,1.0,0.0
non_dense,0.2,350,16,2.121324586196087e-05,1050,128623950,1050,0,1.0,0.0
non_dense,0.2,350,17,2.121324586196087e-05,1050,128623950,1050,0,1.0,0.0
non_dense,0.2,350,18,2.121324586196087e-05,1050,128623950,1050,0,1.0,0.0
non_dense,0.2,350,19,2.121324586196087e-05,1050,128623950,1050,0,1.0,0.0
non_dense,0.2,400,0,2.121324586196087e-05,1200,191998800,1200,0,1.0,0.0
non_dense,0.2,400,1,2.121324586196087e-05,1200,191998800,1200,0,1.0,0.0
non_dense,0.2,400,2,2.121324586196087e-05,1200,191998800,1200,1,1.0,0.0008326394671107
non_dense,0.2,400,3,2.121324586196087e-05,1200,191998800,1200,0,1.0,0.0
non_dense,0.2,400,4,2.121324586196087e-05,1200,191998800,1200,0,1.0,0.0
non_dense,0.2,400,5,2.121324586196087e-05,1200,191998800,1200,0,1.0,0.0
non_dense,0.2,400,6,2.121324586196087e-05,1200,191998800,1200,0,1.0,0.0
non_dense,0.2,400,7,2.121324586196087e-05,1200,191998800,1200,0,1.0,0.0
non_dense,0.2,400,8,2.121324586196087e-05,1200,191998800,1200,1,1.0,0.0008326394671107
non_dense,0.2,400,9,2.121324586196087e-05,1200,191998800,1200,0,1.0,0.0
non_dense,0.2,400,10,2.121324586196087e-05,1200,191998800,1200,0,1.0,0.0
non_dense,0.2,400,11,2.121324586196087e-05,1200,191998800,1200,0,1.0,0.0
non_dense,0.2,400,12,2.121324586196087e-05,1200,191998800,1200,0,1.0,0.0
non_dense,0.2,400,13,2.121324586196087e-05,1200,191998800,1200,0,1.0,0.0
non_dense,0.2,400,14,2.121324586196087e-05,1200,191998800,1200,0,1.0,0.0
non_dense,0.2,400,15,2.121324586196087e-05,1200,191998800,1200,0,1.0,0.0
non_dense,0.2,400,16,2.121324586196087e-05,1200,191998800,1200,0,1.0,0.0
non_dense,0.2,400,17,2.121324586196087e-05,1200,191998800,1200,0,1.0,0.0
non_dense,0.2,400,18,2.121324586196087e-05,1200,191998800,1200,0,1.0,0.0
non_dense,0.2,400,19,2.121324586196087e-05,1200,191998800,1200,0,1.0,0.0
non_dense,0.2,450,0,2.121324586196087e-05,1350,273373650,1350,1,1.0,0.000740192450037
non_dense,0.2,450,1,2.121324586196087e-05,1350,273373650,1350,0,1.0,0.0
non_dense,0.2,450,2,2.121324586196087e-05,1350,273373650,1350,0,1.0,0.0
non_dense,0.2,450,3,2.121324586196087e-05,1350,273373650,1350,0,1.0,0.0
non_dense,0.2,450,4,2.121324586196087e-05,1350,273373650,1350,0,1.0,0.0
non_dense,0.2,450,5,2.121324586196087e-05,1350,273373650,1350,0,1.0,0.0
non_dense,0.2,450,6,2.121324586196087e-05,1350,273373650,1350,0,1.0,0.0
non_dense,0.2,450,7,2.121324586196087e-05,1350,273373650,1350,0,1.0,0.0
non_dense,0.2,450,8,2.121324586196087e-05,1350,273373650,1350,0,1.0,0.0
non_dense,0.2,450,9,2.121324586196087e-05,1350,273373650,1350,0,1.0,0.0
non_dense,0.2,450,10,2.121324586196087e-05,1350,273373650,1350,0,1.0,0.0
non_dense,0.2,450,11,2.121324586196087e-05,1350,273373650,1350,0,1.0,0.0
non_dense,0.2,450,12,2.121324586196087e-05,1350,273373650,1350,0,1.0,0.0
non_dense,0.2,450,13,2.121324586196087e-05,1350,273373650,1350,0,1.0,0.0
non_dense,0.2,450,14,2.121324586196087e-05,1350,273373650,1350,1,1.0,0.000740192450037
non_dense,0.2,450,15,2.121324586196087e-05,1350,273373650,1350,0,1.0,0.0
non_dense,0.2,450,16,2.121324586196087e-05,1350,273373650,1350,0,1.0,0.0
non_dense,0.2,450,17,2.121324586196087e-05,1350,273373650,1350,1,1.0,0.000740192450037
non_dense,0.2,450,18,2.121324586196087e-05,1350,273373650,1350,0,1.0,0.0
non_dense,0.2,450,19,2.121324586196087e-05,1350,273373650,1350,0,1.0,0.0
non_dense,0.2,500,0,2.121324586196087e-05,1500,374998500,1500,0,1.0,0.0
non_dense,0.2,500,1,2.121324586196087e-05,1500,374998500,1500,1,1.0,0.0006662225183211
non_dense,0.2,500,2,2.121324586196087e-05,1500,374998500,1500,0,1.0,0.0
non_dense,0.2,500,3,2.121324586196087e-05,1500,374998500,1500,0,1.0,0.0
non_dense,0.2,500,4,2.121324586196087e-05,1500,374998500,1500,0,1.0,0.0
non_dense,0.2,500,5,2.121324586196087e-05,1500,374998500,1500,0,1.0,0.0
non_dense,0.2,500,6,2.121324586196087e-05,1500,374998500,1500,0,1.0,0.0
non_dense,0.2,500,7,2.121324586196087e-05,1500,374998500,1500,0,1.0,0.0
non_dense,0.2,500,8,2.121324586196087e-05,1500,374998500,1500,0,1.0,0.0
non_dense,0.2,500,9,2.121324586196087e-05,1500,374998500,1500,0,1.0,0.0
non_dense,0.2,500,10,2.121324586196087e-05,1500,374998500,1500,0,1.0,0.0
non_dense,0.2,500,11,2.121324586196087e-05,1500,374998500,1500,0,1.0,0.0
non_dense,0.2,500,12,2.121324586196087e-05,1500,374998500,1500,0,1.0,0.0
non_dense,0.2,500,13,2.121324586196087e-05,1500,374998500,1500,0,1.0,0.0
non_dense,0.2,500,14,2.121324586196087e-05,1500,374998500,1500,0,1.0,0.0
non_dense,0.2,500,15,2.121324586196087e-05,1500,374998500,1500,0,1.0,0.0
non_dense,0.2,500,16,2.121324586196087e-05,1500,374998500,1500,0,1.0,0.0
non_dense,0.2,500,17,2.121324586196087e-05,1500,374998500,1500,0,1.0,0.0
non_dense,0.2,500,18,2.121324586196087e-05,1500,374998500,1500,0,1.0,0.0
non_dense,0.2,500,19,2.121324586196087e-05,1500,374998500,1500,0,1.0,0.0
non_dense,0.2,550,0,2.121324586196087e-05,1650,499123350,1650,1,1.0,0.0006056935190793
non_dense,0.2,550,1,2.121324586196087e-05,1650,499123350,1650,0,1.0,0.0
non_dense,0.2,550,2,2.121324586196087e-05,1650,499123350,1650,0,1.0,0.0
non_dense,0.2,550,3,2.121324586196087e-05,1650,499123350,1650,0,1.0,0.0
non_dense,0.2,550,4,2.121324586196087e-05,1650,499123350,1650,0,1.0,0.0
non_dense,0.2,550,5,2.121324586196087e-05,1650,499123350,1650,1,1.0,0.0006056935190793
non_dense,0.2,550,6,2.121324586196087e-05,1650,499123350,1650,0,1.0,0.0
non_dense,0.2,550,7,2.121324586196087e-05,1650,499123350,1650,0,1.0,0.0
non_dense,0.2,550,8,2.121324586196087e-05,1650,499123350,1650,0,1.0,0.0
non_dense,0.2,550,9,2.121324586196087e-05,1650,499123350,1650,0,1.0,0.0
non_dense,0.2,550,10,2.121324586196087e-05,1650,499123350,1650,0,1.0,0.0
non_dense,0.2,550,11,2.121324586196087e-05,1650,499123350,1650,0,1.0,0.0
non_dense,0.2,550,12,2.121324586196087e-05,1650,499123350,1650,0,1.0,0.0
non_dense,0.2,550,13,2.121324586196087e-05,1650,499123350,1650,0,1.0,0.0
non_dense,0.2,550,14,2.121324586196087e-05,1650,499123350,1650,0,1.0,0.0
non_dense,0.2,550,15,2.121324586196087e-05,1650,499123350,1650,0,1.0,0.0
non_dense,0.2,550,16,2.121324586196087e-05,1650,499123350,1650,0,1.0,0.0
non_dense,0.2,550,17,2.121324586196087e-05,1650,499123350,1650,0,1.0,0.0
non_dense,0.2,550,18,2.121324586196087e-05,1650,499123350,1650,1,1.0,0.0006056935190793
non_dense,0.2,550,19,2.121324586196087e-05,1650,499123350,1650,1,1.0,0.0006056935190793
non_dense,0.2,600,0,2.121324586196087e-05,1800,647998200,1800,0,1.0,0.0
non_dense,0.2,600,1,2.121324586196087e-05,1800,647998200,1800,1,1.0,0.0005552470849528
non_dense,0.2,600,2,2.121324586196087e-05,1800,647998200,1800,1,1.0,0.0005552470849528
non_dense,0.2,600,3,2.121324586196087e-05,1800,647998200,1800,1,1.0,0.0005552470849528
non_dense,0.2,600,4,2.121324586196087e-05,1800,647998200,1800,0,1.0,0.0
non_dense,0.2,600,5,2.121324586196087e-05,1800,647998200,1800,0,1.0,0.0
non_dense,0.2,600,6,2.121324586196087e-05,1800,647998200,1800,0,1.0,0.0
non_dense,0.2,600,7,2.121324586196087e-05,1800,647998200,1800,0,1.0,0.0
non_dense,0.2,600,8,2.121324586196087e-05,1800,647998200,1800,0,1.0,0.0
non_dense,0.2,600,9,2.121324586196087e-05,1800,647998200,1800,0,1.0,0.0
non_dense,0.2,600,10,2.121324586196087e-05,1800,647998200,1800,0,1.0,0.0
non_dense,0.2,600,11,2.121324586196087e-05,1800,647998200,1800,0,1.0,0.0
non_dense,0.2,600,12,2.121324586196087e-05,1800,647998200,1800,0,1.0,0.0
non_dense,0.2,600,13,2.121324586196087e-05,1800,647998200,1800,0,1.0,0.0
non_dense,0.2,600,14,2.121324586196087e-05,1800,647998200,1800,0,1.0,0.0
non_dense,0.2,600,15,2.121324586196087e-05,1800,647998200,1800,1,1.0,0.0005552470849528
non_dense,0.2,600,16,2.121324586196087e-05,1800,647998200,1800,1,1.0,0.0005552470849528
non_dense,0.2,600,17,2.121324586196087e-05,1800,647998200,1800,0,1.0,0.0
non_dense,0.2,600,18,2.121324586196087e-05,1800,647998200,1800,0,1.0,0.0
non_dense,0.2,600,19,2.121324586196087e-05,1800,647998200,1800,0,1.0,0.0
non_dense,0.2,650,0,2.121324586196087e-05,1950,823873050,1950,0,1.0,0.0
non_dense,0.2,650,1,2.121324586196087e-05,1950,823873050,1950,1,1.0,0.000512557662737
non_dense,0.2,650,2,2.121324586196087e-05,1950,823873050,1950,0,1.0,0.0
non_dense,0.2,650,3,2.121324586196087e-05,1950,823873050,1950,0,1.0,0.0
non_dense,0.2,650,4,2.121324586196087e-05,1950,823873050,1950,0,1.0,0.0
non_dense,0.2,650,5,2.121324586196087e-05,1950,823873050,1950,0,1.0,0.0
non_dense,0.2,650,6,2.121324586196087e-05,1950,823873050,1950,2,1.0,0.0010245901639344
non_dense,0.2,650,7,2.121324586196087e-05,1950,823873050,1950,1,1.0,0.000512557662737
non_dense,0.2,650,8,2.121324586196087e-05,1950,823873050,1950,0,1.0,0.0
non_dense,0.2,650,9,2.121324586196087e-05,1950,823873050,1950,0,1.0,0.0
non_dense,0.2,650,10,2.121324586196087e-05,1950,823873050,1950,0,1.0,0.0
non_dense,0.2,650,11,2.121324586196087e-05,1950,823873050,1950,0,1.0,0.0
non_dense,0.2,650,12,2.121324586196087e-05,1950,823873050,1950,0,1.0,0.0
non_dense,0.2,650,13,2.121324586196087e-05,1950,823873050,1950,0,1.0,0.0
non_dense,0.2,650,14,2.121324586196087e-05,1950,823873050,1950,0,1.0,0.0
non_dense,0.2,650,15,2.121324586196087e-05,1950,823873050,1950,0,1.0,0.0
non_dense,0.2,650,16,2.121324586196087e-05,1950,823873050,1950,0,1.0,0.0
non_dense,0.2,650,17,2.121324586196087e-05,1950,823873050,1950,0,1.0,0.0
non_dense,0.2,650,18,2.121324586196087e-05,1950,823873050,1950,0,1.0,0.0
non_dense,0.2,650,19,2.121324586196087e-05,1950,823873050,1950,0,1.0,0.0
non_dense,0.2,700,0,2.121324586196087e-05,2100,1028997900,2100,1,1.0,0.0004759638267491
non_dense,0.2,700,1,2.121324586196087e-05,2100,1028997900,2100,0,1.0,0.0
non_dense,0.2,700,2,2.121324586196087e-05,2100,1028997900,2100,0,1.0,0.0
non_dense,0.2,700,3,2.121324586196087e-05,2100,1028997900,2100,0,1.0,0.0
non_dense,0.2,700,4,2.121324586196087e-05,2100,1028997900,2100,0,1.0,0.0
non_dense,0.2,700,5,2.121324586196087e-05,2100,1028997900,2100,0,1.0,0.0
non_dense,0.2,700,6,2.121324586196087e-05,2100,1028997900,2100,0,1.0,0.0
non_dense,0.2,700,7,2.121324586196087e-05,2100,1028997900,2100,0,1.0,0.0
non_dense,0.2,700,8,2.121324586196087e-05,2100,1028997900,2100,0,1.0,0.0
non_dense,0.2,700,9,2.121324586196087e-05,2100,1028997900,2100,0,1.0,0.0
non_dense,0.2,700,10,2.121324586196087e-05,2100,1028997900,2100,0,1.0,0.0
non_dense,0.2,700,11,2.121324586196087e-05,2100,1028997900,2100,0,1.0,0.0
non_dense,0.2,700,12,2.121324586196087e-05,2100,1028997900,2100,1,1.0,0.0004759638267491
non_dense,0.2,700,13,2.121324586196087e-05,2100,1028997900,2100,0,1.0,0.0
non_dense,0.2,700,14,2.121324586196087e-05,2100,1028997900,2100,1,1.0,0.0004759638267491
non_dense,0.2,700,15,2.121324586196087e-05,2100,1028997900,2100,0,1.0,0.0
non_dense,0.2,700,16,2.121324586196087e-05,2100,1028997900,2100,0,1.0,0.0
non_dense,0.2,700,17,2.121324586196087e-05,2100,1028997900,2100,0,1.0,0.0
non_dense,0.2,700,18,2.121324586196087e-05,2100,1028997900,2100,2,1.0,0.0009514747859181
non_dense,0.2,700,19,2.121324586196087e-05,2100,1028997900,2100,0,1.0,0.0
non_dense,0.2,750,0,2.121324586196087e-05,2250,1265622750,2250,1,1.0,0.0004442470013327
non_dense,0.2,750,1,2.121324586196087e-05,2250,1265622750,2250,0,1.0,0.0
non_dense,0.2,750,2,2.121324586196087e-05,2250,1265622750,2250,2,1.0,0.0008880994671403
non_dense,0.2,750,3,2.121324586196087e-05,2250,1265622750,2250,0,1.0,0.0
non_dense,0.2,750,4,2.121324586196087e-05,2250,1265622750,2250,1,1.0,0.0004442470013327
non_dense,0.2,750,5,2.121324586196087e-05,2250,1265622750,2250,0,1.0,0.0
non_dense,0.2,750,6,2.121324586196087e-05,2250,1265622750,2250,0,1.0,0.0
non_dense,0.2,750,7,2.121324586196087e-05,2250,1265622750,2250,1,1.0,0.0004442470013327
non_dense,0.2,750,8,2.121324586196087e-05,2250,1265622750,2250,0,1.0,0.0
non_dense,0.2,750,9,2.121324586196087e-05,2250,1265622750,2250,0,1.0,0.0
non_dense,0.2,750,10,2.121324586196087e-05,2250,1265622750,2250,0,1.0,0.0
non_dense,0.2,750,11,2.121324586196087e-05,2250,1265622750,2250,0,1.0,0.0
non_dense,0.2,750,12,2.121324586196087e-05,2250,1265622750,2250,0,1.0,0.0
non_dense,0.2,750,13,2.121324586196087e-05,2250,1265622750,2250,0,1.0,0.0
non_dense,0.2,750,14,2.121324586196087e-05,2250,1265622750,2250,0,1.0,0.0
non_dense,0.2,750,15,2.121324586196087e-05,2250,1265622750,2250,1,1.0,0.0004442470013327
non_dense,0.2,750,16,2.121324586196087e-05,2250,1265622750,2250,0,1.0,0.0
non_dense,0.2,750,17,2.121324586196087e-05,2250,1265622750,2250,0,1.0,0.0
non_dense,0.2,750,18,2.121324586196087e-05,2250,1265622750,2250,0,1.0,0.0
non_dense,0.2,750,19,2.121324586196087e-05,2250,1265622750,2250,1,1.0,0.0004442470013327
non_dense,0.2,800,0,2.121324586196087e-05,2400,1535997600,2400,0,1.0,0.0
non_dense,0.2,800,1,2.121324586196087e-05,2400,1535997600,2400,0,1.0,0.0
non_dense,0.2,800,2,2.121324586196087e-05,2400,1535997600,2400,0,1.0,0.0
non_dense,0.2,800,3,2.121324586196087e-05,2400,1535997600,2400,2,1.0,0.0008326394671107
non_dense,0.2,800,4,2.121324586196087e-05,2400,1535997600,2400,0,1.0,0.0
non_dense,0.2,800,5,2.121324586196087e-05,2400,1535997600,2400,0,1.0,0.0
non_dense,0.2,800,6,2.121324586196087e-05,2400,1535997600,2400,1,1.0,0.0004164931278633
non_dense,0.2,800,7,2.121324586196087e-05,2400,1535997600,2400,1,1.0,0.0004164931278633
non_dense,0.2,800,8,2.121324586196087e-05,2400,1535997600,2400,0,1.0,0.0
non_dense,0.2,800,9,2.121324586196087e-05,2400,1535997600,2400,1,1.0,0.0004164931278633
non_dense,0.2,800,10,2.121324586196087e-05,2400,1535997600,2400,1,1.0,0.0004164931278633
non_dense,0.2,800,11,2.121324586196087e-05,2400,1535997600,2400,1,1.0,0.0004164931278633
non_dense,0.2,800,12,2.121324586196087e-05,2400,1535997600,2400,0,1.0,0.0
non_dense,0.2,800,13,2.121324586196087e-05,2400,1535997600,2400,1,1.0,0.0004164931278633
non_dense,0.2,800,14,2.121324586196087e-05,2400,1535997600,2400,1,1.0,0.0004164931278633
non_dense,0.2,800,15,2.121324586196087e-05,2400,1535997600,2400,1,1.0,0.0004164931278633
non_dense,0.2,800,16,2.121324586196087e-05,2400,1535997600,2400,0,1.0,0.0
non_dense,0.2,800,17,2.121324586196087e-05,2400,1535997600,2400,0,1.0,0.0
non_dense,0.2,800,18,2.121324586196087e-05,2400,1535997600,2400,0,1.0,0.0
non_dense,0.2,800,19,2.121324586196087e-05,2400,1535997600,2400,0,1.0,0.0
non_dense,0.2,850,0,2.121324586196087e-05,2550,1842372450,2550,1,1.0,0.000392003136025
non_dense,0.2,850,1,2.121324586196087e-05,2550,1842372450,2550,0,1.0,0.0
non_dense,0.2,850,2,2.121324586196087e-05,2550,1842372450,2550,0,1.0,0.0
non_dense,0.2,850,3,2.121324586196087e-05,2550,1842372450,2550,0,1.0,0.0
non_dense,0.2,850,4,2.121324586196087e-05,2550,1842372450,2550,1,1.0,0.000392003136025
non_dense,0.2,850,5,2.121324586196087e-05,2550,1842372450,2550,1,1.0,0.000392003136025
non_dense,0.2,850,6,2.121324586196087e-05,2550,1842372450,2550,0,1.0,0.0
non_dense,0.2,850,7,2.121324586196087e-05,2550,1842372450,2550,3,1.0,0.0011750881316098
non_dense,0.2,850,8,2.121324586196087e-05,2550,1842372450,2550,1,1.0,0.000392003136025
non_dense,0.2,850,9,2.121324586196087e-05,2550,1842372450,2550,2,1.0,0.0007836990595611
non_dense,0.2,850,10,2.121324586196087e-05,2550,1842372450,2550,1,1.0,0.000392003136025
non_dense,0.2,850,11,2.121324586196087e-05,2550,1842372450,2550,0,1.0,0.0
non_dense,0.2,850,12,2.121324586196087e-05,2550,1842372450,2550,3,1.0,0.0011750881316098
non_dense,0.2,850,13,2.121324586196087e-05,2550,1842372450,2550,0,1.0,0.0
non_dense,0.2,850,14,2.121324586196087e-05,2550,1842372450,2550,2,1.0,0.0007836990595611
non_dense,0.2,850,15,2.121324586196087e-05,2550,1842372450,2550,0,1.0,0.0
non_dense,0.2,850,16,2.121324586196087e-05,2550,1842372450,2550,0,1.0,0.0
non_dense,0.2,850,17,2.121324586196087e-05,2550,1842372450,2550,0,1.0,0.0
non_dense,0.2,850,18,2.121324586196087e-05,2550,1842372450,2550,3,1.0,0.0011750881316098
non_dense,0.2,850,19,2.121324586196087e-05,2550,1842372450,2550,2,1.0,0.0007836990595611
non_dense,0.2,900,0,2.121324586196087e-05,2700,2186997300,2700,0,1.0,0.0
non_dense,0.2,900,1,2.121324586196087e-05,2700,2186997300,2700,1,1.0,0.0003702332469455
non_dense,0.2,900,2,2.121324586196087e-05,2700,2186997300,2700,1,1.0,0.0003702332469455
non_dense,0.2,900,3,2.121324586196087e-05,2700,2186997300,2700,0,1.0,0.0
non_dense,0.2,900,4,2.121324586196087e-05,2700,2186997300,2700,1,1.0,0.0003702332469455
non_dense,0.2,900,5,2.121324586196087e-05,2700,2186997300,2700,1,1.0,0.0003702332469455
non_dense,0.2,900,6,2.121324586196087e-05,2700,2186997300,2700,2,1.0,0.000740192450037
non_dense,0.2,900,7,2.121324586196087e-05,2700,2186997300,2700,0,1.0,0.0
non_dense,0.2,900,8,2.121324586196087e-05,2700,2186997300,2700,1,1.0,0.0003702332469455
non_dense,0.2,900,9,2.121324586196087e-05,2700,2186997300,2700,0,1.0,0.0
non_dense,0.2,900,10,2.121324586196087e-05,2700,2186997300,2700,0,1.0,0.0
non_dense,0.2,900,11,2.121324586196087e-05,2700,2186997300,2700,0,1.0,0.0
non_dense,0.2,900,12,2.121324586196087e-05,2700,2186997300,2700,0,1.0,0.0
non_dense,0.2,900,13,2.121324586196087e-05,2700,2186997300,2700,0,1.0,0.0
non_dense,0.2,900,14,2.121324586196087e-05,2700,2186997300,2700,1,1.0,0.0003702332469455
non_dense,0.2,900,15,2.121324586196087e-05,2700,2186997300,2700,1,1.0,0.0003702332469455
non_dense,0.2,900,16,2.121324586196087e-05,2700,2186997300,2700,1,1.0,0.0003702332469455
non_dense,0.2,900,17,2.121324586196087e-05,2700,2186997300,2700,0,1.0,0.0
non_dense,0.2,900,18,2.121324586196087e-05,2700,2186997300,2700,2,1.0,0.000740192450037
non_dense,0.2,900,19,2.121324586196087e-05,2700,2186997300,2700,0,1.0,0.0
non_dense,0.2,950,0,2.121324586196087e-05,2850,2572122150,2850,1,1.0,0.0003507541213609
non_dense,0.2,950,1,2.121324586196087e-05,2850,2572122150,2850,0,1.0,0.0
non_dense,0.2,950,2,2.121324586196087e-05,2850,2572122150,2850,0,1.0,0.0
non_dense,0.2,950,3,2.121324586196087e-05,2850,2572122150,2850,1,1.0,0.0003507541213609
non_dense,0.2,950,4,2.121324586196087e-05,2850,2572122150,2850,0,1.0,0.0
non_dense,0.2,950,5,2.121324586196087e-05,2850,2572122150,2850,0,1.0,0.0
non_dense,0.2,950,6,2.121324586196087e-05,2850,2572122150,2850,4,1.0,0.0014015416958654
non_dense,0.2,950,7,2.121324586196087e-05,2850,2572122150,2850,0,1.0,0.0
non_dense,0.2,950,8,2.121324586196087e-05,2850,2572122150,2850,0,1.0,0.0
non_dense,0.2,950,9,2.121324586196087e-05,2850,2572122150,2850,4,1.0,0.0014015416958654
non_dense,0.2,950,10,2.121324586196087e-05,2850,2572122150,2850,0,1.0,0.0
non_dense,0.2,950,11,2.121324586196087e-05,2850,2572122150,2850,0,1.0,0.0
non_dense,0.2,950,12,2.121324586196087e-05,2850,2572122150,2850,1,1.0,0.0003507541213609
non_dense,0.2,950,13,2.121324586196087e-05,2850,2572122150,2850,3,1.0,0.0010515247108307
non_dense,0.2,950,14,2.121324586196087e-05,2850,2572122150,2850,0,1.0,0.0
non_dense,0.2,950,15,2.121324586196087e-05,2850,2572122150,2850,2,1.0,0.0007012622720897
non_dense,0.2,950,16,2.121324586196087e-05,2850,2572122150,2850,4,1.0,0.0014015416958654
non_dense,0.2,950,17,2.121324586196087e-05,2850,2572122150,2850,1,1.0,0.0003507541213609
non_dense,0.2,950,18,2.121324586196087e-05,2850,2572122150,2850,1,1.0,0.0003507541213609
non_dense,0.2,950,19,2.121324586196087e-05,2850,2572122150,2850,0,1.0,0.0
non_dense,0.2,1000,0,2.121324586196087e-05,3000,2999997000,3000,1,1.0,0.0003332222592469
non_dense,0.2,1000,1,2.121324586196087e-05,3000,2999997000,3000,0,1.0,0.0
non_dense,0.2,1000,2,2.121324586196087e-05,3000,2999997000,3000,0,1.0,0.0
non_dense,0.2,1000,3,2.121324586196087e-05,3000,2999997000,3000,1,1.0,0.0003332222592469
non_dense,0.2,1000,4,2.121324586196087e-05,3000,2999997000,3000,1,1.0,0.0003332222592469
non_dense,0.2,1000,5,2.121324586196087e-05,3000,2999997000,3000,2,1.0,0.0006662225183211
non_dense,0.2,1000,6,2.121324586196087e-05,3000,2999997000,3000,2,1.0,0.0006662225183211
non_dense,0.2,1000,7,2.121324586196087e-05,3000,2999997000,3000,1,1.0,0.0003332222592469
non_dense,0.2,1000,8,2.121324586196087e-05,3000,2999997000,3000,1,1.0,0.0003332222592469
non_dense,0.2,1000,9,2.121324586196087e-05,3000,2999997000,3000,3,1.0,0.0009990009990009
non_dense,0.2,1000,10,2.121324586196087e-05,3000,2999997000,3000,1,1.0,0.0003332222592469
non_dense,0.2,1000,11,2.121324586196087e-05,3000,2999997000,3000,0,1.0,0.0
non_dense,0.2,1000,12,2.121324586196087e-05,3000,2999997000,3000,1,1.0,0.0003332222592469
non_dense,0.2,1000,13,2.121324586196087e-05,3000,2999997000,3000,0,1.0,0.0
non_dense,0.2,1000,14,2.121324586196087e-05,3000,2999997000,3000,0,1.0,0.0
non_dense,0.2,1000,15,2.121324586196087e-05,3000,2999997000,3000,1,1.0,0.0003332222592469
non_dense,0.2,1000,16,2.121324586196087e-05,3000,2999997000,3000,2,1.0,0.0006662225183211
non_dense,0.2,1000,17,2.121324586196087e-05,3000,2999997000,3000,0,1.0,0.0
non_dense,0.2,1000,18,2.121324586196087e-05,3000,2999997000,3000,2,1.0,0.0006662225183211
non_dense,0.2,1000,19,2.121324586196087e-05,3000,2999997000,3000,1,1.0,0.0003332222592469
