angle,n_tracks,scale,theta_d,measurement_error,collision_noise,convolution,epsilon,n_repeats,m_reconstruction_efficiency_mean,m_reconstruction_efficiency_se,m_ghost_rate_mean,m_ghost_rate_se,m_clone_fraction_total_mean,m_clone_fraction_total_se,m_clone_fraction_among_matched_mean,m_clone_fraction_among_matched_se,m_purity_all_matched_mean,m_purity_all_matched_se,m_purity_primary_only_mean,m_purity_primary_only_se,m_hit_efficiency_mean_mean,m_hit_efficiency_mean_se,m_hit_efficiency_weighted_mean,m_hit_efficiency_weighted_se,hit_purity_mean_primary_mean,hit_purity_mean_primary_se,hit_efficiency_mean_primary_mean,hit_efficiency_mean_primary_se,hit_efficiency_weighted_primary_mean,hit_efficiency_weighted_primary_se
0.04,10,1,0.0001,0.0,5e-05,True,7.3824115301167e-05,3,1.0,0.0,0.0,0.0,0.0,0.0,0.0,0.0,0.0,0.0,1.0,0.0,0.9800000000000001,0.0,0.0,0.0,1.0,0.0,0.9800000000000001,0.0,0.0,0.0
0.04,10,1,0.0001,0.0,0.0001,True,0.00014300349646075093,3,0.9,0.05773502691896257,0.0,0.0,0.0,0.0,0.0,0.0,0.0,0.0,1.0,0.0,0.9327777777777778,0.004339027597725922,0.0,0.0,1.0,0.0,0.9327777777777778,0.004339027597725922,0.0,0.0
0.04,10,1,0.0001,0.0,0.0004,True,0.0005660830327787611,3,0.5,0.09999999999999998,0.0,0.0,0.0,0.0,0.0,0.0,0.0,0.0,1.0,0.0,0.7738095238095237,0.07217860186297197,0.0,0.0,1.0,0.0,0.7738095238095237,0.07217860186297197,0.0,0.0
0.04,10,1,0.0001,0.01,5e-05,True,0.0010523204394088015,3,0.4333333333333333,0.08819171036881969,0.0,0.0,0.0,0.0,0.0,0.0,0.0,0.0,1.0,0.0,0.7888888888888888,0.029397236789606502,0.0,0.0,1.0,0.0,0.7888888888888888,0.029397236789606502,0.0,0.0
0.04,10,1,0.0001,0.01,0.0001,True,0.0010594235730799712,3,0.39999999999999997,0.05773502691896258,0.0,0.0,0.0,0.0,0.0,0.0,0.0,0.0,1.0,0.0,0.7444444444444445,0.029397236789606557,0.0,0.0,1.0,0.0,0.7444444444444445,0.029397236789606557,0.0,0.0
0.04,10,1,0.0001,0.01,0.0004,True,0.0011926350268198285,3,0.5333333333333333,0.03333333333333333,0.0,0.0,0.0,0.0,0.0,0.0,0.0,0.0,1.0,0.0,0.7133333333333333,0.04666666666666668,0.0,0.0,1.0,0.0,0.7133333333333333,0.04666666666666668,0.0,0.0
0.04,10,1,0.0001,0.05,5e-05,True,0.005249153951365971,3,0.2333333333333333,0.033333333333333326,0.16666666666666666,0.16666666666666669,0.0,0.0,0.0,0.0,0.0,0.0,1.0,0.0,0.6666666666666666,0.0666666666666667,0.0,0.0,1.0,0.0,0.6666666666666666,0.0666666666666667,0.0,0.0
0.04,10,1,0.0001,0.05,0.0001,True,0.00525058255864442,3,0.2333333333333333,0.1452966314513558,0.0,0.0,0.0,0.0,0.0,0.0,0.0,0.0,0.5714285714285715,0.2973808570665904,0.56,0.2948445918332798,0.0,0.0,0.5714285714285715,0.2973808570665904,0.56,0.2948445918332798,0.0,0.0
0.04,10,1,0.0001,0.05,0.0004,True,0.005279073517686696,3,0.2333333333333333,0.033333333333333326,0.1111111111111111,0.11111111111111112,0.0,0.0,0.0,0.0,0.0,0.0,1.0,0.0,0.6777777777777777,0.04006168083848879,0.0,0.0,1.0,0.0,0.6777777777777777,0.04006168083848879,0.0,0.0
0.04,10,1,0.001,0.0,5e-05,True,7.3824115301167e-05,3,1.0,0.0,0.0,0.0,0.0,0.0,0.0,0.0,0.0,0.0,1.0,0.0,1.0,0.0,0.0,0.0,1.0,0.0,1.0,0.0,0.0,0.0
0.04,10,1,0.001,0.0,0.0001,True,0.00014300349646075093,3,1.0,0.0,0.0,0.0,0.0,0.0,0.0,0.0,0.0,0.0,1.0,0.0,1.0,0.0,0.0,0.0,1.0,0.0,1.0,0.0,0.0,0.0
0.04,10,1,0.001,0.0,0.0004,True,0.0005660830327787611,3,1.0,0.0,0.0,0.0,0.0,0.0,0.0,0.0,0.0,0.0,1.0,0.0,0.9866666666666667,0.006666666666666637,0.0,0.0,1.0,0.0,0.9866666666666667,0.006666666666666637,0.0,0.0
0.04,10,1,0.001,0.01,5e-05,True,0.0010523204394088015,3,0.9,0.05773502691896257,0.0,0.0,0.0,0.0,0.0,0.0,0.0,0.0,1.0,0.0,0.945925925925926,0.023529452110027552,0.0,0.0,1.0,0.0,0.945925925925926,0.023529452110027552,0.0,0.0
0.04,10,1,0.001,0.01,0.0001,True,0.0010594235730799712,3,0.9666666666666667,0.03333333333333333,0.0,0.0,0.0,0.0,0.0,0.0,0.0,0.0,1.0,0.0,0.9303703703703704,0.025021252968969725,0.0,0.0,1.0,0.0,0.9303703703703704,0.025021252968969725,0.0,0.0
0.04,10,1,0.001,0.01,0.0004,True,0.0011926350268198285,3,0.8666666666666667,0.0881917103688197,0.0,0.0,0.0,0.0,0.0,0.0,0.0,0.0,1.0,0.0,0.9387301587301587,0.0028216490213700232,0.0,0.0,1.0,0.0,0.9387301587301587,0.0028216490213700232,0.0,0.0
0.04,10,1,0.001,0.05,5e-05,True,0.005249153951365971,3,0.43333333333333335,0.06666666666666668,0.0,0.0,0.0,0.0,0.0,0.0,0.0,0.0,1.0,0.0,0.7555555555555555,0.06547075494513883,0.0,0.0,1.0,0.0,0.7555555555555555,0.06547075494513883,0.0,0.0
0.04,10,1,0.001,0.05,0.0001,True,0.00525058255864442,3,0.3666666666666667,0.03333333333333335,0.0,0.0,0.0,0.0,0.0,0.0,0.0,0.0,1.0,0.0,0.7722222222222221,0.06826780959691395,0.0,0.0,1.0,0.0,0.7722222222222221,0.06826780959691395,0.0,0.0
0.04,10,1,0.001,0.05,0.0004,True,0.005279073517686696,3,0.3333333333333333,0.08819171036881969,0.16666666666666666,0.16666666666666669,0.0,0.0,0.0,0.0,0.0,0.0,1.0,0.0,0.7511111111111112,0.024745619390355644,0.0,0.0,1.0,0.0,0.7511111111111112,0.024745619390355644,0.0,0.0
0.04,10,1,0.01,0.0,5e-05,True,7.3824115301167e-05,3,1.0,0.0,0.0,0.0,0.0,0.0,0.0,0.0,0.0,0.0,1.0,0.0,1.0,0.0,0.0,0.0,1.0,0.0,1.0,0.0,0.0,0.0
0.04,10,1,0.01,0.0,0.0001,True,0.00014300349646075093,3,0.7333333333333334,0.2666666666666667,0.16666666666666666,0.16666666666666669,0.0,0.0,0.0,0.0,0.0,0.0,1.0,0.0,1.0,0.0,0.0,0.0,1.0,0.0,1.0,0.0,0.0,0.0
0.04,10,1,0.01,0.0,0.0004,True,0.0005660830327787611,3,1.0,0.0,0.0,0.0,0.0,0.0,0.0,0.0,0.0,0.0,1.0,0.0,1.0,0.0,0.0,0.0,1.0,0.0,1.0,0.0,0.0,0.0
0.04,10,1,0.01,0.01,5e-05,True,0.0010523204394088015,3,0.7333333333333334,0.2666666666666667,0.16666666666666666,0.16666666666666669,0.0,0.0,0.0,0.0,0.0,0.0,1.0,0.0,1.0,0.0,0.0,0.0,1.0,0.0,1.0,0.0,0.0,0.0
0.04,10,1,0.01,0.01,0.0001,True,0.0010594235730799712,3,1.0,0.0,0.0,0.0,0.0,0.0,0.0,0.0,0.0,0.0,1.0,0.0,1.0,0.0,0.0,0.0,1.0,0.0,1.0,0.0,0.0,0.0
0.04,10,1,0.01,0.01,0.0004,True,0.0011926350268198285,3,0.7666666666666666,0.23333333333333336,0.13333333333333333,0.13333333333333336,0.0,0.0,0.0,0.0,0.0,0.0,1.0,0.0,1.0,0.0,0.0,0.0,1.0,0.0,1.0,0.0,0.0,0.0
0.04,10,1,0.01,0.05,5e-05,True,0.005249153951365971,3,0.5,0.23094010767585033,0.31746031746031744,0.19310357239041967,0.0,0.0,0.0,0.0,0.0,0.0,1.0,0.0,0.965925925925926,0.02384218805841645,0.0,0.0,1.0,0.0,0.965925925925926,0.02384218805841645,0.0,0.0
0.04,10,1,0.01,0.05,0.0001,True,0.00525058255864442,3,0.6,0.3055050463303894,0.3333333333333333,0.33333333333333337,0.0,0.0,0.0,0.0,0.0,0.0,0.6666666666666666,0.33333333333333337,0.645,0.3225290684574028,0.0,0.0,0.6666666666666666,0.33333333333333337,0.645,0.3225290684574028,0.0,0.0
0.04,10,1,0.01,0.05,0.0004,True,0.005279073517686696,3,0.7666666666666666,0.12018504251546631,0.08928571428571429,0.04493949068613542,0.0,0.0,0.0,0.0,0.0,0.0,1.0,0.0,0.9771428571428572,0.011895234282663574,0.0,0.0,1.0,0.0,0.9771428571428572,0.011895234282663574,0.0,0.0
0.04,10,1,0.1,0.0,5e-05,True,7.3824115301167e-05,3,0.0,0.0,1.0,0.0,0.0,0.0,0.0,0.0,0.0,0.0,0.0,0.0,0.0,0.0,0.0,0.0,0.0,0.0,0.0,0.0,0.0,0.0
0.04,10,1,0.1,0.0,0.0001,True,0.00014300349646075093,3,0.0,0.0,1.0,0.0,0.0,0.0,0.0,0.0,0.0,0.0,0.0,0.0,0.0,0.0,0.0,0.0,0.0,0.0,0.0,0.0,0.0,0.0
0.04,10,1,0.1,0.0,0.0004,True,0.0005660830327787611,3,0.0,0.0,1.0,0.0,0.0,0.0,0.0,0.0,0.0,0.0,0.0,0.0,0.0,0.0,0.0,0.0,0.0,0.0,0.0,0.0,0.0,0.0
0.04,10,1,0.1,0.01,5e-05,True,0.0010523204394088015,3,0.0,0.0,1.0,0.0,0.0,0.0,0.0,0.0,0.0,0.0,0.0,0.0,0.0,0.0,0.0,0.0,0.0,0.0,0.0,0.0,0.0,0.0
0.04,10,1,0.1,0.01,0.0001,True,0.0010594235730799712,3,0.03333333333333333,0.03333333333333334,0.6666666666666666,0.33333333333333337,0.0,0.0,0.0,0.0,0.0,0.0,0.2380952380952381,0.23809523809523808,0.3333333333333333,0.33333333333333337,0.0,0.0,0.2380952380952381,0.23809523809523808,0.3333333333333333,0.33333333333333337,0.0,0.0
0.04,10,1,0.1,0.01,0.0004,True,0.0011926350268198285,3,0.0,0.0,1.0,0.0,0.0,0.0,0.0,0.0,0.0,0.0,0.0,0.0,0.0,0.0,0.0,0.0,0.0,0.0,0.0,0.0,0.0,0.0
0.04,10,1,0.1,0.05,5e-05,True,0.005249153951365971,3,0.10000000000000002,0.05773502691896258,0.6666666666666666,0.16666666666666666,0.0,0.0,0.0,0.0,0.0,0.0,0.5714285714285715,0.2973808570665904,0.6666666666666666,0.33333333333333337,0.0,0.0,0.5714285714285715,0.2973808570665904,0.6666666666666666,0.33333333333333337,0.0,0.0
0.04,10,1,0.1,0.05,0.0001,True,0.00525058255864442,3,0.0,0.0,1.0,0.0,0.0,0.0,0.0,0.0,0.0,0.0,0.0,0.0,0.0,0.0,0.0,0.0,0.0,0.0,0.0,0.0,0.0,0.0
0.04,10,1,0.1,0.05,0.0004,True,0.005279073517686696,3,0.0,0.0,1.0,0.0,0.0,0.0,0.0,0.0,0.0,0.0,0.0,0.0,0.0,0.0,0.0,0.0,0.0,0.0,0.0,0.0,0.0,0.0
0.04,10,2,0.0001,0.0,5e-05,True,0.00014300349646075093,3,0.43333333333333335,0.06666666666666668,0.0,0.0,0.0,0.0,0.0,0.0,0.0,0.0,1.0,0.0,1.0,0.0,0.0,0.0,1.0,0.0,1.0,0.0,0.0,0.0
0.04,10,2,0.0001,0.0,0.0001,True,0.0002836370920736567,3,0.03333333333333333,0.03333333333333334,0.0,0.0,0.0,0.0,0.0,0.0,0.0,0.0,0.3333333333333333,0.33333333333333337,0.3333333333333333,0.33333333333333337,0.0,0.0,0.3333333333333333,0.33333333333333337,0.3333333333333333,0.33333333333333337,0.0,0.0
0.04,10,2,0.0001,0.0,0.0004,True,0.0011315697062046156,3,0.0,0.0,0.0,0.0,0.0,0.0,0.0,0.0,0.0,0.0,0.0,0.0,0.0,0.0,0.0,0.0,0.0,0.0,0.0,0.0,0.0,0.0
0.04,10,2,0.0001,0.01,5e-05,True,0.0021043199422362056,3,0.0,0.0,0.0,0.0,0.0,0.0,0.0,0.0,0.0,0.0,0.0,0.0,0.0,0.0,0.0,0.0,0.0,0.0,0.0,0.0,0.0,0.0
0.04,10,2,0.0001,0.01,0.0001,True,0.0021185283616919053,3,0.03333333333333333,0.03333333333333334,0.3333333333333333,0.33333333333333337,0.0,0.0,0.0,0.0,0.0,0.0,0.3333333333333333,0.33333333333333337,0.19999999999999998,0.2,0.0,0.0,0.3333333333333333,0.33333333333333337,0.19999999999999998,0.2,0.0,0.0
0.04,10,2,0.0001,0.01,0.0004,True,0.002384986880318839,3,0.03333333333333333,0.03333333333333334,0.0,0.0,0.0,0.0,0.0,0.0,0.0,0.0,0.3333333333333333,0.33333333333333337,0.19999999999999998,0.2,0.0,0.0,0.3333333333333333,0.33333333333333337,0.19999999999999998,0.2,0.0,0.0
0.04,10,2,0.0001,0.05,5e-05,True,0.01049821951042763,3,0.0,0.0,0.6666666666666666,0.33333333333333337,0.0,0.0,0.0,0.0,0.0,0.0,0.0,0.0,0.0,0.0,0.0,0.0,0.0,0.0,0.0,0.0,0.0,0.0
0.04,10,2,0.0001,0.05,0.0001,True,0.010501076749034994,3,0.03333333333333333,0.03333333333333334,0.8333333333333334,0.16666666666666666,0.0,0.0,0.0,0.0,0.0,0.0,0.3333333333333333,0.33333333333333337,0.19999999999999998,0.2,0.0,0.0,0.3333333333333333,0.33333333333333337,0.19999999999999998,0.2,0.0,0.0
0.04,10,2,0.0001,0.05,0.0004,True,0.010558059144043631,3,0.0,0.0,0.3333333333333333,0.33333333333333337,0.0,0.0,0.0,0.0,0.0,0.0,0.0,0.0,0.0,0.0,0.0,0.0,0.0,0.0,0.0,0.0,0.0,0.0
0.04,10,2,0.001,0.0,5e-05,True,0.00014300349646075093,3,1.0,0.0,0.0,0.0,0.0,0.0,0.0,0.0,0.0,0.0,1.0,0.0,1.0,0.0,0.0,0.0,1.0,0.0,1.0,0.0,0.0,0.0
0.04,10,2,0.001,0.0,0.0001,True,0.0002836370920736567,3,1.0,0.0,0.0,0.0,0.0,0.0,0.0,0.0,0.0,0.0,1.0,0.0,1.0,0.0,0.0,0.0,1.0,0.0,1.0,0.0,0.0,0.0
0.04,10,2,0.001,0.0,0.0004,True,0.0011315697062046156,3,0.8333333333333334,0.033333333333333326,0.0,0.0,0.0,0.0,0.0,0.0,0.0,0.0,1.0,0.0,1.0,0.0,0.0,0.0,1.0,0.0,1.0,0.0,0.0,0.0
0.04,10,2,0.001,0.01,5e-05,True,0.0021043199422362056,3,0.16666666666666666,0.08819171036881969,0.0,0.0,0.0,0.0,0.0,0.0,0.0,0.0,0.6666666666666666,0.33333333333333337,0.6666666666666666,0.33333333333333337,0.0,0.0,0.6666666666666666,0.33333333333333337,0.6666666666666666,0.33333333333333337,0.0,0.0
0.04,10,2,0.001,0.01,0.0001,True,0.0021185283616919053,3,0.23333333333333336,0.0881917103688197,0.0,0.0,0.0,0.0,0.0,0.0,0.0,0.0,1.0,0.0,1.0,0.0,0.0,0.0,1.0,0.0,1.0,0.0,0.0,0.0
0.04,10,2,0.001,0.01,0.0004,True,0.002384986880318839,3,0.03333333333333333,0.03333333333333334,0.0,0.0,0.0,0.0,0.0,0.0,0.0,0.0,0.3333333333333333,0.33333333333333337,0.26666666666666666,0.2666666666666667,0.0,0.0,0.3333333333333333,0.33333333333333337,0.26666666666666666,0.2666666666666667,0.0,0.0
0.04,10,2,0.001,0.05,5e-05,True,0.01049821951042763,3,0.10000000000000002,0.05773502691896258,0.5833333333333334,0.30046260628866583,0.0,0.0,0.0,0.0,0.0,0.0,0.5833333333333334,0.30046260628866583,0.5,0.2645751311064591,0.0,0.0,0.5833333333333334,0.30046260628866583,0.5,0.2645751311064591,0.0,0.0
0.04,10,2,0.001,0.05,0.0001,True,0.010501076749034994,3,0.0,0.0,0.6666666666666666,0.33333333333333337,0.0,0.0,0.0,0.0,0.0,0.0,0.0,0.0,0.0,0.0,0.0,0.0,0.0,0.0,0.0,0.0,0.0,0.0
0.04,10,2,0.001,0.05,0.0004,True,0.010558059144043631,3,0.0,0.0,0.3333333333333333,0.33333333333333337,0.0,0.0,0.0,0.0,0.0,0.0,0.0,0.0,0.0,0.0,0.0,0.0,0.0,0.0,0.0,0.0,0.0,0.0
0.04,10,2,0.01,0.0,5e-05,True,0.00014300349646075093,3,0.9333333333333332,0.06666666666666667,0.037037037037037035,0.037037037037037035,0.0,0.0,0.0,0.0,0.0,0.0,1.0,0.0,1.0,0.0,0.0,0.0,1.0,0.0,1.0,0.0,0.0,0.0
0.04,10,2,0.01,0.0,0.0001,True,0.0002836370920736567,3,1.0,0.0,0.0,0.0,0.0,0.0,0.0,0.0,0.0,0.0,1.0,0.0,1.0,0.0,0.0,0.0,1.0,0.0,1.0,0.0,0.0,0.0
0.04,10,2,0.01,0.0,0.0004,True,0.0011315697062046156,3,1.0,0.0,0.0,0.0,0.0,0.0,0.0,0.0,0.0,0.0,1.0,0.0,1.0,0.0,0.0,0.0,1.0,0.0,1.0,0.0,0.0,0.0
0.04,10,2,0.01,0.01,5e-05,True,0.0021043199422362056,3,1.0,0.0,0.0,0.0,0.0,0.0,0.0,0.0,0.0,0.0,1.0,0.0,1.0,0.0,0.0,0.0,1.0,0.0,1.0,0.0,0.0,0.0
0.04,10,2,0.01,0.01,0.0001,True,0.0021185283616919053,3,0.8666666666666667,0.06666666666666667,0.07407407407407407,0.037037037037037035,0.0,0.0,0.0,0.0,0.0,0.0,1.0,0.0,1.0,0.0,0.0,0.0,1.0,0.0,1.0,0.0,0.0,0.0
0.04,10,2,0.01,0.01,0.0004,True,0.002384986880318839,3,1.0,0.0,0.0,0.0,0.0,0.0,0.0,0.0,0.0,0.0,1.0,0.0,1.0,0.0,0.0,0.0,1.0,0.0,1.0,0.0,0.0,0.0
0.04,10,2,0.01,0.05,5e-05,True,0.01049821951042763,3,0.39999999999999997,0.2081665999466133,0.3888888888888889,0.3093202423794457,0.0,0.0,0.0,0.0,0.0,0.0,0.6476190476190476,0.3242294196295086,0.6666666666666666,0.33333333333333337,0.0,0.0,0.6476190476190476,0.3242294196295086,0.6666666666666666,0.33333333333333337,0.0,0.0
0.04,10,2,0.01,0.05,0.0001,True,0.010501076749034994,3,0.4666666666666666,0.2027587510099407,0.16666666666666666,0.16666666666666669,0.0,0.0,0.0,0.0,0.0,0.0,1.0,0.0,1.0,0.0,0.0,0.0,1.0,0.0,1.0,0.0,0.0,0.0
0.04,10,2,0.01,0.05,0.0004,True,0.010558059144043631,3,0.26666666666666666,0.21858128414340003,0.5416666666666666,0.25344843876242584,0.0,0.0,0.0,0.0,0.0,0.0,0.6530612244897959,0.3267431281230702,0.6666666666666666,0.33333333333333337,0.0,0.0,0.6530612244897959,0.3267431281230702,0.6666666666666666,0.33333333333333337,0.0,0.0
0.04,10,2,0.1,0.0,5e-05,True,0.00014300349646075093,3,0.03333333333333333,0.03333333333333334,0.8333333333333334,0.16666666666666666,0.0,0.0,0.0,0.0,0.0,0.0,0.3333333333333333,0.33333333333333337,0.3333333333333333,0.33333333333333337,0.0,0.0,0.3333333333333333,0.33333333333333337,0.3333333333333333,0.33333333333333337,0.0,0.0
0.04,10,2,0.1,0.0,0.0001,True,0.0002836370920736567,3,0.0,0.0,1.0,0.0,0.0,0.0,0.0,0.0,0.0,0.0,0.0,0.0,0.0,0.0,0.0,0.0,0.0,0.0,0.0,0.0,0.0,0.0
0.04,10,2,0.1,0.0,0.0004,True,0.0011315697062046156,3,0.0,0.0,1.0,0.0,0.0,0.0,0.0,0.0,0.0,0.0,0.0,0.0,0.0,0.0,0.0,0.0,0.0,0.0,0.0,0.0,0.0,0.0
0.04,10,2,0.1,0.01,5e-05,True,0.0021043199422362056,3,0.06666666666666667,0.06666666666666668,0.8333333333333334,0.16666666666666666,0.0,0.0,0.0,0.0,0.0,0.0,0.3333333333333333,0.33333333333333337,0.3333333333333333,0.33333333333333337,0.0,0.0,0.3333333333333333,0.33333333333333337,0.3333333333333333,0.33333333333333337,0.0,0.0
0.04,10,2,0.1,0.01,0.0001,True,0.0021185283616919053,3,0.0,0.0,1.0,0.0,0.0,0.0,0.0,0.0,0.0,0.0,0.0,0.0,0.0,0.0,0.0,0.0,0.0,0.0,0.0,0.0,0.0,0.0
0.04,10,2,0.1,0.01,0.0004,True,0.002384986880318839,3,0.0,0.0,1.0,0.0,0.0,0.0,0.0,0.0,0.0,0.0,0.0,0.0,0.0,0.0,0.0,0.0,0.0,0.0,0.0,0.0,0.0,0.0
0.04,10,2,0.1,0.05,5e-05,True,0.01049821951042763,3,0.0,0.0,1.0,0.0,0.0,0.0,0.0,0.0,0.0,0.0,0.0,0.0,0.0,0.0,0.0,0.0,0.0,0.0,0.0,0.0,0.0,0.0
0.04,10,2,0.1,0.05,0.0001,True,0.010501076749034994,3,0.03333333333333333,0.03333333333333334,0.8333333333333334,0.16666666666666666,0.0,0.0,0.0,0.0,0.0,0.0,0.3333333333333333,0.33333333333333337,0.3333333333333333,0.33333333333333337,0.0,0.0,0.3333333333333333,0.33333333333333337,0.3333333333333333,0.33333333333333337,0.0,0.0
0.04,10,2,0.1,0.05,0.0004,True,0.010558059144043631,3,0.13333333333333333,0.13333333333333336,0.7333333333333334,0.2666666666666667,0.0,0.0,0.0,0.0,0.0,0.0,0.3194444444444445,0.3194444444444445,0.3333333333333333,0.33333333333333337,0.0,0.0,0.3194444444444445,0.3194444444444445,0.3333333333333333,0.33333333333333337,0.0,0.0
0.04,10,3,0.0001,0.0,5e-05,True,0.00021319005605327846,3,0.0,0.0,0.0,0.0,0.0,0.0,0.0,0.0,0.0,0.0,0.0,0.0,0.0,0.0,0.0,0.0,0.0,0.0,0.0,0.0,0.0,0.0
0.04,10,3,0.0001,0.0,0.0001,True,0.0004247940677551889,3,0.0,0.0,0.0,0.0,0.0,0.0,0.0,0.0,0.0,0.0,0.0,0.0,0.0,0.0,0.0,0.0,0.0,0.0,0.0,0.0,0.0,0.0
0.04,10,3,0.0001,0.0,0.0004,True,0.0016971888521905864,3,0.0,0.0,0.0,0.0,0.0,0.0,0.0,0.0,0.0,0.0,0.0,0.0,0.0,0.0,0.0,0.0,0.0,0.0,0.0,0.0,0.0,0.0
0.04,10,3,0.0001,0.01,5e-05,True,0.003156390328808629,3,0.0,0.0,0.0,0.0,0.0,0.0,0.0,0.0,0.0,0.0,0.0,0.0,0.0,0.0,0.0,0.0,0.0,0.0,0.0,0.0,0.0,0.0
0.04,10,3,0.0001,0.01,0.0001,True,0.0031777035588293387,3,0.0,0.0,0.0,0.0,0.0,0.0,0.0,0.0,0.0,0.0,0.0,0.0,0.0,0.0,0.0,0.0,0.0,0.0,0.0,0.0,0.0,0.0
0.04,10,3,0.0001,0.01,0.0004,True,0.00357740127855356,3,0.0,0.0,0.0,0.0,0.0,0.0,0.0,0.0,0.0,0.0,0.0,0.0,0.0,0.0,0.0,0.0,0.0,0.0,0.0,0.0,0.0,0.0
0.04,10,3,0.0001,0.05,5e-05,True,0.015747251165976188,3,0.0,0.0,0.3333333333333333,0.33333333333333337,0.0,0.0,0.0,0.0,0.0,0.0,0.0,0.0,0.0,0.0,0.0,0.0,0.0,0.0,0.0,0.0,0.0,0.0
0.04,10,3,0.0001,0.05,0.0001,True,0.015751537045137484,3,0.0,0.0,1.0,0.0,0.0,0.0,0.0,0.0,0.0,0.0,0.0,0.0,0.0,0.0,0.0,0.0,0.0,0.0,0.0,0.0,0.0,0.0
0.04,10,3,0.0001,0.05,0.0004,True,0.015837011059045784,3,0.0,0.0,0.6666666666666666,0.33333333333333337,0.0,0.0,0.0,0.0,0.0,0.0,0.0,0.0,0.0,0.0,0.0,0.0,0.0,0.0,0.0,0.0,0.0,0.0
0.04,10,3,0.001,0.0,5e-05,True,0.00021319005605327846,3,0.9333333333333332,0.06666666666666667,0.037037037037037035,0.037037037037037035,0.0,0.0,0.0,0.0,0.0,0.0,1.0,0.0,1.0,0.0,0.0,0.0,1.0,0.0,1.0,0.0,0.0,0.0
0.04,10,3,0.001,0.0,0.0001,True,0.0004247940677551889,3,1.0,0.0,0.0,0.0,0.0,0.0,0.0,0.0,0.0,0.0,1.0,0.0,1.0,0.0,0.0,0.0,1.0,0.0,1.0,0.0,0.0,0.0
0.04,10,3,0.001,0.0,0.0004,True,0.0016971888521905864,3,0.0,0.0,0.0,0.0,0.0,0.0,0.0,0.0,0.0,0.0,0.0,0.0,0.0,0.0,0.0,0.0,0.0,0.0,0.0,0.0,0.0,0.0
0.04,10,3,0.001,0.01,5e-05,True,0.003156390328808629,3,0.0,0.0,0.0,0.0,0.0,0.0,0.0,0.0,0.0,0.0,0.0,0.0,0.0,0.0,0.0,0.0,0.0,0.0,0.0,0.0,0.0,0.0
0.04,10,3,0.001,0.01,0.0001,True,0.0031777035588293387,3,0.0,0.0,0.0,0.0,0.0,0.0,0.0,0.0,0.0,0.0,0.0,0.0,0.0,0.0,0.0,0.0,0.0,0.0,0.0,0.0,0.0,0.0
0.04,10,3,0.001,0.01,0.0004,True,0.00357740127855356,3,0.0,0.0,0.3333333333333333,0.33333333333333337,0.0,0.0,0.0,0.0,0.0,0.0,0.0,0.0,0.0,0.0,0.0,0.0,0.0,0.0,0.0,0.0,0.0,0.0
0.04,10,3,0.001,0.05,5e-05,True,0.015747251165976188,3,0.0,0.0,1.0,0.0,0.0,0.0,0.0,0.0,0.0,0.0,0.0,0.0,0.0,0.0,0.0,0.0,0.0,0.0,0.0,0.0,0.0,0.0
0.04,10,3,0.001,0.05,0.0001,True,0.015751537045137484,3,0.03333333333333333,0.03333333333333334,0.8333333333333334,0.16666666666666666,0.0,0.0,0.0,0.0,0.0,0.0,0.25,0.25,0.19999999999999998,0.2,0.0,0.0,0.25,0.25,0.19999999999999998,0.2,0.0,0.0
0.04,10,3,0.001,0.05,0.0004,True,0.015837011059045784,3,0.0,0.0,1.0,0.0,0.0,0.0,0.0,0.0,0.0,0.0,0.0,0.0,0.0,0.0,0.0,0.0,0.0,0.0,0.0,0.0,0.0,0.0
0.04,10,3,0.01,0.0,5e-05,True,0.00021319005605327846,3,1.0,0.0,0.0,0.0,0.0,0.0,0.0,0.0,0.0,0.0,1.0,0.0,1.0,0.0,0.0,0.0,1.0,0.0,1.0,0.0,0.0,0.0
0.04,10,3,0.01,0.0,0.0001,True,0.0004247940677551889,3,1.0,0.0,0.0,0.0,0.0,0.0,0.0,0.0,0.0,0.0,1.0,0.0,1.0,0.0,0.0,0.0,1.0,0.0,1.0,0.0,0.0,0.0
0.04,10,3,0.01,0.0,0.0004,True,0.0016971888521905864,3,0.9333333333333332,0.06666666666666667,0.037037037037037035,0.037037037037037035,0.0,0.0,0.0,0.0,0.0,0.0,1.0,0.0,1.0,0.0,0.0,0.0,1.0,0.0,1.0,0.0,0.0,0.0
0.04,10,3,0.01,0.01,5e-05,True,0.003156390328808629,3,1.0,0.0,0.0,0.0,0.0,0.0,0.0,0.0,0.0,0.0,1.0,0.0,1.0,0.0,0.0,0.0,1.0,0.0,1.0,0.0,0.0,0.0
0.04,10,3,0.01,0.01,0.0001,True,0.0031777035588293387,3,0.6666666666666666,0.33333333333333337,0.3333333333333333,0.33333333333333337,0.0,0.0,0.0,0.0,0.0,0.0,0.6666666666666666,0.33333333333333337,0.6666666666666666,0.33333333333333337,0.0,0.0,0.6666666666666666,0.33333333333333337,0.6666666666666666,0.33333333333333337,0.0,0.0
0.04,10,3,0.01,0.01,0.0004,True,0.00357740127855356,3,0.9,0.10000000000000002,0.041666666666666664,0.04166666666666667,0.0,0.0,0.0,0.0,0.0,0.0,1.0,0.0,1.0,0.0,0.0,0.0,1.0,0.0,1.0,0.0,0.0,0.0
0.04,10,3,0.01,0.05,5e-05,True,0.015747251165976188,3,0.0,0.0,0.3333333333333333,0.33333333333333337,0.0,0.0,0.0,0.0,0.0,0.0,0.0,0.0,0.0,0.0,0.0,0.0,0.0,0.0,0.0,0.0,0.0,0.0
0.04,10,3,0.01,0.05,0.0001,True,0.015751537045137484,3,0.0,0.0,0.6666666666666666,0.33333333333333337,0.0,0.0,0.0,0.0,0.0,0.0,0.0,0.0,0.0,0.0,0.0,0.0,0.0,0.0,0.0,0.0,0.0,0.0
0.04,10,3,0.01,0.05,0.0004,True,0.015837011059045784,3,0.03333333333333333,0.03333333333333334,0.9166666666666666,0.08333333333333334,0.0,0.0,0.0,0.0,0.0,0.0,0.2777777777777778,0.27777777777777785,0.3333333333333333,0.33333333333333337,0.0,0.0,0.2777777777777778,0.27777777777777785,0.3333333333333333,0.33333333333333337,0.0,0.0
0.04,10,3,0.1,0.0,5e-05,True,0.00021319005605327846,3,0.0,0.0,1.0,0.0,0.0,0.0,0.0,0.0,0.0,0.0,0.0,0.0,0.0,0.0,0.0,0.0,0.0,0.0,0.0,0.0,0.0,0.0
0.04,10,3,0.1,0.0,0.0001,True,0.0004247940677551889,3,0.03333333333333333,0.03333333333333334,0.8333333333333334,0.16666666666666666,0.0,0.0,0.0,0.0,0.0,0.0,0.2777777777777778,0.27777777777777785,0.3333333333333333,0.33333333333333337,0.0,0.0,0.2777777777777778,0.27777777777777785,0.3333333333333333,0.33333333333333337,0.0,0.0
0.04,10,3,0.1,0.0,0.0004,True,0.0016971888521905864,3,0.06666666666666667,0.06666666666666668,0.7777777777777777,0.22222222222222224,0.0,0.0,0.0,0.0,0.0,0.0,0.3333333333333333,0.33333333333333337,0.26666666666666666,0.2666666666666667,0.0,0.0,0.3333333333333333,0.33333333333333337,0.26666666666666666,0.2666666666666667,0.0,0.0
0.04,10,3,0.1,0.01,5e-05,True,0.003156390328808629,3,0.03333333333333333,0.03333333333333334,0.8333333333333334,0.16666666666666666,0.0,0.0,0.0,0.0,0.0,0.0,0.3333333333333333,0.33333333333333337,0.3333333333333333,0.33333333333333337,0.0,0.0,0.3333333333333333,0.33333333333333337,0.3333333333333333,0.33333333333333337,0.0,0.0
0.04,10,3,0.1,0.01,0.0001,True,0.0031777035588293387,3,0.09999999999999999,0.1,0.75,0.25,0.0,0.0,0.0,0.0,0.0,0.0,0.3333333333333333,0.33333333333333337,0.3333333333333333,0.33333333333333337,0.0,0.0,0.3333333333333333,0.33333333333333337,0.3333333333333333,0.33333333333333337,0.0,0.0
0.04,10,3,0.1,0.01,0.0004,True,0.00357740127855356,3,0.0,0.0,1.0,0.0,0.0,0.0,0.0,0.0,0.0,0.0,0.0,0.0,0.0,0.0,0.0,0.0,0.0,0.0,0.0,0.0,0.0,0.0
0.04,10,3,0.1,0.05,5e-05,True,0.015747251165976188,3,0.0,0.0,1.0,0.0,0.0,0.0,0.0,0.0,0.0,0.0,0.0,0.0,0.0,0.0,0.0,0.0,0.0,0.0,0.0,0.0,0.0,0.0
0.04,10,3,0.1,0.05,0.0001,True,0.015751537045137484,3,0.0,0.0,1.0,0.0,0.0,0.0,0.0,0.0,0.0,0.0,0.0,0.0,0.0,0.0,0.0,0.0,0.0,0.0,0.0,0.0,0.0,0.0
0.04,10,3,0.1,0.05,0.0004,True,0.015837011059045784,3,0.0,0.0,1.0,0.0,0.0,0.0,0.0,0.0,0.0,0.0,0.0,0.0,0.0,0.0,0.0,0.0,0.0,0.0,0.0,0.0,0.0,0.0
0.04,10,5,0.0001,0.0,5e-05,True,0.00035418921496849676,3,0.0,0.0,0.0,0.0,0.0,0.0,0.0,0.0,0.0,0.0,0.0,0.0,0.0,0.0,0.0,0.0,0.0,0.0,0.0,0.0,0.0,0.0
0.04,10,5,0.0001,0.0,0.0001,True,0.0007074249076757193,3,0.0,0.0,0.0,0.0,0.0,0.0,0.0,0.0,0.0,0.0,0.0,0.0,0.0,0.0,0.0,0.0,0.0,0.0,0.0,0.0,0.0,0.0
0.04,10,5,0.0001,0.0,0.0004,True,0.00282850667314044,3,0.0,0.0,0.0,0.0,0.0,0.0,0.0,0.0,0.0,0.0,0.0,0.0,0.0,0.0,0.0,0.0,0.0,0.0,0.0,0.0,0.0,0.0
0.04,10,5,0.0001,0.01,5e-05,True,0.0052605719465796666,3,0.0,0.0,1.0,0.0,0.0,0.0,0.0,0.0,0.0,0.0,0.0,0.0,0.0,0.0,0.0,0.0,0.0,0.0,0.0,0.0,0.0,0.0
0.04,10,5,0.0001,0.01,0.0001,True,0.005296094523811011,3,0.0,0.0,0.3333333333333333,0.33333333333333337,0.0,0.0,0.0,0.0,0.0,0.0,0.0,0.0,0.0,0.0,0.0,0.0,0.0,0.0,0.0,0.0,0.0,0.0
0.04,10,5,0.0001,0.01,0.0004,True,0.005962266113244274,3,0.0,0.0,0.0,0.0,0.0,0.0,0.0,0.0,0.0,0.0,0.0,0.0,0.0,0.0,0.0,0.0,0.0,0.0,0.0,0.0,0.0,0.0
0.04,10,5,0.0001,0.05,5e-05,True,0.026245082101060847,3,0.0,0.0,1.0,0.0,0.0,0.0,0.0,0.0,0.0,0.0,0.0,0.0,0.0,0.0,0.0,0.0,0.0,0.0,0.0,0.0,0.0,0.0
0.04,10,5,0.0001,0.05,0.0001,True,0.02625222532455914,3,0.0,0.0,1.0,0.0,0.0,0.0,0.0,0.0,0.0,0.0,0.0,0.0,0.0,0.0,0.0,0.0,0.0,0.0,0.0,0.0,0.0,0.0
0.04,10,5,0.0001,0.05,0.0004,True,0.02639468383010913,3,0.0,0.0,1.0,0.0,0.0,0.0,0.0,0.0,0.0,0.0,0.0,0.0,0.0,0.0,0.0,0.0,0.0,0.0,0.0,0.0,0.0,0.0
0.04,10,5,0.001,0.0,5e-05,True,0.00035418921496849676,3,1.0,0.0,0.0,0.0,0.0,0.0,0.0,0.0,0.0,0.0,1.0,0.0,1.0,0.0,0.0,0.0,1.0,0.0,1.0,0.0,0.0,0.0
0.04,10,5,0.001,0.0,0.0001,True,0.0007074249076757193,3,1.0,0.0,0.0,0.0,0.0,0.0,0.0,0.0,0.0,0.0,1.0,0.0,1.0,0.0,0.0,0.0,1.0,0.0,1.0,0.0,0.0,0.0
0.04,10,5,0.001,0.0,0.0004,True,0.00282850667314044,3,0.0,0.0,0.0,0.0,0.0,0.0,0.0,0.0,0.0,0.0,0.0,0.0,0.0,0.0,0.0,0.0,0.0,0.0,0.0,0.0,0.0,0.0
0.04,10,5,0.001,0.01,5e-05,True,0.0052605719465796666,3,0.0,0.0,0.3333333333333333,0.33333333333333337,0.0,0.0,0.0,0.0,0.0,0.0,0.0,0.0,0.0,0.0,0.0,0.0,0.0,0.0,0.0,0.0,0.0,0.0
0.04,10,5,0.001,0.01,0.0001,True,0.005296094523811011,3,0.0,0.0,0.0,0.0,0.0,0.0,0.0,0.0,0.0,0.0,0.0,0.0,0.0,0.0,0.0,0.0,0.0,0.0,0.0,0.0,0.0,0.0
0.04,10,5,0.001,0.01,0.0004,True,0.005962266113244274,3,0.0,0.0,0.6666666666666666,0.33333333333333337,0.0,0.0,0.0,0.0,0.0,0.0,0.0,0.0,0.0,0.0,0.0,0.0,0.0,0.0,0.0,0.0,0.0,0.0
0.04,10,5,0.001,0.05,5e-05,True,0.026245082101060847,3,0.0,0.0,1.0,0.0,0.0,0.0,0.0,0.0,0.0,0.0,0.0,0.0,0.0,0.0,0.0,0.0,0.0,0.0,0.0,0.0,0.0,0.0
0.04,10,5,0.001,0.05,0.0001,True,0.02625222532455914,3,0.0,0.0,0.6666666666666666,0.33333333333333337,0.0,0.0,0.0,0.0,0.0,0.0,0.0,0.0,0.0,0.0,0.0,0.0,0.0,0.0,0.0,0.0,0.0,0.0
0.04,10,5,0.001,0.05,0.0004,True,0.02639468383010913,3,0.0,0.0,1.0,0.0,0.0,0.0,0.0,0.0,0.0,0.0,0.0,0.0,0.0,0.0,0.0,0.0,0.0,0.0,0.0,0.0,0.0,0.0
0.04,10,5,0.01,0.0,5e-05,True,0.00035418921496849676,3,0.9333333333333332,0.06666666666666667,0.037037037037037035,0.037037037037037035,0.0,0.0,0.0,0.0,0.0,0.0,1.0,0.0,1.0,0.0,0.0,0.0,1.0,0.0,1.0,0.0,0.0,0.0
0.04,10,5,0.01,0.0,0.0001,True,0.0007074249076757193,3,1.0,0.0,0.0,0.0,0.0,0.0,0.0,0.0,0.0,0.0,1.0,0.0,1.0,0.0,0.0,0.0,1.0,0.0,1.0,0.0,0.0,0.0
0.04,10,5,0.01,0.0,0.0004,True,0.00282850667314044,3,0.6333333333333333,0.18559214542766742,0.12222222222222223,0.06186404847588914,0.0,0.0,0.0,0.0,0.0,0.0,1.0,0.0,1.0,0.0,0.0,0.0,1.0,0.0,1.0,0.0,0.0,0.0
0.04,10,5,0.01,0.01,5e-05,True,0.0052605719465796666,3,0.9,0.10000000000000002,0.041666666666666664,0.04166666666666667,0.0,0.0,0.0,0.0,0.0,0.0,1.0,0.0,1.0,0.0,0.0,0.0,1.0,0.0,1.0,0.0,0.0,0.0
0.04,10,5,0.01,0.01,0.0001,True,0.005296094523811011,3,0.8333333333333334,0.0881917103688197,0.0787037037037037,0.039555572894988573,0.0,0.0,0.0,0.0,0.0,0.0,1.0,0.0,1.0,0.0,0.0,0.0,1.0,0.0,1.0,0.0,0.0,0.0
0.04,10,5,0.01,0.01,0.0004,True,0.005962266113244274,3,0.5666666666666668,0.2603416558635552,0.25,0.14433756729740646,0.0,0.0,0.0,0.0,0.0,0.0,1.0,0.0,1.0,0.0,0.0,0.0,1.0,0.0,1.0,0.0,0.0,0.0
0.04,10,5,0.01,0.05,5e-05,True,0.026245082101060847,3,0.0,0.0,1.0,0.0,0.0,0.0,0.0,0.0,0.0,0.0,0.0,0.0,0.0,0.0,0.0,0.0,0.0,0.0,0.0,0.0,0.0,0.0
0.04,10,5,0.01,0.05,0.0001,True,0.02625222532455914,3,0.0,0.0,1.0,0.0,0.0,0.0,0.0,0.0,0.0,0.0,0.0,0.0,0.0,0.0,0.0,0.0,0.0,0.0,0.0,0.0,0.0,0.0
0.04,10,5,0.01,0.05,0.0004,True,0.02639468383010913,3,0.0,0.0,1.0,0.0,0.0,0.0,0.0,0.0,0.0,0.0,0.0,0.0,0.0,0.0,0.0,0.0,0.0,0.0,0.0,0.0,0.0,0.0
0.04,10,5,0.1,0.0,5e-05,True,0.00035418921496849676,3,0.0,0.0,1.0,0.0,0.0,0.0,0.0,0.0,0.0,0.0,0.0,0.0,0.0,0.0,0.0,0.0,0.0,0.0,0.0,0.0,0.0,0.0
0.04,10,5,0.1,0.0,0.0001,True,0.0007074249076757193,3,0.0,0.0,0.6666666666666666,0.33333333333333337,0.0,0.0,0.0,0.0,0.0,0.0,0.0,0.0,0.0,0.0,0.0,0.0,0.0,0.0,0.0,0.0,0.0,0.0
0.04,10,5,0.1,0.0,0.0004,True,0.00282850667314044,3,0.0,0.0,1.0,0.0,0.0,0.0,0.0,0.0,0.0,0.0,0.0,0.0,0.0,0.0,0.0,0.0,0.0,0.0,0.0,0.0,0.0,0.0
0.04,10,5,0.1,0.01,5e-05,True,0.0052605719465796666,3,0.0,0.0,1.0,0.0,0.0,0.0,0.0,0.0,0.0,0.0,0.0,0.0,0.0,0.0,0.0,0.0,0.0,0.0,0.0,0.0,0.0,0.0
0.04,10,5,0.1,0.01,0.0001,True,0.005296094523811011,3,0.03333333333333333,0.03333333333333334,0.3333333333333333,0.33333333333333337,0.0,0.0,0.0,0.0,0.0,0.0,0.3333333333333333,0.33333333333333337,0.26666666666666666,0.2666666666666667,0.0,0.0,0.3333333333333333,0.33333333333333337,0.26666666666666666,0.2666666666666667,0.0,0.0
0.04,10,5,0.1,0.01,0.0004,True,0.005962266113244274,3,0.0,0.0,1.0,0.0,0.0,0.0,0.0,0.0,0.0,0.0,0.0,0.0,0.0,0.0,0.0,0.0,0.0,0.0,0.0,0.0,0.0,0.0
0.04,10,5,0.1,0.05,5e-05,True,0.026245082101060847,3,0.0,0.0,1.0,0.0,0.0,0.0,0.0,0.0,0.0,0.0,0.0,0.0,0.0,0.0,0.0,0.0,0.0,0.0,0.0,0.0,0.0,0.0
0.04,10,5,0.1,0.05,0.0001,True,0.02625222532455914,3,0.03333333333333333,0.03333333333333334,0.8888888888888888,0.11111111111111113,0.0,0.0,0.0,0.0,0.0,0.0,0.3333333333333333,0.33333333333333337,0.3333333333333333,0.33333333333333337,0.0,0.0,0.3333333333333333,0.33333333333333337,0.3333333333333333,0.33333333333333337,0.0,0.0
0.04,10,5,0.1,0.05,0.0004,True,0.02639468383010913,3,0.0,0.0,1.0,0.0,0.0,0.0,0.0,0.0,0.0,0.0,0.0,0.0,0.0,0.0,0.0,0.0,0.0,0.0,0.0,0.0,0.0,0.0
0.04,10,10,0.0001,0.0,5e-05,True,0.0007074249076757193,3,0.0,0.0,0.0,0.0,0.0,0.0,0.0,0.0,0.0,0.0,0.0,0.0,0.0,0.0,0.0,0.0,0.0,0.0,0.0,0.0,0.0,0.0
0.04,10,10,0.0001,0.0,0.0001,True,0.0014143726524505486,3,0.0,0.0,0.0,0.0,0.0,0.0,0.0,0.0,0.0,0.0,0.0,0.0,0.0,0.0,0.0,0.0,0.0,0.0,0.0,0.0,0.0,0.0
0.04,10,10,0.0001,0.0,0.0004,True,0.005656894024108989,3,0.0,0.0,0.3333333333333333,0.33333333333333337,0.0,0.0,0.0,0.0,0.0,0.0,0.0,0.0,0.0,0.0,0.0,0.0,0.0,0.0,0.0,0.0,0.0,0.0
0.04,10,10,0.0001,0.01,5e-05,True,0.010521055692710848,3,0.0,0.0,0.6666666666666666,0.33333333333333337,0.0,0.0,0.0,0.0,0.0,0.0,0.0,0.0,0.0,0.0,0.0,0.0,0.0,0.0,0.0,0.0,0.0,0.0
0.04,10,10,0.0001,0.01,0.0001,True,0.010592101438766688,3,0.0,0.0,0.6666666666666666,0.33333333333333337,0.0,0.0,0.0,0.0,0.0,0.0,0.0,0.0,0.0,0.0,0.0,0.0,0.0,0.0,0.0,0.0,0.0,0.0
0.04,10,10,0.0001,0.01,0.0004,True,0.011924454406350142,3,0.0,0.0,0.0,0.0,0.0,0.0,0.0,0.0,0.0,0.0,0.0,0.0,0.0,0.0,0.0,0.0,0.0,0.0,0.0,0.0,0.0,0.0
0.04,10,10,0.0001,0.05,5e-05,True,0.05248713983049625,3,0.0,0.0,1.0,0.0,0.0,0.0,0.0,0.0,0.0,0.0,0.0,0.0,0.0,0.0,0.0,0.0,0.0,0.0,0.0,0.0,0.0,0.0
0.04,10,10,0.0001,0.05,0.0001,True,0.052501427100470954,3,0.0,0.0,1.0,0.0,0.0,0.0,0.0,0.0,0.0,0.0,0.0,0.0,0.0,0.0,0.0,0.0,0.0,0.0,0.0,0.0,0.0,0.0
0.04,10,10,0.0001,0.05,0.0004,True,0.05278636043132796,3,0.0,0.0,1.0,0.0,0.0,0.0,0.0,0.0,0.0,0.0,0.0,0.0,0.0,0.0,0.0,0.0,0.0,0.0,0.0,0.0,0.0,0.0
0.04,10,10,0.001,0.0,5e-05,True,0.0007074249076757193,3,0.9333333333333332,0.06666666666666665,0.037037037037037035,0.037037037037037035,0.0,0.0,0.0,0.0,0.0,0.0,1.0,0.0,1.0,0.0,0.0,0.0,1.0,0.0,1.0,0.0,0.0,0.0
0.04,10,10,0.001,0.0,0.0001,True,0.0014143726524505486,3,0.0,0.0,0.0,0.0,0.0,0.0,0.0,0.0,0.0,0.0,0.0,0.0,0.0,0.0,0.0,0.0,0.0,0.0,0.0,0.0,0.0,0.0
0.04,10,10,0.001,0.0,0.0004,True,0.005656894024108989,3,0.0,0.0,0.3333333333333333,0.33333333333333337,0.0,0.0,0.0,0.0,0.0,0.0,0.0,0.0,0.0,0.0,0.0,0.0,0.0,0.0,0.0,0.0,0.0,0.0
0.04,10,10,0.001,0.01,5e-05,True,0.010521055692710848,3,0.06666666666666667,0.06666666666666668,0.4444444444444444,0.2939723678960657,0.0,0.0,0.0,0.0,0.0,0.0,0.25,0.25,0.19999999999999998,0.2,0.0,0.0,0.25,0.25,0.19999999999999998,0.2,0.0,0.0
0.04,10,10,0.001,0.01,0.0001,True,0.010592101438766688,3,0.0,0.0,0.6666666666666666,0.33333333333333337,0.0,0.0,0.0,0.0,0.0,0.0,0.0,0.0,0.0,0.0,0.0,0.0,0.0,0.0,0.0,0.0,0.0,0.0
0.04,10,10,0.001,0.01,0.0004,True,0.011924454406350142,3,0.0,0.0,0.6666666666666666,0.33333333333333337,0.0,0.0,0.0,0.0,0.0,0.0,0.0,0.0,0.0,0.0,0.0,0.0,0.0,0.0,0.0,0.0,0.0,0.0
0.04,10,10,0.001,0.05,5e-05,True,0.05248713983049625,3,0.0,0.0,0.6666666666666666,0.33333333333333337,0.0,0.0,0.0,0.0,0.0,0.0,0.0,0.0,0.0,0.0,0.0,0.0,0.0,0.0,0.0,0.0,0.0,0.0
0.04,10,10,0.001,0.05,0.0001,True,0.052501427100470954,3,0.0,0.0,1.0,0.0,0.0,0.0,0.0,0.0,0.0,0.0,0.0,0.0,0.0,0.0,0.0,0.0,0.0,0.0,0.0,0.0,0.0,0.0
0.04,10,10,0.001,0.05,0.0004,True,0.05278636043132796,3,0.0,0.0,1.0,0.0,0.0,0.0,0.0,0.0,0.0,0.0,0.0,0.0,0.0,0.0,0.0,0.0,0.0,0.0,0.0,0.0,0.0,0.0
0.04,10,10,0.01,0.0,5e-05,True,0.0007074249076757193,3,0.3666666666666667,0.3179797338056486,0.5,0.2886751345948129,0.0,0.0,0.0,0.0,0.0,0.0,0.6666666666666666,0.33333333333333337,0.6666666666666666,0.33333333333333337,0.0,0.0,0.6666666666666666,0.33333333333333337,0.6666666666666666,0.33333333333333337,0.0,0.0
0.04,10,10,0.01,0.0,0.0001,True,0.0014143726524505486,3,0.7333333333333334,0.2666666666666667,0.16666666666666666,0.16666666666666669,0.0,0.0,0.0,0.0,0.0,0.0,1.0,0.0,1.0,0.0,0.0,0.0,1.0,0.0,1.0,0.0,0.0,0.0
0.04,10,10,0.01,0.0,0.0004,True,0.005656894024108989,3,0.5666666666666667,0.23333333333333334,0.25555555555555554,0.17881641043812313,0.0,0.0,0.0,0.0,0.0,0.0,1.0,0.0,1.0,0.0,0.0,0.0,1.0,0.0,1.0,0.0,0.0,0.0
0.04,10,10,0.01,0.01,5e-05,True,0.010521055692710848,3,0.0,0.0,0.6666666666666666,0.33333333333333337,0.0,0.0,0.0,0.0,0.0,0.0,0.0,0.0,0.0,0.0,0.0,0.0,0.0,0.0,0.0,0.0,0.0,0.0
0.04,10,10,0.01,0.01,0.0001,True,0.010592101438766688,3,0.0,0.0,0.3333333333333333,0.33333333333333337,0.0,0.0,0.0,0.0,0.0,0.0,0.0,0.0,0.0,0.0,0.0,0.0,0.0,0.0,0.0,0.0,0.0,0.0
0.04,10,10,0.01,0.01,0.0004,True,0.011924454406350142,3,0.0,0.0,0.0,0.0,0.0,0.0,0.0,0.0,0.0,0.0,0.0,0.0,0.0,0.0,0.0,0.0,0.0,0.0,0.0,0.0,0.0,0.0
0.04,10,10,0.01,0.05,5e-05,True,0.05248713983049625,3,0.0,0.0,1.0,0.0,0.0,0.0,0.0,0.0,0.0,0.0,0.0,0.0,0.0,0.0,0.0,0.0,0.0,0.0,0.0,0.0,0.0,0.0
0.04,10,10,0.01,0.05,0.0001,True,0.052501427100470954,3,0.0,0.0,1.0,0.0,0.0,0.0,0.0,0.0,0.0,0.0,0.0,0.0,0.0,0.0,0.0,0.0,0.0,0.0,0.0,0.0,0.0,0.0
0.04,10,10,0.01,0.05,0.0004,True,0.05278636043132796,3,0.0,0.0,1.0,0.0,0.0,0.0,0.0,0.0,0.0,0.0,0.0,0.0,0.0,0.0,0.0,0.0,0.0,0.0,0.0,0.0,0.0,0.0
0.04,10,10,0.1,0.0,5e-05,True,0.0007074249076757193,3,0.0,0.0,1.0,0.0,0.0,0.0,0.0,0.0,0.0,0.0,0.0,0.0,0.0,0.0,0.0,0.0,0.0,0.0,0.0,0.0,0.0,0.0
0.04,10,10,0.1,0.0,0.0001,True,0.0014143726524505486,3,0.0,0.0,1.0,0.0,0.0,0.0,0.0,0.0,0.0,0.0,0.0,0.0,0.0,0.0,0.0,0.0,0.0,0.0,0.0,0.0,0.0,0.0
0.04,10,10,0.1,0.0,0.0004,True,0.005656894024108989,3,0.03333333333333333,0.03333333333333334,0.9166666666666666,0.08333333333333334,0.0,0.0,0.0,0.0,0.0,0.0,0.3333333333333333,0.33333333333333337,0.3333333333333333,0.33333333333333337,0.0,0.0,0.3333333333333333,0.33333333333333337,0.3333333333333333,0.33333333333333337,0.0,0.0
0.04,10,10,0.1,0.01,5e-05,True,0.010521055692710848,3,0.0,0.0,1.0,0.0,0.0,0.0,0.0,0.0,0.0,0.0,0.0,0.0,0.0,0.0,0.0,0.0,0.0,0.0,0.0,0.0,0.0,0.0
0.04,10,10,0.1,0.01,0.0001,True,0.010592101438766688,3,0.0,0.0,1.0,0.0,0.0,0.0,0.0,0.0,0.0,0.0,0.0,0.0,0.0,0.0,0.0,0.0,0.0,0.0,0.0,0.0,0.0,0.0
0.04,10,10,0.1,0.01,0.0004,True,0.011924454406350142,3,0.0,0.0,1.0,0.0,0.0,0.0,0.0,0.0,0.0,0.0,0.0,0.0,0.0,0.0,0.0,0.0,0.0,0.0,0.0,0.0,0.0,0.0
0.04,10,10,0.1,0.05,5e-05,True,0.05248713983049625,3,0.0,0.0,1.0,0.0,0.0,0.0,0.0,0.0,0.0,0.0,0.0,0.0,0.0,0.0,0.0,0.0,0.0,0.0,0.0,0.0,0.0,0.0
0.04,10,10,0.1,0.05,0.0001,True,0.052501427100470954,3,0.0,0.0,1.0,0.0,0.0,0.0,0.0,0.0,0.0,0.0,0.0,0.0,0.0,0.0,0.0,0.0,0.0,0.0,0.0,0.0,0.0,0.0
0.04,10,10,0.1,0.05,0.0004,True,0.05278636043132796,3,0.0,0.0,1.0,0.0,0.0,0.0,0.0,0.0,0.0,0.0,0.0,0.0,0.0,0.0,0.0,0.0,0.0,0.0,0.0,0.0,0.0,0.0
0.04,10,20,0.0001,0.0,5e-05,True,0.0014143726524505486,3,0.0,0.0,0.0,0.0,0.0,0.0,0.0,0.0,0.0,0.0,0.0,0.0,0.0,0.0,0.0,0.0,0.0,0.0,0.0,0.0,0.0,0.0
0.04,10,20,0.0001,0.0,0.0001,True,0.00282850667314044,3,0.0,0.0,0.0,0.0,0.0,0.0,0.0,0.0,0.0,0.0,0.0,0.0,0.0,0.0,0.0,0.0,0.0,0.0,0.0,0.0,0.0,0.0
0.04,10,20,0.0001,0.0,0.0004,True,0.011313728386345501,3,0.0,0.0,1.0,0.0,0.0,0.0,0.0,0.0,0.0,0.0,0.0,0.0,0.0,0.0,0.0,0.0,0.0,0.0,0.0,0.0,0.0,0.0
0.04,10,20,0.0001,0.01,5e-05,True,0.02104188696070639,3,0.0,0.0,1.0,0.0,0.0,0.0,0.0,0.0,0.0,0.0,0.0,0.0,0.0,0.0,0.0,0.0,0.0,0.0,0.0,0.0,0.0,0.0
0.04,10,20,0.0001,0.01,0.0001,True,0.02118397995814633,3,0.0,0.0,1.0,0.0,0.0,0.0,0.0,0.0,0.0,0.0,0.0,0.0,0.0,0.0,0.0,0.0,0.0,0.0,0.0,0.0,0.0,0.0
0.04,10,20,0.0001,0.01,0.0004,True,0.02384871080094573,3,0.0,0.0,0.6666666666666666,0.33333333333333337,0.0,0.0,0.0,0.0,0.0,0.0,0.0,0.0,0.0,0.0,0.0,0.0,0.0,0.0,0.0,0.0,0.0,0.0
0.04,10,20,0.0001,0.05,5e-05,True,0.1049501935691241,3,0.0,0.0,1.0,0.0,0.0,0.0,0.0,0.0,0.0,0.0,0.0,0.0,0.0,0.0,0.0,0.0,0.0,0.0,0.0,0.0,0.0,0.0
0.04,10,20,0.0001,0.05,0.0001,True,0.10497877466515133,3,0.0,0.0,1.0,0.0,0.0,0.0,0.0,0.0,0.0,0.0,0.0,0.0,0.0,0.0,0.0,0.0,0.0,0.0,0.0,0.0,0.0,0.0
0.04,10,20,0.0001,0.05,0.0004,True,0.10554877133437707,3,0.0,0.0,1.0,0.0,0.0,0.0,0.0,0.0,0.0,0.0,0.0,0.0,0.0,0.0,0.0,0.0,0.0,0.0,0.0,0.0,0.0,0.0
0.04,10,20,0.001,0.0,5e-05,True,0.0014143726524505486,3,0.0,0.0,0.0,0.0,0.0,0.0,0.0,0.0,0.0,0.0,0.0,0.0,0.0,0.0,0.0,0.0,0.0,0.0,0.0,0.0,0.0,0.0
0.04,10,20,0.001,0.0,0.0001,True,0.00282850667314044,3,0.0,0.0,0.3333333333333333,0.33333333333333337,0.0,0.0,0.0,0.0,0.0,0.0,0.0,0.0,0.0,0.0,0.0,0.0,0.0,0.0,0.0,0.0,0.0,0.0
0.04,10,20,0.001,0.0,0.0004,True,0.011313728386345501,3,0.0,0.0,0.6666666666666666,0.33333333333333337,0.0,0.0,0.0,0.0,0.0,0.0,0.0,0.0,0.0,0.0,0.0,0.0,0.0,0.0,0.0,0.0,0.0,0.0
0.04,10,20,0.001,0.01,5e-05,True,0.02104188696070639,3,0.0,0.0,0.6666666666666666,0.33333333333333337,0.0,0.0,0.0,0.0,0.0,0.0,0.0,0.0,0.0,0.0,0.0,0.0,0.0,0.0,0.0,0.0,0.0,0.0
0.04,10,20,0.001,0.01,0.0001,True,0.02118397995814633,3,0.0,0.0,1.0,0.0,0.0,0.0,0.0,0.0,0.0,0.0,0.0,0.0,0.0,0.0,0.0,0.0,0.0,0.0,0.0,0.0,0.0,0.0
0.04,10,20,0.001,0.01,0.0004,True,0.02384871080094573,3,0.0,0.0,1.0,0.0,0.0,0.0,0.0,0.0,0.0,0.0,0.0,0.0,0.0,0.0,0.0,0.0,0.0,0.0,0.0,0.0,0.0,0.0
0.04,10,20,0.001,0.05,5e-05,True,0.1049501935691241,3,0.0,0.0,1.0,0.0,0.0,0.0,0.0,0.0,0.0,0.0,0.0,0.0,0.0,0.0,0.0,0.0,0.0,0.0,0.0,0.0,0.0,0.0
0.04,10,20,0.001,0.05,0.0001,True,0.10497877466515133,3,0.0,0.0,1.0,0.0,0.0,0.0,0.0,0.0,0.0,0.0,0.0,0.0,0.0,0.0,0.0,0.0,0.0,0.0,0.0,0.0,0.0,0.0
0.04,10,20,0.001,0.05,0.0004,True,0.10554877133437707,3,0.0,0.0,1.0,0.0,0.0,0.0,0.0,0.0,0.0,0.0,0.0,0.0,0.0,0.0,0.0,0.0,0.0,0.0,0.0,0.0,0.0,0.0
0.04,10,20,0.01,0.0,5e-05,True,0.0014143726524505486,3,0.7666666666666666,0.23333333333333336,0.08333333333333333,0.08333333333333334,0.0,0.0,0.0,0.0,0.0,0.0,1.0,0.0,1.0,0.0,0.0,0.0,1.0,0.0,1.0,0.0,0.0,0.0
0.04,10,20,0.01,0.0,0.0001,True,0.00282850667314044,3,0.7999999999999999,0.11547005383792516,0.08465608465608465,0.04330874482472196,0.0,0.0,0.0,0.0,0.0,0.0,1.0,0.0,1.0,0.0,0.0,0.0,1.0,0.0,1.0,0.0,0.0,0.0
0.04,10,20,0.01,0.0,0.0004,True,0.011313728386345501,3,0.0,0.0,1.0,0.0,0.0,0.0,0.0,0.0,0.0,0.0,0.0,0.0,0.0,0.0,0.0,0.0,0.0,0.0,0.0,0.0,0.0,0.0
0.04,10,20,0.01,0.01,5e-05,True,0.02104188696070639,3,0.0,0.0,1.0,0.0,0.0,0.0,0.0,0.0,0.0,0.0,0.0,0.0,0.0,0.0,0.0,0.0,0.0,0.0,0.0,0.0,0.0,0.0
0.04,10,20,0.01,0.01,0.0001,True,0.02118397995814633,3,0.0,0.0,1.0,0.0,0.0,0.0,0.0,0.0,0.0,0.0,0.0,0.0,0.0,0.0,0.0,0.0,0.0,0.0,0.0,0.0,0.0,0.0
0.04,10,20,0.01,0.01,0.0004,True,0.02384871080094573,3,0.0,0.0,1.0,0.0,0.0,0.0,0.0,0.0,0.0,0.0,0.0,0.0,0.0,0.0,0.0,0.0,0.0,0.0,0.0,0.0,0.0,0.0
0.04,10,20,0.01,0.05,5e-05,True,0.1049501935691241,3,0.0,0.0,1.0,0.0,0.0,0.0,0.0,0.0,0.0,0.0,0.0,0.0,0.0,0.0,0.0,0.0,0.0,0.0,0.0,0.0,0.0,0.0
0.04,10,20,0.01,0.05,0.0001,True,0.10497877466515133,3,0.0,0.0,1.0,0.0,0.0,0.0,0.0,0.0,0.0,0.0,0.0,0.0,0.0,0.0,0.0,0.0,0.0,0.0,0.0,0.0,0.0,0.0
0.04,10,20,0.01,0.05,0.0004,True,0.10554877133437707,3,0.0,0.0,1.0,0.0,0.0,0.0,0.0,0.0,0.0,0.0,0.0,0.0,0.0,0.0,0.0,0.0,0.0,0.0,0.0,0.0,0.0,0.0
0.04,10,20,0.1,0.0,5e-05,True,0.0014143726524505486,3,0.0,0.0,1.0,0.0,0.0,0.0,0.0,0.0,0.0,0.0,0.0,0.0,0.0,0.0,0.0,0.0,0.0,0.0,0.0,0.0,0.0,0.0
0.04,10,20,0.1,0.0,0.0001,True,0.00282850667314044,3,0.0,0.0,1.0,0.0,0.0,0.0,0.0,0.0,0.0,0.0,0.0,0.0,0.0,0.0,0.0,0.0,0.0,0.0,0.0,0.0,0.0,0.0
0.04,10,20,0.1,0.0,0.0004,True,0.011313728386345501,3,0.03333333333333333,0.03333333333333334,0.8888888888888888,0.11111111111111113,0.0,0.0,0.0,0.0,0.0,0.0,0.3333333333333333,0.33333333333333337,0.3333333333333333,0.33333333333333337,0.0,0.0,0.3333333333333333,0.33333333333333337,0.3333333333333333,0.33333333333333337,0.0,0.0
0.04,10,20,0.1,0.01,5e-05,True,0.02104188696070639,3,0.0,0.0,1.0,0.0,0.0,0.0,0.0,0.0,0.0,0.0,0.0,0.0,0.0,0.0,0.0,0.0,0.0,0.0,0.0,0.0,0.0,0.0
0.04,10,20,0.1,0.01,0.0001,True,0.02118397995814633,3,0.0,0.0,1.0,0.0,0.0,0.0,0.0,0.0,0.0,0.0,0.0,0.0,0.0,0.0,0.0,0.0,0.0,0.0,0.0,0.0,0.0,0.0
0.04,10,20,0.1,0.01,0.0004,True,0.02384871080094573,3,0.0,0.0,1.0,0.0,0.0,0.0,0.0,0.0,0.0,0.0,0.0,0.0,0.0,0.0,0.0,0.0,0.0,0.0,0.0,0.0,0.0,0.0
0.04,10,20,0.1,0.05,5e-05,True,0.1049501935691241,3,0.0,0.0,0.6666666666666666,0.33333333333333337,0.0,0.0,0.0,0.0,0.0,0.0,0.0,0.0,0.0,0.0,0.0,0.0,0.0,0.0,0.0,0.0,0.0,0.0
0.04,10,20,0.1,0.05,0.0001,True,0.10497877466515133,3,0.0,0.0,1.0,0.0,0.0,0.0,0.0,0.0,0.0,0.0,0.0,0.0,0.0,0.0,0.0,0.0,0.0,0.0,0.0,0.0,0.0,0.0
0.04,10,20,0.1,0.05,0.0004,True,0.10554877133437707,3,0.0,0.0,0.6666666666666666,0.33333333333333337,0.0,0.0,0.0,0.0,0.0,0.0,0.0,0.0,0.0,0.0,0.0,0.0,0.0,0.0,0.0,0.0,0.0,0.0
0.04,50,1,0.0001,0.0,5e-05,True,7.3824115301167e-05,3,1.0,0.0,0.0,0.0,0.0,0.0,0.0,0.0,0.0,0.0,1.0,0.0,0.9719999999999999,0.012220201853215597,0.0,0.0,1.0,0.0,0.9719999999999999,0.012220201853215597,0.0,0.0
0.04,50,1,0.0001,0.0,0.0001,True,0.00014300349646075093,3,0.94,0.011547005383792493,0.0,0.0,0.0,0.0,0.0,0.0,0.0,0.0,1.0,0.0,0.9430941001130639,0.006896591287732037,0.0,0.0,1.0,0.0,0.9430941001130639,0.006896591287732037,0.0,0.0
0.04,50,1,0.0001,0.0,0.0004,True,0.0005660830327787611,3,0.45999999999999996,0.041633319989322654,0.012345679012345678,0.01234567901234568,0.0,0.0,0.0,0.0,0.0,0.0,1.0,0.0,0.8561853351327037,0.011951851938755587,0.0,0.0,1.0,0.0,0.8561853351327037,0.011951851938755587,0.0,0.0
0.04,50,1,0.0001,0.01,5e-05,True,0.0010523204394088015,3,0.3,0.04163331998932266,0.08888888888888889,0.05879447357921313,0.0,0.0,0.0,0.0,0.0,0.0,0.9920634920634921,0.00793650793650791,0.740392648287385,0.012193940477691853,0.0,0.0,0.9920634920634921,0.00793650793650791,0.740392648287385,0.012193940477691853,0.0,0.0
0.04,50,1,0.0001,0.01,0.0001,True,0.0010594235730799712,3,0.34,0.04163331998932265,0.034759358288770054,0.01780301635957057,0.0,0.0,0.0,0.0,0.0,0.0,1.0,0.0,0.768452380952381,0.03312541447137273,0.0,0.0,1.0,0.0,0.768452380952381,0.03312541447137273,0.0,0.0
0.04,50,1,0.0001,0.01,0.0004,True,0.0011926350268198285,3,0.32,0.04618802153517007,0.13507625272331156,0.08574583291570557,0.0,0.0,0.0,0.0,0.0,0.0,0.9940476190476191,0.005952380952380931,0.7419444444444444,0.01032272454225671,0.0,0.0,0.9940476190476191,0.005952380952380931,0.7419444444444444,0.01032272454225671,0.0,0.0
0.04,50,1,0.0001,0.05,5e-05,True,0.005249153951365971,3,0.11333333333333334,0.06565905201197403,0.5332244008714597,0.13207471406106924,0.0,0.0,0.0,0.0,0.0,0.0,0.9841269841269842,0.015873015873015855,0.6944444444444443,0.058001702827280864,0.0,0.0,0.9841269841269842,0.015873015873015855,0.6944444444444443,0.058001702827280864,0.0,0.0
0.04,50,1,0.0001,0.05,0.0001,True,0.00525058255864442,3,0.07333333333333335,0.04055175020198814,0.7351851851851853,0.13518518518518519,0.0,0.0,0.0,0.0,0.0,0.0,0.6666666666666666,0.33333333333333337,0.42857142857142855,0.21570955529344998,0.0,0.0,0.6666666666666666,0.33333333333333337,0.42857142857142855,0.21570955529344998,0.0,0.0
0.04,50,1,0.0001,0.05,0.0004,True,0.005279073517686696,3,0.06,0.02,0.5317460317460317,0.0705412255342507,0.0,0.0,0.0,0.0,0.0,0.0,0.9761904761904763,0.023809523809523798,0.6666666666666666,0.03333333333333337,0.0,0.0,0.9761904761904763,0.023809523809523798,0.6666666666666666,0.03333333333333337,0.0,0.0
0.04,50,1,0.001,0.0,5e-05,True,7.3824115301167e-05,3,1.0,0.0,0.0,0.0,0.0,0.0,0.0,0.0,0.0,0.0,1.0,0.0,1.0,0.0,0.0,0.0,1.0,0.0,1.0,0.0,0.0,0.0
0.04,50,1,0.001,0.0,0.0001,True,0.00014300349646075093,3,0.9866666666666667,0.013333333333333346,0.006802721088435374,0.006802721088435374,0.0,0.0,0.0,0.0,0.0,0.0,1.0,0.0,1.0,0.0,0.0,0.0,1.0,0.0,1.0,0.0,0.0,0.0
0.04,50,1,0.001,0.0,0.0004,True,0.0005660830327787611,3,0.66,0.2730079363925769,0.10507246376811595,0.07486948666583994,0.0,0.0,0.0,0.0,0.0,0.0,1.0,0.0,0.9855813953488372,0.007270309511747851,0.0,0.0,1.0,0.0,0.9855813953488372,0.007270309511747851,0.0,0.0
0.04,50,1,0.001,0.01,5e-05,True,0.0010523204394088015,3,0.7466666666666666,0.0881917103688197,0.08023653906006847,0.036305323194772574,0.0,0.0,0.0,0.0,0.0,0.0,1.0,0.0,0.9438925059614715,0.004436778143758952,0.0,0.0,1.0,0.0,0.9438925059614715,0.004436778143758952,0.0,0.0
0.04,50,1,0.001,0.01,0.0001,True,0.0010594235730799712,3,0.8466666666666667,0.035276684147527874,0.031385281385281384,0.021069180015077692,0.0,0.0,0.0,0.0,0.0,0.0,1.0,0.0,0.9495342211621279,0.00663998383063639,0.0,0.0,1.0,0.0,0.9495342211621279,0.00663998383063639,0.0,0.0
0.04,50,1,0.001,0.01,0.0004,True,0.0011926350268198285,3,0.5133333333333333,0.2082733246908441,0.1754208754208754,0.07384184595174322,0.0,0.0,0.0,0.0,0.0,0.0,1.0,0.0,0.9167712563061401,0.019768321702830143,0.0,0.0,1.0,0.0,0.9167712563061401,0.019768321702830143,0.0,0.0
0.04,50,1,0.001,0.05,5e-05,True,0.005249153951365971,3,0.08666666666666667,0.017638342073763937,0.5921855921855922,0.03843730461220316,0.0,0.0,0.0,0.0,0.0,0.0,0.9682539682539683,0.031746031746031744,0.7777777777777777,0.02222222222222218,0.0,0.0,0.9682539682539683,0.031746031746031744,0.7777777777777777,0.02222222222222218,0.0,0.0
0.04,50,1,0.001,0.05,0.0001,True,0.00525058255864442,3,0.11333333333333334,0.07423685817106697,0.6037037037037037,0.1674467341549232,0.0,0.0,0.0,0.0,0.0,0.0,0.9704517704517704,0.019613703909113617,0.7658119658119658,0.08355110707589704,0.0,0.0,0.9704517704517704,0.019613703909113617,0.7658119658119658,0.08355110707589704,0.0,0.0
0.04,50,1,0.001,0.05,0.0004,True,0.005279073517686696,3,0.07333333333333333,0.05456901847914967,0.6666666666666666,0.17638342073763938,0.0,0.0,0.0,0.0,0.0,0.0,0.6349206349206349,0.3186485698394402,0.5222222222222223,0.2655067365633005,0.0,0.0,0.6349206349206349,0.3186485698394402,0.5222222222222223,0.2655067365633005,0.0,0.0
0.04,50,1,0.01,0.0,5e-05,True,7.3824115301167e-05,3,0.8666666666666667,0.052068331172711015,0.06642063940200586,0.026919387007600427,0.0,0.0,0.0,0.0,0.0,0.0,1.0,0.0,1.0,0.0,0.0,0.0,1.0,0.0,1.0,0.0,0.0,0.0
0.04,50,1,0.01,0.0,0.0001,True,0.00014300349646075093,3,0.5066666666666667,0.13678856352455462,0.18918313570487486,0.04862816969442724,0.0,0.0,0.0,0.0,0.0,0.0,1.0,0.0,1.0,0.0,0.0,0.0,1.0,0.0,1.0,0.0,0.0,0.0
0.04,50,1,0.01,0.0,0.0004,True,0.0005660830327787611,3,0.4666666666666666,0.22519127672072714,0.18215579710144927,0.06299823724458667,0.0,0.0,0.0,0.0,0.0,0.0,1.0,0.0,1.0,0.0,0.0,0.0,1.0,0.0,1.0,0.0,0.0,0.0
0.04,50,1,0.01,0.01,5e-05,True,0.0010523204394088015,3,0.3466666666666667,0.17333333333333337,0.43154121863799283,0.28434394542093283,0.0,0.0,0.0,0.0,0.0,0.0,0.6666666666666666,0.33333333333333337,0.6666666666666666,0.33333333333333337,0.0,0.0,0.6666666666666666,0.33333333333333337,0.6666666666666666,0.33333333333333337,0.0,0.0
0.04,50,1,0.01,0.01,0.0001,True,0.0010594235730799712,3,0.24666666666666667,0.23673707872752936,0.540650406504065,0.2542844580981043,0.0,0.0,0.0,0.0,0.0,0.0,0.6666666666666666,0.33333333333333337,0.6666666666666666,0.33333333333333337,0.0,0.0,0.6666666666666666,0.33333333333333337,0.6666666666666666,0.33333333333333337,0.0,0.0
0.04,50,1,0.01,0.01,0.0004,True,0.0011926350268198285,3,0.37333333333333335,0.19402176281140332,0.1900093370681606,0.07166313864486577,0.0,0.0,0.0,0.0,0.0,0.0,1.0,0.0,1.0,0.0,0.0,0.0,1.0,0.0,1.0,0.0,0.0,0.0
0.04,50,1,0.01,0.05,5e-05,True,0.005249153951365971,3,0.07333333333333333,0.06359594676112972,0.576923076923077,0.22536404911855062,0.0,0.0,0.0,0.0,0.0,0.0,0.6666666666666666,0.33333333333333337,0.6666666666666666,0.33333333333333337,0.0,0.0,0.6666666666666666,0.33333333333333337,0.6666666666666666,0.33333333333333337,0.0,0.0
0.04,50,1,0.01,0.05,0.0001,True,0.00525058255864442,3,0.05333333333333334,0.05333333333333334,0.7333333333333334,0.2666666666666667,0.0,0.0,0.0,0.0,0.0,0.0,0.3333333333333333,0.33333333333333337,0.325,0.32499999999999996,0.0,0.0,0.3333333333333333,0.33333333333333337,0.325,0.32499999999999996,0.0,0.0
0.04,50,1,0.01,0.05,0.0004,True,0.005279073517686696,3,0.03333333333333333,0.017638342073763937,0.5277777777777778,0.23733343736993145,0.0,0.0,0.0,0.0,0.0,0.0,0.6666666666666666,0.33333333333333337,0.6444444444444444,0.3227964232518656,0.0,0.0,0.6666666666666666,0.33333333333333337,0.6444444444444444,0.3227964232518656,0.0,0.0
0.04,50,1,0.1,0.0,5e-05,True,7.3824115301167e-05,3,0.0,0.0,1.0,0.0,0.0,0.0,0.0,0.0,0.0,0.0,0.0,0.0,0.0,0.0,0.0,0.0,0.0,0.0,0.0,0.0,0.0,0.0
0.04,50,1,0.1,0.0,0.0001,True,0.00014300349646075093,3,0.0,0.0,1.0,0.0,0.0,0.0,0.0,0.0,0.0,0.0,0.0,0.0,0.0,0.0,0.0,0.0,0.0,0.0,0.0,0.0,0.0,0.0
0.04,50,1,0.1,0.0,0.0004,True,0.0005660830327787611,3,0.0,0.0,1.0,0.0,0.0,0.0,0.0,0.0,0.0,0.0,0.0,0.0,0.0,0.0,0.0,0.0,0.0,0.0,0.0,0.0,0.0,0.0
0.04,50,1,0.1,0.01,5e-05,True,0.0010523204394088015,3,0.0,0.0,1.0,0.0,0.0,0.0,0.0,0.0,0.0,0.0,0.0,0.0,0.0,0.0,0.0,0.0,0.0,0.0,0.0,0.0,0.0,0.0
0.04,50,1,0.1,0.01,0.0001,True,0.0010594235730799712,3,0.0,0.0,1.0,0.0,0.0,0.0,0.0,0.0,0.0,0.0,0.0,0.0,0.0,0.0,0.0,0.0,0.0,0.0,0.0,0.0,0.0,0.0
0.04,50,1,0.1,0.01,0.0004,True,0.0011926350268198285,3,0.0,0.0,1.0,0.0,0.0,0.0,0.0,0.0,0.0,0.0,0.0,0.0,0.0,0.0,0.0,0.0,0.0,0.0,0.0,0.0,0.0,0.0
0.04,50,1,0.1,0.05,5e-05,True,0.005249153951365971,3,0.0,0.0,1.0,0.0,0.0,0.0,0.0,0.0,0.0,0.0,0.0,0.0,0.0,0.0,0.0,0.0,0.0,0.0,0.0,0.0,0.0,0.0
0.04,50,1,0.1,0.05,0.0001,True,0.00525058255864442,3,0.0,0.0,1.0,0.0,0.0,0.0,0.0,0.0,0.0,0.0,0.0,0.0,0.0,0.0,0.0,0.0,0.0,0.0,0.0,0.0,0.0,0.0
0.04,50,1,0.1,0.05,0.0004,True,0.005279073517686696,3,0.0,0.0,1.0,0.0,0.0,0.0,0.0,0.0,0.0,0.0,0.0,0.0,0.0,0.0,0.0,0.0,0.0,0.0,0.0,0.0,0.0,0.0
0.04,50,2,0.0001,0.0,5e-05,True,0.00014300349646075093,3,0.3466666666666667,0.04371625682868001,0.0,0.0,0.0,0.0,0.0,0.0,0.0,0.0,1.0,0.0,1.0,0.0,0.0,0.0,1.0,0.0,1.0,0.0,0.0,0.0
0.04,50,2,0.0001,0.0,0.0001,True,0.0002836370920736567,3,0.04666666666666667,0.01763834207376394,0.0,0.0,0.0,0.0,0.0,0.0,0.0,0.0,0.9523809523809524,0.047619047619047596,1.0,0.0,0.0,0.0,0.9523809523809524,0.047619047619047596,1.0,0.0,0.0,0.0
0.04,50,2,0.0001,0.0,0.0004,True,0.0011315697062046156,3,0.02,0.011547005383792516,0.7000000000000001,0.1527525231651947,0.0,0.0,0.0,0.0,0.0,0.0,0.6666666666666666,0.33333333333333337,0.6666666666666666,0.33333333333333337,0.0,0.0,0.6666666666666666,0.33333333333333337,0.6666666666666666,0.33333333333333337,0.0,0.0
0.04,50,2,0.0001,0.01,5e-05,True,0.0021043199422362056,3,0.0,0.0,1.0,0.0,0.0,0.0,0.0,0.0,0.0,0.0,0.0,0.0,0.0,0.0,0.0,0.0,0.0,0.0,0.0,0.0,0.0,0.0
0.04,50,2,0.0001,0.01,0.0001,True,0.0021185283616919053,3,0.0,0.0,1.0,0.0,0.0,0.0,0.0,0.0,0.0,0.0,0.0,0.0,0.0,0.0,0.0,0.0,0.0,0.0,0.0,0.0,0.0,0.0
0.04,50,2,0.0001,0.01,0.0004,True,0.002384986880318839,3,0.0,0.0,1.0,0.0,0.0,0.0,0.0,0.0,0.0,0.0,0.0,0.0,0.0,0.0,0.0,0.0,0.0,0.0,0.0,0.0,0.0,0.0
0.04,50,2,0.0001,0.05,5e-05,True,0.01049821951042763,3,0.0,0.0,1.0,0.0,0.0,0.0,0.0,0.0,0.0,0.0,0.0,0.0,0.0,0.0,0.0,0.0,0.0,0.0,0.0,0.0,0.0,0.0
0.04,50,2,0.0001,0.05,0.0001,True,0.010501076749034994,3,0.0,0.0,1.0,0.0,0.0,0.0,0.0,0.0,0.0,0.0,0.0,0.0,0.0,0.0,0.0,0.0,0.0,0.0,0.0,0.0,0.0,0.0
0.04,50,2,0.0001,0.05,0.0004,True,0.010558059144043631,3,0.0,0.0,1.0,0.0,0.0,0.0,0.0,0.0,0.0,0.0,0.0,0.0,0.0,0.0,0.0,0.0,0.0,0.0,0.0,0.0,0.0,0.0
0.04,50,2,0.001,0.0,5e-05,True,0.00014300349646075093,3,0.9866666666666667,0.013333333333333346,0.006802721088435374,0.006802721088435374,0.0,0.0,0.0,0.0,0.0,0.0,1.0,0.0,1.0,0.0,0.0,0.0,1.0,0.0,1.0,0.0,0.0,0.0
0.04,50,2,0.001,0.0,0.0001,True,0.0002836370920736567,3,0.96,0.04,0.02127659574468085,0.02127659574468085,0.0,0.0,0.0,0.0,0.0,0.0,1.0,0.0,1.0,0.0,0.0,0.0,1.0,0.0,1.0,0.0,0.0,0.0
0.04,50,2,0.001,0.0,0.0004,True,0.0011315697062046156,3,0.7466666666666667,0.035276684147527874,0.0433152664859982,0.009597454683819114,0.0,0.0,0.0,0.0,0.0,0.0,0.9971988795518207,0.002801120448179262,0.9982456140350876,0.0017543859649123232,0.0,0.0,0.9971988795518207,0.002801120448179262,0.9982456140350876,0.0017543859649123232,0.0,0.0
0.04,50,2,0.001,0.01,5e-05,True,0.0021043199422362056,3,0.09999999999999999,0.030550504633038936,0.5666666666666667,0.11706281947614154,0.0,0.0,0.0,0.0,0.0,0.0,0.9761904761904763,0.023809523809523798,1.0,0.0,0.0,0.0,0.9761904761904763,0.023809523809523798,1.0,0.0,0.0,0.0
0.04,50,2,0.001,0.01,0.0001,True,0.0021185283616919053,3,0.08666666666666667,0.03333333333333333,0.5222222222222223,0.15674151088517652,0.0,0.0,0.0,0.0,0.0,0.0,0.9841269841269842,0.015873015873015855,1.0,0.0,0.0,0.0,0.9841269841269842,0.015873015873015855,1.0,0.0,0.0,0.0
0.04,50,2,0.001,0.01,0.0004,True,0.002384986880318839,3,0.07333333333333333,0.024037008503093264,0.6837606837606837,0.08923338896504744,0.0,0.0,0.0,0.0,0.0,0.0,0.9523809523809524,0.02749286996141075,0.9777777777777777,0.022222222222222258,0.0,0.0,0.9523809523809524,0.02749286996141075,0.9777777777777777,0.022222222222222258,0.0,0.0
0.04,50,2,0.001,0.05,5e-05,True,0.01049821951042763,3,0.0,0.0,1.0,0.0,0.0,0.0,0.0,0.0,0.0,0.0,0.0,0.0,0.0,0.0,0.0,0.0,0.0,0.0,0.0,0.0,0.0,0.0
0.04,50,2,0.001,0.05,0.0001,True,0.010501076749034994,3,0.0,0.0,1.0,0.0,0.0,0.0,0.0,0.0,0.0,0.0,0.0,0.0,0.0,0.0,0.0,0.0,0.0,0.0,0.0,0.0,0.0,0.0
0.04,50,2,0.001,0.05,0.0004,True,0.010558059144043631,3,0.0,0.0,1.0,0.0,0.0,0.0,0.0,0.0,0.0,0.0,0.0,0.0,0.0,0.0,0.0,0.0,0.0,0.0,0.0,0.0,0.0,0.0
0.04,50,2,0.01,0.0,5e-05,True,0.00014300349646075093,3,0.4533333333333333,0.29242282932615077,0.3666666666666667,0.3179797338056486,0.0,0.0,0.0,0.0,0.0,0.0,0.6666666666666666,0.33333333333333337,0.6666666666666666,0.33333333333333337,0.0,0.0,0.6666666666666666,0.33333333333333337,0.6666666666666666,0.33333333333333337,0.0,0.0
0.04,50,2,0.01,0.0,0.0001,True,0.0002836370920736567,3,0.32,0.24110855093366837,0.18903318903318903,0.07369203656452356,0.0,0.0,0.0,0.0,0.0,0.0,1.0,0.0,1.0,0.0,0.0,0.0,1.0,0.0,1.0,0.0,0.0,0.0
0.04,50,2,0.01,0.0,0.0004,True,0.0011315697062046156,3,0.3333333333333333,0.19367785395111933,0.15493612078977934,0.02332616067016622,0.0,0.0,0.0,0.0,0.0,0.0,1.0,0.0,1.0,0.0,0.0,0.0,1.0,0.0,1.0,0.0,0.0,0.0
0.04,50,2,0.01,0.01,5e-05,True,0.0021043199422362056,3,0.2866666666666667,0.24774538901416066,0.43100775193798446,0.28616728191459473,0.0,0.0,0.0,0.0,0.0,0.0,0.6666666666666666,0.33333333333333337,0.6666666666666666,0.33333333333333337,0.0,0.0,0.6666666666666666,0.33333333333333337,0.6666666666666666,0.33333333333333337,0.0,0.0
0.04,50,2,0.01,0.01,0.0001,True,0.0021185283616919053,3,0.25333333333333335,0.2336188729058031,0.540650406504065,0.2542844580981043,0.0,0.0,0.0,0.0,0.0,0.0,0.638888888888889,0.3203489609630777,0.6666666666666666,0.33333333333333337,0.0,0.0,0.638888888888889,0.3203489609630777,0.6666666666666666,0.33333333333333337,0.0,0.0
0.04,50,2,0.01,0.01,0.0004,True,0.002384986880318839,3,0.19333333333333336,0.12454361128179603,0.2341269841269841,0.07663971395169827,0.0,0.0,0.0,0.0,0.0,0.0,0.9974747474747474,0.00252525252525256,1.0,0.0,0.0,0.0,0.9974747474747474,0.00252525252525256,1.0,0.0,0.0,0.0
0.04,50,2,0.01,0.05,5e-05,True,0.01049821951042763,3,0.0,0.0,1.0,0.0,0.0,0.0,0.0,0.0,0.0,0.0,0.0,0.0,0.0,0.0,0.0,0.0,0.0,0.0,0.0,0.0,0.0,0.0
0.04,50,2,0.01,0.05,0.0001,True,0.010501076749034994,3,0.0,0.0,1.0,0.0,0.0,0.0,0.0,0.0,0.0,0.0,0.0,0.0,0.0,0.0,0.0,0.0,0.0,0.0,0.0,0.0,0.0,0.0
0.04,50,2,0.01,0.05,0.0004,True,0.010558059144043631,3,0.0,0.0,1.0,0.0,0.0,0.0,0.0,0.0,0.0,0.0,0.0,0.0,0.0,0.0,0.0,0.0,0.0,0.0,0.0,0.0,0.0,0.0
0.04,50,2,0.1,0.0,5e-05,True,0.00014300349646075093,3,0.0,0.0,1.0,0.0,0.0,0.0,0.0,0.0,0.0,0.0,0.0,0.0,0.0,0.0,0.0,0.0,0.0,0.0,0.0,0.0,0.0,0.0
0.04,50,2,0.1,0.0,0.0001,True,0.0002836370920736567,3,0.0,0.0,1.0,0.0,0.0,0.0,0.0,0.0,0.0,0.0,0.0,0.0,0.0,0.0,0.0,0.0,0.0,0.0,0.0,0.0,0.0,0.0
0.04,50,2,0.1,0.0,0.0004,True,0.0011315697062046156,3,0.0,0.0,1.0,0.0,0.0,0.0,0.0,0.0,0.0,0.0,0.0,0.0,0.0,0.0,0.0,0.0,0.0,0.0,0.0,0.0,0.0,0.0
0.04,50,2,0.1,0.01,5e-05,True,0.0021043199422362056,3,0.0,0.0,1.0,0.0,0.0,0.0,0.0,0.0,0.0,0.0,0.0,0.0,0.0,0.0,0.0,0.0,0.0,0.0,0.0,0.0,0.0,0.0
0.04,50,2,0.1,0.01,0.0001,True,0.0021185283616919053,3,0.0,0.0,1.0,0.0,0.0,0.0,0.0,0.0,0.0,0.0,0.0,0.0,0.0,0.0,0.0,0.0,0.0,0.0,0.0,0.0,0.0,0.0
0.04,50,2,0.1,0.01,0.0004,True,0.002384986880318839,3,0.0,0.0,1.0,0.0,0.0,0.0,0.0,0.0,0.0,0.0,0.0,0.0,0.0,0.0,0.0,0.0,0.0,0.0,0.0,0.0,0.0,0.0
0.04,50,2,0.1,0.05,5e-05,True,0.01049821951042763,3,0.0,0.0,1.0,0.0,0.0,0.0,0.0,0.0,0.0,0.0,0.0,0.0,0.0,0.0,0.0,0.0,0.0,0.0,0.0,0.0,0.0,0.0
0.04,50,2,0.1,0.05,0.0001,True,0.010501076749034994,3,0.0,0.0,1.0,0.0,0.0,0.0,0.0,0.0,0.0,0.0,0.0,0.0,0.0,0.0,0.0,0.0,0.0,0.0,0.0,0.0,0.0,0.0
0.04,50,2,0.1,0.05,0.0004,True,0.010558059144043631,3,0.0,0.0,1.0,0.0,0.0,0.0,0.0,0.0,0.0,0.0,0.0,0.0,0.0,0.0,0.0,0.0,0.0,0.0,0.0,0.0,0.0,0.0
0.04,50,3,0.0001,0.0,5e-05,True,0.00021319005605327846,3,0.0,0.0,0.0,0.0,0.0,0.0,0.0,0.0,0.0,0.0,0.0,0.0,0.0,0.0,0.0,0.0,0.0,0.0,0.0,0.0,0.0,0.0
0.04,50,3,0.0001,0.0,0.0001,True,0.0004247940677551889,3,0.0,0.0,0.3333333333333333,0.33333333333333337,0.0,0.0,0.0,0.0,0.0,0.0,0.0,0.0,0.0,0.0,0.0,0.0,0.0,0.0,0.0,0.0,0.0,0.0
0.04,50,3,0.0001,0.0,0.0004,True,0.0016971888521905864,3,0.0,0.0,1.0,0.0,0.0,0.0,0.0,0.0,0.0,0.0,0.0,0.0,0.0,0.0,0.0,0.0,0.0,0.0,0.0,0.0,0.0,0.0
0.04,50,3,0.0001,0.01,5e-05,True,0.003156390328808629,3,0.006666666666666667,0.006666666666666667,0.9743589743589745,0.025641025641025626,0.0,0.0,0.0,0.0,0.0,0.0,0.2380952380952381,0.23809523809523808,0.3333333333333333,0.33333333333333337,0.0,0.0,0.2380952380952381,0.23809523809523808,0.3333333333333333,0.33333333333333337,0.0,0.0
0.04,50,3,0.0001,0.01,0.0001,True,0.0031777035588293387,3,0.013333333333333334,0.013333333333333334,0.9555555555555556,0.04444444444444444,0.0,0.0,0.0,0.0,0.0,0.0,0.2916666666666667,0.2916666666666667,0.19999999999999998,0.2,0.0,0.0,0.2916666666666667,0.2916666666666667,0.19999999999999998,0.2,0.0,0.0
0.04,50,3,0.0001,0.01,0.0004,True,0.00357740127855356,3,0.0,0.0,1.0,0.0,0.0,0.0,0.0,0.0,0.0,0.0,0.0,0.0,0.0,0.0,0.0,0.0,0.0,0.0,0.0,0.0,0.0,0.0
0.04,50,3,0.0001,0.05,5e-05,True,0.015747251165976188,3,0.0,0.0,1.0,0.0,0.0,0.0,0.0,0.0,0.0,0.0,0.0,0.0,0.0,0.0,0.0,0.0,0.0,0.0,0.0,0.0,0.0,0.0
0.04,50,3,0.0001,0.05,0.0001,True,0.015751537045137484,3,0.0,0.0,1.0,0.0,0.0,0.0,0.0,0.0,0.0,0.0,0.0,0.0,0.0,0.0,0.0,0.0,0.0,0.0,0.0,0.0,0.0,0.0
0.04,50,3,0.0001,0.05,0.0004,True,0.015837011059045784,3,0.0,0.0,1.0,0.0,0.0,0.0,0.0,0.0,0.0,0.0,0.0,0.0,0.0,0.0,0.0,0.0,0.0,0.0,0.0,0.0,0.0,0.0
0.04,50,3,0.001,0.0,5e-05,True,0.00021319005605327846,3,1.0,0.0,0.0,0.0,0.0,0.0,0.0,0.0,0.0,0.0,1.0,0.0,1.0,0.0,0.0,0.0,1.0,0.0,1.0,0.0,0.0,0.0
0.04,50,3,0.001,0.0,0.0001,True,0.0004247940677551889,3,0.9533333333333333,0.02905932629027115,0.014049097900029575,0.007035048738400649,0.0,0.0,0.0,0.0,0.0,0.0,1.0,0.0,1.0,0.0,0.0,0.0,1.0,0.0,1.0,0.0,0.0,0.0
0.04,50,3,0.001,0.0,0.0004,True,0.0016971888521905864,3,0.006666666666666667,0.006666666666666667,0.9166666666666666,0.08333333333333334,0.0,0.0,0.0,0.0,0.0,0.0,0.3333333333333333,0.33333333333333337,0.3333333333333333,0.33333333333333337,0.0,0.0,0.3333333333333333,0.33333333333333337,0.3333333333333333,0.33333333333333337,0.0,0.0
0.04,50,3,0.001,0.01,5e-05,True,0.003156390328808629,3,0.0,0.0,1.0,0.0,0.0,0.0,0.0,0.0,0.0,0.0,0.0,0.0,0.0,0.0,0.0,0.0,0.0,0.0,0.0,0.0,0.0,0.0
0.04,50,3,0.001,0.01,0.0001,True,0.0031777035588293387,3,0.0,0.0,1.0,0.0,0.0,0.0,0.0,0.0,0.0,0.0,0.0,0.0,0.0,0.0,0.0,0.0,0.0,0.0,0.0,0.0,0.0,0.0
0.04,50,3,0.001,0.01,0.0004,True,0.00357740127855356,3,0.0,0.0,1.0,0.0,0.0,0.0,0.0,0.0,0.0,0.0,0.0,0.0,0.0,0.0,0.0,0.0,0.0,0.0,0.0,0.0,0.0,0.0
0.04,50,3,0.001,0.05,5e-05,True,0.015747251165976188,3,0.0,0.0,1.0,0.0,0.0,0.0,0.0,0.0,0.0,0.0,0.0,0.0,0.0,0.0,0.0,0.0,0.0,0.0,0.0,0.0,0.0,0.0
0.04,50,3,0.001,0.05,0.0001,True,0.015751537045137484,3,0.0,0.0,1.0,0.0,0.0,0.0,0.0,0.0,0.0,0.0,0.0,0.0,0.0,0.0,0.0,0.0,0.0,0.0,0.0,0.0,0.0,0.0
0.04,50,3,0.001,0.05,0.0004,True,0.015837011059045784,3,0.0,0.0,1.0,0.0,0.0,0.0,0.0,0.0,0.0,0.0,0.0,0.0,0.0,0.0,0.0,0.0,0.0,0.0,0.0,0.0,0.0,0.0
0.04,50,3,0.01,0.0,5e-05,True,0.00021319005605327846,3,0.38000000000000006,0.2640706976045115,0.17391304347826086,0.09002244035547935,0.0,0.0,0.0,0.0,0.0,0.0,1.0,0.0,1.0,0.0,0.0,0.0,1.0,0.0,1.0,0.0,0.0,0.0
0.04,50,3,0.01,0.0,0.0001,True,0.0004247940677551889,3,0.5466666666666667,0.22400396821881927,0.16522366522366524,0.06079044993832429,0.0,0.0,0.0,0.0,0.0,0.0,1.0,0.0,1.0,0.0,0.0,0.0,1.0,0.0,1.0,0.0,0.0,0.0
0.04,50,3,0.01,0.0,0.0004,True,0.0016971888521905864,3,0.36000000000000004,0.2419366308216541,0.4613237639553429,0.2786613555466427,0.0,0.0,0.0,0.0,0.0,0.0,0.6666666666666666,0.33333333333333337,0.6666666666666666,0.33333333333333337,0.0,0.0,0.6666666666666666,0.33333333333333337,0.6666666666666666,0.33333333333333337,0.0,0.0
0.04,50,3,0.01,0.01,5e-05,True,0.003156390328808629,3,0.38666666666666666,0.15762120556715853,0.1393855393855394,0.05110295268358703,0.0,0.0,0.0,0.0,0.0,0.0,1.0,0.0,1.0,0.0,0.0,0.0,1.0,0.0,1.0,0.0,0.0,0.0
0.04,50,3,0.01,0.01,0.0001,True,0.0031777035588293387,3,0.26,0.15099668870541502,0.15,0.025000000000000005,0.0,0.0,0.0,0.0,0.0,0.0,1.0,0.0,1.0,0.0,0.0,0.0,1.0,0.0,1.0,0.0,0.0,0.0
0.04,50,3,0.01,0.01,0.0004,True,0.00357740127855356,3,0.013333333333333334,0.013333333333333334,0.7777777777777778,0.22222222222222224,0.0,0.0,0.0,0.0,0.0,0.0,0.3333333333333333,0.33333333333333337,0.3333333333333333,0.33333333333333337,0.0,0.0,0.3333333333333333,0.33333333333333337,0.3333333333333333,0.33333333333333337,0.0,0.0
0.04,50,3,0.01,0.05,5e-05,True,0.015747251165976188,3,0.0,0.0,1.0,0.0,0.0,0.0,0.0,0.0,0.0,0.0,0.0,0.0,0.0,0.0,0.0,0.0,0.0,0.0,0.0,0.0,0.0,0.0
0.04,50,3,0.01,0.05,0.0001,True,0.015751537045137484,3,0.0,0.0,1.0,0.0,0.0,0.0,0.0,0.0,0.0,0.0,0.0,0.0,0.0,0.0,0.0,0.0,0.0,0.0,0.0,0.0,0.0,0.0
0.04,50,3,0.01,0.05,0.0004,True,0.015837011059045784,3,0.0,0.0,1.0,0.0,0.0,0.0,0.0,0.0,0.0,0.0,0.0,0.0,0.0,0.0,0.0,0.0,0.0,0.0,0.0,0.0,0.0,0.0
0.04,50,3,0.1,0.0,5e-05,True,0.00021319005605327846,3,0.0,0.0,1.0,0.0,0.0,0.0,0.0,0.0,0.0,0.0,0.0,0.0,0.0,0.0,0.0,0.0,0.0,0.0,0.0,0.0,0.0,0.0
0.04,50,3,0.1,0.0,0.0001,True,0.0004247940677551889,3,0.0,0.0,1.0,0.0,0.0,0.0,0.0,0.0,0.0,0.0,0.0,0.0,0.0,0.0,0.0,0.0,0.0,0.0,0.0,0.0,0.0,0.0
0.04,50,3,0.1,0.0,0.0004,True,0.0016971888521905864,3,0.0,0.0,1.0,0.0,0.0,0.0,0.0,0.0,0.0,0.0,0.0,0.0,0.0,0.0,0.0,0.0,0.0,0.0,0.0,0.0,0.0,0.0
0.04,50,3,0.1,0.01,5e-05,True,0.003156390328808629,3,0.0,0.0,1.0,0.0,0.0,0.0,0.0,0.0,0.0,0.0,0.0,0.0,0.0,0.0,0.0,0.0,0.0,0.0,0.0,0.0,0.0,0.0
0.04,50,3,0.1,0.01,0.0001,True,0.0031777035588293387,3,0.0,0.0,1.0,0.0,0.0,0.0,0.0,0.0,0.0,0.0,0.0,0.0,0.0,0.0,0.0,0.0,0.0,0.0,0.0,0.0,0.0,0.0
0.04,50,3,0.1,0.01,0.0004,True,0.00357740127855356,3,0.0,0.0,1.0,0.0,0.0,0.0,0.0,0.0,0.0,0.0,0.0,0.0,0.0,0.0,0.0,0.0,0.0,0.0,0.0,0.0,0.0,0.0
0.04,50,3,0.1,0.05,5e-05,True,0.015747251165976188,3,0.0,0.0,1.0,0.0,0.0,0.0,0.0,0.0,0.0,0.0,0.0,0.0,0.0,0.0,0.0,0.0,0.0,0.0,0.0,0.0,0.0,0.0
0.04,50,3,0.1,0.05,0.0001,True,0.015751537045137484,3,0.0,0.0,1.0,0.0,0.0,0.0,0.0,0.0,0.0,0.0,0.0,0.0,0.0,0.0,0.0,0.0,0.0,0.0,0.0,0.0,0.0,0.0
0.04,50,3,0.1,0.05,0.0004,True,0.015837011059045784,3,0.0,0.0,1.0,0.0,0.0,0.0,0.0,0.0,0.0,0.0,0.0,0.0,0.0,0.0,0.0,0.0,0.0,0.0,0.0,0.0,0.0,0.0
0.04,50,5,0.0001,0.0,5e-05,True,0.00035418921496849676,3,0.0,0.0,0.0,0.0,0.0,0.0,0.0,0.0,0.0,0.0,0.0,0.0,0.0,0.0,0.0,0.0,0.0,0.0,0.0,0.0,0.0,0.0
0.04,50,5,0.0001,0.0,0.0001,True,0.0007074249076757193,3,0.0,0.0,0.3333333333333333,0.33333333333333337,0.0,0.0,0.0,0.0,0.0,0.0,0.0,0.0,0.0,0.0,0.0,0.0,0.0,0.0,0.0,0.0,0.0,0.0
0.04,50,5,0.0001,0.0,0.0004,True,0.00282850667314044,3,0.006666666666666667,0.006666666666666667,0.9333333333333332,0.06666666666666667,0.0,0.0,0.0,0.0,0.0,0.0,0.25,0.25,0.19999999999999998,0.2,0.0,0.0,0.25,0.25,0.19999999999999998,0.2,0.0,0.0
0.04,50,5,0.0001,0.01,5e-05,True,0.0052605719465796666,3,0.0,0.0,1.0,0.0,0.0,0.0,0.0,0.0,0.0,0.0,0.0,0.0,0.0,0.0,0.0,0.0,0.0,0.0,0.0,0.0,0.0,0.0
0.04,50,5,0.0001,0.01,0.0001,True,0.005296094523811011,3,0.0,0.0,1.0,0.0,0.0,0.0,0.0,0.0,0.0,0.0,0.0,0.0,0.0,0.0,0.0,0.0,0.0,0.0,0.0,0.0,0.0,0.0
0.04,50,5,0.0001,0.01,0.0004,True,0.005962266113244274,3,0.0,0.0,1.0,0.0,0.0,0.0,0.0,0.0,0.0,0.0,0.0,0.0,0.0,0.0,0.0,0.0,0.0,0.0,0.0,0.0,0.0,0.0
0.04,50,5,0.0001,0.05,5e-05,True,0.026245082101060847,3,0.0,0.0,1.0,0.0,0.0,0.0,0.0,0.0,0.0,0.0,0.0,0.0,0.0,0.0,0.0,0.0,0.0,0.0,0.0,0.0,0.0,0.0
0.04,50,5,0.0001,0.05,0.0001,True,0.02625222532455914,3,0.0,0.0,1.0,0.0,0.0,0.0,0.0,0.0,0.0,0.0,0.0,0.0,0.0,0.0,0.0,0.0,0.0,0.0,0.0,0.0,0.0,0.0
0.04,50,5,0.0001,0.05,0.0004,True,0.02639468383010913,3,0.0,0.0,1.0,0.0,0.0,0.0,0.0,0.0,0.0,0.0,0.0,0.0,0.0,0.0,0.0,0.0,0.0,0.0,0.0,0.0,0.0,0.0
0.04,50,5,0.001,0.0,5e-05,True,0.00035418921496849676,3,1.0,0.0,0.0,0.0,0.0,0.0,0.0,0.0,0.0,0.0,1.0,0.0,1.0,0.0,0.0,0.0,1.0,0.0,1.0,0.0,0.0,0.0
0.04,50,5,0.001,0.0,0.0001,True,0.0007074249076757193,3,0.84,0.16,0.0784313725490196,0.0784313725490196,0.0,0.0,0.0,0.0,0.0,0.0,1.0,0.0,1.0,0.0,0.0,0.0,1.0,0.0,1.0,0.0,0.0,0.0
0.04,50,5,0.001,0.0,0.0004,True,0.00282850667314044,3,0.0,0.0,1.0,0.0,0.0,0.0,0.0,0.0,0.0,0.0,0.0,0.0,0.0,0.0,0.0,0.0,0.0,0.0,0.0,0.0,0.0,0.0
0.04,50,5,0.001,0.01,5e-05,True,0.0052605719465796666,3,0.0,0.0,1.0,0.0,0.0,0.0,0.0,0.0,0.0,0.0,0.0,0.0,0.0,0.0,0.0,0.0,0.0,0.0,0.0,0.0,0.0,0.0
0.04,50,5,0.001,0.01,0.0001,True,0.005296094523811011,3,0.0,0.0,1.0,0.0,0.0,0.0,0.0,0.0,0.0,0.0,0.0,0.0,0.0,0.0,0.0,0.0,0.0,0.0,0.0,0.0,0.0,0.0
0.04,50,5,0.001,0.01,0.0004,True,0.005962266113244274,3,0.0,0.0,1.0,0.0,0.0,0.0,0.0,0.0,0.0,0.0,0.0,0.0,0.0,0.0,0.0,0.0,0.0,0.0,0.0,0.0,0.0,0.0
0.04,50,5,0.001,0.05,5e-05,True,0.026245082101060847,3,0.0,0.0,1.0,0.0,0.0,0.0,0.0,0.0,0.0,0.0,0.0,0.0,0.0,0.0,0.0,0.0,0.0,0.0,0.0,0.0,0.0,0.0
0.04,50,5,0.001,0.05,0.0001,True,0.02625222532455914,3,0.0,0.0,1.0,0.0,0.0,0.0,0.0,0.0,0.0,0.0,0.0,0.0,0.0,0.0,0.0,0.0,0.0,0.0,0.0,0.0,0.0,0.0
0.04,50,5,0.001,0.05,0.0004,True,0.02639468383010913,3,0.0,0.0,1.0,0.0,0.0,0.0,0.0,0.0,0.0,0.0,0.0,0.0,0.0,0.0,0.0,0.0,0.0,0.0,0.0,0.0,0.0,0.0
0.04,50,5,0.01,0.0,5e-05,True,0.00035418921496849676,3,0.6266666666666666,0.09955456348712054,0.13127413127413126,0.04283510744052154,0.0,0.0,0.0,0.0,0.0,0.0,0.9960502460502462,0.002192915594648517,1.0,0.0,0.0,0.0,0.9960502460502462,0.002192915594648517,1.0,0.0,0.0,0.0
0.04,50,5,0.01,0.0,0.0001,True,0.0007074249076757193,3,0.18666666666666668,0.1866666666666667,0.7333333333333334,0.2666666666666667,0.0,0.0,0.0,0.0,0.0,0.0,0.3333333333333333,0.33333333333333337,0.3333333333333333,0.33333333333333337,0.0,0.0,0.3333333333333333,0.33333333333333337,0.3333333333333333,0.33333333333333337,0.0,0.0
0.04,50,5,0.01,0.0,0.0004,True,0.00282850667314044,3,0.04,0.04,0.75,0.25,0.0,0.0,0.0,0.0,0.0,0.0,0.3333333333333333,0.33333333333333337,0.3333333333333333,0.33333333333333337,0.0,0.0,0.3333333333333333,0.33333333333333337,0.3333333333333333,0.33333333333333337,0.0,0.0
0.04,50,5,0.01,0.01,5e-05,True,0.0052605719465796666,3,0.2333333333333333,0.2040697048668529,0.4617117117117117,0.2711790277512609,0.0,0.0,0.0,0.0,0.0,0.0,0.6666666666666666,0.33333333333333337,0.6666666666666666,0.33333333333333337,0.0,0.0,0.6666666666666666,0.33333333333333337,0.6666666666666666,0.33333333333333337,0.0,0.0
0.04,50,5,0.01,0.01,0.0001,True,0.005296094523811011,3,0.04,0.02,0.5,0.25,0.0,0.0,0.0,0.0,0.0,0.0,0.6666666666666666,0.33333333333333337,0.6666666666666666,0.33333333333333337,0.0,0.0,0.6666666666666666,0.33333333333333337,0.6666666666666666,0.33333333333333337,0.0,0.0
0.04,50,5,0.01,0.01,0.0004,True,0.005962266113244274,3,0.006666666666666667,0.006666666666666667,0.8333333333333334,0.16666666666666666,0.0,0.0,0.0,0.0,0.0,0.0,0.3333333333333333,0.33333333333333337,0.3333333333333333,0.33333333333333337,0.0,0.0,0.3333333333333333,0.33333333333333337,0.3333333333333333,0.33333333333333337,0.0,0.0
0.04,50,5,0.01,0.05,5e-05,True,0.026245082101060847,3,0.0,0.0,1.0,0.0,0.0,0.0,0.0,0.0,0.0,0.0,0.0,0.0,0.0,0.0,0.0,0.0,0.0,0.0,0.0,0.0,0.0,0.0
0.04,50,5,0.01,0.05,0.0001,True,0.02625222532455914,3,0.0,0.0,1.0,0.0,0.0,0.0,0.0,0.0,0.0,0.0,0.0,0.0,0.0,0.0,0.0,0.0,0.0,0.0,0.0,0.0,0.0,0.0
0.04,50,5,0.01,0.05,0.0004,True,0.02639468383010913,3,0.0,0.0,1.0,0.0,0.0,0.0,0.0,0.0,0.0,0.0,0.0,0.0,0.0,0.0,0.0,0.0,0.0,0.0,0.0,0.0,0.0,0.0
0.04,50,5,0.1,0.0,5e-05,True,0.00035418921496849676,3,0.0,0.0,1.0,0.0,0.0,0.0,0.0,0.0,0.0,0.0,0.0,0.0,0.0,0.0,0.0,0.0,0.0,0.0,0.0,0.0,0.0,0.0
0.04,50,5,0.1,0.0,0.0001,True,0.0007074249076757193,3,0.0,0.0,1.0,0.0,0.0,0.0,0.0,0.0,0.0,0.0,0.0,0.0,0.0,0.0,0.0,0.0,0.0,0.0,0.0,0.0,0.0,0.0
0.04,50,5,0.1,0.0,0.0004,True,0.00282850667314044,3,0.0,0.0,1.0,0.0,0.0,0.0,0.0,0.0,0.0,0.0,0.0,0.0,0.0,0.0,0.0,0.0,0.0,0.0,0.0,0.0,0.0,0.0
0.04,50,5,0.1,0.01,5e-05,True,0.0052605719465796666,3,0.0,0.0,1.0,0.0,0.0,0.0,0.0,0.0,0.0,0.0,0.0,0.0,0.0,0.0,0.0,0.0,0.0,0.0,0.0,0.0,0.0,0.0
0.04,50,5,0.1,0.01,0.0001,True,0.005296094523811011,3,0.0,0.0,1.0,0.0,0.0,0.0,0.0,0.0,0.0,0.0,0.0,0.0,0.0,0.0,0.0,0.0,0.0,0.0,0.0,0.0,0.0,0.0
0.04,50,5,0.1,0.01,0.0004,True,0.005962266113244274,3,0.0,0.0,1.0,0.0,0.0,0.0,0.0,0.0,0.0,0.0,0.0,0.0,0.0,0.0,0.0,0.0,0.0,0.0,0.0,0.0,0.0,0.0
0.04,50,5,0.1,0.05,5e-05,True,0.026245082101060847,3,0.0,0.0,1.0,0.0,0.0,0.0,0.0,0.0,0.0,0.0,0.0,0.0,0.0,0.0,0.0,0.0,0.0,0.0,0.0,0.0,0.0,0.0
0.04,50,5,0.1,0.05,0.0001,True,0.02625222532455914,3,0.0,0.0,1.0,0.0,0.0,0.0,0.0,0.0,0.0,0.0,0.0,0.0,0.0,0.0,0.0,0.0,0.0,0.0,0.0,0.0,0.0,0.0
0.04,50,5,0.1,0.05,0.0004,True,0.02639468383010913,3,0.0,0.0,1.0,0.0,0.0,0.0,0.0,0.0,0.0,0.0,0.0,0.0,0.0,0.0,0.0,0.0,0.0,0.0,0.0,0.0,0.0,0.0
0.04,50,10,0.0001,0.0,5e-05,True,0.0007074249076757193,3,0.0,0.0,0.6666666666666666,0.33333333333333337,0.0,0.0,0.0,0.0,0.0,0.0,0.0,0.0,0.0,0.0,0.0,0.0,0.0,0.0,0.0,0.0,0.0,0.0
0.04,50,10,0.0001,0.0,0.0001,True,0.0014143726524505486,3,0.0,0.0,1.0,0.0,0.0,0.0,0.0,0.0,0.0,0.0,0.0,0.0,0.0,0.0,0.0,0.0,0.0,0.0,0.0,0.0,0.0,0.0
0.04,50,10,0.0001,0.0,0.0004,True,0.005656894024108989,3,0.0,0.0,1.0,0.0,0.0,0.0,0.0,0.0,0.0,0.0,0.0,0.0,0.0,0.0,0.0,0.0,0.0,0.0,0.0,0.0,0.0,0.0
0.04,50,10,0.0001,0.01,5e-05,True,0.010521055692710848,3,0.0,0.0,1.0,0.0,0.0,0.0,0.0,0.0,0.0,0.0,0.0,0.0,0.0,0.0,0.0,0.0,0.0,0.0,0.0,0.0,0.0,0.0
0.04,50,10,0.0001,0.01,0.0001,True,0.010592101438766688,3,0.0,0.0,1.0,0.0,0.0,0.0,0.0,0.0,0.0,0.0,0.0,0.0,0.0,0.0,0.0,0.0,0.0,0.0,0.0,0.0,0.0,0.0
0.04,50,10,0.0001,0.01,0.0004,True,0.011924454406350142,3,0.0,0.0,1.0,0.0,0.0,0.0,0.0,0.0,0.0,0.0,0.0,0.0,0.0,0.0,0.0,0.0,0.0,0.0,0.0,0.0,0.0,0.0
0.04,50,10,0.0001,0.05,5e-05,True,0.05248713983049625,3,0.0,0.0,1.0,0.0,0.0,0.0,0.0,0.0,0.0,0.0,0.0,0.0,0.0,0.0,0.0,0.0,0.0,0.0,0.0,0.0,0.0,0.0
0.04,50,10,0.0001,0.05,0.0001,True,0.052501427100470954,3,0.0,0.0,1.0,0.0,0.0,0.0,0.0,0.0,0.0,0.0,0.0,0.0,0.0,0.0,0.0,0.0,0.0,0.0,0.0,0.0,0.0,0.0
0.04,50,10,0.0001,0.05,0.0004,True,0.05278636043132796,3,0.0,0.0,1.0,0.0,0.0,0.0,0.0,0.0,0.0,0.0,0.0,0.0,0.0,0.0,0.0,0.0,0.0,0.0,0.0,0.0,0.0,0.0
0.04,50,10,0.001,0.0,5e-05,True,0.0007074249076757193,3,0.9133333333333334,0.04371625682868001,0.036231884057971016,0.01917211094974341,0.0,0.0,0.0,0.0,0.0,0.0,1.0,0.0,1.0,0.0,0.0,0.0,1.0,0.0,1.0,0.0,0.0,0.0
0.04,50,10,0.001,0.0,0.0001,True,0.0014143726524505486,3,0.0,0.0,1.0,0.0,0.0,0.0,0.0,0.0,0.0,0.0,0.0,0.0,0.0,0.0,0.0,0.0,0.0,0.0,0.0,0.0,0.0,0.0
0.04,50,10,0.001,0.0,0.0004,True,0.005656894024108989,3,0.0,0.0,1.0,0.0,0.0,0.0,0.0,0.0,0.0,0.0,0.0,0.0,0.0,0.0,0.0,0.0,0.0,0.0,0.0,0.0,0.0,0.0
0.04,50,10,0.001,0.01,5e-05,True,0.010521055692710848,3,0.0,0.0,1.0,0.0,0.0,0.0,0.0,0.0,0.0,0.0,0.0,0.0,0.0,0.0,0.0,0.0,0.0,0.0,0.0,0.0,0.0,0.0
0.04,50,10,0.001,0.01,0.0001,True,0.010592101438766688,3,0.0,0.0,1.0,0.0,0.0,0.0,0.0,0.0,0.0,0.0,0.0,0.0,0.0,0.0,0.0,0.0,0.0,0.0,0.0,0.0,0.0,0.0
0.04,50,10,0.001,0.01,0.0004,True,0.011924454406350142,3,0.0,0.0,1.0,0.0,0.0,0.0,0.0,0.0,0.0,0.0,0.0,0.0,0.0,0.0,0.0,0.0,0.0,0.0,0.0,0.0,0.0,0.0
0.04,50,10,0.001,0.05,5e-05,True,0.05248713983049625,3,0.0,0.0,1.0,0.0,0.0,0.0,0.0,0.0,0.0,0.0,0.0,0.0,0.0,0.0,0.0,0.0,0.0,0.0,0.0,0.0,0.0,0.0
0.04,50,10,0.001,0.05,0.0001,True,0.052501427100470954,3,0.0,0.0,1.0,0.0,0.0,0.0,0.0,0.0,0.0,0.0,0.0,0.0,0.0,0.0,0.0,0.0,0.0,0.0,0.0,0.0,0.0,0.0
0.04,50,10,0.001,0.05,0.0004,True,0.05278636043132796,3,0.0,0.0,1.0,0.0,0.0,0.0,0.0,0.0,0.0,0.0,0.0,0.0,0.0,0.0,0.0,0.0,0.0,0.0,0.0,0.0,0.0,0.0
0.04,50,10,0.01,0.0,5e-05,True,0.0007074249076757193,3,0.5,0.2013289182738867,0.14559620596205963,0.03624129333106096,0.0,0.0,0.0,0.0,0.0,0.0,1.0,0.0,1.0,0.0,0.0,0.0,1.0,0.0,1.0,0.0,0.0,0.0
0.04,50,10,0.01,0.0,0.0001,True,0.0014143726524505486,3,0.7599999999999999,0.06429100507328636,0.0907748049052397,0.03282225516511478,0.0,0.0,0.0,0.0,0.0,0.0,1.0,0.0,1.0,0.0,0.0,0.0,1.0,0.0,1.0,0.0,0.0,0.0
0.04,50,10,0.01,0.0,0.0004,True,0.005656894024108989,3,0.05333333333333334,0.05333333333333334,0.7948717948717948,0.20512820512820515,0.0,0.0,0.0,0.0,0.0,0.0,0.3333333333333333,0.33333333333333337,0.3333333333333333,0.33333333333333337,0.0,0.0,0.3333333333333333,0.33333333333333337,0.3333333333333333,0.33333333333333337,0.0,0.0
0.04,50,10,0.01,0.01,5e-05,True,0.010521055692710848,3,0.0,0.0,1.0,0.0,0.0,0.0,0.0,0.0,0.0,0.0,0.0,0.0,0.0,0.0,0.0,0.0,0.0,0.0,0.0,0.0,0.0,0.0
0.04,50,10,0.01,0.01,0.0001,True,0.010592101438766688,3,0.0,0.0,1.0,0.0,0.0,0.0,0.0,0.0,0.0,0.0,0.0,0.0,0.0,0.0,0.0,0.0,0.0,0.0,0.0,0.0,0.0,0.0
0.04,50,10,0.01,0.01,0.0004,True,0.011924454406350142,3,0.0,0.0,1.0,0.0,0.0,0.0,0.0,0.0,0.0,0.0,0.0,0.0,0.0,0.0,0.0,0.0,0.0,0.0,0.0,0.0,0.0,0.0
0.04,50,10,0.01,0.05,5e-05,True,0.05248713983049625,3,0.0,0.0,1.0,0.0,0.0,0.0,0.0,0.0,0.0,0.0,0.0,0.0,0.0,0.0,0.0,0.0,0.0,0.0,0.0,0.0,0.0,0.0
0.04,50,10,0.01,0.05,0.0001,True,0.052501427100470954,3,0.0,0.0,1.0,0.0,0.0,0.0,0.0,0.0,0.0,0.0,0.0,0.0,0.0,0.0,0.0,0.0,0.0,0.0,0.0,0.0,0.0,0.0
0.04,50,10,0.01,0.05,0.0004,True,0.05278636043132796,3,0.0,0.0,1.0,0.0,0.0,0.0,0.0,0.0,0.0,0.0,0.0,0.0,0.0,0.0,0.0,0.0,0.0,0.0,0.0,0.0,0.0,0.0
0.04,50,10,0.1,0.0,5e-05,True,0.0007074249076757193,3,0.0,0.0,1.0,0.0,0.0,0.0,0.0,0.0,0.0,0.0,0.0,0.0,0.0,0.0,0.0,0.0,0.0,0.0,0.0,0.0,0.0,0.0
0.04,50,10,0.1,0.0,0.0001,True,0.0014143726524505486,3,0.0,0.0,1.0,0.0,0.0,0.0,0.0,0.0,0.0,0.0,0.0,0.0,0.0,0.0,0.0,0.0,0.0,0.0,0.0,0.0,0.0,0.0
0.04,50,10,0.1,0.0,0.0004,True,0.005656894024108989,3,0.0,0.0,1.0,0.0,0.0,0.0,0.0,0.0,0.0,0.0,0.0,0.0,0.0,0.0,0.0,0.0,0.0,0.0,0.0,0.0,0.0,0.0
0.04,50,10,0.1,0.01,5e-05,True,0.010521055692710848,3,0.0,0.0,1.0,0.0,0.0,0.0,0.0,0.0,0.0,0.0,0.0,0.0,0.0,0.0,0.0,0.0,0.0,0.0,0.0,0.0,0.0,0.0
0.04,50,10,0.1,0.01,0.0001,True,0.010592101438766688,3,0.0,0.0,1.0,0.0,0.0,0.0,0.0,0.0,0.0,0.0,0.0,0.0,0.0,0.0,0.0,0.0,0.0,0.0,0.0,0.0,0.0,0.0
0.04,50,10,0.1,0.01,0.0004,True,0.011924454406350142,3,0.0,0.0,1.0,0.0,0.0,0.0,0.0,0.0,0.0,0.0,0.0,0.0,0.0,0.0,0.0,0.0,0.0,0.0,0.0,0.0,0.0,0.0
0.04,50,10,0.1,0.05,5e-05,True,0.05248713983049625,3,0.0,0.0,1.0,0.0,0.0,0.0,0.0,0.0,0.0,0.0,0.0,0.0,0.0,0.0,0.0,0.0,0.0,0.0,0.0,0.0,0.0,0.0
0.04,50,10,0.1,0.05,0.0001,True,0.052501427100470954,3,0.0,0.0,1.0,0.0,0.0,0.0,0.0,0.0,0.0,0.0,0.0,0.0,0.0,0.0,0.0,0.0,0.0,0.0,0.0,0.0,0.0,0.0
0.04,50,10,0.1,0.05,0.0004,True,0.05278636043132796,3,0.0,0.0,1.0,0.0,0.0,0.0,0.0,0.0,0.0,0.0,0.0,0.0,0.0,0.0,0.0,0.0,0.0,0.0,0.0,0.0,0.0,0.0
0.04,50,20,0.0001,0.0,5e-05,True,0.0014143726524505486,3,0.0,0.0,1.0,0.0,0.0,0.0,0.0,0.0,0.0,0.0,0.0,0.0,0.0,0.0,0.0,0.0,0.0,0.0,0.0,0.0,0.0,0.0
0.04,50,20,0.0001,0.0,0.0001,True,0.00282850667314044,3,0.0,0.0,1.0,0.0,0.0,0.0,0.0,0.0,0.0,0.0,0.0,0.0,0.0,0.0,0.0,0.0,0.0,0.0,0.0,0.0,0.0,0.0
0.04,50,20,0.0001,0.0,0.0004,True,0.011313728386345501,3,0.0,0.0,1.0,0.0,0.0,0.0,0.0,0.0,0.0,0.0,0.0,0.0,0.0,0.0,0.0,0.0,0.0,0.0,0.0,0.0,0.0,0.0
0.04,50,20,0.0001,0.01,5e-05,True,0.02104188696070639,3,0.0,0.0,1.0,0.0,0.0,0.0,0.0,0.0,0.0,0.0,0.0,0.0,0.0,0.0,0.0,0.0,0.0,0.0,0.0,0.0,0.0,0.0
0.04,50,20,0.0001,0.01,0.0001,True,0.02118397995814633,3,0.0,0.0,1.0,0.0,0.0,0.0,0.0,0.0,0.0,0.0,0.0,0.0,0.0,0.0,0.0,0.0,0.0,0.0,0.0,0.0,0.0,0.0
0.04,50,20,0.0001,0.01,0.0004,True,0.02384871080094573,3,0.0,0.0,1.0,0.0,0.0,0.0,0.0,0.0,0.0,0.0,0.0,0.0,0.0,0.0,0.0,0.0,0.0,0.0,0.0,0.0,0.0,0.0
0.04,50,20,0.0001,0.05,5e-05,True,0.1049501935691241,3,0.0,0.0,1.0,0.0,0.0,0.0,0.0,0.0,0.0,0.0,0.0,0.0,0.0,0.0,0.0,0.0,0.0,0.0,0.0,0.0,0.0,0.0
0.04,50,20,0.0001,0.05,0.0001,True,0.10497877466515133,3,0.0,0.0,1.0,0.0,0.0,0.0,0.0,0.0,0.0,0.0,0.0,0.0,0.0,0.0,0.0,0.0,0.0,0.0,0.0,0.0,0.0,0.0
0.04,50,20,0.0001,0.05,0.0004,True,0.10554877133437707,3,0.0,0.0,1.0,0.0,0.0,0.0,0.0,0.0,0.0,0.0,0.0,0.0,0.0,0.0,0.0,0.0,0.0,0.0,0.0,0.0,0.0,0.0
0.04,50,20,0.001,0.0,5e-05,True,0.0014143726524505486,3,0.0,0.0,1.0,0.0,0.0,0.0,0.0,0.0,0.0,0.0,0.0,0.0,0.0,0.0,0.0,0.0,0.0,0.0,0.0,0.0,0.0,0.0
0.04,50,20,0.001,0.0,0.0001,True,0.00282850667314044,3,0.0,0.0,1.0,0.0,0.0,0.0,0.0,0.0,0.0,0.0,0.0,0.0,0.0,0.0,0.0,0.0,0.0,0.0,0.0,0.0,0.0,0.0
0.04,50,20,0.001,0.0,0.0004,True,0.011313728386345501,3,0.0,0.0,1.0,0.0,0.0,0.0,0.0,0.0,0.0,0.0,0.0,0.0,0.0,0.0,0.0,0.0,0.0,0.0,0.0,0.0,0.0,0.0
0.04,50,20,0.001,0.01,5e-05,True,0.02104188696070639,3,0.0,0.0,1.0,0.0,0.0,0.0,0.0,0.0,0.0,0.0,0.0,0.0,0.0,0.0,0.0,0.0,0.0,0.0,0.0,0.0,0.0,0.0
0.04,50,20,0.001,0.01,0.0001,True,0.02118397995814633,3,0.0,0.0,1.0,0.0,0.0,0.0,0.0,0.0,0.0,0.0,0.0,0.0,0.0,0.0,0.0,0.0,0.0,0.0,0.0,0.0,0.0,0.0
0.04,50,20,0.001,0.01,0.0004,True,0.02384871080094573,3,0.0,0.0,1.0,0.0,0.0,0.0,0.0,0.0,0.0,0.0,0.0,0.0,0.0,0.0,0.0,0.0,0.0,0.0,0.0,0.0,0.0,0.0
0.04,50,20,0.001,0.05,5e-05,True,0.1049501935691241,3,0.0,0.0,1.0,0.0,0.0,0.0,0.0,0.0,0.0,0.0,0.0,0.0,0.0,0.0,0.0,0.0,0.0,0.0,0.0,0.0,0.0,0.0
0.04,50,20,0.001,0.05,0.0001,True,0.10497877466515133,3,0.0,0.0,1.0,0.0,0.0,0.0,0.0,0.0,0.0,0.0,0.0,0.0,0.0,0.0,0.0,0.0,0.0,0.0,0.0,0.0,0.0,0.0
0.04,50,20,0.001,0.05,0.0004,True,0.10554877133437707,3,0.0,0.0,1.0,0.0,0.0,0.0,0.0,0.0,0.0,0.0,0.0,0.0,0.0,0.0,0.0,0.0,0.0,0.0,0.0,0.0,0.0,0.0
0.04,50,20,0.01,0.0,5e-05,True,0.0014143726524505486,3,0.48666666666666664,0.22519127672072714,0.16720211322909972,0.06997605337656002,0.0,0.0,0.0,0.0,0.0,0.0,1.0,0.0,1.0,0.0,0.0,0.0,1.0,0.0,1.0,0.0,0.0,0.0
0.04,50,20,0.01,0.0,0.0001,True,0.00282850667314044,3,0.19333333333333333,0.14621141466307538,0.49523809523809526,0.25359098963227333,0.0,0.0,0.0,0.0,0.0,0.0,0.6555555555555556,0.3279189902971935,0.6666666666666666,0.33333333333333337,0.0,0.0,0.6555555555555556,0.3279189902971935,0.6666666666666666,0.33333333333333337,0.0,0.0
0.04,50,20,0.01,0.0,0.0004,True,0.011313728386345501,3,0.0,0.0,1.0,0.0,0.0,0.0,0.0,0.0,0.0,0.0,0.0,0.0,0.0,0.0,0.0,0.0,0.0,0.0,0.0,0.0,0.0,0.0
0.04,50,20,0.01,0.01,5e-05,True,0.02104188696070639,3,0.0,0.0,1.0,0.0,0.0,0.0,0.0,0.0,0.0,0.0,0.0,0.0,0.0,0.0,0.0,0.0,0.0,0.0,0.0,0.0,0.0,0.0
0.04,50,20,0.01,0.01,0.0001,True,0.02118397995814633,3,0.0,0.0,1.0,0.0,0.0,0.0,0.0,0.0,0.0,0.0,0.0,0.0,0.0,0.0,0.0,0.0,0.0,0.0,0.0,0.0,0.0,0.0
0.04,50,20,0.01,0.01,0.0004,True,0.02384871080094573,3,0.0,0.0,1.0,0.0,0.0,0.0,0.0,0.0,0.0,0.0,0.0,0.0,0.0,0.0,0.0,0.0,0.0,0.0,0.0,0.0,0.0,0.0
0.04,50,20,0.01,0.05,5e-05,True,0.1049501935691241,3,0.0,0.0,1.0,0.0,0.0,0.0,0.0,0.0,0.0,0.0,0.0,0.0,0.0,0.0,0.0,0.0,0.0,0.0,0.0,0.0,0.0,0.0
0.04,50,20,0.01,0.05,0.0001,True,0.10497877466515133,3,0.0,0.0,1.0,0.0,0.0,0.0,0.0,0.0,0.0,0.0,0.0,0.0,0.0,0.0,0.0,0.0,0.0,0.0,0.0,0.0,0.0,0.0
0.04,50,20,0.01,0.05,0.0004,True,0.10554877133437707,3,0.0,0.0,1.0,0.0,0.0,0.0,0.0,0.0,0.0,0.0,0.0,0.0,0.0,0.0,0.0,0.0,0.0,0.0,0.0,0.0,0.0,0.0
0.04,50,20,0.1,0.0,5e-05,True,0.0014143726524505486,3,0.0,0.0,1.0,0.0,0.0,0.0,0.0,0.0,0.0,0.0,0.0,0.0,0.0,0.0,0.0,0.0,0.0,0.0,0.0,0.0,0.0,0.0
0.04,50,20,0.1,0.0,0.0001,True,0.00282850667314044,3,0.0,0.0,1.0,0.0,0.0,0.0,0.0,0.0,0.0,0.0,0.0,0.0,0.0,0.0,0.0,0.0,0.0,0.0,0.0,0.0,0.0,0.0
0.04,50,20,0.1,0.0,0.0004,True,0.011313728386345501,3,0.0,0.0,1.0,0.0,0.0,0.0,0.0,0.0,0.0,0.0,0.0,0.0,0.0,0.0,0.0,0.0,0.0,0.0,0.0,0.0,0.0,0.0
0.04,50,20,0.1,0.01,5e-05,True,0.02104188696070639,3,0.0,0.0,1.0,0.0,0.0,0.0,0.0,0.0,0.0,0.0,0.0,0.0,0.0,0.0,0.0,0.0,0.0,0.0,0.0,0.0,0.0,0.0
0.04,50,20,0.1,0.01,0.0001,True,0.02118397995814633,3,0.0,0.0,1.0,0.0,0.0,0.0,0.0,0.0,0.0,0.0,0.0,0.0,0.0,0.0,0.0,0.0,0.0,0.0,0.0,0.0,0.0,0.0
0.04,50,20,0.1,0.01,0.0004,True,0.02384871080094573,3,0.0,0.0,1.0,0.0,0.0,0.0,0.0,0.0,0.0,0.0,0.0,0.0,0.0,0.0,0.0,0.0,0.0,0.0,0.0,0.0,0.0,0.0
0.04,50,20,0.1,0.05,5e-05,True,0.1049501935691241,3,0.0,0.0,1.0,0.0,0.0,0.0,0.0,0.0,0.0,0.0,0.0,0.0,0.0,0.0,0.0,0.0,0.0,0.0,0.0,0.0,0.0,0.0
0.04,50,20,0.1,0.05,0.0001,True,0.10497877466515133,3,0.0,0.0,1.0,0.0,0.0,0.0,0.0,0.0,0.0,0.0,0.0,0.0,0.0,0.0,0.0,0.0,0.0,0.0,0.0,0.0,0.0,0.0
0.04,50,20,0.1,0.05,0.0004,True,0.10554877133437707,3,0.0,0.0,1.0,0.0,0.0,0.0,0.0,0.0,0.0,0.0,0.0,0.0,0.0,0.0,0.0,0.0,0.0,0.0,0.0,0.0,0.0,0.0
0.04,100,1,0.0001,0.0,5e-05,True,7.3824115301167e-05,3,0.9933333333333333,0.003333333333333336,0.0,0.0,0.0,0.0,0.0,0.0,0.0,0.0,1.0,0.0,0.9765252525252525,0.002336574191958924,0.0,0.0,1.0,0.0,0.9765252525252525,0.002336574191958924,0.0,0.0
0.04,100,1,0.0001,0.0,0.0001,True,0.00014300349646075093,3,0.9033333333333333,0.020275875100994052,0.0,0.0,0.0,0.0,0.0,0.0,0.0,0.0,0.9989417989417989,0.0010582010582010175,0.9378190810032333,0.005889546142626218,0.0,0.0,0.9989417989417989,0.0010582010582010175,0.9378190810032333,0.005889546142626218,0.0,0.0
0.04,100,1,0.0001,0.0,0.0004,True,0.0005660830327787611,3,0.3266666666666667,0.09614803401237305,0.21264802217183168,0.13477487769374139,0.0,0.0,0.0,0.0,0.0,0.0,0.9891994478951002,0.002395411234204067,0.7842323199302607,0.025785223892318666,0.0,0.0,0.9891994478951002,0.002395411234204067,0.7842323199302607,0.025785223892318666,0.0,0.0
0.04,100,1,0.0001,0.01,5e-05,True,0.0010523204394088015,3,0.2233333333333333,0.058118652580542315,0.3701608175956368,0.10299386108964594,0.0,0.0,0.0,0.0,0.0,0.0,0.9749456892314036,0.0015790418197046863,0.7663003663003662,0.016517398361988588,0.0,0.0,0.9749456892314036,0.0015790418197046863,0.7663003663003662,0.016517398361988588,0.0,0.0
0.04,100,1,0.0001,0.01,0.0001,True,0.0010594235730799712,3,0.26333333333333336,0.023333333333333334,0.281867869098859,0.04826869887609371,0.0,0.0,0.0,0.0,0.0,0.0,0.9878146544813212,0.007540789492579637,0.7216161616161617,0.0060234551579295605,0.0,0.0,0.9878146544813212,0.007540789492579637,0.7216161616161617,0.0060234551579295605,0.0,0.0
0.04,100,1,0.0001,0.01,0.0004,True,0.0011926350268198285,3,0.24333333333333332,0.018559214542766746,0.3126742538507245,0.02102457786548183,0.0,0.0,0.0,0.0,0.0,0.0,0.9760694791750693,0.007860886697990413,0.7137022397891964,0.015925687679761515,0.0,0.0,0.9760694791750693,0.007860886697990413,0.7137022397891964,0.015925687679761515,0.0,0.0
0.04,100,1,0.0001,0.05,5e-05,True,0.005249153951365971,3,0.016666666666666666,0.01666666666666667,0.8333333333333334,0.16666666666666666,0.0,0.0,0.0,0.0,0.0,0.0,0.3333333333333333,0.33333333333333337,0.21333333333333335,0.21333333333333335,0.0,0.0,0.3333333333333333,0.33333333333333337,0.21333333333333335,0.21333333333333335,0.0,0.0
0.04,100,1,0.0001,0.05,0.0001,True,0.00525058255864442,3,0.0,0.0,1.0,0.0,0.0,0.0,0.0,0.0,0.0,0.0,0.0,0.0,0.0,0.0,0.0,0.0,0.0,0.0,0.0,0.0,0.0,0.0
0.04,100,1,0.0001,0.05,0.0004,True,0.005279073517686696,3,0.0,0.0,1.0,0.0,0.0,0.0,0.0,0.0,0.0,0.0,0.0,0.0,0.0,0.0,0.0,0.0,0.0,0.0,0.0,0.0,0.0,0.0
0.04,100,1,0.001,0.0,5e-05,True,7.3824115301167e-05,3,1.0,0.0,0.0,0.0,0.0,0.0,0.0,0.0,0.0,0.0,1.0,0.0,1.0,0.0,0.0,0.0,1.0,0.0,1.0,0.0,0.0,0.0
0.04,100,1,0.001,0.0,0.0001,True,0.00014300349646075093,3,1.0,0.0,0.0,0.0,0.0,0.0,0.0,0.0,0.0,0.0,1.0,0.0,1.0,0.0,0.0,0.0,1.0,0.0,1.0,0.0,0.0,0.0
0.04,100,1,0.001,0.0,0.0004,True,0.0005660830327787611,3,0.8966666666666666,0.014529663145135593,0.035888634630053394,0.009656807810276188,0.0,0.0,0.0,0.0,0.0,0.0,1.0,0.0,0.976067521794658,0.004355035885366295,0.0,0.0,1.0,0.0,0.976067521794658,0.004355035885366295,0.0,0.0
0.04,100,1,0.001,0.01,5e-05,True,0.0010523204394088015,3,0.48666666666666664,0.10913803695829934,0.12454212454212454,0.011774909354081752,0.0,0.0,0.0,0.0,0.0,0.0,1.0,0.0,0.94468720821662,0.00707350549748473,0.0,0.0,1.0,0.0,0.94468720821662,0.00707350549748473,0.0,0.0
0.04,100,1,0.001,0.01,0.0001,True,0.0010594235730799712,3,0.6266666666666666,0.04333333333333331,0.10621693121693121,0.019783425381441743,0.0,0.0,0.0,0.0,0.0,0.0,1.0,0.0,0.9320153920153916,0.007826414387614692,0.0,0.0,1.0,0.0,0.9320153920153916,0.007826414387614692,0.0,0.0
0.04,100,1,0.001,0.01,0.0004,True,0.0011926350268198285,3,0.5033333333333333,0.13691035185275233,0.14288901596873835,0.05415015114528154,0.0,0.0,0.0,0.0,0.0,0.0,0.998639455782313,0.0013605442176870541,0.9416290726817041,0.007667739476499387,0.0,0.0,0.998639455782313,0.0013605442176870541,0.9416290726817041,0.007667739476499387,0.0,0.0
0.04,100,1,0.001,0.05,5e-05,True,0.005249153951365971,3,0.0,0.0,1.0,0.0,0.0,0.0,0.0,0.0,0.0,0.0,0.0,0.0,0.0,0.0,0.0,0.0,0.0,0.0,0.0,0.0,0.0,0.0
0.04,100,1,0.001,0.05,0.0001,True,0.00525058255864442,3,0.0,0.0,1.0,0.0,0.0,0.0,0.0,0.0,0.0,0.0,0.0,0.0,0.0,0.0,0.0,0.0,0.0,0.0,0.0,0.0,0.0,0.0
0.04,100,1,0.001,0.05,0.0004,True,0.005279073517686696,3,0.0,0.0,1.0,0.0,0.0,0.0,0.0,0.0,0.0,0.0,0.0,0.0,0.0,0.0,0.0,0.0,0.0,0.0,0.0,0.0,0.0,0.0
0.04,100,1,0.01,0.0,5e-05,True,7.3824115301167e-05,3,0.06333333333333334,0.03929942040850532,0.3074074074074074,0.0965097349688547,0.0,0.0,0.0,0.0,0.0,0.0,1.0,0.0,1.0,0.0,0.0,0.0,1.0,0.0,1.0,0.0,0.0,0.0
0.04,100,1,0.01,0.0,0.0001,True,0.00014300349646075093,3,0.049999999999999996,0.026457513110645908,0.5692307692307693,0.21702670737947516,0.0,0.0,0.0,0.0,0.0,0.0,0.6666666666666666,0.33333333333333337,0.6666666666666666,0.33333333333333337,0.0,0.0,0.6666666666666666,0.33333333333333337,0.6666666666666666,0.33333333333333337,0.0,0.0
0.04,100,1,0.01,0.0,0.0004,True,0.0005660830327787611,3,0.09666666666666666,0.09666666666666666,0.7387387387387387,0.2612612612612613,0.0,0.0,0.0,0.0,0.0,0.0,0.3333333333333333,0.33333333333333337,0.3333333333333333,0.33333333333333337,0.0,0.0,0.3333333333333333,0.33333333333333337,0.3333333333333333,0.33333333333333337,0.0,0.0
0.04,100,1,0.01,0.01,5e-05,True,0.0010523204394088015,3,0.17,0.16999999999999998,0.6964285714285715,0.3035714285714286,0.0,0.0,0.0,0.0,0.0,0.0,0.3333333333333333,0.33333333333333337,0.3333333333333333,0.33333333333333337,0.0,0.0,0.3333333333333333,0.33333333333333337,0.3333333333333333,0.33333333333333337,0.0,0.0
0.04,100,1,0.01,0.01,0.0001,True,0.0010594235730799712,3,0.0,0.0,1.0,0.0,0.0,0.0,0.0,0.0,0.0,0.0,0.0,0.0,0.0,0.0,0.0,0.0,0.0,0.0,0.0,0.0,0.0,0.0
0.04,100,1,0.01,0.01,0.0004,True,0.0011926350268198285,3,0.08333333333333333,0.07838650677536566,0.5370370370370371,0.2572674812861075,0.0,0.0,0.0,0.0,0.0,0.0,0.6666666666666666,0.33333333333333337,0.6666666666666666,0.33333333333333337,0.0,0.0,0.6666666666666666,0.33333333333333337,0.6666666666666666,0.33333333333333337,0.0,0.0
0.04,100,1,0.01,0.05,5e-05,True,0.005249153951365971,3,0.0033333333333333335,0.0033333333333333335,0.8333333333333334,0.16666666666666666,0.0,0.0,0.0,0.0,0.0,0.0,0.3333333333333333,0.33333333333333337,0.3333333333333333,0.33333333333333337,0.0,0.0,0.3333333333333333,0.33333333333333337,0.3333333333333333,0.33333333333333337,0.0,0.0
0.04,100,1,0.01,0.05,0.0001,True,0.00525058255864442,3,0.0,0.0,1.0,0.0,0.0,0.0,0.0,0.0,0.0,0.0,0.0,0.0,0.0,0.0,0.0,0.0,0.0,0.0,0.0,0.0,0.0,0.0
0.04,100,1,0.01,0.05,0.0004,True,0.005279073517686696,3,0.0,0.0,1.0,0.0,0.0,0.0,0.0,0.0,0.0,0.0,0.0,0.0,0.0,0.0,0.0,0.0,0.0,0.0,0.0,0.0,0.0,0.0
0.04,100,1,0.1,0.0,5e-05,True,7.3824115301167e-05,3,0.0,0.0,1.0,0.0,0.0,0.0,0.0,0.0,0.0,0.0,0.0,0.0,0.0,0.0,0.0,0.0,0.0,0.0,0.0,0.0,0.0,0.0
0.04,100,1,0.1,0.0,0.0001,True,0.00014300349646075093,3,0.0,0.0,1.0,0.0,0.0,0.0,0.0,0.0,0.0,0.0,0.0,0.0,0.0,0.0,0.0,0.0,0.0,0.0,0.0,0.0,0.0,0.0
0.04,100,1,0.1,0.0,0.0004,True,0.0005660830327787611,3,0.0,0.0,1.0,0.0,0.0,0.0,0.0,0.0,0.0,0.0,0.0,0.0,0.0,0.0,0.0,0.0,0.0,0.0,0.0,0.0,0.0,0.0
0.04,100,1,0.1,0.01,5e-05,True,0.0010523204394088015,3,0.0,0.0,1.0,0.0,0.0,0.0,0.0,0.0,0.0,0.0,0.0,0.0,0.0,0.0,0.0,0.0,0.0,0.0,0.0,0.0,0.0,0.0
0.04,100,1,0.1,0.01,0.0001,True,0.0010594235730799712,3,0.0,0.0,1.0,0.0,0.0,0.0,0.0,0.0,0.0,0.0,0.0,0.0,0.0,0.0,0.0,0.0,0.0,0.0,0.0,0.0,0.0,0.0
0.04,100,1,0.1,0.01,0.0004,True,0.0011926350268198285,3,0.0,0.0,1.0,0.0,0.0,0.0,0.0,0.0,0.0,0.0,0.0,0.0,0.0,0.0,0.0,0.0,0.0,0.0,0.0,0.0,0.0,0.0
0.04,100,1,0.1,0.05,5e-05,True,0.005249153951365971,3,0.0,0.0,1.0,0.0,0.0,0.0,0.0,0.0,0.0,0.0,0.0,0.0,0.0,0.0,0.0,0.0,0.0,0.0,0.0,0.0,0.0,0.0
0.04,100,1,0.1,0.05,0.0001,True,0.00525058255864442,3,0.0,0.0,1.0,0.0,0.0,0.0,0.0,0.0,0.0,0.0,0.0,0.0,0.0,0.0,0.0,0.0,0.0,0.0,0.0,0.0,0.0,0.0
0.04,100,1,0.1,0.05,0.0004,True,0.005279073517686696,3,0.0,0.0,1.0,0.0,0.0,0.0,0.0,0.0,0.0,0.0,0.0,0.0,0.0,0.0,0.0,0.0,0.0,0.0,0.0,0.0,0.0,0.0
0.04,100,2,0.0001,0.0,5e-05,True,0.00014300349646075093,3,0.3766666666666667,0.03666666666666667,0.0,0.0,0.0,0.0,0.0,0.0,0.0,0.0,0.9978835978835979,0.0021164021164021087,1.0,0.0,0.0,0.0,0.9978835978835979,0.0021164021164021087,1.0,0.0,0.0,0.0
0.04,100,2,0.0001,0.0,0.0001,True,0.0002836370920736567,3,0.03333333333333333,0.012018504251546632,0.3841269841269841,0.14342040632478115,0.0,0.0,0.0,0.0,0.0,0.0,0.980952380952381,0.019047619047619056,1.0,0.0,0.0,0.0,0.980952380952381,0.019047619047619056,1.0,0.0,0.0,0.0
0.04,100,2,0.0001,0.0,0.0004,True,0.0011315697062046156,3,0.023333333333333334,0.00881917103688197,0.85570987654321,0.04614816837748666,0.0,0.0,0.0,0.0,0.0,0.0,0.9523809523809524,0.047619047619047596,1.0,0.0,0.0,0.0,0.9523809523809524,0.047619047619047596,1.0,0.0,0.0,0.0
0.04,100,2,0.0001,0.01,5e-05,True,0.0021043199422362056,3,0.0033333333333333335,0.0033333333333333335,0.9743589743589745,0.025641025641025626,0.0,0.0,0.0,0.0,0.0,0.0,0.25,0.25,0.19999999999999998,0.2,0.0,0.0,0.25,0.25,0.19999999999999998,0.2,0.0,0.0
0.04,100,2,0.0001,0.01,0.0001,True,0.0021185283616919053,3,0.0033333333333333335,0.0033333333333333335,0.9761904761904763,0.023809523809523798,0.0,0.0,0.0,0.0,0.0,0.0,0.3333333333333333,0.33333333333333337,0.19999999999999998,0.2,0.0,0.0,0.3333333333333333,0.33333333333333337,0.19999999999999998,0.2,0.0,0.0
0.04,100,2,0.0001,0.01,0.0004,True,0.002384986880318839,3,0.0033333333333333335,0.0033333333333333335,0.9841269841269842,0.015873015873015893,0.0,0.0,0.0,0.0,0.0,0.0,0.3333333333333333,0.33333333333333337,0.3333333333333333,0.33333333333333337,0.0,0.0,0.3333333333333333,0.33333333333333337,0.3333333333333333,0.33333333333333337,0.0,0.0
0.04,100,2,0.0001,0.05,5e-05,True,0.01049821951042763,3,0.0,0.0,1.0,0.0,0.0,0.0,0.0,0.0,0.0,0.0,0.0,0.0,0.0,0.0,0.0,0.0,0.0,0.0,0.0,0.0,0.0,0.0
0.04,100,2,0.0001,0.05,0.0001,True,0.010501076749034994,3,0.0,0.0,1.0,0.0,0.0,0.0,0.0,0.0,0.0,0.0,0.0,0.0,0.0,0.0,0.0,0.0,0.0,0.0,0.0,0.0,0.0,0.0
0.04,100,2,0.0001,0.05,0.0004,True,0.010558059144043631,3,0.0,0.0,1.0,0.0,0.0,0.0,0.0,0.0,0.0,0.0,0.0,0.0,0.0,0.0,0.0,0.0,0.0,0.0,0.0,0.0,0.0,0.0
0.04,100,2,0.001,0.0,5e-05,True,0.00014300349646075093,3,0.9933333333333333,0.006666666666666672,0.0033670033670033673,0.0033670033670033673,0.0,0.0,0.0,0.0,0.0,0.0,1.0,0.0,1.0,0.0,0.0,0.0,1.0,0.0,1.0,0.0,0.0,0.0
0.04,100,2,0.001,0.0,0.0001,True,0.0002836370920736567,3,1.0,0.0,0.0,0.0,0.0,0.0,0.0,0.0,0.0,0.0,1.0,0.0,1.0,0.0,0.0,0.0,1.0,0.0,1.0,0.0,0.0,0.0
0.04,100,2,0.001,0.0,0.0004,True,0.0011315697062046156,3,0.4833333333333334,0.07310570733153769,0.1310411334891139,0.03844903712887609,0.0,0.0,0.0,0.0,0.0,0.0,0.9902476108647217,0.002572668394213242,1.0,0.0,0.0,0.0,0.9902476108647217,0.002572668394213242,1.0,0.0,0.0,0.0
0.04,100,2,0.001,0.01,5e-05,True,0.0021043199422362056,3,0.030000000000000002,0.01,0.8379629629629629,0.028160937640269532,0.0,0.0,0.0,0.0,0.0,0.0,0.980952380952381,0.019047619047619056,1.0,0.0,0.0,0.0,0.980952380952381,0.019047619047619056,1.0,0.0,0.0,0.0
0.04,100,2,0.001,0.01,0.0001,True,0.0021185283616919053,3,0.05333333333333334,0.03179797338056486,0.7572463768115942,0.13810955472859363,0.0,0.0,0.0,0.0,0.0,0.0,0.61991341991342,0.31100333584206635,0.6666666666666666,0.33333333333333337,0.0,0.0,0.61991341991342,0.31100333584206635,0.6666666666666666,0.33333333333333337,0.0,0.0
0.04,100,2,0.001,0.01,0.0004,True,0.002384986880318839,3,0.013333333333333334,0.008819171036881969,0.9315476190476191,0.041346559492410145,0.0,0.0,0.0,0.0,0.0,0.0,0.5396825396825397,0.27538653290313453,0.6666666666666666,0.33333333333333337,0.0,0.0,0.5396825396825397,0.27538653290313453,0.6666666666666666,0.33333333333333337,0.0,0.0
0.04,100,2,0.001,0.05,5e-05,True,0.01049821951042763,3,0.0,0.0,1.0,0.0,0.0,0.0,0.0,0.0,0.0,0.0,0.0,0.0,0.0,0.0,0.0,0.0,0.0,0.0,0.0,0.0,0.0,0.0
0.04,100,2,0.001,0.05,0.0001,True,0.010501076749034994,3,0.0,0.0,1.0,0.0,0.0,0.0,0.0,0.0,0.0,0.0,0.0,0.0,0.0,0.0,0.0,0.0,0.0,0.0,0.0,0.0,0.0,0.0
0.04,100,2,0.001,0.05,0.0004,True,0.010558059144043631,3,0.0,0.0,1.0,0.0,0.0,0.0,0.0,0.0,0.0,0.0,0.0,0.0,0.0,0.0,0.0,0.0,0.0,0.0,0.0,0.0,0.0,0.0
0.04,100,2,0.01,0.0,5e-05,True,0.00014300349646075093,3,0.27,0.20550750189064473,0.1623604465709729,0.02902711323763956,0.0,0.0,0.0,0.0,0.0,0.0,1.0,0.0,1.0,0.0,0.0,0.0,1.0,0.0,1.0,0.0,0.0,0.0
0.04,100,2,0.01,0.0,0.0001,True,0.0002836370920736567,3,0.04666666666666667,0.046666666666666676,0.7254901960784313,0.27450980392156865,0.0,0.0,0.0,0.0,0.0,0.0,0.3333333333333333,0.33333333333333337,0.3333333333333333,0.33333333333333337,0.0,0.0,0.3333333333333333,0.33333333333333337,0.3333333333333333,0.33333333333333337,0.0,0.0
0.04,100,2,0.01,0.0,0.0004,True,0.0011315697062046156,3,0.12,0.12000000000000001,0.7272727272727272,0.27272727272727276,0.0,0.0,0.0,0.0,0.0,0.0,0.3333333333333333,0.33333333333333337,0.3333333333333333,0.33333333333333337,0.0,0.0,0.3333333333333333,0.33333333333333337,0.3333333333333333,0.33333333333333337,0.0,0.0
0.04,100,2,0.01,0.01,5e-05,True,0.0021043199422362056,3,0.10666666666666667,0.046666666666666676,0.17216117216117213,0.02930402930402931,0.0,0.0,0.0,0.0,0.0,0.0,1.0,0.0,1.0,0.0,0.0,0.0,1.0,0.0,1.0,0.0,0.0,0.0
0.04,100,2,0.01,0.01,0.0001,True,0.0021185283616919053,3,0.0,0.0,1.0,0.0,0.0,0.0,0.0,0.0,0.0,0.0,0.0,0.0,0.0,0.0,0.0,0.0,0.0,0.0,0.0,0.0,0.0,0.0
0.04,100,2,0.01,0.01,0.0004,True,0.002384986880318839,3,0.013333333333333334,0.008819171036881969,0.5833333333333334,0.22047927592204922,0.0,0.0,0.0,0.0,0.0,0.0,0.6481481481481483,0.3244706568136154,0.6666666666666666,0.33333333333333337,0.0,0.0,0.6481481481481483,0.3244706568136154,0.6666666666666666,0.33333333333333337,0.0,0.0
0.04,100,2,0.01,0.05,5e-05,True,0.01049821951042763,3,0.0,0.0,1.0,0.0,0.0,0.0,0.0,0.0,0.0,0.0,0.0,0.0,0.0,0.0,0.0,0.0,0.0,0.0,0.0,0.0,0.0,0.0
0.04,100,2,0.01,0.05,0.0001,True,0.010501076749034994,3,0.0,0.0,1.0,0.0,0.0,0.0,0.0,0.0,0.0,0.0,0.0,0.0,0.0,0.0,0.0,0.0,0.0,0.0,0.0,0.0,0.0,0.0
0.04,100,2,0.01,0.05,0.0004,True,0.010558059144043631,3,0.0,0.0,1.0,0.0,0.0,0.0,0.0,0.0,0.0,0.0,0.0,0.0,0.0,0.0,0.0,0.0,0.0,0.0,0.0,0.0,0.0,0.0
0.04,100,2,0.1,0.0,5e-05,True,0.00014300349646075093,3,0.0,0.0,1.0,0.0,0.0,0.0,0.0,0.0,0.0,0.0,0.0,0.0,0.0,0.0,0.0,0.0,0.0,0.0,0.0,0.0,0.0,0.0
0.04,100,2,0.1,0.0,0.0001,True,0.0002836370920736567,3,0.0,0.0,1.0,0.0,0.0,0.0,0.0,0.0,0.0,0.0,0.0,0.0,0.0,0.0,0.0,0.0,0.0,0.0,0.0,0.0,0.0,0.0
0.04,100,2,0.1,0.0,0.0004,True,0.0011315697062046156,3,0.0,0.0,1.0,0.0,0.0,0.0,0.0,0.0,0.0,0.0,0.0,0.0,0.0,0.0,0.0,0.0,0.0,0.0,0.0,0.0,0.0,0.0
0.04,100,2,0.1,0.01,5e-05,True,0.0021043199422362056,3,0.0,0.0,1.0,0.0,0.0,0.0,0.0,0.0,0.0,0.0,0.0,0.0,0.0,0.0,0.0,0.0,0.0,0.0,0.0,0.0,0.0,0.0
0.04,100,2,0.1,0.01,0.0001,True,0.0021185283616919053,3,0.0,0.0,1.0,0.0,0.0,0.0,0.0,0.0,0.0,0.0,0.0,0.0,0.0,0.0,0.0,0.0,0.0,0.0,0.0,0.0,0.0,0.0
0.04,100,2,0.1,0.01,0.0004,True,0.002384986880318839,3,0.0,0.0,1.0,0.0,0.0,0.0,0.0,0.0,0.0,0.0,0.0,0.0,0.0,0.0,0.0,0.0,0.0,0.0,0.0,0.0,0.0,0.0
0.04,100,2,0.1,0.05,5e-05,True,0.01049821951042763,3,0.0,0.0,1.0,0.0,0.0,0.0,0.0,0.0,0.0,0.0,0.0,0.0,0.0,0.0,0.0,0.0,0.0,0.0,0.0,0.0,0.0,0.0
0.04,100,2,0.1,0.05,0.0001,True,0.010501076749034994,3,0.0,0.0,1.0,0.0,0.0,0.0,0.0,0.0,0.0,0.0,0.0,0.0,0.0,0.0,0.0,0.0,0.0,0.0,0.0,0.0,0.0,0.0
0.04,100,2,0.1,0.05,0.0004,True,0.010558059144043631,3,0.0,0.0,1.0,0.0,0.0,0.0,0.0,0.0,0.0,0.0,0.0,0.0,0.0,0.0,0.0,0.0,0.0,0.0,0.0,0.0,0.0,0.0
0.04,100,3,0.0001,0.0,5e-05,True,0.00021319005605327846,3,0.0033333333333333335,0.0033333333333333335,0.3333333333333333,0.33333333333333337,0.0,0.0,0.0,0.0,0.0,0.0,0.2380952380952381,0.23809523809523808,0.3333333333333333,0.33333333333333337,0.0,0.0,0.2380952380952381,0.23809523809523808,0.3333333333333333,0.33333333333333337,0.0,0.0
0.04,100,3,0.0001,0.0,0.0001,True,0.0004247940677551889,3,0.0,0.0,0.6666666666666666,0.33333333333333337,0.0,0.0,0.0,0.0,0.0,0.0,0.0,0.0,0.0,0.0,0.0,0.0,0.0,0.0,0.0,0.0,0.0,0.0
0.04,100,3,0.0001,0.0,0.0004,True,0.0016971888521905864,3,0.0,0.0,1.0,0.0,0.0,0.0,0.0,0.0,0.0,0.0,0.0,0.0,0.0,0.0,0.0,0.0,0.0,0.0,0.0,0.0,0.0,0.0
0.04,100,3,0.0001,0.01,5e-05,True,0.003156390328808629,3,0.0,0.0,1.0,0.0,0.0,0.0,0.0,0.0,0.0,0.0,0.0,0.0,0.0,0.0,0.0,0.0,0.0,0.0,0.0,0.0,0.0,0.0
0.04,100,3,0.0001,0.01,0.0001,True,0.0031777035588293387,3,0.0,0.0,1.0,0.0,0.0,0.0,0.0,0.0,0.0,0.0,0.0,0.0,0.0,0.0,0.0,0.0,0.0,0.0,0.0,0.0,0.0,0.0
0.04,100,3,0.0001,0.01,0.0004,True,0.00357740127855356,3,0.0,0.0,1.0,0.0,0.0,0.0,0.0,0.0,0.0,0.0,0.0,0.0,0.0,0.0,0.0,0.0,0.0,0.0,0.0,0.0,0.0,0.0
0.04,100,3,0.0001,0.05,5e-05,True,0.015747251165976188,3,0.0,0.0,1.0,0.0,0.0,0.0,0.0,0.0,0.0,0.0,0.0,0.0,0.0,0.0,0.0,0.0,0.0,0.0,0.0,0.0,0.0,0.0
0.04,100,3,0.0001,0.05,0.0001,True,0.015751537045137484,3,0.0,0.0,1.0,0.0,0.0,0.0,0.0,0.0,0.0,0.0,0.0,0.0,0.0,0.0,0.0,0.0,0.0,0.0,0.0,0.0,0.0,0.0
0.04,100,3,0.0001,0.05,0.0004,True,0.015837011059045784,3,0.0,0.0,1.0,0.0,0.0,0.0,0.0,0.0,0.0,0.0,0.0,0.0,0.0,0.0,0.0,0.0,0.0,0.0,0.0,0.0,0.0,0.0
0.04,100,3,0.001,0.0,5e-05,True,0.00021319005605327846,3,0.6566666666666666,0.32844752667325383,0.336734693877551,0.3316457349591433,0.0,0.0,0.0,0.0,0.0,0.0,0.6666666666666666,0.33333333333333337,0.6666666666666666,0.33333333333333337,0.0,0.0,0.6666666666666666,0.33333333333333337,0.6666666666666666,0.33333333333333337,0.0,0.0
0.04,100,3,0.001,0.0,0.0001,True,0.0004247940677551889,3,0.93,0.03511884584284246,0.02505396238051187,0.012851705756915946,0.0,0.0,0.0,0.0,0.0,0.0,1.0,0.0,1.0,0.0,0.0,0.0,1.0,0.0,1.0,0.0,0.0,0.0
0.04,100,3,0.001,0.0,0.0004,True,0.0016971888521905864,3,0.0033333333333333335,0.0033333333333333335,0.9848484848484849,0.015151515151515138,0.0,0.0,0.0,0.0,0.0,0.0,0.2380952380952381,0.23809523809523808,0.3333333333333333,0.33333333333333337,0.0,0.0,0.2380952380952381,0.23809523809523808,0.3333333333333333,0.33333333333333337,0.0,0.0
0.04,100,3,0.001,0.01,5e-05,True,0.003156390328808629,3,0.0,0.0,1.0,0.0,0.0,0.0,0.0,0.0,0.0,0.0,0.0,0.0,0.0,0.0,0.0,0.0,0.0,0.0,0.0,0.0,0.0,0.0
0.04,100,3,0.001,0.01,0.0001,True,0.0031777035588293387,3,0.0,0.0,1.0,0.0,0.0,0.0,0.0,0.0,0.0,0.0,0.0,0.0,0.0,0.0,0.0,0.0,0.0,0.0,0.0,0.0,0.0,0.0
0.04,100,3,0.001,0.01,0.0004,True,0.00357740127855356,3,0.0,0.0,1.0,0.0,0.0,0.0,0.0,0.0,0.0,0.0,0.0,0.0,0.0,0.0,0.0,0.0,0.0,0.0,0.0,0.0,0.0,0.0
0.04,100,3,0.001,0.05,5e-05,True,0.015747251165976188,3,0.0,0.0,1.0,0.0,0.0,0.0,0.0,0.0,0.0,0.0,0.0,0.0,0.0,0.0,0.0,0.0,0.0,0.0,0.0,0.0,0.0,0.0
0.04,100,3,0.001,0.05,0.0001,True,0.015751537045137484,3,0.0,0.0,1.0,0.0,0.0,0.0,0.0,0.0,0.0,0.0,0.0,0.0,0.0,0.0,0.0,0.0,0.0,0.0,0.0,0.0,0.0,0.0
0.04,100,3,0.001,0.05,0.0004,True,0.015837011059045784,3,0.0,0.0,1.0,0.0,0.0,0.0,0.0,0.0,0.0,0.0,0.0,0.0,0.0,0.0,0.0,0.0,0.0,0.0,0.0,0.0,0.0,0.0
0.04,100,3,0.01,0.0,5e-05,True,0.00021319005605327846,3,0.24666666666666667,0.12978614889287857,0.425364758698092,0.28860367339863924,0.0,0.0,0.0,0.0,0.0,0.0,0.6666666666666666,0.33333333333333337,0.6666666666666666,0.33333333333333337,0.0,0.0,0.6666666666666666,0.33333333333333337,0.6666666666666666,0.33333333333333337,0.0,0.0
0.04,100,3,0.01,0.0,0.0001,True,0.0004247940677551889,3,0.5066666666666667,0.17052207416571555,0.11885143570536827,0.032296419186036596,0.0,0.0,0.0,0.0,0.0,0.0,1.0,0.0,1.0,0.0,0.0,0.0,1.0,0.0,1.0,0.0,0.0,0.0
0.04,100,3,0.01,0.0,0.0004,True,0.0016971888521905864,3,0.0,0.0,1.0,0.0,0.0,0.0,0.0,0.0,0.0,0.0,0.0,0.0,0.0,0.0,0.0,0.0,0.0,0.0,0.0,0.0,0.0,0.0
0.04,100,3,0.01,0.01,5e-05,True,0.003156390328808629,3,0.0,0.0,1.0,0.0,0.0,0.0,0.0,0.0,0.0,0.0,0.0,0.0,0.0,0.0,0.0,0.0,0.0,0.0,0.0,0.0,0.0,0.0
0.04,100,3,0.01,0.01,0.0001,True,0.0031777035588293387,3,0.0,0.0,1.0,0.0,0.0,0.0,0.0,0.0,0.0,0.0,0.0,0.0,0.0,0.0,0.0,0.0,0.0,0.0,0.0,0.0,0.0,0.0
0.04,100,3,0.01,0.01,0.0004,True,0.00357740127855356,3,0.0033333333333333335,0.0033333333333333335,0.8333333333333334,0.16666666666666666,0.0,0.0,0.0,0.0,0.0,0.0,0.3333333333333333,0.33333333333333337,0.3333333333333333,0.33333333333333337,0.0,0.0,0.3333333333333333,0.33333333333333337,0.3333333333333333,0.33333333333333337,0.0,0.0
0.04,100,3,0.01,0.05,5e-05,True,0.015747251165976188,3,0.0,0.0,1.0,0.0,0.0,0.0,0.0,0.0,0.0,0.0,0.0,0.0,0.0,0.0,0.0,0.0,0.0,0.0,0.0,0.0,0.0,0.0
0.04,100,3,0.01,0.05,0.0001,True,0.015751537045137484,3,0.0,0.0,1.0,0.0,0.0,0.0,0.0,0.0,0.0,0.0,0.0,0.0,0.0,0.0,0.0,0.0,0.0,0.0,0.0,0.0,0.0,0.0
0.04,100,3,0.01,0.05,0.0004,True,0.015837011059045784,3,0.0,0.0,1.0,0.0,0.0,0.0,0.0,0.0,0.0,0.0,0.0,0.0,0.0,0.0,0.0,0.0,0.0,0.0,0.0,0.0,0.0,0.0
0.04,100,3,0.1,0.0,5e-05,True,0.00021319005605327846,3,0.0,0.0,1.0,0.0,0.0,0.0,0.0,0.0,0.0,0.0,0.0,0.0,0.0,0.0,0.0,0.0,0.0,0.0,0.0,0.0,0.0,0.0
0.04,100,3,0.1,0.0,0.0001,True,0.0004247940677551889,3,0.0,0.0,1.0,0.0,0.0,0.0,0.0,0.0,0.0,0.0,0.0,0.0,0.0,0.0,0.0,0.0,0.0,0.0,0.0,0.0,0.0,0.0
0.04,100,3,0.1,0.0,0.0004,True,0.0016971888521905864,3,0.0,0.0,1.0,0.0,0.0,0.0,0.0,0.0,0.0,0.0,0.0,0.0,0.0,0.0,0.0,0.0,0.0,0.0,0.0,0.0,0.0,0.0
0.04,100,3,0.1,0.01,5e-05,True,0.003156390328808629,3,0.0,0.0,1.0,0.0,0.0,0.0,0.0,0.0,0.0,0.0,0.0,0.0,0.0,0.0,0.0,0.0,0.0,0.0,0.0,0.0,0.0,0.0
0.04,100,3,0.1,0.01,0.0001,True,0.0031777035588293387,3,0.0,0.0,1.0,0.0,0.0,0.0,0.0,0.0,0.0,0.0,0.0,0.0,0.0,0.0,0.0,0.0,0.0,0.0,0.0,0.0,0.0,0.0
0.04,100,3,0.1,0.01,0.0004,True,0.00357740127855356,3,0.0,0.0,1.0,0.0,0.0,0.0,0.0,0.0,0.0,0.0,0.0,0.0,0.0,0.0,0.0,0.0,0.0,0.0,0.0,0.0,0.0,0.0
0.04,100,3,0.1,0.05,5e-05,True,0.015747251165976188,3,0.0,0.0,1.0,0.0,0.0,0.0,0.0,0.0,0.0,0.0,0.0,0.0,0.0,0.0,0.0,0.0,0.0,0.0,0.0,0.0,0.0,0.0
0.04,100,3,0.1,0.05,0.0001,True,0.015751537045137484,3,0.0,0.0,1.0,0.0,0.0,0.0,0.0,0.0,0.0,0.0,0.0,0.0,0.0,0.0,0.0,0.0,0.0,0.0,0.0,0.0,0.0,0.0
0.04,100,3,0.1,0.05,0.0004,True,0.015837011059045784,3,0.0,0.0,1.0,0.0,0.0,0.0,0.0,0.0,0.0,0.0,0.0,0.0,0.0,0.0,0.0,0.0,0.0,0.0,0.0,0.0,0.0,0.0
0.04,100,5,0.0001,0.0,5e-05,True,0.00035418921496849676,3,0.0,0.0,0.6666666666666666,0.33333333333333337,0.0,0.0,0.0,0.0,0.0,0.0,0.0,0.0,0.0,0.0,0.0,0.0,0.0,0.0,0.0,0.0,0.0,0.0
0.04,100,5,0.0001,0.0,0.0001,True,0.0007074249076757193,3,0.0,0.0,1.0,0.0,0.0,0.0,0.0,0.0,0.0,0.0,0.0,0.0,0.0,0.0,0.0,0.0,0.0,0.0,0.0,0.0,0.0,0.0
0.04,100,5,0.0001,0.0,0.0004,True,0.00282850667314044,3,0.0,0.0,1.0,0.0,0.0,0.0,0.0,0.0,0.0,0.0,0.0,0.0,0.0,0.0,0.0,0.0,0.0,0.0,0.0,0.0,0.0,0.0
0.04,100,5,0.0001,0.01,5e-05,True,0.0052605719465796666,3,0.0,0.0,1.0,0.0,0.0,0.0,0.0,0.0,0.0,0.0,0.0,0.0,0.0,0.0,0.0,0.0,0.0,0.0,0.0,0.0,0.0,0.0
0.04,100,5,0.0001,0.01,0.0001,True,0.005296094523811011,3,0.0,0.0,1.0,0.0,0.0,0.0,0.0,0.0,0.0,0.0,0.0,0.0,0.0,0.0,0.0,0.0,0.0,0.0,0.0,0.0,0.0,0.0
0.04,100,5,0.0001,0.01,0.0004,True,0.005962266113244274,3,0.0,0.0,1.0,0.0,0.0,0.0,0.0,0.0,0.0,0.0,0.0,0.0,0.0,0.0,0.0,0.0,0.0,0.0,0.0,0.0,0.0,0.0
0.04,100,5,0.0001,0.05,5e-05,True,0.026245082101060847,3,0.0,0.0,1.0,0.0,0.0,0.0,0.0,0.0,0.0,0.0,0.0,0.0,0.0,0.0,0.0,0.0,0.0,0.0,0.0,0.0,0.0,0.0
0.04,100,5,0.0001,0.05,0.0001,True,0.02625222532455914,3,0.0,0.0,1.0,0.0,0.0,0.0,0.0,0.0,0.0,0.0,0.0,0.0,0.0,0.0,0.0,0.0,0.0,0.0,0.0,0.0,0.0,0.0
0.04,100,5,0.0001,0.05,0.0004,True,0.02639468383010913,3,0.0,0.0,1.0,0.0,0.0,0.0,0.0,0.0,0.0,0.0,0.0,0.0,0.0,0.0,0.0,0.0,0.0,0.0,0.0,0.0,0.0,0.0
0.04,100,5,0.001,0.0,5e-05,True,0.00035418921496849676,3,0.5866666666666667,0.29790005781208645,0.3602641056422569,0.32034256268388117,0.0,0.0,0.0,0.0,0.0,0.0,0.6666666666666666,0.33333333333333337,0.6666666666666666,0.33333333333333337,0.0,0.0,0.6666666666666666,0.33333333333333337,0.6666666666666666,0.33333333333333337,0.0,0.0
0.04,100,5,0.001,0.0,0.0001,True,0.0007074249076757193,3,0.8666666666666666,0.08875684637129566,0.04497783962069676,0.029618500113100157,0.0,0.0,0.0,0.0,0.0,0.0,1.0,0.0,1.0,0.0,0.0,0.0,1.0,0.0,1.0,0.0,0.0,0.0
0.04,100,5,0.001,0.0,0.0004,True,0.00282850667314044,3,0.0,0.0,1.0,0.0,0.0,0.0,0.0,0.0,0.0,0.0,0.0,0.0,0.0,0.0,0.0,0.0,0.0,0.0,0.0,0.0,0.0,0.0
0.04,100,5,0.001,0.01,5e-05,True,0.0052605719465796666,3,0.0,0.0,1.0,0.0,0.0,0.0,0.0,0.0,0.0,0.0,0.0,0.0,0.0,0.0,0.0,0.0,0.0,0.0,0.0,0.0,0.0,0.0
0.04,100,5,0.001,0.01,0.0001,True,0.005296094523811011,3,0.0,0.0,1.0,0.0,0.0,0.0,0.0,0.0,0.0,0.0,0.0,0.0,0.0,0.0,0.0,0.0,0.0,0.0,0.0,0.0,0.0,0.0
0.04,100,5,0.001,0.01,0.0004,True,0.005962266113244274,3,0.0,0.0,1.0,0.0,0.0,0.0,0.0,0.0,0.0,0.0,0.0,0.0,0.0,0.0,0.0,0.0,0.0,0.0,0.0,0.0,0.0,0.0
0.04,100,5,0.001,0.05,5e-05,True,0.026245082101060847,3,0.0,0.0,1.0,0.0,0.0,0.0,0.0,0.0,0.0,0.0,0.0,0.0,0.0,0.0,0.0,0.0,0.0,0.0,0.0,0.0,0.0,0.0
0.04,100,5,0.001,0.05,0.0001,True,0.02625222532455914,3,0.0,0.0,1.0,0.0,0.0,0.0,0.0,0.0,0.0,0.0,0.0,0.0,0.0,0.0,0.0,0.0,0.0,0.0,0.0,0.0,0.0,0.0
0.04,100,5,0.001,0.05,0.0004,True,0.02639468383010913,3,0.0,0.0,1.0,0.0,0.0,0.0,0.0,0.0,0.0,0.0,0.0,0.0,0.0,0.0,0.0,0.0,0.0,0.0,0.0,0.0,0.0,0.0
0.04,100,5,0.01,0.0,5e-05,True,0.00035418921496849676,3,0.13666666666666666,0.08412952976082641,0.43104643104643103,0.28730458134314946,0.0,0.0,0.0,0.0,0.0,0.0,0.6666666666666666,0.33333333333333337,0.6666666666666666,0.33333333333333337,0.0,0.0,0.6666666666666666,0.33333333333333337,0.6666666666666666,0.33333333333333337,0.0,0.0
0.04,100,5,0.01,0.0,0.0001,True,0.0007074249076757193,3,0.03,0.030000000000000002,0.7000000000000001,0.30000000000000004,0.0,0.0,0.0,0.0,0.0,0.0,0.3333333333333333,0.33333333333333337,0.3333333333333333,0.33333333333333337,0.0,0.0,0.3333333333333333,0.33333333333333337,0.3333333333333333,0.33333333333333337,0.0,0.0
0.04,100,5,0.01,0.0,0.0004,True,0.00282850667314044,3,0.013333333333333334,0.013333333333333334,0.7333333333333334,0.2666666666666667,0.0,0.0,0.0,0.0,0.0,0.0,0.3333333333333333,0.33333333333333337,0.3333333333333333,0.33333333333333337,0.0,0.0,0.3333333333333333,0.33333333333333337,0.3333333333333333,0.33333333333333337,0.0,0.0
0.04,100,5,0.01,0.01,5e-05,True,0.0052605719465796666,3,0.0,0.0,1.0,0.0,0.0,0.0,0.0,0.0,0.0,0.0,0.0,0.0,0.0,0.0,0.0,0.0,0.0,0.0,0.0,0.0,0.0,0.0
0.04,100,5,0.01,0.01,0.0001,True,0.005296094523811011,3,0.0,0.0,1.0,0.0,0.0,0.0,0.0,0.0,0.0,0.0,0.0,0.0,0.0,0.0,0.0,0.0,0.0,0.0,0.0,0.0,0.0,0.0
0.04,100,5,0.01,0.01,0.0004,True,0.005962266113244274,3,0.0,0.0,1.0,0.0,0.0,0.0,0.0,0.0,0.0,0.0,0.0,0.0,0.0,0.0,0.0,0.0,0.0,0.0,0.0,0.0,0.0,0.0
0.04,100,5,0.01,0.05,5e-05,True,0.026245082101060847,3,0.0,0.0,1.0,0.0,0.0,0.0,0.0,0.0,0.0,0.0,0.0,0.0,0.0,0.0,0.0,0.0,0.0,0.0,0.0,0.0,0.0,0.0
0.04,100,5,0.01,0.05,0.0001,True,0.02625222532455914,3,0.0,0.0,1.0,0.0,0.0,0.0,0.0,0.0,0.0,0.0,0.0,0.0,0.0,0.0,0.0,0.0,0.0,0.0,0.0,0.0,0.0,0.0
0.04,100,5,0.01,0.05,0.0004,True,0.02639468383010913,3,0.0,0.0,1.0,0.0,0.0,0.0,0.0,0.0,0.0,0.0,0.0,0.0,0.0,0.0,0.0,0.0,0.0,0.0,0.0,0.0,0.0,0.0
0.04,100,5,0.1,0.0,5e-05,True,0.00035418921496849676,3,0.0,0.0,1.0,0.0,0.0,0.0,0.0,0.0,0.0,0.0,0.0,0.0,0.0,0.0,0.0,0.0,0.0,0.0,0.0,0.0,0.0,0.0
0.04,100,5,0.1,0.0,0.0001,True,0.0007074249076757193,3,0.0,0.0,1.0,0.0,0.0,0.0,0.0,0.0,0.0,0.0,0.0,0.0,0.0,0.0,0.0,0.0,0.0,0.0,0.0,0.0,0.0,0.0
0.04,100,5,0.1,0.0,0.0004,True,0.00282850667314044,3,0.0,0.0,1.0,0.0,0.0,0.0,0.0,0.0,0.0,0.0,0.0,0.0,0.0,0.0,0.0,0.0,0.0,0.0,0.0,0.0,0.0,0.0
0.04,100,5,0.1,0.01,5e-05,True,0.0052605719465796666,3,0.0,0.0,1.0,0.0,0.0,0.0,0.0,0.0,0.0,0.0,0.0,0.0,0.0,0.0,0.0,0.0,0.0,0.0,0.0,0.0,0.0,0.0
0.04,100,5,0.1,0.01,0.0001,True,0.005296094523811011,3,0.0,0.0,1.0,0.0,0.0,0.0,0.0,0.0,0.0,0.0,0.0,0.0,0.0,0.0,0.0,0.0,0.0,0.0,0.0,0.0,0.0,0.0
0.04,100,5,0.1,0.01,0.0004,True,0.005962266113244274,3,0.0,0.0,1.0,0.0,0.0,0.0,0.0,0.0,0.0,0.0,0.0,0.0,0.0,0.0,0.0,0.0,0.0,0.0,0.0,0.0,0.0,0.0
0.04,100,5,0.1,0.05,5e-05,True,0.026245082101060847,3,0.0,0.0,1.0,0.0,0.0,0.0,0.0,0.0,0.0,0.0,0.0,0.0,0.0,0.0,0.0,0.0,0.0,0.0,0.0,0.0,0.0,0.0
0.04,100,5,0.1,0.05,0.0001,True,0.02625222532455914,3,0.0,0.0,1.0,0.0,0.0,0.0,0.0,0.0,0.0,0.0,0.0,0.0,0.0,0.0,0.0,0.0,0.0,0.0,0.0,0.0,0.0,0.0
0.04,100,5,0.1,0.05,0.0004,True,0.02639468383010913,3,0.0,0.0,1.0,0.0,0.0,0.0,0.0,0.0,0.0,0.0,0.0,0.0,0.0,0.0,0.0,0.0,0.0,0.0,0.0,0.0,0.0,0.0
0.04,100,10,0.0001,0.0,5e-05,True,0.0007074249076757193,3,0.0,0.0,1.0,0.0,0.0,0.0,0.0,0.0,0.0,0.0,0.0,0.0,0.0,0.0,0.0,0.0,0.0,0.0,0.0,0.0,0.0,0.0
0.04,100,10,0.0001,0.0,0.0001,True,0.0014143726524505486,3,0.0,0.0,1.0,0.0,0.0,0.0,0.0,0.0,0.0,0.0,0.0,0.0,0.0,0.0,0.0,0.0,0.0,0.0,0.0,0.0,0.0,0.0
0.04,100,10,0.0001,0.0,0.0004,True,0.005656894024108989,3,0.0,0.0,1.0,0.0,0.0,0.0,0.0,0.0,0.0,0.0,0.0,0.0,0.0,0.0,0.0,0.0,0.0,0.0,0.0,0.0,0.0,0.0
0.04,100,10,0.0001,0.01,5e-05,True,0.010521055692710848,3,0.0,0.0,1.0,0.0,0.0,0.0,0.0,0.0,0.0,0.0,0.0,0.0,0.0,0.0,0.0,0.0,0.0,0.0,0.0,0.0,0.0,0.0
0.04,100,10,0.0001,0.01,0.0001,True,0.010592101438766688,3,0.0,0.0,1.0,0.0,0.0,0.0,0.0,0.0,0.0,0.0,0.0,0.0,0.0,0.0,0.0,0.0,0.0,0.0,0.0,0.0,0.0,0.0
0.04,100,10,0.0001,0.01,0.0004,True,0.011924454406350142,3,0.0,0.0,1.0,0.0,0.0,0.0,0.0,0.0,0.0,0.0,0.0,0.0,0.0,0.0,0.0,0.0,0.0,0.0,0.0,0.0,0.0,0.0
0.04,100,10,0.0001,0.05,5e-05,True,0.05248713983049625,3,0.0,0.0,1.0,0.0,0.0,0.0,0.0,0.0,0.0,0.0,0.0,0.0,0.0,0.0,0.0,0.0,0.0,0.0,0.0,0.0,0.0,0.0
0.04,100,10,0.0001,0.05,0.0001,True,0.052501427100470954,3,0.0,0.0,1.0,0.0,0.0,0.0,0.0,0.0,0.0,0.0,0.0,0.0,0.0,0.0,0.0,0.0,0.0,0.0,0.0,0.0,0.0,0.0
0.04,100,10,0.0001,0.05,0.0004,True,0.05278636043132796,3,0.0,0.0,1.0,0.0,0.0,0.0,0.0,0.0,0.0,0.0,0.0,0.0,0.0,0.0,0.0,0.0,0.0,0.0,0.0,0.0,0.0,0.0
0.04,100,10,0.001,0.0,5e-05,True,0.0007074249076757193,3,0.7733333333333333,0.12032363765186697,0.0727228057244641,0.03684622098459345,0.0,0.0,0.0,0.0,0.0,0.0,0.9990583804143126,0.0009416195856873552,1.0,0.0,0.0,0.0,0.9990583804143126,0.0009416195856873552,1.0,0.0,0.0,0.0
0.04,100,10,0.001,0.0,0.0001,True,0.0014143726524505486,3,0.0,0.0,1.0,0.0,0.0,0.0,0.0,0.0,0.0,0.0,0.0,0.0,0.0,0.0,0.0,0.0,0.0,0.0,0.0,0.0,0.0,0.0
0.04,100,10,0.001,0.0,0.0004,True,0.005656894024108989,3,0.0,0.0,1.0,0.0,0.0,0.0,0.0,0.0,0.0,0.0,0.0,0.0,0.0,0.0,0.0,0.0,0.0,0.0,0.0,0.0,0.0,0.0
0.04,100,10,0.001,0.01,5e-05,True,0.010521055692710848,3,0.0,0.0,1.0,0.0,0.0,0.0,0.0,0.0,0.0,0.0,0.0,0.0,0.0,0.0,0.0,0.0,0.0,0.0,0.0,0.0,0.0,0.0
0.04,100,10,0.001,0.01,0.0001,True,0.010592101438766688,3,0.0,0.0,1.0,0.0,0.0,0.0,0.0,0.0,0.0,0.0,0.0,0.0,0.0,0.0,0.0,0.0,0.0,0.0,0.0,0.0,0.0,0.0
0.04,100,10,0.001,0.01,0.0004,True,0.011924454406350142,3,0.0,0.0,1.0,0.0,0.0,0.0,0.0,0.0,0.0,0.0,0.0,0.0,0.0,0.0,0.0,0.0,0.0,0.0,0.0,0.0,0.0,0.0
0.04,100,10,0.001,0.05,5e-05,True,0.05248713983049625,3,0.0,0.0,1.0,0.0,0.0,0.0,0.0,0.0,0.0,0.0,0.0,0.0,0.0,0.0,0.0,0.0,0.0,0.0,0.0,0.0,0.0,0.0
0.04,100,10,0.001,0.05,0.0001,True,0.052501427100470954,3,0.0,0.0,1.0,0.0,0.0,0.0,0.0,0.0,0.0,0.0,0.0,0.0,0.0,0.0,0.0,0.0,0.0,0.0,0.0,0.0,0.0,0.0
0.04,100,10,0.001,0.05,0.0004,True,0.05278636043132796,3,0.0,0.0,1.0,0.0,0.0,0.0,0.0,0.0,0.0,0.0,0.0,0.0,0.0,0.0,0.0,0.0,0.0,0.0,0.0,0.0,0.0,0.0
0.04,100,10,0.01,0.0,5e-05,True,0.0007074249076757193,3,0.04666666666666667,0.046666666666666676,0.7254901960784315,0.27450980392156865,0.0,0.0,0.0,0.0,0.0,0.0,0.3333333333333333,0.33333333333333337,0.3333333333333333,0.33333333333333337,0.0,0.0,0.3333333333333333,0.33333333333333337,0.3333333333333333,0.33333333333333337,0.0,0.0
0.04,100,10,0.01,0.0,0.0001,True,0.0014143726524505486,3,0.07,0.04041451884327381,0.4296296296296296,0.2886988928874826,0.0,0.0,0.0,0.0,0.0,0.0,0.6666666666666666,0.33333333333333337,0.6666666666666666,0.33333333333333337,0.0,0.0,0.6666666666666666,0.33333333333333337,0.6666666666666666,0.33333333333333337,0.0,0.0
0.04,100,10,0.01,0.0,0.0004,True,0.005656894024108989,3,0.0,0.0,1.0,0.0,0.0,0.0,0.0,0.0,0.0,0.0,0.0,0.0,0.0,0.0,0.0,0.0,0.0,0.0,0.0,0.0,0.0,0.0
0.04,100,10,0.01,0.01,5e-05,True,0.010521055692710848,3,0.0,0.0,1.0,0.0,0.0,0.0,0.0,0.0,0.0,0.0,0.0,0.0,0.0,0.0,0.0,0.0,0.0,0.0,0.0,0.0,0.0,0.0
0.04,100,10,0.01,0.01,0.0001,True,0.010592101438766688,3,0.0,0.0,1.0,0.0,0.0,0.0,0.0,0.0,0.0,0.0,0.0,0.0,0.0,0.0,0.0,0.0,0.0,0.0,0.0,0.0,0.0,0.0
0.04,100,10,0.01,0.01,0.0004,True,0.011924454406350142,3,0.0,0.0,1.0,0.0,0.0,0.0,0.0,0.0,0.0,0.0,0.0,0.0,0.0,0.0,0.0,0.0,0.0,0.0,0.0,0.0,0.0,0.0
0.04,100,10,0.01,0.05,5e-05,True,0.05248713983049625,3,0.0,0.0,1.0,0.0,0.0,0.0,0.0,0.0,0.0,0.0,0.0,0.0,0.0,0.0,0.0,0.0,0.0,0.0,0.0,0.0,0.0,0.0
0.04,100,10,0.01,0.05,0.0001,True,0.052501427100470954,3,0.0,0.0,1.0,0.0,0.0,0.0,0.0,0.0,0.0,0.0,0.0,0.0,0.0,0.0,0.0,0.0,0.0,0.0,0.0,0.0,0.0,0.0
0.04,100,10,0.01,0.05,0.0004,True,0.05278636043132796,3,0.0,0.0,1.0,0.0,0.0,0.0,0.0,0.0,0.0,0.0,0.0,0.0,0.0,0.0,0.0,0.0,0.0,0.0,0.0,0.0,0.0,0.0
0.04,100,10,0.1,0.0,5e-05,True,0.0007074249076757193,3,0.0,0.0,1.0,0.0,0.0,0.0,0.0,0.0,0.0,0.0,0.0,0.0,0.0,0.0,0.0,0.0,0.0,0.0,0.0,0.0,0.0,0.0
0.04,100,10,0.1,0.0,0.0001,True,0.0014143726524505486,3,0.0,0.0,1.0,0.0,0.0,0.0,0.0,0.0,0.0,0.0,0.0,0.0,0.0,0.0,0.0,0.0,0.0,0.0,0.0,0.0,0.0,0.0
0.04,100,10,0.1,0.0,0.0004,True,0.005656894024108989,3,0.0,0.0,1.0,0.0,0.0,0.0,0.0,0.0,0.0,0.0,0.0,0.0,0.0,0.0,0.0,0.0,0.0,0.0,0.0,0.0,0.0,0.0
0.04,100,10,0.1,0.01,5e-05,True,0.010521055692710848,3,0.0,0.0,1.0,0.0,0.0,0.0,0.0,0.0,0.0,0.0,0.0,0.0,0.0,0.0,0.0,0.0,0.0,0.0,0.0,0.0,0.0,0.0
0.04,100,10,0.1,0.01,0.0001,True,0.010592101438766688,3,0.0,0.0,1.0,0.0,0.0,0.0,0.0,0.0,0.0,0.0,0.0,0.0,0.0,0.0,0.0,0.0,0.0,0.0,0.0,0.0,0.0,0.0
0.04,100,10,0.1,0.01,0.0004,True,0.011924454406350142,3,0.0,0.0,1.0,0.0,0.0,0.0,0.0,0.0,0.0,0.0,0.0,0.0,0.0,0.0,0.0,0.0,0.0,0.0,0.0,0.0,0.0,0.0
0.04,100,10,0.1,0.05,5e-05,True,0.05248713983049625,3,0.0,0.0,1.0,0.0,0.0,0.0,0.0,0.0,0.0,0.0,0.0,0.0,0.0,0.0,0.0,0.0,0.0,0.0,0.0,0.0,0.0,0.0
0.04,100,10,0.1,0.05,0.0001,True,0.052501427100470954,3,0.0,0.0,1.0,0.0,0.0,0.0,0.0,0.0,0.0,0.0,0.0,0.0,0.0,0.0,0.0,0.0,0.0,0.0,0.0,0.0,0.0,0.0
0.04,100,10,0.1,0.05,0.0004,True,0.05278636043132796,3,0.0,0.0,1.0,0.0,0.0,0.0,0.0,0.0,0.0,0.0,0.0,0.0,0.0,0.0,0.0,0.0,0.0,0.0,0.0,0.0,0.0,0.0
0.04,100,20,0.0001,0.0,5e-05,True,0.0014143726524505486,3,0.0,0.0,1.0,0.0,0.0,0.0,0.0,0.0,0.0,0.0,0.0,0.0,0.0,0.0,0.0,0.0,0.0,0.0,0.0,0.0,0.0,0.0
0.04,100,20,0.0001,0.0,0.0001,True,0.00282850667314044,3,0.0,0.0,1.0,0.0,0.0,0.0,0.0,0.0,0.0,0.0,0.0,0.0,0.0,0.0,0.0,0.0,0.0,0.0,0.0,0.0,0.0,0.0
0.04,100,20,0.0001,0.0,0.0004,True,0.011313728386345501,3,0.0,0.0,1.0,0.0,0.0,0.0,0.0,0.0,0.0,0.0,0.0,0.0,0.0,0.0,0.0,0.0,0.0,0.0,0.0,0.0,0.0,0.0
0.04,100,20,0.0001,0.01,5e-05,True,0.02104188696070639,3,0.0,0.0,1.0,0.0,0.0,0.0,0.0,0.0,0.0,0.0,0.0,0.0,0.0,0.0,0.0,0.0,0.0,0.0,0.0,0.0,0.0,0.0
0.04,100,20,0.0001,0.01,0.0001,True,0.02118397995814633,3,0.0,0.0,1.0,0.0,0.0,0.0,0.0,0.0,0.0,0.0,0.0,0.0,0.0,0.0,0.0,0.0,0.0,0.0,0.0,0.0,0.0,0.0
0.04,100,20,0.0001,0.01,0.0004,True,0.02384871080094573,3,0.0,0.0,1.0,0.0,0.0,0.0,0.0,0.0,0.0,0.0,0.0,0.0,0.0,0.0,0.0,0.0,0.0,0.0,0.0,0.0,0.0,0.0
0.04,100,20,0.0001,0.05,5e-05,True,0.1049501935691241,3,0.0,0.0,1.0,0.0,0.0,0.0,0.0,0.0,0.0,0.0,0.0,0.0,0.0,0.0,0.0,0.0,0.0,0.0,0.0,0.0,0.0,0.0
0.04,100,20,0.0001,0.05,0.0001,True,0.10497877466515133,3,0.0,0.0,1.0,0.0,0.0,0.0,0.0,0.0,0.0,0.0,0.0,0.0,0.0,0.0,0.0,0.0,0.0,0.0,0.0,0.0,0.0,0.0
0.04,100,20,0.0001,0.05,0.0004,True,0.10554877133437707,3,0.0,0.0,1.0,0.0,0.0,0.0,0.0,0.0,0.0,0.0,0.0,0.0,0.0,0.0,0.0,0.0,0.0,0.0,0.0,0.0,0.0,0.0
0.04,100,20,0.001,0.0,5e-05,True,0.0014143726524505486,3,0.0,0.0,1.0,0.0,0.0,0.0,0.0,0.0,0.0,0.0,0.0,0.0,0.0,0.0,0.0,0.0,0.0,0.0,0.0,0.0,0.0,0.0
0.04,100,20,0.001,0.0,0.0001,True,0.00282850667314044,3,0.0,0.0,1.0,0.0,0.0,0.0,0.0,0.0,0.0,0.0,0.0,0.0,0.0,0.0,0.0,0.0,0.0,0.0,0.0,0.0,0.0,0.0
0.04,100,20,0.001,0.0,0.0004,True,0.011313728386345501,3,0.0,0.0,1.0,0.0,0.0,0.0,0.0,0.0,0.0,0.0,0.0,0.0,0.0,0.0,0.0,0.0,0.0,0.0,0.0,0.0,0.0,0.0
0.04,100,20,0.001,0.01,5e-05,True,0.02104188696070639,3,0.0,0.0,1.0,0.0,0.0,0.0,0.0,0.0,0.0,0.0,0.0,0.0,0.0,0.0,0.0,0.0,0.0,0.0,0.0,0.0,0.0,0.0
0.04,100,20,0.001,0.01,0.0001,True,0.02118397995814633,3,0.0,0.0,1.0,0.0,0.0,0.0,0.0,0.0,0.0,0.0,0.0,0.0,0.0,0.0,0.0,0.0,0.0,0.0,0.0,0.0,0.0,0.0
0.04,100,20,0.001,0.01,0.0004,True,0.02384871080094573,3,0.0,0.0,1.0,0.0,0.0,0.0,0.0,0.0,0.0,0.0,0.0,0.0,0.0,0.0,0.0,0.0,0.0,0.0,0.0,0.0,0.0,0.0
0.04,100,20,0.001,0.05,5e-05,True,0.1049501935691241,3,0.0,0.0,1.0,0.0,0.0,0.0,0.0,0.0,0.0,0.0,0.0,0.0,0.0,0.0,0.0,0.0,0.0,0.0,0.0,0.0,0.0,0.0
0.04,100,20,0.001,0.05,0.0001,True,0.10497877466515133,3,0.0,0.0,1.0,0.0,0.0,0.0,0.0,0.0,0.0,0.0,0.0,0.0,0.0,0.0,0.0,0.0,0.0,0.0,0.0,0.0,0.0,0.0
0.04,100,20,0.001,0.05,0.0004,True,0.10554877133437707,3,0.0,0.0,1.0,0.0,0.0,0.0,0.0,0.0,0.0,0.0,0.0,0.0,0.0,0.0,0.0,0.0,0.0,0.0,0.0,0.0,0.0,0.0
0.04,100,20,0.01,0.0,5e-05,True,0.0014143726524505486,3,0.05333333333333334,0.05333333333333334,0.7037037037037037,0.2962962962962963,0.0,0.0,0.0,0.0,0.0,0.0,0.3333333333333333,0.33333333333333337,0.3333333333333333,0.33333333333333337,0.0,0.0,0.3333333333333333,0.33333333333333337,0.3333333333333333,0.33333333333333337,0.0,0.0
0.04,100,20,0.01,0.0,0.0001,True,0.00282850667314044,3,0.0,0.0,1.0,0.0,0.0,0.0,0.0,0.0,0.0,0.0,0.0,0.0,0.0,0.0,0.0,0.0,0.0,0.0,0.0,0.0,0.0,0.0
0.04,100,20,0.01,0.0,0.0004,True,0.011313728386345501,3,0.0,0.0,1.0,0.0,0.0,0.0,0.0,0.0,0.0,0.0,0.0,0.0,0.0,0.0,0.0,0.0,0.0,0.0,0.0,0.0,0.0,0.0
0.04,100,20,0.01,0.01,5e-05,True,0.02104188696070639,3,0.0,0.0,1.0,0.0,0.0,0.0,0.0,0.0,0.0,0.0,0.0,0.0,0.0,0.0,0.0,0.0,0.0,0.0,0.0,0.0,0.0,0.0
0.04,100,20,0.01,0.01,0.0001,True,0.02118397995814633,3,0.0,0.0,1.0,0.0,0.0,0.0,0.0,0.0,0.0,0.0,0.0,0.0,0.0,0.0,0.0,0.0,0.0,0.0,0.0,0.0,0.0,0.0
0.04,100,20,0.01,0.01,0.0004,True,0.02384871080094573,3,0.0,0.0,1.0,0.0,0.0,0.0,0.0,0.0,0.0,0.0,0.0,0.0,0.0,0.0,0.0,0.0,0.0,0.0,0.0,0.0,0.0,0.0
0.04,100,20,0.01,0.05,5e-05,True,0.1049501935691241,3,0.0,0.0,1.0,0.0,0.0,0.0,0.0,0.0,0.0,0.0,0.0,0.0,0.0,0.0,0.0,0.0,0.0,0.0,0.0,0.0,0.0,0.0
0.04,100,20,0.01,0.05,0.0001,True,0.10497877466515133,3,0.0,0.0,1.0,0.0,0.0,0.0,0.0,0.0,0.0,0.0,0.0,0.0,0.0,0.0,0.0,0.0,0.0,0.0,0.0,0.0,0.0,0.0
0.04,100,20,0.01,0.05,0.0004,True,0.10554877133437707,3,0.0,0.0,1.0,0.0,0.0,0.0,0.0,0.0,0.0,0.0,0.0,0.0,0.0,0.0,0.0,0.0,0.0,0.0,0.0,0.0,0.0,0.0
0.04,100,20,0.1,0.0,5e-05,True,0.0014143726524505486,3,0.0,0.0,1.0,0.0,0.0,0.0,0.0,0.0,0.0,0.0,0.0,0.0,0.0,0.0,0.0,0.0,0.0,0.0,0.0,0.0,0.0,0.0
0.04,100,20,0.1,0.0,0.0001,True,0.00282850667314044,3,0.0,0.0,1.0,0.0,0.0,0.0,0.0,0.0,0.0,0.0,0.0,0.0,0.0,0.0,0.0,0.0,0.0,0.0,0.0,0.0,0.0,0.0
0.04,100,20,0.1,0.0,0.0004,True,0.011313728386345501,3,0.0,0.0,1.0,0.0,0.0,0.0,0.0,0.0,0.0,0.0,0.0,0.0,0.0,0.0,0.0,0.0,0.0,0.0,0.0,0.0,0.0,0.0
0.04,100,20,0.1,0.01,5e-05,True,0.02104188696070639,3,0.0,0.0,1.0,0.0,0.0,0.0,0.0,0.0,0.0,0.0,0.0,0.0,0.0,0.0,0.0,0.0,0.0,0.0,0.0,0.0,0.0,0.0
0.04,100,20,0.1,0.01,0.0001,True,0.02118397995814633,3,0.0,0.0,1.0,0.0,0.0,0.0,0.0,0.0,0.0,0.0,0.0,0.0,0.0,0.0,0.0,0.0,0.0,0.0,0.0,0.0,0.0,0.0
0.04,100,20,0.1,0.01,0.0004,True,0.02384871080094573,3,0.0,0.0,1.0,0.0,0.0,0.0,0.0,0.0,0.0,0.0,0.0,0.0,0.0,0.0,0.0,0.0,0.0,0.0,0.0,0.0,0.0,0.0
0.04,100,20,0.1,0.05,5e-05,True,0.1049501935691241,3,0.0,0.0,1.0,0.0,0.0,0.0,0.0,0.0,0.0,0.0,0.0,0.0,0.0,0.0,0.0,0.0,0.0,0.0,0.0,0.0,0.0,0.0
0.04,100,20,0.1,0.05,0.0001,True,0.10497877466515133,3,0.0,0.0,1.0,0.0,0.0,0.0,0.0,0.0,0.0,0.0,0.0,0.0,0.0,0.0,0.0,0.0,0.0,0.0,0.0,0.0,0.0,0.0
0.04,100,20,0.1,0.05,0.0004,True,0.10554877133437707,3,0.0,0.0,1.0,0.0,0.0,0.0,0.0,0.0,0.0,0.0,0.0,0.0,0.0,0.0,0.0,0.0,0.0,0.0,0.0,0.0,0.0,0.0
0.1,10,1,0.0001,0.0,5e-05,True,7.3824115301167e-05,3,1.0,0.0,0.0,0.0,0.0,0.0,0.0,0.0,0.0,0.0,1.0,0.0,0.9933333333333333,0.006666666666666637,0.0,0.0,1.0,0.0,0.9933333333333333,0.006666666666666637,0.0,0.0
0.1,10,1,0.0001,0.0,0.0001,True,0.00014300349646075093,3,0.9333333333333332,0.03333333333333333,0.0,0.0,0.0,0.0,0.0,0.0,0.0,0.0,1.0,0.0,0.9214814814814813,0.006457628064504744,0.0,0.0,1.0,0.0,0.9214814814814813,0.006457628064504744,0.0,0.0
0.1,10,1,0.0001,0.0,0.0004,True,0.0005660830327787611,3,0.5,0.09999999999999998,0.0,0.0,0.0,0.0,0.0,0.0,0.0,0.0,1.0,0.0,0.7904761904761904,0.030397965082866005,0.0,0.0,1.0,0.0,0.7904761904761904,0.030397965082866005,0.0,0.0
0.1,10,1,0.0001,0.01,5e-05,True,0.0010523204394088015,3,0.3666666666666667,0.08819171036881969,0.0,0.0,0.0,0.0,0.0,0.0,0.0,0.0,1.0,0.0,0.6766666666666667,0.043333333333333376,0.0,0.0,1.0,0.0,0.6766666666666667,0.043333333333333376,0.0,0.0
0.1,10,1,0.0001,0.01,0.0001,True,0.0010594235730799712,3,0.26666666666666666,0.06666666666666668,0.0,0.0,0.0,0.0,0.0,0.0,0.0,0.0,1.0,0.0,0.6,0.0,0.0,0.0,1.0,0.0,0.6,0.0,0.0,0.0
0.1,10,1,0.0001,0.01,0.0004,True,0.0011926350268198285,3,0.3666666666666667,0.06666666666666668,0.0,0.0,0.0,0.0,0.0,0.0,0.0,0.0,1.0,0.0,0.6711111111111111,0.004444444444444473,0.0,0.0,1.0,0.0,0.6711111111111111,0.004444444444444473,0.0,0.0
0.1,10,1,0.0001,0.05,5e-05,True,0.005249153951365971,3,0.26666666666666666,0.06666666666666668,0.0,0.0,0.0,0.0,0.0,0.0,0.0,0.0,1.0,0.0,0.75,0.1258305739211792,0.0,0.0,1.0,0.0,0.75,0.1258305739211792,0.0,0.0
0.1,10,1,0.0001,0.05,0.0001,True,0.00525058255864442,3,0.3333333333333333,0.06666666666666668,0.0,0.0,0.0,0.0,0.0,0.0,0.0,0.0,1.0,0.0,0.8000000000000002,0.05773502691896257,0.0,0.0,1.0,0.0,0.8000000000000002,0.05773502691896257,0.0,0.0
0.1,10,1,0.0001,0.05,0.0004,True,0.005279073517686696,3,0.2333333333333333,0.06666666666666667,0.0,0.0,0.0,0.0,0.0,0.0,0.0,0.0,1.0,0.0,0.6444444444444445,0.04444444444444448,0.0,0.0,1.0,0.0,0.6444444444444445,0.04444444444444448,0.0,0.0
0.1,10,1,0.001,0.0,5e-05,True,7.3824115301167e-05,3,1.0,0.0,0.0,0.0,0.0,0.0,0.0,0.0,0.0,0.0,1.0,0.0,1.0,0.0,0.0,0.0,1.0,0.0,1.0,0.0,0.0,0.0
0.1,10,1,0.001,0.0,0.0001,True,0.00014300349646075093,3,1.0,0.0,0.0,0.0,0.0,0.0,0.0,0.0,0.0,0.0,1.0,0.0,1.0,0.0,0.0,0.0,1.0,0.0,1.0,0.0,0.0,0.0
0.1,10,1,0.001,0.0,0.0004,True,0.0005660830327787611,3,1.0,0.0,0.0,0.0,0.0,0.0,0.0,0.0,0.0,0.0,1.0,0.0,0.9600000000000001,0.01999999999999998,0.0,0.0,1.0,0.0,0.9600000000000001,0.01999999999999998,0.0,0.0
0.1,10,1,0.001,0.01,5e-05,True,0.0010523204394088015,3,0.9666666666666667,0.033333333333333326,0.0,0.0,0.0,0.0,0.0,0.0,0.0,0.0,1.0,0.0,0.9644444444444445,0.015555555555555583,0.0,0.0,1.0,0.0,0.9644444444444445,0.015555555555555583,0.0,0.0
0.1,10,1,0.001,0.01,0.0001,True,0.0010594235730799712,3,0.9333333333333332,0.06666666666666665,0.0,0.0,0.0,0.0,0.0,0.0,0.0,0.0,1.0,0.0,0.9366666666666665,0.018559214542766725,0.0,0.0,1.0,0.0,0.9366666666666665,0.018559214542766725,0.0,0.0
0.1,10,1,0.001,0.01,0.0004,True,0.0011926350268198285,3,0.9666666666666667,0.033333333333333326,0.0,0.0,0.0,0.0,0.0,0.0,0.0,0.0,1.0,0.0,0.9592592592592594,0.010911792490856479,0.0,0.0,1.0,0.0,0.9592592592592594,0.010911792490856479,0.0,0.0
0.1,10,1,0.001,0.05,5e-05,True,0.005249153951365971,3,0.4000000000000001,0.05773502691896258,0.0,0.0,0.0,0.0,0.0,0.0,0.0,0.0,1.0,0.0,0.7488888888888888,0.07565353124688537,0.0,0.0,1.0,0.0,0.7488888888888888,0.07565353124688537,0.0,0.0
0.1,10,1,0.001,0.05,0.0001,True,0.00525058255864442,3,0.43333333333333335,0.1452966314513558,0.0,0.0,0.0,0.0,0.0,0.0,0.0,0.0,0.9722222222222223,0.027777777777777755,0.8142857142857144,0.04592214648091887,0.0,0.0,0.9722222222222223,0.027777777777777755,0.8142857142857144,0.04592214648091887,0.0,0.0
0.1,10,1,0.001,0.05,0.0004,True,0.005279073517686696,3,0.4000000000000001,3.925231146709437e-17,0.0,0.0,0.0,0.0,0.0,0.0,0.0,0.0,1.0,0.0,0.7666666666666667,0.016666666666666666,0.0,0.0,1.0,0.0,0.7666666666666667,0.016666666666666666,0.0,0.0
0.1,10,1,0.01,0.0,5e-05,True,7.3824115301167e-05,3,1.0,0.0,0.0,0.0,0.0,0.0,0.0,0.0,0.0,0.0,1.0,0.0,1.0,0.0,0.0,0.0,1.0,0.0,1.0,0.0,0.0,0.0
0.1,10,1,0.01,0.0,0.0001,True,0.00014300349646075093,3,1.0,0.0,0.0,0.0,0.0,0.0,0.0,0.0,0.0,0.0,1.0,0.0,1.0,0.0,0.0,0.0,1.0,0.0,1.0,0.0,0.0,0.0
0.1,10,1,0.01,0.0,0.0004,True,0.0005660830327787611,3,1.0,0.0,0.0,0.0,0.0,0.0,0.0,0.0,0.0,0.0,1.0,0.0,1.0,0.0,0.0,0.0,1.0,0.0,1.0,0.0,0.0,0.0
0.1,10,1,0.01,0.01,5e-05,True,0.0010523204394088015,3,1.0,0.0,0.0,0.0,0.0,0.0,0.0,0.0,0.0,0.0,1.0,0.0,1.0,0.0,0.0,0.0,1.0,0.0,1.0,0.0,0.0,0.0
0.1,10,1,0.01,0.01,0.0001,True,0.0010594235730799712,3,1.0,0.0,0.0,0.0,0.0,0.0,0.0,0.0,0.0,0.0,1.0,0.0,1.0,0.0,0.0,0.0,1.0,0.0,1.0,0.0,0.0,0.0
0.1,10,1,0.01,0.01,0.0004,True,0.0011926350268198285,3,1.0,0.0,0.0,0.0,0.0,0.0,0.0,0.0,0.0,0.0,1.0,0.0,1.0,0.0,0.0,0.0,1.0,0.0,1.0,0.0,0.0,0.0
0.1,10,1,0.01,0.05,5e-05,True,0.005249153951365971,3,0.6,0.3055050463303894,0.3703703703703704,0.3164445831599086,0.0,0.0,0.0,0.0,0.0,0.0,0.6666666666666666,0.33333333333333337,0.6516666666666667,0.32583653024859643,0.0,0.0,0.6666666666666666,0.33333333333333337,0.6516666666666667,0.32583653024859643,0.0,0.0
0.1,10,1,0.01,0.05,0.0001,True,0.00525058255864442,3,0.9,0.10000000000000002,0.041666666666666664,0.04166666666666667,0.0,0.0,0.0,0.0,0.0,0.0,1.0,0.0,0.98,0.011547005383792526,0.0,0.0,1.0,0.0,0.98,0.011547005383792526,0.0,0.0
0.1,10,1,0.01,0.05,0.0004,True,0.005279073517686696,3,0.9,0.10000000000000002,0.041666666666666664,0.04166666666666667,0.0,0.0,0.0,0.0,0.0,0.0,1.0,0.0,0.9838095238095238,0.00846494706411008,0.0,0.0,1.0,0.0,0.9838095238095238,0.00846494706411008,0.0,0.0
0.1,10,1,0.1,0.0,5e-05,True,7.3824115301167e-05,3,0.10000000000000002,0.05773502691896258,0.611111111111111,0.20030840419244386,0.0,0.0,0.0,0.0,0.0,0.0,0.6666666666666666,0.33333333333333337,0.6666666666666666,0.33333333333333337,0.0,0.0,0.6666666666666666,0.33333333333333337,0.6666666666666666,0.33333333333333337,0.0,0.0
0.1,10,1,0.1,0.0,0.0001,True,0.00014300349646075093,3,0.4666666666666666,0.13333333333333333,0.26190476190476186,0.11904761904761905,0.0,0.0,0.0,0.0,0.0,0.0,1.0,0.0,1.0,0.0,0.0,0.0,1.0,0.0,1.0,0.0,0.0,0.0
0.1,10,1,0.1,0.0,0.0004,True,0.0005660830327787611,3,0.4000000000000001,0.23094010767585033,0.43703703703703706,0.2826486522716876,0.0,0.0,0.0,0.0,0.0,0.0,0.6666666666666666,0.33333333333333337,0.6666666666666666,0.33333333333333337,0.0,0.0,0.6666666666666666,0.33333333333333337,0.6666666666666666,0.33333333333333337,0.0,0.0
0.1,10,1,0.1,0.01,5e-05,True,0.0010523204394088015,3,0.39999999999999997,0.1,0.27777777777777773,0.11111111111111112,0.0,0.0,0.0,0.0,0.0,0.0,1.0,0.0,1.0,0.0,0.0,0.0,1.0,0.0,1.0,0.0,0.0,0.0
0.1,10,1,0.1,0.01,0.0001,True,0.0010594235730799712,3,0.3,0.11547005383792516,0.3452380952380952,0.07806474433692859,0.0,0.0,0.0,0.0,0.0,0.0,1.0,0.0,1.0,0.0,0.0,0.0,1.0,0.0,1.0,0.0,0.0,0.0
0.1,10,1,0.1,0.01,0.0004,True,0.0011926350268198285,3,0.03333333333333333,0.03333333333333334,0.9166666666666666,0.08333333333333334,0.0,0.0,0.0,0.0,0.0,0.0,0.3333333333333333,0.33333333333333337,0.3333333333333333,0.33333333333333337,0.0,0.0,0.3333333333333333,0.33333333333333337,0.3333333333333333,0.33333333333333337,0.0,0.0
0.1,10,1,0.1,0.05,5e-05,True,0.005249153951365971,3,0.09999999999999999,0.1,0.75,0.25,0.0,0.0,0.0,0.0,0.0,0.0,0.3333333333333333,0.33333333333333337,0.3333333333333333,0.33333333333333337,0.0,0.0,0.3333333333333333,0.33333333333333337,0.3333333333333333,0.33333333333333337,0.0,0.0
0.1,10,1,0.1,0.05,0.0001,True,0.00525058255864442,3,0.19999999999999998,0.2,0.7142857142857143,0.28571428571428575,0.0,0.0,0.0,0.0,0.0,0.0,0.3333333333333333,0.33333333333333337,0.3333333333333333,0.33333333333333337,0.0,0.0,0.3333333333333333,0.33333333333333337,0.3333333333333333,0.33333333333333337,0.0,0.0
0.1,10,1,0.1,0.05,0.0004,True,0.005279073517686696,3,0.26666666666666666,0.21858128414340003,0.5416666666666666,0.25344843876242584,0.0,0.0,0.0,0.0,0.0,0.0,0.6666666666666666,0.33333333333333337,0.6666666666666666,0.33333333333333337,0.0,0.0,0.6666666666666666,0.33333333333333337,0.6666666666666666,0.33333333333333337,0.0,0.0
0.1,10,2,0.0001,0.0,5e-05,True,0.00014300349646075093,3,0.3666666666666667,0.03333333333333335,0.0,0.0,0.0,0.0,0.0,0.0,0.0,0.0,1.0,0.0,1.0,0.0,0.0,0.0,1.0,0.0,1.0,0.0,0.0,0.0
0.1,10,2,0.0001,0.0,0.0001,True,0.0002836370920736567,3,0.03333333333333333,0.03333333333333334,0.0,0.0,0.0,0.0,0.0,0.0,0.0,0.0,0.3333333333333333,0.33333333333333337,0.3333333333333333,0.33333333333333337,0.0,0.0,0.3333333333333333,0.33333333333333337,0.3333333333333333,0.33333333333333337,0.0,0.0
0.1,10,2,0.0001,0.0,0.0004,True,0.0011315697062046156,3,0.0,0.0,0.0,0.0,0.0,0.0,0.0,0.0,0.0,0.0,0.0,0.0,0.0,0.0,0.0,0.0,0.0,0.0,0.0,0.0,0.0,0.0
0.1,10,2,0.0001,0.01,5e-05,True,0.0021043199422362056,3,0.0,0.0,0.0,0.0,0.0,0.0,0.0,0.0,0.0,0.0,0.0,0.0,0.0,0.0,0.0,0.0,0.0,0.0,0.0,0.0,0.0,0.0
0.1,10,2,0.0001,0.01,0.0001,True,0.0021185283616919053,3,0.0,0.0,0.0,0.0,0.0,0.0,0.0,0.0,0.0,0.0,0.0,0.0,0.0,0.0,0.0,0.0,0.0,0.0,0.0,0.0,0.0,0.0
0.1,10,2,0.0001,0.01,0.0004,True,0.002384986880318839,3,0.0,0.0,0.0,0.0,0.0,0.0,0.0,0.0,0.0,0.0,0.0,0.0,0.0,0.0,0.0,0.0,0.0,0.0,0.0,0.0,0.0,0.0
0.1,10,2,0.0001,0.05,5e-05,True,0.01049821951042763,3,0.0,0.0,0.0,0.0,0.0,0.0,0.0,0.0,0.0,0.0,0.0,0.0,0.0,0.0,0.0,0.0,0.0,0.0,0.0,0.0,0.0,0.0
0.1,10,2,0.0001,0.05,0.0001,True,0.010501076749034994,3,0.0,0.0,0.3333333333333333,0.33333333333333337,0.0,0.0,0.0,0.0,0.0,0.0,0.0,0.0,0.0,0.0,0.0,0.0,0.0,0.0,0.0,0.0,0.0,0.0
0.1,10,2,0.0001,0.05,0.0004,True,0.010558059144043631,3,0.0,0.0,0.0,0.0,0.0,0.0,0.0,0.0,0.0,0.0,0.0,0.0,0.0,0.0,0.0,0.0,0.0,0.0,0.0,0.0,0.0,0.0
0.1,10,2,0.001,0.0,5e-05,True,0.00014300349646075093,3,1.0,0.0,0.0,0.0,0.0,0.0,0.0,0.0,0.0,0.0,1.0,0.0,1.0,0.0,0.0,0.0,1.0,0.0,1.0,0.0,0.0,0.0
0.1,10,2,0.001,0.0,0.0001,True,0.0002836370920736567,3,0.6666666666666666,0.33333333333333337,0.3333333333333333,0.33333333333333337,0.0,0.0,0.0,0.0,0.0,0.0,0.6666666666666666,0.33333333333333337,0.6666666666666666,0.33333333333333337,0.0,0.0,0.6666666666666666,0.33333333333333337,0.6666666666666666,0.33333333333333337,0.0,0.0
0.1,10,2,0.001,0.0,0.0004,True,0.0011315697062046156,3,0.6666666666666666,0.1452966314513558,0.0,0.0,0.0,0.0,0.0,0.0,0.0,0.0,1.0,0.0,1.0,0.0,0.0,0.0,1.0,0.0,1.0,0.0,0.0,0.0
0.1,10,2,0.001,0.01,5e-05,True,0.0021043199422362056,3,0.2333333333333333,0.06666666666666667,0.0,0.0,0.0,0.0,0.0,0.0,0.0,0.0,1.0,0.0,1.0,0.0,0.0,0.0,1.0,0.0,1.0,0.0,0.0,0.0
0.1,10,2,0.001,0.01,0.0001,True,0.0021185283616919053,3,0.06666666666666667,0.06666666666666668,0.0,0.0,0.0,0.0,0.0,0.0,0.0,0.0,0.3333333333333333,0.33333333333333337,0.3333333333333333,0.33333333333333337,0.0,0.0,0.3333333333333333,0.33333333333333337,0.3333333333333333,0.33333333333333337,0.0,0.0
0.1,10,2,0.001,0.01,0.0004,True,0.002384986880318839,3,0.10000000000000002,0.05773502691896258,0.0,0.0,0.0,0.0,0.0,0.0,0.0,0.0,0.6666666666666666,0.33333333333333337,0.6666666666666666,0.33333333333333337,0.0,0.0,0.6666666666666666,0.33333333333333337,0.6666666666666666,0.33333333333333337,0.0,0.0
0.1,10,2,0.001,0.05,5e-05,True,0.01049821951042763,3,0.03333333333333333,0.03333333333333334,0.16666666666666666,0.16666666666666669,0.0,0.0,0.0,0.0,0.0,0.0,0.3333333333333333,0.33333333333333337,0.26666666666666666,0.2666666666666667,0.0,0.0,0.3333333333333333,0.33333333333333337,0.26666666666666666,0.2666666666666667,0.0,0.0
0.1,10,2,0.001,0.05,0.0001,True,0.010501076749034994,3,0.0,0.0,0.3333333333333333,0.33333333333333337,0.0,0.0,0.0,0.0,0.0,0.0,0.0,0.0,0.0,0.0,0.0,0.0,0.0,0.0,0.0,0.0,0.0,0.0
0.1,10,2,0.001,0.05,0.0004,True,0.010558059144043631,3,0.03333333333333333,0.03333333333333334,0.5,0.2886751345948129,0.0,0.0,0.0,0.0,0.0,0.0,0.3333333333333333,0.33333333333333337,0.26666666666666666,0.2666666666666667,0.0,0.0,0.3333333333333333,0.33333333333333337,0.26666666666666666,0.2666666666666667,0.0,0.0
0.1,10,2,0.01,0.0,5e-05,True,0.00014300349646075093,3,1.0,0.0,0.0,0.0,0.0,0.0,0.0,0.0,0.0,0.0,1.0,0.0,1.0,0.0,0.0,0.0,1.0,0.0,1.0,0.0,0.0,0.0
0.1,10,2,0.01,0.0,0.0001,True,0.0002836370920736567,3,1.0,0.0,0.0,0.0,0.0,0.0,0.0,0.0,0.0,0.0,1.0,0.0,1.0,0.0,0.0,0.0,1.0,0.0,1.0,0.0,0.0,0.0
0.1,10,2,0.01,0.0,0.0004,True,0.0011315697062046156,3,1.0,0.0,0.0,0.0,0.0,0.0,0.0,0.0,0.0,0.0,1.0,0.0,1.0,0.0,0.0,0.0,1.0,0.0,1.0,0.0,0.0,0.0
0.1,10,2,0.01,0.01,5e-05,True,0.0021043199422362056,3,0.9333333333333332,0.06666666666666665,0.037037037037037035,0.037037037037037035,0.0,0.0,0.0,0.0,0.0,0.0,1.0,0.0,1.0,0.0,0.0,0.0,1.0,0.0,1.0,0.0,0.0,0.0
0.1,10,2,0.01,0.01,0.0001,True,0.0021185283616919053,3,0.7000000000000001,0.30000000000000004,0.16666666666666666,0.16666666666666669,0.0,0.0,0.0,0.0,0.0,0.0,1.0,0.0,1.0,0.0,0.0,0.0,1.0,0.0,1.0,0.0,0.0,0.0
0.1,10,2,0.01,0.01,0.0004,True,0.002384986880318839,3,1.0,0.0,0.0,0.0,0.0,0.0,0.0,0.0,0.0,0.0,1.0,0.0,1.0,0.0,0.0,0.0,1.0,0.0,1.0,0.0,0.0,0.0
0.1,10,2,0.01,0.05,5e-05,True,0.01049821951042763,3,0.7333333333333334,0.0881917103688197,0.0,0.0,0.0,0.0,0.0,0.0,0.0,0.0,1.0,0.0,1.0,0.0,0.0,0.0,1.0,0.0,1.0,0.0,0.0,0.0
0.1,10,2,0.01,0.05,0.0001,True,0.010501076749034994,3,0.5666666666666668,0.1452966314513558,0.13095238095238096,0.07241383964640738,0.0,0.0,0.0,0.0,0.0,0.0,0.9930555555555557,0.00694444444444442,1.0,0.0,0.0,0.0,0.9930555555555557,0.00694444444444442,1.0,0.0,0.0,0.0
0.1,10,2,0.01,0.05,0.0004,True,0.010558059144043631,3,0.6,0.10000000000000002,0.05555555555555555,0.05555555555555556,0.0,0.0,0.0,0.0,0.0,0.0,0.9888888888888889,0.011111111111111073,1.0,0.0,0.0,0.0,0.9888888888888889,0.011111111111111073,1.0,0.0,0.0,0.0
0.1,10,2,0.1,0.0,5e-05,True,0.00014300349646075093,3,0.2333333333333333,0.13333333333333336,0.48412698412698413,0.11025749197976036,0.0,0.0,0.0,0.0,0.0,0.0,0.9166666666666666,0.08333333333333334,0.8666666666666667,0.13333333333333336,0.0,0.0,0.9166666666666666,0.08333333333333334,0.8666666666666667,0.13333333333333336,0.0,0.0
0.1,10,2,0.1,0.0,0.0001,True,0.0002836370920736567,3,0.6,0.10000000000000002,0.14814814814814814,0.018518518518518517,0.0,0.0,0.0,0.0,0.0,0.0,1.0,0.0,1.0,0.0,0.0,0.0,1.0,0.0,1.0,0.0,0.0,0.0
0.1,10,2,0.1,0.0,0.0004,True,0.0011315697062046156,3,0.5666666666666668,0.12018504251546633,0.15925925925925927,0.025925925925925932,0.0,0.0,0.0,0.0,0.0,0.0,0.9861111111111112,0.013888888888888878,1.0,0.0,0.0,0.0,0.9861111111111112,0.013888888888888878,1.0,0.0,0.0,0.0
0.1,10,2,0.1,0.01,5e-05,True,0.0021043199422362056,3,0.13333333333333333,0.13333333333333336,0.7333333333333334,0.2666666666666667,0.0,0.0,0.0,0.0,0.0,0.0,0.3333333333333333,0.33333333333333337,0.3333333333333333,0.33333333333333337,0.0,0.0,0.3333333333333333,0.33333333333333337,0.3333333333333333,0.33333333333333337,0.0,0.0
0.1,10,2,0.1,0.01,0.0001,True,0.0021185283616919053,3,0.3666666666666667,0.3179797338056486,0.5,0.2886751345948129,0.0,0.0,0.0,0.0,0.0,0.0,0.6666666666666666,0.33333333333333337,0.6666666666666666,0.33333333333333337,0.0,0.0,0.6666666666666666,0.33333333333333337,0.6666666666666666,0.33333333333333337,0.0,0.0
0.1,10,2,0.1,0.01,0.0004,True,0.002384986880318839,3,0.5,0.2886751345948129,0.3888888888888889,0.3093202423794457,0.0,0.0,0.0,0.0,0.0,0.0,0.6666666666666666,0.33333333333333337,0.6666666666666666,0.33333333333333337,0.0,0.0,0.6666666666666666,0.33333333333333337,0.6666666666666666,0.33333333333333337,0.0,0.0
0.1,10,2,0.1,0.05,5e-05,True,0.01049821951042763,3,0.4666666666666666,0.27284509239574833,0.4166666666666667,0.22047927592204924,0.0,0.0,0.0,0.0,0.0,0.0,1.0,0.0,1.0,0.0,0.0,0.0,1.0,0.0,1.0,0.0,0.0,0.0
0.1,10,2,0.1,0.05,0.0001,True,0.010501076749034994,3,0.5,0.2081665999466133,0.25132275132275134,0.1246758906661183,0.0,0.0,0.0,0.0,0.0,0.0,1.0,0.0,1.0,0.0,0.0,0.0,1.0,0.0,1.0,0.0,0.0,0.0
0.1,10,2,0.1,0.05,0.0004,True,0.010558059144043631,3,0.26666666666666666,0.12018504251546631,0.3888888888888889,0.11111111111111112,0.0,0.0,0.0,0.0,0.0,0.0,1.0,0.0,1.0,0.0,0.0,0.0,1.0,0.0,1.0,0.0,0.0,0.0
0.1,10,3,0.0001,0.0,5e-05,True,0.00021319005605327846,3,0.0,0.0,0.0,0.0,0.0,0.0,0.0,0.0,0.0,0.0,0.0,0.0,0.0,0.0,0.0,0.0,0.0,0.0,0.0,0.0,0.0,0.0
0.1,10,3,0.0001,0.0,0.0001,True,0.0004247940677551889,3,0.0,0.0,0.0,0.0,0.0,0.0,0.0,0.0,0.0,0.0,0.0,0.0,0.0,0.0,0.0,0.0,0.0,0.0,0.0,0.0,0.0,0.0
0.1,10,3,0.0001,0.0,0.0004,True,0.0016971888521905864,3,0.0,0.0,0.0,0.0,0.0,0.0,0.0,0.0,0.0,0.0,0.0,0.0,0.0,0.0,0.0,0.0,0.0,0.0,0.0,0.0,0.0,0.0
0.1,10,3,0.0001,0.01,5e-05,True,0.003156390328808629,3,0.0,0.0,0.0,0.0,0.0,0.0,0.0,0.0,0.0,0.0,0.0,0.0,0.0,0.0,0.0,0.0,0.0,0.0,0.0,0.0,0.0,0.0
0.1,10,3,0.0001,0.01,0.0001,True,0.0031777035588293387,3,0.0,0.0,0.0,0.0,0.0,0.0,0.0,0.0,0.0,0.0,0.0,0.0,0.0,0.0,0.0,0.0,0.0,0.0,0.0,0.0,0.0,0.0
0.1,10,3,0.0001,0.01,0.0004,True,0.00357740127855356,3,0.0,0.0,0.3333333333333333,0.33333333333333337,0.0,0.0,0.0,0.0,0.0,0.0,0.0,0.0,0.0,0.0,0.0,0.0,0.0,0.0,0.0,0.0,0.0,0.0
0.1,10,3,0.0001,0.05,5e-05,True,0.015747251165976188,3,0.0,0.0,0.3333333333333333,0.33333333333333337,0.0,0.0,0.0,0.0,0.0,0.0,0.0,0.0,0.0,0.0,0.0,0.0,0.0,0.0,0.0,0.0,0.0,0.0
0.1,10,3,0.0001,0.05,0.0001,True,0.015751537045137484,3,0.0,0.0,0.0,0.0,0.0,0.0,0.0,0.0,0.0,0.0,0.0,0.0,0.0,0.0,0.0,0.0,0.0,0.0,0.0,0.0,0.0,0.0
0.1,10,3,0.0001,0.05,0.0004,True,0.015837011059045784,3,0.0,0.0,1.0,0.0,0.0,0.0,0.0,0.0,0.0,0.0,0.0,0.0,0.0,0.0,0.0,0.0,0.0,0.0,0.0,0.0,0.0,0.0
0.1,10,3,0.001,0.0,5e-05,True,0.00021319005605327846,3,1.0,0.0,0.0,0.0,0.0,0.0,0.0,0.0,0.0,0.0,1.0,0.0,1.0,0.0,0.0,0.0,1.0,0.0,1.0,0.0,0.0,0.0
0.1,10,3,0.001,0.0,0.0001,True,0.0004247940677551889,3,0.7666666666666666,0.23333333333333336,0.16666666666666666,0.16666666666666669,0.0,0.0,0.0,0.0,0.0,0.0,1.0,0.0,1.0,0.0,0.0,0.0,1.0,0.0,1.0,0.0,0.0,0.0
0.1,10,3,0.001,0.0,0.0004,True,0.0016971888521905864,3,0.0,0.0,0.0,0.0,0.0,0.0,0.0,0.0,0.0,0.0,0.0,0.0,0.0,0.0,0.0,0.0,0.0,0.0,0.0,0.0,0.0,0.0
0.1,10,3,0.001,0.01,5e-05,True,0.003156390328808629,3,0.0,0.0,0.0,0.0,0.0,0.0,0.0,0.0,0.0,0.0,0.0,0.0,0.0,0.0,0.0,0.0,0.0,0.0,0.0,0.0,0.0,0.0
0.1,10,3,0.001,0.01,0.0001,True,0.0031777035588293387,3,0.0,0.0,0.0,0.0,0.0,0.0,0.0,0.0,0.0,0.0,0.0,0.0,0.0,0.0,0.0,0.0,0.0,0.0,0.0,0.0,0.0,0.0
0.1,10,3,0.001,0.01,0.0004,True,0.00357740127855356,3,0.0,0.0,0.0,0.0,0.0,0.0,0.0,0.0,0.0,0.0,0.0,0.0,0.0,0.0,0.0,0.0,0.0,0.0,0.0,0.0,0.0,0.0
0.1,10,3,0.001,0.05,5e-05,True,0.015747251165976188,3,0.0,0.0,0.6666666666666666,0.33333333333333337,0.0,0.0,0.0,0.0,0.0,0.0,0.0,0.0,0.0,0.0,0.0,0.0,0.0,0.0,0.0,0.0,0.0,0.0
0.1,10,3,0.001,0.05,0.0001,True,0.015751537045137484,3,0.0,0.0,0.3333333333333333,0.33333333333333337,0.0,0.0,0.0,0.0,0.0,0.0,0.0,0.0,0.0,0.0,0.0,0.0,0.0,0.0,0.0,0.0,0.0,0.0
0.1,10,3,0.001,0.05,0.0004,True,0.015837011059045784,3,0.0,0.0,0.3333333333333333,0.33333333333333337,0.0,0.0,0.0,0.0,0.0,0.0,0.0,0.0,0.0,0.0,0.0,0.0,0.0,0.0,0.0,0.0,0.0,0.0
0.1,10,3,0.01,0.0,5e-05,True,0.00021319005605327846,3,0.8666666666666667,0.13333333333333336,0.08333333333333333,0.08333333333333334,0.0,0.0,0.0,0.0,0.0,0.0,1.0,0.0,1.0,0.0,0.0,0.0,1.0,0.0,1.0,0.0,0.0,0.0
0.1,10,3,0.01,0.0,0.0001,True,0.0004247940677551889,3,0.9333333333333332,0.06666666666666667,0.037037037037037035,0.037037037037037035,0.0,0.0,0.0,0.0,0.0,0.0,1.0,0.0,1.0,0.0,0.0,0.0,1.0,0.0,1.0,0.0,0.0,0.0
0.1,10,3,0.01,0.0,0.0004,True,0.0016971888521905864,3,1.0,0.0,0.0,0.0,0.0,0.0,0.0,0.0,0.0,0.0,1.0,0.0,1.0,0.0,0.0,0.0,1.0,0.0,1.0,0.0,0.0,0.0
0.1,10,3,0.01,0.01,5e-05,True,0.003156390328808629,3,1.0,0.0,0.0,0.0,0.0,0.0,0.0,0.0,0.0,0.0,1.0,0.0,1.0,0.0,0.0,0.0,1.0,0.0,1.0,0.0,0.0,0.0
0.1,10,3,0.01,0.01,0.0001,True,0.0031777035588293387,3,0.7999999999999999,0.11547005383792516,0.12037037037037036,0.07231712662876533,0.0,0.0,0.0,0.0,0.0,0.0,1.0,0.0,1.0,0.0,0.0,0.0,1.0,0.0,1.0,0.0,0.0,0.0
0.1,10,3,0.01,0.01,0.0004,True,0.00357740127855356,3,1.0,0.0,0.0,0.0,0.0,0.0,0.0,0.0,0.0,0.0,1.0,0.0,1.0,0.0,0.0,0.0,1.0,0.0,1.0,0.0,0.0,0.0
0.1,10,3,0.01,0.05,5e-05,True,0.015747251165976188,3,0.06666666666666667,0.03333333333333334,0.0,0.0,0.0,0.0,0.0,0.0,0.0,0.0,0.6111111111111112,0.30932024237944566,0.6666666666666666,0.33333333333333337,0.0,0.0,0.6111111111111112,0.30932024237944566,0.6666666666666666,0.33333333333333337,0.0,0.0
0.1,10,3,0.01,0.05,0.0001,True,0.015751537045137484,3,0.03333333333333333,0.03333333333333334,0.3333333333333333,0.33333333333333337,0.0,0.0,0.0,0.0,0.0,0.0,0.3333333333333333,0.33333333333333337,0.3333333333333333,0.33333333333333337,0.0,0.0,0.3333333333333333,0.33333333333333337,0.3333333333333333,0.33333333333333337,0.0,0.0
0.1,10,3,0.01,0.05,0.0004,True,0.015837011059045784,3,0.03333333333333333,0.03333333333333334,0.2222222222222222,0.22222222222222224,0.0,0.0,0.0,0.0,0.0,0.0,0.3333333333333333,0.33333333333333337,0.19999999999999998,0.2,0.0,0.0,0.3333333333333333,0.33333333333333337,0.19999999999999998,0.2,0.0,0.0
0.1,10,3,0.1,0.0,5e-05,True,0.00021319005605327846,3,0.5666666666666668,0.08819171036881968,0.15595238095238095,0.022619047619047625,0.0,0.0,0.0,0.0,0.0,0.0,1.0,0.0,0.9888888888888889,0.01111111111111111,0.0,0.0,1.0,0.0,0.9888888888888889,0.01111111111111111,0.0,0.0
0.1,10,3,0.1,0.0,0.0001,True,0.0004247940677551889,3,0.5333333333333333,0.2666666666666667,0.40740740740740744,0.29629629629629634,0.0,0.0,0.0,0.0,0.0,0.0,0.6666666666666666,0.33333333333333337,0.6666666666666666,0.33333333333333337,0.0,0.0,0.6666666666666666,0.33333333333333337,0.6666666666666666,0.33333333333333337,0.0,0.0
0.1,10,3,0.1,0.0,0.0004,True,0.0016971888521905864,3,0.13333333333333333,0.13333333333333336,0.7333333333333334,0.2666666666666667,0.0,0.0,0.0,0.0,0.0,0.0,0.3333333333333333,0.33333333333333337,0.3333333333333333,0.33333333333333337,0.0,0.0,0.3333333333333333,0.33333333333333337,0.3333333333333333,0.33333333333333337,0.0,0.0
0.1,10,3,0.1,0.01,5e-05,True,0.003156390328808629,3,0.03333333333333333,0.03333333333333334,0.8888888888888888,0.11111111111111113,0.0,0.0,0.0,0.0,0.0,0.0,0.3333333333333333,0.33333333333333337,0.3333333333333333,0.33333333333333337,0.0,0.0,0.3333333333333333,0.33333333333333337,0.3333333333333333,0.33333333333333337,0.0,0.0
0.1,10,3,0.1,0.01,0.0001,True,0.0031777035588293387,3,0.13333333333333333,0.06666666666666668,0.7000000000000001,0.1527525231651947,0.0,0.0,0.0,0.0,0.0,0.0,0.6666666666666666,0.33333333333333337,0.6666666666666666,0.33333333333333337,0.0,0.0,0.6666666666666666,0.33333333333333337,0.6666666666666666,0.33333333333333337,0.0,0.0
0.1,10,3,0.1,0.01,0.0004,True,0.00357740127855356,3,0.5666666666666667,0.29627314724385295,0.375,0.31457643480294795,0.0,0.0,0.0,0.0,0.0,0.0,0.6666666666666666,0.33333333333333337,0.6666666666666666,0.33333333333333337,0.0,0.0,0.6666666666666666,0.33333333333333337,0.6666666666666666,0.33333333333333337,0.0,0.0
0.1,10,3,0.1,0.05,5e-05,True,0.015747251165976188,3,0.03333333333333333,0.03333333333333334,0.8333333333333334,0.16666666666666666,0.0,0.0,0.0,0.0,0.0,0.0,0.3333333333333333,0.33333333333333337,0.3333333333333333,0.33333333333333337,0.0,0.0,0.3333333333333333,0.33333333333333337,0.3333333333333333,0.33333333333333337,0.0,0.0
0.1,10,3,0.1,0.05,0.0001,True,0.015751537045137484,3,0.16666666666666666,0.12018504251546633,0.6222222222222221,0.23200681130912335,0.0,0.0,0.0,0.0,0.0,0.0,0.6666666666666666,0.33333333333333337,0.6666666666666666,0.33333333333333337,0.0,0.0,0.6666666666666666,0.33333333333333337,0.6666666666666666,0.33333333333333337,0.0,0.0
0.1,10,3,0.1,0.05,0.0004,True,0.015837011059045784,3,0.5333333333333333,0.14529663145135582,0.22592592592592595,0.08850224552110016,0.0,0.0,0.0,0.0,0.0,0.0,0.9571428571428572,0.02790221560515389,1.0,0.0,0.0,0.0,0.9571428571428572,0.02790221560515389,1.0,0.0,0.0,0.0
0.1,10,5,0.0001,0.0,5e-05,True,0.00035418921496849676,3,0.0,0.0,0.0,0.0,0.0,0.0,0.0,0.0,0.0,0.0,0.0,0.0,0.0,0.0,0.0,0.0,0.0,0.0,0.0,0.0,0.0,0.0
0.1,10,5,0.0001,0.0,0.0001,True,0.0007074249076757193,3,0.0,0.0,0.0,0.0,0.0,0.0,0.0,0.0,0.0,0.0,0.0,0.0,0.0,0.0,0.0,0.0,0.0,0.0,0.0,0.0,0.0,0.0
0.1,10,5,0.0001,0.0,0.0004,True,0.00282850667314044,3,0.0,0.0,0.0,0.0,0.0,0.0,0.0,0.0,0.0,0.0,0.0,0.0,0.0,0.0,0.0,0.0,0.0,0.0,0.0,0.0,0.0,0.0
0.1,10,5,0.0001,0.01,5e-05,True,0.0052605719465796666,3,0.0,0.0,0.0,0.0,0.0,0.0,0.0,0.0,0.0,0.0,0.0,0.0,0.0,0.0,0.0,0.0,0.0,0.0,0.0,0.0,0.0,0.0
0.1,10,5,0.0001,0.01,0.0001,True,0.005296094523811011,3,0.0,0.0,0.0,0.0,0.0,0.0,0.0,0.0,0.0,0.0,0.0,0.0,0.0,0.0,0.0,0.0,0.0,0.0,0.0,0.0,0.0,0.0
0.1,10,5,0.0001,0.01,0.0004,True,0.005962266113244274,3,0.0,0.0,0.0,0.0,0.0,0.0,0.0,0.0,0.0,0.0,0.0,0.0,0.0,0.0,0.0,0.0,0.0,0.0,0.0,0.0,0.0,0.0
0.1,10,5,0.0001,0.05,5e-05,True,0.026245082101060847,3,0.0,0.0,0.6666666666666666,0.33333333333333337,0.0,0.0,0.0,0.0,0.0,0.0,0.0,0.0,0.0,0.0,0.0,0.0,0.0,0.0,0.0,0.0,0.0,0.0
0.1,10,5,0.0001,0.05,0.0001,True,0.02625222532455914,3,0.0,0.0,0.3333333333333333,0.33333333333333337,0.0,0.0,0.0,0.0,0.0,0.0,0.0,0.0,0.0,0.0,0.0,0.0,0.0,0.0,0.0,0.0,0.0,0.0
0.1,10,5,0.0001,0.05,0.0004,True,0.02639468383010913,3,0.0,0.0,0.3333333333333333,0.33333333333333337,0.0,0.0,0.0,0.0,0.0,0.0,0.0,0.0,0.0,0.0,0.0,0.0,0.0,0.0,0.0,0.0,0.0,0.0
0.1,10,5,0.001,0.0,5e-05,True,0.00035418921496849676,3,1.0,0.0,0.0,0.0,0.0,0.0,0.0,0.0,0.0,0.0,1.0,0.0,1.0,0.0,0.0,0.0,1.0,0.0,1.0,0.0,0.0,0.0
0.1,10,5,0.001,0.0,0.0001,True,0.0007074249076757193,3,1.0,0.0,0.0,0.0,0.0,0.0,0.0,0.0,0.0,0.0,1.0,0.0,1.0,0.0,0.0,0.0,1.0,0.0,1.0,0.0,0.0,0.0
0.1,10,5,0.001,0.0,0.0004,True,0.00282850667314044,3,0.0,0.0,0.0,0.0,0.0,0.0,0.0,0.0,0.0,0.0,0.0,0.0,0.0,0.0,0.0,0.0,0.0,0.0,0.0,0.0,0.0,0.0
0.1,10,5,0.001,0.01,5e-05,True,0.0052605719465796666,3,0.0,0.0,0.0,0.0,0.0,0.0,0.0,0.0,0.0,0.0,0.0,0.0,0.0,0.0,0.0,0.0,0.0,0.0,0.0,0.0,0.0,0.0
0.1,10,5,0.001,0.01,0.0001,True,0.005296094523811011,3,0.0,0.0,0.3333333333333333,0.33333333333333337,0.0,0.0,0.0,0.0,0.0,0.0,0.0,0.0,0.0,0.0,0.0,0.0,0.0,0.0,0.0,0.0,0.0,0.0
0.1,10,5,0.001,0.01,0.0004,True,0.005962266113244274,3,0.0,0.0,0.0,0.0,0.0,0.0,0.0,0.0,0.0,0.0,0.0,0.0,0.0,0.0,0.0,0.0,0.0,0.0,0.0,0.0,0.0,0.0
0.1,10,5,0.001,0.05,5e-05,True,0.026245082101060847,3,0.0,0.0,0.3333333333333333,0.33333333333333337,0.0,0.0,0.0,0.0,0.0,0.0,0.0,0.0,0.0,0.0,0.0,0.0,0.0,0.0,0.0,0.0,0.0,0.0
0.1,10,5,0.001,0.05,0.0001,True,0.02625222532455914,3,0.0,0.0,0.3333333333333333,0.33333333333333337,0.0,0.0,0.0,0.0,0.0,0.0,0.0,0.0,0.0,0.0,0.0,0.0,0.0,0.0,0.0,0.0,0.0,0.0
0.1,10,5,0.001,0.05,0.0004,True,0.02639468383010913,3,0.0,0.0,0.3333333333333333,0.33333333333333337,0.0,0.0,0.0,0.0,0.0,0.0,0.0,0.0,0.0,0.0,0.0,0.0,0.0,0.0,0.0,0.0,0.0,0.0
0.1,10,5,0.01,0.0,5e-05,True,0.00035418921496849676,3,0.6666666666666666,0.33333333333333337,0.3333333333333333,0.33333333333333337,0.0,0.0,0.0,0.0,0.0,0.0,0.6666666666666666,0.33333333333333337,0.6666666666666666,0.33333333333333337,0.0,0.0,0.6666666666666666,0.33333333333333337,0.6666666666666666,0.33333333333333337,0.0,0.0
0.1,10,5,0.01,0.0,0.0001,True,0.0007074249076757193,3,1.0,0.0,0.0,0.0,0.0,0.0,0.0,0.0,0.0,0.0,1.0,0.0,1.0,0.0,0.0,0.0,1.0,0.0,1.0,0.0,0.0,0.0
0.1,10,5,0.01,0.0,0.0004,True,0.00282850667314044,3,1.0,0.0,0.0,0.0,0.0,0.0,0.0,0.0,0.0,0.0,1.0,0.0,1.0,0.0,0.0,0.0,1.0,0.0,1.0,0.0,0.0,0.0
0.1,10,5,0.01,0.01,5e-05,True,0.0052605719465796666,3,0.9333333333333332,0.06666666666666667,0.0,0.0,0.0,0.0,0.0,0.0,0.0,0.0,1.0,0.0,1.0,0.0,0.0,0.0,1.0,0.0,1.0,0.0,0.0,0.0
0.1,10,5,0.01,0.01,0.0001,True,0.005296094523811011,3,1.0,0.0,0.0,0.0,0.0,0.0,0.0,0.0,0.0,0.0,1.0,0.0,1.0,0.0,0.0,0.0,1.0,0.0,1.0,0.0,0.0,0.0
0.1,10,5,0.01,0.01,0.0004,True,0.005962266113244274,3,1.0,0.0,0.0,0.0,0.0,0.0,0.0,0.0,0.0,0.0,1.0,0.0,1.0,0.0,0.0,0.0,1.0,0.0,1.0,0.0,0.0,0.0
0.1,10,5,0.01,0.05,5e-05,True,0.026245082101060847,3,0.0,0.0,1.0,0.0,0.0,0.0,0.0,0.0,0.0,0.0,0.0,0.0,0.0,0.0,0.0,0.0,0.0,0.0,0.0,0.0,0.0,0.0
0.1,10,5,0.01,0.05,0.0001,True,0.02625222532455914,3,0.0,0.0,1.0,0.0,0.0,0.0,0.0,0.0,0.0,0.0,0.0,0.0,0.0,0.0,0.0,0.0,0.0,0.0,0.0,0.0,0.0,0.0
0.1,10,5,0.01,0.05,0.0004,True,0.02639468383010913,3,0.0,0.0,0.6666666666666666,0.33333333333333337,0.0,0.0,0.0,0.0,0.0,0.0,0.0,0.0,0.0,0.0,0.0,0.0,0.0,0.0,0.0,0.0,0.0,0.0
0.1,10,5,0.1,0.0,5e-05,True,0.00035418921496849676,3,0.26666666666666666,0.1452966314513558,0.47222222222222227,0.26498311150470716,0.0,0.0,0.0,0.0,0.0,0.0,0.6666666666666666,0.33333333333333337,0.6666666666666666,0.33333333333333337,0.0,0.0,0.6666666666666666,0.33333333333333337,0.6666666666666666,0.33333333333333337,0.0,0.0
0.1,10,5,0.1,0.0,0.0001,True,0.0007074249076757193,3,0.5,0.11547005383792515,0.22023809523809523,0.0487223379278122,0.0,0.0,0.0,0.0,0.0,0.0,1.0,0.0,1.0,0.0,0.0,0.0,1.0,0.0,1.0,0.0,0.0,0.0
0.1,10,5,0.1,0.0,0.0004,True,0.00282850667314044,3,0.26666666666666666,0.06666666666666668,0.38888888888888884,0.055555555555555566,0.0,0.0,0.0,0.0,0.0,0.0,1.0,0.0,1.0,0.0,0.0,0.0,1.0,0.0,1.0,0.0,0.0,0.0
0.1,10,5,0.1,0.01,5e-05,True,0.0052605719465796666,3,0.16666666666666666,0.12018504251546633,0.6222222222222221,0.23200681130912335,0.0,0.0,0.0,0.0,0.0,0.0,0.6666666666666666,0.33333333333333337,0.6666666666666666,0.33333333333333337,0.0,0.0,0.6666666666666666,0.33333333333333337,0.6666666666666666,0.33333333333333337,0.0,0.0
0.1,10,5,0.1,0.01,0.0001,True,0.005296094523811011,3,0.3666666666666667,0.2333333333333334,0.4666666666666666,0.29059326290271165,0.0,0.0,0.0,0.0,0.0,0.0,0.6666666666666666,0.33333333333333337,0.6666666666666666,0.33333333333333337,0.0,0.0,0.6666666666666666,0.33333333333333337,0.6666666666666666,0.33333333333333337,0.0,0.0
0.1,10,5,0.1,0.01,0.0004,True,0.005962266113244274,3,0.5333333333333333,0.2666666666666667,0.3703703703703704,0.3164445831599086,0.0,0.0,0.0,0.0,0.0,0.0,0.6666666666666666,0.33333333333333337,0.6666666666666666,0.33333333333333337,0.0,0.0,0.6666666666666666,0.33333333333333337,0.6666666666666666,0.33333333333333337,0.0,0.0
0.1,10,5,0.1,0.05,5e-05,True,0.026245082101060847,3,0.03333333333333333,0.03333333333333334,0.8888888888888888,0.11111111111111113,0.0,0.0,0.0,0.0,0.0,0.0,0.3333333333333333,0.33333333333333337,0.3333333333333333,0.33333333333333337,0.0,0.0,0.3333333333333333,0.33333333333333337,0.3333333333333333,0.33333333333333337,0.0,0.0
0.1,10,5,0.1,0.05,0.0001,True,0.02625222532455914,3,0.10000000000000002,0.05773502691896258,0.6944444444444443,0.19444444444444445,0.0,0.0,0.0,0.0,0.0,0.0,0.6666666666666666,0.33333333333333337,0.6666666666666666,0.33333333333333337,0.0,0.0,0.6666666666666666,0.33333333333333337,0.6666666666666666,0.33333333333333337,0.0,0.0
0.1,10,5,0.1,0.05,0.0004,True,0.02639468383010913,3,0.09999999999999999,0.1,0.75,0.25,0.0,0.0,0.0,0.0,0.0,0.0,0.3333333333333333,0.33333333333333337,0.3333333333333333,0.33333333333333337,0.0,0.0,0.3333333333333333,0.33333333333333337,0.3333333333333333,0.33333333333333337,0.0,0.0
0.1,10,10,0.0001,0.0,5e-05,True,0.0007074249076757193,3,0.0,0.0,0.0,0.0,0.0,0.0,0.0,0.0,0.0,0.0,0.0,0.0,0.0,0.0,0.0,0.0,0.0,0.0,0.0,0.0,0.0,0.0
0.1,10,10,0.0001,0.0,0.0001,True,0.0014143726524505486,3,0.0,0.0,0.0,0.0,0.0,0.0,0.0,0.0,0.0,0.0,0.0,0.0,0.0,0.0,0.0,0.0,0.0,0.0,0.0,0.0,0.0,0.0
0.1,10,10,0.0001,0.0,0.0004,True,0.005656894024108989,3,0.0,0.0,0.0,0.0,0.0,0.0,0.0,0.0,0.0,0.0,0.0,0.0,0.0,0.0,0.0,0.0,0.0,0.0,0.0,0.0,0.0,0.0
0.1,10,10,0.0001,0.01,5e-05,True,0.010521055692710848,3,0.0,0.0,0.0,0.0,0.0,0.0,0.0,0.0,0.0,0.0,0.0,0.0,0.0,0.0,0.0,0.0,0.0,0.0,0.0,0.0,0.0,0.0
0.1,10,10,0.0001,0.01,0.0001,True,0.010592101438766688,3,0.0,0.0,0.0,0.0,0.0,0.0,0.0,0.0,0.0,0.0,0.0,0.0,0.0,0.0,0.0,0.0,0.0,0.0,0.0,0.0,0.0,0.0
0.1,10,10,0.0001,0.01,0.0004,True,0.011924454406350142,3,0.0,0.0,0.3333333333333333,0.33333333333333337,0.0,0.0,0.0,0.0,0.0,0.0,0.0,0.0,0.0,0.0,0.0,0.0,0.0,0.0,0.0,0.0,0.0,0.0
0.1,10,10,0.0001,0.05,5e-05,True,0.05248713983049625,3,0.0,0.0,1.0,0.0,0.0,0.0,0.0,0.0,0.0,0.0,0.0,0.0,0.0,0.0,0.0,0.0,0.0,0.0,0.0,0.0,0.0,0.0
0.1,10,10,0.0001,0.05,0.0001,True,0.052501427100470954,3,0.0,0.0,1.0,0.0,0.0,0.0,0.0,0.0,0.0,0.0,0.0,0.0,0.0,0.0,0.0,0.0,0.0,0.0,0.0,0.0,0.0,0.0
0.1,10,10,0.0001,0.05,0.0004,True,0.05278636043132796,3,0.0,0.0,1.0,0.0,0.0,0.0,0.0,0.0,0.0,0.0,0.0,0.0,0.0,0.0,0.0,0.0,0.0,0.0,0.0,0.0,0.0,0.0
0.1,10,10,0.001,0.0,5e-05,True,0.0007074249076757193,3,1.0,0.0,0.0,0.0,0.0,0.0,0.0,0.0,0.0,0.0,1.0,0.0,1.0,0.0,0.0,0.0,1.0,0.0,1.0,0.0,0.0,0.0
0.1,10,10,0.001,0.0,0.0001,True,0.0014143726524505486,3,0.0,0.0,0.0,0.0,0.0,0.0,0.0,0.0,0.0,0.0,0.0,0.0,0.0,0.0,0.0,0.0,0.0,0.0,0.0,0.0,0.0,0.0
0.1,10,10,0.001,0.0,0.0004,True,0.005656894024108989,3,0.0,0.0,0.3333333333333333,0.33333333333333337,0.0,0.0,0.0,0.0,0.0,0.0,0.0,0.0,0.0,0.0,0.0,0.0,0.0,0.0,0.0,0.0,0.0,0.0
0.1,10,10,0.001,0.01,5e-05,True,0.010521055692710848,3,0.0,0.0,0.3333333333333333,0.33333333333333337,0.0,0.0,0.0,0.0,0.0,0.0,0.0,0.0,0.0,0.0,0.0,0.0,0.0,0.0,0.0,0.0,0.0,0.0
0.1,10,10,0.001,0.01,0.0001,True,0.010592101438766688,3,0.0,0.0,0.6666666666666666,0.33333333333333337,0.0,0.0,0.0,0.0,0.0,0.0,0.0,0.0,0.0,0.0,0.0,0.0,0.0,0.0,0.0,0.0,0.0,0.0
0.1,10,10,0.001,0.01,0.0004,True,0.011924454406350142,3,0.0,0.0,0.6666666666666666,0.33333333333333337,0.0,0.0,0.0,0.0,0.0,0.0,0.0,0.0,0.0,0.0,0.0,0.0,0.0,0.0,0.0,0.0,0.0,0.0
0.1,10,10,0.001,0.05,5e-05,True,0.05248713983049625,3,0.0,0.0,1.0,0.0,0.0,0.0,0.0,0.0,0.0,0.0,0.0,0.0,0.0,0.0,0.0,0.0,0.0,0.0,0.0,0.0,0.0,0.0
0.1,10,10,0.001,0.05,0.0001,True,0.052501427100470954,3,0.0,0.0,0.6666666666666666,0.33333333333333337,0.0,0.0,0.0,0.0,0.0,0.0,0.0,0.0,0.0,0.0,0.0,0.0,0.0,0.0,0.0,0.0,0.0,0.0
0.1,10,10,0.001,0.05,0.0004,True,0.05278636043132796,3,0.0,0.0,1.0,0.0,0.0,0.0,0.0,0.0,0.0,0.0,0.0,0.0,0.0,0.0,0.0,0.0,0.0,0.0,0.0,0.0,0.0,0.0
0.1,10,10,0.01,0.0,5e-05,True,0.0007074249076757193,3,0.6666666666666666,0.33333333333333337,0.3333333333333333,0.33333333333333337,0.0,0.0,0.0,0.0,0.0,0.0,0.6666666666666666,0.33333333333333337,0.6666666666666666,0.33333333333333337,0.0,0.0,0.6666666666666666,0.33333333333333337,0.6666666666666666,0.33333333333333337,0.0,0.0
0.1,10,10,0.01,0.0,0.0001,True,0.0014143726524505486,3,1.0,0.0,0.0,0.0,0.0,0.0,0.0,0.0,0.0,0.0,1.0,0.0,1.0,0.0,0.0,0.0,1.0,0.0,1.0,0.0,0.0,0.0
0.1,10,10,0.01,0.0,0.0004,True,0.005656894024108989,3,1.0,0.0,0.0,0.0,0.0,0.0,0.0,0.0,0.0,0.0,1.0,0.0,1.0,0.0,0.0,0.0,1.0,0.0,1.0,0.0,0.0,0.0
0.1,10,10,0.01,0.01,5e-05,True,0.010521055692710848,3,0.0,0.0,0.0,0.0,0.0,0.0,0.0,0.0,0.0,0.0,0.0,0.0,0.0,0.0,0.0,0.0,0.0,0.0,0.0,0.0,0.0,0.0
0.1,10,10,0.01,0.01,0.0001,True,0.010592101438766688,3,0.0,0.0,0.3333333333333333,0.33333333333333337,0.0,0.0,0.0,0.0,0.0,0.0,0.0,0.0,0.0,0.0,0.0,0.0,0.0,0.0,0.0,0.0,0.0,0.0
0.1,10,10,0.01,0.01,0.0004,True,0.011924454406350142,3,0.0,0.0,0.0,0.0,0.0,0.0,0.0,0.0,0.0,0.0,0.0,0.0,0.0,0.0,0.0,0.0,0.0,0.0,0.0,0.0,0.0,0.0
0.1,10,10,0.01,0.05,5e-05,True,0.05248713983049625,3,0.0,0.0,0.6666666666666666,0.33333333333333337,0.0,0.0,0.0,0.0,0.0,0.0,0.0,0.0,0.0,0.0,0.0,0.0,0.0,0.0,0.0,0.0,0.0,0.0
0.1,10,10,0.01,0.05,0.0001,True,0.052501427100470954,3,0.0,0.0,1.0,0.0,0.0,0.0,0.0,0.0,0.0,0.0,0.0,0.0,0.0,0.0,0.0,0.0,0.0,0.0,0.0,0.0,0.0,0.0
0.1,10,10,0.01,0.05,0.0004,True,0.05278636043132796,3,0.0,0.0,1.0,0.0,0.0,0.0,0.0,0.0,0.0,0.0,0.0,0.0,0.0,0.0,0.0,0.0,0.0,0.0,0.0,0.0,0.0,0.0
0.1,10,10,0.1,0.0,5e-05,True,0.0007074249076757193,3,0.3666666666666667,0.23333333333333336,0.4537037037037037,0.2760750280717699,0.0,0.0,0.0,0.0,0.0,0.0,0.6666666666666666,0.33333333333333337,0.6666666666666666,0.33333333333333337,0.0,0.0,0.6666666666666666,0.33333333333333337,0.6666666666666666,0.33333333333333337,0.0,0.0
0.1,10,10,0.1,0.0,0.0001,True,0.0014143726524505486,3,0.5,0.11547005383792515,0.22023809523809523,0.0487223379278122,0.0,0.0,0.0,0.0,0.0,0.0,1.0,0.0,1.0,0.0,0.0,0.0,1.0,0.0,1.0,0.0,0.0,0.0
0.1,10,10,0.1,0.0,0.0004,True,0.005656894024108989,3,0.0,0.0,1.0,0.0,0.0,0.0,0.0,0.0,0.0,0.0,0.0,0.0,0.0,0.0,0.0,0.0,0.0,0.0,0.0,0.0,0.0,0.0
0.1,10,10,0.1,0.01,5e-05,True,0.010521055692710848,3,0.19999999999999998,0.1,0.39999999999999997,0.1,0.0,0.0,0.0,0.0,0.0,0.0,1.0,0.0,1.0,0.0,0.0,0.0,1.0,0.0,1.0,0.0,0.0,0.0
0.1,10,10,0.1,0.01,0.0001,True,0.010592101438766688,3,0.3333333333333333,0.24037008503093266,0.5370370370370371,0.2572674812861075,0.0,0.0,0.0,0.0,0.0,0.0,0.6666666666666666,0.33333333333333337,0.6666666666666666,0.33333333333333337,0.0,0.0,0.6666666666666666,0.33333333333333337,0.6666666666666666,0.33333333333333337,0.0,0.0
0.1,10,10,0.1,0.01,0.0004,True,0.011924454406350142,3,0.0,0.0,1.0,0.0,0.0,0.0,0.0,0.0,0.0,0.0,0.0,0.0,0.0,0.0,0.0,0.0,0.0,0.0,0.0,0.0,0.0,0.0
0.1,10,10,0.1,0.05,5e-05,True,0.05248713983049625,3,0.09999999999999999,0.1,0.75,0.25,0.0,0.0,0.0,0.0,0.0,0.0,0.3148148148148148,0.3148148148148149,0.3333333333333333,0.33333333333333337,0.0,0.0,0.3148148148148148,0.3148148148148149,0.3333333333333333,0.33333333333333337,0.0,0.0
0.1,10,10,0.1,0.05,0.0001,True,0.052501427100470954,3,0.0,0.0,1.0,0.0,0.0,0.0,0.0,0.0,0.0,0.0,0.0,0.0,0.0,0.0,0.0,0.0,0.0,0.0,0.0,0.0,0.0,0.0
0.1,10,10,0.1,0.05,0.0004,True,0.05278636043132796,3,0.13333333333333333,0.13333333333333336,0.7777777777777777,0.22222222222222224,0.0,0.0,0.0,0.0,0.0,0.0,0.3333333333333333,0.33333333333333337,0.3333333333333333,0.33333333333333337,0.0,0.0,0.3333333333333333,0.33333333333333337,0.3333333333333333,0.33333333333333337,0.0,0.0
0.1,10,20,0.0001,0.0,5e-05,True,0.0014143726524505486,3,0.0,0.0,0.0,0.0,0.0,0.0,0.0,0.0,0.0,0.0,0.0,0.0,0.0,0.0,0.0,0.0,0.0,0.0,0.0,0.0,0.0,0.0
0.1,10,20,0.0001,0.0,0.0001,True,0.00282850667314044,3,0.0,0.0,0.3333333333333333,0.33333333333333337,0.0,0.0,0.0,0.0,0.0,0.0,0.0,0.0,0.0,0.0,0.0,0.0,0.0,0.0,0.0,0.0,0.0,0.0
0.1,10,20,0.0001,0.0,0.0004,True,0.011313728386345501,3,0.0,0.0,0.3333333333333333,0.33333333333333337,0.0,0.0,0.0,0.0,0.0,0.0,0.0,0.0,0.0,0.0,0.0,0.0,0.0,0.0,0.0,0.0,0.0,0.0
0.1,10,20,0.0001,0.01,5e-05,True,0.02104188696070639,3,0.0,0.0,0.0,0.0,0.0,0.0,0.0,0.0,0.0,0.0,0.0,0.0,0.0,0.0,0.0,0.0,0.0,0.0,0.0,0.0,0.0,0.0
0.1,10,20,0.0001,0.01,0.0001,True,0.02118397995814633,3,0.0,0.0,0.0,0.0,0.0,0.0,0.0,0.0,0.0,0.0,0.0,0.0,0.0,0.0,0.0,0.0,0.0,0.0,0.0,0.0,0.0,0.0
0.1,10,20,0.0001,0.01,0.0004,True,0.02384871080094573,3,0.0,0.0,0.3333333333333333,0.33333333333333337,0.0,0.0,0.0,0.0,0.0,0.0,0.0,0.0,0.0,0.0,0.0,0.0,0.0,0.0,0.0,0.0,0.0,0.0
0.1,10,20,0.0001,0.05,5e-05,True,0.1049501935691241,3,0.0,0.0,1.0,0.0,0.0,0.0,0.0,0.0,0.0,0.0,0.0,0.0,0.0,0.0,0.0,0.0,0.0,0.0,0.0,0.0,0.0,0.0
0.1,10,20,0.0001,0.05,0.0001,True,0.10497877466515133,3,0.0,0.0,1.0,0.0,0.0,0.0,0.0,0.0,0.0,0.0,0.0,0.0,0.0,0.0,0.0,0.0,0.0,0.0,0.0,0.0,0.0,0.0
0.1,10,20,0.0001,0.05,0.0004,True,0.10554877133437707,3,0.0,0.0,1.0,0.0,0.0,0.0,0.0,0.0,0.0,0.0,0.0,0.0,0.0,0.0,0.0,0.0,0.0,0.0,0.0,0.0,0.0,0.0
0.1,10,20,0.001,0.0,5e-05,True,0.0014143726524505486,3,0.0,0.0,0.0,0.0,0.0,0.0,0.0,0.0,0.0,0.0,0.0,0.0,0.0,0.0,0.0,0.0,0.0,0.0,0.0,0.0,0.0,0.0
0.1,10,20,0.001,0.0,0.0001,True,0.00282850667314044,3,0.0,0.0,0.0,0.0,0.0,0.0,0.0,0.0,0.0,0.0,0.0,0.0,0.0,0.0,0.0,0.0,0.0,0.0,0.0,0.0,0.0,0.0
0.1,10,20,0.001,0.0,0.0004,True,0.011313728386345501,3,0.0,0.0,0.3333333333333333,0.33333333333333337,0.0,0.0,0.0,0.0,0.0,0.0,0.0,0.0,0.0,0.0,0.0,0.0,0.0,0.0,0.0,0.0,0.0,0.0
0.1,10,20,0.001,0.01,5e-05,True,0.02104188696070639,3,0.0,0.0,0.0,0.0,0.0,0.0,0.0,0.0,0.0,0.0,0.0,0.0,0.0,0.0,0.0,0.0,0.0,0.0,0.0,0.0,0.0,0.0
0.1,10,20,0.001,0.01,0.0001,True,0.02118397995814633,3,0.0,0.0,0.3333333333333333,0.33333333333333337,0.0,0.0,0.0,0.0,0.0,0.0,0.0,0.0,0.0,0.0,0.0,0.0,0.0,0.0,0.0,0.0,0.0,0.0
0.1,10,20,0.001,0.01,0.0004,True,0.02384871080094573,3,0.0,0.0,0.6666666666666666,0.33333333333333337,0.0,0.0,0.0,0.0,0.0,0.0,0.0,0.0,0.0,0.0,0.0,0.0,0.0,0.0,0.0,0.0,0.0,0.0
0.1,10,20,0.001,0.05,5e-05,True,0.1049501935691241,3,0.0,0.0,1.0,0.0,0.0,0.0,0.0,0.0,0.0,0.0,0.0,0.0,0.0,0.0,0.0,0.0,0.0,0.0,0.0,0.0,0.0,0.0
0.1,10,20,0.001,0.05,0.0001,True,0.10497877466515133,3,0.0,0.0,1.0,0.0,0.0,0.0,0.0,0.0,0.0,0.0,0.0,0.0,0.0,0.0,0.0,0.0,0.0,0.0,0.0,0.0,0.0,0.0
0.1,10,20,0.001,0.05,0.0004,True,0.10554877133437707,3,0.0,0.0,1.0,0.0,0.0,0.0,0.0,0.0,0.0,0.0,0.0,0.0,0.0,0.0,0.0,0.0,0.0,0.0,0.0,0.0,0.0,0.0
0.1,10,20,0.01,0.0,5e-05,True,0.0014143726524505486,3,0.6666666666666666,0.33333333333333337,0.3333333333333333,0.33333333333333337,0.0,0.0,0.0,0.0,0.0,0.0,0.6666666666666666,0.33333333333333337,0.6666666666666666,0.33333333333333337,0.0,0.0,0.6666666666666666,0.33333333333333337,0.6666666666666666,0.33333333333333337,0.0,0.0
0.1,10,20,0.01,0.0,0.0001,True,0.00282850667314044,3,0.9,0.10000000000000002,0.041666666666666664,0.04166666666666667,0.0,0.0,0.0,0.0,0.0,0.0,1.0,0.0,1.0,0.0,0.0,0.0,1.0,0.0,1.0,0.0,0.0,0.0
0.1,10,20,0.01,0.0,0.0004,True,0.011313728386345501,3,0.0,0.0,0.6666666666666666,0.33333333333333337,0.0,0.0,0.0,0.0,0.0,0.0,0.0,0.0,0.0,0.0,0.0,0.0,0.0,0.0,0.0,0.0,0.0,0.0
0.1,10,20,0.01,0.01,5e-05,True,0.02104188696070639,3,0.0,0.0,0.0,0.0,0.0,0.0,0.0,0.0,0.0,0.0,0.0,0.0,0.0,0.0,0.0,0.0,0.0,0.0,0.0,0.0,0.0,0.0
0.1,10,20,0.01,0.01,0.0001,True,0.02118397995814633,3,0.0,0.0,0.3333333333333333,0.33333333333333337,0.0,0.0,0.0,0.0,0.0,0.0,0.0,0.0,0.0,0.0,0.0,0.0,0.0,0.0,0.0,0.0,0.0,0.0
0.1,10,20,0.01,0.01,0.0004,True,0.02384871080094573,3,0.0,0.0,1.0,0.0,0.0,0.0,0.0,0.0,0.0,0.0,0.0,0.0,0.0,0.0,0.0,0.0,0.0,0.0,0.0,0.0,0.0,0.0
0.1,10,20,0.01,0.05,5e-05,True,0.1049501935691241,3,0.0,0.0,1.0,0.0,0.0,0.0,0.0,0.0,0.0,0.0,0.0,0.0,0.0,0.0,0.0,0.0,0.0,0.0,0.0,0.0,0.0,0.0
0.1,10,20,0.01,0.05,0.0001,True,0.10497877466515133,3,0.0,0.0,1.0,0.0,0.0,0.0,0.0,0.0,0.0,0.0,0.0,0.0,0.0,0.0,0.0,0.0,0.0,0.0,0.0,0.0,0.0,0.0
0.1,10,20,0.01,0.05,0.0004,True,0.10554877133437707,3,0.0,0.0,1.0,0.0,0.0,0.0,0.0,0.0,0.0,0.0,0.0,0.0,0.0,0.0,0.0,0.0,0.0,0.0,0.0,0.0,0.0,0.0
0.1,10,20,0.1,0.0,5e-05,True,0.0014143726524505486,3,0.13333333333333333,0.08819171036881969,0.5833333333333334,0.22047927592204924,0.0,0.0,0.0,0.0,0.0,0.0,0.6666666666666666,0.33333333333333337,0.6666666666666666,0.33333333333333337,0.0,0.0,0.6666666666666666,0.33333333333333337,0.6666666666666666,0.33333333333333337,0.0,0.0
0.1,10,20,0.1,0.0,0.0001,True,0.00282850667314044,3,0.2333333333333333,0.23333333333333336,0.7083333333333334,0.2916666666666667,0.0,0.0,0.0,0.0,0.0,0.0,0.3333333333333333,0.33333333333333337,0.3333333333333333,0.33333333333333337,0.0,0.0,0.3333333333333333,0.33333333333333337,0.3333333333333333,0.33333333333333337,0.0,0.0
0.1,10,20,0.1,0.0,0.0004,True,0.011313728386345501,3,0.4666666666666666,0.2905932629027116,0.4761904761904762,0.2896553585856295,0.0,0.0,0.0,0.0,0.0,0.0,0.6666666666666666,0.33333333333333337,0.6666666666666666,0.33333333333333337,0.0,0.0,0.6666666666666666,0.33333333333333337,0.6666666666666666,0.33333333333333337,0.0,0.0
0.1,10,20,0.1,0.01,5e-05,True,0.02104188696070639,3,0.13333333333333333,0.06666666666666668,0.6666666666666666,0.16666666666666666,0.0,0.0,0.0,0.0,0.0,0.0,0.6666666666666666,0.33333333333333337,0.6666666666666666,0.33333333333333337,0.0,0.0,0.6666666666666666,0.33333333333333337,0.6666666666666666,0.33333333333333337,0.0,0.0
0.1,10,20,0.1,0.01,0.0001,True,0.02118397995814633,3,0.16666666666666666,0.08819171036881969,0.5833333333333334,0.22047927592204922,0.0,0.0,0.0,0.0,0.0,0.0,0.6666666666666666,0.33333333333333337,0.6333333333333333,0.3179797338056486,0.0,0.0,0.6666666666666666,0.33333333333333337,0.6333333333333333,0.3179797338056486,0.0,0.0
0.1,10,20,0.1,0.01,0.0004,True,0.02384871080094573,3,0.13333333333333333,0.03333333333333334,0.5333333333333333,0.03333333333333333,0.0,0.0,0.0,0.0,0.0,0.0,1.0,0.0,1.0,0.0,0.0,0.0,1.0,0.0,1.0,0.0,0.0,0.0
0.1,10,20,0.1,0.05,5e-05,True,0.1049501935691241,3,0.0,0.0,1.0,0.0,0.0,0.0,0.0,0.0,0.0,0.0,0.0,0.0,0.0,0.0,0.0,0.0,0.0,0.0,0.0,0.0,0.0,0.0
0.1,10,20,0.1,0.05,0.0001,True,0.10497877466515133,3,0.0,0.0,0.6666666666666666,0.33333333333333337,0.0,0.0,0.0,0.0,0.0,0.0,0.0,0.0,0.0,0.0,0.0,0.0,0.0,0.0,0.0,0.0,0.0,0.0
0.1,10,20,0.1,0.05,0.0004,True,0.10554877133437707,3,0.0,0.0,1.0,0.0,0.0,0.0,0.0,0.0,0.0,0.0,0.0,0.0,0.0,0.0,0.0,0.0,0.0,0.0,0.0,0.0,0.0,0.0
0.1,50,1,0.0001,0.0,5e-05,True,7.3824115301167e-05,3,1.0,0.0,0.0,0.0,0.0,0.0,0.0,0.0,0.0,0.0,1.0,0.0,0.9826666666666667,0.0026666666666666323,0.0,0.0,1.0,0.0,0.9826666666666667,0.0026666666666666323,0.0,0.0
0.1,50,1,0.0001,0.0,0.0001,True,0.00014300349646075093,3,0.9199999999999999,0.01999999999999998,0.0,0.0,0.0,0.0,0.0,0.0,0.0,0.0,1.0,0.0,0.9435185185185185,0.006481481481481546,0.0,0.0,1.0,0.0,0.9435185185185185,0.006481481481481546,0.0,0.0
0.1,50,1,0.0001,0.0,0.0004,True,0.0005660830327787611,3,0.41333333333333333,0.06359594676112972,0.020833333333333332,0.020833333333333336,0.0,0.0,0.0,0.0,0.0,0.0,1.0,0.0,0.8094749694749694,0.021994350195629717,0.0,0.0,1.0,0.0,0.8094749694749694,0.021994350195629717,0.0,0.0
0.1,50,1,0.0001,0.01,5e-05,True,0.0010523204394088015,3,0.36000000000000004,0.052915026221291815,0.0,0.0,0.0,0.0,0.0,0.0,0.0,0.0,1.0,0.0,0.747874802094751,0.00291111166353989,0.0,0.0,1.0,0.0,0.747874802094751,0.00291111166353989,0.0,0.0
0.1,50,1,0.0001,0.01,0.0001,True,0.0010594235730799712,3,0.32666666666666666,0.03333333333333333,0.017543859649122806,0.01754385964912281,0.0,0.0,0.0,0.0,0.0,0.0,1.0,0.0,0.7253561253561253,0.015622826063652649,0.0,0.0,1.0,0.0,0.7253561253561253,0.015622826063652649,0.0,0.0
0.1,50,1,0.0001,0.01,0.0004,True,0.0011926350268198285,3,0.3466666666666667,0.05456901847914967,0.12777777777777777,0.10378634273483002,0.0,0.0,0.0,0.0,0.0,0.0,1.0,0.0,0.7635338345864661,0.018621711298668676,0.0,0.0,1.0,0.0,0.7635338345864661,0.018621711298668676,0.0,0.0
0.1,50,1,0.0001,0.05,5e-05,True,0.005249153951365971,3,0.22,0.01154700538379251,0.40935672514619875,0.04093567251461989,0.0,0.0,0.0,0.0,0.0,0.0,0.9846753246753247,0.007854011754927484,0.7207070707070707,0.013276201442520104,0.0,0.0,0.9846753246753247,0.007854011754927484,0.7207070707070707,0.013276201442520104,0.0,0.0
0.1,50,1,0.0001,0.05,0.0001,True,0.00525058255864442,3,0.19333333333333333,0.07688375063113866,0.41595441595441596,0.21169068932489943,0.0,0.0,0.0,0.0,0.0,0.0,1.0,0.0,0.6558823529411765,0.03408889931512493,0.0,0.0,1.0,0.0,0.6558823529411765,0.03408889931512493,0.0,0.0
0.1,50,1,0.0001,0.05,0.0004,True,0.005279073517686696,3,0.16,0.02,0.4915824915824916,0.07156367443377874,0.0,0.0,0.0,0.0,0.0,0.0,0.9727891156462585,0.027210884353741492,0.6761904761904761,0.03809523809523815,0.0,0.0,0.9727891156462585,0.027210884353741492,0.6761904761904761,0.03809523809523815,0.0,0.0
0.1,50,1,0.001,0.0,5e-05,True,7.3824115301167e-05,3,1.0,0.0,0.0,0.0,0.0,0.0,0.0,0.0,0.0,0.0,1.0,0.0,1.0,0.0,0.0,0.0,1.0,0.0,1.0,0.0,0.0,0.0
0.1,50,1,0.001,0.0,0.0001,True,0.00014300349646075093,3,1.0,0.0,0.0,0.0,0.0,0.0,0.0,0.0,0.0,0.0,1.0,0.0,1.0,0.0,0.0,0.0,1.0,0.0,1.0,0.0,0.0,0.0
0.1,50,1,0.001,0.0,0.0004,True,0.0005660830327787611,3,1.0,0.0,0.0,0.0,0.0,0.0,0.0,0.0,0.0,0.0,1.0,0.0,0.9706666666666667,0.0026666666666667065,0.0,0.0,1.0,0.0,0.9706666666666667,0.0026666666666667065,0.0,0.0
0.1,50,1,0.001,0.01,5e-05,True,0.0010523204394088015,3,0.96,0.011547005383792526,0.006944444444444444,0.006944444444444445,0.0,0.0,0.0,0.0,0.0,0.0,1.0,0.0,0.9527349592319196,0.0019184915696971528,0.0,0.0,1.0,0.0,0.9527349592319196,0.0019184915696971528,0.0,0.0
0.1,50,1,0.001,0.01,0.0001,True,0.0010594235730799712,3,0.9133333333333332,0.04055175020198814,0.007751937984496124,0.007751937984496125,0.0,0.0,0.0,0.0,0.0,0.0,0.9977324263038548,0.0022675736961451274,0.9606526668638469,0.0007929615879955361,0.0,0.0,0.9977324263038548,0.0022675736961451274,0.9606526668638469,0.0007929615879955361,0.0,0.0
0.1,50,1,0.001,0.01,0.0004,True,0.0011926350268198285,3,0.8666666666666667,0.029059326290271182,0.03741088936536735,0.008089187945355115,0.0,0.0,0.0,0.0,0.0,0.0,1.0,0.0,0.9512992511118233,0.008298803883656707,0.0,0.0,1.0,0.0,0.9512992511118233,0.008298803883656707,0.0,0.0
0.1,50,1,0.001,0.05,5e-05,True,0.005249153951365971,3,0.18000000000000002,0.04163331998932266,0.481733746130031,0.08543769837073081,0.0,0.0,0.0,0.0,0.0,0.0,0.9807692307692308,0.01040093103626423,0.7871794871794872,0.04707066602739953,0.0,0.0,0.9807692307692308,0.01040093103626423,0.7871794871794872,0.04707066602739953,0.0,0.0
0.1,50,1,0.001,0.05,0.0001,True,0.00525058255864442,3,0.24666666666666667,0.08353309390761114,0.3258145363408521,0.19482891028286403,0.0,0.0,0.0,0.0,0.0,0.0,0.9507469654528479,0.031922541988584394,0.803186274509804,0.02446196311356621,0.0,0.0,0.9507469654528479,0.031922541988584394,0.803186274509804,0.02446196311356621,0.0,0.0
0.1,50,1,0.001,0.05,0.0004,True,0.005279073517686696,3,0.27999999999999997,0.041633319989322654,0.2465378421900161,0.0751981848073627,0.0,0.0,0.0,0.0,0.0,0.0,0.9860509860509862,0.007559515943002236,0.7855995855995856,0.01544188997447185,0.0,0.0,0.9860509860509862,0.007559515943002236,0.7855995855995856,0.01544188997447185,0.0,0.0
0.1,50,1,0.01,0.0,5e-05,True,7.3824115301167e-05,3,0.5933333333333334,0.17139946842909923,0.17502149151085322,0.08022881769315426,0.0,0.0,0.0,0.0,0.0,0.0,1.0,0.0,1.0,0.0,0.0,0.0,1.0,0.0,1.0,0.0,0.0,0.0
0.1,50,1,0.01,0.0,0.0001,True,0.00014300349646075093,3,0.6533333333333333,0.32687068459016705,0.3401360544217687,0.32998456695605183,0.0,0.0,0.0,0.0,0.0,0.0,0.6666666666666666,0.33333333333333337,0.6666666666666666,0.33333333333333337,0.0,0.0,0.6666666666666666,0.33333333333333337,0.6666666666666666,0.33333333333333337,0.0,0.0
0.1,50,1,0.01,0.0,0.0004,True,0.0005660830327787611,3,0.9466666666666667,0.013333333333333308,0.027494331065759634,0.007086167800453515,0.0,0.0,0.0,0.0,0.0,0.0,1.0,0.0,1.0,0.0,0.0,0.0,1.0,0.0,1.0,0.0,0.0,0.0
0.1,50,1,0.01,0.01,5e-05,True,0.0010523204394088015,3,0.9333333333333332,0.048074017006186534,0.03578822833481218,0.026253691609617155,0.0,0.0,0.0,0.0,0.0,0.0,1.0,0.0,1.0,0.0,0.0,0.0,1.0,0.0,1.0,0.0,0.0,0.0
0.1,50,1,0.01,0.01,0.0001,True,0.0010594235730799712,3,0.6333333333333333,0.28150389774289886,0.0893939393939394,0.05870112311457733,0.0,0.0,0.0,0.0,0.0,0.0,1.0,0.0,1.0,0.0,0.0,0.0,1.0,0.0,1.0,0.0,0.0,0.0
0.1,50,1,0.01,0.01,0.0004,True,0.0011926350268198285,3,0.68,0.2809507667427397,0.061507936507936505,0.04241579033022212,0.0,0.0,0.0,0.0,0.0,0.0,1.0,0.0,1.0,0.0,0.0,0.0,1.0,0.0,1.0,0.0,0.0,0.0
0.1,50,1,0.01,0.05,5e-05,True,0.005249153951365971,3,0.43333333333333335,0.22578258962501466,0.39105691056910574,0.30457003411011613,0.0,0.0,0.0,0.0,0.0,0.0,0.6666666666666666,0.33333333333333337,0.6522417153996101,0.32612103247421176,0.0,0.0,0.6666666666666666,0.33333333333333337,0.6522417153996101,0.32612103247421176,0.0,0.0
0.1,50,1,0.01,0.05,0.0001,True,0.00525058255864442,3,0.48666666666666664,0.10413666234542208,0.21943681318681318,0.03806859963654621,0.0,0.0,0.0,0.0,0.0,0.0,1.0,0.0,0.9783434343434344,0.006908500181492188,0.0,0.0,1.0,0.0,0.9783434343434344,0.006908500181492188,0.0,0.0
0.1,50,1,0.01,0.05,0.0004,True,0.005279073517686696,3,0.5133333333333333,0.1443760521847181,0.12872879036672139,0.029481028237318165,0.0,0.0,0.0,0.0,0.0,0.0,1.0,0.0,0.9654520917678814,0.003778677462887959,0.0,0.0,1.0,0.0,0.9654520917678814,0.003778677462887959,0.0,0.0
0.1,50,1,0.1,0.0,5e-05,True,7.3824115301167e-05,3,0.0,0.0,1.0,0.0,0.0,0.0,0.0,0.0,0.0,0.0,0.0,0.0,0.0,0.0,0.0,0.0,0.0,0.0,0.0,0.0,0.0,0.0
0.1,50,1,0.1,0.0,0.0001,True,0.00014300349646075093,3,0.0,0.0,1.0,0.0,0.0,0.0,0.0,0.0,0.0,0.0,0.0,0.0,0.0,0.0,0.0,0.0,0.0,0.0,0.0,0.0,0.0,0.0
0.1,50,1,0.1,0.0,0.0004,True,0.0005660830327787611,3,0.0,0.0,1.0,0.0,0.0,0.0,0.0,0.0,0.0,0.0,0.0,0.0,0.0,0.0,0.0,0.0,0.0,0.0,0.0,0.0,0.0,0.0
0.1,50,1,0.1,0.01,5e-05,True,0.0010523204394088015,3,0.0,0.0,1.0,0.0,0.0,0.0,0.0,0.0,0.0,0.0,0.0,0.0,0.0,0.0,0.0,0.0,0.0,0.0,0.0,0.0,0.0,0.0
0.1,50,1,0.1,0.01,0.0001,True,0.0010594235730799712,3,0.0,0.0,1.0,0.0,0.0,0.0,0.0,0.0,0.0,0.0,0.0,0.0,0.0,0.0,0.0,0.0,0.0,0.0,0.0,0.0,0.0,0.0
0.1,50,1,0.1,0.01,0.0004,True,0.0011926350268198285,3,0.0,0.0,1.0,0.0,0.0,0.0,0.0,0.0,0.0,0.0,0.0,0.0,0.0,0.0,0.0,0.0,0.0,0.0,0.0,0.0,0.0,0.0
0.1,50,1,0.1,0.05,5e-05,True,0.005249153951365971,3,0.0,0.0,1.0,0.0,0.0,0.0,0.0,0.0,0.0,0.0,0.0,0.0,0.0,0.0,0.0,0.0,0.0,0.0,0.0,0.0,0.0,0.0
0.1,50,1,0.1,0.05,0.0001,True,0.00525058255864442,3,0.0,0.0,1.0,0.0,0.0,0.0,0.0,0.0,0.0,0.0,0.0,0.0,0.0,0.0,0.0,0.0,0.0,0.0,0.0,0.0,0.0,0.0
0.1,50,1,0.1,0.05,0.0004,True,0.005279073517686696,3,0.0,0.0,1.0,0.0,0.0,0.0,0.0,0.0,0.0,0.0,0.0,0.0,0.0,0.0,0.0,0.0,0.0,0.0,0.0,0.0,0.0,0.0
0.1,50,2,0.0001,0.0,5e-05,True,0.00014300349646075093,3,0.3333333333333333,0.024037008503093267,0.0,0.0,0.0,0.0,0.0,0.0,0.0,0.0,1.0,0.0,1.0,0.0,0.0,0.0,1.0,0.0,1.0,0.0,0.0,0.0
0.1,50,2,0.0001,0.0,0.0001,True,0.0002836370920736567,3,0.03333333333333333,0.006666666666666667,0.0,0.0,0.0,0.0,0.0,0.0,0.0,0.0,1.0,0.0,1.0,0.0,0.0,0.0,1.0,0.0,1.0,0.0,0.0,0.0
0.1,50,2,0.0001,0.0,0.0004,True,0.0011315697062046156,3,0.013333333333333334,0.013333333333333334,0.3333333333333333,0.33333333333333337,0.0,0.0,0.0,0.0,0.0,0.0,0.3333333333333333,0.33333333333333337,0.3333333333333333,0.33333333333333337,0.0,0.0,0.3333333333333333,0.33333333333333337,0.3333333333333333,0.33333333333333337,0.0,0.0
0.1,50,2,0.0001,0.01,5e-05,True,0.0021043199422362056,3,0.0,0.0,1.0,0.0,0.0,0.0,0.0,0.0,0.0,0.0,0.0,0.0,0.0,0.0,0.0,0.0,0.0,0.0,0.0,0.0,0.0,0.0
0.1,50,2,0.0001,0.01,0.0001,True,0.0021185283616919053,3,0.006666666666666667,0.006666666666666667,0.8333333333333334,0.16666666666666666,0.0,0.0,0.0,0.0,0.0,0.0,0.3333333333333333,0.33333333333333337,0.3333333333333333,0.33333333333333337,0.0,0.0,0.3333333333333333,0.33333333333333337,0.3333333333333333,0.33333333333333337,0.0,0.0
0.1,50,2,0.0001,0.01,0.0004,True,0.002384986880318839,3,0.013333333333333334,0.006666666666666667,0.6,0.3055050463303894,0.0,0.0,0.0,0.0,0.0,0.0,0.6666666666666666,0.33333333333333337,0.6666666666666666,0.33333333333333337,0.0,0.0,0.6666666666666666,0.33333333333333337,0.6666666666666666,0.33333333333333337,0.0,0.0
0.1,50,2,0.0001,0.05,5e-05,True,0.01049821951042763,3,0.006666666666666667,0.006666666666666667,0.9722222222222222,0.027777777777777794,0.0,0.0,0.0,0.0,0.0,0.0,0.3333333333333333,0.33333333333333337,0.3333333333333333,0.33333333333333337,0.0,0.0,0.3333333333333333,0.33333333333333337,0.3333333333333333,0.33333333333333337,0.0,0.0
0.1,50,2,0.0001,0.05,0.0001,True,0.010501076749034994,3,0.0,0.0,1.0,0.0,0.0,0.0,0.0,0.0,0.0,0.0,0.0,0.0,0.0,0.0,0.0,0.0,0.0,0.0,0.0,0.0,0.0,0.0
0.1,50,2,0.0001,0.05,0.0004,True,0.010558059144043631,3,0.013333333333333334,0.006666666666666667,0.8910256410256411,0.07392668329917176,0.0,0.0,0.0,0.0,0.0,0.0,0.6666666666666666,0.33333333333333337,0.39999999999999997,0.2,0.0,0.0,0.6666666666666666,0.33333333333333337,0.39999999999999997,0.2,0.0,0.0
0.1,50,2,0.001,0.0,5e-05,True,0.00014300349646075093,3,1.0,0.0,0.0,0.0,0.0,0.0,0.0,0.0,0.0,0.0,1.0,0.0,1.0,0.0,0.0,0.0,1.0,0.0,1.0,0.0,0.0,0.0
0.1,50,2,0.001,0.0,0.0001,True,0.0002836370920736567,3,1.0,0.0,0.0,0.0,0.0,0.0,0.0,0.0,0.0,0.0,1.0,0.0,1.0,0.0,0.0,0.0,1.0,0.0,1.0,0.0,0.0,0.0
0.1,50,2,0.001,0.0,0.0004,True,0.0011315697062046156,3,0.7133333333333333,0.03711842908553347,0.008771929824561403,0.008771929824561403,0.0,0.0,0.0,0.0,0.0,0.0,1.0,0.0,1.0,0.0,0.0,0.0,1.0,0.0,1.0,0.0,0.0,0.0
0.1,50,2,0.001,0.01,5e-05,True,0.0021043199422362056,3,0.15333333333333335,0.04807401700618653,0.1111111111111111,0.07349309197401642,0.0,0.0,0.0,0.0,0.0,0.0,0.9701779701779701,0.01842928721564985,1.0,0.0,0.0,0.0,0.9701779701779701,0.01842928721564985,1.0,0.0,0.0,0.0
0.1,50,2,0.001,0.01,0.0001,True,0.0021185283616919053,3,0.14666666666666667,0.04807401700618653,0.30158730158730157,0.0839921051131616,0.0,0.0,0.0,0.0,0.0,0.0,0.9722222222222222,0.027777777777777794,1.0,0.0,0.0,0.0,0.9722222222222222,0.027777777777777794,1.0,0.0,0.0,0.0
0.1,50,2,0.001,0.01,0.0004,True,0.002384986880318839,3,0.06,0.023094010767585032,0.41269841269841273,0.12473201305953739,0.0,0.0,0.0,0.0,0.0,0.0,1.0,0.0,1.0,0.0,0.0,0.0,1.0,0.0,1.0,0.0,0.0,0.0
0.1,50,2,0.001,0.05,5e-05,True,0.01049821951042763,3,0.0,0.0,1.0,0.0,0.0,0.0,0.0,0.0,0.0,0.0,0.0,0.0,0.0,0.0,0.0,0.0,0.0,0.0,0.0,0.0,0.0,0.0
0.1,50,2,0.001,0.05,0.0001,True,0.010501076749034994,3,0.0,0.0,1.0,0.0,0.0,0.0,0.0,0.0,0.0,0.0,0.0,0.0,0.0,0.0,0.0,0.0,0.0,0.0,0.0,0.0,0.0,0.0
0.1,50,2,0.001,0.05,0.0004,True,0.010558059144043631,3,0.0,0.0,1.0,0.0,0.0,0.0,0.0,0.0,0.0,0.0,0.0,0.0,0.0,0.0,0.0,0.0,0.0,0.0,0.0,0.0,0.0,0.0
0.1,50,2,0.01,0.0,5e-05,True,0.00014300349646075093,3,0.64,0.32083225108042573,0.013888888888888888,0.01388888888888889,0.0,0.0,0.0,0.0,0.0,0.0,0.6666666666666666,0.33333333333333337,0.6666666666666666,0.33333333333333337,0.0,0.0,0.6666666666666666,0.33333333333333337,0.6666666666666666,0.33333333333333337,0.0,0.0
0.1,50,2,0.01,0.0,0.0001,True,0.0002836370920736567,3,0.96,0.02309401076758502,0.020691609977324263,0.012028965518096906,0.0,0.0,0.0,0.0,0.0,0.0,1.0,0.0,1.0,0.0,0.0,0.0,1.0,0.0,1.0,0.0,0.0,0.0
0.1,50,2,0.01,0.0,0.0004,True,0.0011315697062046156,3,0.9266666666666666,0.04055175020198814,0.028703703703703703,0.014374235829870394,0.0,0.0,0.0,0.0,0.0,0.0,1.0,0.0,1.0,0.0,0.0,0.0,1.0,0.0,1.0,0.0,0.0,0.0
0.1,50,2,0.01,0.01,5e-05,True,0.0021043199422362056,3,0.9333333333333332,0.013333333333333308,0.03458049886621315,0.007086167800453515,0.0,0.0,0.0,0.0,0.0,0.0,1.0,0.0,1.0,0.0,0.0,0.0,1.0,0.0,1.0,0.0,0.0,0.0
0.1,50,2,0.01,0.01,0.0001,True,0.0021185283616919053,3,0.6266666666666666,0.14621141466307538,0.11232927279438905,0.042013716191521354,0.0,0.0,0.0,0.0,0.0,0.0,0.9973544973544973,0.002645502645502636,1.0,0.0,0.0,0.0,0.9973544973544973,0.002645502645502636,1.0,0.0,0.0,0.0
0.1,50,2,0.01,0.01,0.0004,True,0.002384986880318839,3,0.8666666666666667,0.052068331172711015,0.052625287841234686,0.021357532359601385,0.0,0.0,0.0,0.0,0.0,0.0,1.0,0.0,1.0,0.0,0.0,0.0,1.0,0.0,1.0,0.0,0.0,0.0
0.1,50,2,0.01,0.05,5e-05,True,0.01049821951042763,3,0.13333333333333333,0.07512951779723098,0.46990740740740744,0.265235760359323,0.0,0.0,0.0,0.0,0.0,0.0,0.6530612244897959,0.32674312812307016,0.6666666666666666,0.33333333333333337,0.0,0.0,0.6530612244897959,0.32674312812307016,0.6666666666666666,0.33333333333333337,0.0,0.0
0.1,50,2,0.01,0.05,0.0001,True,0.010501076749034994,3,0.12666666666666668,0.09820613241770824,0.4692982456140351,0.2666796511150923,0.0,0.0,0.0,0.0,0.0,0.0,0.6666666666666666,0.33333333333333337,0.6666666666666666,0.33333333333333337,0.0,0.0,0.6666666666666666,0.33333333333333337,0.6666666666666666,0.33333333333333337,0.0,0.0
0.1,50,2,0.01,0.05,0.0004,True,0.010558059144043631,3,0.1466666666666667,0.02403700850309326,0.15555555555555556,0.029397236789606564,0.0,0.0,0.0,0.0,0.0,0.0,0.97010582010582,0.015848746879100706,0.9925925925925926,0.0074074074074073825,0.0,0.0,0.97010582010582,0.015848746879100706,0.9925925925925926,0.0074074074074073825,0.0,0.0
0.1,50,2,0.1,0.0,5e-05,True,0.00014300349646075093,3,0.0,0.0,1.0,0.0,0.0,0.0,0.0,0.0,0.0,0.0,0.0,0.0,0.0,0.0,0.0,0.0,0.0,0.0,0.0,0.0,0.0,0.0
0.1,50,2,0.1,0.0,0.0001,True,0.0002836370920736567,3,0.0,0.0,1.0,0.0,0.0,0.0,0.0,0.0,0.0,0.0,0.0,0.0,0.0,0.0,0.0,0.0,0.0,0.0,0.0,0.0,0.0,0.0
0.1,50,2,0.1,0.0,0.0004,True,0.0011315697062046156,3,0.0,0.0,1.0,0.0,0.0,0.0,0.0,0.0,0.0,0.0,0.0,0.0,0.0,0.0,0.0,0.0,0.0,0.0,0.0,0.0,0.0,0.0
0.1,50,2,0.1,0.01,5e-05,True,0.0021043199422362056,3,0.0,0.0,1.0,0.0,0.0,0.0,0.0,0.0,0.0,0.0,0.0,0.0,0.0,0.0,0.0,0.0,0.0,0.0,0.0,0.0,0.0,0.0
0.1,50,2,0.1,0.01,0.0001,True,0.0021185283616919053,3,0.0,0.0,1.0,0.0,0.0,0.0,0.0,0.0,0.0,0.0,0.0,0.0,0.0,0.0,0.0,0.0,0.0,0.0,0.0,0.0,0.0,0.0
0.1,50,2,0.1,0.01,0.0004,True,0.002384986880318839,3,0.0,0.0,1.0,0.0,0.0,0.0,0.0,0.0,0.0,0.0,0.0,0.0,0.0,0.0,0.0,0.0,0.0,0.0,0.0,0.0,0.0,0.0
0.1,50,2,0.1,0.05,5e-05,True,0.01049821951042763,3,0.0,0.0,1.0,0.0,0.0,0.0,0.0,0.0,0.0,0.0,0.0,0.0,0.0,0.0,0.0,0.0,0.0,0.0,0.0,0.0,0.0,0.0
0.1,50,2,0.1,0.05,0.0001,True,0.010501076749034994,3,0.0,0.0,1.0,0.0,0.0,0.0,0.0,0.0,0.0,0.0,0.0,0.0,0.0,0.0,0.0,0.0,0.0,0.0,0.0,0.0,0.0,0.0
0.1,50,2,0.1,0.05,0.0004,True,0.010558059144043631,3,0.0,0.0,1.0,0.0,0.0,0.0,0.0,0.0,0.0,0.0,0.0,0.0,0.0,0.0,0.0,0.0,0.0,0.0,0.0,0.0,0.0,0.0
0.1,50,3,0.0001,0.0,5e-05,True,0.00021319005605327846,3,0.0,0.0,0.3333333333333333,0.33333333333333337,0.0,0.0,0.0,0.0,0.0,0.0,0.0,0.0,0.0,0.0,0.0,0.0,0.0,0.0,0.0,0.0,0.0,0.0
0.1,50,3,0.0001,0.0,0.0001,True,0.0004247940677551889,3,0.0,0.0,0.0,0.0,0.0,0.0,0.0,0.0,0.0,0.0,0.0,0.0,0.0,0.0,0.0,0.0,0.0,0.0,0.0,0.0,0.0,0.0
0.1,50,3,0.0001,0.0,0.0004,True,0.0016971888521905864,3,0.0,0.0,0.3333333333333333,0.33333333333333337,0.0,0.0,0.0,0.0,0.0,0.0,0.0,0.0,0.0,0.0,0.0,0.0,0.0,0.0,0.0,0.0,0.0,0.0
0.1,50,3,0.0001,0.01,5e-05,True,0.003156390328808629,3,0.0,0.0,1.0,0.0,0.0,0.0,0.0,0.0,0.0,0.0,0.0,0.0,0.0,0.0,0.0,0.0,0.0,0.0,0.0,0.0,0.0,0.0
0.1,50,3,0.0001,0.01,0.0001,True,0.0031777035588293387,3,0.0,0.0,1.0,0.0,0.0,0.0,0.0,0.0,0.0,0.0,0.0,0.0,0.0,0.0,0.0,0.0,0.0,0.0,0.0,0.0,0.0,0.0
0.1,50,3,0.0001,0.01,0.0004,True,0.00357740127855356,3,0.0,0.0,1.0,0.0,0.0,0.0,0.0,0.0,0.0,0.0,0.0,0.0,0.0,0.0,0.0,0.0,0.0,0.0,0.0,0.0,0.0,0.0
0.1,50,3,0.0001,0.05,5e-05,True,0.015747251165976188,3,0.0,0.0,1.0,0.0,0.0,0.0,0.0,0.0,0.0,0.0,0.0,0.0,0.0,0.0,0.0,0.0,0.0,0.0,0.0,0.0,0.0,0.0
0.1,50,3,0.0001,0.05,0.0001,True,0.015751537045137484,3,0.0,0.0,1.0,0.0,0.0,0.0,0.0,0.0,0.0,0.0,0.0,0.0,0.0,0.0,0.0,0.0,0.0,0.0,0.0,0.0,0.0,0.0
0.1,50,3,0.0001,0.05,0.0004,True,0.015837011059045784,3,0.0,0.0,1.0,0.0,0.0,0.0,0.0,0.0,0.0,0.0,0.0,0.0,0.0,0.0,0.0,0.0,0.0,0.0,0.0,0.0,0.0,0.0
0.1,50,3,0.001,0.0,5e-05,True,0.00021319005605327846,3,1.0,0.0,0.0,0.0,0.0,0.0,0.0,0.0,0.0,0.0,1.0,0.0,1.0,0.0,0.0,0.0,1.0,0.0,1.0,0.0,0.0,0.0
0.1,50,3,0.001,0.0,0.0001,True,0.0004247940677551889,3,1.0,0.0,0.0,0.0,0.0,0.0,0.0,0.0,0.0,0.0,1.0,0.0,1.0,0.0,0.0,0.0,1.0,0.0,1.0,0.0,0.0,0.0
0.1,50,3,0.001,0.0,0.0004,True,0.0016971888521905864,3,0.006666666666666667,0.006666666666666667,0.8333333333333334,0.16666666666666666,0.0,0.0,0.0,0.0,0.0,0.0,0.3333333333333333,0.33333333333333337,0.3333333333333333,0.33333333333333337,0.0,0.0,0.3333333333333333,0.33333333333333337,0.3333333333333333,0.33333333333333337,0.0,0.0
0.1,50,3,0.001,0.01,5e-05,True,0.003156390328808629,3,0.0,0.0,1.0,0.0,0.0,0.0,0.0,0.0,0.0,0.0,0.0,0.0,0.0,0.0,0.0,0.0,0.0,0.0,0.0,0.0,0.0,0.0
0.1,50,3,0.001,0.01,0.0001,True,0.0031777035588293387,3,0.0,0.0,1.0,0.0,0.0,0.0,0.0,0.0,0.0,0.0,0.0,0.0,0.0,0.0,0.0,0.0,0.0,0.0,0.0,0.0,0.0,0.0
0.1,50,3,0.001,0.01,0.0004,True,0.00357740127855356,3,0.0,0.0,0.6666666666666666,0.33333333333333337,0.0,0.0,0.0,0.0,0.0,0.0,0.0,0.0,0.0,0.0,0.0,0.0,0.0,0.0,0.0,0.0,0.0,0.0
0.1,50,3,0.001,0.05,5e-05,True,0.015747251165976188,3,0.0,0.0,1.0,0.0,0.0,0.0,0.0,0.0,0.0,0.0,0.0,0.0,0.0,0.0,0.0,0.0,0.0,0.0,0.0,0.0,0.0,0.0
0.1,50,3,0.001,0.05,0.0001,True,0.015751537045137484,3,0.0,0.0,1.0,0.0,0.0,0.0,0.0,0.0,0.0,0.0,0.0,0.0,0.0,0.0,0.0,0.0,0.0,0.0,0.0,0.0,0.0,0.0
0.1,50,3,0.001,0.05,0.0004,True,0.015837011059045784,3,0.0,0.0,1.0,0.0,0.0,0.0,0.0,0.0,0.0,0.0,0.0,0.0,0.0,0.0,0.0,0.0,0.0,0.0,0.0,0.0,0.0,0.0
0.1,50,3,0.01,0.0,5e-05,True,0.00021319005605327846,3,0.6533333333333333,0.32687068459016705,0.3401360544217687,0.32998456695605183,0.0,0.0,0.0,0.0,0.0,0.0,0.6666666666666666,0.33333333333333337,0.6666666666666666,0.33333333333333337,0.0,0.0,0.6666666666666666,0.33333333333333337,0.6666666666666666,0.33333333333333337,0.0,0.0
0.1,50,3,0.01,0.0,0.0001,True,0.0004247940677551889,3,0.9133333333333332,0.029059326290271154,0.028703703703703703,0.014374235829870394,0.0,0.0,0.0,0.0,0.0,0.0,1.0,0.0,1.0,0.0,0.0,0.0,1.0,0.0,1.0,0.0,0.0,0.0
0.1,50,3,0.01,0.0,0.0004,True,0.0016971888521905864,3,0.9333333333333332,0.035276684147527874,0.03516548463356974,0.018710598248554054,0.0,0.0,0.0,0.0,0.0,0.0,1.0,0.0,1.0,0.0,0.0,0.0,1.0,0.0,1.0,0.0,0.0,0.0
0.1,50,3,0.01,0.01,5e-05,True,0.003156390328808629,3,0.5933333333333334,0.1367885635245546,0.11020776874435412,0.007055329427196614,0.0,0.0,0.0,0.0,0.0,0.0,1.0,0.0,1.0,0.0,0.0,0.0,1.0,0.0,1.0,0.0,0.0,0.0
0.1,50,3,0.01,0.01,0.0001,True,0.0031777035588293387,3,0.5266666666666667,0.2633966168685122,0.38759689922480617,0.30627513589361877,0.0,0.0,0.0,0.0,0.0,0.0,0.6666666666666666,0.33333333333333337,0.6666666666666666,0.33333333333333337,0.0,0.0,0.6666666666666666,0.33333333333333337,0.6666666666666666,0.33333333333333337,0.0,0.0
0.1,50,3,0.01,0.01,0.0004,True,0.00357740127855356,3,0.7733333333333333,0.1377598554651455,0.1096724921852799,0.0777918424085264,0.0,0.0,0.0,0.0,0.0,0.0,1.0,0.0,1.0,0.0,0.0,0.0,1.0,0.0,1.0,0.0,0.0,0.0
0.1,50,3,0.01,0.05,5e-05,True,0.015747251165976188,3,0.006666666666666667,0.006666666666666667,0.8888888888888888,0.11111111111111113,0.0,0.0,0.0,0.0,0.0,0.0,0.2380952380952381,0.23809523809523808,0.3333333333333333,0.33333333333333337,0.0,0.0,0.2380952380952381,0.23809523809523808,0.3333333333333333,0.33333333333333337,0.0,0.0
0.1,50,3,0.01,0.05,0.0001,True,0.015751537045137484,3,0.006666666666666667,0.006666666666666667,0.9722222222222222,0.027777777777777794,0.0,0.0,0.0,0.0,0.0,0.0,0.3333333333333333,0.33333333333333337,0.3333333333333333,0.33333333333333337,0.0,0.0,0.3333333333333333,0.33333333333333337,0.3333333333333333,0.33333333333333337,0.0,0.0
0.1,50,3,0.01,0.05,0.0004,True,0.015837011059045784,3,0.006666666666666667,0.006666666666666667,0.9629629629629629,0.03703703703703706,0.0,0.0,0.0,0.0,0.0,0.0,0.3333333333333333,0.33333333333333337,0.3333333333333333,0.33333333333333337,0.0,0.0,0.3333333333333333,0.33333333333333337,0.3333333333333333,0.33333333333333337,0.0,0.0
0.1,50,3,0.1,0.0,5e-05,True,0.00021319005605327846,3,0.0,0.0,1.0,0.0,0.0,0.0,0.0,0.0,0.0,0.0,0.0,0.0,0.0,0.0,0.0,0.0,0.0,0.0,0.0,0.0,0.0,0.0
0.1,50,3,0.1,0.0,0.0001,True,0.0004247940677551889,3,0.0,0.0,1.0,0.0,0.0,0.0,0.0,0.0,0.0,0.0,0.0,0.0,0.0,0.0,0.0,0.0,0.0,0.0,0.0,0.0,0.0,0.0
0.1,50,3,0.1,0.0,0.0004,True,0.0016971888521905864,3,0.0,0.0,1.0,0.0,0.0,0.0,0.0,0.0,0.0,0.0,0.0,0.0,0.0,0.0,0.0,0.0,0.0,0.0,0.0,0.0,0.0,0.0
0.1,50,3,0.1,0.01,5e-05,True,0.003156390328808629,3,0.0,0.0,1.0,0.0,0.0,0.0,0.0,0.0,0.0,0.0,0.0,0.0,0.0,0.0,0.0,0.0,0.0,0.0,0.0,0.0,0.0,0.0
0.1,50,3,0.1,0.01,0.0001,True,0.0031777035588293387,3,0.0,0.0,1.0,0.0,0.0,0.0,0.0,0.0,0.0,0.0,0.0,0.0,0.0,0.0,0.0,0.0,0.0,0.0,0.0,0.0,0.0,0.0
0.1,50,3,0.1,0.01,0.0004,True,0.00357740127855356,3,0.0,0.0,1.0,0.0,0.0,0.0,0.0,0.0,0.0,0.0,0.0,0.0,0.0,0.0,0.0,0.0,0.0,0.0,0.0,0.0,0.0,0.0
0.1,50,3,0.1,0.05,5e-05,True,0.015747251165976188,3,0.0,0.0,1.0,0.0,0.0,0.0,0.0,0.0,0.0,0.0,0.0,0.0,0.0,0.0,0.0,0.0,0.0,0.0,0.0,0.0,0.0,0.0
0.1,50,3,0.1,0.05,0.0001,True,0.015751537045137484,3,0.0,0.0,1.0,0.0,0.0,0.0,0.0,0.0,0.0,0.0,0.0,0.0,0.0,0.0,0.0,0.0,0.0,0.0,0.0,0.0,0.0,0.0
0.1,50,3,0.1,0.05,0.0004,True,0.015837011059045784,3,0.0,0.0,1.0,0.0,0.0,0.0,0.0,0.0,0.0,0.0,0.0,0.0,0.0,0.0,0.0,0.0,0.0,0.0,0.0,0.0,0.0,0.0
0.1,50,5,0.0001,0.0,5e-05,True,0.00035418921496849676,3,0.0,0.0,0.0,0.0,0.0,0.0,0.0,0.0,0.0,0.0,0.0,0.0,0.0,0.0,0.0,0.0,0.0,0.0,0.0,0.0,0.0,0.0
0.1,50,5,0.0001,0.0,0.0001,True,0.0007074249076757193,3,0.0,0.0,0.0,0.0,0.0,0.0,0.0,0.0,0.0,0.0,0.0,0.0,0.0,0.0,0.0,0.0,0.0,0.0,0.0,0.0,0.0,0.0
0.1,50,5,0.0001,0.0,0.0004,True,0.00282850667314044,3,0.0,0.0,0.6666666666666666,0.33333333333333337,0.0,0.0,0.0,0.0,0.0,0.0,0.0,0.0,0.0,0.0,0.0,0.0,0.0,0.0,0.0,0.0,0.0,0.0
0.1,50,5,0.0001,0.01,5e-05,True,0.0052605719465796666,3,0.0,0.0,1.0,0.0,0.0,0.0,0.0,0.0,0.0,0.0,0.0,0.0,0.0,0.0,0.0,0.0,0.0,0.0,0.0,0.0,0.0,0.0
0.1,50,5,0.0001,0.01,0.0001,True,0.005296094523811011,3,0.0,0.0,1.0,0.0,0.0,0.0,0.0,0.0,0.0,0.0,0.0,0.0,0.0,0.0,0.0,0.0,0.0,0.0,0.0,0.0,0.0,0.0
0.1,50,5,0.0001,0.01,0.0004,True,0.005962266113244274,3,0.0,0.0,1.0,0.0,0.0,0.0,0.0,0.0,0.0,0.0,0.0,0.0,0.0,0.0,0.0,0.0,0.0,0.0,0.0,0.0,0.0,0.0
0.1,50,5,0.0001,0.05,5e-05,True,0.026245082101060847,3,0.0,0.0,1.0,0.0,0.0,0.0,0.0,0.0,0.0,0.0,0.0,0.0,0.0,0.0,0.0,0.0,0.0,0.0,0.0,0.0,0.0,0.0
0.1,50,5,0.0001,0.05,0.0001,True,0.02625222532455914,3,0.0,0.0,1.0,0.0,0.0,0.0,0.0,0.0,0.0,0.0,0.0,0.0,0.0,0.0,0.0,0.0,0.0,0.0,0.0,0.0,0.0,0.0
0.1,50,5,0.0001,0.05,0.0004,True,0.02639468383010913,3,0.0,0.0,1.0,0.0,0.0,0.0,0.0,0.0,0.0,0.0,0.0,0.0,0.0,0.0,0.0,0.0,0.0,0.0,0.0,0.0,0.0,0.0
0.1,50,5,0.001,0.0,5e-05,True,0.00035418921496849676,3,0.9733333333333333,0.026666666666666655,0.013888888888888888,0.01388888888888889,0.0,0.0,0.0,0.0,0.0,0.0,1.0,0.0,1.0,0.0,0.0,0.0,1.0,0.0,1.0,0.0,0.0,0.0
0.1,50,5,0.001,0.0,0.0001,True,0.0007074249076757193,3,0.6666666666666666,0.33333333333333337,0.3333333333333333,0.33333333333333337,0.0,0.0,0.0,0.0,0.0,0.0,0.6666666666666666,0.33333333333333337,0.6666666666666666,0.33333333333333337,0.0,0.0,0.6666666666666666,0.33333333333333337,0.6666666666666666,0.33333333333333337,0.0,0.0
0.1,50,5,0.001,0.0,0.0004,True,0.00282850667314044,3,0.0,0.0,1.0,0.0,0.0,0.0,0.0,0.0,0.0,0.0,0.0,0.0,0.0,0.0,0.0,0.0,0.0,0.0,0.0,0.0,0.0,0.0
0.1,50,5,0.001,0.01,5e-05,True,0.0052605719465796666,3,0.0,0.0,1.0,0.0,0.0,0.0,0.0,0.0,0.0,0.0,0.0,0.0,0.0,0.0,0.0,0.0,0.0,0.0,0.0,0.0,0.0,0.0
0.1,50,5,0.001,0.01,0.0001,True,0.005296094523811011,3,0.0,0.0,1.0,0.0,0.0,0.0,0.0,0.0,0.0,0.0,0.0,0.0,0.0,0.0,0.0,0.0,0.0,0.0,0.0,0.0,0.0,0.0
0.1,50,5,0.001,0.01,0.0004,True,0.005962266113244274,3,0.0,0.0,1.0,0.0,0.0,0.0,0.0,0.0,0.0,0.0,0.0,0.0,0.0,0.0,0.0,0.0,0.0,0.0,0.0,0.0,0.0,0.0
0.1,50,5,0.001,0.05,5e-05,True,0.026245082101060847,3,0.0,0.0,1.0,0.0,0.0,0.0,0.0,0.0,0.0,0.0,0.0,0.0,0.0,0.0,0.0,0.0,0.0,0.0,0.0,0.0,0.0,0.0
0.1,50,5,0.001,0.05,0.0001,True,0.02625222532455914,3,0.0,0.0,1.0,0.0,0.0,0.0,0.0,0.0,0.0,0.0,0.0,0.0,0.0,0.0,0.0,0.0,0.0,0.0,0.0,0.0,0.0,0.0
0.1,50,5,0.001,0.05,0.0004,True,0.02639468383010913,3,0.0,0.0,1.0,0.0,0.0,0.0,0.0,0.0,0.0,0.0,0.0,0.0,0.0,0.0,0.0,0.0,0.0,0.0,0.0,0.0,0.0,0.0
0.1,50,5,0.01,0.0,5e-05,True,0.00035418921496849676,3,0.9866666666666667,0.013333333333333346,0.006802721088435374,0.006802721088435374,0.0,0.0,0.0,0.0,0.0,0.0,1.0,0.0,1.0,0.0,0.0,0.0,1.0,0.0,1.0,0.0,0.0,0.0
0.1,50,5,0.01,0.0,0.0001,True,0.0007074249076757193,3,0.6,0.30199337741083,0.35528756957328383,0.32243729042778474,0.0,0.0,0.0,0.0,0.0,0.0,0.6666666666666666,0.33333333333333337,0.6666666666666666,0.33333333333333337,0.0,0.0,0.6666666666666666,0.33333333333333337,0.6666666666666666,0.33333333333333337,0.0,0.0
0.1,50,5,0.01,0.0,0.0004,True,0.00282850667314044,3,0.8466666666666667,0.07688375063113864,0.06275378368401624,0.03138340539953087,0.0,0.0,0.0,0.0,0.0,0.0,1.0,0.0,1.0,0.0,0.0,0.0,1.0,0.0,1.0,0.0,0.0,0.0
0.1,50,5,0.01,0.01,5e-05,True,0.0052605719465796666,3,0.05333333333333334,0.05333333333333334,0.7037037037037037,0.2962962962962963,0.0,0.0,0.0,0.0,0.0,0.0,0.3333333333333333,0.33333333333333337,0.3333333333333333,0.33333333333333337,0.0,0.0,0.3333333333333333,0.33333333333333337,0.3333333333333333,0.33333333333333337,0.0,0.0
0.1,50,5,0.01,0.01,0.0001,True,0.005296094523811011,3,0.42,0.01154700538379251,0.14063492063492064,0.04907714732458245,0.0,0.0,0.0,0.0,0.0,0.0,1.0,0.0,1.0,0.0,0.0,0.0,1.0,0.0,1.0,0.0,0.0,0.0
0.1,50,5,0.01,0.01,0.0004,True,0.005962266113244274,3,0.49333333333333335,0.06565905201197403,0.13211233211233211,0.01728007931382213,0.0,0.0,0.0,0.0,0.0,0.0,1.0,0.0,1.0,0.0,0.0,0.0,1.0,0.0,1.0,0.0,0.0,0.0
0.1,50,5,0.01,0.05,5e-05,True,0.026245082101060847,3,0.0,0.0,1.0,0.0,0.0,0.0,0.0,0.0,0.0,0.0,0.0,0.0,0.0,0.0,0.0,0.0,0.0,0.0,0.0,0.0,0.0,0.0
0.1,50,5,0.01,0.05,0.0001,True,0.02625222532455914,3,0.0,0.0,1.0,0.0,0.0,0.0,0.0,0.0,0.0,0.0,0.0,0.0,0.0,0.0,0.0,0.0,0.0,0.0,0.0,0.0,0.0,0.0
0.1,50,5,0.01,0.05,0.0004,True,0.02639468383010913,3,0.0,0.0,1.0,0.0,0.0,0.0,0.0,0.0,0.0,0.0,0.0,0.0,0.0,0.0,0.0,0.0,0.0,0.0,0.0,0.0,0.0,0.0
0.1,50,5,0.1,0.0,5e-05,True,0.00035418921496849676,3,0.0,0.0,1.0,0.0,0.0,0.0,0.0,0.0,0.0,0.0,0.0,0.0,0.0,0.0,0.0,0.0,0.0,0.0,0.0,0.0,0.0,0.0
0.1,50,5,0.1,0.0,0.0001,True,0.0007074249076757193,3,0.0,0.0,1.0,0.0,0.0,0.0,0.0,0.0,0.0,0.0,0.0,0.0,0.0,0.0,0.0,0.0,0.0,0.0,0.0,0.0,0.0,0.0
0.1,50,5,0.1,0.0,0.0004,True,0.00282850667314044,3,0.0,0.0,1.0,0.0,0.0,0.0,0.0,0.0,0.0,0.0,0.0,0.0,0.0,0.0,0.0,0.0,0.0,0.0,0.0,0.0,0.0,0.0
0.1,50,5,0.1,0.01,5e-05,True,0.0052605719465796666,3,0.0,0.0,1.0,0.0,0.0,0.0,0.0,0.0,0.0,0.0,0.0,0.0,0.0,0.0,0.0,0.0,0.0,0.0,0.0,0.0,0.0,0.0
0.1,50,5,0.1,0.01,0.0001,True,0.005296094523811011,3,0.0,0.0,1.0,0.0,0.0,0.0,0.0,0.0,0.0,0.0,0.0,0.0,0.0,0.0,0.0,0.0,0.0,0.0,0.0,0.0,0.0,0.0
0.1,50,5,0.1,0.01,0.0004,True,0.005962266113244274,3,0.0,0.0,1.0,0.0,0.0,0.0,0.0,0.0,0.0,0.0,0.0,0.0,0.0,0.0,0.0,0.0,0.0,0.0,0.0,0.0,0.0,0.0
0.1,50,5,0.1,0.05,5e-05,True,0.026245082101060847,3,0.0,0.0,1.0,0.0,0.0,0.0,0.0,0.0,0.0,0.0,0.0,0.0,0.0,0.0,0.0,0.0,0.0,0.0,0.0,0.0,0.0,0.0
0.1,50,5,0.1,0.05,0.0001,True,0.02625222532455914,3,0.0,0.0,1.0,0.0,0.0,0.0,0.0,0.0,0.0,0.0,0.0,0.0,0.0,0.0,0.0,0.0,0.0,0.0,0.0,0.0,0.0,0.0
0.1,50,5,0.1,0.05,0.0004,True,0.02639468383010913,3,0.0,0.0,1.0,0.0,0.0,0.0,0.0,0.0,0.0,0.0,0.0,0.0,0.0,0.0,0.0,0.0,0.0,0.0,0.0,0.0,0.0,0.0
0.1,50,10,0.0001,0.0,5e-05,True,0.0007074249076757193,3,0.0,0.0,0.0,0.0,0.0,0.0,0.0,0.0,0.0,0.0,0.0,0.0,0.0,0.0,0.0,0.0,0.0,0.0,0.0,0.0,0.0,0.0
0.1,50,10,0.0001,0.0,0.0001,True,0.0014143726524505486,3,0.0,0.0,0.0,0.0,0.0,0.0,0.0,0.0,0.0,0.0,0.0,0.0,0.0,0.0,0.0,0.0,0.0,0.0,0.0,0.0,0.0,0.0
0.1,50,10,0.0001,0.0,0.0004,True,0.005656894024108989,3,0.0,0.0,1.0,0.0,0.0,0.0,0.0,0.0,0.0,0.0,0.0,0.0,0.0,0.0,0.0,0.0,0.0,0.0,0.0,0.0,0.0,0.0
0.1,50,10,0.0001,0.01,5e-05,True,0.010521055692710848,3,0.0,0.0,1.0,0.0,0.0,0.0,0.0,0.0,0.0,0.0,0.0,0.0,0.0,0.0,0.0,0.0,0.0,0.0,0.0,0.0,0.0,0.0
0.1,50,10,0.0001,0.01,0.0001,True,0.010592101438766688,3,0.0,0.0,1.0,0.0,0.0,0.0,0.0,0.0,0.0,0.0,0.0,0.0,0.0,0.0,0.0,0.0,0.0,0.0,0.0,0.0,0.0,0.0
0.1,50,10,0.0001,0.01,0.0004,True,0.011924454406350142,3,0.0,0.0,1.0,0.0,0.0,0.0,0.0,0.0,0.0,0.0,0.0,0.0,0.0,0.0,0.0,0.0,0.0,0.0,0.0,0.0,0.0,0.0
0.1,50,10,0.0001,0.05,5e-05,True,0.05248713983049625,3,0.0,0.0,1.0,0.0,0.0,0.0,0.0,0.0,0.0,0.0,0.0,0.0,0.0,0.0,0.0,0.0,0.0,0.0,0.0,0.0,0.0,0.0
0.1,50,10,0.0001,0.05,0.0001,True,0.052501427100470954,3,0.0,0.0,1.0,0.0,0.0,0.0,0.0,0.0,0.0,0.0,0.0,0.0,0.0,0.0,0.0,0.0,0.0,0.0,0.0,0.0,0.0,0.0
0.1,50,10,0.0001,0.05,0.0004,True,0.05278636043132796,3,0.0,0.0,1.0,0.0,0.0,0.0,0.0,0.0,0.0,0.0,0.0,0.0,0.0,0.0,0.0,0.0,0.0,0.0,0.0,0.0,0.0,0.0
0.1,50,10,0.001,0.0,5e-05,True,0.0007074249076757193,3,0.98,0.020000000000000018,0.006944444444444444,0.006944444444444445,0.0,0.0,0.0,0.0,0.0,0.0,1.0,0.0,1.0,0.0,0.0,0.0,1.0,0.0,1.0,0.0,0.0,0.0
0.1,50,10,0.001,0.0,0.0001,True,0.0014143726524505486,3,0.0,0.0,0.6666666666666666,0.33333333333333337,0.0,0.0,0.0,0.0,0.0,0.0,0.0,0.0,0.0,0.0,0.0,0.0,0.0,0.0,0.0,0.0,0.0,0.0
0.1,50,10,0.001,0.0,0.0004,True,0.005656894024108989,3,0.0,0.0,1.0,0.0,0.0,0.0,0.0,0.0,0.0,0.0,0.0,0.0,0.0,0.0,0.0,0.0,0.0,0.0,0.0,0.0,0.0,0.0
0.1,50,10,0.001,0.01,5e-05,True,0.010521055692710848,3,0.0,0.0,1.0,0.0,0.0,0.0,0.0,0.0,0.0,0.0,0.0,0.0,0.0,0.0,0.0,0.0,0.0,0.0,0.0,0.0,0.0,0.0
0.1,50,10,0.001,0.01,0.0001,True,0.010592101438766688,3,0.0,0.0,1.0,0.0,0.0,0.0,0.0,0.0,0.0,0.0,0.0,0.0,0.0,0.0,0.0,0.0,0.0,0.0,0.0,0.0,0.0,0.0
0.1,50,10,0.001,0.01,0.0004,True,0.011924454406350142,3,0.0,0.0,1.0,0.0,0.0,0.0,0.0,0.0,0.0,0.0,0.0,0.0,0.0,0.0,0.0,0.0,0.0,0.0,0.0,0.0,0.0,0.0
0.1,50,10,0.001,0.05,5e-05,True,0.05248713983049625,3,0.0,0.0,1.0,0.0,0.0,0.0,0.0,0.0,0.0,0.0,0.0,0.0,0.0,0.0,0.0,0.0,0.0,0.0,0.0,0.0,0.0,0.0
0.1,50,10,0.001,0.05,0.0001,True,0.052501427100470954,3,0.0,0.0,1.0,0.0,0.0,0.0,0.0,0.0,0.0,0.0,0.0,0.0,0.0,0.0,0.0,0.0,0.0,0.0,0.0,0.0,0.0,0.0
0.1,50,10,0.001,0.05,0.0004,True,0.05278636043132796,3,0.0,0.0,1.0,0.0,0.0,0.0,0.0,0.0,0.0,0.0,0.0,0.0,0.0,0.0,0.0,0.0,0.0,0.0,0.0,0.0,0.0,0.0
0.1,50,10,0.01,0.0,5e-05,True,0.0007074249076757193,3,0.96,0.02309401076758502,0.013894919669995657,0.0069519814494270245,0.0,0.0,0.0,0.0,0.0,0.0,1.0,0.0,1.0,0.0,0.0,0.0,1.0,0.0,1.0,0.0,0.0,0.0
0.1,50,10,0.01,0.0,0.0001,True,0.0014143726524505486,3,0.8666666666666667,0.0933333333333333,0.05634048491191348,0.035932321646607354,0.0,0.0,0.0,0.0,0.0,0.0,0.9971988795518207,0.002801120448179262,1.0,0.0,0.0,0.0,0.9971988795518207,0.002801120448179262,1.0,0.0,0.0,0.0
0.1,50,10,0.01,0.0,0.0004,True,0.005656894024108989,3,0.39333333333333337,0.20176994600562073,0.12737127371273713,0.03929539295392954,0.0,0.0,0.0,0.0,0.0,0.0,1.0,0.0,1.0,0.0,0.0,0.0,1.0,0.0,1.0,0.0,0.0,0.0
0.1,50,10,0.01,0.01,5e-05,True,0.010521055692710848,3,0.0,0.0,1.0,0.0,0.0,0.0,0.0,0.0,0.0,0.0,0.0,0.0,0.0,0.0,0.0,0.0,0.0,0.0,0.0,0.0,0.0,0.0
0.1,50,10,0.01,0.01,0.0001,True,0.010592101438766688,3,0.0,0.0,1.0,0.0,0.0,0.0,0.0,0.0,0.0,0.0,0.0,0.0,0.0,0.0,0.0,0.0,0.0,0.0,0.0,0.0,0.0,0.0
0.1,50,10,0.01,0.01,0.0004,True,0.011924454406350142,3,0.0,0.0,1.0,0.0,0.0,0.0,0.0,0.0,0.0,0.0,0.0,0.0,0.0,0.0,0.0,0.0,0.0,0.0,0.0,0.0,0.0,0.0
0.1,50,10,0.01,0.05,5e-05,True,0.05248713983049625,3,0.0,0.0,1.0,0.0,0.0,0.0,0.0,0.0,0.0,0.0,0.0,0.0,0.0,0.0,0.0,0.0,0.0,0.0,0.0,0.0,0.0,0.0
0.1,50,10,0.01,0.05,0.0001,True,0.052501427100470954,3,0.0,0.0,1.0,0.0,0.0,0.0,0.0,0.0,0.0,0.0,0.0,0.0,0.0,0.0,0.0,0.0,0.0,0.0,0.0,0.0,0.0,0.0
0.1,50,10,0.01,0.05,0.0004,True,0.05278636043132796,3,0.0,0.0,1.0,0.0,0.0,0.0,0.0,0.0,0.0,0.0,0.0,0.0,0.0,0.0,0.0,0.0,0.0,0.0,0.0,0.0,0.0,0.0
0.1,50,10,0.1,0.0,5e-05,True,0.0007074249076757193,3,0.0,0.0,1.0,0.0,0.0,0.0,0.0,0.0,0.0,0.0,0.0,0.0,0.0,0.0,0.0,0.0,0.0,0.0,0.0,0.0,0.0,0.0
0.1,50,10,0.1,0.0,0.0001,True,0.0014143726524505486,3,0.0,0.0,1.0,0.0,0.0,0.0,0.0,0.0,0.0,0.0,0.0,0.0,0.0,0.0,0.0,0.0,0.0,0.0,0.0,0.0,0.0,0.0
0.1,50,10,0.1,0.0,0.0004,True,0.005656894024108989,3,0.0,0.0,1.0,0.0,0.0,0.0,0.0,0.0,0.0,0.0,0.0,0.0,0.0,0.0,0.0,0.0,0.0,0.0,0.0,0.0,0.0,0.0
0.1,50,10,0.1,0.01,5e-05,True,0.010521055692710848,3,0.0,0.0,1.0,0.0,0.0,0.0,0.0,0.0,0.0,0.0,0.0,0.0,0.0,0.0,0.0,0.0,0.0,0.0,0.0,0.0,0.0,0.0
0.1,50,10,0.1,0.01,0.0001,True,0.010592101438766688,3,0.0,0.0,1.0,0.0,0.0,0.0,0.0,0.0,0.0,0.0,0.0,0.0,0.0,0.0,0.0,0.0,0.0,0.0,0.0,0.0,0.0,0.0
0.1,50,10,0.1,0.01,0.0004,True,0.011924454406350142,3,0.0,0.0,1.0,0.0,0.0,0.0,0.0,0.0,0.0,0.0,0.0,0.0,0.0,0.0,0.0,0.0,0.0,0.0,0.0,0.0,0.0,0.0
0.1,50,10,0.1,0.05,5e-05,True,0.05248713983049625,3,0.0,0.0,1.0,0.0,0.0,0.0,0.0,0.0,0.0,0.0,0.0,0.0,0.0,0.0,0.0,0.0,0.0,0.0,0.0,0.0,0.0,0.0
0.1,50,10,0.1,0.05,0.0001,True,0.052501427100470954,3,0.0,0.0,1.0,0.0,0.0,0.0,0.0,0.0,0.0,0.0,0.0,0.0,0.0,0.0,0.0,0.0,0.0,0.0,0.0,0.0,0.0,0.0
0.1,50,10,0.1,0.05,0.0004,True,0.05278636043132796,3,0.0,0.0,1.0,0.0,0.0,0.0,0.0,0.0,0.0,0.0,0.0,0.0,0.0,0.0,0.0,0.0,0.0,0.0,0.0,0.0,0.0,0.0
0.1,50,20,0.0001,0.0,5e-05,True,0.0014143726524505486,3,0.0,0.0,0.3333333333333333,0.33333333333333337,0.0,0.0,0.0,0.0,0.0,0.0,0.0,0.0,0.0,0.0,0.0,0.0,0.0,0.0,0.0,0.0,0.0,0.0
0.1,50,20,0.0001,0.0,0.0001,True,0.00282850667314044,3,0.0,0.0,1.0,0.0,0.0,0.0,0.0,0.0,0.0,0.0,0.0,0.0,0.0,0.0,0.0,0.0,0.0,0.0,0.0,0.0,0.0,0.0
0.1,50,20,0.0001,0.0,0.0004,True,0.011313728386345501,3,0.0,0.0,1.0,0.0,0.0,0.0,0.0,0.0,0.0,0.0,0.0,0.0,0.0,0.0,0.0,0.0,0.0,0.0,0.0,0.0,0.0,0.0
0.1,50,20,0.0001,0.01,5e-05,True,0.02104188696070639,3,0.0,0.0,1.0,0.0,0.0,0.0,0.0,0.0,0.0,0.0,0.0,0.0,0.0,0.0,0.0,0.0,0.0,0.0,0.0,0.0,0.0,0.0
0.1,50,20,0.0001,0.01,0.0001,True,0.02118397995814633,3,0.0,0.0,1.0,0.0,0.0,0.0,0.0,0.0,0.0,0.0,0.0,0.0,0.0,0.0,0.0,0.0,0.0,0.0,0.0,0.0,0.0,0.0
0.1,50,20,0.0001,0.01,0.0004,True,0.02384871080094573,3,0.0,0.0,1.0,0.0,0.0,0.0,0.0,0.0,0.0,0.0,0.0,0.0,0.0,0.0,0.0,0.0,0.0,0.0,0.0,0.0,0.0,0.0
0.1,50,20,0.0001,0.05,5e-05,True,0.1049501935691241,3,0.0,0.0,1.0,0.0,0.0,0.0,0.0,0.0,0.0,0.0,0.0,0.0,0.0,0.0,0.0,0.0,0.0,0.0,0.0,0.0,0.0,0.0
0.1,50,20,0.0001,0.05,0.0001,True,0.10497877466515133,3,0.0,0.0,1.0,0.0,0.0,0.0,0.0,0.0,0.0,0.0,0.0,0.0,0.0,0.0,0.0,0.0,0.0,0.0,0.0,0.0,0.0,0.0
0.1,50,20,0.0001,0.05,0.0004,True,0.10554877133437707,3,0.0,0.0,1.0,0.0,0.0,0.0,0.0,0.0,0.0,0.0,0.0,0.0,0.0,0.0,0.0,0.0,0.0,0.0,0.0,0.0,0.0,0.0
0.1,50,20,0.001,0.0,5e-05,True,0.0014143726524505486,3,0.0,0.0,0.3333333333333333,0.33333333333333337,0.0,0.0,0.0,0.0,0.0,0.0,0.0,0.0,0.0,0.0,0.0,0.0,0.0,0.0,0.0,0.0,0.0,0.0
0.1,50,20,0.001,0.0,0.0001,True,0.00282850667314044,3,0.0,0.0,1.0,0.0,0.0,0.0,0.0,0.0,0.0,0.0,0.0,0.0,0.0,0.0,0.0,0.0,0.0,0.0,0.0,0.0,0.0,0.0
0.1,50,20,0.001,0.0,0.0004,True,0.011313728386345501,3,0.0,0.0,1.0,0.0,0.0,0.0,0.0,0.0,0.0,0.0,0.0,0.0,0.0,0.0,0.0,0.0,0.0,0.0,0.0,0.0,0.0,0.0
0.1,50,20,0.001,0.01,5e-05,True,0.02104188696070639,3,0.0,0.0,1.0,0.0,0.0,0.0,0.0,0.0,0.0,0.0,0.0,0.0,0.0,0.0,0.0,0.0,0.0,0.0,0.0,0.0,0.0,0.0
0.1,50,20,0.001,0.01,0.0001,True,0.02118397995814633,3,0.0,0.0,1.0,0.0,0.0,0.0,0.0,0.0,0.0,0.0,0.0,0.0,0.0,0.0,0.0,0.0,0.0,0.0,0.0,0.0,0.0,0.0
0.1,50,20,0.001,0.01,0.0004,True,0.02384871080094573,3,0.0,0.0,1.0,0.0,0.0,0.0,0.0,0.0,0.0,0.0,0.0,0.0,0.0,0.0,0.0,0.0,0.0,0.0,0.0,0.0,0.0,0.0
0.1,50,20,0.001,0.05,5e-05,True,0.1049501935691241,3,0.0,0.0,1.0,0.0,0.0,0.0,0.0,0.0,0.0,0.0,0.0,0.0,0.0,0.0,0.0,0.0,0.0,0.0,0.0,0.0,0.0,0.0
0.1,50,20,0.001,0.05,0.0001,True,0.10497877466515133,3,0.0,0.0,1.0,0.0,0.0,0.0,0.0,0.0,0.0,0.0,0.0,0.0,0.0,0.0,0.0,0.0,0.0,0.0,0.0,0.0,0.0,0.0
0.1,50,20,0.001,0.05,0.0004,True,0.10554877133437707,3,0.0,0.0,1.0,0.0,0.0,0.0,0.0,0.0,0.0,0.0,0.0,0.0,0.0,0.0,0.0,0.0,0.0,0.0,0.0,0.0,0.0,0.0
0.1,50,20,0.01,0.0,5e-05,True,0.0014143726524505486,3,0.96,0.0,0.02040816326530612,0.0,0.0,0.0,0.0,0.0,0.0,0.0,1.0,0.0,1.0,0.0,0.0,0.0,1.0,0.0,1.0,0.0,0.0,0.0
0.1,50,20,0.01,0.0,0.0001,True,0.00282850667314044,3,0.6466666666666666,0.12666666666666665,0.1137582970032599,0.01267357231502406,0.0,0.0,0.0,0.0,0.0,0.0,1.0,0.0,1.0,0.0,0.0,0.0,1.0,0.0,1.0,0.0,0.0,0.0
0.1,50,20,0.01,0.0,0.0004,True,0.011313728386345501,3,0.0,0.0,1.0,0.0,0.0,0.0,0.0,0.0,0.0,0.0,0.0,0.0,0.0,0.0,0.0,0.0,0.0,0.0,0.0,0.0,0.0,0.0
0.1,50,20,0.01,0.01,5e-05,True,0.02104188696070639,3,0.0,0.0,1.0,0.0,0.0,0.0,0.0,0.0,0.0,0.0,0.0,0.0,0.0,0.0,0.0,0.0,0.0,0.0,0.0,0.0,0.0,0.0
0.1,50,20,0.01,0.01,0.0001,True,0.02118397995814633,3,0.0,0.0,1.0,0.0,0.0,0.0,0.0,0.0,0.0,0.0,0.0,0.0,0.0,0.0,0.0,0.0,0.0,0.0,0.0,0.0,0.0,0.0
0.1,50,20,0.01,0.01,0.0004,True,0.02384871080094573,3,0.0,0.0,1.0,0.0,0.0,0.0,0.0,0.0,0.0,0.0,0.0,0.0,0.0,0.0,0.0,0.0,0.0,0.0,0.0,0.0,0.0,0.0
0.1,50,20,0.01,0.05,5e-05,True,0.1049501935691241,3,0.0,0.0,1.0,0.0,0.0,0.0,0.0,0.0,0.0,0.0,0.0,0.0,0.0,0.0,0.0,0.0,0.0,0.0,0.0,0.0,0.0,0.0
0.1,50,20,0.01,0.05,0.0001,True,0.10497877466515133,3,0.0,0.0,1.0,0.0,0.0,0.0,0.0,0.0,0.0,0.0,0.0,0.0,0.0,0.0,0.0,0.0,0.0,0.0,0.0,0.0,0.0,0.0
0.1,50,20,0.01,0.05,0.0004,True,0.10554877133437707,3,0.0,0.0,1.0,0.0,0.0,0.0,0.0,0.0,0.0,0.0,0.0,0.0,0.0,0.0,0.0,0.0,0.0,0.0,0.0,0.0,0.0,0.0
0.1,50,20,0.1,0.0,5e-05,True,0.0014143726524505486,3,0.0,0.0,1.0,0.0,0.0,0.0,0.0,0.0,0.0,0.0,0.0,0.0,0.0,0.0,0.0,0.0,0.0,0.0,0.0,0.0,0.0,0.0
0.1,50,20,0.1,0.0,0.0001,True,0.00282850667314044,3,0.0,0.0,1.0,0.0,0.0,0.0,0.0,0.0,0.0,0.0,0.0,0.0,0.0,0.0,0.0,0.0,0.0,0.0,0.0,0.0,0.0,0.0
0.1,50,20,0.1,0.0,0.0004,True,0.011313728386345501,3,0.0,0.0,1.0,0.0,0.0,0.0,0.0,0.0,0.0,0.0,0.0,0.0,0.0,0.0,0.0,0.0,0.0,0.0,0.0,0.0,0.0,0.0
0.1,50,20,0.1,0.01,5e-05,True,0.02104188696070639,3,0.0,0.0,1.0,0.0,0.0,0.0,0.0,0.0,0.0,0.0,0.0,0.0,0.0,0.0,0.0,0.0,0.0,0.0,0.0,0.0,0.0,0.0
0.1,50,20,0.1,0.01,0.0001,True,0.02118397995814633,3,0.0,0.0,1.0,0.0,0.0,0.0,0.0,0.0,0.0,0.0,0.0,0.0,0.0,0.0,0.0,0.0,0.0,0.0,0.0,0.0,0.0,0.0
0.1,50,20,0.1,0.01,0.0004,True,0.02384871080094573,3,0.0,0.0,1.0,0.0,0.0,0.0,0.0,0.0,0.0,0.0,0.0,0.0,0.0,0.0,0.0,0.0,0.0,0.0,0.0,0.0,0.0,0.0
0.1,50,20,0.1,0.05,5e-05,True,0.1049501935691241,3,0.0,0.0,1.0,0.0,0.0,0.0,0.0,0.0,0.0,0.0,0.0,0.0,0.0,0.0,0.0,0.0,0.0,0.0,0.0,0.0,0.0,0.0
0.1,50,20,0.1,0.05,0.0001,True,0.10497877466515133,3,0.0,0.0,1.0,0.0,0.0,0.0,0.0,0.0,0.0,0.0,0.0,0.0,0.0,0.0,0.0,0.0,0.0,0.0,0.0,0.0,0.0,0.0
0.1,50,20,0.1,0.05,0.0004,True,0.10554877133437707,3,0.0,0.0,1.0,0.0,0.0,0.0,0.0,0.0,0.0,0.0,0.0,0.0,0.0,0.0,0.0,0.0,0.0,0.0,0.0,0.0,0.0,0.0
0.1,100,1,0.0001,0.0,5e-05,True,7.3824115301167e-05,3,0.9966666666666667,0.003333333333333336,0.0,0.0,0.0,0.0,0.0,0.0,0.0,0.0,1.0,0.0,0.9719326599326598,0.0052407837339417925,0.0,0.0,1.0,0.0,0.9719326599326598,0.0052407837339417925,0.0,0.0
0.1,100,1,0.0001,0.0,0.0001,True,0.00014300349646075093,3,0.9133333333333334,0.008819171036881977,0.0,0.0,0.0,0.0,0.0,0.0,0.0,0.0,1.0,0.0,0.9378709940000262,0.005525706111670798,0.0,0.0,1.0,0.0,0.9378709940000262,0.005525706111670798,0.0,0.0
0.1,100,1,0.0001,0.0,0.0004,True,0.0005660830327787611,3,0.49333333333333335,0.028480012484391786,0.020833333333333332,0.012028130608117204,0.0,0.0,0.0,0.0,0.0,0.0,1.0,0.0,0.826882516188714,0.03174257465517178,0.0,0.0,1.0,0.0,0.826882516188714,0.03174257465517178,0.0,0.0
0.1,100,1,0.0001,0.01,5e-05,True,0.0010523204394088015,3,0.26666666666666666,0.0926162932629987,0.26038159371492703,0.18973428288426067,0.0,0.0,0.0,0.0,0.0,0.0,0.9916666666666667,0.008333333333333342,0.7098412698412698,0.01211351366878655,0.0,0.0,0.9916666666666667,0.008333333333333342,0.7098412698412698,0.01211351366878655,0.0,0.0
0.1,100,1,0.0001,0.01,0.0001,True,0.0010594235730799712,3,0.31666666666666665,0.037118429085533484,0.07049866834875246,0.013004193823600844,0.0,0.0,0.0,0.0,0.0,0.0,1.0,0.0,0.7577365163572063,0.012465693814002627,0.0,0.0,1.0,0.0,0.7577365163572063,0.012465693814002627,0.0,0.0
0.1,100,1,0.0001,0.01,0.0004,True,0.0011926350268198285,3,0.2733333333333334,0.006666666666666673,0.15347018572825025,0.03331216140536216,0.0,0.0,0.0,0.0,0.0,0.0,0.9895342752485611,0.005897136404806174,0.730952380952381,0.01561294886738577,0.0,0.0,0.9895342752485611,0.005897136404806174,0.730952380952381,0.01561294886738577,0.0,0.0
0.1,100,1,0.0001,0.05,5e-05,True,0.005249153951365971,3,0.09000000000000001,0.020816659994661327,0.6194139194139194,0.012534753576753625,0.0,0.0,0.0,0.0,0.0,0.0,0.9920634920634921,0.00793650793650791,0.701111111111111,0.030205060486818223,0.0,0.0,0.9920634920634921,0.00793650793650791,0.701111111111111,0.030205060486818223,0.0,0.0
0.1,100,1,0.0001,0.05,0.0001,True,0.00525058255864442,3,0.12,0.047258156262526094,0.5687147977470558,0.11642288741307258,0.0,0.0,0.0,0.0,0.0,0.0,0.9949874686716792,0.005012531328320802,0.7529657477025897,0.010342037095354943,0.0,0.0,0.9949874686716792,0.005012531328320802,0.7529657477025897,0.010342037095354943,0.0,0.0
0.1,100,1,0.0001,0.05,0.0004,True,0.005279073517686696,3,0.049999999999999996,0.005773502691896257,0.7005952380952382,0.007738095238095244,0.0,0.0,0.0,0.0,0.0,0.0,1.0,0.0,0.6711111111111112,0.038745768387028236,0.0,0.0,1.0,0.0,0.6711111111111112,0.038745768387028236,0.0,0.0
0.1,100,1,0.001,0.0,5e-05,True,7.3824115301167e-05,3,1.0,0.0,0.0,0.0,0.0,0.0,0.0,0.0,0.0,0.0,1.0,0.0,1.0,0.0,0.0,0.0,1.0,0.0,1.0,0.0,0.0,0.0
0.1,100,1,0.001,0.0,0.0001,True,0.00014300349646075093,3,0.9933333333333333,0.006666666666666672,0.0033670033670033673,0.0033670033670033677,0.0,0.0,0.0,0.0,0.0,0.0,1.0,0.0,1.0,0.0,0.0,0.0,1.0,0.0,1.0,0.0,0.0,0.0
0.1,100,1,0.001,0.0,0.0004,True,0.0005660830327787611,3,0.9899999999999999,0.01000000000000001,0.003401360544217687,0.003401360544217687,0.0,0.0,0.0,0.0,0.0,0.0,1.0,0.0,0.9730652920962198,0.0005810304563119669,0.0,0.0,1.0,0.0,0.9730652920962198,0.0005810304563119669,0.0,0.0
0.1,100,1,0.001,0.01,5e-05,True,0.0010523204394088015,3,0.7866666666666666,0.05456901847914965,0.0693540821398241,0.024734804379644863,0.0,0.0,0.0,0.0,0.0,0.0,0.9983660130718954,0.0016339869281045694,0.9389398640908432,0.009599924738793456,0.0,0.0,0.9983660130718954,0.0016339869281045694,0.9389398640908432,0.009599924738793456,0.0,0.0
0.1,100,1,0.001,0.01,0.0001,True,0.0010594235730799712,3,0.82,0.015275252316519444,0.050274916654227,0.00793461397585559,0.0,0.0,0.0,0.0,0.0,0.0,1.0,0.0,0.9381207772621528,0.00922721969923273,0.0,0.0,1.0,0.0,0.9381207772621528,0.00922721969923273,0.0,0.0
0.1,100,1,0.001,0.01,0.0004,True,0.0011926350268198285,3,0.8866666666666667,0.046308146631499326,0.026787252368647717,0.01693793576858547,0.0,0.0,0.0,0.0,0.0,0.0,1.0,0.0,0.9363640220455801,0.00509405364608997,0.0,0.0,1.0,0.0,0.9363640220455801,0.00509405364608997,0.0,0.0
0.1,100,1,0.001,0.05,5e-05,True,0.005249153951365971,3,0.15666666666666665,0.028480012484391772,0.415007215007215,0.0408438238326705,0.0,0.0,0.0,0.0,0.0,0.0,0.9698691172375384,0.0009168519985048327,0.7594541910331385,0.029727574853132238,0.0,0.0,0.9698691172375384,0.0009168519985048327,0.7594541910331385,0.029727574853132238,0.0,0.0
0.1,100,1,0.001,0.05,0.0001,True,0.00525058255864442,3,0.08,0.02886751345948129,0.6558833678398895,0.11514133215525424,0.0,0.0,0.0,0.0,0.0,0.0,0.9880952380952381,0.011904761904761899,0.747008547008547,0.027510216990480472,0.0,0.0,0.9880952380952381,0.011904761904761899,0.747008547008547,0.027510216990480472,0.0,0.0
0.1,100,1,0.001,0.05,0.0004,True,0.005279073517686696,3,0.04,0.023094010767585032,0.6190476190476191,0.1904761904761905,0.0,0.0,0.0,0.0,0.0,0.0,0.6428571428571429,0.32208926805877824,0.5416666666666666,0.27092947011681434,0.0,0.0,0.6428571428571429,0.32208926805877824,0.5416666666666666,0.27092947011681434,0.0,0.0
0.1,100,1,0.01,0.0,5e-05,True,7.3824115301167e-05,3,0.7566666666666667,0.15814901552368613,0.10901001112347053,0.0771405529729824,0.0,0.0,0.0,0.0,0.0,0.0,1.0,0.0,1.0,0.0,0.0,0.0,1.0,0.0,1.0,0.0,0.0,0.0
0.1,100,1,0.01,0.0,0.0001,True,0.00014300349646075093,3,0.9666666666666667,0.02403700850309325,0.013893319156477053,0.009311170445644114,0.0,0.0,0.0,0.0,0.0,0.0,1.0,0.0,1.0,0.0,0.0,0.0,1.0,0.0,1.0,0.0,0.0,0.0
0.1,100,1,0.01,0.0,0.0004,True,0.0005660830327787611,3,0.8633333333333333,0.07753135566408674,0.054446884238927636,0.024200487230899265,0.0,0.0,0.0,0.0,0.0,0.0,1.0,0.0,1.0,0.0,0.0,0.0,1.0,0.0,1.0,0.0,0.0,0.0
0.1,100,1,0.01,0.01,5e-05,True,0.0010523204394088015,3,0.1366666666666667,0.1316983084342561,0.5612244897959183,0.2376331765266472,0.0,0.0,0.0,0.0,0.0,0.0,0.6666666666666666,0.33333333333333337,0.6666666666666666,0.33333333333333337,0.0,0.0,0.6666666666666666,0.33333333333333337,0.6666666666666666,0.33333333333333337,0.0,0.0
0.1,100,1,0.01,0.01,0.0001,True,0.0010594235730799712,3,0.7200000000000001,0.21385353243127256,0.06935817805383022,0.04129124363391124,0.0,0.0,0.0,0.0,0.0,0.0,1.0,0.0,1.0,0.0,0.0,0.0,1.0,0.0,1.0,0.0,0.0,0.0
0.1,100,1,0.01,0.01,0.0004,True,0.0011926350268198285,3,0.6366666666666667,0.228351580779386,0.08405000796305144,0.02940407288350904,0.0,0.0,0.0,0.0,0.0,0.0,1.0,0.0,1.0,0.0,0.0,0.0,1.0,0.0,1.0,0.0,0.0,0.0
0.1,100,1,0.01,0.05,5e-05,True,0.005249153951365971,3,0.17333333333333334,0.046308146631499354,0.09135802469135802,0.00864197530864198,0.0,0.0,0.0,0.0,0.0,0.0,1.0,0.0,0.9634074074074075,0.003944748727613172,0.0,0.0,1.0,0.0,0.9634074074074075,0.003944748727613172,0.0,0.0
0.1,100,1,0.01,0.05,0.0001,True,0.00525058255864442,3,0.05000000000000001,0.04509249752822895,0.5416666666666666,0.25344843876242584,0.0,0.0,0.0,0.0,0.0,0.0,0.6666666666666666,0.33333333333333337,0.6571428571428571,0.3286749319378552,0.0,0.0,0.6666666666666666,0.33333333333333337,0.6571428571428571,0.3286749319378552,0.0,0.0
0.1,100,1,0.01,0.05,0.0004,True,0.005279073517686696,3,0.19000000000000003,0.12489995996796796,0.23129251700680273,0.13515861555309883,0.0,0.0,0.0,0.0,0.0,0.0,1.0,0.0,0.9691115086463924,0.015444591022125287,0.0,0.0,1.0,0.0,0.9691115086463924,0.015444591022125287,0.0,0.0
0.1,100,1,0.1,0.0,5e-05,True,7.3824115301167e-05,3,0.0,0.0,1.0,0.0,0.0,0.0,0.0,0.0,0.0,0.0,0.0,0.0,0.0,0.0,0.0,0.0,0.0,0.0,0.0,0.0,0.0,0.0
0.1,100,1,0.1,0.0,0.0001,True,0.00014300349646075093,3,0.0,0.0,1.0,0.0,0.0,0.0,0.0,0.0,0.0,0.0,0.0,0.0,0.0,0.0,0.0,0.0,0.0,0.0,0.0,0.0,0.0,0.0
0.1,100,1,0.1,0.0,0.0004,True,0.0005660830327787611,3,0.0,0.0,1.0,0.0,0.0,0.0,0.0,0.0,0.0,0.0,0.0,0.0,0.0,0.0,0.0,0.0,0.0,0.0,0.0,0.0,0.0,0.0
0.1,100,1,0.1,0.01,5e-05,True,0.0010523204394088015,3,0.0,0.0,1.0,0.0,0.0,0.0,0.0,0.0,0.0,0.0,0.0,0.0,0.0,0.0,0.0,0.0,0.0,0.0,0.0,0.0,0.0,0.0
0.1,100,1,0.1,0.01,0.0001,True,0.0010594235730799712,3,0.0,0.0,1.0,0.0,0.0,0.0,0.0,0.0,0.0,0.0,0.0,0.0,0.0,0.0,0.0,0.0,0.0,0.0,0.0,0.0,0.0,0.0
0.1,100,1,0.1,0.01,0.0004,True,0.0011926350268198285,3,0.0,0.0,1.0,0.0,0.0,0.0,0.0,0.0,0.0,0.0,0.0,0.0,0.0,0.0,0.0,0.0,0.0,0.0,0.0,0.0,0.0,0.0
0.1,100,1,0.1,0.05,5e-05,True,0.005249153951365971,3,0.0,0.0,1.0,0.0,0.0,0.0,0.0,0.0,0.0,0.0,0.0,0.0,0.0,0.0,0.0,0.0,0.0,0.0,0.0,0.0,0.0,0.0
0.1,100,1,0.1,0.05,0.0001,True,0.00525058255864442,3,0.0,0.0,1.0,0.0,0.0,0.0,0.0,0.0,0.0,0.0,0.0,0.0,0.0,0.0,0.0,0.0,0.0,0.0,0.0,0.0,0.0,0.0
0.1,100,1,0.1,0.05,0.0004,True,0.005279073517686696,3,0.0,0.0,1.0,0.0,0.0,0.0,0.0,0.0,0.0,0.0,0.0,0.0,0.0,0.0,0.0,0.0,0.0,0.0,0.0,0.0,0.0,0.0
0.1,100,2,0.0001,0.0,5e-05,True,0.00014300349646075093,3,0.3833333333333333,0.021858128414339994,0.0,0.0,0.0,0.0,0.0,0.0,0.0,0.0,1.0,0.0,0.9983333333333334,0.0016666666666667052,0.0,0.0,1.0,0.0,0.9983333333333334,0.0016666666666667052,0.0,0.0
0.1,100,2,0.0001,0.0,0.0001,True,0.0002836370920736567,3,0.03333333333333333,0.012018504251546632,0.0,0.0,0.0,0.0,0.0,0.0,0.0,0.0,1.0,0.0,1.0,0.0,0.0,0.0,1.0,0.0,1.0,0.0,0.0,0.0
0.1,100,2,0.0001,0.0,0.0004,True,0.0011315697062046156,3,0.013333333333333334,0.0033333333333333335,0.6388888888888888,0.07349309197401642,0.0,0.0,0.0,0.0,0.0,0.0,1.0,0.0,1.0,0.0,0.0,0.0,1.0,0.0,1.0,0.0,0.0,0.0
0.1,100,2,0.0001,0.01,5e-05,True,0.0021043199422362056,3,0.02666666666666666,0.01666666666666667,0.7508417508417509,0.14826288792123904,0.0,0.0,0.0,0.0,0.0,0.0,1.0,0.0,0.9111111111111111,0.08888888888888888,0.0,0.0,1.0,0.0,0.9111111111111111,0.08888888888888888,0.0,0.0
0.1,100,2,0.0001,0.01,0.0001,True,0.0021185283616919053,3,0.02,0.005773502691896258,0.7382478632478633,0.09319399801086696,0.0,0.0,0.0,0.0,0.0,0.0,1.0,0.0,0.7666666666666666,0.0881917103688197,0.0,0.0,1.0,0.0,0.7666666666666666,0.0881917103688197,0.0,0.0
0.1,100,2,0.0001,0.01,0.0004,True,0.002384986880318839,3,0.01,0.005773502691896258,0.9296296296296296,0.03533108153396096,0.0,0.0,0.0,0.0,0.0,0.0,0.6666666666666666,0.33333333333333337,0.6666666666666666,0.33333333333333337,0.0,0.0,0.6666666666666666,0.33333333333333337,0.6666666666666666,0.33333333333333337,0.0,0.0
0.1,100,2,0.0001,0.05,5e-05,True,0.01049821951042763,3,0.0,0.0,1.0,0.0,0.0,0.0,0.0,0.0,0.0,0.0,0.0,0.0,0.0,0.0,0.0,0.0,0.0,0.0,0.0,0.0,0.0,0.0
0.1,100,2,0.0001,0.05,0.0001,True,0.010501076749034994,3,0.0,0.0,1.0,0.0,0.0,0.0,0.0,0.0,0.0,0.0,0.0,0.0,0.0,0.0,0.0,0.0,0.0,0.0,0.0,0.0,0.0,0.0
0.1,100,2,0.0001,0.05,0.0004,True,0.010558059144043631,3,0.0,0.0,1.0,0.0,0.0,0.0,0.0,0.0,0.0,0.0,0.0,0.0,0.0,0.0,0.0,0.0,0.0,0.0,0.0,0.0,0.0,0.0
0.1,100,2,0.001,0.0,5e-05,True,0.00014300349646075093,3,1.0,0.0,0.0,0.0,0.0,0.0,0.0,0.0,0.0,0.0,1.0,0.0,1.0,0.0,0.0,0.0,1.0,0.0,1.0,0.0,0.0,0.0
0.1,100,2,0.001,0.0,0.0001,True,0.0002836370920736567,3,0.9899999999999999,0.01000000000000001,0.003401360544217687,0.003401360544217687,0.0,0.0,0.0,0.0,0.0,0.0,1.0,0.0,1.0,0.0,0.0,0.0,1.0,0.0,1.0,0.0,0.0,0.0
0.1,100,2,0.001,0.0,0.0004,True,0.0011315697062046156,3,0.6966666666666667,0.013333333333333308,0.032307769353629986,0.0041418402984404684,0.0,0.0,0.0,0.0,0.0,0.0,0.9992175273865415,0.0007824726134584663,1.0,0.0,0.0,0.0,0.9992175273865415,0.0007824726134584663,1.0,0.0,0.0,0.0
0.1,100,2,0.001,0.01,5e-05,True,0.0021043199422362056,3,0.1466666666666667,0.026034165586355514,0.43159426780116433,0.11179300198067849,0.0,0.0,0.0,0.0,0.0,0.0,0.9540517961570595,0.02230873668787995,0.9933333333333333,0.006666666666666637,0.0,0.0,0.9540517961570595,0.02230873668787995,0.9933333333333333,0.006666666666666637,0.0,0.0
0.1,100,2,0.001,0.01,0.0001,True,0.0021185283616919053,3,0.1366666666666667,0.01763834207376394,0.44810213940648724,0.01405039853808479,0.0,0.0,0.0,0.0,0.0,0.0,0.9443334443334445,0.04512577739961423,1.0,0.0,0.0,0.0,0.9443334443334445,0.04512577739961423,1.0,0.0,0.0,0.0
0.1,100,2,0.001,0.01,0.0004,True,0.002384986880318839,3,0.08333333333333333,0.029059326290271158,0.5778195488721805,0.1486471743333732,0.0,0.0,0.0,0.0,0.0,0.0,0.9635734635734637,0.009971509971509971,0.9948717948717949,0.005128205128205111,0.0,0.0,0.9635734635734637,0.009971509971509971,0.9948717948717949,0.005128205128205111,0.0,0.0
0.1,100,2,0.001,0.05,5e-05,True,0.01049821951042763,3,0.0,0.0,1.0,0.0,0.0,0.0,0.0,0.0,0.0,0.0,0.0,0.0,0.0,0.0,0.0,0.0,0.0,0.0,0.0,0.0,0.0,0.0
0.1,100,2,0.001,0.05,0.0001,True,0.010501076749034994,3,0.0,0.0,1.0,0.0,0.0,0.0,0.0,0.0,0.0,0.0,0.0,0.0,0.0,0.0,0.0,0.0,0.0,0.0,0.0,0.0,0.0,0.0
0.1,100,2,0.001,0.05,0.0004,True,0.010558059144043631,3,0.0,0.0,1.0,0.0,0.0,0.0,0.0,0.0,0.0,0.0,0.0,0.0,0.0,0.0,0.0,0.0,0.0,0.0,0.0,0.0,0.0,0.0
0.1,100,2,0.01,0.0,5e-05,True,0.00014300349646075093,3,0.6366666666666666,0.31338652030856573,0.18377866610561752,0.15813982724272788,0.0,0.0,0.0,0.0,0.0,0.0,1.0,0.0,1.0,0.0,0.0,0.0,1.0,0.0,1.0,0.0,0.0,0.0
0.1,100,2,0.01,0.0,0.0001,True,0.0002836370920736567,3,0.84,0.06658328118479392,0.07269211624612322,0.026891752105186423,0.0,0.0,0.0,0.0,0.0,0.0,1.0,0.0,1.0,0.0,0.0,0.0,1.0,0.0,1.0,0.0,0.0,0.0
0.1,100,2,0.01,0.0,0.0004,True,0.0011315697062046156,3,0.5966666666666667,0.27339430214334104,0.08836332749376226,0.03929135416268485,0.0,0.0,0.0,0.0,0.0,0.0,1.0,0.0,1.0,0.0,0.0,0.0,1.0,0.0,1.0,0.0,0.0,0.0
0.1,100,2,0.01,0.01,5e-05,True,0.0021043199422362056,3,0.5433333333333333,0.08685876147196923,0.13785296924831808,0.001371652778079755,0.0,0.0,0.0,0.0,0.0,0.0,1.0,0.0,1.0,0.0,0.0,0.0,1.0,0.0,1.0,0.0,0.0,0.0
0.1,100,2,0.01,0.01,0.0001,True,0.0021185283616919053,3,0.51,0.12220201853215573,0.09563409563409564,0.00228059357891952,0.0,0.0,0.0,0.0,0.0,0.0,1.0,0.0,1.0,0.0,0.0,0.0,1.0,0.0,1.0,0.0,0.0,0.0
0.1,100,2,0.01,0.01,0.0004,True,0.002384986880318839,3,0.64,0.04932882862316245,0.07062562313060818,0.010679828446228307,0.0,0.0,0.0,0.0,0.0,0.0,1.0,0.0,1.0,0.0,0.0,0.0,1.0,0.0,1.0,0.0,0.0,0.0
0.1,100,2,0.01,0.05,5e-05,True,0.01049821951042763,3,0.0,0.0,1.0,0.0,0.0,0.0,0.0,0.0,0.0,0.0,0.0,0.0,0.0,0.0,0.0,0.0,0.0,0.0,0.0,0.0,0.0,0.0
0.1,100,2,0.01,0.05,0.0001,True,0.010501076749034994,3,0.0,0.0,1.0,0.0,0.0,0.0,0.0,0.0,0.0,0.0,0.0,0.0,0.0,0.0,0.0,0.0,0.0,0.0,0.0,0.0,0.0,0.0
0.1,100,2,0.01,0.05,0.0004,True,0.010558059144043631,3,0.0033333333333333335,0.0033333333333333335,0.8333333333333334,0.16666666666666666,0.0,0.0,0.0,0.0,0.0,0.0,0.3333333333333333,0.33333333333333337,0.3333333333333333,0.33333333333333337,0.0,0.0,0.3333333333333333,0.33333333333333337,0.3333333333333333,0.33333333333333337,0.0,0.0
0.1,100,2,0.1,0.0,5e-05,True,0.00014300349646075093,3,0.0,0.0,1.0,0.0,0.0,0.0,0.0,0.0,0.0,0.0,0.0,0.0,0.0,0.0,0.0,0.0,0.0,0.0,0.0,0.0,0.0,0.0
0.1,100,2,0.1,0.0,0.0001,True,0.0002836370920736567,3,0.0,0.0,1.0,0.0,0.0,0.0,0.0,0.0,0.0,0.0,0.0,0.0,0.0,0.0,0.0,0.0,0.0,0.0,0.0,0.0,0.0,0.0
0.1,100,2,0.1,0.0,0.0004,True,0.0011315697062046156,3,0.0,0.0,1.0,0.0,0.0,0.0,0.0,0.0,0.0,0.0,0.0,0.0,0.0,0.0,0.0,0.0,0.0,0.0,0.0,0.0,0.0,0.0
0.1,100,2,0.1,0.01,5e-05,True,0.0021043199422362056,3,0.0,0.0,1.0,0.0,0.0,0.0,0.0,0.0,0.0,0.0,0.0,0.0,0.0,0.0,0.0,0.0,0.0,0.0,0.0,0.0,0.0,0.0
0.1,100,2,0.1,0.01,0.0001,True,0.0021185283616919053,3,0.0,0.0,1.0,0.0,0.0,0.0,0.0,0.0,0.0,0.0,0.0,0.0,0.0,0.0,0.0,0.0,0.0,0.0,0.0,0.0,0.0,0.0
0.1,100,2,0.1,0.01,0.0004,True,0.002384986880318839,3,0.0,0.0,1.0,0.0,0.0,0.0,0.0,0.0,0.0,0.0,0.0,0.0,0.0,0.0,0.0,0.0,0.0,0.0,0.0,0.0,0.0,0.0
0.1,100,2,0.1,0.05,5e-05,True,0.01049821951042763,3,0.0,0.0,1.0,0.0,0.0,0.0,0.0,0.0,0.0,0.0,0.0,0.0,0.0,0.0,0.0,0.0,0.0,0.0,0.0,0.0,0.0,0.0
0.1,100,2,0.1,0.05,0.0001,True,0.010501076749034994,3,0.0,0.0,1.0,0.0,0.0,0.0,0.0,0.0,0.0,0.0,0.0,0.0,0.0,0.0,0.0,0.0,0.0,0.0,0.0,0.0,0.0,0.0
0.1,100,2,0.1,0.05,0.0004,True,0.010558059144043631,3,0.0,0.0,1.0,0.0,0.0,0.0,0.0,0.0,0.0,0.0,0.0,0.0,0.0,0.0,0.0,0.0,0.0,0.0,0.0,0.0,0.0,0.0
0.1,100,3,0.0001,0.0,5e-05,True,0.00021319005605327846,3,0.0,0.0,0.0,0.0,0.0,0.0,0.0,0.0,0.0,0.0,0.0,0.0,0.0,0.0,0.0,0.0,0.0,0.0,0.0,0.0,0.0,0.0
0.1,100,3,0.0001,0.0,0.0001,True,0.0004247940677551889,3,0.0,0.0,0.6666666666666666,0.33333333333333337,0.0,0.0,0.0,0.0,0.0,0.0,0.0,0.0,0.0,0.0,0.0,0.0,0.0,0.0,0.0,0.0,0.0,0.0
0.1,100,3,0.0001,0.0,0.0004,True,0.0016971888521905864,3,0.0,0.0,1.0,0.0,0.0,0.0,0.0,0.0,0.0,0.0,0.0,0.0,0.0,0.0,0.0,0.0,0.0,0.0,0.0,0.0,0.0,0.0
0.1,100,3,0.0001,0.01,5e-05,True,0.003156390328808629,3,0.0,0.0,1.0,0.0,0.0,0.0,0.0,0.0,0.0,0.0,0.0,0.0,0.0,0.0,0.0,0.0,0.0,0.0,0.0,0.0,0.0,0.0
0.1,100,3,0.0001,0.01,0.0001,True,0.0031777035588293387,3,0.0,0.0,1.0,0.0,0.0,0.0,0.0,0.0,0.0,0.0,0.0,0.0,0.0,0.0,0.0,0.0,0.0,0.0,0.0,0.0,0.0,0.0
0.1,100,3,0.0001,0.01,0.0004,True,0.00357740127855356,3,0.0,0.0,1.0,0.0,0.0,0.0,0.0,0.0,0.0,0.0,0.0,0.0,0.0,0.0,0.0,0.0,0.0,0.0,0.0,0.0,0.0,0.0
0.1,100,3,0.0001,0.05,5e-05,True,0.015747251165976188,3,0.0,0.0,1.0,0.0,0.0,0.0,0.0,0.0,0.0,0.0,0.0,0.0,0.0,0.0,0.0,0.0,0.0,0.0,0.0,0.0,0.0,0.0
0.1,100,3,0.0001,0.05,0.0001,True,0.015751537045137484,3,0.0,0.0,1.0,0.0,0.0,0.0,0.0,0.0,0.0,0.0,0.0,0.0,0.0,0.0,0.0,0.0,0.0,0.0,0.0,0.0,0.0,0.0
0.1,100,3,0.0001,0.05,0.0004,True,0.015837011059045784,3,0.0,0.0,1.0,0.0,0.0,0.0,0.0,0.0,0.0,0.0,0.0,0.0,0.0,0.0,0.0,0.0,0.0,0.0,0.0,0.0,0.0,0.0
0.1,100,3,0.001,0.0,5e-05,True,0.00021319005605327846,3,0.9,0.055075705472861,0.044245647969052226,0.0233943789073186,0.0,0.0,0.0,0.0,0.0,0.0,1.0,0.0,1.0,0.0,0.0,0.0,1.0,0.0,1.0,0.0,0.0,0.0
0.1,100,3,0.001,0.0,0.0001,True,0.0004247940677551889,3,0.9899999999999999,0.01000000000000001,0.003401360544217687,0.003401360544217687,0.0,0.0,0.0,0.0,0.0,0.0,1.0,0.0,1.0,0.0,0.0,0.0,1.0,0.0,1.0,0.0,0.0,0.0
0.1,100,3,0.001,0.0,0.0004,True,0.0016971888521905864,3,0.006666666666666667,0.006666666666666667,0.9166666666666666,0.08333333333333334,0.0,0.0,0.0,0.0,0.0,0.0,0.28571428571428575,0.28571428571428575,0.3333333333333333,0.33333333333333337,0.0,0.0,0.28571428571428575,0.28571428571428575,0.3333333333333333,0.33333333333333337,0.0,0.0
0.1,100,3,0.001,0.01,5e-05,True,0.003156390328808629,3,0.0,0.0,1.0,0.0,0.0,0.0,0.0,0.0,0.0,0.0,0.0,0.0,0.0,0.0,0.0,0.0,0.0,0.0,0.0,0.0,0.0,0.0
0.1,100,3,0.001,0.01,0.0001,True,0.0031777035588293387,3,0.0,0.0,1.0,0.0,0.0,0.0,0.0,0.0,0.0,0.0,0.0,0.0,0.0,0.0,0.0,0.0,0.0,0.0,0.0,0.0,0.0,0.0
0.1,100,3,0.001,0.01,0.0004,True,0.00357740127855356,3,0.0,0.0,1.0,0.0,0.0,0.0,0.0,0.0,0.0,0.0,0.0,0.0,0.0,0.0,0.0,0.0,0.0,0.0,0.0,0.0,0.0,0.0
0.1,100,3,0.001,0.05,5e-05,True,0.015747251165976188,3,0.0,0.0,1.0,0.0,0.0,0.0,0.0,0.0,0.0,0.0,0.0,0.0,0.0,0.0,0.0,0.0,0.0,0.0,0.0,0.0,0.0,0.0
0.1,100,3,0.001,0.05,0.0001,True,0.015751537045137484,3,0.0,0.0,1.0,0.0,0.0,0.0,0.0,0.0,0.0,0.0,0.0,0.0,0.0,0.0,0.0,0.0,0.0,0.0,0.0,0.0,0.0,0.0
0.1,100,3,0.001,0.05,0.0004,True,0.015837011059045784,3,0.0,0.0,1.0,0.0,0.0,0.0,0.0,0.0,0.0,0.0,0.0,0.0,0.0,0.0,0.0,0.0,0.0,0.0,0.0,0.0,0.0,0.0
0.1,100,3,0.01,0.0,5e-05,True,0.00021319005605327846,3,0.6066666666666666,0.3060137978007601,0.3623413623413623,0.31941232536701714,0.0,0.0,0.0,0.0,0.0,0.0,0.6666666666666666,0.33333333333333337,0.6666666666666666,0.33333333333333337,0.0,0.0,0.6666666666666666,0.33333333333333337,0.6666666666666666,0.33333333333333337,0.0,0.0
0.1,100,3,0.01,0.0,0.0001,True,0.0004247940677551889,3,0.88,0.026457513110645932,0.040344131833493536,0.01871791820869089,0.0,0.0,0.0,0.0,0.0,0.0,1.0,0.0,1.0,0.0,0.0,0.0,1.0,0.0,1.0,0.0,0.0,0.0
0.1,100,3,0.01,0.0,0.0004,True,0.0016971888521905864,3,0.6133333333333334,0.2377907576934908,0.08537936913895994,0.04573623361646431,0.0,0.0,0.0,0.0,0.0,0.0,1.0,0.0,1.0,0.0,0.0,0.0,1.0,0.0,1.0,0.0,0.0,0.0
0.1,100,3,0.01,0.01,5e-05,True,0.003156390328808629,3,0.5266666666666667,0.03844187531556932,0.16256140236480612,0.02155671534926625,0.0,0.0,0.0,0.0,0.0,0.0,1.0,0.0,1.0,0.0,0.0,0.0,1.0,0.0,1.0,0.0,0.0,0.0
0.1,100,3,0.01,0.01,0.0001,True,0.0031777035588293387,3,0.4333333333333333,0.16230971765253135,0.16747611150596223,0.02359527971208601,0.0,0.0,0.0,0.0,0.0,0.0,1.0,0.0,1.0,0.0,0.0,0.0,1.0,0.0,1.0,0.0,0.0,0.0
0.1,100,3,0.01,0.01,0.0004,True,0.00357740127855356,3,0.17,0.16999999999999998,0.7017543859649122,0.2982456140350877,0.0,0.0,0.0,0.0,0.0,0.0,0.3333333333333333,0.33333333333333337,0.3333333333333333,0.33333333333333337,0.0,0.0,0.3333333333333333,0.33333333333333337,0.3333333333333333,0.33333333333333337,0.0,0.0
0.1,100,3,0.01,0.05,5e-05,True,0.015747251165976188,3,0.0,0.0,1.0,0.0,0.0,0.0,0.0,0.0,0.0,0.0,0.0,0.0,0.0,0.0,0.0,0.0,0.0,0.0,0.0,0.0,0.0,0.0
0.1,100,3,0.01,0.05,0.0001,True,0.015751537045137484,3,0.0,0.0,1.0,0.0,0.0,0.0,0.0,0.0,0.0,0.0,0.0,0.0,0.0,0.0,0.0,0.0,0.0,0.0,0.0,0.0,0.0,0.0
0.1,100,3,0.01,0.05,0.0004,True,0.015837011059045784,3,0.0,0.0,1.0,0.0,0.0,0.0,0.0,0.0,0.0,0.0,0.0,0.0,0.0,0.0,0.0,0.0,0.0,0.0,0.0,0.0,0.0,0.0
0.1,100,3,0.1,0.0,5e-05,True,0.00021319005605327846,3,0.0,0.0,1.0,0.0,0.0,0.0,0.0,0.0,0.0,0.0,0.0,0.0,0.0,0.0,0.0,0.0,0.0,0.0,0.0,0.0,0.0,0.0
0.1,100,3,0.1,0.0,0.0001,True,0.0004247940677551889,3,0.0,0.0,1.0,0.0,0.0,0.0,0.0,0.0,0.0,0.0,0.0,0.0,0.0,0.0,0.0,0.0,0.0,0.0,0.0,0.0,0.0,0.0
0.1,100,3,0.1,0.0,0.0004,True,0.0016971888521905864,3,0.0,0.0,1.0,0.0,0.0,0.0,0.0,0.0,0.0,0.0,0.0,0.0,0.0,0.0,0.0,0.0,0.0,0.0,0.0,0.0,0.0,0.0
0.1,100,3,0.1,0.01,5e-05,True,0.003156390328808629,3,0.0,0.0,1.0,0.0,0.0,0.0,0.0,0.0,0.0,0.0,0.0,0.0,0.0,0.0,0.0,0.0,0.0,0.0,0.0,0.0,0.0,0.0
0.1,100,3,0.1,0.01,0.0001,True,0.0031777035588293387,3,0.0,0.0,1.0,0.0,0.0,0.0,0.0,0.0,0.0,0.0,0.0,0.0,0.0,0.0,0.0,0.0,0.0,0.0,0.0,0.0,0.0,0.0
0.1,100,3,0.1,0.01,0.0004,True,0.00357740127855356,3,0.0,0.0,1.0,0.0,0.0,0.0,0.0,0.0,0.0,0.0,0.0,0.0,0.0,0.0,0.0,0.0,0.0,0.0,0.0,0.0,0.0,0.0
0.1,100,3,0.1,0.05,5e-05,True,0.015747251165976188,3,0.0,0.0,1.0,0.0,0.0,0.0,0.0,0.0,0.0,0.0,0.0,0.0,0.0,0.0,0.0,0.0,0.0,0.0,0.0,0.0,0.0,0.0
0.1,100,3,0.1,0.05,0.0001,True,0.015751537045137484,3,0.0,0.0,1.0,0.0,0.0,0.0,0.0,0.0,0.0,0.0,0.0,0.0,0.0,0.0,0.0,0.0,0.0,0.0,0.0,0.0,0.0,0.0
0.1,100,3,0.1,0.05,0.0004,True,0.015837011059045784,3,0.0,0.0,1.0,0.0,0.0,0.0,0.0,0.0,0.0,0.0,0.0,0.0,0.0,0.0,0.0,0.0,0.0,0.0,0.0,0.0,0.0,0.0
0.1,100,5,0.0001,0.0,5e-05,True,0.00035418921496849676,3,0.0,0.0,0.3333333333333333,0.33333333333333337,0.0,0.0,0.0,0.0,0.0,0.0,0.0,0.0,0.0,0.0,0.0,0.0,0.0,0.0,0.0,0.0,0.0,0.0
0.1,100,5,0.0001,0.0,0.0001,True,0.0007074249076757193,3,0.0,0.0,1.0,0.0,0.0,0.0,0.0,0.0,0.0,0.0,0.0,0.0,0.0,0.0,0.0,0.0,0.0,0.0,0.0,0.0,0.0,0.0
0.1,100,5,0.0001,0.0,0.0004,True,0.00282850667314044,3,0.0,0.0,1.0,0.0,0.0,0.0,0.0,0.0,0.0,0.0,0.0,0.0,0.0,0.0,0.0,0.0,0.0,0.0,0.0,0.0,0.0,0.0
0.1,100,5,0.0001,0.01,5e-05,True,0.0052605719465796666,3,0.0,0.0,1.0,0.0,0.0,0.0,0.0,0.0,0.0,0.0,0.0,0.0,0.0,0.0,0.0,0.0,0.0,0.0,0.0,0.0,0.0,0.0
0.1,100,5,0.0001,0.01,0.0001,True,0.005296094523811011,3,0.0,0.0,1.0,0.0,0.0,0.0,0.0,0.0,0.0,0.0,0.0,0.0,0.0,0.0,0.0,0.0,0.0,0.0,0.0,0.0,0.0,0.0
0.1,100,5,0.0001,0.01,0.0004,True,0.005962266113244274,3,0.0,0.0,1.0,0.0,0.0,0.0,0.0,0.0,0.0,0.0,0.0,0.0,0.0,0.0,0.0,0.0,0.0,0.0,0.0,0.0,0.0,0.0
0.1,100,5,0.0001,0.05,5e-05,True,0.026245082101060847,3,0.0,0.0,1.0,0.0,0.0,0.0,0.0,0.0,0.0,0.0,0.0,0.0,0.0,0.0,0.0,0.0,0.0,0.0,0.0,0.0,0.0,0.0
0.1,100,5,0.0001,0.05,0.0001,True,0.02625222532455914,3,0.0,0.0,1.0,0.0,0.0,0.0,0.0,0.0,0.0,0.0,0.0,0.0,0.0,0.0,0.0,0.0,0.0,0.0,0.0,0.0,0.0,0.0
0.1,100,5,0.0001,0.05,0.0004,True,0.02639468383010913,3,0.0,0.0,1.0,0.0,0.0,0.0,0.0,0.0,0.0,0.0,0.0,0.0,0.0,0.0,0.0,0.0,0.0,0.0,0.0,0.0,0.0,0.0
0.1,100,5,0.001,0.0,5e-05,True,0.00035418921496849676,3,0.94,0.034641016151377546,0.02822104018912529,0.018792676712185187,0.0,0.0,0.0,0.0,0.0,0.0,1.0,0.0,1.0,0.0,0.0,0.0,1.0,0.0,1.0,0.0,0.0,0.0
0.1,100,5,0.001,0.0,0.0001,True,0.0007074249076757193,3,0.9500000000000001,0.026457513110645904,0.01758274231678487,0.009355299124277027,0.0,0.0,0.0,0.0,0.0,0.0,1.0,0.0,1.0,0.0,0.0,0.0,1.0,0.0,1.0,0.0,0.0,0.0
0.1,100,5,0.001,0.0,0.0004,True,0.00282850667314044,3,0.0,0.0,1.0,0.0,0.0,0.0,0.0,0.0,0.0,0.0,0.0,0.0,0.0,0.0,0.0,0.0,0.0,0.0,0.0,0.0,0.0,0.0
0.1,100,5,0.001,0.01,5e-05,True,0.0052605719465796666,3,0.0,0.0,1.0,0.0,0.0,0.0,0.0,0.0,0.0,0.0,0.0,0.0,0.0,0.0,0.0,0.0,0.0,0.0,0.0,0.0,0.0,0.0
0.1,100,5,0.001,0.01,0.0001,True,0.005296094523811011,3,0.0,0.0,1.0,0.0,0.0,0.0,0.0,0.0,0.0,0.0,0.0,0.0,0.0,0.0,0.0,0.0,0.0,0.0,0.0,0.0,0.0,0.0
0.1,100,5,0.001,0.01,0.0004,True,0.005962266113244274,3,0.0,0.0,1.0,0.0,0.0,0.0,0.0,0.0,0.0,0.0,0.0,0.0,0.0,0.0,0.0,0.0,0.0,0.0,0.0,0.0,0.0,0.0
0.1,100,5,0.001,0.05,5e-05,True,0.026245082101060847,3,0.0,0.0,1.0,0.0,0.0,0.0,0.0,0.0,0.0,0.0,0.0,0.0,0.0,0.0,0.0,0.0,0.0,0.0,0.0,0.0,0.0,0.0
0.1,100,5,0.001,0.05,0.0001,True,0.02625222532455914,3,0.0,0.0,1.0,0.0,0.0,0.0,0.0,0.0,0.0,0.0,0.0,0.0,0.0,0.0,0.0,0.0,0.0,0.0,0.0,0.0,0.0,0.0
0.1,100,5,0.001,0.05,0.0004,True,0.02639468383010913,3,0.0,0.0,1.0,0.0,0.0,0.0,0.0,0.0,0.0,0.0,0.0,0.0,0.0,0.0,0.0,0.0,0.0,0.0,0.0,0.0,0.0,0.0
0.1,100,5,0.01,0.0,5e-05,True,0.00035418921496849676,3,0.84,0.04618802153517007,0.06449456975772765,0.018408877211910812,0.0,0.0,0.0,0.0,0.0,0.0,1.0,0.0,1.0,0.0,0.0,0.0,1.0,0.0,1.0,0.0,0.0,0.0
0.1,100,5,0.01,0.0,0.0001,True,0.0007074249076757193,3,0.9199999999999999,0.04618802153517007,0.02581879034185991,0.01637595225192575,0.0,0.0,0.0,0.0,0.0,0.0,1.0,0.0,1.0,0.0,0.0,0.0,1.0,0.0,1.0,0.0,0.0,0.0
0.1,100,5,0.01,0.0,0.0004,True,0.00282850667314044,3,0.19666666666666668,0.10137937550497032,0.1889233954451346,0.03182703755619712,0.0,0.0,0.0,0.0,0.0,0.0,1.0,0.0,1.0,0.0,0.0,0.0,1.0,0.0,1.0,0.0,0.0,0.0
0.1,100,5,0.01,0.01,5e-05,True,0.0052605719465796666,3,0.08666666666666667,0.08666666666666668,0.6790123456790124,0.32098765432098764,0.0,0.0,0.0,0.0,0.0,0.0,0.3333333333333333,0.33333333333333337,0.3333333333333333,0.33333333333333337,0.0,0.0,0.3333333333333333,0.33333333333333337,0.3333333333333333,0.33333333333333337,0.0,0.0
0.1,100,5,0.01,0.01,0.0001,True,0.005296094523811011,3,0.22,0.037859388972001834,0.08810457516339869,0.015264481649145099,0.0,0.0,0.0,0.0,0.0,0.0,1.0,0.0,1.0,0.0,0.0,0.0,1.0,0.0,1.0,0.0,0.0,0.0
0.1,100,5,0.01,0.01,0.0004,True,0.005962266113244274,3,0.12666666666666668,0.047022453265552946,0.1167654808959157,0.04014697543889627,0.0,0.0,0.0,0.0,0.0,0.0,0.9974747474747474,0.00252525252525256,1.0,0.0,0.0,0.0,0.9974747474747474,0.00252525252525256,1.0,0.0,0.0,0.0
0.1,100,5,0.01,0.05,5e-05,True,0.026245082101060847,3,0.0,0.0,1.0,0.0,0.0,0.0,0.0,0.0,0.0,0.0,0.0,0.0,0.0,0.0,0.0,0.0,0.0,0.0,0.0,0.0,0.0,0.0
0.1,100,5,0.01,0.05,0.0001,True,0.02625222532455914,3,0.0,0.0,1.0,0.0,0.0,0.0,0.0,0.0,0.0,0.0,0.0,0.0,0.0,0.0,0.0,0.0,0.0,0.0,0.0,0.0,0.0,0.0
0.1,100,5,0.01,0.05,0.0004,True,0.02639468383010913,3,0.0,0.0,1.0,0.0,0.0,0.0,0.0,0.0,0.0,0.0,0.0,0.0,0.0,0.0,0.0,0.0,0.0,0.0,0.0,0.0,0.0,0.0
0.1,100,5,0.1,0.0,5e-05,True,0.00035418921496849676,3,0.0,0.0,1.0,0.0,0.0,0.0,0.0,0.0,0.0,0.0,0.0,0.0,0.0,0.0,0.0,0.0,0.0,0.0,0.0,0.0,0.0,0.0
0.1,100,5,0.1,0.0,0.0001,True,0.0007074249076757193,3,0.0,0.0,1.0,0.0,0.0,0.0,0.0,0.0,0.0,0.0,0.0,0.0,0.0,0.0,0.0,0.0,0.0,0.0,0.0,0.0,0.0,0.0
0.1,100,5,0.1,0.0,0.0004,True,0.00282850667314044,3,0.0,0.0,1.0,0.0,0.0,0.0,0.0,0.0,0.0,0.0,0.0,0.0,0.0,0.0,0.0,0.0,0.0,0.0,0.0,0.0,0.0,0.0
0.1,100,5,0.1,0.01,5e-05,True,0.0052605719465796666,3,0.0,0.0,1.0,0.0,0.0,0.0,0.0,0.0,0.0,0.0,0.0,0.0,0.0,0.0,0.0,0.0,0.0,0.0,0.0,0.0,0.0,0.0
0.1,100,5,0.1,0.01,0.0001,True,0.005296094523811011,3,0.0,0.0,1.0,0.0,0.0,0.0,0.0,0.0,0.0,0.0,0.0,0.0,0.0,0.0,0.0,0.0,0.0,0.0,0.0,0.0,0.0,0.0
0.1,100,5,0.1,0.01,0.0004,True,0.005962266113244274,3,0.0,0.0,1.0,0.0,0.0,0.0,0.0,0.0,0.0,0.0,0.0,0.0,0.0,0.0,0.0,0.0,0.0,0.0,0.0,0.0,0.0,0.0
0.1,100,5,0.1,0.05,5e-05,True,0.026245082101060847,3,0.0,0.0,1.0,0.0,0.0,0.0,0.0,0.0,0.0,0.0,0.0,0.0,0.0,0.0,0.0,0.0,0.0,0.0,0.0,0.0,0.0,0.0
0.1,100,5,0.1,0.05,0.0001,True,0.02625222532455914,3,0.0,0.0,1.0,0.0,0.0,0.0,0.0,0.0,0.0,0.0,0.0,0.0,0.0,0.0,0.0,0.0,0.0,0.0,0.0,0.0,0.0,0.0
0.1,100,5,0.1,0.05,0.0004,True,0.02639468383010913,3,0.0,0.0,1.0,0.0,0.0,0.0,0.0,0.0,0.0,0.0,0.0,0.0,0.0,0.0,0.0,0.0,0.0,0.0,0.0,0.0,0.0,0.0
0.1,100,10,0.0001,0.0,5e-05,True,0.0007074249076757193,3,0.0,0.0,0.6666666666666666,0.33333333333333337,0.0,0.0,0.0,0.0,0.0,0.0,0.0,0.0,0.0,0.0,0.0,0.0,0.0,0.0,0.0,0.0,0.0,0.0
0.1,100,10,0.0001,0.0,0.0001,True,0.0014143726524505486,3,0.0,0.0,1.0,0.0,0.0,0.0,0.0,0.0,0.0,0.0,0.0,0.0,0.0,0.0,0.0,0.0,0.0,0.0,0.0,0.0,0.0,0.0
0.1,100,10,0.0001,0.0,0.0004,True,0.005656894024108989,3,0.0,0.0,1.0,0.0,0.0,0.0,0.0,0.0,0.0,0.0,0.0,0.0,0.0,0.0,0.0,0.0,0.0,0.0,0.0,0.0,0.0,0.0
0.1,100,10,0.0001,0.01,5e-05,True,0.010521055692710848,3,0.0,0.0,1.0,0.0,0.0,0.0,0.0,0.0,0.0,0.0,0.0,0.0,0.0,0.0,0.0,0.0,0.0,0.0,0.0,0.0,0.0,0.0
0.1,100,10,0.0001,0.01,0.0001,True,0.010592101438766688,3,0.0,0.0,1.0,0.0,0.0,0.0,0.0,0.0,0.0,0.0,0.0,0.0,0.0,0.0,0.0,0.0,0.0,0.0,0.0,0.0,0.0,0.0
0.1,100,10,0.0001,0.01,0.0004,True,0.011924454406350142,3,0.0,0.0,1.0,0.0,0.0,0.0,0.0,0.0,0.0,0.0,0.0,0.0,0.0,0.0,0.0,0.0,0.0,0.0,0.0,0.0,0.0,0.0
0.1,100,10,0.0001,0.05,5e-05,True,0.05248713983049625,3,0.0,0.0,1.0,0.0,0.0,0.0,0.0,0.0,0.0,0.0,0.0,0.0,0.0,0.0,0.0,0.0,0.0,0.0,0.0,0.0,0.0,0.0
0.1,100,10,0.0001,0.05,0.0001,True,0.052501427100470954,3,0.0,0.0,1.0,0.0,0.0,0.0,0.0,0.0,0.0,0.0,0.0,0.0,0.0,0.0,0.0,0.0,0.0,0.0,0.0,0.0,0.0,0.0
0.1,100,10,0.0001,0.05,0.0004,True,0.05278636043132796,3,0.0,0.0,1.0,0.0,0.0,0.0,0.0,0.0,0.0,0.0,0.0,0.0,0.0,0.0,0.0,0.0,0.0,0.0,0.0,0.0,0.0,0.0
0.1,100,10,0.001,0.0,5e-05,True,0.0007074249076757193,3,0.9899999999999999,0.01000000000000001,0.003401360544217687,0.003401360544217687,0.0,0.0,0.0,0.0,0.0,0.0,1.0,0.0,1.0,0.0,0.0,0.0,1.0,0.0,1.0,0.0,0.0,0.0
0.1,100,10,0.001,0.0,0.0001,True,0.0014143726524505486,3,0.0,0.0,1.0,0.0,0.0,0.0,0.0,0.0,0.0,0.0,0.0,0.0,0.0,0.0,0.0,0.0,0.0,0.0,0.0,0.0,0.0,0.0
0.1,100,10,0.001,0.0,0.0004,True,0.005656894024108989,3,0.0,0.0,1.0,0.0,0.0,0.0,0.0,0.0,0.0,0.0,0.0,0.0,0.0,0.0,0.0,0.0,0.0,0.0,0.0,0.0,0.0,0.0
0.1,100,10,0.001,0.01,5e-05,True,0.010521055692710848,3,0.0,0.0,1.0,0.0,0.0,0.0,0.0,0.0,0.0,0.0,0.0,0.0,0.0,0.0,0.0,0.0,0.0,0.0,0.0,0.0,0.0,0.0
0.1,100,10,0.001,0.01,0.0001,True,0.010592101438766688,3,0.0,0.0,1.0,0.0,0.0,0.0,0.0,0.0,0.0,0.0,0.0,0.0,0.0,0.0,0.0,0.0,0.0,0.0,0.0,0.0,0.0,0.0
0.1,100,10,0.001,0.01,0.0004,True,0.011924454406350142,3,0.0,0.0,1.0,0.0,0.0,0.0,0.0,0.0,0.0,0.0,0.0,0.0,0.0,0.0,0.0,0.0,0.0,0.0,0.0,0.0,0.0,0.0
0.1,100,10,0.001,0.05,5e-05,True,0.05248713983049625,3,0.0,0.0,1.0,0.0,0.0,0.0,0.0,0.0,0.0,0.0,0.0,0.0,0.0,0.0,0.0,0.0,0.0,0.0,0.0,0.0,0.0,0.0
0.1,100,10,0.001,0.05,0.0001,True,0.052501427100470954,3,0.0,0.0,1.0,0.0,0.0,0.0,0.0,0.0,0.0,0.0,0.0,0.0,0.0,0.0,0.0,0.0,0.0,0.0,0.0,0.0,0.0,0.0
0.1,100,10,0.001,0.05,0.0004,True,0.05278636043132796,3,0.0,0.0,1.0,0.0,0.0,0.0,0.0,0.0,0.0,0.0,0.0,0.0,0.0,0.0,0.0,0.0,0.0,0.0,0.0,0.0,0.0,0.0
0.1,100,10,0.01,0.0,5e-05,True,0.0007074249076757193,3,0.6933333333333334,0.10806376718298219,0.09244655389233702,0.017485022207366495,0.0,0.0,0.0,0.0,0.0,0.0,1.0,0.0,1.0,0.0,0.0,0.0,1.0,0.0,1.0,0.0,0.0,0.0
0.1,100,10,0.01,0.0,0.0001,True,0.0014143726524505486,3,0.7866666666666666,0.05783117190965826,0.08746517459383107,0.023776934104571663,0.0,0.0,0.0,0.0,0.0,0.0,1.0,0.0,1.0,0.0,0.0,0.0,1.0,0.0,1.0,0.0,0.0,0.0
0.1,100,10,0.01,0.0,0.0004,True,0.005656894024108989,3,0.0033333333333333335,0.0033333333333333335,0.8333333333333334,0.16666666666666666,0.0,0.0,0.0,0.0,0.0,0.0,0.3333333333333333,0.33333333333333337,0.3333333333333333,0.33333333333333337,0.0,0.0,0.3333333333333333,0.33333333333333337,0.3333333333333333,0.33333333333333337,0.0,0.0
0.1,100,10,0.01,0.01,5e-05,True,0.010521055692710848,3,0.0,0.0,1.0,0.0,0.0,0.0,0.0,0.0,0.0,0.0,0.0,0.0,0.0,0.0,0.0,0.0,0.0,0.0,0.0,0.0,0.0,0.0
0.1,100,10,0.01,0.01,0.0001,True,0.010592101438766688,3,0.0,0.0,1.0,0.0,0.0,0.0,0.0,0.0,0.0,0.0,0.0,0.0,0.0,0.0,0.0,0.0,0.0,0.0,0.0,0.0,0.0,0.0
0.1,100,10,0.01,0.01,0.0004,True,0.011924454406350142,3,0.0,0.0,1.0,0.0,0.0,0.0,0.0,0.0,0.0,0.0,0.0,0.0,0.0,0.0,0.0,0.0,0.0,0.0,0.0,0.0,0.0,0.0
0.1,100,10,0.01,0.05,5e-05,True,0.05248713983049625,3,0.0,0.0,1.0,0.0,0.0,0.0,0.0,0.0,0.0,0.0,0.0,0.0,0.0,0.0,0.0,0.0,0.0,0.0,0.0,0.0,0.0,0.0
0.1,100,10,0.01,0.05,0.0001,True,0.052501427100470954,3,0.0,0.0,1.0,0.0,0.0,0.0,0.0,0.0,0.0,0.0,0.0,0.0,0.0,0.0,0.0,0.0,0.0,0.0,0.0,0.0,0.0,0.0
0.1,100,10,0.01,0.05,0.0004,True,0.05278636043132796,3,0.0,0.0,1.0,0.0,0.0,0.0,0.0,0.0,0.0,0.0,0.0,0.0,0.0,0.0,0.0,0.0,0.0,0.0,0.0,0.0,0.0,0.0
0.1,100,10,0.1,0.0,5e-05,True,0.0007074249076757193,3,0.0,0.0,1.0,0.0,0.0,0.0,0.0,0.0,0.0,0.0,0.0,0.0,0.0,0.0,0.0,0.0,0.0,0.0,0.0,0.0,0.0,0.0
0.1,100,10,0.1,0.0,0.0001,True,0.0014143726524505486,3,0.0,0.0,1.0,0.0,0.0,0.0,0.0,0.0,0.0,0.0,0.0,0.0,0.0,0.0,0.0,0.0,0.0,0.0,0.0,0.0,0.0,0.0
0.1,100,10,0.1,0.0,0.0004,True,0.005656894024108989,3,0.0,0.0,1.0,0.0,0.0,0.0,0.0,0.0,0.0,0.0,0.0,0.0,0.0,0.0,0.0,0.0,0.0,0.0,0.0,0.0,0.0,0.0
0.1,100,10,0.1,0.01,5e-05,True,0.010521055692710848,3,0.0,0.0,1.0,0.0,0.0,0.0,0.0,0.0,0.0,0.0,0.0,0.0,0.0,0.0,0.0,0.0,0.0,0.0,0.0,0.0,0.0,0.0
0.1,100,10,0.1,0.01,0.0001,True,0.010592101438766688,3,0.0,0.0,1.0,0.0,0.0,0.0,0.0,0.0,0.0,0.0,0.0,0.0,0.0,0.0,0.0,0.0,0.0,0.0,0.0,0.0,0.0,0.0
0.1,100,10,0.1,0.01,0.0004,True,0.011924454406350142,3,0.0,0.0,1.0,0.0,0.0,0.0,0.0,0.0,0.0,0.0,0.0,0.0,0.0,0.0,0.0,0.0,0.0,0.0,0.0,0.0,0.0,0.0
0.1,100,10,0.1,0.05,5e-05,True,0.05248713983049625,3,0.0,0.0,1.0,0.0,0.0,0.0,0.0,0.0,0.0,0.0,0.0,0.0,0.0,0.0,0.0,0.0,0.0,0.0,0.0,0.0,0.0,0.0
0.1,100,10,0.1,0.05,0.0001,True,0.052501427100470954,3,0.0,0.0,1.0,0.0,0.0,0.0,0.0,0.0,0.0,0.0,0.0,0.0,0.0,0.0,0.0,0.0,0.0,0.0,0.0,0.0,0.0,0.0
0.1,100,10,0.1,0.05,0.0004,True,0.05278636043132796,3,0.0,0.0,1.0,0.0,0.0,0.0,0.0,0.0,0.0,0.0,0.0,0.0,0.0,0.0,0.0,0.0,0.0,0.0,0.0,0.0,0.0,0.0
0.1,100,20,0.0001,0.0,5e-05,True,0.0014143726524505486,3,0.0,0.0,1.0,0.0,0.0,0.0,0.0,0.0,0.0,0.0,0.0,0.0,0.0,0.0,0.0,0.0,0.0,0.0,0.0,0.0,0.0,0.0
0.1,100,20,0.0001,0.0,0.0001,True,0.00282850667314044,3,0.0,0.0,1.0,0.0,0.0,0.0,0.0,0.0,0.0,0.0,0.0,0.0,0.0,0.0,0.0,0.0,0.0,0.0,0.0,0.0,0.0,0.0
0.1,100,20,0.0001,0.0,0.0004,True,0.011313728386345501,3,0.0,0.0,1.0,0.0,0.0,0.0,0.0,0.0,0.0,0.0,0.0,0.0,0.0,0.0,0.0,0.0,0.0,0.0,0.0,0.0,0.0,0.0
0.1,100,20,0.0001,0.01,5e-05,True,0.02104188696070639,3,0.0,0.0,1.0,0.0,0.0,0.0,0.0,0.0,0.0,0.0,0.0,0.0,0.0,0.0,0.0,0.0,0.0,0.0,0.0,0.0,0.0,0.0
0.1,100,20,0.0001,0.01,0.0001,True,0.02118397995814633,3,0.0,0.0,1.0,0.0,0.0,0.0,0.0,0.0,0.0,0.0,0.0,0.0,0.0,0.0,0.0,0.0,0.0,0.0,0.0,0.0,0.0,0.0
0.1,100,20,0.0001,0.01,0.0004,True,0.02384871080094573,3,0.0,0.0,1.0,0.0,0.0,0.0,0.0,0.0,0.0,0.0,0.0,0.0,0.0,0.0,0.0,0.0,0.0,0.0,0.0,0.0,0.0,0.0
0.1,100,20,0.0001,0.05,5e-05,True,0.1049501935691241,3,0.0,0.0,1.0,0.0,0.0,0.0,0.0,0.0,0.0,0.0,0.0,0.0,0.0,0.0,0.0,0.0,0.0,0.0,0.0,0.0,0.0,0.0
0.1,100,20,0.0001,0.05,0.0001,True,0.10497877466515133,3,0.0,0.0,1.0,0.0,0.0,0.0,0.0,0.0,0.0,0.0,0.0,0.0,0.0,0.0,0.0,0.0,0.0,0.0,0.0,0.0,0.0,0.0
0.1,100,20,0.0001,0.05,0.0004,True,0.10554877133437707,3,0.0,0.0,1.0,0.0,0.0,0.0,0.0,0.0,0.0,0.0,0.0,0.0,0.0,0.0,0.0,0.0,0.0,0.0,0.0,0.0,0.0,0.0
0.1,100,20,0.001,0.0,5e-05,True,0.0014143726524505486,3,0.0,0.0,1.0,0.0,0.0,0.0,0.0,0.0,0.0,0.0,0.0,0.0,0.0,0.0,0.0,0.0,0.0,0.0,0.0,0.0,0.0,0.0
0.1,100,20,0.001,0.0,0.0001,True,0.00282850667314044,3,0.0,0.0,1.0,0.0,0.0,0.0,0.0,0.0,0.0,0.0,0.0,0.0,0.0,0.0,0.0,0.0,0.0,0.0,0.0,0.0,0.0,0.0
0.1,100,20,0.001,0.0,0.0004,True,0.011313728386345501,3,0.0,0.0,1.0,0.0,0.0,0.0,0.0,0.0,0.0,0.0,0.0,0.0,0.0,0.0,0.0,0.0,0.0,0.0,0.0,0.0,0.0,0.0
0.1,100,20,0.001,0.01,5e-05,True,0.02104188696070639,3,0.0,0.0,1.0,0.0,0.0,0.0,0.0,0.0,0.0,0.0,0.0,0.0,0.0,0.0,0.0,0.0,0.0,0.0,0.0,0.0,0.0,0.0
0.1,100,20,0.001,0.01,0.0001,True,0.02118397995814633,3,0.0,0.0,1.0,0.0,0.0,0.0,0.0,0.0,0.0,0.0,0.0,0.0,0.0,0.0,0.0,0.0,0.0,0.0,0.0,0.0,0.0,0.0
0.1,100,20,0.001,0.01,0.0004,True,0.02384871080094573,3,0.0,0.0,1.0,0.0,0.0,0.0,0.0,0.0,0.0,0.0,0.0,0.0,0.0,0.0,0.0,0.0,0.0,0.0,0.0,0.0,0.0,0.0
0.1,100,20,0.001,0.05,5e-05,True,0.1049501935691241,3,0.0,0.0,1.0,0.0,0.0,0.0,0.0,0.0,0.0,0.0,0.0,0.0,0.0,0.0,0.0,0.0,0.0,0.0,0.0,0.0,0.0,0.0
0.1,100,20,0.001,0.05,0.0001,True,0.10497877466515133,3,0.0,0.0,1.0,0.0,0.0,0.0,0.0,0.0,0.0,0.0,0.0,0.0,0.0,0.0,0.0,0.0,0.0,0.0,0.0,0.0,0.0,0.0
0.1,100,20,0.001,0.05,0.0004,True,0.10554877133437707,3,0.0,0.0,1.0,0.0,0.0,0.0,0.0,0.0,0.0,0.0,0.0,0.0,0.0,0.0,0.0,0.0,0.0,0.0,0.0,0.0,0.0,0.0
0.1,100,20,0.01,0.0,5e-05,True,0.0014143726524505486,3,0.7733333333333333,0.1577269088576131,0.09315892901007124,0.05933083788398824,0.0,0.0,0.0,0.0,0.0,0.0,1.0,0.0,1.0,0.0,0.0,0.0,1.0,0.0,1.0,0.0,0.0,0.0
0.1,100,20,0.01,0.0,0.0001,True,0.00282850667314044,3,0.4266666666666667,0.21666666666666673,0.10955208406964963,0.026077954812329354,0.0,0.0,0.0,0.0,0.0,0.0,1.0,0.0,1.0,0.0,0.0,0.0,1.0,0.0,1.0,0.0,0.0,0.0
0.1,100,20,0.01,0.0,0.0004,True,0.011313728386345501,3,0.0,0.0,1.0,0.0,0.0,0.0,0.0,0.0,0.0,0.0,0.0,0.0,0.0,0.0,0.0,0.0,0.0,0.0,0.0,0.0,0.0,0.0
0.1,100,20,0.01,0.01,5e-05,True,0.02104188696070639,3,0.0,0.0,1.0,0.0,0.0,0.0,0.0,0.0,0.0,0.0,0.0,0.0,0.0,0.0,0.0,0.0,0.0,0.0,0.0,0.0,0.0,0.0
0.1,100,20,0.01,0.01,0.0001,True,0.02118397995814633,3,0.0,0.0,1.0,0.0,0.0,0.0,0.0,0.0,0.0,0.0,0.0,0.0,0.0,0.0,0.0,0.0,0.0,0.0,0.0,0.0,0.0,0.0
0.1,100,20,0.01,0.01,0.0004,True,0.02384871080094573,3,0.0,0.0,1.0,0.0,0.0,0.0,0.0,0.0,0.0,0.0,0.0,0.0,0.0,0.0,0.0,0.0,0.0,0.0,0.0,0.0,0.0,0.0
0.1,100,20,0.01,0.05,5e-05,True,0.1049501935691241,3,0.0,0.0,1.0,0.0,0.0,0.0,0.0,0.0,0.0,0.0,0.0,0.0,0.0,0.0,0.0,0.0,0.0,0.0,0.0,0.0,0.0,0.0
0.1,100,20,0.01,0.05,0.0001,True,0.10497877466515133,3,0.0,0.0,1.0,0.0,0.0,0.0,0.0,0.0,0.0,0.0,0.0,0.0,0.0,0.0,0.0,0.0,0.0,0.0,0.0,0.0,0.0,0.0
0.1,100,20,0.01,0.05,0.0004,True,0.10554877133437707,3,0.0,0.0,1.0,0.0,0.0,0.0,0.0,0.0,0.0,0.0,0.0,0.0,0.0,0.0,0.0,0.0,0.0,0.0,0.0,0.0,0.0,0.0
0.1,100,20,0.1,0.0,5e-05,True,0.0014143726524505486,3,0.0,0.0,1.0,0.0,0.0,0.0,0.0,0.0,0.0,0.0,0.0,0.0,0.0,0.0,0.0,0.0,0.0,0.0,0.0,0.0,0.0,0.0
0.1,100,20,0.1,0.0,0.0001,True,0.00282850667314044,3,0.0,0.0,1.0,0.0,0.0,0.0,0.0,0.0,0.0,0.0,0.0,0.0,0.0,0.0,0.0,0.0,0.0,0.0,0.0,0.0,0.0,0.0
0.1,100,20,0.1,0.0,0.0004,True,0.011313728386345501,3,0.0,0.0,1.0,0.0,0.0,0.0,0.0,0.0,0.0,0.0,0.0,0.0,0.0,0.0,0.0,0.0,0.0,0.0,0.0,0.0,0.0,0.0
0.1,100,20,0.1,0.01,5e-05,True,0.02104188696070639,3,0.0,0.0,1.0,0.0,0.0,0.0,0.0,0.0,0.0,0.0,0.0,0.0,0.0,0.0,0.0,0.0,0.0,0.0,0.0,0.0,0.0,0.0
0.1,100,20,0.1,0.01,0.0001,True,0.02118397995814633,3,0.0,0.0,1.0,0.0,0.0,0.0,0.0,0.0,0.0,0.0,0.0,0.0,0.0,0.0,0.0,0.0,0.0,0.0,0.0,0.0,0.0,0.0
0.1,100,20,0.1,0.01,0.0004,True,0.02384871080094573,3,0.0,0.0,1.0,0.0,0.0,0.0,0.0,0.0,0.0,0.0,0.0,0.0,0.0,0.0,0.0,0.0,0.0,0.0,0.0,0.0,0.0,0.0
0.1,100,20,0.1,0.05,5e-05,True,0.1049501935691241,3,0.0,0.0,1.0,0.0,0.0,0.0,0.0,0.0,0.0,0.0,0.0,0.0,0.0,0.0,0.0,0.0,0.0,0.0,0.0,0.0,0.0,0.0
0.1,100,20,0.1,0.05,0.0001,True,0.10497877466515133,3,0.0,0.0,1.0,0.0,0.0,0.0,0.0,0.0,0.0,0.0,0.0,0.0,0.0,0.0,0.0,0.0,0.0,0.0,0.0,0.0,0.0,0.0
0.1,100,20,0.1,0.05,0.0004,True,0.10554877133437707,3,0.0,0.0,1.0,0.0,0.0,0.0,0.0,0.0,0.0,0.0,0.0,0.0,0.0,0.0,0.0,0.0,0.0,0.0,0.0,0.0,0.0,0.0
0.2,10,1,0.0001,0.0,5e-05,True,7.3824115301167e-05,3,0.9666666666666667,0.033333333333333326,0.0,0.0,0.0,0.0,0.0,0.0,0.0,0.0,1.0,0.0,0.9725925925925926,0.017513467285239823,0.0,0.0,1.0,0.0,0.9725925925925926,0.017513467285239823,0.0,0.0
0.2,10,1,0.0001,0.0,0.0001,True,0.00014300349646075093,3,0.9666666666666667,0.03333333333333333,0.0,0.0,0.0,0.0,0.0,0.0,0.0,0.0,1.0,0.0,0.9866666666666667,0.006666666666666637,0.0,0.0,1.0,0.0,0.9866666666666667,0.006666666666666637,0.0,0.0
0.2,10,1,0.0001,0.0,0.0004,True,0.0005660830327787611,3,0.46666666666666673,0.16666666666666669,0.0,0.0,0.0,0.0,0.0,0.0,0.0,0.0,1.0,0.0,0.8506944444444445,0.04751238467527031,0.0,0.0,1.0,0.0,0.8506944444444445,0.04751238467527031,0.0,0.0
0.2,10,1,0.0001,0.01,5e-05,True,0.0010523204394088015,3,0.26666666666666666,0.06666666666666668,0.0,0.0,0.0,0.0,0.0,0.0,0.0,0.0,1.0,0.0,0.7333333333333334,0.0666666666666667,0.0,0.0,1.0,0.0,0.7333333333333334,0.0666666666666667,0.0,0.0
0.2,10,1,0.0001,0.01,0.0001,True,0.0010594235730799712,3,0.3,0.05773502691896258,0.0,0.0,0.0,0.0,0.0,0.0,0.0,0.0,1.0,0.0,0.7055555555555554,0.024216105241892643,0.0,0.0,1.0,0.0,0.7055555555555554,0.024216105241892643,0.0,0.0
0.2,10,1,0.0001,0.01,0.0004,True,0.0011926350268198285,3,0.3666666666666667,0.08819171036881969,0.0,0.0,0.0,0.0,0.0,0.0,0.0,0.0,1.0,0.0,0.7300000000000001,0.03000000000000001,0.0,0.0,1.0,0.0,0.7300000000000001,0.03000000000000001,0.0,0.0
0.2,10,1,0.0001,0.05,5e-05,True,0.005249153951365971,3,0.20000000000000004,1.9626155733547187e-17,0.1111111111111111,0.11111111111111112,0.0,0.0,0.0,0.0,0.0,0.0,1.0,0.0,0.7333333333333334,0.13333333333333336,0.0,0.0,1.0,0.0,0.7333333333333334,0.13333333333333336,0.0,0.0
0.2,10,1,0.0001,0.05,0.0001,True,0.00525058255864442,3,0.3,0.05773502691896258,0.0,0.0,0.0,0.0,0.0,0.0,0.0,0.0,1.0,0.0,0.6222222222222222,0.02222222222222222,0.0,0.0,1.0,0.0,0.6222222222222222,0.02222222222222222,0.0,0.0
0.2,10,1,0.0001,0.05,0.0004,True,0.005279073517686696,3,0.3666666666666667,0.06666666666666668,0.0,0.0,0.0,0.0,0.0,0.0,0.0,0.0,1.0,0.0,0.6611111111111111,0.03888888888888891,0.0,0.0,1.0,0.0,0.6611111111111111,0.03888888888888891,0.0,0.0
0.2,10,1,0.001,0.0,5e-05,True,7.3824115301167e-05,3,1.0,0.0,0.0,0.0,0.0,0.0,0.0,0.0,0.0,0.0,1.0,0.0,1.0,0.0,0.0,0.0,1.0,0.0,1.0,0.0,0.0,0.0
0.2,10,1,0.001,0.0,0.0001,True,0.00014300349646075093,3,1.0,0.0,0.0,0.0,0.0,0.0,0.0,0.0,0.0,0.0,1.0,0.0,1.0,0.0,0.0,0.0,1.0,0.0,1.0,0.0,0.0,0.0
0.2,10,1,0.001,0.0,0.0004,True,0.0005660830327787611,3,0.9,0.10000000000000002,0.0,0.0,0.0,0.0,0.0,0.0,0.0,0.0,1.0,0.0,0.9704761904761906,0.005793107171712559,0.0,0.0,1.0,0.0,0.9704761904761906,0.005793107171712559,0.0,0.0
0.2,10,1,0.001,0.01,5e-05,True,0.0010523204394088015,3,0.9666666666666667,0.033333333333333326,0.0,0.0,0.0,0.0,0.0,0.0,0.0,0.0,1.0,0.0,0.8955555555555555,0.015555555555555536,0.0,0.0,1.0,0.0,0.8955555555555555,0.015555555555555536,0.0,0.0
0.2,10,1,0.001,0.01,0.0001,True,0.0010594235730799712,3,0.8666666666666667,0.13333333333333336,0.0,0.0,0.0,0.0,0.0,0.0,0.0,0.0,1.0,0.0,0.9716666666666667,0.017400510848184236,0.0,0.0,1.0,0.0,0.9716666666666667,0.017400510848184236,0.0,0.0
0.2,10,1,0.001,0.01,0.0004,True,0.0011926350268198285,3,0.9333333333333332,0.06666666666666667,0.0,0.0,0.0,0.0,0.0,0.0,0.0,0.0,1.0,0.0,0.945,0.016072751268321545,0.0,0.0,1.0,0.0,0.945,0.016072751268321545,0.0,0.0
0.2,10,1,0.001,0.05,5e-05,True,0.005249153951365971,3,0.36666666666666664,0.12018504251546631,0.0,0.0,0.0,0.0,0.0,0.0,0.0,0.0,1.0,0.0,0.7777777777777777,0.02222222222222218,0.0,0.0,1.0,0.0,0.7777777777777777,0.02222222222222218,0.0,0.0
0.2,10,1,0.001,0.05,0.0001,True,0.00525058255864442,3,0.4666666666666666,0.08819171036881969,0.0,0.0,0.0,0.0,0.0,0.0,0.0,0.0,1.0,0.0,0.8444444444444444,0.04444444444444441,0.0,0.0,1.0,0.0,0.8444444444444444,0.04444444444444441,0.0,0.0
0.2,10,1,0.001,0.05,0.0004,True,0.005279073517686696,3,0.2333333333333333,0.12018504251546631,0.0,0.0,0.0,0.0,0.0,0.0,0.0,0.0,0.6666666666666666,0.33333333333333337,0.5,0.264575131106459,0.0,0.0,0.6666666666666666,0.33333333333333337,0.5,0.264575131106459,0.0,0.0
0.2,10,1,0.01,0.0,5e-05,True,7.3824115301167e-05,3,1.0,0.0,0.0,0.0,0.0,0.0,0.0,0.0,0.0,0.0,1.0,0.0,1.0,0.0,0.0,0.0,1.0,0.0,1.0,0.0,0.0,0.0
0.2,10,1,0.01,0.0,0.0001,True,0.00014300349646075093,3,1.0,0.0,0.0,0.0,0.0,0.0,0.0,0.0,0.0,0.0,1.0,0.0,1.0,0.0,0.0,0.0,1.0,0.0,1.0,0.0,0.0,0.0
0.2,10,1,0.01,0.0,0.0004,True,0.0005660830327787611,3,1.0,0.0,0.0,0.0,0.0,0.0,0.0,0.0,0.0,0.0,1.0,0.0,1.0,0.0,0.0,0.0,1.0,0.0,1.0,0.0,0.0,0.0
0.2,10,1,0.01,0.01,5e-05,True,0.0010523204394088015,3,1.0,0.0,0.0,0.0,0.0,0.0,0.0,0.0,0.0,0.0,1.0,0.0,1.0,0.0,0.0,0.0,1.0,0.0,1.0,0.0,0.0,0.0
0.2,10,1,0.01,0.01,0.0001,True,0.0010594235730799712,3,1.0,0.0,0.0,0.0,0.0,0.0,0.0,0.0,0.0,0.0,1.0,0.0,1.0,0.0,0.0,0.0,1.0,0.0,1.0,0.0,0.0,0.0
0.2,10,1,0.01,0.01,0.0004,True,0.0011926350268198285,3,1.0,0.0,0.0,0.0,0.0,0.0,0.0,0.0,0.0,0.0,1.0,0.0,1.0,0.0,0.0,0.0,1.0,0.0,1.0,0.0,0.0,0.0
0.2,10,1,0.01,0.05,5e-05,True,0.005249153951365971,3,1.0,0.0,0.0,0.0,0.0,0.0,0.0,0.0,0.0,0.0,1.0,0.0,0.98,0.011547005383792526,0.0,0.0,1.0,0.0,0.98,0.011547005383792526,0.0,0.0
0.2,10,1,0.01,0.05,0.0001,True,0.00525058255864442,3,1.0,0.0,0.0,0.0,0.0,0.0,0.0,0.0,0.0,0.0,1.0,0.0,0.9666666666666668,0.013333333333333346,0.0,0.0,1.0,0.0,0.9666666666666668,0.013333333333333346,0.0,0.0
0.2,10,1,0.01,0.05,0.0004,True,0.005279073517686696,3,0.8666666666666667,0.13333333333333336,0.0,0.0,0.0,0.0,0.0,0.0,0.0,0.0,1.0,0.0,0.9727777777777779,0.01361961185792359,0.0,0.0,1.0,0.0,0.9727777777777779,0.01361961185792359,0.0,0.0
0.2,10,1,0.1,0.0,5e-05,True,7.3824115301167e-05,3,0.7333333333333334,0.17638342073763938,0.14814814814814814,0.09799078929868854,0.0,0.0,0.0,0.0,0.0,0.0,1.0,0.0,1.0,0.0,0.0,0.0,1.0,0.0,1.0,0.0,0.0,0.0
0.2,10,1,0.1,0.0,0.0001,True,0.00014300349646075093,3,0.9333333333333332,0.06666666666666667,0.0,0.0,0.0,0.0,0.0,0.0,0.0,0.0,1.0,0.0,1.0,0.0,0.0,0.0,1.0,0.0,1.0,0.0,0.0,0.0
0.2,10,1,0.1,0.0,0.0004,True,0.0005660830327787611,3,0.6,0.10000000000000002,0.13227513227513227,0.08315467537302493,0.0,0.0,0.0,0.0,0.0,0.0,1.0,0.0,1.0,0.0,0.0,0.0,1.0,0.0,1.0,0.0,0.0,0.0
0.2,10,1,0.1,0.01,5e-05,True,0.0010523204394088015,3,0.5,0.2886751345948129,0.42857142857142855,0.2973808570665904,0.0,0.0,0.0,0.0,0.0,0.0,0.6666666666666666,0.33333333333333337,0.6666666666666666,0.33333333333333337,0.0,0.0,0.6666666666666666,0.33333333333333337,0.6666666666666666,0.33333333333333337,0.0,0.0
0.2,10,1,0.1,0.01,0.0001,True,0.0010594235730799712,3,0.7666666666666666,0.23333333333333336,0.13333333333333333,0.13333333333333336,0.0,0.0,0.0,0.0,0.0,0.0,1.0,0.0,1.0,0.0,0.0,0.0,1.0,0.0,1.0,0.0,0.0,0.0
0.2,10,1,0.1,0.01,0.0004,True,0.0011926350268198285,3,0.7333333333333334,0.1452966314513558,0.1369047619047619,0.08269311898482026,0.0,0.0,0.0,0.0,0.0,0.0,1.0,0.0,1.0,0.0,0.0,0.0,1.0,0.0,1.0,0.0,0.0,0.0
0.2,10,1,0.1,0.05,5e-05,True,0.005249153951365971,3,0.7666666666666666,0.12018504251546633,0.08928571428571429,0.04493949068613542,0.0,0.0,0.0,0.0,0.0,0.0,1.0,0.0,1.0,0.0,0.0,0.0,1.0,0.0,1.0,0.0,0.0,0.0
0.2,10,1,0.1,0.05,0.0001,True,0.00525058255864442,3,1.0,0.0,0.0,0.0,0.0,0.0,0.0,0.0,0.0,0.0,1.0,0.0,1.0,0.0,0.0,0.0,1.0,0.0,1.0,0.0,0.0,0.0
0.2,10,1,0.1,0.05,0.0004,True,0.005279073517686696,3,0.43333333333333335,0.23333333333333336,0.4656084656084656,0.27190825730221374,0.0,0.0,0.0,0.0,0.0,0.0,0.6666666666666666,0.33333333333333337,0.6666666666666666,0.33333333333333337,0.0,0.0,0.6666666666666666,0.33333333333333337,0.6666666666666666,0.33333333333333337,0.0,0.0
0.2,10,2,0.0001,0.0,5e-05,True,0.00014300349646075093,3,0.5,0.11547005383792515,0.0,0.0,0.0,0.0,0.0,0.0,0.0,0.0,1.0,0.0,1.0,0.0,0.0,0.0,1.0,0.0,1.0,0.0,0.0,0.0
0.2,10,2,0.0001,0.0,0.0001,True,0.0002836370920736567,3,0.10000000000000002,0.05773502691896258,0.0,0.0,0.0,0.0,0.0,0.0,0.0,0.0,0.6666666666666666,0.33333333333333337,0.6666666666666666,0.33333333333333337,0.0,0.0,0.6666666666666666,0.33333333333333337,0.6666666666666666,0.33333333333333337,0.0,0.0
0.2,10,2,0.0001,0.0,0.0004,True,0.0011315697062046156,3,0.03333333333333333,0.03333333333333334,0.0,0.0,0.0,0.0,0.0,0.0,0.0,0.0,0.3333333333333333,0.33333333333333337,0.3333333333333333,0.33333333333333337,0.0,0.0,0.3333333333333333,0.33333333333333337,0.3333333333333333,0.33333333333333337,0.0,0.0
0.2,10,2,0.0001,0.01,5e-05,True,0.0021043199422362056,3,0.0,0.0,0.0,0.0,0.0,0.0,0.0,0.0,0.0,0.0,0.0,0.0,0.0,0.0,0.0,0.0,0.0,0.0,0.0,0.0,0.0,0.0
0.2,10,2,0.0001,0.01,0.0001,True,0.0021185283616919053,3,0.0,0.0,0.0,0.0,0.0,0.0,0.0,0.0,0.0,0.0,0.0,0.0,0.0,0.0,0.0,0.0,0.0,0.0,0.0,0.0,0.0,0.0
0.2,10,2,0.0001,0.01,0.0004,True,0.002384986880318839,3,0.03333333333333333,0.03333333333333334,0.0,0.0,0.0,0.0,0.0,0.0,0.0,0.0,0.3333333333333333,0.33333333333333337,0.19999999999999998,0.2,0.0,0.0,0.3333333333333333,0.33333333333333337,0.19999999999999998,0.2,0.0,0.0
0.2,10,2,0.0001,0.05,5e-05,True,0.01049821951042763,3,0.03333333333333333,0.03333333333333334,0.3333333333333333,0.33333333333333337,0.0,0.0,0.0,0.0,0.0,0.0,0.3333333333333333,0.33333333333333337,0.3333333333333333,0.33333333333333337,0.0,0.0,0.3333333333333333,0.33333333333333337,0.3333333333333333,0.33333333333333337,0.0,0.0
0.2,10,2,0.0001,0.05,0.0001,True,0.010501076749034994,3,0.03333333333333333,0.03333333333333334,0.0,0.0,0.0,0.0,0.0,0.0,0.0,0.0,0.3333333333333333,0.33333333333333337,0.25,0.25,0.0,0.0,0.3333333333333333,0.33333333333333337,0.25,0.25,0.0,0.0
0.2,10,2,0.0001,0.05,0.0004,True,0.010558059144043631,3,0.03333333333333333,0.03333333333333334,0.0,0.0,0.0,0.0,0.0,0.0,0.0,0.0,0.3333333333333333,0.33333333333333337,0.3333333333333333,0.33333333333333337,0.0,0.0,0.3333333333333333,0.33333333333333337,0.3333333333333333,0.33333333333333337,0.0,0.0
0.2,10,2,0.001,0.0,5e-05,True,0.00014300349646075093,3,1.0,0.0,0.0,0.0,0.0,0.0,0.0,0.0,0.0,0.0,1.0,0.0,1.0,0.0,0.0,0.0,1.0,0.0,1.0,0.0,0.0,0.0
0.2,10,2,0.001,0.0,0.0001,True,0.0002836370920736567,3,1.0,0.0,0.0,0.0,0.0,0.0,0.0,0.0,0.0,0.0,1.0,0.0,1.0,0.0,0.0,0.0,1.0,0.0,1.0,0.0,0.0,0.0
0.2,10,2,0.001,0.0,0.0004,True,0.0011315697062046156,3,0.8333333333333334,0.0881917103688197,0.0,0.0,0.0,0.0,0.0,0.0,0.0,0.0,1.0,0.0,1.0,0.0,0.0,0.0,1.0,0.0,1.0,0.0,0.0,0.0
0.2,10,2,0.001,0.01,5e-05,True,0.0021043199422362056,3,0.06666666666666667,0.03333333333333334,0.0,0.0,0.0,0.0,0.0,0.0,0.0,0.0,0.6666666666666666,0.33333333333333337,0.6666666666666666,0.33333333333333337,0.0,0.0,0.6666666666666666,0.33333333333333337,0.6666666666666666,0.33333333333333337,0.0,0.0
0.2,10,2,0.001,0.01,0.0001,True,0.0021185283616919053,3,0.06666666666666667,0.06666666666666668,0.0,0.0,0.0,0.0,0.0,0.0,0.0,0.0,0.3333333333333333,0.33333333333333337,0.3333333333333333,0.33333333333333337,0.0,0.0,0.3333333333333333,0.33333333333333337,0.3333333333333333,0.33333333333333337,0.0,0.0
0.2,10,2,0.001,0.01,0.0004,True,0.002384986880318839,3,0.16666666666666666,0.06666666666666667,0.0,0.0,0.0,0.0,0.0,0.0,0.0,0.0,1.0,0.0,1.0,0.0,0.0,0.0,1.0,0.0,1.0,0.0,0.0,0.0
0.2,10,2,0.001,0.05,5e-05,True,0.01049821951042763,3,0.0,0.0,0.0,0.0,0.0,0.0,0.0,0.0,0.0,0.0,0.0,0.0,0.0,0.0,0.0,0.0,0.0,0.0,0.0,0.0,0.0,0.0
0.2,10,2,0.001,0.05,0.0001,True,0.010501076749034994,3,0.06666666666666667,0.06666666666666668,0.0,0.0,0.0,0.0,0.0,0.0,0.0,0.0,0.3333333333333333,0.33333333333333337,0.3333333333333333,0.33333333333333337,0.0,0.0,0.3333333333333333,0.33333333333333337,0.3333333333333333,0.33333333333333337,0.0,0.0
0.2,10,2,0.001,0.05,0.0004,True,0.010558059144043631,3,0.03333333333333333,0.03333333333333334,0.3333333333333333,0.33333333333333337,0.0,0.0,0.0,0.0,0.0,0.0,0.3333333333333333,0.33333333333333337,0.26666666666666666,0.2666666666666667,0.0,0.0,0.3333333333333333,0.33333333333333337,0.26666666666666666,0.2666666666666667,0.0,0.0
0.2,10,2,0.01,0.0,5e-05,True,0.00014300349646075093,3,1.0,0.0,0.0,0.0,0.0,0.0,0.0,0.0,0.0,0.0,1.0,0.0,1.0,0.0,0.0,0.0,1.0,0.0,1.0,0.0,0.0,0.0
0.2,10,2,0.01,0.0,0.0001,True,0.0002836370920736567,3,1.0,0.0,0.0,0.0,0.0,0.0,0.0,0.0,0.0,0.0,1.0,0.0,1.0,0.0,0.0,0.0,1.0,0.0,1.0,0.0,0.0,0.0
0.2,10,2,0.01,0.0,0.0004,True,0.0011315697062046156,3,1.0,0.0,0.0,0.0,0.0,0.0,0.0,0.0,0.0,0.0,1.0,0.0,1.0,0.0,0.0,0.0,1.0,0.0,1.0,0.0,0.0,0.0
0.2,10,2,0.01,0.01,5e-05,True,0.0021043199422362056,3,1.0,0.0,0.0,0.0,0.0,0.0,0.0,0.0,0.0,0.0,1.0,0.0,1.0,0.0,0.0,0.0,1.0,0.0,1.0,0.0,0.0,0.0
0.2,10,2,0.01,0.01,0.0001,True,0.0021185283616919053,3,0.9333333333333332,0.06666666666666665,0.0,0.0,0.0,0.0,0.0,0.0,0.0,0.0,1.0,0.0,1.0,0.0,0.0,0.0,1.0,0.0,1.0,0.0,0.0,0.0
0.2,10,2,0.01,0.01,0.0004,True,0.002384986880318839,3,0.9333333333333332,0.06666666666666665,0.037037037037037035,0.037037037037037035,0.0,0.0,0.0,0.0,0.0,0.0,1.0,0.0,1.0,0.0,0.0,0.0,1.0,0.0,1.0,0.0,0.0,0.0
0.2,10,2,0.01,0.05,5e-05,True,0.01049821951042763,3,0.8666666666666666,0.0881917103688197,0.0,0.0,0.0,0.0,0.0,0.0,0.0,0.0,1.0,0.0,1.0,0.0,0.0,0.0,1.0,0.0,1.0,0.0,0.0,0.0
0.2,10,2,0.01,0.05,0.0001,True,0.010501076749034994,3,0.9,0.05773502691896257,0.0,0.0,0.0,0.0,0.0,0.0,0.0,0.0,1.0,0.0,1.0,0.0,0.0,0.0,1.0,0.0,1.0,0.0,0.0,0.0
0.2,10,2,0.01,0.05,0.0004,True,0.010558059144043631,3,0.8666666666666667,0.0881917103688197,0.0,0.0,0.0,0.0,0.0,0.0,0.0,0.0,1.0,0.0,1.0,0.0,0.0,0.0,1.0,0.0,1.0,0.0,0.0,0.0
0.2,10,2,0.1,0.0,5e-05,True,0.00014300349646075093,3,0.5,0.2081665999466133,0.28703703703703703,0.11377968266152322,0.0,0.0,0.0,0.0,0.0,0.0,1.0,0.0,1.0,0.0,0.0,0.0,1.0,0.0,1.0,0.0,0.0,0.0
0.2,10,2,0.1,0.0,0.0001,True,0.0002836370920736567,3,0.19999999999999998,0.2,0.6666666666666666,0.33333333333333337,0.0,0.0,0.0,0.0,0.0,0.0,0.3333333333333333,0.33333333333333337,0.3333333333333333,0.33333333333333337,0.0,0.0,0.3333333333333333,0.33333333333333337,0.3333333333333333,0.33333333333333337,0.0,0.0
0.2,10,2,0.1,0.0,0.0004,True,0.0011315697062046156,3,0.5,0.2886751345948129,0.3333333333333333,0.33333333333333337,0.0,0.0,0.0,0.0,0.0,0.0,0.6666666666666666,0.33333333333333337,0.6666666666666666,0.33333333333333337,0.0,0.0,0.6666666666666666,0.33333333333333337,0.6666666666666666,0.33333333333333337,0.0,0.0
0.2,10,2,0.1,0.01,5e-05,True,0.0021043199422362056,3,1.0,0.0,0.0,0.0,0.0,0.0,0.0,0.0,0.0,0.0,1.0,0.0,1.0,0.0,0.0,0.0,1.0,0.0,1.0,0.0,0.0,0.0
0.2,10,2,0.1,0.01,0.0001,True,0.0021185283616919053,3,0.43333333333333335,0.18559214542766744,0.24444444444444446,0.12372809695177828,0.0,0.0,0.0,0.0,0.0,0.0,1.0,0.0,1.0,0.0,0.0,0.0,1.0,0.0,1.0,0.0,0.0,0.0
0.2,10,2,0.1,0.01,0.0004,True,0.002384986880318839,3,0.6666666666666666,0.20275875100994065,0.17500000000000002,0.11814539065631523,0.0,0.0,0.0,0.0,0.0,0.0,1.0,0.0,1.0,0.0,0.0,0.0,1.0,0.0,1.0,0.0,0.0,0.0
0.2,10,2,0.1,0.05,5e-05,True,0.01049821951042763,3,0.6666666666666666,0.33333333333333337,0.3333333333333333,0.33333333333333337,0.0,0.0,0.0,0.0,0.0,0.0,0.6666666666666666,0.33333333333333337,0.6666666666666666,0.33333333333333337,0.0,0.0,0.6666666666666666,0.33333333333333337,0.6666666666666666,0.33333333333333337,0.0,0.0
0.2,10,2,0.1,0.05,0.0001,True,0.010501076749034994,3,0.5333333333333333,0.24037008503093263,0.2222222222222222,0.11111111111111112,0.0,0.0,0.0,0.0,0.0,0.0,1.0,0.0,1.0,0.0,0.0,0.0,1.0,0.0,1.0,0.0,0.0,0.0
0.2,10,2,0.1,0.05,0.0004,True,0.010558059144043631,3,0.9,0.10000000000000002,0.041666666666666664,0.04166666666666667,0.0,0.0,0.0,0.0,0.0,0.0,1.0,0.0,1.0,0.0,0.0,0.0,1.0,0.0,1.0,0.0,0.0,0.0
0.2,10,3,0.0001,0.0,5e-05,True,0.00021319005605327846,3,0.03333333333333333,0.03333333333333334,0.0,0.0,0.0,0.0,0.0,0.0,0.0,0.0,0.3333333333333333,0.33333333333333337,0.3333333333333333,0.33333333333333337,0.0,0.0,0.3333333333333333,0.33333333333333337,0.3333333333333333,0.33333333333333337,0.0,0.0
0.2,10,3,0.0001,0.0,0.0001,True,0.0004247940677551889,3,0.0,0.0,0.0,0.0,0.0,0.0,0.0,0.0,0.0,0.0,0.0,0.0,0.0,0.0,0.0,0.0,0.0,0.0,0.0,0.0,0.0,0.0
0.2,10,3,0.0001,0.0,0.0004,True,0.0016971888521905864,3,0.03333333333333333,0.03333333333333334,0.0,0.0,0.0,0.0,0.0,0.0,0.0,0.0,0.3333333333333333,0.33333333333333337,0.3333333333333333,0.33333333333333337,0.0,0.0,0.3333333333333333,0.33333333333333337,0.3333333333333333,0.33333333333333337,0.0,0.0
0.2,10,3,0.0001,0.01,5e-05,True,0.003156390328808629,3,0.06666666666666667,0.06666666666666668,0.0,0.0,0.0,0.0,0.0,0.0,0.0,0.0,0.3333333333333333,0.33333333333333337,0.3333333333333333,0.33333333333333337,0.0,0.0,0.3333333333333333,0.33333333333333337,0.3333333333333333,0.33333333333333337,0.0,0.0
0.2,10,3,0.0001,0.01,0.0001,True,0.0031777035588293387,3,0.0,0.0,0.0,0.0,0.0,0.0,0.0,0.0,0.0,0.0,0.0,0.0,0.0,0.0,0.0,0.0,0.0,0.0,0.0,0.0,0.0,0.0
0.2,10,3,0.0001,0.01,0.0004,True,0.00357740127855356,3,0.0,0.0,0.0,0.0,0.0,0.0,0.0,0.0,0.0,0.0,0.0,0.0,0.0,0.0,0.0,0.0,0.0,0.0,0.0,0.0,0.0,0.0
0.2,10,3,0.0001,0.05,5e-05,True,0.015747251165976188,3,0.06666666666666667,0.06666666666666668,0.6666666666666666,0.33333333333333337,0.0,0.0,0.0,0.0,0.0,0.0,0.3333333333333333,0.33333333333333337,0.3333333333333333,0.33333333333333337,0.0,0.0,0.3333333333333333,0.33333333333333337,0.3333333333333333,0.33333333333333337,0.0,0.0
0.2,10,3,0.0001,0.05,0.0001,True,0.015751537045137484,3,0.0,0.0,0.3333333333333333,0.33333333333333337,0.0,0.0,0.0,0.0,0.0,0.0,0.0,0.0,0.0,0.0,0.0,0.0,0.0,0.0,0.0,0.0,0.0,0.0
0.2,10,3,0.0001,0.05,0.0004,True,0.015837011059045784,3,0.0,0.0,0.0,0.0,0.0,0.0,0.0,0.0,0.0,0.0,0.0,0.0,0.0,0.0,0.0,0.0,0.0,0.0,0.0,0.0,0.0,0.0
0.2,10,3,0.001,0.0,5e-05,True,0.00021319005605327846,3,1.0,0.0,0.0,0.0,0.0,0.0,0.0,0.0,0.0,0.0,1.0,0.0,1.0,0.0,0.0,0.0,1.0,0.0,1.0,0.0,0.0,0.0
0.2,10,3,0.001,0.0,0.0001,True,0.0004247940677551889,3,0.9333333333333332,0.06666666666666665,0.0,0.0,0.0,0.0,0.0,0.0,0.0,0.0,1.0,0.0,1.0,0.0,0.0,0.0,1.0,0.0,1.0,0.0,0.0,0.0
0.2,10,3,0.001,0.0,0.0004,True,0.0016971888521905864,3,0.0,0.0,0.0,0.0,0.0,0.0,0.0,0.0,0.0,0.0,0.0,0.0,0.0,0.0,0.0,0.0,0.0,0.0,0.0,0.0,0.0,0.0
0.2,10,3,0.001,0.01,5e-05,True,0.003156390328808629,3,0.20000000000000004,1.9626155733547187e-17,0.0,0.0,0.0,0.0,0.0,0.0,0.0,0.0,1.0,0.0,1.0,0.0,0.0,0.0,1.0,0.0,1.0,0.0,0.0,0.0
0.2,10,3,0.001,0.01,0.0001,True,0.0031777035588293387,3,0.0,0.0,0.0,0.0,0.0,0.0,0.0,0.0,0.0,0.0,0.0,0.0,0.0,0.0,0.0,0.0,0.0,0.0,0.0,0.0,0.0,0.0
0.2,10,3,0.001,0.01,0.0004,True,0.00357740127855356,3,0.0,0.0,0.0,0.0,0.0,0.0,0.0,0.0,0.0,0.0,0.0,0.0,0.0,0.0,0.0,0.0,0.0,0.0,0.0,0.0,0.0,0.0
0.2,10,3,0.001,0.05,5e-05,True,0.015747251165976188,3,0.0,0.0,0.0,0.0,0.0,0.0,0.0,0.0,0.0,0.0,0.0,0.0,0.0,0.0,0.0,0.0,0.0,0.0,0.0,0.0,0.0,0.0
0.2,10,3,0.001,0.05,0.0001,True,0.015751537045137484,3,0.0,0.0,0.0,0.0,0.0,0.0,0.0,0.0,0.0,0.0,0.0,0.0,0.0,0.0,0.0,0.0,0.0,0.0,0.0,0.0,0.0,0.0
0.2,10,3,0.001,0.05,0.0004,True,0.015837011059045784,3,0.03333333333333333,0.03333333333333334,0.0,0.0,0.0,0.0,0.0,0.0,0.0,0.0,0.3333333333333333,0.33333333333333337,0.3333333333333333,0.33333333333333337,0.0,0.0,0.3333333333333333,0.33333333333333337,0.3333333333333333,0.33333333333333337,0.0,0.0
0.2,10,3,0.01,0.0,5e-05,True,0.00021319005605327846,3,1.0,0.0,0.0,0.0,0.0,0.0,0.0,0.0,0.0,0.0,1.0,0.0,1.0,0.0,0.0,0.0,1.0,0.0,1.0,0.0,0.0,0.0
0.2,10,3,0.01,0.0,0.0001,True,0.0004247940677551889,3,1.0,0.0,0.0,0.0,0.0,0.0,0.0,0.0,0.0,0.0,1.0,0.0,1.0,0.0,0.0,0.0,1.0,0.0,1.0,0.0,0.0,0.0
0.2,10,3,0.01,0.0,0.0004,True,0.0016971888521905864,3,1.0,0.0,0.0,0.0,0.0,0.0,0.0,0.0,0.0,0.0,1.0,0.0,1.0,0.0,0.0,0.0,1.0,0.0,1.0,0.0,0.0,0.0
0.2,10,3,0.01,0.01,5e-05,True,0.003156390328808629,3,1.0,0.0,0.0,0.0,0.0,0.0,0.0,0.0,0.0,0.0,1.0,0.0,1.0,0.0,0.0,0.0,1.0,0.0,1.0,0.0,0.0,0.0
0.2,10,3,0.01,0.01,0.0001,True,0.0031777035588293387,3,1.0,0.0,0.0,0.0,0.0,0.0,0.0,0.0,0.0,0.0,1.0,0.0,1.0,0.0,0.0,0.0,1.0,0.0,1.0,0.0,0.0,0.0
0.2,10,3,0.01,0.01,0.0004,True,0.00357740127855356,3,1.0,0.0,0.0,0.0,0.0,0.0,0.0,0.0,0.0,0.0,1.0,0.0,1.0,0.0,0.0,0.0,1.0,0.0,1.0,0.0,0.0,0.0
0.2,10,3,0.01,0.05,5e-05,True,0.015747251165976188,3,0.0,0.0,0.0,0.0,0.0,0.0,0.0,0.0,0.0,0.0,0.0,0.0,0.0,0.0,0.0,0.0,0.0,0.0,0.0,0.0,0.0,0.0
0.2,10,3,0.01,0.05,0.0001,True,0.015751537045137484,3,0.13333333333333333,0.06666666666666668,0.0,0.0,0.0,0.0,0.0,0.0,0.0,0.0,0.6666666666666666,0.33333333333333337,0.6666666666666666,0.33333333333333337,0.0,0.0,0.6666666666666666,0.33333333333333337,0.6666666666666666,0.33333333333333337,0.0,0.0
0.2,10,3,0.01,0.05,0.0004,True,0.015837011059045784,3,0.13333333333333333,0.06666666666666668,0.0,0.0,0.0,0.0,0.0,0.0,0.0,0.0,0.6190476190476191,0.31225897734771435,0.6666666666666666,0.33333333333333337,0.0,0.0,0.6190476190476191,0.31225897734771435,0.6666666666666666,0.33333333333333337,0.0,0.0
0.2,10,3,0.1,0.0,5e-05,True,0.00021319005605327846,3,0.8000000000000002,0.11547005383792516,0.047619047619047616,0.04761904761904762,0.0,0.0,0.0,0.0,0.0,0.0,1.0,0.0,1.0,0.0,0.0,0.0,1.0,0.0,1.0,0.0,0.0,0.0
0.2,10,3,0.1,0.0,0.0001,True,0.0004247940677551889,3,0.8333333333333334,0.12018504251546633,0.047619047619047616,0.04761904761904762,0.0,0.0,0.0,0.0,0.0,0.0,1.0,0.0,1.0,0.0,0.0,0.0,1.0,0.0,1.0,0.0,0.0,0.0
0.2,10,3,0.1,0.0,0.0004,True,0.0016971888521905864,3,0.6,0.3055050463303894,0.3703703703703704,0.3164445831599086,0.0,0.0,0.0,0.0,0.0,0.0,0.6666666666666666,0.33333333333333337,0.6666666666666666,0.33333333333333337,0.0,0.0,0.6666666666666666,0.33333333333333337,0.6666666666666666,0.33333333333333337,0.0,0.0
0.2,10,3,0.1,0.01,5e-05,True,0.003156390328808629,3,0.4333333333333333,0.21858128414340003,0.38095238095238093,0.31225897734771435,0.0,0.0,0.0,0.0,0.0,0.0,0.6666666666666666,0.33333333333333337,0.6444444444444444,0.3227964232518656,0.0,0.0,0.6666666666666666,0.33333333333333337,0.6444444444444444,0.3227964232518656,0.0,0.0
0.2,10,3,0.1,0.01,0.0001,True,0.0031777035588293387,3,0.6666666666666666,0.17638342073763938,0.19444444444444442,0.10015420209622192,0.0,0.0,0.0,0.0,0.0,0.0,1.0,0.0,1.0,0.0,0.0,0.0,1.0,0.0,1.0,0.0,0.0,0.0
0.2,10,3,0.1,0.01,0.0004,True,0.00357740127855356,3,0.5333333333333333,0.2905932629027116,0.38095238095238093,0.31225897734771435,0.0,0.0,0.0,0.0,0.0,0.0,0.6666666666666666,0.33333333333333337,0.6666666666666666,0.33333333333333337,0.0,0.0,0.6666666666666666,0.33333333333333337,0.6666666666666666,0.33333333333333337,0.0,0.0
0.2,10,3,0.1,0.05,5e-05,True,0.015747251165976188,3,0.5333333333333333,0.1763834207376394,0.32037037037037036,0.14544996641376995,0.0,0.0,0.0,0.0,0.0,0.0,1.0,0.0,1.0,0.0,0.0,0.0,1.0,0.0,1.0,0.0,0.0,0.0
0.2,10,3,0.1,0.05,0.0001,True,0.015751537045137484,3,0.5,0.17320508075688776,0.20370370370370372,0.06676946806414795,0.0,0.0,0.0,0.0,0.0,0.0,1.0,0.0,1.0,0.0,0.0,0.0,1.0,0.0,1.0,0.0,0.0,0.0
0.2,10,3,0.1,0.05,0.0004,True,0.015837011059045784,3,0.8666666666666667,0.06666666666666665,0.07407407407407407,0.037037037037037035,0.0,0.0,0.0,0.0,0.0,0.0,1.0,0.0,1.0,0.0,0.0,0.0,1.0,0.0,1.0,0.0,0.0,0.0
0.2,10,5,0.0001,0.0,5e-05,True,0.00035418921496849676,3,0.09999999999999999,0.1,0.0,0.0,0.0,0.0,0.0,0.0,0.0,0.0,0.3333333333333333,0.33333333333333337,0.3333333333333333,0.33333333333333337,0.0,0.0,0.3333333333333333,0.33333333333333337,0.3333333333333333,0.33333333333333337,0.0,0.0
0.2,10,5,0.0001,0.0,0.0001,True,0.0007074249076757193,3,0.0,0.0,0.0,0.0,0.0,0.0,0.0,0.0,0.0,0.0,0.0,0.0,0.0,0.0,0.0,0.0,0.0,0.0,0.0,0.0,0.0,0.0
0.2,10,5,0.0001,0.0,0.0004,True,0.00282850667314044,3,0.0,0.0,0.0,0.0,0.0,0.0,0.0,0.0,0.0,0.0,0.0,0.0,0.0,0.0,0.0,0.0,0.0,0.0,0.0,0.0,0.0,0.0
0.2,10,5,0.0001,0.01,5e-05,True,0.0052605719465796666,3,0.03333333333333333,0.03333333333333334,0.0,0.0,0.0,0.0,0.0,0.0,0.0,0.0,0.3333333333333333,0.33333333333333337,0.3333333333333333,0.33333333333333337,0.0,0.0,0.3333333333333333,0.33333333333333337,0.3333333333333333,0.33333333333333337,0.0,0.0
0.2,10,5,0.0001,0.01,0.0001,True,0.005296094523811011,3,0.0,0.0,0.0,0.0,0.0,0.0,0.0,0.0,0.0,0.0,0.0,0.0,0.0,0.0,0.0,0.0,0.0,0.0,0.0,0.0,0.0,0.0
0.2,10,5,0.0001,0.01,0.0004,True,0.005962266113244274,3,0.0,0.0,0.0,0.0,0.0,0.0,0.0,0.0,0.0,0.0,0.0,0.0,0.0,0.0,0.0,0.0,0.0,0.0,0.0,0.0,0.0,0.0
0.2,10,5,0.0001,0.05,5e-05,True,0.026245082101060847,3,0.0,0.0,0.3333333333333333,0.33333333333333337,0.0,0.0,0.0,0.0,0.0,0.0,0.0,0.0,0.0,0.0,0.0,0.0,0.0,0.0,0.0,0.0,0.0,0.0
0.2,10,5,0.0001,0.05,0.0001,True,0.02625222532455914,3,0.06666666666666667,0.06666666666666668,0.0,0.0,0.0,0.0,0.0,0.0,0.0,0.0,0.3333333333333333,0.33333333333333337,0.3333333333333333,0.33333333333333337,0.0,0.0,0.3333333333333333,0.33333333333333337,0.3333333333333333,0.33333333333333337,0.0,0.0
0.2,10,5,0.0001,0.05,0.0004,True,0.02639468383010913,3,0.0,0.0,0.0,0.0,0.0,0.0,0.0,0.0,0.0,0.0,0.0,0.0,0.0,0.0,0.0,0.0,0.0,0.0,0.0,0.0,0.0,0.0
0.2,10,5,0.001,0.0,5e-05,True,0.00035418921496849676,3,1.0,0.0,0.0,0.0,0.0,0.0,0.0,0.0,0.0,0.0,1.0,0.0,1.0,0.0,0.0,0.0,1.0,0.0,1.0,0.0,0.0,0.0
0.2,10,5,0.001,0.0,0.0001,True,0.0007074249076757193,3,1.0,0.0,0.0,0.0,0.0,0.0,0.0,0.0,0.0,0.0,1.0,0.0,1.0,0.0,0.0,0.0,1.0,0.0,1.0,0.0,0.0,0.0
0.2,10,5,0.001,0.0,0.0004,True,0.00282850667314044,3,0.06666666666666667,0.06666666666666668,0.0,0.0,0.0,0.0,0.0,0.0,0.0,0.0,0.3333333333333333,0.33333333333333337,0.3333333333333333,0.33333333333333337,0.0,0.0,0.3333333333333333,0.33333333333333337,0.3333333333333333,0.33333333333333337,0.0,0.0
0.2,10,5,0.001,0.01,5e-05,True,0.0052605719465796666,3,0.0,0.0,0.0,0.0,0.0,0.0,0.0,0.0,0.0,0.0,0.0,0.0,0.0,0.0,0.0,0.0,0.0,0.0,0.0,0.0,0.0,0.0
0.2,10,5,0.001,0.01,0.0001,True,0.005296094523811011,3,0.0,0.0,0.0,0.0,0.0,0.0,0.0,0.0,0.0,0.0,0.0,0.0,0.0,0.0,0.0,0.0,0.0,0.0,0.0,0.0,0.0,0.0
0.2,10,5,0.001,0.01,0.0004,True,0.005962266113244274,3,0.0,0.0,0.0,0.0,0.0,0.0,0.0,0.0,0.0,0.0,0.0,0.0,0.0,0.0,0.0,0.0,0.0,0.0,0.0,0.0,0.0,0.0
0.2,10,5,0.001,0.05,5e-05,True,0.026245082101060847,3,0.0,0.0,0.3333333333333333,0.33333333333333337,0.0,0.0,0.0,0.0,0.0,0.0,0.0,0.0,0.0,0.0,0.0,0.0,0.0,0.0,0.0,0.0,0.0,0.0
0.2,10,5,0.001,0.05,0.0001,True,0.02625222532455914,3,0.0,0.0,0.3333333333333333,0.33333333333333337,0.0,0.0,0.0,0.0,0.0,0.0,0.0,0.0,0.0,0.0,0.0,0.0,0.0,0.0,0.0,0.0,0.0,0.0
0.2,10,5,0.001,0.05,0.0004,True,0.02639468383010913,3,0.0,0.0,0.3333333333333333,0.33333333333333337,0.0,0.0,0.0,0.0,0.0,0.0,0.0,0.0,0.0,0.0,0.0,0.0,0.0,0.0,0.0,0.0,0.0,0.0
0.2,10,5,0.01,0.0,5e-05,True,0.00035418921496849676,3,0.9,0.10000000000000002,0.0,0.0,0.0,0.0,0.0,0.0,0.0,0.0,1.0,0.0,1.0,0.0,0.0,0.0,1.0,0.0,1.0,0.0,0.0,0.0
0.2,10,5,0.01,0.0,0.0001,True,0.0007074249076757193,3,1.0,0.0,0.0,0.0,0.0,0.0,0.0,0.0,0.0,0.0,1.0,0.0,1.0,0.0,0.0,0.0,1.0,0.0,1.0,0.0,0.0,0.0
0.2,10,5,0.01,0.0,0.0004,True,0.00282850667314044,3,0.7999999999999999,0.2,0.0,0.0,0.0,0.0,0.0,0.0,0.0,0.0,1.0,0.0,1.0,0.0,0.0,0.0,1.0,0.0,1.0,0.0,0.0,0.0
0.2,10,5,0.01,0.01,5e-05,True,0.0052605719465796666,3,1.0,0.0,0.0,0.0,0.0,0.0,0.0,0.0,0.0,0.0,1.0,0.0,1.0,0.0,0.0,0.0,1.0,0.0,1.0,0.0,0.0,0.0
0.2,10,5,0.01,0.01,0.0001,True,0.005296094523811011,3,1.0,0.0,0.0,0.0,0.0,0.0,0.0,0.0,0.0,0.0,1.0,0.0,1.0,0.0,0.0,0.0,1.0,0.0,1.0,0.0,0.0,0.0
0.2,10,5,0.01,0.01,0.0004,True,0.005962266113244274,3,0.7000000000000001,0.30000000000000004,0.16666666666666666,0.16666666666666669,0.0,0.0,0.0,0.0,0.0,0.0,1.0,0.0,1.0,0.0,0.0,0.0,1.0,0.0,1.0,0.0,0.0,0.0
0.2,10,5,0.01,0.05,5e-05,True,0.026245082101060847,3,0.0,0.0,0.0,0.0,0.0,0.0,0.0,0.0,0.0,0.0,0.0,0.0,0.0,0.0,0.0,0.0,0.0,0.0,0.0,0.0,0.0,0.0
0.2,10,5,0.01,0.05,0.0001,True,0.02625222532455914,3,0.16666666666666666,0.08819171036881969,0.0,0.0,0.0,0.0,0.0,0.0,0.0,0.0,0.6666666666666666,0.33333333333333337,0.6666666666666666,0.33333333333333337,0.0,0.0,0.6666666666666666,0.33333333333333337,0.6666666666666666,0.33333333333333337,0.0,0.0
0.2,10,5,0.01,0.05,0.0004,True,0.02639468383010913,3,0.06666666666666667,0.06666666666666668,0.0,0.0,0.0,0.0,0.0,0.0,0.0,0.0,0.3333333333333333,0.33333333333333337,0.3333333333333333,0.33333333333333337,0.0,0.0,0.3333333333333333,0.33333333333333337,0.3333333333333333,0.33333333333333337,0.0,0.0
0.2,10,5,0.1,0.0,5e-05,True,0.00035418921496849676,3,0.7333333333333334,0.17638342073763938,0.1037037037037037,0.05785370130301226,0.0,0.0,0.0,0.0,0.0,0.0,1.0,0.0,1.0,0.0,0.0,0.0,1.0,0.0,1.0,0.0,0.0,0.0
0.2,10,5,0.1,0.0,0.0001,True,0.0007074249076757193,3,0.5,0.2516611478423583,0.41203703703703703,0.2940088205427302,0.0,0.0,0.0,0.0,0.0,0.0,0.6666666666666666,0.33333333333333337,0.6666666666666666,0.33333333333333337,0.0,0.0,0.6666666666666666,0.33333333333333337,0.6666666666666666,0.33333333333333337,0.0,0.0
0.2,10,5,0.1,0.0,0.0004,True,0.00282850667314044,3,0.6,0.1527525231651947,0.12037037037037036,0.07231712662876533,0.0,0.0,0.0,0.0,0.0,0.0,1.0,0.0,1.0,0.0,0.0,0.0,1.0,0.0,1.0,0.0,0.0,0.0
0.2,10,5,0.1,0.01,5e-05,True,0.0052605719465796666,3,0.8666666666666667,0.13333333333333336,0.08333333333333333,0.08333333333333334,0.0,0.0,0.0,0.0,0.0,0.0,1.0,0.0,1.0,0.0,0.0,0.0,1.0,0.0,1.0,0.0,0.0,0.0
0.2,10,5,0.1,0.01,0.0001,True,0.005296094523811011,3,0.6666666666666666,0.33333333333333337,0.3333333333333333,0.33333333333333337,0.0,0.0,0.0,0.0,0.0,0.0,0.6666666666666666,0.33333333333333337,0.6666666666666666,0.33333333333333337,0.0,0.0,0.6666666666666666,0.33333333333333337,0.6666666666666666,0.33333333333333337,0.0,0.0
0.2,10,5,0.1,0.01,0.0004,True,0.005962266113244274,3,0.9333333333333332,0.06666666666666667,0.0,0.0,0.0,0.0,0.0,0.0,0.0,0.0,1.0,0.0,1.0,0.0,0.0,0.0,1.0,0.0,1.0,0.0,0.0,0.0
0.2,10,5,0.1,0.05,5e-05,True,0.026245082101060847,3,0.7666666666666666,0.1452966314513558,0.13227513227513227,0.08315467537302493,0.0,0.0,0.0,0.0,0.0,0.0,1.0,0.0,1.0,0.0,0.0,0.0,1.0,0.0,1.0,0.0,0.0,0.0
0.2,10,5,0.1,0.05,0.0001,True,0.02625222532455914,3,0.4666666666666666,0.24037008503093263,0.38095238095238093,0.31225897734771435,0.0,0.0,0.0,0.0,0.0,0.0,0.6666666666666666,0.33333333333333337,0.6666666666666666,0.33333333333333337,0.0,0.0,0.6666666666666666,0.33333333333333337,0.6666666666666666,0.33333333333333337,0.0,0.0
0.2,10,5,0.1,0.05,0.0004,True,0.02639468383010913,3,0.30000000000000004,0.05773502691896258,0.3666666666666667,0.08819171036881969,0.0,0.0,0.0,0.0,0.0,0.0,1.0,0.0,1.0,0.0,0.0,0.0,1.0,0.0,1.0,0.0,0.0,0.0
0.2,10,10,0.0001,0.0,5e-05,True,0.0007074249076757193,3,0.0,0.0,0.0,0.0,0.0,0.0,0.0,0.0,0.0,0.0,0.0,0.0,0.0,0.0,0.0,0.0,0.0,0.0,0.0,0.0,0.0,0.0
0.2,10,10,0.0001,0.0,0.0001,True,0.0014143726524505486,3,0.03333333333333333,0.03333333333333334,0.0,0.0,0.0,0.0,0.0,0.0,0.0,0.0,0.3333333333333333,0.33333333333333337,0.3333333333333333,0.33333333333333337,0.0,0.0,0.3333333333333333,0.33333333333333337,0.3333333333333333,0.33333333333333337,0.0,0.0
0.2,10,10,0.0001,0.0,0.0004,True,0.005656894024108989,3,0.0,0.0,0.0,0.0,0.0,0.0,0.0,0.0,0.0,0.0,0.0,0.0,0.0,0.0,0.0,0.0,0.0,0.0,0.0,0.0,0.0,0.0
0.2,10,10,0.0001,0.01,5e-05,True,0.010521055692710848,3,0.0,0.0,0.0,0.0,0.0,0.0,0.0,0.0,0.0,0.0,0.0,0.0,0.0,0.0,0.0,0.0,0.0,0.0,0.0,0.0,0.0,0.0
0.2,10,10,0.0001,0.01,0.0001,True,0.010592101438766688,3,0.03333333333333333,0.03333333333333334,0.0,0.0,0.0,0.0,0.0,0.0,0.0,0.0,0.3333333333333333,0.33333333333333337,0.3333333333333333,0.33333333333333337,0.0,0.0,0.3333333333333333,0.33333333333333337,0.3333333333333333,0.33333333333333337,0.0,0.0
0.2,10,10,0.0001,0.01,0.0004,True,0.011924454406350142,3,0.0,0.0,0.0,0.0,0.0,0.0,0.0,0.0,0.0,0.0,0.0,0.0,0.0,0.0,0.0,0.0,0.0,0.0,0.0,0.0,0.0,0.0
0.2,10,10,0.0001,0.05,5e-05,True,0.05248713983049625,3,0.0,0.0,0.3333333333333333,0.33333333333333337,0.0,0.0,0.0,0.0,0.0,0.0,0.0,0.0,0.0,0.0,0.0,0.0,0.0,0.0,0.0,0.0,0.0,0.0
0.2,10,10,0.0001,0.05,0.0001,True,0.052501427100470954,3,0.0,0.0,1.0,0.0,0.0,0.0,0.0,0.0,0.0,0.0,0.0,0.0,0.0,0.0,0.0,0.0,0.0,0.0,0.0,0.0,0.0,0.0
0.2,10,10,0.0001,0.05,0.0004,True,0.05278636043132796,3,0.0,0.0,1.0,0.0,0.0,0.0,0.0,0.0,0.0,0.0,0.0,0.0,0.0,0.0,0.0,0.0,0.0,0.0,0.0,0.0,0.0,0.0
0.2,10,10,0.001,0.0,5e-05,True,0.0007074249076757193,3,0.9666666666666667,0.03333333333333333,0.0,0.0,0.0,0.0,0.0,0.0,0.0,0.0,1.0,0.0,1.0,0.0,0.0,0.0,1.0,0.0,1.0,0.0,0.0,0.0
0.2,10,10,0.001,0.0,0.0001,True,0.0014143726524505486,3,0.0,0.0,0.0,0.0,0.0,0.0,0.0,0.0,0.0,0.0,0.0,0.0,0.0,0.0,0.0,0.0,0.0,0.0,0.0,0.0,0.0,0.0
0.2,10,10,0.001,0.0,0.0004,True,0.005656894024108989,3,0.0,0.0,0.0,0.0,0.0,0.0,0.0,0.0,0.0,0.0,0.0,0.0,0.0,0.0,0.0,0.0,0.0,0.0,0.0,0.0,0.0,0.0
0.2,10,10,0.001,0.01,5e-05,True,0.010521055692710848,3,0.0,0.0,0.6666666666666666,0.33333333333333337,0.0,0.0,0.0,0.0,0.0,0.0,0.0,0.0,0.0,0.0,0.0,0.0,0.0,0.0,0.0,0.0,0.0,0.0
0.2,10,10,0.001,0.01,0.0001,True,0.010592101438766688,3,0.0,0.0,0.0,0.0,0.0,0.0,0.0,0.0,0.0,0.0,0.0,0.0,0.0,0.0,0.0,0.0,0.0,0.0,0.0,0.0,0.0,0.0
0.2,10,10,0.001,0.01,0.0004,True,0.011924454406350142,3,0.26666666666666666,0.06666666666666668,0.0,0.0,0.0,0.0,0.0,0.0,0.0,0.0,1.0,0.0,1.0,0.0,0.0,0.0,1.0,0.0,1.0,0.0,0.0,0.0
0.2,10,10,0.001,0.05,5e-05,True,0.05248713983049625,3,0.03333333333333333,0.03333333333333334,0.16666666666666666,0.16666666666666669,0.0,0.0,0.0,0.0,0.0,0.0,0.3333333333333333,0.33333333333333337,0.3333333333333333,0.33333333333333337,0.0,0.0,0.3333333333333333,0.33333333333333337,0.3333333333333333,0.33333333333333337,0.0,0.0
0.2,10,10,0.001,0.05,0.0001,True,0.052501427100470954,3,0.16666666666666666,0.08819171036881969,0.3333333333333333,0.33333333333333337,0.0,0.0,0.0,0.0,0.0,0.0,0.6666666666666666,0.33333333333333337,0.6666666666666666,0.33333333333333337,0.0,0.0,0.6666666666666666,0.33333333333333337,0.6666666666666666,0.33333333333333337,0.0,0.0
0.2,10,10,0.001,0.05,0.0004,True,0.05278636043132796,3,0.0,0.0,0.3333333333333333,0.33333333333333337,0.0,0.0,0.0,0.0,0.0,0.0,0.0,0.0,0.0,0.0,0.0,0.0,0.0,0.0,0.0,0.0,0.0,0.0
0.2,10,10,0.01,0.0,5e-05,True,0.0007074249076757193,3,0.7000000000000001,0.30000000000000004,0.2222222222222222,0.22222222222222224,0.0,0.0,0.0,0.0,0.0,0.0,1.0,0.0,1.0,0.0,0.0,0.0,1.0,0.0,1.0,0.0,0.0,0.0
0.2,10,10,0.01,0.0,0.0001,True,0.0014143726524505486,3,0.9666666666666667,0.033333333333333326,0.0,0.0,0.0,0.0,0.0,0.0,0.0,0.0,1.0,0.0,1.0,0.0,0.0,0.0,1.0,0.0,1.0,0.0,0.0,0.0
0.2,10,10,0.01,0.0,0.0004,True,0.005656894024108989,3,1.0,0.0,0.0,0.0,0.0,0.0,0.0,0.0,0.0,0.0,1.0,0.0,1.0,0.0,0.0,0.0,1.0,0.0,1.0,0.0,0.0,0.0
0.2,10,10,0.01,0.01,5e-05,True,0.010521055692710848,3,0.13333333333333333,0.08819171036881969,0.0,0.0,0.0,0.0,0.0,0.0,0.0,0.0,0.6666666666666666,0.33333333333333337,0.6666666666666666,0.33333333333333337,0.0,0.0,0.6666666666666666,0.33333333333333337,0.6666666666666666,0.33333333333333337,0.0,0.0
0.2,10,10,0.01,0.01,0.0001,True,0.010592101438766688,3,0.16666666666666666,0.08819171036881969,0.0,0.0,0.0,0.0,0.0,0.0,0.0,0.0,0.6666666666666666,0.33333333333333337,0.6666666666666666,0.33333333333333337,0.0,0.0,0.6666666666666666,0.33333333333333337,0.6666666666666666,0.33333333333333337,0.0,0.0
0.2,10,10,0.01,0.01,0.0004,True,0.011924454406350142,3,0.10000000000000002,0.05773502691896258,0.0,0.0,0.0,0.0,0.0,0.0,0.0,0.0,0.6666666666666666,0.33333333333333337,0.6666666666666666,0.33333333333333337,0.0,0.0,0.6666666666666666,0.33333333333333337,0.6666666666666666,0.33333333333333337,0.0,0.0
0.2,10,10,0.01,0.05,5e-05,True,0.05248713983049625,3,0.0,0.0,0.6666666666666666,0.33333333333333337,0.0,0.0,0.0,0.0,0.0,0.0,0.0,0.0,0.0,0.0,0.0,0.0,0.0,0.0,0.0,0.0,0.0,0.0
0.2,10,10,0.01,0.05,0.0001,True,0.052501427100470954,3,0.0,0.0,0.3333333333333333,0.33333333333333337,0.0,0.0,0.0,0.0,0.0,0.0,0.0,0.0,0.0,0.0,0.0,0.0,0.0,0.0,0.0,0.0,0.0,0.0
0.2,10,10,0.01,0.05,0.0004,True,0.05278636043132796,3,0.0,0.0,1.0,0.0,0.0,0.0,0.0,0.0,0.0,0.0,0.0,0.0,0.0,0.0,0.0,0.0,0.0,0.0,0.0,0.0,0.0,0.0
0.2,10,10,0.1,0.0,5e-05,True,0.0007074249076757193,3,0.8666666666666667,0.06666666666666665,0.07407407407407407,0.037037037037037035,0.0,0.0,0.0,0.0,0.0,0.0,1.0,0.0,1.0,0.0,0.0,0.0,1.0,0.0,1.0,0.0,0.0,0.0
0.2,10,10,0.1,0.0,0.0001,True,0.0014143726524505486,3,0.8333333333333334,0.16666666666666666,0.09523809523809523,0.09523809523809525,0.0,0.0,0.0,0.0,0.0,0.0,1.0,0.0,1.0,0.0,0.0,0.0,1.0,0.0,1.0,0.0,0.0,0.0
0.2,10,10,0.1,0.0,0.0004,True,0.005656894024108989,3,0.7000000000000001,0.10000000000000002,0.12962962962962962,0.018518518518518517,0.0,0.0,0.0,0.0,0.0,0.0,1.0,0.0,1.0,0.0,0.0,0.0,1.0,0.0,1.0,0.0,0.0,0.0
0.2,10,10,0.1,0.01,5e-05,True,0.010521055692710848,3,0.6666666666666666,0.24037008503093263,0.20370370370370372,0.15158060688652686,0.0,0.0,0.0,0.0,0.0,0.0,1.0,0.0,1.0,0.0,0.0,0.0,1.0,0.0,1.0,0.0,0.0,0.0
0.2,10,10,0.1,0.01,0.0001,True,0.010592101438766688,3,0.43333333333333335,0.23333333333333336,0.4259259259259259,0.2874847165974079,0.0,0.0,0.0,0.0,0.0,0.0,0.6666666666666666,0.33333333333333337,0.6666666666666666,0.33333333333333337,0.0,0.0,0.6666666666666666,0.33333333333333337,0.6666666666666666,0.33333333333333337,0.0,0.0
0.2,10,10,0.1,0.01,0.0004,True,0.011924454406350142,3,1.0,0.0,0.0,0.0,0.0,0.0,0.0,0.0,0.0,0.0,1.0,0.0,1.0,0.0,0.0,0.0,1.0,0.0,1.0,0.0,0.0,0.0
0.2,10,10,0.1,0.05,5e-05,True,0.05248713983049625,3,0.49999999999999994,0.15275252316519466,0.20039682539682538,0.06666784768417239,0.0,0.0,0.0,0.0,0.0,0.0,0.9722222222222223,0.027777777777777755,1.0,0.0,0.0,0.0,0.9722222222222223,0.027777777777777755,1.0,0.0,0.0,0.0
0.2,10,10,0.1,0.05,0.0001,True,0.052501427100470954,3,0.3666666666666667,0.2333333333333334,0.5037037037037037,0.26178662291958954,0.0,0.0,0.0,0.0,0.0,0.0,0.6666666666666666,0.33333333333333337,0.6666666666666666,0.33333333333333337,0.0,0.0,0.6666666666666666,0.33333333333333337,0.6666666666666666,0.33333333333333337,0.0,0.0
0.2,10,10,0.1,0.05,0.0004,True,0.05278636043132796,3,0.16666666666666666,0.16666666666666669,0.7222222222222223,0.27777777777777785,0.0,0.0,0.0,0.0,0.0,0.0,0.3333333333333333,0.33333333333333337,0.3333333333333333,0.33333333333333337,0.0,0.0,0.3333333333333333,0.33333333333333337,0.3333333333333333,0.33333333333333337,0.0,0.0
0.2,10,20,0.0001,0.0,5e-05,True,0.0014143726524505486,3,0.0,0.0,0.0,0.0,0.0,0.0,0.0,0.0,0.0,0.0,0.0,0.0,0.0,0.0,0.0,0.0,0.0,0.0,0.0,0.0,0.0,0.0
0.2,10,20,0.0001,0.0,0.0001,True,0.00282850667314044,3,0.0,0.0,0.0,0.0,0.0,0.0,0.0,0.0,0.0,0.0,0.0,0.0,0.0,0.0,0.0,0.0,0.0,0.0,0.0,0.0,0.0,0.0
0.2,10,20,0.0001,0.0,0.0004,True,0.011313728386345501,3,0.0,0.0,0.3333333333333333,0.33333333333333337,0.0,0.0,0.0,0.0,0.0,0.0,0.0,0.0,0.0,0.0,0.0,0.0,0.0,0.0,0.0,0.0,0.0,0.0
0.2,10,20,0.0001,0.01,5e-05,True,0.02104188696070639,3,0.0,0.0,0.0,0.0,0.0,0.0,0.0,0.0,0.0,0.0,0.0,0.0,0.0,0.0,0.0,0.0,0.0,0.0,0.0,0.0,0.0,0.0
0.2,10,20,0.0001,0.01,0.0001,True,0.02118397995814633,3,0.0,0.0,0.3333333333333333,0.33333333333333337,0.0,0.0,0.0,0.0,0.0,0.0,0.0,0.0,0.0,0.0,0.0,0.0,0.0,0.0,0.0,0.0,0.0,0.0
0.2,10,20,0.0001,0.01,0.0004,True,0.02384871080094573,3,0.0,0.0,0.6666666666666666,0.33333333333333337,0.0,0.0,0.0,0.0,0.0,0.0,0.0,0.0,0.0,0.0,0.0,0.0,0.0,0.0,0.0,0.0,0.0,0.0
0.2,10,20,0.0001,0.05,5e-05,True,0.1049501935691241,3,0.0,0.0,1.0,0.0,0.0,0.0,0.0,0.0,0.0,0.0,0.0,0.0,0.0,0.0,0.0,0.0,0.0,0.0,0.0,0.0,0.0,0.0
0.2,10,20,0.0001,0.05,0.0001,True,0.10497877466515133,3,0.0,0.0,1.0,0.0,0.0,0.0,0.0,0.0,0.0,0.0,0.0,0.0,0.0,0.0,0.0,0.0,0.0,0.0,0.0,0.0,0.0,0.0
0.2,10,20,0.0001,0.05,0.0004,True,0.10554877133437707,3,0.0,0.0,1.0,0.0,0.0,0.0,0.0,0.0,0.0,0.0,0.0,0.0,0.0,0.0,0.0,0.0,0.0,0.0,0.0,0.0,0.0,0.0
0.2,10,20,0.001,0.0,5e-05,True,0.0014143726524505486,3,0.0,0.0,0.0,0.0,0.0,0.0,0.0,0.0,0.0,0.0,0.0,0.0,0.0,0.0,0.0,0.0,0.0,0.0,0.0,0.0,0.0,0.0
0.2,10,20,0.001,0.0,0.0001,True,0.00282850667314044,3,0.06666666666666667,0.06666666666666668,0.0,0.0,0.0,0.0,0.0,0.0,0.0,0.0,0.3333333333333333,0.33333333333333337,0.3333333333333333,0.33333333333333337,0.0,0.0,0.3333333333333333,0.33333333333333337,0.3333333333333333,0.33333333333333337,0.0,0.0
0.2,10,20,0.001,0.0,0.0004,True,0.011313728386345501,3,0.0,0.0,0.3333333333333333,0.33333333333333337,0.0,0.0,0.0,0.0,0.0,0.0,0.0,0.0,0.0,0.0,0.0,0.0,0.0,0.0,0.0,0.0,0.0,0.0
0.2,10,20,0.001,0.01,5e-05,True,0.02104188696070639,3,0.10000000000000002,0.05773502691896258,0.3333333333333333,0.33333333333333337,0.0,0.0,0.0,0.0,0.0,0.0,0.6666666666666666,0.33333333333333337,0.6666666666666666,0.33333333333333337,0.0,0.0,0.6666666666666666,0.33333333333333337,0.6666666666666666,0.33333333333333337,0.0,0.0
0.2,10,20,0.001,0.01,0.0001,True,0.02118397995814633,3,0.0,0.0,0.6666666666666666,0.33333333333333337,0.0,0.0,0.0,0.0,0.0,0.0,0.0,0.0,0.0,0.0,0.0,0.0,0.0,0.0,0.0,0.0,0.0,0.0
0.2,10,20,0.001,0.01,0.0004,True,0.02384871080094573,3,0.0,0.0,0.3333333333333333,0.33333333333333337,0.0,0.0,0.0,0.0,0.0,0.0,0.0,0.0,0.0,0.0,0.0,0.0,0.0,0.0,0.0,0.0,0.0,0.0
0.2,10,20,0.001,0.05,5e-05,True,0.1049501935691241,3,0.0,0.0,1.0,0.0,0.0,0.0,0.0,0.0,0.0,0.0,0.0,0.0,0.0,0.0,0.0,0.0,0.0,0.0,0.0,0.0,0.0,0.0
0.2,10,20,0.001,0.05,0.0001,True,0.10497877466515133,3,0.0,0.0,1.0,0.0,0.0,0.0,0.0,0.0,0.0,0.0,0.0,0.0,0.0,0.0,0.0,0.0,0.0,0.0,0.0,0.0,0.0,0.0
0.2,10,20,0.001,0.05,0.0004,True,0.10554877133437707,3,0.0,0.0,1.0,0.0,0.0,0.0,0.0,0.0,0.0,0.0,0.0,0.0,0.0,0.0,0.0,0.0,0.0,0.0,0.0,0.0,0.0,0.0
0.2,10,20,0.01,0.0,5e-05,True,0.0014143726524505486,3,1.0,0.0,0.0,0.0,0.0,0.0,0.0,0.0,0.0,0.0,1.0,0.0,1.0,0.0,0.0,0.0,1.0,0.0,1.0,0.0,0.0,0.0
0.2,10,20,0.01,0.0,0.0001,True,0.00282850667314044,3,0.6,0.2645751311064591,0.2916666666666667,0.23199018178458428,0.0,0.0,0.0,0.0,0.0,0.0,1.0,0.0,1.0,0.0,0.0,0.0,1.0,0.0,1.0,0.0,0.0,0.0
0.2,10,20,0.01,0.0,0.0004,True,0.011313728386345501,3,0.10000000000000002,0.05773502691896258,0.0,0.0,0.0,0.0,0.0,0.0,0.0,0.0,0.6666666666666666,0.33333333333333337,0.6666666666666666,0.33333333333333337,0.0,0.0,0.6666666666666666,0.33333333333333337,0.6666666666666666,0.33333333333333337,0.0,0.0
0.2,10,20,0.01,0.01,5e-05,True,0.02104188696070639,3,0.0,0.0,0.0,0.0,0.0,0.0,0.0,0.0,0.0,0.0,0.0,0.0,0.0,0.0,0.0,0.0,0.0,0.0,0.0,0.0,0.0,0.0
0.2,10,20,0.01,0.01,0.0001,True,0.02118397995814633,3,0.0,0.0,0.3333333333333333,0.33333333333333337,0.0,0.0,0.0,0.0,0.0,0.0,0.0,0.0,0.0,0.0,0.0,0.0,0.0,0.0,0.0,0.0,0.0,0.0
0.2,10,20,0.01,0.01,0.0004,True,0.02384871080094573,3,0.03333333333333333,0.03333333333333334,0.0,0.0,0.0,0.0,0.0,0.0,0.0,0.0,0.3333333333333333,0.33333333333333337,0.3333333333333333,0.33333333333333337,0.0,0.0,0.3333333333333333,0.33333333333333337,0.3333333333333333,0.33333333333333337,0.0,0.0
0.2,10,20,0.01,0.05,5e-05,True,0.1049501935691241,3,0.0,0.0,1.0,0.0,0.0,0.0,0.0,0.0,0.0,0.0,0.0,0.0,0.0,0.0,0.0,0.0,0.0,0.0,0.0,0.0,0.0,0.0
0.2,10,20,0.01,0.05,0.0001,True,0.10497877466515133,3,0.0,0.0,1.0,0.0,0.0,0.0,0.0,0.0,0.0,0.0,0.0,0.0,0.0,0.0,0.0,0.0,0.0,0.0,0.0,0.0,0.0,0.0
0.2,10,20,0.01,0.05,0.0004,True,0.10554877133437707,3,0.03333333333333333,0.03333333333333334,0.9166666666666666,0.08333333333333334,0.0,0.0,0.0,0.0,0.0,0.0,0.3333333333333333,0.33333333333333337,0.3333333333333333,0.33333333333333337,0.0,0.0,0.3333333333333333,0.33333333333333337,0.3333333333333333,0.33333333333333337,0.0,0.0
0.2,10,20,0.1,0.0,5e-05,True,0.0014143726524505486,3,1.0,0.0,0.0,0.0,0.0,0.0,0.0,0.0,0.0,0.0,1.0,0.0,1.0,0.0,0.0,0.0,1.0,0.0,1.0,0.0,0.0,0.0
0.2,10,20,0.1,0.0,0.0001,True,0.00282850667314044,3,0.5666666666666668,0.12018504251546633,0.19894179894179895,0.05040637191032615,0.0,0.0,0.0,0.0,0.0,0.0,1.0,0.0,1.0,0.0,0.0,0.0,1.0,0.0,1.0,0.0,0.0,0.0
0.2,10,20,0.1,0.0,0.0004,True,0.011313728386345501,3,0.6333333333333334,0.16666666666666669,0.2074074074074074,0.09629629629629631,0.0,0.0,0.0,0.0,0.0,0.0,1.0,0.0,1.0,0.0,0.0,0.0,1.0,0.0,1.0,0.0,0.0,0.0
0.2,10,20,0.1,0.01,5e-05,True,0.02104188696070639,3,0.6,0.3055050463303894,0.3703703703703704,0.3164445831599086,0.0,0.0,0.0,0.0,0.0,0.0,0.6666666666666666,0.33333333333333337,0.6666666666666666,0.33333333333333337,0.0,0.0,0.6666666666666666,0.33333333333333337,0.6666666666666666,0.33333333333333337,0.0,0.0
0.2,10,20,0.1,0.01,0.0001,True,0.02118397995814633,3,0.8000000000000002,7.850462293418875e-17,0.07407407407407407,0.037037037037037035,0.0,0.0,0.0,0.0,0.0,0.0,1.0,0.0,1.0,0.0,0.0,0.0,1.0,0.0,1.0,0.0,0.0,0.0
0.2,10,20,0.1,0.01,0.0004,True,0.02384871080094573,3,0.13333333333333333,0.13333333333333336,0.7333333333333334,0.2666666666666667,0.0,0.0,0.0,0.0,0.0,0.0,0.3333333333333333,0.33333333333333337,0.3333333333333333,0.33333333333333337,0.0,0.0,0.3333333333333333,0.33333333333333337,0.3333333333333333,0.33333333333333337,0.0,0.0
0.2,10,20,0.1,0.05,5e-05,True,0.1049501935691241,3,0.0,0.0,0.6666666666666666,0.33333333333333337,0.0,0.0,0.0,0.0,0.0,0.0,0.0,0.0,0.0,0.0,0.0,0.0,0.0,0.0,0.0,0.0,0.0,0.0
0.2,10,20,0.1,0.05,0.0001,True,0.10497877466515133,3,0.03333333333333333,0.03333333333333334,0.5,0.2886751345948129,0.0,0.0,0.0,0.0,0.0,0.0,0.3333333333333333,0.33333333333333337,0.3333333333333333,0.33333333333333337,0.0,0.0,0.3333333333333333,0.33333333333333337,0.3333333333333333,0.33333333333333337,0.0,0.0
0.2,10,20,0.1,0.05,0.0004,True,0.10554877133437707,3,0.09999999999999999,0.1,0.75,0.25,0.0,0.0,0.0,0.0,0.0,0.0,0.31111111111111106,0.3111111111111111,0.3333333333333333,0.33333333333333337,0.0,0.0,0.31111111111111106,0.3111111111111111,0.3333333333333333,0.33333333333333337,0.0,0.0
0.2,50,1,0.0001,0.0,5e-05,True,7.3824115301167e-05,3,0.9933333333333333,0.006666666666666672,0.0,0.0,0.0,0.0,0.0,0.0,0.0,0.0,1.0,0.0,0.977170068027211,0.008125399707878407,0.0,0.0,1.0,0.0,0.977170068027211,0.008125399707878407,0.0,0.0
0.2,50,1,0.0001,0.0,0.0001,True,0.00014300349646075093,3,0.94,0.011547005383792493,0.0,0.0,0.0,0.0,0.0,0.0,0.0,0.0,1.0,0.0,0.9490710761640456,0.005864866965701843,0.0,0.0,1.0,0.0,0.9490710761640456,0.005864866965701843,0.0,0.0
0.2,50,1,0.0001,0.0,0.0004,True,0.0005660830327787611,3,0.5333333333333333,0.04807401700618653,0.0,0.0,0.0,0.0,0.0,0.0,0.0,0.0,1.0,0.0,0.8619408369408372,0.007951006696172321,0.0,0.0,1.0,0.0,0.8619408369408372,0.007951006696172321,0.0,0.0
0.2,50,1,0.0001,0.01,5e-05,True,0.0010523204394088015,3,0.26666666666666666,0.05811865258054231,0.0,0.0,0.0,0.0,0.0,0.0,0.0,0.0,1.0,0.0,0.7433862433862434,0.03299568640776484,0.0,0.0,1.0,0.0,0.7433862433862434,0.03299568640776484,0.0,0.0
0.2,50,1,0.0001,0.01,0.0001,True,0.0010594235730799712,3,0.2933333333333334,0.058118652580542315,0.0,0.0,0.0,0.0,0.0,0.0,0.0,0.0,1.0,0.0,0.7847619047619047,0.03139698990439513,0.0,0.0,1.0,0.0,0.7847619047619047,0.03139698990439513,0.0,0.0
0.2,50,1,0.0001,0.01,0.0004,True,0.0011926350268198285,3,0.35333333333333333,0.02666666666666667,0.0,0.0,0.0,0.0,0.0,0.0,0.0,0.0,1.0,0.0,0.7778362573099414,0.03213933151255969,0.0,0.0,1.0,0.0,0.7778362573099414,0.03213933151255969,0.0,0.0
0.2,50,1,0.0001,0.05,5e-05,True,0.005249153951365971,3,0.32666666666666666,0.06359594676112972,0.1704623878536922,0.05851481769836154,0.0,0.0,0.0,0.0,0.0,0.0,0.9952380952380953,0.004761904761904745,0.7033333333333333,0.039299420408505356,0.0,0.0,0.9952380952380953,0.004761904761904745,0.7033333333333333,0.039299420408505356,0.0,0.0
0.2,50,1,0.0001,0.05,0.0001,True,0.00525058255864442,3,0.2333333333333333,0.017638342073763937,0.13942307692307693,0.07082173010892422,0.0,0.0,0.0,0.0,0.0,0.0,0.9926739926739927,0.0073260073260073,0.7022863247863246,0.04602689587921859,0.0,0.0,0.9926739926739927,0.0073260073260073,0.7022863247863246,0.04602689587921859,0.0,0.0
0.2,50,1,0.0001,0.05,0.0004,True,0.005279073517686696,3,0.26,0.07023769168568494,0.2165242165242165,0.1641332275878527,0.0,0.0,0.0,0.0,0.0,0.0,1.0,0.0,0.6911764705882352,0.04622421660441681,0.0,0.0,1.0,0.0,0.6911764705882352,0.04622421660441681,0.0,0.0
0.2,50,1,0.001,0.0,5e-05,True,7.3824115301167e-05,3,1.0,0.0,0.0,0.0,0.0,0.0,0.0,0.0,0.0,0.0,1.0,0.0,1.0,0.0,0.0,0.0,1.0,0.0,1.0,0.0,0.0,0.0
0.2,50,1,0.001,0.0,0.0001,True,0.00014300349646075093,3,1.0,0.0,0.0,0.0,0.0,0.0,0.0,0.0,0.0,0.0,1.0,0.0,1.0,0.0,0.0,0.0,1.0,0.0,1.0,0.0,0.0,0.0
0.2,50,1,0.001,0.0,0.0004,True,0.0005660830327787611,3,1.0,0.0,0.0,0.0,0.0,0.0,0.0,0.0,0.0,0.0,1.0,0.0,0.973,0.0032145502536643903,0.0,0.0,1.0,0.0,0.973,0.0032145502536643903,0.0,0.0
0.2,50,1,0.001,0.01,5e-05,True,0.0010523204394088015,3,0.8466666666666667,0.06565905201197403,0.007407407407407408,0.0074074074074074086,0.0,0.0,0.0,0.0,0.0,0.0,1.0,0.0,0.960572032380543,0.01560425969384852,0.0,0.0,1.0,0.0,0.960572032380543,0.01560425969384852,0.0,0.0
0.2,50,1,0.001,0.01,0.0001,True,0.0010594235730799712,3,0.9133333333333332,0.013333333333333308,0.006944444444444444,0.006944444444444445,0.0,0.0,0.0,0.0,0.0,0.0,1.0,0.0,0.9420567375886524,0.004594709271851029,0.0,0.0,1.0,0.0,0.9420567375886524,0.004594709271851029,0.0,0.0
0.2,50,1,0.001,0.01,0.0004,True,0.0011926350268198285,3,0.9266666666666666,0.006666666666666637,0.0,0.0,0.0,0.0,0.0,0.0,0.0,0.0,0.9979296066252589,0.002070393374741205,0.9478646315140301,0.013586009003336386,0.0,0.0,0.9979296066252589,0.002070393374741205,0.9478646315140301,0.013586009003336386,0.0,0.0
0.2,50,1,0.001,0.05,5e-05,True,0.005249153951365971,3,0.3266666666666667,0.024037008503093253,0.09429824561403509,0.021598372372359884,0.0,0.0,0.0,0.0,0.0,0.0,0.9943977591036415,0.005602240896358524,0.8238951136009959,0.042476435116623974,0.0,0.0,0.9943977591036415,0.005602240896358524,0.8238951136009959,0.042476435116623974,0.0,0.0
0.2,50,1,0.001,0.05,0.0001,True,0.00525058255864442,3,0.38666666666666666,0.024037008503093253,0.0707070707070707,0.049741706069677295,0.0,0.0,0.0,0.0,0.0,0.0,0.988795518207283,0.011204481792717049,0.7823342670401495,0.021698116962974308,0.0,0.0,0.988795518207283,0.011204481792717049,0.7823342670401495,0.021698116962974308,0.0,0.0
0.2,50,1,0.001,0.05,0.0004,True,0.005279073517686696,3,0.25333333333333335,0.08110350040397628,0.3286935286935287,0.14611074263693577,0.0,0.0,0.0,0.0,0.0,0.0,0.9920634920634921,0.00793650793650791,0.7777777777777777,0.014698618394803265,0.0,0.0,0.9920634920634921,0.00793650793650791,0.7777777777777777,0.014698618394803265,0.0,0.0
0.2,50,1,0.01,0.0,5e-05,True,7.3824115301167e-05,3,0.98,0.020000000000000018,0.006944444444444444,0.006944444444444445,0.0,0.0,0.0,0.0,0.0,0.0,1.0,0.0,1.0,0.0,0.0,0.0,1.0,0.0,1.0,0.0,0.0,0.0
0.2,50,1,0.01,0.0,0.0001,True,0.00014300349646075093,3,0.9266666666666666,0.05456901847914968,0.006802721088435374,0.006802721088435374,0.0,0.0,0.0,0.0,0.0,0.0,1.0,0.0,1.0,0.0,0.0,0.0,1.0,0.0,1.0,0.0,0.0,0.0
0.2,50,1,0.01,0.0,0.0004,True,0.0005660830327787611,3,1.0,0.0,0.0,0.0,0.0,0.0,0.0,0.0,0.0,0.0,1.0,0.0,1.0,0.0,0.0,0.0,1.0,0.0,1.0,0.0,0.0,0.0
0.2,50,1,0.01,0.01,5e-05,True,0.0010523204394088015,3,0.8666666666666667,0.1047748909700114,0.006944444444444444,0.006944444444444445,0.0,0.0,0.0,0.0,0.0,0.0,1.0,0.0,1.0,0.0,0.0,0.0,1.0,0.0,1.0,0.0,0.0,0.0
0.2,50,1,0.01,0.01,0.0001,True,0.0010594235730799712,3,0.9466666666666667,0.05333333333333335,0.0,0.0,0.0,0.0,0.0,0.0,0.0,0.0,1.0,0.0,1.0,0.0,0.0,0.0,1.0,0.0,1.0,0.0,0.0,0.0
0.2,50,1,0.01,0.01,0.0004,True,0.0011926350268198285,3,0.96,0.04,0.02127659574468085,0.02127659574468085,0.0,0.0,0.0,0.0,0.0,0.0,1.0,0.0,1.0,0.0,0.0,0.0,1.0,0.0,1.0,0.0,0.0,0.0
0.2,50,1,0.01,0.05,5e-05,True,0.005249153951365971,3,0.5533333333333333,0.27960289300681024,0.37190797439889295,0.3141703640330757,0.0,0.0,0.0,0.0,0.0,0.0,0.6666666666666666,0.33333333333333337,0.6480896686159843,0.3240862762802664,0.0,0.0,0.6666666666666666,0.33333333333333337,0.6480896686159843,0.3240862762802664,0.0,0.0
0.2,50,1,0.01,0.05,0.0001,True,0.00525058255864442,3,0.36000000000000004,0.2640706976045115,0.2346801346801347,0.14043229778064162,0.0,0.0,0.0,0.0,0.0,0.0,1.0,0.0,0.993939393939394,0.006060606060606026,0.0,0.0,1.0,0.0,0.993939393939394,0.006060606060606026,0.0,0.0
0.2,50,1,0.01,0.05,0.0004,True,0.005279073517686696,3,0.64,0.23007245235649865,0.09782608695652173,0.07711520526736508,0.0,0.0,0.0,0.0,0.0,0.0,1.0,0.0,0.981183932346723,0.00992888761452162,0.0,0.0,1.0,0.0,0.981183932346723,0.00992888761452162,0.0,0.0
0.2,50,1,0.1,0.0,5e-05,True,7.3824115301167e-05,3,0.006666666666666667,0.006666666666666667,0.8333333333333334,0.16666666666666666,0.0,0.0,0.0,0.0,0.0,0.0,0.3333333333333333,0.33333333333333337,0.3333333333333333,0.33333333333333337,0.0,0.0,0.3333333333333333,0.33333333333333337,0.3333333333333333,0.33333333333333337,0.0,0.0
0.2,50,1,0.1,0.0,0.0001,True,0.00014300349646075093,3,0.02,0.02,0.75,0.25,0.0,0.0,0.0,0.0,0.0,0.0,0.3333333333333333,0.33333333333333337,0.3333333333333333,0.33333333333333337,0.0,0.0,0.3333333333333333,0.33333333333333337,0.3333333333333333,0.33333333333333337,0.0,0.0
0.2,50,1,0.1,0.0,0.0004,True,0.0005660830327787611,3,0.0,0.0,1.0,0.0,0.0,0.0,0.0,0.0,0.0,0.0,0.0,0.0,0.0,0.0,0.0,0.0,0.0,0.0,0.0,0.0,0.0,0.0
0.2,50,1,0.1,0.01,5e-05,True,0.0010523204394088015,3,0.02,0.02,0.75,0.25,0.0,0.0,0.0,0.0,0.0,0.0,0.3148148148148148,0.3148148148148149,0.3333333333333333,0.33333333333333337,0.0,0.0,0.3148148148148148,0.3148148148148149,0.3333333333333333,0.33333333333333337,0.0,0.0
0.2,50,1,0.1,0.01,0.0001,True,0.0010594235730799712,3,0.0,0.0,1.0,0.0,0.0,0.0,0.0,0.0,0.0,0.0,0.0,0.0,0.0,0.0,0.0,0.0,0.0,0.0,0.0,0.0,0.0,0.0
0.2,50,1,0.1,0.01,0.0004,True,0.0011926350268198285,3,0.0,0.0,1.0,0.0,0.0,0.0,0.0,0.0,0.0,0.0,0.0,0.0,0.0,0.0,0.0,0.0,0.0,0.0,0.0,0.0,0.0,0.0
0.2,50,1,0.1,0.05,5e-05,True,0.005249153951365971,3,0.0,0.0,1.0,0.0,0.0,0.0,0.0,0.0,0.0,0.0,0.0,0.0,0.0,0.0,0.0,0.0,0.0,0.0,0.0,0.0,0.0,0.0
0.2,50,1,0.1,0.05,0.0001,True,0.00525058255864442,3,0.0,0.0,1.0,0.0,0.0,0.0,0.0,0.0,0.0,0.0,0.0,0.0,0.0,0.0,0.0,0.0,0.0,0.0,0.0,0.0,0.0,0.0
0.2,50,1,0.1,0.05,0.0004,True,0.005279073517686696,3,0.0,0.0,1.0,0.0,0.0,0.0,0.0,0.0,0.0,0.0,0.0,0.0,0.0,0.0,0.0,0.0,0.0,0.0,0.0,0.0,0.0,0.0
0.2,50,2,0.0001,0.0,5e-05,True,0.00014300349646075093,3,0.38000000000000006,0.034641016151377546,0.0,0.0,0.0,0.0,0.0,0.0,0.0,0.0,1.0,0.0,1.0,0.0,0.0,0.0,1.0,0.0,1.0,0.0,0.0,0.0
0.2,50,2,0.0001,0.0,0.0001,True,0.0002836370920736567,3,0.02666666666666667,0.017638342073763937,0.0,0.0,0.0,0.0,0.0,0.0,0.0,0.0,0.6666666666666666,0.33333333333333337,0.6666666666666666,0.33333333333333337,0.0,0.0,0.6666666666666666,0.33333333333333337,0.6666666666666666,0.33333333333333337,0.0,0.0
0.2,50,2,0.0001,0.0,0.0004,True,0.0011315697062046156,3,0.013333333333333334,0.013333333333333334,0.0,0.0,0.0,0.0,0.0,0.0,0.0,0.0,0.3333333333333333,0.33333333333333337,0.3333333333333333,0.33333333333333337,0.0,0.0,0.3333333333333333,0.33333333333333337,0.3333333333333333,0.33333333333333337,0.0,0.0
0.2,50,2,0.0001,0.01,5e-05,True,0.0021043199422362056,3,0.07333333333333333,0.05456901847914967,0.0,0.0,0.0,0.0,0.0,0.0,0.0,0.0,0.6666666666666666,0.33333333333333337,0.5666666666666667,0.29627314724385295,0.0,0.0,0.6666666666666666,0.33333333333333337,0.5666666666666667,0.29627314724385295,0.0,0.0
0.2,50,2,0.0001,0.01,0.0001,True,0.0021185283616919053,3,0.02666666666666667,0.006666666666666667,0.38888888888888884,0.20030840419244383,0.0,0.0,0.0,0.0,0.0,0.0,1.0,0.0,0.7999999999999999,0.11547005383792516,0.0,0.0,1.0,0.0,0.7999999999999999,0.11547005383792516,0.0,0.0
0.2,50,2,0.0001,0.01,0.0004,True,0.002384986880318839,3,0.03333333333333333,0.013333333333333332,0.35714285714285715,0.17975796274454167,0.0,0.0,0.0,0.0,0.0,0.0,1.0,0.0,0.9111111111111111,0.058794473579213115,0.0,0.0,1.0,0.0,0.9111111111111111,0.058794473579213115,0.0,0.0
0.2,50,2,0.0001,0.05,5e-05,True,0.01049821951042763,3,0.013333333333333334,0.006666666666666667,0.9410256410256411,0.03023032339115793,0.0,0.0,0.0,0.0,0.0,0.0,0.5714285714285715,0.29738085706659045,0.6666666666666666,0.33333333333333337,0.0,0.0,0.5714285714285715,0.29738085706659045,0.6666666666666666,0.33333333333333337,0.0,0.0
0.2,50,2,0.0001,0.05,0.0001,True,0.010501076749034994,3,0.04,0.039999999999999994,0.7999999999999999,0.2,0.0,0.0,0.0,0.0,0.0,0.0,0.3333333333333333,0.33333333333333337,0.3333333333333333,0.33333333333333337,0.0,0.0,0.3333333333333333,0.33333333333333337,0.3333333333333333,0.33333333333333337,0.0,0.0
0.2,50,2,0.0001,0.05,0.0004,True,0.010558059144043631,3,0.09333333333333332,0.07333333333333333,0.6833333333333332,0.21666666666666667,0.0,0.0,0.0,0.0,0.0,0.0,1.0,0.0,0.8597222222222222,0.13000029677079136,0.0,0.0,1.0,0.0,0.8597222222222222,0.13000029677079136,0.0,0.0
0.2,50,2,0.001,0.0,5e-05,True,0.00014300349646075093,3,1.0,0.0,0.0,0.0,0.0,0.0,0.0,0.0,0.0,0.0,1.0,0.0,1.0,0.0,0.0,0.0,1.0,0.0,1.0,0.0,0.0,0.0
0.2,50,2,0.001,0.0,0.0001,True,0.0002836370920736567,3,1.0,0.0,0.0,0.0,0.0,0.0,0.0,0.0,0.0,0.0,1.0,0.0,1.0,0.0,0.0,0.0,1.0,0.0,1.0,0.0,0.0,0.0
0.2,50,2,0.001,0.0,0.0004,True,0.0011315697062046156,3,0.7799999999999999,0.030550504633038936,0.0,0.0,0.0,0.0,0.0,0.0,0.0,0.0,1.0,0.0,1.0,0.0,0.0,0.0,1.0,0.0,1.0,0.0,0.0,0.0
0.2,50,2,0.001,0.01,5e-05,True,0.0021043199422362056,3,0.14,0.02,0.0,0.0,0.0,0.0,0.0,0.0,0.0,0.0,0.980952380952381,0.019047619047619056,0.9916666666666667,0.008333333333333342,0.0,0.0,0.980952380952381,0.019047619047619056,0.9916666666666667,0.008333333333333342,0.0,0.0
0.2,50,2,0.001,0.01,0.0001,True,0.0021185283616919053,3,0.16,0.030550504633038936,0.06060606060606061,0.06060606060606062,0.0,0.0,0.0,0.0,0.0,0.0,1.0,0.0,1.0,0.0,0.0,0.0,1.0,0.0,1.0,0.0,0.0,0.0
0.2,50,2,0.001,0.01,0.0004,True,0.002384986880318839,3,0.07333333333333335,0.03527668414752788,0.24074074074074073,0.14463425325753063,0.0,0.0,0.0,0.0,0.0,0.0,1.0,0.0,1.0,0.0,0.0,0.0,1.0,0.0,1.0,0.0,0.0,0.0
0.2,50,2,0.001,0.05,5e-05,True,0.01049821951042763,3,0.08666666666666667,0.08666666666666668,0.7450980392156863,0.2549019607843137,0.0,0.0,0.0,0.0,0.0,0.0,0.3333333333333333,0.33333333333333337,0.3333333333333333,0.33333333333333337,0.0,0.0,0.3333333333333333,0.33333333333333337,0.3333333333333333,0.33333333333333337,0.0,0.0
0.2,50,2,0.001,0.05,0.0001,True,0.010501076749034994,3,0.04666666666666667,0.046666666666666676,0.8333333333333334,0.16666666666666666,0.0,0.0,0.0,0.0,0.0,0.0,0.3333333333333333,0.33333333333333337,0.3333333333333333,0.33333333333333337,0.0,0.0,0.3333333333333333,0.33333333333333337,0.3333333333333333,0.33333333333333337,0.0,0.0
0.2,50,2,0.001,0.05,0.0004,True,0.010558059144043631,3,0.02,0.011547005383792516,0.8796296296296297,0.07231712662876531,0.0,0.0,0.0,0.0,0.0,0.0,0.6190476190476191,0.31225897734771435,0.6666666666666666,0.33333333333333337,0.0,0.0,0.6190476190476191,0.31225897734771435,0.6666666666666666,0.33333333333333337,0.0,0.0
0.2,50,2,0.01,0.0,5e-05,True,0.00014300349646075093,3,0.9733333333333333,0.026666666666666655,0.013888888888888888,0.01388888888888889,0.0,0.0,0.0,0.0,0.0,0.0,1.0,0.0,1.0,0.0,0.0,0.0,1.0,0.0,1.0,0.0,0.0,0.0
0.2,50,2,0.01,0.0,0.0001,True,0.0002836370920736567,3,0.9533333333333333,0.04666666666666667,0.007575757575757576,0.007575757575757576,0.0,0.0,0.0,0.0,0.0,0.0,1.0,0.0,1.0,0.0,0.0,0.0,1.0,0.0,1.0,0.0,0.0,0.0
0.2,50,2,0.01,0.0,0.0004,True,0.0011315697062046156,3,0.9866666666666667,0.013333333333333346,0.0,0.0,0.0,0.0,0.0,0.0,0.0,0.0,1.0,0.0,1.0,0.0,0.0,0.0,1.0,0.0,1.0,0.0,0.0,0.0
0.2,50,2,0.01,0.01,5e-05,True,0.0021043199422362056,3,0.84,0.09237604307034011,0.022222222222222223,0.022222222222222223,0.0,0.0,0.0,0.0,0.0,0.0,1.0,0.0,1.0,0.0,0.0,0.0,1.0,0.0,1.0,0.0,0.0,0.0
0.2,50,2,0.01,0.01,0.0001,True,0.0021185283616919053,3,0.96,0.04,0.02127659574468085,0.02127659574468085,0.0,0.0,0.0,0.0,0.0,0.0,1.0,0.0,1.0,0.0,0.0,0.0,1.0,0.0,1.0,0.0,0.0,0.0
0.2,50,2,0.01,0.01,0.0004,True,0.002384986880318839,3,0.98,0.011547005383792526,0.006802721088435374,0.006802721088435374,0.0,0.0,0.0,0.0,0.0,0.0,1.0,0.0,1.0,0.0,0.0,0.0,1.0,0.0,1.0,0.0,0.0,0.0
0.2,50,2,0.01,0.05,5e-05,True,0.01049821951042763,3,0.40666666666666673,0.1353185542012296,0.13762626262626262,0.014561316407412619,0.0,0.0,0.0,0.0,0.0,0.0,0.9868746579091408,0.008678495344400133,1.0,0.0,0.0,0.0,0.9868746579091408,0.008678495344400133,1.0,0.0,0.0,0.0
0.2,50,2,0.01,0.05,0.0001,True,0.010501076749034994,3,0.3,0.150996688705415,0.44505494505494503,0.27783949186308865,0.0,0.0,0.0,0.0,0.0,0.0,0.6547619047619048,0.3275432498142287,0.6666666666666666,0.33333333333333337,0.0,0.0,0.6547619047619048,0.3275432498142287,0.6666666666666666,0.33333333333333337,0.0,0.0
0.2,50,2,0.01,0.05,0.0004,True,0.010558059144043631,3,0.41333333333333333,0.006666666666666654,0.15055555555555555,0.012921892610681118,0.0,0.0,0.0,0.0,0.0,0.0,0.9871693121693123,0.004894179894179914,1.0,0.0,0.0,0.0,0.9871693121693123,0.004894179894179914,1.0,0.0,0.0,0.0
0.2,50,2,0.1,0.0,5e-05,True,0.00014300349646075093,3,0.02666666666666667,0.02666666666666667,0.8095238095238096,0.1904761904761905,0.0,0.0,0.0,0.0,0.0,0.0,0.3333333333333333,0.33333333333333337,0.3333333333333333,0.33333333333333337,0.0,0.0,0.3333333333333333,0.33333333333333337,0.3333333333333333,0.33333333333333337,0.0,0.0
0.2,50,2,0.1,0.0,0.0001,True,0.0002836370920736567,3,0.0,0.0,1.0,0.0,0.0,0.0,0.0,0.0,0.0,0.0,0.0,0.0,0.0,0.0,0.0,0.0,0.0,0.0,0.0,0.0,0.0,0.0
0.2,50,2,0.1,0.0,0.0004,True,0.0011315697062046156,3,0.02,0.011547005383792516,0.611111111111111,0.20030840419244386,0.0,0.0,0.0,0.0,0.0,0.0,0.6666666666666666,0.33333333333333337,0.6666666666666666,0.33333333333333337,0.0,0.0,0.6666666666666666,0.33333333333333337,0.6666666666666666,0.33333333333333337,0.0,0.0
0.2,50,2,0.1,0.01,5e-05,True,0.0021043199422362056,3,0.013333333333333334,0.013333333333333334,0.7777777777777777,0.22222222222222224,0.0,0.0,0.0,0.0,0.0,0.0,0.3333333333333333,0.33333333333333337,0.3333333333333333,0.33333333333333337,0.0,0.0,0.3333333333333333,0.33333333333333337,0.3333333333333333,0.33333333333333337,0.0,0.0
0.2,50,2,0.1,0.01,0.0001,True,0.0021185283616919053,3,0.02666666666666667,0.02666666666666667,0.7333333333333334,0.2666666666666667,0.0,0.0,0.0,0.0,0.0,0.0,0.3333333333333333,0.33333333333333337,0.3333333333333333,0.33333333333333337,0.0,0.0,0.3333333333333333,0.33333333333333337,0.3333333333333333,0.33333333333333337,0.0,0.0
0.2,50,2,0.1,0.01,0.0004,True,0.002384986880318839,3,0.0,0.0,1.0,0.0,0.0,0.0,0.0,0.0,0.0,0.0,0.0,0.0,0.0,0.0,0.0,0.0,0.0,0.0,0.0,0.0,0.0,0.0
0.2,50,2,0.1,0.05,5e-05,True,0.01049821951042763,3,0.0,0.0,1.0,0.0,0.0,0.0,0.0,0.0,0.0,0.0,0.0,0.0,0.0,0.0,0.0,0.0,0.0,0.0,0.0,0.0,0.0,0.0
0.2,50,2,0.1,0.05,0.0001,True,0.010501076749034994,3,0.0,0.0,1.0,0.0,0.0,0.0,0.0,0.0,0.0,0.0,0.0,0.0,0.0,0.0,0.0,0.0,0.0,0.0,0.0,0.0,0.0,0.0
0.2,50,2,0.1,0.05,0.0004,True,0.010558059144043631,3,0.0,0.0,1.0,0.0,0.0,0.0,0.0,0.0,0.0,0.0,0.0,0.0,0.0,0.0,0.0,0.0,0.0,0.0,0.0,0.0,0.0,0.0
0.2,50,3,0.0001,0.0,5e-05,True,0.00021319005605327846,3,0.03333333333333333,0.03333333333333334,0.0,0.0,0.0,0.0,0.0,0.0,0.0,0.0,0.3333333333333333,0.33333333333333337,0.3333333333333333,0.33333333333333337,0.0,0.0,0.3333333333333333,0.33333333333333337,0.3333333333333333,0.33333333333333337,0.0,0.0
0.2,50,3,0.0001,0.0,0.0001,True,0.0004247940677551889,3,0.0,0.0,0.3333333333333333,0.33333333333333337,0.0,0.0,0.0,0.0,0.0,0.0,0.0,0.0,0.0,0.0,0.0,0.0,0.0,0.0,0.0,0.0,0.0,0.0
0.2,50,3,0.0001,0.0,0.0004,True,0.0016971888521905864,3,0.0,0.0,0.0,0.0,0.0,0.0,0.0,0.0,0.0,0.0,0.0,0.0,0.0,0.0,0.0,0.0,0.0,0.0,0.0,0.0,0.0,0.0
0.2,50,3,0.0001,0.01,5e-05,True,0.003156390328808629,3,0.006666666666666667,0.006666666666666667,0.6666666666666666,0.33333333333333337,0.0,0.0,0.0,0.0,0.0,0.0,0.3333333333333333,0.33333333333333337,0.3333333333333333,0.33333333333333337,0.0,0.0,0.3333333333333333,0.33333333333333337,0.3333333333333333,0.33333333333333337,0.0,0.0
0.2,50,3,0.0001,0.01,0.0001,True,0.0031777035588293387,3,0.0,0.0,1.0,0.0,0.0,0.0,0.0,0.0,0.0,0.0,0.0,0.0,0.0,0.0,0.0,0.0,0.0,0.0,0.0,0.0,0.0,0.0
0.2,50,3,0.0001,0.01,0.0004,True,0.00357740127855356,3,0.0,0.0,1.0,0.0,0.0,0.0,0.0,0.0,0.0,0.0,0.0,0.0,0.0,0.0,0.0,0.0,0.0,0.0,0.0,0.0,0.0,0.0
0.2,50,3,0.0001,0.05,5e-05,True,0.015747251165976188,3,0.04,0.04,0.8181818181818182,0.18181818181818185,0.0,0.0,0.0,0.0,0.0,0.0,0.3333333333333333,0.33333333333333337,0.3333333333333333,0.33333333333333337,0.0,0.0,0.3333333333333333,0.33333333333333337,0.3333333333333333,0.33333333333333337,0.0,0.0
0.2,50,3,0.0001,0.05,0.0001,True,0.015751537045137484,3,0.0,0.0,1.0,0.0,0.0,0.0,0.0,0.0,0.0,0.0,0.0,0.0,0.0,0.0,0.0,0.0,0.0,0.0,0.0,0.0,0.0,0.0
0.2,50,3,0.0001,0.05,0.0004,True,0.015837011059045784,3,0.04666666666666667,0.046666666666666676,0.8444444444444444,0.15555555555555559,0.0,0.0,0.0,0.0,0.0,0.0,0.3333333333333333,0.33333333333333337,0.3333333333333333,0.33333333333333337,0.0,0.0,0.3333333333333333,0.33333333333333337,0.3333333333333333,0.33333333333333337,0.0,0.0
0.2,50,3,0.001,0.0,5e-05,True,0.00021319005605327846,3,0.98,0.020000000000000018,0.006944444444444444,0.006944444444444445,0.0,0.0,0.0,0.0,0.0,0.0,1.0,0.0,1.0,0.0,0.0,0.0,1.0,0.0,1.0,0.0,0.0,0.0
0.2,50,3,0.001,0.0,0.0001,True,0.0004247940677551889,3,1.0,0.0,0.0,0.0,0.0,0.0,0.0,0.0,0.0,0.0,1.0,0.0,1.0,0.0,0.0,0.0,1.0,0.0,1.0,0.0,0.0,0.0
0.2,50,3,0.001,0.0,0.0004,True,0.0016971888521905864,3,0.13333333333333333,0.07688375063113866,0.16666666666666666,0.16666666666666669,0.0,0.0,0.0,0.0,0.0,0.0,1.0,0.0,1.0,0.0,0.0,0.0,1.0,0.0,1.0,0.0,0.0,0.0
0.2,50,3,0.001,0.01,5e-05,True,0.003156390328808629,3,0.06666666666666667,0.035276684147527874,0.4920634920634921,0.25985246894833175,0.0,0.0,0.0,0.0,0.0,0.0,0.6666666666666666,0.33333333333333337,0.6666666666666666,0.33333333333333337,0.0,0.0,0.6666666666666666,0.33333333333333337,0.6666666666666666,0.33333333333333337,0.0,0.0
0.2,50,3,0.001,0.01,0.0001,True,0.0031777035588293387,3,0.0,0.0,0.3333333333333333,0.33333333333333337,0.0,0.0,0.0,0.0,0.0,0.0,0.0,0.0,0.0,0.0,0.0,0.0,0.0,0.0,0.0,0.0,0.0,0.0
0.2,50,3,0.001,0.01,0.0004,True,0.00357740127855356,3,0.07333333333333333,0.07333333333333335,0.3611111111111111,0.3203489609630777,0.0,0.0,0.0,0.0,0.0,0.0,0.3333333333333333,0.33333333333333337,0.3333333333333333,0.33333333333333337,0.0,0.0,0.3333333333333333,0.33333333333333337,0.3333333333333333,0.33333333333333337,0.0,0.0
0.2,50,3,0.001,0.05,5e-05,True,0.015747251165976188,3,0.0,0.0,1.0,0.0,0.0,0.0,0.0,0.0,0.0,0.0,0.0,0.0,0.0,0.0,0.0,0.0,0.0,0.0,0.0,0.0,0.0,0.0
0.2,50,3,0.001,0.05,0.0001,True,0.015751537045137484,3,0.0,0.0,1.0,0.0,0.0,0.0,0.0,0.0,0.0,0.0,0.0,0.0,0.0,0.0,0.0,0.0,0.0,0.0,0.0,0.0,0.0,0.0
0.2,50,3,0.001,0.05,0.0004,True,0.015837011059045784,3,0.0,0.0,1.0,0.0,0.0,0.0,0.0,0.0,0.0,0.0,0.0,0.0,0.0,0.0,0.0,0.0,0.0,0.0,0.0,0.0,0.0,0.0
0.2,50,3,0.01,0.0,5e-05,True,0.00021319005605327846,3,1.0,0.0,0.0,0.0,0.0,0.0,0.0,0.0,0.0,0.0,1.0,0.0,1.0,0.0,0.0,0.0,1.0,0.0,1.0,0.0,0.0,0.0
0.2,50,3,0.01,0.0,0.0001,True,0.0004247940677551889,3,1.0,0.0,0.0,0.0,0.0,0.0,0.0,0.0,0.0,0.0,1.0,0.0,1.0,0.0,0.0,0.0,1.0,0.0,1.0,0.0,0.0,0.0
0.2,50,3,0.01,0.0,0.0004,True,0.0016971888521905864,3,0.9333333333333332,0.048074017006186534,0.029024943310657594,0.01972137406363619,0.0,0.0,0.0,0.0,0.0,0.0,1.0,0.0,1.0,0.0,0.0,0.0,1.0,0.0,1.0,0.0,0.0,0.0
0.2,50,3,0.01,0.01,5e-05,True,0.003156390328808629,3,0.5733333333333334,0.282213473180223,0.14619883040935672,0.09837780024129078,0.0,0.0,0.0,0.0,0.0,0.0,1.0,0.0,1.0,0.0,0.0,0.0,1.0,0.0,1.0,0.0,0.0,0.0
0.2,50,3,0.01,0.01,0.0001,True,0.0031777035588293387,3,0.9400000000000001,0.030550504633038926,0.028073286052009455,0.01403897579222187,0.0,0.0,0.0,0.0,0.0,0.0,1.0,0.0,1.0,0.0,0.0,0.0,1.0,0.0,1.0,0.0,0.0,0.0
0.2,50,3,0.01,0.01,0.0004,True,0.00357740127855356,3,0.9866666666666667,0.013333333333333346,0.006802721088435374,0.006802721088435374,0.0,0.0,0.0,0.0,0.0,0.0,1.0,0.0,1.0,0.0,0.0,0.0,1.0,0.0,1.0,0.0,0.0,0.0
0.2,50,3,0.01,0.05,5e-05,True,0.015747251165976188,3,0.08,0.08,0.7647058823529411,0.23529411764705882,0.0,0.0,0.0,0.0,0.0,0.0,0.3333333333333333,0.33333333333333337,0.3333333333333333,0.33333333333333337,0.0,0.0,0.3333333333333333,0.33333333333333337,0.3333333333333333,0.33333333333333337,0.0,0.0
0.2,50,3,0.01,0.05,0.0001,True,0.015751537045137484,3,0.03333333333333333,0.024037008503093264,0.8222222222222223,0.09686442096757053,0.0,0.0,0.0,0.0,0.0,0.0,0.6190476190476191,0.31225897734771435,0.6666666666666666,0.33333333333333337,0.0,0.0,0.6190476190476191,0.31225897734771435,0.6666666666666666,0.33333333333333337,0.0,0.0
0.2,50,3,0.01,0.05,0.0004,True,0.015837011059045784,3,0.03333333333333333,0.024037008503093264,0.8833333333333333,0.07876359377087683,0.0,0.0,0.0,0.0,0.0,0.0,0.5476190476190476,0.280710145775038,0.6666666666666666,0.33333333333333337,0.0,0.0,0.5476190476190476,0.280710145775038,0.6666666666666666,0.33333333333333337,0.0,0.0
0.2,50,3,0.1,0.0,5e-05,True,0.00021319005605327846,3,0.0,0.0,1.0,0.0,0.0,0.0,0.0,0.0,0.0,0.0,0.0,0.0,0.0,0.0,0.0,0.0,0.0,0.0,0.0,0.0,0.0,0.0
0.2,50,3,0.1,0.0,0.0001,True,0.0004247940677551889,3,0.013333333333333334,0.013333333333333334,0.7777777777777778,0.22222222222222224,0.0,0.0,0.0,0.0,0.0,0.0,0.3333333333333333,0.33333333333333337,0.3333333333333333,0.33333333333333337,0.0,0.0,0.3333333333333333,0.33333333333333337,0.3333333333333333,0.33333333333333337,0.0,0.0
0.2,50,3,0.1,0.0,0.0004,True,0.0016971888521905864,3,0.0,0.0,1.0,0.0,0.0,0.0,0.0,0.0,0.0,0.0,0.0,0.0,0.0,0.0,0.0,0.0,0.0,0.0,0.0,0.0,0.0,0.0
0.2,50,3,0.1,0.01,5e-05,True,0.003156390328808629,3,0.02,0.019999999999999997,0.75,0.25,0.0,0.0,0.0,0.0,0.0,0.0,0.3333333333333333,0.33333333333333337,0.3333333333333333,0.33333333333333337,0.0,0.0,0.3333333333333333,0.33333333333333337,0.3333333333333333,0.33333333333333337,0.0,0.0
0.2,50,3,0.1,0.01,0.0001,True,0.0031777035588293387,3,0.0,0.0,1.0,0.0,0.0,0.0,0.0,0.0,0.0,0.0,0.0,0.0,0.0,0.0,0.0,0.0,0.0,0.0,0.0,0.0,0.0,0.0
0.2,50,3,0.1,0.01,0.0004,True,0.00357740127855356,3,0.0,0.0,1.0,0.0,0.0,0.0,0.0,0.0,0.0,0.0,0.0,0.0,0.0,0.0,0.0,0.0,0.0,0.0,0.0,0.0,0.0,0.0
0.2,50,3,0.1,0.05,5e-05,True,0.015747251165976188,3,0.0,0.0,1.0,0.0,0.0,0.0,0.0,0.0,0.0,0.0,0.0,0.0,0.0,0.0,0.0,0.0,0.0,0.0,0.0,0.0,0.0,0.0
0.2,50,3,0.1,0.05,0.0001,True,0.015751537045137484,3,0.0,0.0,1.0,0.0,0.0,0.0,0.0,0.0,0.0,0.0,0.0,0.0,0.0,0.0,0.0,0.0,0.0,0.0,0.0,0.0,0.0,0.0
0.2,50,3,0.1,0.05,0.0004,True,0.015837011059045784,3,0.0,0.0,1.0,0.0,0.0,0.0,0.0,0.0,0.0,0.0,0.0,0.0,0.0,0.0,0.0,0.0,0.0,0.0,0.0,0.0,0.0,0.0
0.2,50,5,0.0001,0.0,5e-05,True,0.00035418921496849676,3,0.0,0.0,0.0,0.0,0.0,0.0,0.0,0.0,0.0,0.0,0.0,0.0,0.0,0.0,0.0,0.0,0.0,0.0,0.0,0.0,0.0,0.0
0.2,50,5,0.0001,0.0,0.0001,True,0.0007074249076757193,3,0.0,0.0,0.0,0.0,0.0,0.0,0.0,0.0,0.0,0.0,0.0,0.0,0.0,0.0,0.0,0.0,0.0,0.0,0.0,0.0,0.0,0.0
0.2,50,5,0.0001,0.0,0.0004,True,0.00282850667314044,3,0.04666666666666667,0.046666666666666676,0.7083333333333334,0.2916666666666667,0.0,0.0,0.0,0.0,0.0,0.0,0.3333333333333333,0.33333333333333337,0.3333333333333333,0.33333333333333337,0.0,0.0,0.3333333333333333,0.33333333333333337,0.3333333333333333,0.33333333333333337,0.0,0.0
0.2,50,5,0.0001,0.01,5e-05,True,0.0052605719465796666,3,0.0,0.0,1.0,0.0,0.0,0.0,0.0,0.0,0.0,0.0,0.0,0.0,0.0,0.0,0.0,0.0,0.0,0.0,0.0,0.0,0.0,0.0
0.2,50,5,0.0001,0.01,0.0001,True,0.005296094523811011,3,0.0,0.0,1.0,0.0,0.0,0.0,0.0,0.0,0.0,0.0,0.0,0.0,0.0,0.0,0.0,0.0,0.0,0.0,0.0,0.0,0.0,0.0
0.2,50,5,0.0001,0.01,0.0004,True,0.005962266113244274,3,0.0,0.0,1.0,0.0,0.0,0.0,0.0,0.0,0.0,0.0,0.0,0.0,0.0,0.0,0.0,0.0,0.0,0.0,0.0,0.0,0.0,0.0
0.2,50,5,0.0001,0.05,5e-05,True,0.026245082101060847,3,0.04,0.039999999999999994,0.8888888888888888,0.11111111111111113,0.0,0.0,0.0,0.0,0.0,0.0,0.3333333333333333,0.33333333333333337,0.3333333333333333,0.33333333333333337,0.0,0.0,0.3333333333333333,0.33333333333333337,0.3333333333333333,0.33333333333333337,0.0,0.0
0.2,50,5,0.0001,0.05,0.0001,True,0.02625222532455914,3,0.0,0.0,1.0,0.0,0.0,0.0,0.0,0.0,0.0,0.0,0.0,0.0,0.0,0.0,0.0,0.0,0.0,0.0,0.0,0.0,0.0,0.0
0.2,50,5,0.0001,0.05,0.0004,True,0.02639468383010913,3,0.03333333333333333,0.017638342073763937,0.8708333333333332,0.06468406123441675,0.0,0.0,0.0,0.0,0.0,0.0,0.6666666666666666,0.33333333333333337,0.6666666666666666,0.33333333333333337,0.0,0.0,0.6666666666666666,0.33333333333333337,0.6666666666666666,0.33333333333333337,0.0,0.0
0.2,50,5,0.001,0.0,5e-05,True,0.00035418921496849676,3,0.9733333333333333,0.026666666666666655,0.013888888888888888,0.01388888888888889,0.0,0.0,0.0,0.0,0.0,0.0,1.0,0.0,1.0,0.0,0.0,0.0,1.0,0.0,1.0,0.0,0.0,0.0
0.2,50,5,0.001,0.0,0.0001,True,0.0007074249076757193,3,1.0,0.0,0.0,0.0,0.0,0.0,0.0,0.0,0.0,0.0,1.0,0.0,1.0,0.0,0.0,0.0,1.0,0.0,1.0,0.0,0.0,0.0
0.2,50,5,0.001,0.0,0.0004,True,0.00282850667314044,3,0.006666666666666667,0.006666666666666667,0.3333333333333333,0.33333333333333337,0.0,0.0,0.0,0.0,0.0,0.0,0.3333333333333333,0.33333333333333337,0.3333333333333333,0.33333333333333337,0.0,0.0,0.3333333333333333,0.33333333333333337,0.3333333333333333,0.33333333333333337,0.0,0.0
0.2,50,5,0.001,0.01,5e-05,True,0.0052605719465796666,3,0.0,0.0,1.0,0.0,0.0,0.0,0.0,0.0,0.0,0.0,0.0,0.0,0.0,0.0,0.0,0.0,0.0,0.0,0.0,0.0,0.0,0.0
0.2,50,5,0.001,0.01,0.0001,True,0.005296094523811011,3,0.05333333333333334,0.05333333333333334,0.7037037037037037,0.2962962962962963,0.0,0.0,0.0,0.0,0.0,0.0,0.3333333333333333,0.33333333333333337,0.3333333333333333,0.33333333333333337,0.0,0.0,0.3333333333333333,0.33333333333333337,0.3333333333333333,0.33333333333333337,0.0,0.0
0.2,50,5,0.001,0.01,0.0004,True,0.005962266113244274,3,0.0,0.0,1.0,0.0,0.0,0.0,0.0,0.0,0.0,0.0,0.0,0.0,0.0,0.0,0.0,0.0,0.0,0.0,0.0,0.0,0.0,0.0
0.2,50,5,0.001,0.05,5e-05,True,0.026245082101060847,3,0.006666666666666667,0.006666666666666667,0.9743589743589745,0.025641025641025626,0.0,0.0,0.0,0.0,0.0,0.0,0.3333333333333333,0.33333333333333337,0.3333333333333333,0.33333333333333337,0.0,0.0,0.3333333333333333,0.33333333333333337,0.3333333333333333,0.33333333333333337,0.0,0.0
0.2,50,5,0.001,0.05,0.0001,True,0.02625222532455914,3,0.0,0.0,1.0,0.0,0.0,0.0,0.0,0.0,0.0,0.0,0.0,0.0,0.0,0.0,0.0,0.0,0.0,0.0,0.0,0.0,0.0,0.0
0.2,50,5,0.001,0.05,0.0004,True,0.02639468383010913,3,0.0,0.0,1.0,0.0,0.0,0.0,0.0,0.0,0.0,0.0,0.0,0.0,0.0,0.0,0.0,0.0,0.0,0.0,0.0,0.0,0.0,0.0
0.2,50,5,0.01,0.0,5e-05,True,0.00035418921496849676,3,0.96,0.02309401076758502,0.0070921985815602835,0.0070921985815602835,0.0,0.0,0.0,0.0,0.0,0.0,1.0,0.0,1.0,0.0,0.0,0.0,1.0,0.0,1.0,0.0,0.0,0.0
0.2,50,5,0.01,0.0,0.0001,True,0.0007074249076757193,3,0.94,0.04163331998932266,0.006802721088435374,0.006802721088435374,0.0,0.0,0.0,0.0,0.0,0.0,1.0,0.0,1.0,0.0,0.0,0.0,1.0,0.0,1.0,0.0,0.0,0.0
0.2,50,5,0.01,0.0,0.0004,True,0.00282850667314044,3,0.9,0.034641016151377546,0.029200613051544727,0.008136043414390557,0.0,0.0,0.0,0.0,0.0,0.0,1.0,0.0,1.0,0.0,0.0,0.0,1.0,0.0,1.0,0.0,0.0,0.0
0.2,50,5,0.01,0.01,5e-05,True,0.0052605719465796666,3,0.8733333333333334,0.12666666666666668,0.03809523809523809,0.0380952380952381,0.0,0.0,0.0,0.0,0.0,0.0,1.0,0.0,1.0,0.0,0.0,0.0,1.0,0.0,1.0,0.0,0.0,0.0
0.2,50,5,0.01,0.01,0.0001,True,0.005296094523811011,3,0.7266666666666667,0.0635959467611297,0.11692668278034131,0.027681413090193823,0.0,0.0,0.0,0.0,0.0,0.0,1.0,0.0,1.0,0.0,0.0,0.0,1.0,0.0,1.0,0.0,0.0,0.0
0.2,50,5,0.01,0.01,0.0004,True,0.005962266113244274,3,0.7866666666666666,0.15719768163402129,0.08115942028985508,0.060731382144223085,0.0,0.0,0.0,0.0,0.0,0.0,1.0,0.0,1.0,0.0,0.0,0.0,1.0,0.0,1.0,0.0,0.0,0.0
0.2,50,5,0.01,0.05,5e-05,True,0.026245082101060847,3,0.0,0.0,1.0,0.0,0.0,0.0,0.0,0.0,0.0,0.0,0.0,0.0,0.0,0.0,0.0,0.0,0.0,0.0,0.0,0.0,0.0,0.0
0.2,50,5,0.01,0.05,0.0001,True,0.02625222532455914,3,0.0,0.0,1.0,0.0,0.0,0.0,0.0,0.0,0.0,0.0,0.0,0.0,0.0,0.0,0.0,0.0,0.0,0.0,0.0,0.0,0.0,0.0
0.2,50,5,0.01,0.05,0.0004,True,0.02639468383010913,3,0.006666666666666667,0.006666666666666667,0.9761904761904763,0.023809523809523798,0.0,0.0,0.0,0.0,0.0,0.0,0.3333333333333333,0.33333333333333337,0.3333333333333333,0.33333333333333337,0.0,0.0,0.3333333333333333,0.33333333333333337,0.3333333333333333,0.33333333333333337,0.0,0.0
0.2,50,5,0.1,0.0,5e-05,True,0.00035418921496849676,3,0.006666666666666667,0.006666666666666667,0.8333333333333334,0.16666666666666666,0.0,0.0,0.0,0.0,0.0,0.0,0.3333333333333333,0.33333333333333337,0.3333333333333333,0.33333333333333337,0.0,0.0,0.3333333333333333,0.33333333333333337,0.3333333333333333,0.33333333333333337,0.0,0.0
0.2,50,5,0.1,0.0,0.0001,True,0.0007074249076757193,3,0.04,0.030550504633038936,0.5555555555555555,0.24216105241892633,0.0,0.0,0.0,0.0,0.0,0.0,0.6666666666666666,0.33333333333333337,0.6666666666666666,0.33333333333333337,0.0,0.0,0.6666666666666666,0.33333333333333337,0.6666666666666666,0.33333333333333337,0.0,0.0
0.2,50,5,0.1,0.0,0.0004,True,0.00282850667314044,3,0.0,0.0,1.0,0.0,0.0,0.0,0.0,0.0,0.0,0.0,0.0,0.0,0.0,0.0,0.0,0.0,0.0,0.0,0.0,0.0,0.0,0.0
0.2,50,5,0.1,0.01,5e-05,True,0.0052605719465796666,3,0.0,0.0,1.0,0.0,0.0,0.0,0.0,0.0,0.0,0.0,0.0,0.0,0.0,0.0,0.0,0.0,0.0,0.0,0.0,0.0,0.0,0.0
0.2,50,5,0.1,0.01,0.0001,True,0.005296094523811011,3,0.0,0.0,1.0,0.0,0.0,0.0,0.0,0.0,0.0,0.0,0.0,0.0,0.0,0.0,0.0,0.0,0.0,0.0,0.0,0.0,0.0,0.0
0.2,50,5,0.1,0.01,0.0004,True,0.005962266113244274,3,0.0,0.0,1.0,0.0,0.0,0.0,0.0,0.0,0.0,0.0,0.0,0.0,0.0,0.0,0.0,0.0,0.0,0.0,0.0,0.0,0.0,0.0
0.2,50,5,0.1,0.05,5e-05,True,0.026245082101060847,3,0.0,0.0,1.0,0.0,0.0,0.0,0.0,0.0,0.0,0.0,0.0,0.0,0.0,0.0,0.0,0.0,0.0,0.0,0.0,0.0,0.0,0.0
0.2,50,5,0.1,0.05,0.0001,True,0.02625222532455914,3,0.0,0.0,1.0,0.0,0.0,0.0,0.0,0.0,0.0,0.0,0.0,0.0,0.0,0.0,0.0,0.0,0.0,0.0,0.0,0.0,0.0,0.0
0.2,50,5,0.1,0.05,0.0004,True,0.02639468383010913,3,0.0,0.0,1.0,0.0,0.0,0.0,0.0,0.0,0.0,0.0,0.0,0.0,0.0,0.0,0.0,0.0,0.0,0.0,0.0,0.0,0.0,0.0
0.2,50,10,0.0001,0.0,5e-05,True,0.0007074249076757193,3,0.06666666666666667,0.06666666666666668,0.0,0.0,0.0,0.0,0.0,0.0,0.0,0.0,0.3333333333333333,0.33333333333333337,0.3333333333333333,0.33333333333333337,0.0,0.0,0.3333333333333333,0.33333333333333337,0.3333333333333333,0.33333333333333337,0.0,0.0
0.2,50,10,0.0001,0.0,0.0001,True,0.0014143726524505486,3,0.03333333333333333,0.03333333333333334,0.0,0.0,0.0,0.0,0.0,0.0,0.0,0.0,0.3333333333333333,0.33333333333333337,0.3333333333333333,0.33333333333333337,0.0,0.0,0.3333333333333333,0.33333333333333337,0.3333333333333333,0.33333333333333337,0.0,0.0
0.2,50,10,0.0001,0.0,0.0004,True,0.005656894024108989,3,0.0,0.0,1.0,0.0,0.0,0.0,0.0,0.0,0.0,0.0,0.0,0.0,0.0,0.0,0.0,0.0,0.0,0.0,0.0,0.0,0.0,0.0
0.2,50,10,0.0001,0.01,5e-05,True,0.010521055692710848,3,0.0,0.0,1.0,0.0,0.0,0.0,0.0,0.0,0.0,0.0,0.0,0.0,0.0,0.0,0.0,0.0,0.0,0.0,0.0,0.0,0.0,0.0
0.2,50,10,0.0001,0.01,0.0001,True,0.010592101438766688,3,0.0,0.0,1.0,0.0,0.0,0.0,0.0,0.0,0.0,0.0,0.0,0.0,0.0,0.0,0.0,0.0,0.0,0.0,0.0,0.0,0.0,0.0
0.2,50,10,0.0001,0.01,0.0004,True,0.011924454406350142,3,0.06666666666666667,0.06666666666666668,0.7619047619047619,0.2380952380952381,0.0,0.0,0.0,0.0,0.0,0.0,0.3333333333333333,0.33333333333333337,0.3333333333333333,0.33333333333333337,0.0,0.0,0.3333333333333333,0.33333333333333337,0.3333333333333333,0.33333333333333337,0.0,0.0
0.2,50,10,0.0001,0.05,5e-05,True,0.05248713983049625,3,0.0,0.0,1.0,0.0,0.0,0.0,0.0,0.0,0.0,0.0,0.0,0.0,0.0,0.0,0.0,0.0,0.0,0.0,0.0,0.0,0.0,0.0
0.2,50,10,0.0001,0.05,0.0001,True,0.052501427100470954,3,0.0,0.0,1.0,0.0,0.0,0.0,0.0,0.0,0.0,0.0,0.0,0.0,0.0,0.0,0.0,0.0,0.0,0.0,0.0,0.0,0.0,0.0
0.2,50,10,0.0001,0.05,0.0004,True,0.05278636043132796,3,0.0,0.0,1.0,0.0,0.0,0.0,0.0,0.0,0.0,0.0,0.0,0.0,0.0,0.0,0.0,0.0,0.0,0.0,0.0,0.0,0.0,0.0
0.2,50,10,0.001,0.0,5e-05,True,0.0007074249076757193,3,1.0,0.0,0.0,0.0,0.0,0.0,0.0,0.0,0.0,0.0,1.0,0.0,1.0,0.0,0.0,0.0,1.0,0.0,1.0,0.0,0.0,0.0
0.2,50,10,0.001,0.0,0.0001,True,0.0014143726524505486,3,0.07333333333333333,0.07333333333333335,0.3611111111111111,0.3203489609630777,0.0,0.0,0.0,0.0,0.0,0.0,0.3333333333333333,0.33333333333333337,0.3333333333333333,0.33333333333333337,0.0,0.0,0.3333333333333333,0.33333333333333337,0.3333333333333333,0.33333333333333337,0.0,0.0
0.2,50,10,0.001,0.0,0.0004,True,0.005656894024108989,3,0.02,0.02,0.7999999999999999,0.2,0.0,0.0,0.0,0.0,0.0,0.0,0.3333333333333333,0.33333333333333337,0.3333333333333333,0.33333333333333337,0.0,0.0,0.3333333333333333,0.33333333333333337,0.3333333333333333,0.33333333333333337,0.0,0.0
0.2,50,10,0.001,0.01,5e-05,True,0.010521055692710848,3,0.0,0.0,1.0,0.0,0.0,0.0,0.0,0.0,0.0,0.0,0.0,0.0,0.0,0.0,0.0,0.0,0.0,0.0,0.0,0.0,0.0,0.0
0.2,50,10,0.001,0.01,0.0001,True,0.010592101438766688,3,0.0,0.0,1.0,0.0,0.0,0.0,0.0,0.0,0.0,0.0,0.0,0.0,0.0,0.0,0.0,0.0,0.0,0.0,0.0,0.0,0.0,0.0
0.2,50,10,0.001,0.01,0.0004,True,0.011924454406350142,3,0.0,0.0,1.0,0.0,0.0,0.0,0.0,0.0,0.0,0.0,0.0,0.0,0.0,0.0,0.0,0.0,0.0,0.0,0.0,0.0,0.0,0.0
0.2,50,10,0.001,0.05,5e-05,True,0.05248713983049625,3,0.0,0.0,1.0,0.0,0.0,0.0,0.0,0.0,0.0,0.0,0.0,0.0,0.0,0.0,0.0,0.0,0.0,0.0,0.0,0.0,0.0,0.0
0.2,50,10,0.001,0.05,0.0001,True,0.052501427100470954,3,0.0,0.0,1.0,0.0,0.0,0.0,0.0,0.0,0.0,0.0,0.0,0.0,0.0,0.0,0.0,0.0,0.0,0.0,0.0,0.0,0.0,0.0
0.2,50,10,0.001,0.05,0.0004,True,0.05278636043132796,3,0.0,0.0,1.0,0.0,0.0,0.0,0.0,0.0,0.0,0.0,0.0,0.0,0.0,0.0,0.0,0.0,0.0,0.0,0.0,0.0,0.0,0.0
0.2,50,10,0.01,0.0,5e-05,True,0.0007074249076757193,3,0.98,0.02000000000000002,0.0,0.0,0.0,0.0,0.0,0.0,0.0,0.0,1.0,0.0,1.0,0.0,0.0,0.0,1.0,0.0,1.0,0.0,0.0,0.0
0.2,50,10,0.01,0.0,0.0001,True,0.0014143726524505486,3,0.9866666666666667,0.013333333333333346,0.006802721088435374,0.006802721088435374,0.0,0.0,0.0,0.0,0.0,0.0,1.0,0.0,1.0,0.0,0.0,0.0,1.0,0.0,1.0,0.0,0.0,0.0
0.2,50,10,0.01,0.0,0.0004,True,0.005656894024108989,3,0.9133333333333334,0.024037008503093246,0.03547987187474435,0.007540584385961261,0.0,0.0,0.0,0.0,0.0,0.0,1.0,0.0,1.0,0.0,0.0,0.0,1.0,0.0,1.0,0.0,0.0,0.0
0.2,50,10,0.01,0.01,5e-05,True,0.010521055692710848,3,0.04666666666666667,0.024037008503093264,0.8047619047619047,0.0977061168032533,0.0,0.0,0.0,0.0,0.0,0.0,0.6666666666666666,0.33333333333333337,0.6666666666666666,0.33333333333333337,0.0,0.0,0.6666666666666666,0.33333333333333337,0.6666666666666666,0.33333333333333337,0.0,0.0
0.2,50,10,0.01,0.01,0.0001,True,0.010592101438766688,3,0.0,0.0,1.0,0.0,0.0,0.0,0.0,0.0,0.0,0.0,0.0,0.0,0.0,0.0,0.0,0.0,0.0,0.0,0.0,0.0,0.0,0.0
0.2,50,10,0.01,0.01,0.0004,True,0.011924454406350142,3,0.08,0.08,0.7777777777777777,0.22222222222222224,0.0,0.0,0.0,0.0,0.0,0.0,0.3333333333333333,0.33333333333333337,0.3333333333333333,0.33333333333333337,0.0,0.0,0.3333333333333333,0.33333333333333337,0.3333333333333333,0.33333333333333337,0.0,0.0
0.2,50,10,0.01,0.05,5e-05,True,0.05248713983049625,3,0.0,0.0,1.0,0.0,0.0,0.0,0.0,0.0,0.0,0.0,0.0,0.0,0.0,0.0,0.0,0.0,0.0,0.0,0.0,0.0,0.0,0.0
0.2,50,10,0.01,0.05,0.0001,True,0.052501427100470954,3,0.0,0.0,1.0,0.0,0.0,0.0,0.0,0.0,0.0,0.0,0.0,0.0,0.0,0.0,0.0,0.0,0.0,0.0,0.0,0.0,0.0,0.0
0.2,50,10,0.01,0.05,0.0004,True,0.05278636043132796,3,0.0,0.0,1.0,0.0,0.0,0.0,0.0,0.0,0.0,0.0,0.0,0.0,0.0,0.0,0.0,0.0,0.0,0.0,0.0,0.0,0.0,0.0
0.2,50,10,0.1,0.0,5e-05,True,0.0007074249076757193,3,0.0,0.0,1.0,0.0,0.0,0.0,0.0,0.0,0.0,0.0,0.0,0.0,0.0,0.0,0.0,0.0,0.0,0.0,0.0,0.0,0.0,0.0
0.2,50,10,0.1,0.0,0.0001,True,0.0014143726524505486,3,0.0,0.0,1.0,0.0,0.0,0.0,0.0,0.0,0.0,0.0,0.0,0.0,0.0,0.0,0.0,0.0,0.0,0.0,0.0,0.0,0.0,0.0
0.2,50,10,0.1,0.0,0.0004,True,0.005656894024108989,3,0.0,0.0,1.0,0.0,0.0,0.0,0.0,0.0,0.0,0.0,0.0,0.0,0.0,0.0,0.0,0.0,0.0,0.0,0.0,0.0,0.0,0.0
0.2,50,10,0.1,0.01,5e-05,True,0.010521055692710848,3,0.0,0.0,1.0,0.0,0.0,0.0,0.0,0.0,0.0,0.0,0.0,0.0,0.0,0.0,0.0,0.0,0.0,0.0,0.0,0.0,0.0,0.0
0.2,50,10,0.1,0.01,0.0001,True,0.010592101438766688,3,0.0,0.0,1.0,0.0,0.0,0.0,0.0,0.0,0.0,0.0,0.0,0.0,0.0,0.0,0.0,0.0,0.0,0.0,0.0,0.0,0.0,0.0
0.2,50,10,0.1,0.01,0.0004,True,0.011924454406350142,3,0.0,0.0,1.0,0.0,0.0,0.0,0.0,0.0,0.0,0.0,0.0,0.0,0.0,0.0,0.0,0.0,0.0,0.0,0.0,0.0,0.0,0.0
0.2,50,10,0.1,0.05,5e-05,True,0.05248713983049625,3,0.0,0.0,1.0,0.0,0.0,0.0,0.0,0.0,0.0,0.0,0.0,0.0,0.0,0.0,0.0,0.0,0.0,0.0,0.0,0.0,0.0,0.0
0.2,50,10,0.1,0.05,0.0001,True,0.052501427100470954,3,0.0,0.0,1.0,0.0,0.0,0.0,0.0,0.0,0.0,0.0,0.0,0.0,0.0,0.0,0.0,0.0,0.0,0.0,0.0,0.0,0.0,0.0
0.2,50,10,0.1,0.05,0.0004,True,0.05278636043132796,3,0.0,0.0,1.0,0.0,0.0,0.0,0.0,0.0,0.0,0.0,0.0,0.0,0.0,0.0,0.0,0.0,0.0,0.0,0.0,0.0,0.0,0.0
0.2,50,20,0.0001,0.0,5e-05,True,0.0014143726524505486,3,0.0,0.0,0.0,0.0,0.0,0.0,0.0,0.0,0.0,0.0,0.0,0.0,0.0,0.0,0.0,0.0,0.0,0.0,0.0,0.0,0.0,0.0
0.2,50,20,0.0001,0.0,0.0001,True,0.00282850667314044,3,0.0,0.0,0.3333333333333333,0.33333333333333337,0.0,0.0,0.0,0.0,0.0,0.0,0.0,0.0,0.0,0.0,0.0,0.0,0.0,0.0,0.0,0.0,0.0,0.0
0.2,50,20,0.0001,0.0,0.0004,True,0.011313728386345501,3,0.04,0.039999999999999994,0.7777777777777778,0.22222222222222224,0.0,0.0,0.0,0.0,0.0,0.0,0.3333333333333333,0.33333333333333337,0.3333333333333333,0.33333333333333337,0.0,0.0,0.3333333333333333,0.33333333333333337,0.3333333333333333,0.33333333333333337,0.0,0.0
0.2,50,20,0.0001,0.01,5e-05,True,0.02104188696070639,3,0.05333333333333334,0.024037008503093267,0.7884615384615384,0.08981986990163975,0.0,0.0,0.0,0.0,0.0,0.0,1.0,0.0,1.0,0.0,0.0,0.0,1.0,0.0,1.0,0.0,0.0,0.0
0.2,50,20,0.0001,0.01,0.0001,True,0.02118397995814633,3,0.06666666666666667,0.03333333333333334,0.7039473684210527,0.18117008379230598,0.0,0.0,0.0,0.0,0.0,0.0,0.6666666666666666,0.33333333333333337,0.6666666666666666,0.33333333333333337,0.0,0.0,0.6666666666666666,0.33333333333333337,0.6666666666666666,0.33333333333333337,0.0,0.0
0.2,50,20,0.0001,0.01,0.0004,True,0.02384871080094573,3,0.0,0.0,1.0,0.0,0.0,0.0,0.0,0.0,0.0,0.0,0.0,0.0,0.0,0.0,0.0,0.0,0.0,0.0,0.0,0.0,0.0,0.0
0.2,50,20,0.0001,0.05,5e-05,True,0.1049501935691241,3,0.0,0.0,1.0,0.0,0.0,0.0,0.0,0.0,0.0,0.0,0.0,0.0,0.0,0.0,0.0,0.0,0.0,0.0,0.0,0.0,0.0,0.0
0.2,50,20,0.0001,0.05,0.0001,True,0.10497877466515133,3,0.0,0.0,1.0,0.0,0.0,0.0,0.0,0.0,0.0,0.0,0.0,0.0,0.0,0.0,0.0,0.0,0.0,0.0,0.0,0.0,0.0,0.0
0.2,50,20,0.0001,0.05,0.0004,True,0.10554877133437707,3,0.0,0.0,1.0,0.0,0.0,0.0,0.0,0.0,0.0,0.0,0.0,0.0,0.0,0.0,0.0,0.0,0.0,0.0,0.0,0.0,0.0,0.0
0.2,50,20,0.001,0.0,5e-05,True,0.0014143726524505486,3,0.013333333333333334,0.013333333333333334,0.0,0.0,0.0,0.0,0.0,0.0,0.0,0.0,0.3333333333333333,0.33333333333333337,0.3333333333333333,0.33333333333333337,0.0,0.0,0.3333333333333333,0.33333333333333337,0.3333333333333333,0.33333333333333337,0.0,0.0
0.2,50,20,0.001,0.0,0.0001,True,0.00282850667314044,3,0.06666666666666667,0.04055175020198814,0.0,0.0,0.0,0.0,0.0,0.0,0.0,0.0,0.6666666666666666,0.33333333333333337,0.6666666666666666,0.33333333333333337,0.0,0.0,0.6666666666666666,0.33333333333333337,0.6666666666666666,0.33333333333333337,0.0,0.0
0.2,50,20,0.001,0.0,0.0004,True,0.011313728386345501,3,0.0,0.0,1.0,0.0,0.0,0.0,0.0,0.0,0.0,0.0,0.0,0.0,0.0,0.0,0.0,0.0,0.0,0.0,0.0,0.0,0.0,0.0
0.2,50,20,0.001,0.01,5e-05,True,0.02104188696070639,3,0.0,0.0,1.0,0.0,0.0,0.0,0.0,0.0,0.0,0.0,0.0,0.0,0.0,0.0,0.0,0.0,0.0,0.0,0.0,0.0,0.0,0.0
0.2,50,20,0.001,0.01,0.0001,True,0.02118397995814633,3,0.0,0.0,1.0,0.0,0.0,0.0,0.0,0.0,0.0,0.0,0.0,0.0,0.0,0.0,0.0,0.0,0.0,0.0,0.0,0.0,0.0,0.0
0.2,50,20,0.001,0.01,0.0004,True,0.02384871080094573,3,0.0,0.0,1.0,0.0,0.0,0.0,0.0,0.0,0.0,0.0,0.0,0.0,0.0,0.0,0.0,0.0,0.0,0.0,0.0,0.0,0.0,0.0
0.2,50,20,0.001,0.05,5e-05,True,0.1049501935691241,3,0.0,0.0,1.0,0.0,0.0,0.0,0.0,0.0,0.0,0.0,0.0,0.0,0.0,0.0,0.0,0.0,0.0,0.0,0.0,0.0,0.0,0.0
0.2,50,20,0.001,0.05,0.0001,True,0.10497877466515133,3,0.0,0.0,1.0,0.0,0.0,0.0,0.0,0.0,0.0,0.0,0.0,0.0,0.0,0.0,0.0,0.0,0.0,0.0,0.0,0.0,0.0,0.0
0.2,50,20,0.001,0.05,0.0004,True,0.10554877133437707,3,0.0,0.0,1.0,0.0,0.0,0.0,0.0,0.0,0.0,0.0,0.0,0.0,0.0,0.0,0.0,0.0,0.0,0.0,0.0,0.0,0.0,0.0
0.2,50,20,0.01,0.0,5e-05,True,0.0014143726524505486,3,0.98,0.020000000000000018,0.006944444444444444,0.006944444444444445,0.0,0.0,0.0,0.0,0.0,0.0,1.0,0.0,1.0,0.0,0.0,0.0,1.0,0.0,1.0,0.0,0.0,0.0
0.2,50,20,0.01,0.0,0.0001,True,0.00282850667314044,3,0.8933333333333332,0.05456901847914968,0.05136876006441224,0.02657785470644122,0.0,0.0,0.0,0.0,0.0,0.0,1.0,0.0,1.0,0.0,0.0,0.0,1.0,0.0,1.0,0.0,0.0,0.0
0.2,50,20,0.01,0.0,0.0004,True,0.011313728386345501,3,0.0,0.0,1.0,0.0,0.0,0.0,0.0,0.0,0.0,0.0,0.0,0.0,0.0,0.0,0.0,0.0,0.0,0.0,0.0,0.0,0.0,0.0
0.2,50,20,0.01,0.01,5e-05,True,0.02104188696070639,3,0.0,0.0,1.0,0.0,0.0,0.0,0.0,0.0,0.0,0.0,0.0,0.0,0.0,0.0,0.0,0.0,0.0,0.0,0.0,0.0,0.0,0.0
0.2,50,20,0.01,0.01,0.0001,True,0.02118397995814633,3,0.02,0.02,0.9500000000000001,0.05000000000000001,0.0,0.0,0.0,0.0,0.0,0.0,0.3333333333333333,0.33333333333333337,0.3333333333333333,0.33333333333333337,0.0,0.0,0.3333333333333333,0.33333333333333337,0.3333333333333333,0.33333333333333337,0.0,0.0
0.2,50,20,0.01,0.01,0.0004,True,0.02384871080094573,3,0.0,0.0,1.0,0.0,0.0,0.0,0.0,0.0,0.0,0.0,0.0,0.0,0.0,0.0,0.0,0.0,0.0,0.0,0.0,0.0,0.0,0.0
0.2,50,20,0.01,0.05,5e-05,True,0.1049501935691241,3,0.0,0.0,1.0,0.0,0.0,0.0,0.0,0.0,0.0,0.0,0.0,0.0,0.0,0.0,0.0,0.0,0.0,0.0,0.0,0.0,0.0,0.0
0.2,50,20,0.01,0.05,0.0001,True,0.10497877466515133,3,0.0,0.0,1.0,0.0,0.0,0.0,0.0,0.0,0.0,0.0,0.0,0.0,0.0,0.0,0.0,0.0,0.0,0.0,0.0,0.0,0.0,0.0
0.2,50,20,0.01,0.05,0.0004,True,0.10554877133437707,3,0.0,0.0,1.0,0.0,0.0,0.0,0.0,0.0,0.0,0.0,0.0,0.0,0.0,0.0,0.0,0.0,0.0,0.0,0.0,0.0,0.0,0.0
0.2,50,20,0.1,0.0,5e-05,True,0.0014143726524505486,3,0.03333333333333333,0.03333333333333334,0.7619047619047619,0.2380952380952381,0.0,0.0,0.0,0.0,0.0,0.0,0.3222222222222222,0.32222222222222224,0.3333333333333333,0.33333333333333337,0.0,0.0,0.3222222222222222,0.32222222222222224,0.3333333333333333,0.33333333333333337,0.0,0.0
0.2,50,20,0.1,0.0,0.0001,True,0.00282850667314044,3,0.0,0.0,1.0,0.0,0.0,0.0,0.0,0.0,0.0,0.0,0.0,0.0,0.0,0.0,0.0,0.0,0.0,0.0,0.0,0.0,0.0,0.0
0.2,50,20,0.1,0.0,0.0004,True,0.011313728386345501,3,0.0,0.0,1.0,0.0,0.0,0.0,0.0,0.0,0.0,0.0,0.0,0.0,0.0,0.0,0.0,0.0,0.0,0.0,0.0,0.0,0.0,0.0
0.2,50,20,0.1,0.01,5e-05,True,0.02104188696070639,3,0.0,0.0,1.0,0.0,0.0,0.0,0.0,0.0,0.0,0.0,0.0,0.0,0.0,0.0,0.0,0.0,0.0,0.0,0.0,0.0,0.0,0.0
0.2,50,20,0.1,0.01,0.0001,True,0.02118397995814633,3,0.0,0.0,1.0,0.0,0.0,0.0,0.0,0.0,0.0,0.0,0.0,0.0,0.0,0.0,0.0,0.0,0.0,0.0,0.0,0.0,0.0,0.0
0.2,50,20,0.1,0.01,0.0004,True,0.02384871080094573,3,0.0,0.0,1.0,0.0,0.0,0.0,0.0,0.0,0.0,0.0,0.0,0.0,0.0,0.0,0.0,0.0,0.0,0.0,0.0,0.0,0.0,0.0
0.2,50,20,0.1,0.05,5e-05,True,0.1049501935691241,3,0.0,0.0,1.0,0.0,0.0,0.0,0.0,0.0,0.0,0.0,0.0,0.0,0.0,0.0,0.0,0.0,0.0,0.0,0.0,0.0,0.0,0.0
0.2,50,20,0.1,0.05,0.0001,True,0.10497877466515133,3,0.0,0.0,1.0,0.0,0.0,0.0,0.0,0.0,0.0,0.0,0.0,0.0,0.0,0.0,0.0,0.0,0.0,0.0,0.0,0.0,0.0,0.0
0.2,50,20,0.1,0.05,0.0004,True,0.10554877133437707,3,0.0,0.0,1.0,0.0,0.0,0.0,0.0,0.0,0.0,0.0,0.0,0.0,0.0,0.0,0.0,0.0,0.0,0.0,0.0,0.0,0.0,0.0
0.2,100,1,0.0001,0.0,5e-05,True,7.3824115301167e-05,3,0.9366666666666666,0.06333333333333331,0.0,0.0,0.0,0.0,0.0,0.0,0.0,0.0,1.0,0.0,0.977670781893004,0.0018574036577928682,0.0,0.0,1.0,0.0,0.977670781893004,0.0018574036577928682,0.0,0.0
0.2,100,1,0.0001,0.0,0.0001,True,0.00014300349646075093,3,0.91,0.015275252316519444,0.0,0.0,0.0,0.0,0.0,0.0,0.0,0.0,1.0,0.0,0.9273220088364721,0.006448073663738817,0.0,0.0,1.0,0.0,0.9273220088364721,0.006448073663738817,0.0,0.0
0.2,100,1,0.0001,0.0,0.0004,True,0.0005660830327787611,3,0.49333333333333335,0.014529663145135593,0.012955974842767295,0.006486225451247165,0.0,0.0,0.0,0.0,0.0,0.0,1.0,0.0,0.8253579500539988,0.014860947417823605,0.0,0.0,1.0,0.0,0.8253579500539988,0.014860947417823605,0.0,0.0
0.2,100,1,0.0001,0.01,5e-05,True,0.0010523204394088015,3,0.3066666666666667,0.014529663145135575,0.05168650793650794,0.010581648886014334,0.0,0.0,0.0,0.0,0.0,0.0,1.0,0.0,0.7366993669413026,0.016773487644302008,0.0,0.0,1.0,0.0,0.7366993669413026,0.016773487644302008,0.0,0.0
0.2,100,1,0.0001,0.01,0.0001,True,0.0010594235730799712,3,0.35000000000000003,0.03785938897200183,0.020634920634920634,0.010408632578257143,0.0,0.0,0.0,0.0,0.0,0.0,0.9971988795518207,0.002801120448179262,0.7624794745484403,0.03954469954389159,0.0,0.0,0.9971988795518207,0.002801120448179262,0.7624794745484403,0.03954469954389159,0.0,0.0
0.2,100,1,0.0001,0.01,0.0004,True,0.0011926350268198285,3,0.35666666666666663,0.01763834207376394,0.009259259259259259,0.009259259259259259,0.0,0.0,0.0,0.0,0.0,0.0,1.0,0.0,0.7501875901875904,0.009371114013876195,0.0,0.0,1.0,0.0,0.7501875901875904,0.009371114013876195,0.0,0.0
0.2,100,1,0.0001,0.05,5e-05,True,0.005249153951365971,3,0.18333333333333335,0.04255715111601235,0.4440852490421456,0.10558641023360854,0.0,0.0,0.0,0.0,0.0,0.0,0.996031746031746,0.003968253968253955,0.6981746031746031,0.030978723019507697,0.0,0.0,0.996031746031746,0.003968253968253955,0.6981746031746031,0.030978723019507697,0.0,0.0
0.2,100,1,0.0001,0.05,0.0001,True,0.00525058255864442,3,0.2233333333333333,0.017638342073763937,0.3242369935918323,0.07413023553175804,0.0,0.0,0.0,0.0,0.0,0.0,0.9840993788819876,0.007970987604482607,0.7587124332570557,0.025600543065221217,0.0,0.0,0.9840993788819876,0.007970987604482607,0.7587124332570557,0.025600543065221217,0.0,0.0
0.2,100,1,0.0001,0.05,0.0004,True,0.005279073517686696,3,0.17333333333333334,0.02027587510099406,0.4143745143745144,0.0596931321019971,0.0,0.0,0.0,0.0,0.0,0.0,0.9954648526077098,0.004535147392290218,0.6778011204481792,0.00965040876909713,0.0,0.0,0.9954648526077098,0.004535147392290218,0.6778011204481792,0.00965040876909713,0.0,0.0
0.2,100,1,0.001,0.0,5e-05,True,7.3824115301167e-05,3,0.9733333333333333,0.021858128414339983,0.0,0.0,0.0,0.0,0.0,0.0,0.0,0.0,1.0,0.0,1.0,0.0,0.0,0.0,1.0,0.0,1.0,0.0,0.0,0.0
0.2,100,1,0.001,0.0,0.0001,True,0.00014300349646075093,3,0.9233333333333333,0.07666666666666666,0.0,0.0,0.0,0.0,0.0,0.0,0.0,0.0,1.0,0.0,1.0,0.0,0.0,0.0,1.0,0.0,1.0,0.0,0.0,0.0
0.2,100,1,0.001,0.0,0.0004,True,0.0005660830327787611,3,0.9566666666666667,0.02962731472438529,0.014184397163120567,0.014184397163120567,0.0,0.0,0.0,0.0,0.0,0.0,1.0,0.0,0.9852096219931271,0.0026070133677428835,0.0,0.0,1.0,0.0,0.9852096219931271,0.0026070133677428835,0.0,0.0
0.2,100,1,0.001,0.01,5e-05,True,0.0010523204394088015,3,0.8933333333333334,0.020275875100994083,0.02565161956435122,0.007513363973109918,0.0,0.0,0.0,0.0,0.0,0.0,1.0,0.0,0.9416267924659065,0.005995980637474475,0.0,0.0,1.0,0.0,0.9416267924659065,0.005995980637474475,0.0,0.0
0.2,100,1,0.001,0.01,0.0001,True,0.0010594235730799712,3,0.9166666666666666,0.03844187531556932,0.0073937908496732015,0.0037173202614379087,0.0,0.0,0.0,0.0,0.0,0.0,1.0,0.0,0.9402422723475353,0.007262642055773197,0.0,0.0,1.0,0.0,0.9402422723475353,0.007262642055773197,0.0,0.0
0.2,100,1,0.001,0.01,0.0004,True,0.0011926350268198285,3,0.88,0.05567764362830021,0.003584229390681004,0.0035842293906810036,0.0,0.0,0.0,0.0,0.0,0.0,1.0,0.0,0.9513463500648854,0.0029924939984324835,0.0,0.0,1.0,0.0,0.9513463500648854,0.0029924939984324835,0.0,0.0
0.2,100,1,0.001,0.05,5e-05,True,0.005249153951365971,3,0.18333333333333335,0.035276684147527874,0.48055555555555557,0.05617707893376857,0.0,0.0,0.0,0.0,0.0,0.0,0.9682051282051282,0.00630036630036629,0.7855686274509804,0.010683953696538257,0.0,0.0,0.9682051282051282,0.00630036630036629,0.7855686274509804,0.010683953696538257,0.0,0.0
0.2,100,1,0.001,0.05,0.0001,True,0.00525058255864442,3,0.19666666666666668,0.06691619966628244,0.42555555555555563,0.05215125201200594,0.0,0.0,0.0,0.0,0.0,0.0,0.9931457431457432,0.003552979004976934,0.7645021645021646,0.01112351961690881,0.0,0.0,0.9931457431457432,0.003552979004976934,0.7645021645021646,0.01112351961690881,0.0,0.0
0.2,100,1,0.001,0.05,0.0004,True,0.005279073517686696,3,0.28,0.04509249752822895,0.22795550968925582,0.10677408659607304,0.0,0.0,0.0,0.0,0.0,0.0,0.9804672666514772,0.007752885776412955,0.8541666666666666,0.032542706982944404,0.0,0.0,0.9804672666514772,0.007752885776412955,0.8541666666666666,0.032542706982944404,0.0,0.0
0.2,100,1,0.01,0.0,5e-05,True,7.3824115301167e-05,3,0.9933333333333333,0.006666666666666672,0.0033670033670033673,0.0033670033670033677,0.0,0.0,0.0,0.0,0.0,0.0,1.0,0.0,1.0,0.0,0.0,0.0,1.0,0.0,1.0,0.0,0.0,0.0
0.2,100,1,0.01,0.0,0.0001,True,0.00014300349646075093,3,0.86,0.09609023536933049,0.023445505782462305,0.00670419410026354,0.0,0.0,0.0,0.0,0.0,0.0,1.0,0.0,1.0,0.0,0.0,0.0,1.0,0.0,1.0,0.0,0.0,0.0
0.2,100,1,0.01,0.0,0.0004,True,0.0005660830327787611,3,0.9066666666666666,0.08353309390761113,0.049878631273980116,0.044922860933636795,0.0,0.0,0.0,0.0,0.0,0.0,1.0,0.0,1.0,0.0,0.0,0.0,1.0,0.0,1.0,0.0,0.0,0.0
0.2,100,1,0.01,0.01,5e-05,True,0.0010523204394088015,3,0.6933333333333334,0.27672690107356346,0.13138184566755995,0.11616537090039511,0.0,0.0,0.0,0.0,0.0,0.0,1.0,0.0,1.0,0.0,0.0,0.0,1.0,0.0,1.0,0.0,0.0,0.0
0.2,100,1,0.01,0.01,0.0001,True,0.0010594235730799712,3,0.96,0.03055050463303893,0.02091086301612617,0.016126174020910863,0.0,0.0,0.0,0.0,0.0,0.0,1.0,0.0,1.0,0.0,0.0,0.0,1.0,0.0,1.0,0.0,0.0,0.0
0.2,100,1,0.01,0.01,0.0004,True,0.0011926350268198285,3,0.96,0.04,0.02127659574468085,0.02127659574468085,0.0,0.0,0.0,0.0,0.0,0.0,1.0,0.0,1.0,0.0,0.0,0.0,1.0,0.0,1.0,0.0,0.0,0.0
0.2,100,1,0.01,0.05,5e-05,True,0.005249153951365971,3,0.65,0.08,0.057200854700854696,0.01978878212943917,0.0,0.0,0.0,0.0,0.0,0.0,1.0,0.0,0.970641133165595,0.0057593570864602085,0.0,0.0,1.0,0.0,0.970641133165595,0.0057593570864602085,0.0,0.0
0.2,100,1,0.01,0.05,0.0001,True,0.00525058255864442,3,0.5733333333333334,0.06385748020222672,0.08538675598494157,0.01831255439962732,0.0,0.0,0.0,0.0,0.0,0.0,1.0,0.0,0.9801921354419041,0.0010161037766026446,0.0,0.0,1.0,0.0,0.9801921354419041,0.0010161037766026446,0.0,0.0
0.2,100,1,0.01,0.05,0.0004,True,0.005279073517686696,3,0.48,0.08144527815247077,0.08523581681476418,0.01953904876945801,0.0,0.0,0.0,0.0,0.0,0.0,1.0,0.0,0.9687093889716839,0.0025736066700997053,0.0,0.0,1.0,0.0,0.9687093889716839,0.0025736066700997053,0.0,0.0
0.2,100,1,0.1,0.0,5e-05,True,7.3824115301167e-05,3,0.0,0.0,1.0,0.0,0.0,0.0,0.0,0.0,0.0,0.0,0.0,0.0,0.0,0.0,0.0,0.0,0.0,0.0,0.0,0.0,0.0,0.0
0.2,100,1,0.1,0.0,0.0001,True,0.00014300349646075093,3,0.0,0.0,1.0,0.0,0.0,0.0,0.0,0.0,0.0,0.0,0.0,0.0,0.0,0.0,0.0,0.0,0.0,0.0,0.0,0.0,0.0,0.0
0.2,100,1,0.1,0.0,0.0004,True,0.0005660830327787611,3,0.0,0.0,1.0,0.0,0.0,0.0,0.0,0.0,0.0,0.0,0.0,0.0,0.0,0.0,0.0,0.0,0.0,0.0,0.0,0.0,0.0,0.0
0.2,100,1,0.1,0.01,5e-05,True,0.0010523204394088015,3,0.0,0.0,1.0,0.0,0.0,0.0,0.0,0.0,0.0,0.0,0.0,0.0,0.0,0.0,0.0,0.0,0.0,0.0,0.0,0.0,0.0,0.0
0.2,100,1,0.1,0.01,0.0001,True,0.0010594235730799712,3,0.0,0.0,1.0,0.0,0.0,0.0,0.0,0.0,0.0,0.0,0.0,0.0,0.0,0.0,0.0,0.0,0.0,0.0,0.0,0.0,0.0,0.0
0.2,100,1,0.1,0.01,0.0004,True,0.0011926350268198285,3,0.0,0.0,1.0,0.0,0.0,0.0,0.0,0.0,0.0,0.0,0.0,0.0,0.0,0.0,0.0,0.0,0.0,0.0,0.0,0.0,0.0,0.0
0.2,100,1,0.1,0.05,5e-05,True,0.005249153951365971,3,0.0,0.0,1.0,0.0,0.0,0.0,0.0,0.0,0.0,0.0,0.0,0.0,0.0,0.0,0.0,0.0,0.0,0.0,0.0,0.0,0.0,0.0
0.2,100,1,0.1,0.05,0.0001,True,0.00525058255864442,3,0.0,0.0,1.0,0.0,0.0,0.0,0.0,0.0,0.0,0.0,0.0,0.0,0.0,0.0,0.0,0.0,0.0,0.0,0.0,0.0,0.0,0.0
0.2,100,1,0.1,0.05,0.0004,True,0.005279073517686696,3,0.0,0.0,1.0,0.0,0.0,0.0,0.0,0.0,0.0,0.0,0.0,0.0,0.0,0.0,0.0,0.0,0.0,0.0,0.0,0.0,0.0,0.0
0.2,100,2,0.0001,0.0,5e-05,True,0.00014300349646075093,3,0.35333333333333333,0.026034165586355525,0.0,0.0,0.0,0.0,0.0,0.0,0.0,0.0,1.0,0.0,1.0,0.0,0.0,0.0,1.0,0.0,1.0,0.0,0.0,0.0
0.2,100,2,0.0001,0.0,0.0001,True,0.0002836370920736567,3,0.03,0.011547005383792516,0.0,0.0,0.0,0.0,0.0,0.0,0.0,0.0,1.0,0.0,1.0,0.0,0.0,0.0,1.0,0.0,1.0,0.0,0.0,0.0
0.2,100,2,0.0001,0.0,0.0004,True,0.0011315697062046156,3,0.0,0.0,0.6666666666666666,0.33333333333333337,0.0,0.0,0.0,0.0,0.0,0.0,0.0,0.0,0.0,0.0,0.0,0.0,0.0,0.0,0.0,0.0,0.0,0.0
0.2,100,2,0.0001,0.01,5e-05,True,0.0021043199422362056,3,0.023333333333333334,0.012018504251546632,0.5595238095238095,0.22619047619047622,0.0,0.0,0.0,0.0,0.0,0.0,0.6111111111111112,0.3056328494280906,0.6666666666666666,0.33333333333333337,0.0,0.0,0.6111111111111112,0.3056328494280906,0.6666666666666666,0.33333333333333337,0.0,0.0
0.2,100,2,0.0001,0.01,0.0001,True,0.0021185283616919053,3,0.006666666666666667,0.006666666666666667,0.9333333333333332,0.06666666666666667,0.0,0.0,0.0,0.0,0.0,0.0,0.28571428571428575,0.28571428571428575,0.3333333333333333,0.33333333333333337,0.0,0.0,0.28571428571428575,0.28571428571428575,0.3333333333333333,0.33333333333333337,0.0,0.0
0.2,100,2,0.0001,0.01,0.0004,True,0.002384986880318839,3,0.01,0.005773502691896258,0.8472222222222222,0.09722222222222224,0.0,0.0,0.0,0.0,0.0,0.0,0.6666666666666666,0.33333333333333337,0.6666666666666666,0.33333333333333337,0.0,0.0,0.6666666666666666,0.33333333333333337,0.6666666666666666,0.33333333333333337,0.0,0.0
0.2,100,2,0.0001,0.05,5e-05,True,0.01049821951042763,3,0.0033333333333333335,0.0033333333333333335,0.9666666666666667,0.033333333333333326,0.0,0.0,0.0,0.0,0.0,0.0,0.3333333333333333,0.33333333333333337,0.26666666666666666,0.2666666666666667,0.0,0.0,0.3333333333333333,0.33333333333333337,0.26666666666666666,0.2666666666666667,0.0,0.0
0.2,100,2,0.0001,0.05,0.0001,True,0.010501076749034994,3,0.03,0.017320508075688773,0.8939974457215837,0.05978048397685032,0.0,0.0,0.0,0.0,0.0,0.0,0.6666666666666666,0.33333333333333337,0.5777777777777778,0.29896942326830467,0.0,0.0,0.6666666666666666,0.33333333333333337,0.5777777777777778,0.29896942326830467,0.0,0.0
0.2,100,2,0.0001,0.05,0.0004,True,0.010558059144043631,3,0.03333333333333333,0.03333333333333334,0.8888888888888888,0.11111111111111113,0.0,0.0,0.0,0.0,0.0,0.0,0.3333333333333333,0.33333333333333337,0.3333333333333333,0.33333333333333337,0.0,0.0,0.3333333333333333,0.33333333333333337,0.3333333333333333,0.33333333333333337,0.0,0.0
0.2,100,2,0.001,0.0,5e-05,True,0.00014300349646075093,3,1.0,0.0,0.0,0.0,0.0,0.0,0.0,0.0,0.0,0.0,1.0,0.0,1.0,0.0,0.0,0.0,1.0,0.0,1.0,0.0,0.0,0.0
0.2,100,2,0.001,0.0,0.0001,True,0.0002836370920736567,3,0.9933333333333333,0.006666666666666672,0.0,0.0,0.0,0.0,0.0,0.0,0.0,0.0,1.0,0.0,1.0,0.0,0.0,0.0,1.0,0.0,1.0,0.0,0.0,0.0
0.2,100,2,0.001,0.0,0.0004,True,0.0011315697062046156,3,0.7766666666666667,0.03179797338056485,0.0044444444444444444,0.004444444444444445,0.0,0.0,0.0,0.0,0.0,0.0,1.0,0.0,1.0,0.0,0.0,0.0,1.0,0.0,1.0,0.0,0.0,0.0
0.2,100,2,0.001,0.01,5e-05,True,0.0021043199422362056,3,0.16,0.05131601439446885,0.20714285714285716,0.18271385755190162,0.0,0.0,0.0,0.0,0.0,0.0,0.9682539682539683,0.031746031746031744,1.0,0.0,0.0,0.0,0.9682539682539683,0.031746031746031744,1.0,0.0,0.0,0.0
0.2,100,2,0.001,0.01,0.0001,True,0.0021185283616919053,3,0.15,0.04041451884327381,0.24644688644688642,0.10092877334989261,0.0,0.0,0.0,0.0,0.0,0.0,0.9841269841269842,0.015873015873015855,1.0,0.0,0.0,0.0,0.9841269841269842,0.015873015873015855,1.0,0.0,0.0,0.0
0.2,100,2,0.001,0.01,0.0004,True,0.002384986880318839,3,0.10666666666666667,0.01855921454276674,0.3519736842105263,0.09058504189615299,0.0,0.0,0.0,0.0,0.0,0.0,0.9853479853479854,0.014652014652014636,1.0,0.0,0.0,0.0,0.9853479853479854,0.014652014652014636,1.0,0.0,0.0,0.0
0.2,100,2,0.001,0.05,5e-05,True,0.01049821951042763,3,0.0,0.0,1.0,0.0,0.0,0.0,0.0,0.0,0.0,0.0,0.0,0.0,0.0,0.0,0.0,0.0,0.0,0.0,0.0,0.0,0.0,0.0
0.2,100,2,0.001,0.05,0.0001,True,0.010501076749034994,3,0.0,0.0,1.0,0.0,0.0,0.0,0.0,0.0,0.0,0.0,0.0,0.0,0.0,0.0,0.0,0.0,0.0,0.0,0.0,0.0,0.0,0.0
0.2,100,2,0.001,0.05,0.0004,True,0.010558059144043631,3,0.0,0.0,1.0,0.0,0.0,0.0,0.0,0.0,0.0,0.0,0.0,0.0,0.0,0.0,0.0,0.0,0.0,0.0,0.0,0.0,0.0,0.0
0.2,100,2,0.01,0.0,5e-05,True,0.00014300349646075093,3,0.89,0.09073771725877468,0.0617046818727491,0.05183646964971152,0.0,0.0,0.0,0.0,0.0,0.0,1.0,0.0,1.0,0.0,0.0,0.0,1.0,0.0,1.0,0.0,0.0,0.0
0.2,100,2,0.01,0.0,0.0001,True,0.0002836370920736567,3,0.9666666666666667,0.033333333333333326,0.014184397163120567,0.014184397163120567,0.0,0.0,0.0,0.0,0.0,0.0,1.0,0.0,1.0,0.0,0.0,0.0,1.0,0.0,1.0,0.0,0.0,0.0
0.2,100,2,0.01,0.0,0.0004,True,0.0011315697062046156,3,0.9333333333333332,0.061734197258173765,0.0299625468164794,0.0299625468164794,0.0,0.0,0.0,0.0,0.0,0.0,1.0,0.0,1.0,0.0,0.0,0.0,1.0,0.0,1.0,0.0,0.0,0.0
0.2,100,2,0.01,0.01,5e-05,True,0.0021043199422362056,3,0.5733333333333334,0.2936172868056496,0.3688632079337759,0.31654754711826133,0.0,0.0,0.0,0.0,0.0,0.0,0.6666666666666666,0.33333333333333337,0.6666666666666666,0.33333333333333337,0.0,0.0,0.6666666666666666,0.33333333333333337,0.6666666666666666,0.33333333333333337,0.0,0.0
0.2,100,2,0.01,0.01,0.0001,True,0.0021185283616919053,3,0.9899999999999999,0.01000000000000001,0.003401360544217687,0.003401360544217687,0.0,0.0,0.0,0.0,0.0,0.0,1.0,0.0,1.0,0.0,0.0,0.0,1.0,0.0,1.0,0.0,0.0,0.0
0.2,100,2,0.01,0.01,0.0004,True,0.002384986880318839,3,0.61,0.30501366089625126,0.351063829787234,0.32448261797473543,0.0,0.0,0.0,0.0,0.0,0.0,0.6666666666666666,0.33333333333333337,0.6666666666666666,0.33333333333333337,0.0,0.0,0.6666666666666666,0.33333333333333337,0.6666666666666666,0.33333333333333337,0.0,0.0
0.2,100,2,0.01,0.05,5e-05,True,0.01049821951042763,3,0.08333333333333333,0.046666666666666676,0.29074074074074074,0.10668659793210428,0.0,0.0,0.0,0.0,0.0,0.0,1.0,0.0,1.0,0.0,0.0,0.0,1.0,0.0,1.0,0.0,0.0,0.0
0.2,100,2,0.01,0.05,0.0001,True,0.010501076749034994,3,0.06333333333333334,0.0338296385503074,0.24603174603174605,0.0873015873015873,0.0,0.0,0.0,0.0,0.0,0.0,1.0,0.0,1.0,0.0,0.0,0.0,1.0,0.0,1.0,0.0,0.0,0.0
0.2,100,2,0.01,0.05,0.0004,True,0.010558059144043631,3,0.09333333333333334,0.02027587510099407,0.10476190476190476,0.020756661635907968,0.0,0.0,0.0,0.0,0.0,0.0,1.0,0.0,1.0,0.0,0.0,0.0,1.0,0.0,1.0,0.0,0.0,0.0
0.2,100,2,0.1,0.0,5e-05,True,0.00014300349646075093,3,0.0,0.0,1.0,0.0,0.0,0.0,0.0,0.0,0.0,0.0,0.0,0.0,0.0,0.0,0.0,0.0,0.0,0.0,0.0,0.0,0.0,0.0
0.2,100,2,0.1,0.0,0.0001,True,0.0002836370920736567,3,0.0,0.0,1.0,0.0,0.0,0.0,0.0,0.0,0.0,0.0,0.0,0.0,0.0,0.0,0.0,0.0,0.0,0.0,0.0,0.0,0.0,0.0
0.2,100,2,0.1,0.0,0.0004,True,0.0011315697062046156,3,0.0,0.0,1.0,0.0,0.0,0.0,0.0,0.0,0.0,0.0,0.0,0.0,0.0,0.0,0.0,0.0,0.0,0.0,0.0,0.0,0.0,0.0
0.2,100,2,0.1,0.01,5e-05,True,0.0021043199422362056,3,0.0,0.0,1.0,0.0,0.0,0.0,0.0,0.0,0.0,0.0,0.0,0.0,0.0,0.0,0.0,0.0,0.0,0.0,0.0,0.0,0.0,0.0
0.2,100,2,0.1,0.01,0.0001,True,0.0021185283616919053,3,0.0,0.0,1.0,0.0,0.0,0.0,0.0,0.0,0.0,0.0,0.0,0.0,0.0,0.0,0.0,0.0,0.0,0.0,0.0,0.0,0.0,0.0
0.2,100,2,0.1,0.01,0.0004,True,0.002384986880318839,3,0.0,0.0,1.0,0.0,0.0,0.0,0.0,0.0,0.0,0.0,0.0,0.0,0.0,0.0,0.0,0.0,0.0,0.0,0.0,0.0,0.0,0.0
0.2,100,2,0.1,0.05,5e-05,True,0.01049821951042763,3,0.0,0.0,1.0,0.0,0.0,0.0,0.0,0.0,0.0,0.0,0.0,0.0,0.0,0.0,0.0,0.0,0.0,0.0,0.0,0.0,0.0,0.0
0.2,100,2,0.1,0.05,0.0001,True,0.010501076749034994,3,0.0,0.0,1.0,0.0,0.0,0.0,0.0,0.0,0.0,0.0,0.0,0.0,0.0,0.0,0.0,0.0,0.0,0.0,0.0,0.0,0.0,0.0
0.2,100,2,0.1,0.05,0.0004,True,0.010558059144043631,3,0.0,0.0,1.0,0.0,0.0,0.0,0.0,0.0,0.0,0.0,0.0,0.0,0.0,0.0,0.0,0.0,0.0,0.0,0.0,0.0,0.0,0.0
0.2,100,3,0.0001,0.0,5e-05,True,0.00021319005605327846,3,0.01,0.01,0.0,0.0,0.0,0.0,0.0,0.0,0.0,0.0,0.3333333333333333,0.33333333333333337,0.3333333333333333,0.33333333333333337,0.0,0.0,0.3333333333333333,0.33333333333333337,0.3333333333333333,0.33333333333333337,0.0,0.0
0.2,100,3,0.0001,0.0,0.0001,True,0.0004247940677551889,3,0.013333333333333334,0.013333333333333334,0.0,0.0,0.0,0.0,0.0,0.0,0.0,0.0,0.3333333333333333,0.33333333333333337,0.3333333333333333,0.33333333333333337,0.0,0.0,0.3333333333333333,0.33333333333333337,0.3333333333333333,0.33333333333333337,0.0,0.0
0.2,100,3,0.0001,0.0,0.0004,True,0.0016971888521905864,3,0.0,0.0,1.0,0.0,0.0,0.0,0.0,0.0,0.0,0.0,0.0,0.0,0.0,0.0,0.0,0.0,0.0,0.0,0.0,0.0,0.0,0.0
0.2,100,3,0.0001,0.01,5e-05,True,0.003156390328808629,3,0.05333333333333334,0.05333333333333334,0.7333333333333334,0.2666666666666667,0.0,0.0,0.0,0.0,0.0,0.0,0.3333333333333333,0.33333333333333337,0.3333333333333333,0.33333333333333337,0.0,0.0,0.3333333333333333,0.33333333333333337,0.3333333333333333,0.33333333333333337,0.0,0.0
0.2,100,3,0.0001,0.01,0.0001,True,0.0031777035588293387,3,0.0,0.0,1.0,0.0,0.0,0.0,0.0,0.0,0.0,0.0,0.0,0.0,0.0,0.0,0.0,0.0,0.0,0.0,0.0,0.0,0.0,0.0
0.2,100,3,0.0001,0.01,0.0004,True,0.00357740127855356,3,0.06999999999999999,0.07,0.7200000000000001,0.28,0.0,0.0,0.0,0.0,0.0,0.0,0.3333333333333333,0.33333333333333337,0.3333333333333333,0.33333333333333337,0.0,0.0,0.3333333333333333,0.33333333333333337,0.3333333333333333,0.33333333333333337,0.0,0.0
0.2,100,3,0.0001,0.05,5e-05,True,0.015747251165976188,3,0.0,0.0,1.0,0.0,0.0,0.0,0.0,0.0,0.0,0.0,0.0,0.0,0.0,0.0,0.0,0.0,0.0,0.0,0.0,0.0,0.0,0.0
0.2,100,3,0.0001,0.05,0.0001,True,0.015751537045137484,3,0.0,0.0,1.0,0.0,0.0,0.0,0.0,0.0,0.0,0.0,0.0,0.0,0.0,0.0,0.0,0.0,0.0,0.0,0.0,0.0,0.0,0.0
0.2,100,3,0.0001,0.05,0.0004,True,0.015837011059045784,3,0.006666666666666667,0.0033333333333333335,0.9107142857142857,0.04493949068613543,0.0,0.0,0.0,0.0,0.0,0.0,0.6666666666666666,0.33333333333333337,0.6666666666666666,0.33333333333333337,0.0,0.0,0.6666666666666666,0.33333333333333337,0.6666666666666666,0.33333333333333337,0.0,0.0
0.2,100,3,0.001,0.0,5e-05,True,0.00021319005605327846,3,0.9966666666666667,0.003333333333333336,0.0,0.0,0.0,0.0,0.0,0.0,0.0,0.0,1.0,0.0,1.0,0.0,0.0,0.0,1.0,0.0,1.0,0.0,0.0,0.0
0.2,100,3,0.001,0.0,0.0001,True,0.0004247940677551889,3,0.98,0.020000000000000018,0.006944444444444444,0.006944444444444445,0.0,0.0,0.0,0.0,0.0,0.0,1.0,0.0,1.0,0.0,0.0,0.0,1.0,0.0,1.0,0.0,0.0,0.0
0.2,100,3,0.001,0.0,0.0004,True,0.0016971888521905864,3,0.14333333333333334,0.07310570733153769,0.3466666666666667,0.32687068459016705,0.0,0.0,0.0,0.0,0.0,0.0,0.6666666666666666,0.33333333333333337,0.6666666666666666,0.33333333333333337,0.0,0.0,0.6666666666666666,0.33333333333333337,0.6666666666666666,0.33333333333333337,0.0,0.0
0.2,100,3,0.001,0.01,5e-05,True,0.003156390328808629,3,0.006666666666666667,0.006666666666666667,0.9444444444444445,0.055555555555555546,0.0,0.0,0.0,0.0,0.0,0.0,0.3333333333333333,0.33333333333333337,0.3333333333333333,0.33333333333333337,0.0,0.0,0.3333333333333333,0.33333333333333337,0.3333333333333333,0.33333333333333337,0.0,0.0
0.2,100,3,0.001,0.01,0.0001,True,0.0031777035588293387,3,0.0,0.0,1.0,0.0,0.0,0.0,0.0,0.0,0.0,0.0,0.0,0.0,0.0,0.0,0.0,0.0,0.0,0.0,0.0,0.0,0.0,0.0
0.2,100,3,0.001,0.01,0.0004,True,0.00357740127855356,3,0.0,0.0,1.0,0.0,0.0,0.0,0.0,0.0,0.0,0.0,0.0,0.0,0.0,0.0,0.0,0.0,0.0,0.0,0.0,0.0,0.0,0.0
0.2,100,3,0.001,0.05,5e-05,True,0.015747251165976188,3,0.0,0.0,1.0,0.0,0.0,0.0,0.0,0.0,0.0,0.0,0.0,0.0,0.0,0.0,0.0,0.0,0.0,0.0,0.0,0.0,0.0,0.0
0.2,100,3,0.001,0.05,0.0001,True,0.015751537045137484,3,0.0,0.0,1.0,0.0,0.0,0.0,0.0,0.0,0.0,0.0,0.0,0.0,0.0,0.0,0.0,0.0,0.0,0.0,0.0,0.0,0.0,0.0
0.2,100,3,0.001,0.05,0.0004,True,0.015837011059045784,3,0.006666666666666667,0.006666666666666667,0.9393939393939394,0.060606060606060594,0.0,0.0,0.0,0.0,0.0,0.0,0.3333333333333333,0.33333333333333337,0.3333333333333333,0.33333333333333337,0.0,0.0,0.3333333333333333,0.33333333333333337,0.3333333333333333,0.33333333333333337,0.0,0.0
0.2,100,3,0.01,0.0,5e-05,True,0.00021319005605327846,3,0.9033333333333333,0.041766546953805564,0.04339935904861192,0.017875636954238352,0.0,0.0,0.0,0.0,0.0,0.0,1.0,0.0,1.0,0.0,0.0,0.0,1.0,0.0,1.0,0.0,0.0,0.0
0.2,100,3,0.01,0.0,0.0001,True,0.0004247940677551889,3,0.9199999999999999,0.08,0.0,0.0,0.0,0.0,0.0,0.0,0.0,0.0,1.0,0.0,1.0,0.0,0.0,0.0,1.0,0.0,1.0,0.0,0.0,0.0
0.2,100,3,0.01,0.0,0.0004,True,0.0016971888521905864,3,0.9633333333333334,0.020275875100994052,0.01721938775510204,0.009160910470414644,0.0,0.0,0.0,0.0,0.0,0.0,1.0,0.0,1.0,0.0,0.0,0.0,1.0,0.0,1.0,0.0,0.0,0.0
0.2,100,3,0.01,0.01,5e-05,True,0.003156390328808629,3,0.82,0.055677643628300244,0.03828415246886303,0.005459156963621627,0.0,0.0,0.0,0.0,0.0,0.0,1.0,0.0,1.0,0.0,0.0,0.0,1.0,0.0,1.0,0.0,0.0,0.0
0.2,100,3,0.01,0.01,0.0001,True,0.0031777035588293387,3,0.65,0.19553345834749955,0.08699989302524604,0.03664765621489074,0.0,0.0,0.0,0.0,0.0,0.0,1.0,0.0,1.0,0.0,0.0,0.0,1.0,0.0,1.0,0.0,0.0,0.0
0.2,100,3,0.01,0.01,0.0004,True,0.00357740127855356,3,0.7200000000000001,0.05131601439446885,0.08245798319327731,0.01608423904958528,0.0,0.0,0.0,0.0,0.0,0.0,1.0,0.0,1.0,0.0,0.0,0.0,1.0,0.0,1.0,0.0,0.0,0.0
0.2,100,3,0.01,0.05,5e-05,True,0.015747251165976188,3,0.01,0.01,0.8571428571428571,0.14285714285714288,0.0,0.0,0.0,0.0,0.0,0.0,0.3333333333333333,0.33333333333333337,0.3333333333333333,0.33333333333333337,0.0,0.0,0.3333333333333333,0.33333333333333337,0.3333333333333333,0.33333333333333337,0.0,0.0
0.2,100,3,0.01,0.05,0.0001,True,0.015751537045137484,3,0.0,0.0,1.0,0.0,0.0,0.0,0.0,0.0,0.0,0.0,0.0,0.0,0.0,0.0,0.0,0.0,0.0,0.0,0.0,0.0,0.0,0.0
0.2,100,3,0.01,0.05,0.0004,True,0.015837011059045784,3,0.0,0.0,1.0,0.0,0.0,0.0,0.0,0.0,0.0,0.0,0.0,0.0,0.0,0.0,0.0,0.0,0.0,0.0,0.0,0.0,0.0,0.0
0.2,100,3,0.1,0.0,5e-05,True,0.00021319005605327846,3,0.0,0.0,1.0,0.0,0.0,0.0,0.0,0.0,0.0,0.0,0.0,0.0,0.0,0.0,0.0,0.0,0.0,0.0,0.0,0.0,0.0,0.0
0.2,100,3,0.1,0.0,0.0001,True,0.0004247940677551889,3,0.0,0.0,1.0,0.0,0.0,0.0,0.0,0.0,0.0,0.0,0.0,0.0,0.0,0.0,0.0,0.0,0.0,0.0,0.0,0.0,0.0,0.0
0.2,100,3,0.1,0.0,0.0004,True,0.0016971888521905864,3,0.0,0.0,1.0,0.0,0.0,0.0,0.0,0.0,0.0,0.0,0.0,0.0,0.0,0.0,0.0,0.0,0.0,0.0,0.0,0.0,0.0,0.0
0.2,100,3,0.1,0.01,5e-05,True,0.003156390328808629,3,0.0,0.0,1.0,0.0,0.0,0.0,0.0,0.0,0.0,0.0,0.0,0.0,0.0,0.0,0.0,0.0,0.0,0.0,0.0,0.0,0.0,0.0
0.2,100,3,0.1,0.01,0.0001,True,0.0031777035588293387,3,0.0,0.0,1.0,0.0,0.0,0.0,0.0,0.0,0.0,0.0,0.0,0.0,0.0,0.0,0.0,0.0,0.0,0.0,0.0,0.0,0.0,0.0
0.2,100,3,0.1,0.01,0.0004,True,0.00357740127855356,3,0.0,0.0,1.0,0.0,0.0,0.0,0.0,0.0,0.0,0.0,0.0,0.0,0.0,0.0,0.0,0.0,0.0,0.0,0.0,0.0,0.0,0.0
0.2,100,3,0.1,0.05,5e-05,True,0.015747251165976188,3,0.0,0.0,1.0,0.0,0.0,0.0,0.0,0.0,0.0,0.0,0.0,0.0,0.0,0.0,0.0,0.0,0.0,0.0,0.0,0.0,0.0,0.0
0.2,100,3,0.1,0.05,0.0001,True,0.015751537045137484,3,0.0,0.0,1.0,0.0,0.0,0.0,0.0,0.0,0.0,0.0,0.0,0.0,0.0,0.0,0.0,0.0,0.0,0.0,0.0,0.0,0.0,0.0
0.2,100,3,0.1,0.05,0.0004,True,0.015837011059045784,3,0.0,0.0,1.0,0.0,0.0,0.0,0.0,0.0,0.0,0.0,0.0,0.0,0.0,0.0,0.0,0.0,0.0,0.0,0.0,0.0,0.0,0.0
0.2,100,5,0.0001,0.0,5e-05,True,0.00035418921496849676,3,0.0,0.0,0.3333333333333333,0.33333333333333337,0.0,0.0,0.0,0.0,0.0,0.0,0.0,0.0,0.0,0.0,0.0,0.0,0.0,0.0,0.0,0.0,0.0,0.0
0.2,100,5,0.0001,0.0,0.0001,True,0.0007074249076757193,3,0.04,0.04,0.3333333333333333,0.33333333333333337,0.0,0.0,0.0,0.0,0.0,0.0,0.3333333333333333,0.33333333333333337,0.3333333333333333,0.33333333333333337,0.0,0.0,0.3333333333333333,0.33333333333333337,0.3333333333333333,0.33333333333333337,0.0,0.0
0.2,100,5,0.0001,0.0,0.0004,True,0.00282850667314044,3,0.03333333333333333,0.03333333333333334,0.6969696969696969,0.30303030303030304,0.0,0.0,0.0,0.0,0.0,0.0,0.3333333333333333,0.33333333333333337,0.3333333333333333,0.33333333333333337,0.0,0.0,0.3333333333333333,0.33333333333333337,0.3333333333333333,0.33333333333333337,0.0,0.0
0.2,100,5,0.0001,0.01,5e-05,True,0.0052605719465796666,3,0.04,0.04,0.8333333333333334,0.16666666666666666,0.0,0.0,0.0,0.0,0.0,0.0,0.3333333333333333,0.33333333333333337,0.3333333333333333,0.33333333333333337,0.0,0.0,0.3333333333333333,0.33333333333333337,0.3333333333333333,0.33333333333333337,0.0,0.0
0.2,100,5,0.0001,0.01,0.0001,True,0.005296094523811011,3,0.0,0.0,1.0,0.0,0.0,0.0,0.0,0.0,0.0,0.0,0.0,0.0,0.0,0.0,0.0,0.0,0.0,0.0,0.0,0.0,0.0,0.0
0.2,100,5,0.0001,0.01,0.0004,True,0.005962266113244274,3,0.043333333333333335,0.04333333333333334,0.8266666666666667,0.17333333333333337,0.0,0.0,0.0,0.0,0.0,0.0,0.3333333333333333,0.33333333333333337,0.3333333333333333,0.33333333333333337,0.0,0.0,0.3333333333333333,0.33333333333333337,0.3333333333333333,0.33333333333333337,0.0,0.0
0.2,100,5,0.0001,0.05,5e-05,True,0.026245082101060847,3,0.0,0.0,1.0,0.0,0.0,0.0,0.0,0.0,0.0,0.0,0.0,0.0,0.0,0.0,0.0,0.0,0.0,0.0,0.0,0.0,0.0,0.0
0.2,100,5,0.0001,0.05,0.0001,True,0.02625222532455914,3,0.0033333333333333335,0.0033333333333333335,0.8333333333333334,0.16666666666666666,0.0,0.0,0.0,0.0,0.0,0.0,0.3333333333333333,0.33333333333333337,0.3333333333333333,0.33333333333333337,0.0,0.0,0.3333333333333333,0.33333333333333337,0.3333333333333333,0.33333333333333337,0.0,0.0
0.2,100,5,0.0001,0.05,0.0004,True,0.02639468383010913,3,0.0,0.0,1.0,0.0,0.0,0.0,0.0,0.0,0.0,0.0,0.0,0.0,0.0,0.0,0.0,0.0,0.0,0.0,0.0,0.0,0.0,0.0
0.2,100,5,0.001,0.0,5e-05,True,0.00035418921496849676,3,0.9899999999999999,0.005773502691896263,0.0033670033670033673,0.0033670033670033677,0.0,0.0,0.0,0.0,0.0,0.0,1.0,0.0,1.0,0.0,0.0,0.0,1.0,0.0,1.0,0.0,0.0,0.0
0.2,100,5,0.001,0.0,0.0001,True,0.0007074249076757193,3,0.98,0.010000000000000009,0.006802721088435374,0.003401360544217687,0.0,0.0,0.0,0.0,0.0,0.0,1.0,0.0,1.0,0.0,0.0,0.0,1.0,0.0,1.0,0.0,0.0,0.0
0.2,100,5,0.001,0.0,0.0004,True,0.00282850667314044,3,0.016666666666666666,0.01666666666666667,0.8333333333333334,0.16666666666666666,0.0,0.0,0.0,0.0,0.0,0.0,0.3333333333333333,0.33333333333333337,0.3333333333333333,0.33333333333333337,0.0,0.0,0.3333333333333333,0.33333333333333337,0.3333333333333333,0.33333333333333337,0.0,0.0
0.2,100,5,0.001,0.01,5e-05,True,0.0052605719465796666,3,0.0,0.0,1.0,0.0,0.0,0.0,0.0,0.0,0.0,0.0,0.0,0.0,0.0,0.0,0.0,0.0,0.0,0.0,0.0,0.0,0.0,0.0
0.2,100,5,0.001,0.01,0.0001,True,0.005296094523811011,3,0.0,0.0,1.0,0.0,0.0,0.0,0.0,0.0,0.0,0.0,0.0,0.0,0.0,0.0,0.0,0.0,0.0,0.0,0.0,0.0,0.0,0.0
0.2,100,5,0.001,0.01,0.0004,True,0.005962266113244274,3,0.006666666666666667,0.006666666666666667,0.9682539682539683,0.031746031746031744,0.0,0.0,0.0,0.0,0.0,0.0,0.3333333333333333,0.33333333333333337,0.3333333333333333,0.33333333333333337,0.0,0.0,0.3333333333333333,0.33333333333333337,0.3333333333333333,0.33333333333333337,0.0,0.0
0.2,100,5,0.001,0.05,5e-05,True,0.026245082101060847,3,0.0,0.0,1.0,0.0,0.0,0.0,0.0,0.0,0.0,0.0,0.0,0.0,0.0,0.0,0.0,0.0,0.0,0.0,0.0,0.0,0.0,0.0
0.2,100,5,0.001,0.05,0.0001,True,0.02625222532455914,3,0.0,0.0,1.0,0.0,0.0,0.0,0.0,0.0,0.0,0.0,0.0,0.0,0.0,0.0,0.0,0.0,0.0,0.0,0.0,0.0,0.0,0.0
0.2,100,5,0.001,0.05,0.0004,True,0.02639468383010913,3,0.0,0.0,1.0,0.0,0.0,0.0,0.0,0.0,0.0,0.0,0.0,0.0,0.0,0.0,0.0,0.0,0.0,0.0,0.0,0.0,0.0,0.0
0.2,100,5,0.01,0.0,5e-05,True,0.00035418921496849676,3,0.9433333333333334,0.02728450923957482,0.01016972445543874,0.005891429459045458,0.0,0.0,0.0,0.0,0.0,0.0,1.0,0.0,1.0,0.0,0.0,0.0,1.0,0.0,1.0,0.0,0.0,0.0
0.2,100,5,0.01,0.0,0.0001,True,0.0007074249076757193,3,0.9433333333333334,0.0348010216963685,0.0,0.0,0.0,0.0,0.0,0.0,0.0,0.0,1.0,0.0,1.0,0.0,0.0,0.0,1.0,0.0,1.0,0.0,0.0,0.0
0.2,100,5,0.01,0.0,0.0004,True,0.00282850667314044,3,0.84,0.026457513110645904,0.05981024970351515,0.004135717210352162,0.0,0.0,0.0,0.0,0.0,0.0,1.0,0.0,1.0,0.0,0.0,0.0,1.0,0.0,1.0,0.0,0.0,0.0
0.2,100,5,0.01,0.01,5e-05,True,0.0052605719465796666,3,0.32666666666666666,0.2167435760934515,0.10603452772127471,0.018508787874112614,0.0,0.0,0.0,0.0,0.0,0.0,1.0,0.0,1.0,0.0,0.0,0.0,1.0,0.0,1.0,0.0,0.0,0.0
0.2,100,5,0.01,0.01,0.0001,True,0.005296094523811011,3,0.4566666666666667,0.08819171036881969,0.13861051883439943,0.016488380515523572,0.0,0.0,0.0,0.0,0.0,0.0,1.0,0.0,1.0,0.0,0.0,0.0,1.0,0.0,1.0,0.0,0.0,0.0
0.2,100,5,0.01,0.01,0.0004,True,0.005962266113244274,3,0.64,0.09504384952922167,0.09473703187346762,0.020924994539704176,0.0,0.0,0.0,0.0,0.0,0.0,1.0,0.0,1.0,0.0,0.0,0.0,1.0,0.0,1.0,0.0,0.0,0.0
0.2,100,5,0.01,0.05,5e-05,True,0.026245082101060847,3,0.0,0.0,1.0,0.0,0.0,0.0,0.0,0.0,0.0,0.0,0.0,0.0,0.0,0.0,0.0,0.0,0.0,0.0,0.0,0.0,0.0,0.0
0.2,100,5,0.01,0.05,0.0001,True,0.02625222532455914,3,0.0,0.0,1.0,0.0,0.0,0.0,0.0,0.0,0.0,0.0,0.0,0.0,0.0,0.0,0.0,0.0,0.0,0.0,0.0,0.0,0.0,0.0
0.2,100,5,0.01,0.05,0.0004,True,0.02639468383010913,3,0.0,0.0,1.0,0.0,0.0,0.0,0.0,0.0,0.0,0.0,0.0,0.0,0.0,0.0,0.0,0.0,0.0,0.0,0.0,0.0,0.0,0.0
0.2,100,5,0.1,0.0,5e-05,True,0.00035418921496849676,3,0.0,0.0,1.0,0.0,0.0,0.0,0.0,0.0,0.0,0.0,0.0,0.0,0.0,0.0,0.0,0.0,0.0,0.0,0.0,0.0,0.0,0.0
0.2,100,5,0.1,0.0,0.0001,True,0.0007074249076757193,3,0.0,0.0,1.0,0.0,0.0,0.0,0.0,0.0,0.0,0.0,0.0,0.0,0.0,0.0,0.0,0.0,0.0,0.0,0.0,0.0,0.0,0.0
0.2,100,5,0.1,0.0,0.0004,True,0.00282850667314044,3,0.0,0.0,1.0,0.0,0.0,0.0,0.0,0.0,0.0,0.0,0.0,0.0,0.0,0.0,0.0,0.0,0.0,0.0,0.0,0.0,0.0,0.0
0.2,100,5,0.1,0.01,5e-05,True,0.0052605719465796666,3,0.0,0.0,1.0,0.0,0.0,0.0,0.0,0.0,0.0,0.0,0.0,0.0,0.0,0.0,0.0,0.0,0.0,0.0,0.0,0.0,0.0,0.0
0.2,100,5,0.1,0.01,0.0001,True,0.005296094523811011,3,0.0,0.0,1.0,0.0,0.0,0.0,0.0,0.0,0.0,0.0,0.0,0.0,0.0,0.0,0.0,0.0,0.0,0.0,0.0,0.0,0.0,0.0
0.2,100,5,0.1,0.01,0.0004,True,0.005962266113244274,3,0.0,0.0,1.0,0.0,0.0,0.0,0.0,0.0,0.0,0.0,0.0,0.0,0.0,0.0,0.0,0.0,0.0,0.0,0.0,0.0,0.0,0.0
0.2,100,5,0.1,0.05,5e-05,True,0.026245082101060847,3,0.0,0.0,1.0,0.0,0.0,0.0,0.0,0.0,0.0,0.0,0.0,0.0,0.0,0.0,0.0,0.0,0.0,0.0,0.0,0.0,0.0,0.0
0.2,100,5,0.1,0.05,0.0001,True,0.02625222532455914,3,0.0,0.0,1.0,0.0,0.0,0.0,0.0,0.0,0.0,0.0,0.0,0.0,0.0,0.0,0.0,0.0,0.0,0.0,0.0,0.0,0.0,0.0
0.2,100,5,0.1,0.05,0.0004,True,0.02639468383010913,3,0.0,0.0,1.0,0.0,0.0,0.0,0.0,0.0,0.0,0.0,0.0,0.0,0.0,0.0,0.0,0.0,0.0,0.0,0.0,0.0,0.0,0.0
0.2,100,10,0.0001,0.0,5e-05,True,0.0007074249076757193,3,0.06,0.060000000000000005,0.0,0.0,0.0,0.0,0.0,0.0,0.0,0.0,0.3333333333333333,0.33333333333333337,0.3333333333333333,0.33333333333333337,0.0,0.0,0.3333333333333333,0.33333333333333337,0.3333333333333333,0.33333333333333337,0.0,0.0
0.2,100,10,0.0001,0.0,0.0001,True,0.0014143726524505486,3,0.03333333333333333,0.03333333333333334,0.3636363636363636,0.3192622349349315,0.0,0.0,0.0,0.0,0.0,0.0,0.3333333333333333,0.33333333333333337,0.3333333333333333,0.33333333333333337,0.0,0.0,0.3333333333333333,0.33333333333333337,0.3333333333333333,0.33333333333333337,0.0,0.0
0.2,100,10,0.0001,0.0,0.0004,True,0.005656894024108989,3,0.0,0.0,1.0,0.0,0.0,0.0,0.0,0.0,0.0,0.0,0.0,0.0,0.0,0.0,0.0,0.0,0.0,0.0,0.0,0.0,0.0,0.0
0.2,100,10,0.0001,0.01,5e-05,True,0.010521055692710848,3,0.0,0.0,1.0,0.0,0.0,0.0,0.0,0.0,0.0,0.0,0.0,0.0,0.0,0.0,0.0,0.0,0.0,0.0,0.0,0.0,0.0,0.0
0.2,100,10,0.0001,0.01,0.0001,True,0.010592101438766688,3,0.0,0.0,1.0,0.0,0.0,0.0,0.0,0.0,0.0,0.0,0.0,0.0,0.0,0.0,0.0,0.0,0.0,0.0,0.0,0.0,0.0,0.0
0.2,100,10,0.0001,0.01,0.0004,True,0.011924454406350142,3,0.0,0.0,1.0,0.0,0.0,0.0,0.0,0.0,0.0,0.0,0.0,0.0,0.0,0.0,0.0,0.0,0.0,0.0,0.0,0.0,0.0,0.0
0.2,100,10,0.0001,0.05,5e-05,True,0.05248713983049625,3,0.0,0.0,1.0,0.0,0.0,0.0,0.0,0.0,0.0,0.0,0.0,0.0,0.0,0.0,0.0,0.0,0.0,0.0,0.0,0.0,0.0,0.0
0.2,100,10,0.0001,0.05,0.0001,True,0.052501427100470954,3,0.0,0.0,1.0,0.0,0.0,0.0,0.0,0.0,0.0,0.0,0.0,0.0,0.0,0.0,0.0,0.0,0.0,0.0,0.0,0.0,0.0,0.0
0.2,100,10,0.0001,0.05,0.0004,True,0.05278636043132796,3,0.0,0.0,1.0,0.0,0.0,0.0,0.0,0.0,0.0,0.0,0.0,0.0,0.0,0.0,0.0,0.0,0.0,0.0,0.0,0.0,0.0,0.0
0.2,100,10,0.001,0.0,5e-05,True,0.0007074249076757193,3,0.9766666666666667,0.023333333333333317,0.0,0.0,0.0,0.0,0.0,0.0,0.0,0.0,1.0,0.0,1.0,0.0,0.0,0.0,1.0,0.0,1.0,0.0,0.0,0.0
0.2,100,10,0.001,0.0,0.0001,True,0.0014143726524505486,3,0.0033333333333333335,0.0033333333333333335,0.5,0.2886751345948129,0.0,0.0,0.0,0.0,0.0,0.0,0.3333333333333333,0.33333333333333337,0.3333333333333333,0.33333333333333337,0.0,0.0,0.3333333333333333,0.33333333333333337,0.3333333333333333,0.33333333333333337,0.0,0.0
0.2,100,10,0.001,0.0,0.0004,True,0.005656894024108989,3,0.0,0.0,1.0,0.0,0.0,0.0,0.0,0.0,0.0,0.0,0.0,0.0,0.0,0.0,0.0,0.0,0.0,0.0,0.0,0.0,0.0,0.0
0.2,100,10,0.001,0.01,5e-05,True,0.010521055692710848,3,0.0,0.0,1.0,0.0,0.0,0.0,0.0,0.0,0.0,0.0,0.0,0.0,0.0,0.0,0.0,0.0,0.0,0.0,0.0,0.0,0.0,0.0
0.2,100,10,0.001,0.01,0.0001,True,0.010592101438766688,3,0.0,0.0,1.0,0.0,0.0,0.0,0.0,0.0,0.0,0.0,0.0,0.0,0.0,0.0,0.0,0.0,0.0,0.0,0.0,0.0,0.0,0.0
0.2,100,10,0.001,0.01,0.0004,True,0.011924454406350142,3,0.03333333333333333,0.03333333333333334,0.8611111111111112,0.1388888888888889,0.0,0.0,0.0,0.0,0.0,0.0,0.3333333333333333,0.33333333333333337,0.3333333333333333,0.33333333333333337,0.0,0.0,0.3333333333333333,0.33333333333333337,0.3333333333333333,0.33333333333333337,0.0,0.0
0.2,100,10,0.001,0.05,5e-05,True,0.05248713983049625,3,0.0,0.0,1.0,0.0,0.0,0.0,0.0,0.0,0.0,0.0,0.0,0.0,0.0,0.0,0.0,0.0,0.0,0.0,0.0,0.0,0.0,0.0
0.2,100,10,0.001,0.05,0.0001,True,0.052501427100470954,3,0.0,0.0,1.0,0.0,0.0,0.0,0.0,0.0,0.0,0.0,0.0,0.0,0.0,0.0,0.0,0.0,0.0,0.0,0.0,0.0,0.0,0.0
0.2,100,10,0.001,0.05,0.0004,True,0.05278636043132796,3,0.0,0.0,1.0,0.0,0.0,0.0,0.0,0.0,0.0,0.0,0.0,0.0,0.0,0.0,0.0,0.0,0.0,0.0,0.0,0.0,0.0,0.0
0.2,100,10,0.01,0.0,5e-05,True,0.0007074249076757193,3,0.9266666666666666,0.017638342073763916,0.017329036877909057,0.009245147262330843,0.0,0.0,0.0,0.0,0.0,0.0,1.0,0.0,1.0,0.0,0.0,0.0,1.0,0.0,1.0,0.0,0.0,0.0
0.2,100,10,0.01,0.0,0.0001,True,0.0014143726524505486,3,0.65,0.3253203549323856,0.34020618556701027,0.3299505970056398,0.0,0.0,0.0,0.0,0.0,0.0,0.6666666666666666,0.33333333333333337,0.6666666666666666,0.33333333333333337,0.0,0.0,0.6666666666666666,0.33333333333333337,0.6666666666666666,0.33333333333333337,0.0,0.0
0.2,100,10,0.01,0.0,0.0004,True,0.005656894024108989,3,0.3233333333333333,0.15666666666666668,0.21703703703703706,0.14296296296296299,0.0,0.0,0.0,0.0,0.0,0.0,1.0,0.0,1.0,0.0,0.0,0.0,1.0,0.0,1.0,0.0,0.0,0.0
0.2,100,10,0.01,0.01,5e-05,True,0.010521055692710848,3,0.016666666666666666,0.01666666666666667,0.9425287356321839,0.05747126436781609,0.0,0.0,0.0,0.0,0.0,0.0,0.3333333333333333,0.33333333333333337,0.3333333333333333,0.33333333333333337,0.0,0.0,0.3333333333333333,0.33333333333333337,0.3333333333333333,0.33333333333333337,0.0,0.0
0.2,100,10,0.01,0.01,0.0001,True,0.010592101438766688,3,0.0,0.0,1.0,0.0,0.0,0.0,0.0,0.0,0.0,0.0,0.0,0.0,0.0,0.0,0.0,0.0,0.0,0.0,0.0,0.0,0.0,0.0
0.2,100,10,0.01,0.01,0.0004,True,0.011924454406350142,3,0.04,0.02081665999466133,0.8122171945701359,0.0941658566631944,0.0,0.0,0.0,0.0,0.0,0.0,0.6666666666666666,0.33333333333333337,0.6666666666666666,0.33333333333333337,0.0,0.0,0.6666666666666666,0.33333333333333337,0.6666666666666666,0.33333333333333337,0.0,0.0
0.2,100,10,0.01,0.05,5e-05,True,0.05248713983049625,3,0.0,0.0,1.0,0.0,0.0,0.0,0.0,0.0,0.0,0.0,0.0,0.0,0.0,0.0,0.0,0.0,0.0,0.0,0.0,0.0,0.0,0.0
0.2,100,10,0.01,0.05,0.0001,True,0.052501427100470954,3,0.0,0.0,1.0,0.0,0.0,0.0,0.0,0.0,0.0,0.0,0.0,0.0,0.0,0.0,0.0,0.0,0.0,0.0,0.0,0.0,0.0,0.0
0.2,100,10,0.01,0.05,0.0004,True,0.05278636043132796,3,0.0,0.0,1.0,0.0,0.0,0.0,0.0,0.0,0.0,0.0,0.0,0.0,0.0,0.0,0.0,0.0,0.0,0.0,0.0,0.0,0.0,0.0
0.2,100,10,0.1,0.0,5e-05,True,0.0007074249076757193,3,0.0,0.0,1.0,0.0,0.0,0.0,0.0,0.0,0.0,0.0,0.0,0.0,0.0,0.0,0.0,0.0,0.0,0.0,0.0,0.0,0.0,0.0
0.2,100,10,0.1,0.0,0.0001,True,0.0014143726524505486,3,0.0,0.0,1.0,0.0,0.0,0.0,0.0,0.0,0.0,0.0,0.0,0.0,0.0,0.0,0.0,0.0,0.0,0.0,0.0,0.0,0.0,0.0
0.2,100,10,0.1,0.0,0.0004,True,0.005656894024108989,3,0.0,0.0,1.0,0.0,0.0,0.0,0.0,0.0,0.0,0.0,0.0,0.0,0.0,0.0,0.0,0.0,0.0,0.0,0.0,0.0,0.0,0.0
0.2,100,10,0.1,0.01,5e-05,True,0.010521055692710848,3,0.0,0.0,1.0,0.0,0.0,0.0,0.0,0.0,0.0,0.0,0.0,0.0,0.0,0.0,0.0,0.0,0.0,0.0,0.0,0.0,0.0,0.0
0.2,100,10,0.1,0.01,0.0001,True,0.010592101438766688,3,0.0,0.0,1.0,0.0,0.0,0.0,0.0,0.0,0.0,0.0,0.0,0.0,0.0,0.0,0.0,0.0,0.0,0.0,0.0,0.0,0.0,0.0
0.2,100,10,0.1,0.01,0.0004,True,0.011924454406350142,3,0.0,0.0,1.0,0.0,0.0,0.0,0.0,0.0,0.0,0.0,0.0,0.0,0.0,0.0,0.0,0.0,0.0,0.0,0.0,0.0,0.0,0.0
0.2,100,10,0.1,0.05,5e-05,True,0.05248713983049625,3,0.0,0.0,1.0,0.0,0.0,0.0,0.0,0.0,0.0,0.0,0.0,0.0,0.0,0.0,0.0,0.0,0.0,0.0,0.0,0.0,0.0,0.0
0.2,100,10,0.1,0.05,0.0001,True,0.052501427100470954,3,0.0,0.0,1.0,0.0,0.0,0.0,0.0,0.0,0.0,0.0,0.0,0.0,0.0,0.0,0.0,0.0,0.0,0.0,0.0,0.0,0.0,0.0
0.2,100,10,0.1,0.05,0.0004,True,0.05278636043132796,3,0.0,0.0,1.0,0.0,0.0,0.0,0.0,0.0,0.0,0.0,0.0,0.0,0.0,0.0,0.0,0.0,0.0,0.0,0.0,0.0,0.0,0.0
0.2,100,20,0.0001,0.0,5e-05,True,0.0014143726524505486,3,0.0,0.0,0.6666666666666666,0.33333333333333337,0.0,0.0,0.0,0.0,0.0,0.0,0.0,0.0,0.0,0.0,0.0,0.0,0.0,0.0,0.0,0.0,0.0,0.0
0.2,100,20,0.0001,0.0,0.0001,True,0.00282850667314044,3,0.0,0.0,1.0,0.0,0.0,0.0,0.0,0.0,0.0,0.0,0.0,0.0,0.0,0.0,0.0,0.0,0.0,0.0,0.0,0.0,0.0,0.0
0.2,100,20,0.0001,0.0,0.0004,True,0.011313728386345501,3,0.0033333333333333335,0.0033333333333333335,0.9888888888888889,0.01111111111111111,0.0,0.0,0.0,0.0,0.0,0.0,0.3333333333333333,0.33333333333333337,0.3333333333333333,0.33333333333333337,0.0,0.0,0.3333333333333333,0.33333333333333337,0.3333333333333333,0.33333333333333337,0.0,0.0
0.2,100,20,0.0001,0.01,5e-05,True,0.02104188696070639,3,0.0,0.0,1.0,0.0,0.0,0.0,0.0,0.0,0.0,0.0,0.0,0.0,0.0,0.0,0.0,0.0,0.0,0.0,0.0,0.0,0.0,0.0
0.2,100,20,0.0001,0.01,0.0001,True,0.02118397995814633,3,0.0033333333333333335,0.0033333333333333335,0.9166666666666666,0.08333333333333334,0.0,0.0,0.0,0.0,0.0,0.0,0.3333333333333333,0.33333333333333337,0.3333333333333333,0.33333333333333337,0.0,0.0,0.3333333333333333,0.33333333333333337,0.3333333333333333,0.33333333333333337,0.0,0.0
0.2,100,20,0.0001,0.01,0.0004,True,0.02384871080094573,3,0.0,0.0,1.0,0.0,0.0,0.0,0.0,0.0,0.0,0.0,0.0,0.0,0.0,0.0,0.0,0.0,0.0,0.0,0.0,0.0,0.0,0.0
0.2,100,20,0.0001,0.05,5e-05,True,0.1049501935691241,3,0.0,0.0,1.0,0.0,0.0,0.0,0.0,0.0,0.0,0.0,0.0,0.0,0.0,0.0,0.0,0.0,0.0,0.0,0.0,0.0,0.0,0.0
0.2,100,20,0.0001,0.05,0.0001,True,0.10497877466515133,3,0.0,0.0,1.0,0.0,0.0,0.0,0.0,0.0,0.0,0.0,0.0,0.0,0.0,0.0,0.0,0.0,0.0,0.0,0.0,0.0,0.0,0.0
0.2,100,20,0.0001,0.05,0.0004,True,0.10554877133437707,3,0.0,0.0,1.0,0.0,0.0,0.0,0.0,0.0,0.0,0.0,0.0,0.0,0.0,0.0,0.0,0.0,0.0,0.0,0.0,0.0,0.0,0.0
0.2,100,20,0.001,0.0,5e-05,True,0.0014143726524505486,3,0.04666666666666667,0.046666666666666676,0.6888888888888888,0.31111111111111117,0.0,0.0,0.0,0.0,0.0,0.0,0.3333333333333333,0.33333333333333337,0.3333333333333333,0.33333333333333337,0.0,0.0,0.3333333333333333,0.33333333333333337,0.3333333333333333,0.33333333333333337,0.0,0.0
0.2,100,20,0.001,0.0,0.0001,True,0.00282850667314044,3,0.07666666666666667,0.07666666666666667,0.6805555555555557,0.3194444444444445,0.0,0.0,0.0,0.0,0.0,0.0,0.3333333333333333,0.33333333333333337,0.3333333333333333,0.33333333333333337,0.0,0.0,0.3333333333333333,0.33333333333333337,0.3333333333333333,0.33333333333333337,0.0,0.0
0.2,100,20,0.001,0.0,0.0004,True,0.011313728386345501,3,0.02666666666666667,0.02666666666666667,0.913978494623656,0.08602150537634408,0.0,0.0,0.0,0.0,0.0,0.0,0.3333333333333333,0.33333333333333337,0.3333333333333333,0.33333333333333337,0.0,0.0,0.3333333333333333,0.33333333333333337,0.3333333333333333,0.33333333333333337,0.0,0.0
0.2,100,20,0.001,0.01,5e-05,True,0.02104188696070639,3,0.0033333333333333335,0.0033333333333333335,0.9444444444444445,0.055555555555555546,0.0,0.0,0.0,0.0,0.0,0.0,0.3333333333333333,0.33333333333333337,0.3333333333333333,0.33333333333333337,0.0,0.0,0.3333333333333333,0.33333333333333337,0.3333333333333333,0.33333333333333337,0.0,0.0
0.2,100,20,0.001,0.01,0.0001,True,0.02118397995814633,3,0.0,0.0,1.0,0.0,0.0,0.0,0.0,0.0,0.0,0.0,0.0,0.0,0.0,0.0,0.0,0.0,0.0,0.0,0.0,0.0,0.0,0.0
0.2,100,20,0.001,0.01,0.0004,True,0.02384871080094573,3,0.0033333333333333335,0.0033333333333333335,0.9166666666666666,0.08333333333333334,0.0,0.0,0.0,0.0,0.0,0.0,0.3333333333333333,0.33333333333333337,0.3333333333333333,0.33333333333333337,0.0,0.0,0.3333333333333333,0.33333333333333337,0.3333333333333333,0.33333333333333337,0.0,0.0
0.2,100,20,0.001,0.05,5e-05,True,0.1049501935691241,3,0.0,0.0,1.0,0.0,0.0,0.0,0.0,0.0,0.0,0.0,0.0,0.0,0.0,0.0,0.0,0.0,0.0,0.0,0.0,0.0,0.0,0.0
0.2,100,20,0.001,0.05,0.0001,True,0.10497877466515133,3,0.0,0.0,1.0,0.0,0.0,0.0,0.0,0.0,0.0,0.0,0.0,0.0,0.0,0.0,0.0,0.0,0.0,0.0,0.0,0.0,0.0,0.0
0.2,100,20,0.001,0.05,0.0004,True,0.10554877133437707,3,0.0,0.0,1.0,0.0,0.0,0.0,0.0,0.0,0.0,0.0,0.0,0.0,0.0,0.0,0.0,0.0,0.0,0.0,0.0,0.0,0.0,0.0
0.2,100,20,0.01,0.0,5e-05,True,0.0014143726524505486,3,0.9066666666666666,0.05456901847914965,0.029919290948702715,0.014780470688692907,0.0,0.0,0.0,0.0,0.0,0.0,1.0,0.0,1.0,0.0,0.0,0.0,1.0,0.0,1.0,0.0,0.0,0.0
0.2,100,20,0.01,0.0,0.0001,True,0.00282850667314044,3,0.7633333333333333,0.05547772325697745,0.09005130141944417,0.0285260305104725,0.0,0.0,0.0,0.0,0.0,0.0,1.0,0.0,1.0,0.0,0.0,0.0,1.0,0.0,1.0,0.0,0.0,0.0
0.2,100,20,0.01,0.0,0.0004,True,0.011313728386345501,3,0.03666666666666667,0.01855921454276674,0.7848383500557414,0.1133566034830966,0.0,0.0,0.0,0.0,0.0,0.0,0.6666666666666666,0.33333333333333337,0.6666666666666666,0.33333333333333337,0.0,0.0,0.6666666666666666,0.33333333333333337,0.6666666666666666,0.33333333333333337,0.0,0.0
0.2,100,20,0.01,0.01,5e-05,True,0.02104188696070639,3,0.0,0.0,1.0,0.0,0.0,0.0,0.0,0.0,0.0,0.0,0.0,0.0,0.0,0.0,0.0,0.0,0.0,0.0,0.0,0.0,0.0,0.0
0.2,100,20,0.01,0.01,0.0001,True,0.02118397995814633,3,0.0,0.0,1.0,0.0,0.0,0.0,0.0,0.0,0.0,0.0,0.0,0.0,0.0,0.0,0.0,0.0,0.0,0.0,0.0,0.0,0.0,0.0
0.2,100,20,0.01,0.01,0.0004,True,0.02384871080094573,3,0.0,0.0,1.0,0.0,0.0,0.0,0.0,0.0,0.0,0.0,0.0,0.0,0.0,0.0,0.0,0.0,0.0,0.0,0.0,0.0,0.0,0.0
0.2,100,20,0.01,0.05,5e-05,True,0.1049501935691241,3,0.0,0.0,1.0,0.0,0.0,0.0,0.0,0.0,0.0,0.0,0.0,0.0,0.0,0.0,0.0,0.0,0.0,0.0,0.0,0.0,0.0,0.0
0.2,100,20,0.01,0.05,0.0001,True,0.10497877466515133,3,0.0,0.0,1.0,0.0,0.0,0.0,0.0,0.0,0.0,0.0,0.0,0.0,0.0,0.0,0.0,0.0,0.0,0.0,0.0,0.0,0.0,0.0
0.2,100,20,0.01,0.05,0.0004,True,0.10554877133437707,3,0.0,0.0,1.0,0.0,0.0,0.0,0.0,0.0,0.0,0.0,0.0,0.0,0.0,0.0,0.0,0.0,0.0,0.0,0.0,0.0,0.0,0.0
0.2,100,20,0.1,0.0,5e-05,True,0.0014143726524505486,3,0.0,0.0,1.0,0.0,0.0,0.0,0.0,0.0,0.0,0.0,0.0,0.0,0.0,0.0,0.0,0.0,0.0,0.0,0.0,0.0,0.0,0.0
0.2,100,20,0.1,0.0,0.0001,True,0.00282850667314044,3,0.0,0.0,1.0,0.0,0.0,0.0,0.0,0.0,0.0,0.0,0.0,0.0,0.0,0.0,0.0,0.0,0.0,0.0,0.0,0.0,0.0,0.0
0.2,100,20,0.1,0.0,0.0004,True,0.011313728386345501,3,0.0,0.0,1.0,0.0,0.0,0.0,0.0,0.0,0.0,0.0,0.0,0.0,0.0,0.0,0.0,0.0,0.0,0.0,0.0,0.0,0.0,0.0
0.2,100,20,0.1,0.01,5e-05,True,0.02104188696070639,3,0.0,0.0,1.0,0.0,0.0,0.0,0.0,0.0,0.0,0.0,0.0,0.0,0.0,0.0,0.0,0.0,0.0,0.0,0.0,0.0,0.0,0.0
0.2,100,20,0.1,0.01,0.0001,True,0.02118397995814633,3,0.0,0.0,1.0,0.0,0.0,0.0,0.0,0.0,0.0,0.0,0.0,0.0,0.0,0.0,0.0,0.0,0.0,0.0,0.0,0.0,0.0,0.0
0.2,100,20,0.1,0.01,0.0004,True,0.02384871080094573,3,0.0,0.0,1.0,0.0,0.0,0.0,0.0,0.0,0.0,0.0,0.0,0.0,0.0,0.0,0.0,0.0,0.0,0.0,0.0,0.0,0.0,0.0
0.2,100,20,0.1,0.05,5e-05,True,0.1049501935691241,3,0.0,0.0,1.0,0.0,0.0,0.0,0.0,0.0,0.0,0.0,0.0,0.0,0.0,0.0,0.0,0.0,0.0,0.0,0.0,0.0,0.0,0.0
0.2,100,20,0.1,0.05,0.0001,True,0.10497877466515133,3,0.0,0.0,1.0,0.0,0.0,0.0,0.0,0.0,0.0,0.0,0.0,0.0,0.0,0.0,0.0,0.0,0.0,0.0,0.0,0.0,0.0,0.0
0.2,100,20,0.1,0.05,0.0004,True,0.10554877133437707,3,0.0,0.0,1.0,0.0,0.0,0.0,0.0,0.0,0.0,0.0,0.0,0.0,0.0,0.0,0.0,0.0,0.0,0.0,0.0,0.0,0.0,0.0
