sigma_res,sigma_scatt,n_trk,sol_key,event_key,ham_key,max_abs_x,excluded
0.05,0.0005,50,sol_676f2b5bf67bf17d,ev_001a4985702d,hm_af8fc4d5852f,11.100394248962402,False
0.02,0.0001,1000,sol_217529b1c0cd7f54,ev_0027917a71bd,hm_979a58ab8892,2241.471923828125,True
0.0,0.0001,10,sol_89a4398a3835849c,ev_0092425c14a8,hm_a00ad2a2c52a,0.4545454680919647,False
0.02,0.0001,10,sol_000173a5717f3761,ev_0094a0003161,hm_979a58ab8892,0.4545454680919647,False
0.01,0.0003,1000,sol_d1e362a72516e092,ev_00b1e1d9d1ac,hm_3298667cddaa,12.551640510559082,False
0.05,0.0005,400,sol_dd90312ac52aff27,ev_00c243047990,hm_af8fc4d5852f,137.94271850585938,True
0.01,0.0003,700,sol_279aa85e6320bc2d,ev_00c4f61aa23c,hm_3298667cddaa,1.782954216003418,False
0.01,0.0005,50,sol_32f95dc074eee36a,ev_011888f4575d,hm_bd4d3751a16f,0.4545454680919647,False
0.02,0.0003,400,sol_c5a405afcbc97f34,ev_0184392417d3,hm_1602ff939866,2.0659258365631104,False
0.0,0.0003,200,sol_e27f0f7ca52cfd24,ev_018b70186449,hm_a0f8ed47a107,0.5669738054275513,False
0.05,0.0003,1000,sol_3dfe44ab97cc0272,ev_0197227207c0,hm_8c986396d3ec,908.919921875,True
0.02,0.0001,100,sol_656d848f56211826,ev_01a5515445c8,hm_979a58ab8892,0.566990852355957,False
0.02,0.0003,20,sol_ccd64038c7d8e97f,ev_01ab98d2fd37,hm_1602ff939866,0.4545454680919647,False
0.01,0.0003,1000,sol_c650b43805f3bf4d,ev_01eb74dd983c,hm_3298667cddaa,2.108435869216919,False
0.02,0.0001,200,sol_fc89e9f7b8391390,ev_020926eb287f,hm_979a58ab8892,1.5630338191986084,False
0.02,0.0003,100,sol_13fa259c96561992,ev_021760a9bbca,hm_1602ff939866,0.873317539691925,False
0.05,0.0003,200,sol_577367cf6cf8006e,ev_0249bf7f92d0,hm_8c986396d3ec,4.14640998840332,False
0.02,0.0005,50,sol_91aed766a8cf59ad,ev_0269eb55445c,hm_f442e5139114,0.6981934309005737,False
0.02,0.0003,200,sol_884bc79f119dfd71,ev_028760aff46e,hm_1602ff939866,1.5000059604644775,False
0.0,0.0005,100,sol_1f8e95385c6d7f17,ev_0299936d0630,hm_7a9cff01f511,0.4545454680919647,False
0.02,0.0005,10,sol_3d619cc3fdc12e7b,ev_02c74e141364,hm_f442e5139114,0.4545454680919647,False
0.0,0.0001,400,sol_eed1da275a024b4e,ev_02d9749d4aea,hm_a00ad2a2c52a,0.4545454680919647,False
0.05,0.0003,100,sol_ffc3f6dd1e4434c1,ev_02f4c1308f0c,hm_8c986396d3ec,1.5986244678497314,False
0.05,0.0001,100,sol_95297f6a9c0672eb,ev_036126970c3c,hm_9108b6e19b67,1.5685207843780518,False
0.02,0.0001,10,sol_b18f4f5d5b0afee4,ev_03800a8644f6,hm_979a58ab8892,0.4545454680919647,False
0.05,0.0003,50,sol_74e23cbaa74bfcad,ev_039e11c9b688,hm_8c986396d3ec,0.5670021772384644,False
0.01,0.0003,200,sol_9b6d0ec223f68f84,ev_03a0ddac5163,hm_3298667cddaa,0.6507044434547424,False
0.01,0.0005,50,sol_1f8ffd7cfae3d7b8,ev_03bca8a5501a,hm_bd4d3751a16f,0.6291784644126892,False
0.02,0.0005,200,sol_b9bdba704f8c5685,ev_040080b78827,hm_f442e5139114,0.7608369588851929,False
0.05,0.0001,400,sol_4ff4979cc3eafd87,ev_043aeeb5c41f,hm_9108b6e19b67,16.087806701660156,False
0.0,0.0001,100,sol_8f7bf1c5f1a86f7e,ev_0466dd3cefb4,hm_a00ad2a2c52a,0.4545454680919647,False
0.02,0.0003,20,sol_da7243c08d625985,ev_049995376442,hm_1602ff939866,0.4545454680919647,False
0.01,0.0003,20,sol_0ab9ac4e8fc4d5e4,ev_04da7e32f6e9,hm_3298667cddaa,0.4545454680919647,False
0.02,0.0001,50,sol_bc8631823b231cdf,ev_04f26e10ec3c,hm_979a58ab8892,0.5999724864959717,False
0.0,0.0001,200,sol_19cdf46eeaf2d386,ev_050262f38bfd,hm_a00ad2a2c52a,0.6000000238418579,False
0.01,0.0005,20,sol_8300186c3c439f20,ev_055d0af24149,hm_bd4d3751a16f,0.4545454680919647,False
0.0,0.0003,50,sol_59ce4e83ac52e6ce,ev_0583bf9687d9,hm_a0f8ed47a107,0.4545454680919647,False
0.05,0.0001,200,sol_4294ce91978571ac,ev_06006c88e986,hm_9108b6e19b67,2.443570137023926,False
0.0,0.0003,100,sol_696ca17a24eac465,ev_061321dbe3aa,hm_a0f8ed47a107,0.4545454680919647,False
0.05,0.0005,700,sol_46ec24020661af72,ev_062737cc902b,hm_af8fc4d5852f,2499.870361328125,True
0.02,0.0005,20,sol_725f49161120194b,ev_0636a9b55e0c,hm_f442e5139114,0.4545454680919647,False
0.0,0.0001,1000,sol_f8db198257590875,ev_06b9c78b082e,hm_a00ad2a2c52a,0.5641240477561951,False
0.02,0.0005,20,sol_678381842f31d80c,ev_0702d94df24e,hm_f442e5139114,0.4545454680919647,False
0.02,0.0001,50,sol_b30e663084e58765,ev_070977ed8f76,hm_979a58ab8892,0.4545454680919647,False
0.05,0.0005,400,sol_6616785fabb686f1,ev_075f9a0e04e0,hm_af8fc4d5852f,98.39740753173828,True
0.0,0.0005,10,sol_307e9676ee90bead,ev_07b1f5e33077,hm_7a9cff01f511,0.4545454680919647,False
0.05,0.0003,50,sol_146c59d438a10eaa,ev_07f766a52def,hm_8c986396d3ec,0.6983166933059692,False
0.0,0.0005,700,sol_31bc98df39f10e40,ev_0801a3e1aefb,hm_7a9cff01f511,0.760863721370697,False
0.02,0.0005,200,sol_d994d66565254ba7,ev_0805770fd268,hm_f442e5139114,1.168806552886963,False
0.0,0.0001,200,sol_362dcbbaf74f79ee,ev_080892fe92b2,hm_a00ad2a2c52a,0.4545454680919647,False
0.0,0.0003,700,sol_83b678406883e97f,ev_080aeb06ee6d,hm_a0f8ed47a107,0.5998616814613342,False
0.02,0.0005,1000,sol_0802660c2fb50d41,ev_086d203fcc57,hm_f442e5139114,611.8992919921875,True
0.0,0.0001,1000,sol_f5b49a79d6ce16e5,ev_0885f3b6c96b,hm_a00ad2a2c52a,0.5996344685554504,False
0.05,0.0005,700,sol_58c34d5eea66023d,ev_088956f3e0e2,hm_af8fc4d5852f,939.9102783203125,True
0.02,0.0005,700,sol_7138973e696329e8,ev_088d53543a36,hm_f442e5139114,71.40966796875,True
0.05,0.0001,50,sol_58ab6adaea99125e,ev_08ace153a924,hm_9108b6e19b67,1.107748031616211,False
0.0,0.0001,1000,sol_4e5eef9615bb2ebc,ev_08df0ece1b00,hm_a00ad2a2c52a,0.5641889572143555,False
0.05,0.0001,100,sol_4113bc80a7fb3477,ev_0902b7c1a9c9,hm_9108b6e19b67,1.9367687702178955,False
0.0,0.0005,10,sol_432c353eee660a9f,ev_09110ab4b5d0,hm_7a9cff01f511,0.4545454680919647,False
0.0,0.0005,50,sol_384bac337ebebda2,ev_09622ccf23a4,hm_7a9cff01f511,0.4545454680919647,False
0.02,0.0005,200,sol_421a42bb8162649e,ev_0983025a1098,hm_f442e5139114,1.4999979734420776,False
0.0,0.0005,10,sol_55c3dcdd10f2df99,ev_09ac28a5601c,hm_7a9cff01f511,0.4545454680919647,False
0.05,0.0005,20,sol_6202bc644d505c52,ev_09c423ce16b4,hm_af8fc4d5852f,0.6291883587837219,False
0.02,0.0005,700,sol_cb9b064d723b8976,ev_0a10ed697bd7,hm_f442e5139114,3.371096134185791,False
0.0,0.0005,400,sol_c111c11326ac2b3c,ev_0a3309654347,hm_7a9cff01f511,0.760825514793396,False
0.05,0.0001,1000,sol_f7438411a9a2453c,ev_0a61473ab8d7,hm_9108b6e19b67,935.3512573242188,True
0.05,0.0001,20,sol_44aee4eac2aa63fc,ev_0a6d760e6856,hm_9108b6e19b67,0.5670102834701538,False
0.02,0.0003,50,sol_529653ac21f1e82c,ev_0a774e0ebf49,hm_1602ff939866,0.5669788122177124,False
0.05,0.0001,1000,sol_beb8b32c2bdc9777,ev_0ac991230568,hm_9108b6e19b67,1063.6778564453125,True
0.0,0.0001,50,sol_f8d72bb94ec48bcb,ev_0ad1113fd0dc,hm_a00ad2a2c52a,0.4545454680919647,False
0.0,0.0003,400,sol_a3a207d1a89580c9,ev_0ae09f7dc889,hm_a0f8ed47a107,0.5669482350349426,False
0.05,0.0005,200,sol_f8faae686f701c7e,ev_0aefa53f0e0e,hm_af8fc4d5852f,2.108469009399414,False
0.02,0.0005,1000,sol_853344e058a0d22a,ev_0b01ef3268a5,hm_f442e5139114,518.5,True
0.02,0.0005,20,sol_5e1900c9a6cb6afc,ev_0b750062d36e,hm_f442e5139114,0.4545454680919647,False
0.0,0.0005,700,sol_e57ab204c9937a4e,ev_0b8f3d9f99a3,hm_7a9cff01f511,1.1918495893478394,False
0.05,0.0005,1000,sol_fb1d34858284870e,ev_0ba3f512164b,hm_af8fc4d5852f,694.0977172851562,True
0.05,0.0003,700,sol_237ef6305251e24c,ev_0bb8e02d5447,hm_8c986396d3ec,407.7001953125,True
0.0,0.0001,200,sol_0eeb4d67cccd8b30,ev_0bcfa4a4dbcb,hm_a00ad2a2c52a,0.4545454680919647,False
0.01,0.0003,700,sol_787423cb5eb74f2a,ev_0c2cfca28b27,hm_3298667cddaa,1.1418229341506958,False
0.0,0.0005,20,sol_10af53edf5c8b471,ev_0c681d9dc16c,hm_7a9cff01f511,0.4545454680919647,False
0.05,0.0001,50,sol_5a57cc29bdf11a72,ev_0ca68143a3f2,hm_9108b6e19b67,0.7349140048027039,False
0.05,0.0001,10,sol_4c6748679c6f396c,ev_0caddf0e9c6a,hm_9108b6e19b67,0.4545454680919647,False
0.02,0.0005,1000,sol_ec2d95a8b588a485,ev_0ccdbaf53042,hm_f442e5139114,3.6693074703216553,False
0.01,0.0001,50,sol_b79b9256e2949916,ev_0d009a34e3d7,hm_844cdcf42c7e,0.4545454680919647,False
0.02,0.0001,700,sol_fff0e5322e483e42,ev_0d055f88cf6b,hm_979a58ab8892,4.623088359832764,False
0.01,0.0005,400,sol_27a48903c4d5c418,ev_0d057441f189,hm_bd4d3751a16f,1.1326024532318115,False
0.02,0.0005,1000,sol_92a0ca7e28baa3ac,ev_0d0a8dd90c65,hm_f442e5139114,19.758811950683594,False
0.0,0.0005,100,sol_040a584c8d57c05e,ev_0d173f913739,hm_7a9cff01f511,0.5999720096588135,False
0.05,0.0005,100,sol_84bd54b2a97223ff,ev_0d1abc0c53cb,hm_af8fc4d5852f,0.7348536849021912,False
0.01,0.0005,10,sol_c1f12e916aff8afe,ev_0d3c62e05dbb,hm_bd4d3751a16f,0.4545454680919647,False
0.0,0.0001,10,sol_8a2e70e53f2d1c15,ev_0d43f5c1a616,hm_a00ad2a2c52a,0.4545454680919647,False
0.05,0.0001,700,sol_9fc54225b3ac11e5,ev_0d451f8be92c,hm_9108b6e19b67,482.58917236328125,True
0.02,0.0003,10,sol_65e5925d150d01bd,ev_0d74338b8732,hm_1602ff939866,0.4545454680919647,False
0.05,0.0005,400,sol_772b046173a12edb,ev_0db19f01fee4,hm_af8fc4d5852f,244.14187622070312,True
0.0,0.0005,10,sol_ee6a29815d9e154f,ev_0decd98c4403,hm_7a9cff01f511,0.4545454680919647,False
0.05,0.0001,200,sol_c65b3c0daaa56473,ev_0e08fef639b9,hm_9108b6e19b67,3.5756216049194336,False
0.02,0.0003,10,sol_50617775383d1461,ev_0e0b340372e8,hm_1602ff939866,0.4545454680919647,False
0.0,0.0003,10,sol_814ccdb9b7ca4850,ev_0e344364cf1f,hm_a0f8ed47a107,0.4545454680919647,False
0.05,0.0003,1000,sol_a4c2abe8ae613381,ev_0e43a5f1a500,hm_8c986396d3ec,810.79443359375,True
0.0,0.0001,400,sol_45f3b60eaf00273e,ev_0e58a4082f8f,hm_a00ad2a2c52a,0.7306539416313171,False
0.0,0.0005,20,sol_987ddf23b16b0ac9,ev_0e626c0c01dd,hm_7a9cff01f511,0.4545454680919647,False
0.02,0.0001,20,sol_588936313f8b21b7,ev_0e75380bde9f,hm_979a58ab8892,0.4545454680919647,False
0.05,0.0003,100,sol_f7244ae0bf525306,ev_0e87e9c9783b,hm_8c986396d3ec,1.258226990699768,False
0.02,0.0001,10,sol_f1a39391d280560f,ev_0e92a3518825,hm_979a58ab8892,0.4545454680919647,False
0.02,0.0003,1000,sol_d6cf3ecff8917505,ev_0eafb99e0af5,hm_1602ff939866,13.9398832321167,False
0.05,0.0001,200,sol_35ef25f17fe0dbf8,ev_0eddaf721c00,hm_9108b6e19b67,4.183960914611816,False
0.01,0.0005,50,sol_7d3f80d035cbcde9,ev_0f1294dffda2,hm_bd4d3751a16f,0.5669775605201721,False
0.02,0.0001,400,sol_5edeb93fde114281,ev_0f2dcc583edc,hm_979a58ab8892,1.277887225151062,False
0.05,0.0005,400,sol_e70c84145cc5ace9,ev_0f3d37a2961a,hm_af8fc4d5852f,5.558880805969238,False
0.01,0.0003,50,sol_51e5a2954b0ede02,ev_0f76cb929b0f,hm_3298667cddaa,0.4545454680919647,False
0.01,0.0003,700,sol_62cc33843ed8df41,ev_0f8d92614c70,hm_3298667cddaa,1.8475821018218994,False
0.0,0.0003,50,sol_c061f8b3f9bacec4,ev_0f9c53320889,hm_a0f8ed47a107,0.5670134425163269,False
0.02,0.0003,1000,sol_84d9185ad305254a,ev_0fa960d06a2b,hm_1602ff939866,17.954082489013672,False
0.05,0.0003,20,sol_a5b67e4c80dc7f93,ev_0fba64e275f6,hm_8c986396d3ec,0.4545454680919647,False
0.02,0.0003,200,sol_b78d782d154a0c53,ev_0fd335f2cf6d,hm_1602ff939866,0.9621699452400208,False
0.02,0.0003,50,sol_d93f0669046f8212,ev_0fd4d256984c,hm_1602ff939866,0.5669769644737244,False
0.01,0.0001,20,sol_a043aadfa3d537a6,ev_0fd597162d5e,hm_844cdcf42c7e,0.4545454680919647,False
0.02,0.0003,10,sol_b891841e24eae399,ev_0fe617641090,hm_1602ff939866,0.4545454680919647,False
0.05,0.0005,10,sol_086bb02bb0fb38b3,ev_0fe7df6e3e39,hm_af8fc4d5852f,0.4545454680919647,False
0.05,0.0005,700,sol_c7a8be7133b86bea,ev_0ff9d00a0023,hm_af8fc4d5852f,4358.3544921875,True
0.02,0.0001,400,sol_cdf62fad03c6a0ac,ev_1011da46e17c,hm_979a58ab8892,1.670265793800354,False
0.0,0.0003,20,sol_1ca565eb67ebc92c,ev_1022b820d54f,hm_a0f8ed47a107,0.4545454680919647,False
0.0,0.0003,20,sol_19982fda63a84c29,ev_103796c03fc3,hm_a0f8ed47a107,0.4545454680919647,False
0.02,0.0001,200,sol_e9d3b9a0d58f02a1,ev_10552888bf41,hm_979a58ab8892,0.8535966873168945,False
0.05,0.0003,400,sol_1ea62c0802e6824c,ev_1076d81a0e63,hm_8c986396d3ec,29.412662506103516,False
0.02,0.0003,700,sol_cf17b676ab4efcd8,ev_1087f3bcf57a,hm_1602ff939866,2.4828040599823,False
0.0,0.0001,50,sol_5137d8fca3b7d062,ev_108cbae4aedf,hm_a00ad2a2c52a,0.4545454680919647,False
0.01,0.0005,700,sol_6760b80619613d89,ev_1094f5d673f3,hm_bd4d3751a16f,1.4352384805679321,False
0.0,0.0005,20,sol_24028f97cc8155ca,ev_1098afb682bc,hm_7a9cff01f511,0.4545454680919647,False
0.05,0.0005,20,sol_93186d6f0268382b,ev_109b8e54b37c,hm_af8fc4d5852f,0.4545454680919647,False
0.01,0.0005,700,sol_fd5b039cfcb4f4e5,ev_10befb8f01be,hm_bd4d3751a16f,2.1083791255950928,False
0.05,0.0001,100,sol_d864c1a6b5803eff,ev_10d8a86f14c2,hm_9108b6e19b67,1.4110381603240967,False
0.05,0.0001,1000,sol_1738e47840f11722,ev_10e05d8edfe7,hm_9108b6e19b67,751.7945556640625,True
0.01,0.0003,10,sol_8b88e0e097580cab,ev_10e7ec79da15,hm_3298667cddaa,0.4545454680919647,False
0.05,0.0001,10,sol_8a40a272c927a9cc,ev_1126d0118fc8,hm_9108b6e19b67,0.8459582328796387,False
0.05,0.0001,700,sol_0e2d120117a2d9a3,ev_11455282a235,hm_9108b6e19b67,26210.5546875,True
0.02,0.0005,1000,sol_8f932489dab159b4,ev_1149abd8dc1e,hm_f442e5139114,40.20805740356445,False
0.02,0.0003,700,sol_220ca58d835c35c2,ev_114d47162832,hm_1602ff939866,15.035655975341797,False
0.0,0.0003,400,sol_7737a721892b02c8,ev_114f09a1d5dd,hm_a0f8ed47a107,0.4545452296733856,False
0.0,0.0005,100,sol_87813f75065e4f33,ev_118f3849d520,hm_7a9cff01f511,0.566974401473999,False
0.01,0.0003,100,sol_57415e8d5895a902,ev_11c4ebcd722e,hm_3298667cddaa,0.8285138010978699,False
0.02,0.0001,1000,sol_f6536b19c9884590,ev_1228d2b7b9b2,hm_979a58ab8892,1940.3460693359375,True
0.0,0.0001,700,sol_8709cc459d8ed808,ev_1243d7c6404d,hm_a00ad2a2c52a,0.5642415285110474,False
0.01,0.0005,50,sol_4f764cb66619d466,ev_125ae1285f03,hm_bd4d3751a16f,0.4545454680919647,False
0.02,0.0001,1000,sol_b122af830430a61d,ev_128c48bf2228,hm_979a58ab8892,117.50332641601562,True
0.01,0.0005,50,sol_3408b9d0f61d214c,ev_12cdfa9cced9,hm_bd4d3751a16f,0.4545454680919647,False
0.01,0.0005,10,sol_1d183f553c19503f,ev_12cead0a12c5,hm_bd4d3751a16f,0.4545454680919647,False
0.01,0.0003,1000,sol_febb196a0aad350a,ev_12df1fc89751,hm_3298667cddaa,1.343138337135315,False
0.0,0.0003,100,sol_40c47ebbbd35d960,ev_12e6638b1074,hm_a0f8ed47a107,0.5669759511947632,False
0.05,0.0003,10,sol_25b31cab035cc819,ev_130d7d1527a3,hm_8c986396d3ec,0.4545454680919647,False
0.0,0.0005,400,sol_5ac4dd2b587cbc92,ev_1317e3d96280,hm_7a9cff01f511,0.5994738936424255,False
0.02,0.0005,20,sol_d5ea212dc3f70062,ev_131b622a5a9a,hm_f442e5139114,0.4545454680919647,False
0.01,0.0001,20,sol_050e5bff1133e20b,ev_134ad97c3b94,hm_844cdcf42c7e,0.4545454680919647,False
0.05,0.0005,400,sol_d2f93b4d553f542a,ev_13518fb9df5d,hm_af8fc4d5852f,296.7933349609375,True
0.01,0.0003,400,sol_86d1e5ae6c7ed9b5,ev_137b16a69061,hm_3298667cddaa,1.0140520334243774,False
0.0,0.0005,20,sol_02aafb397fe79e32,ev_1387f3755630,hm_7a9cff01f511,0.4545454680919647,False
0.02,0.0001,100,sol_804a73824316db28,ev_139f054e6f31,hm_979a58ab8892,1.1645840406417847,False
0.0,0.0001,700,sol_ce254b7abe81e966,ev_13a407207ad0,hm_a00ad2a2c52a,0.5641629695892334,False
0.02,0.0001,200,sol_5b1af9488b645bed,ev_13b9ccfb1efd,hm_979a58ab8892,0.9153624773025513,False
0.0,0.0005,100,sol_0d9c99d4ac9c93e2,ev_13ce892fec0f,hm_7a9cff01f511,0.5669755339622498,False
0.02,0.0003,50,sol_6e632cb8b553e653,ev_13f9a4c8142c,hm_1602ff939866,0.5669788718223572,False
0.01,0.0003,10,sol_0a5f478e0dc0ef5d,ev_13fea6402b6c,hm_3298667cddaa,0.4545454680919647,False
0.0,0.0001,10,sol_43f16bcf98f2a22c,ev_141a1e686398,hm_a00ad2a2c52a,0.4545454680919647,False
0.02,0.0005,400,sol_affefcd28d8c528d,ev_14246867a7d6,hm_f442e5139114,3.918593406677246,False
0.01,0.0003,10,sol_ceb73f42a9f0b65d,ev_143315d0e95f,hm_3298667cddaa,0.4545454680919647,False
0.01,0.0001,100,sol_ba6a8765bd5469bb,ev_143c64f5e595,hm_844cdcf42c7e,0.6000000238418579,False
0.0,0.0003,700,sol_0a75bff818538fb9,ev_147f562cdf21,hm_a0f8ed47a107,1.4352670907974243,False
0.02,0.0003,100,sol_660f8b064daec0ca,ev_1484a02a8f79,hm_1602ff939866,0.5670033693313599,False
0.02,0.0001,200,sol_71950625b8e1e0e7,ev_1484b5be7c4d,hm_979a58ab8892,1.4999966621398926,False
0.01,0.0003,10,sol_9d56daa7a3ee670c,ev_14ae0791829b,hm_3298667cddaa,0.4545454680919647,False
0.0,0.0001,400,sol_78f4b0b31b61c2cc,ev_14b226ab11a9,hm_a00ad2a2c52a,0.4545454680919647,False
0.02,0.0005,100,sol_cb067e3ff5fefdf9,ev_14b61d203f97,hm_f442e5139114,0.6551522612571716,False
0.02,0.0005,400,sol_04b97a674473d6a1,ev_14bde584043f,hm_f442e5139114,3.000009059906006,False
0.02,0.0003,10,sol_53c7f81b38e76346,ev_14d4fbdc7362,hm_1602ff939866,0.4545454680919647,False
0.0,0.0001,10,sol_e047c377ddd0747a,ev_14dd550a9a84,hm_a00ad2a2c52a,0.4545454680919647,False
0.02,0.0001,50,sol_c53e41d6755f35de,ev_1529fa88e625,hm_979a58ab8892,0.5669772624969482,False
0.05,0.0001,400,sol_ede07661d9ce460b,ev_15530cbc2ebd,hm_9108b6e19b67,112.504150390625,True
0.02,0.0003,200,sol_f3370071204eab73,ev_15546604b6f0,hm_1602ff939866,1.509202003479004,False
0.01,0.0001,20,sol_b96159ffe448922e,ev_1632e7192387,hm_844cdcf42c7e,0.4545454680919647,False
0.0,0.0003,100,sol_201fc8d72d8825a8,ev_16487c720fbd,hm_a0f8ed47a107,0.4545454680919647,False
0.05,0.0001,20,sol_181d0d18e734c852,ev_169ec0b14e07,hm_9108b6e19b67,0.5670102834701538,False
0.05,0.0005,50,sol_1db24295e248b32c,ev_16bd336b9ff5,hm_af8fc4d5852f,1.3628872632980347,False
0.0,0.0005,1000,sol_0719349c3bf3db57,ev_1737f3335a64,hm_7a9cff01f511,1.434262752532959,False
0.02,0.0005,10,sol_bf6b8b57e07ae87f,ev_1757e58982b5,hm_f442e5139114,0.4545454680919647,False
0.02,0.0001,400,sol_bfbf5dcc200903ce,ev_178fe7392c43,hm_979a58ab8892,1.4993795156478882,False
0.0,0.0001,20,sol_8c02160d4060d547,ev_17d7987eb2ba,hm_a00ad2a2c52a,0.4545454680919647,False
0.0,0.0005,100,sol_e9c66b3834f5fd58,ev_182e62ae22e9,hm_7a9cff01f511,0.4545454680919647,False
0.01,0.0005,1000,sol_57d790ccfd33e27e,ev_183063b047ee,hm_bd4d3751a16f,1.4993946552276611,False
0.02,0.0003,400,sol_79ab60b109cd5e2f,ev_184ccac124ba,hm_1602ff939866,0.8534092307090759,False
0.05,0.0005,10,sol_65de59751ba477dd,ev_187d4ef1c2af,hm_af8fc4d5852f,0.4545454680919647,False
0.02,0.0005,10,sol_be56e2942145da81,ev_189904b30e90,hm_f442e5139114,0.4545454680919647,False
0.01,0.0003,20,sol_bd0bbd1ba7916a41,ev_18c118270de3,hm_3298667cddaa,0.4545454680919647,False
0.01,0.0005,100,sol_74c1d4b3d72e07ea,ev_18c367c8d59d,hm_bd4d3751a16f,0.4545454680919647,False
0.02,0.0005,100,sol_8a02d347c2c5b092,ev_18c9900bc550,hm_f442e5139114,0.6425812244415283,False
0.0,0.0005,200,sol_47e3b627026a93a4,ev_18dbef80d694,hm_7a9cff01f511,0.5669742822647095,False
0.0,0.0001,20,sol_1b84253d5ecfada9,ev_18ead1f20f50,hm_a00ad2a2c52a,0.4545454680919647,False
0.0,0.0005,700,sol_ed5e2602d7850804,ev_18ed23674bb8,hm_7a9cff01f511,1.3972454071044922,False
0.0,0.0003,700,sol_666d30b99c9c79be,ev_195bb5e352d9,hm_a0f8ed47a107,0.9348328709602356,False
0.01,0.0005,200,sol_c618286e76e9a73f,ev_195dc406147b,hm_bd4d3751a16f,0.5998800992965698,False
0.0,0.0001,400,sol_b69e6b775f6d69c4,ev_197910d8a647,hm_a00ad2a2c52a,0.4545454680919647,False
0.0,0.0003,400,sol_ee05a49db6064904,ev_19834e20024c,hm_a0f8ed47a107,0.7436242699623108,False
0.0,0.0005,700,sol_935db74d0573defc,ev_1998a4ef0a0d,hm_7a9cff01f511,1.191750407218933,False
0.01,0.0003,100,sol_607deeba71e7ab40,ev_19b95a607a1a,hm_3298667cddaa,0.5669752359390259,False
0.05,0.0003,20,sol_a98353201a44ed88,ev_19c1a10d2cdd,hm_8c986396d3ec,0.4545454680919647,False
0.05,0.0005,400,sol_3dbc185f76e3ba88,ev_19c442837f08,hm_af8fc4d5852f,168.49998474121094,True
0.01,0.0001,1000,sol_8dfa90ffbf66bf74,ev_19db3d4ba7eb,hm_844cdcf42c7e,4.719809055328369,False
0.0,0.0001,400,sol_4248f8d65c2a56fa,ev_19e1c7e4731a,hm_a00ad2a2c52a,0.4545454680919647,False
0.02,0.0001,50,sol_b83601c446200a1b,ev_19e5e6c0d92d,hm_979a58ab8892,0.5669752359390259,False
0.02,0.0005,200,sol_6af13657259b7833,ev_19f4751f69b2,hm_f442e5139114,1.3629151582717896,False
0.0,0.0001,10,sol_66a7b2a67f87f1e4,ev_1a31a53c3746,hm_a00ad2a2c52a,0.4545454680919647,False
0.05,0.0001,1000,sol_e57df19c67dcf183,ev_1a3f46e4ea30,hm_9108b6e19b67,913.4944458007812,True
0.0,0.0001,100,sol_c87aadc27390962b,ev_1a4a75a70ae5,hm_a00ad2a2c52a,0.4545454680919647,False
0.0,0.0001,100,sol_a2eca6ed4e460cf1,ev_1a6cff81ac88,hm_a00ad2a2c52a,0.4545454680919647,False
0.0,0.0001,10,sol_1e04c00b5b69d7b6,ev_1aa6bb0cf030,hm_a00ad2a2c52a,0.4545454680919647,False
0.0,0.0005,10,sol_100b48070cf17f65,ev_1aaa26253a38,hm_7a9cff01f511,0.4545454680919647,False
0.02,0.0005,100,sol_eefd5f586b88f929,ev_1ab2cc2dfe5e,hm_f442e5139114,0.567003607749939,False
0.05,0.0005,700,sol_478b219a6ca155bf,ev_1ae326e7583e,hm_af8fc4d5852f,1677.1256103515625,True
0.0,0.0005,1000,sol_3085565a8d4b5092,ev_1aefa23711b8,hm_7a9cff01f511,1.2330061197280884,False
0.01,0.0005,10,sol_59d17d2271069494,ev_1b0407a68cb3,hm_bd4d3751a16f,0.4545454680919647,False
0.05,0.0005,100,sol_42cfe628d1bf1319,ev_1b13ef50ef1f,hm_af8fc4d5852f,0.9156010150909424,False
0.02,0.0001,700,sol_4da744850f46a2e9,ev_1bddf28134c7,hm_979a58ab8892,8.317934036254883,False
0.01,0.0003,50,sol_10ffa508c7047cb2,ev_1bee997c28c0,hm_3298667cddaa,0.4545454680919647,False
0.0,0.0005,400,sol_845d8ced2b510937,ev_1c434ebcad4e,hm_7a9cff01f511,0.6984987854957581,False
0.02,0.0001,1000,sol_d8a2f036679ff88d,ev_1c63ffb6971d,hm_979a58ab8892,5.022387504577637,False
0.02,0.0005,400,sol_cf1dfb1e62435999,ev_1ca50dc883ce,hm_f442e5139114,1.927234411239624,False
0.01,0.0001,20,sol_6363f813f0d31179,ev_1cbcdb3bc667,hm_844cdcf42c7e,0.4545454680919647,False
0.02,0.0003,100,sol_fe5a956dd4a6f12d,ev_1cc50d183a1e,hm_1602ff939866,0.6979841589927673,False
0.02,0.0001,400,sol_ef2f76c9898bdf08,ev_1cce5a35dd4e,hm_979a58ab8892,1.178857684135437,False
0.01,0.0003,100,sol_f625c05360ffd686,ev_1d4316276034,hm_3298667cddaa,0.6291068196296692,False
0.0,0.0005,10,sol_f31a276fa2b0537a,ev_1d604f3853e6,hm_7a9cff01f511,0.4545454680919647,False
0.05,0.0005,100,sol_b2456e90d6fb6344,ev_1d8e8f13f45e,hm_af8fc4d5852f,0.9242047071456909,False
0.02,0.0003,200,sol_28bf72bf4737af44,ev_1db5ca0a2882,hm_1602ff939866,0.781276524066925,False
0.05,0.0003,100,sol_95578c0991f5893a,ev_1e13de434727,hm_8c986396d3ec,0.9172641634941101,False
0.0,0.0001,700,sol_522b158b4088f38d,ev_1e53ac7ab0af,hm_a00ad2a2c52a,0.6287781000137329,False
0.0,0.0003,10,sol_42e895cf5d18e2d9,ev_1e5d8467246a,hm_a0f8ed47a107,0.4545454680919647,False
0.05,0.0001,400,sol_37dda6f8458f8f92,ev_1e708f7b2117,hm_9108b6e19b67,177.56126403808594,True
0.01,0.0001,20,sol_f3151f578d7fec66,ev_1e77c0144847,hm_844cdcf42c7e,0.4545454680919647,False
0.01,0.0005,100,sol_665fe4e5377ac573,ev_1ea4ed394695,hm_bd4d3751a16f,0.8740524649620056,False
0.05,0.0001,200,sol_21a5fd75c4001920,ev_1ed10a98266b,hm_9108b6e19b67,2.1000349521636963,False
0.05,0.0003,1000,sol_46f3fdfacdff8c11,ev_1ed7f9f75254,hm_8c986396d3ec,838.4732055664062,True
0.0,0.0003,400,sol_d523685d69280d88,ev_1f108c837d51,hm_a0f8ed47a107,0.5995547771453857,False
0.02,0.0003,1000,sol_5e3d15d02a324852,ev_1f2b0c2f5c90,hm_1602ff939866,19.59038543701172,False
0.02,0.0001,20,sol_4b0de120335b1a17,ev_1f425f4be123,hm_979a58ab8892,0.4545454680919647,False
0.01,0.0005,700,sol_9707574ed673721e,ev_1f488dce5e8b,hm_bd4d3751a16f,1.4999709129333496,False
0.05,0.0003,1000,sol_a6dfc178595d1fdc,ev_1f577f73ff01,hm_8c986396d3ec,1041.7677001953125,True
0.05,0.0001,400,sol_b21bbbd2c9482f0a,ev_1ff19f6346b6,hm_9108b6e19b67,1810.8695068359375,True
0.05,0.0003,10,sol_4f6ea3c24c5272a0,ev_1ff75d9b277c,hm_8c986396d3ec,0.4545454680919647,False
0.01,0.0003,10,sol_1e5a7e49d48451fc,ev_2000e68ee87e,hm_3298667cddaa,0.4545454680919647,False
0.02,0.0005,10,sol_d7db750bcd92d9f7,ev_200479e2eafc,hm_f442e5139114,0.4545454680919647,False
0.05,0.0005,1000,sol_3a984eb3562ad642,ev_204fcf193de8,hm_af8fc4d5852f,1083.0072021484375,True
0.0,0.0005,50,sol_8b80d0c15e9290c8,ev_20570cc47518,hm_7a9cff01f511,0.4545454680919647,False
0.01,0.0005,50,sol_b12d7c5a31d09e06,ev_20bac7798b49,hm_bd4d3751a16f,0.4545454680919647,False
0.02,0.0003,400,sol_b3400d56d8a72b11,ev_20c704c7618e,hm_1602ff939866,1.379930853843689,False
0.01,0.0003,100,sol_c65eda04747a9336,ev_20e759199d0b,hm_3298667cddaa,0.5669752359390259,False
0.0,0.0001,1000,sol_30d245d2ae7107e6,ev_210c0d692e90,hm_a00ad2a2c52a,0.4545399844646454,False
0.01,0.0005,20,sol_ce335faa6672efde,ev_2121d492a9f1,hm_bd4d3751a16f,0.4545454680919647,False
0.05,0.0001,700,sol_fb36221a0db86cd6,ev_21269dd84471,hm_9108b6e19b67,35611.41015625,True
0.05,0.0003,400,sol_b1d80672c96e320b,ev_2150ef2c44ac,hm_8c986396d3ec,14.181801795959473,False
0.01,0.0003,1000,sol_b098b02c069230c0,ev_2160e2a28f25,hm_3298667cddaa,1.4994257688522339,False
0.02,0.0005,100,sol_b38ae37eadfc45a3,ev_21744b4a7e1e,hm_f442e5139114,0.5670042634010315,False
0.01,0.0003,1000,sol_9952e0ca8e6eb78e,ev_217aedab7a6a,hm_3298667cddaa,1.0578757524490356,False
0.01,0.0001,100,sol_d85073eed0969fe4,ev_21c5e0a14332,hm_844cdcf42c7e,0.5669752359390259,False
0.01,0.0003,50,sol_810cea5ef13853eb,ev_220b2830da9a,hm_3298667cddaa,0.4545454680919647,False
0.05,0.0001,50,sol_e6a1e4a8cef18c67,ev_224904f623bc,hm_9108b6e19b67,0.9737685918807983,False
0.05,0.0005,10,sol_54b365da86a2a44e,ev_22bafa2613f6,hm_af8fc4d5852f,0.4545454680919647,False
0.05,0.0003,200,sol_629b89e10770b2b8,ev_22e3504e4180,hm_8c986396d3ec,4.369018077850342,False
0.02,0.0005,200,sol_03efb3d18a7ab28f,ev_22e6b0985a1e,hm_f442e5139114,0.6983872652053833,False
0.01,0.0003,100,sol_7572840f20fb2e17,ev_22ef479b1a7e,hm_3298667cddaa,0.6426169872283936,False
0.02,0.0005,50,sol_fda7d86711933a2a,ev_23277ce7f06b,hm_f442e5139114,0.5669954419136047,False
0.01,0.0005,700,sol_58ef9ef7f267f199,ev_235b163121f7,hm_bd4d3751a16f,1.848681092262268,False
0.0,0.0003,200,sol_1a07ab9ef27baf4a,ev_23bf045bd0f8,hm_a0f8ed47a107,0.5669738054275513,False
0.0,0.0003,100,sol_6026ac25b478a8dd,ev_23c7542a6fd1,hm_a0f8ed47a107,0.8106786608695984,False
0.02,0.0003,400,sol_eb146443e200059e,ev_23cb8bfb1ea7,hm_1602ff939866,1.2859582901000977,False
0.05,0.0001,1000,sol_e22a2e3215eb5241,ev_245d4a492875,hm_9108b6e19b67,974.6397094726562,True
0.05,0.0001,200,sol_5115afacd5e91fca,ev_2495ca4742f2,hm_9108b6e19b67,4.348072052001953,False
0.02,0.0001,10,sol_69eace40341770e0,ev_2495df13039d,hm_979a58ab8892,0.4545454680919647,False
0.0,0.0003,400,sol_56e36d51fe6487f2,ev_249bf31e97c0,hm_a0f8ed47a107,0.5669692158699036,False
0.02,0.0005,400,sol_424128a01aa899e9,ev_24b2c7819859,hm_f442e5139114,1.084006667137146,False
0.01,0.0003,50,sol_edcced2eed67843a,ev_24f151954cc8,hm_3298667cddaa,0.4545454680919647,False
0.02,0.0001,1000,sol_7a5f0e9e51e3273d,ev_24f667bbccf8,hm_979a58ab8892,12.267511367797852,False
0.02,0.0001,50,sol_9916005f2509a735,ev_24ffa300b2bc,hm_979a58ab8892,0.5998844504356384,False
0.0,0.0003,50,sol_1503eecbe84fe9a8,ev_250e1432ee8a,hm_a0f8ed47a107,0.4545454680919647,False
0.0,0.0005,100,sol_ed6c5b1d1e91f557,ev_251ea78ac519,hm_7a9cff01f511,0.4545454680919647,False
0.05,0.0003,200,sol_c0d6d4aebad80de4,ev_2556234eead2,hm_8c986396d3ec,3.143024444580078,False
0.05,0.0001,400,sol_107a7bc49cdd4984,ev_255a2f5c6db0,hm_9108b6e19b67,63.02149963378906,True
0.0,0.0003,20,sol_676be6e236f25d37,ev_25d17ed51eea,hm_a0f8ed47a107,0.4545454680919647,False
0.05,0.0001,400,sol_ba8f99d94aa31637,ev_2621c386d17b,hm_9108b6e19b67,204.37484741210938,True
0.05,0.0005,100,sol_5d14b450b7353e15,ev_26407cad14c3,hm_af8fc4d5852f,0.802262008190155,False
0.02,0.0005,400,sol_878d8737887df1aa,ev_26ac58c92c98,hm_f442e5139114,1.4998611211776733,False
0.02,0.0003,200,sol_721946c2e1c657d0,ev_271e14e8a827,hm_1602ff939866,0.7349111437797546,False
0.01,0.0003,10,sol_bcec66e40cd71ce6,ev_274c3f3a560e,hm_3298667cddaa,0.4545454680919647,False
0.05,0.0003,400,sol_43586ab98c6a4f6d,ev_275f4970703a,hm_8c986396d3ec,1535.336181640625,True
0.0,0.0001,200,sol_cb145277671e4680,ev_276ce398b8d6,hm_a00ad2a2c52a,0.4545454680919647,False
0.01,0.0001,1000,sol_a88c2a4ecf592902,ev_278e8a496a7b,hm_844cdcf42c7e,0.9540688991546631,False
0.05,0.0003,700,sol_e69a6a68f09d98b3,ev_27e164a80f4d,hm_8c986396d3ec,6980.7783203125,True
0.05,0.0005,100,sol_53e0fd6eca98faa1,ev_27e871082eef,hm_af8fc4d5852f,1.0471839904785156,False
0.0,0.0005,1000,sol_e68a1cc9c3048649,ev_27f334341c0b,hm_7a9cff01f511,1.6269477605819702,False
0.02,0.0005,1000,sol_4182bb556ad201b2,ev_28021629138e,hm_f442e5139114,9.290009498596191,False
0.05,0.0001,1000,sol_ed130705e56f325c,ev_2806f2102225,hm_9108b6e19b67,944.494873046875,True
0.02,0.0001,20,sol_57b737277fd8bd3a,ev_28167ee594b8,hm_979a58ab8892,0.4545454680919647,False
0.0,0.0005,1000,sol_b5dda5c378f1e75b,ev_28529db7342b,hm_7a9cff01f511,1.4351366758346558,False
0.01,0.0003,20,sol_f760de79b3c6a9e7,ev_2863f39a7123,hm_3298667cddaa,0.4545454680919647,False
0.05,0.0005,700,sol_306927a4c313dac6,ev_286866f64ec5,hm_af8fc4d5852f,877.1275634765625,True
0.0,0.0003,400,sol_a74d07c898666826,ev_2890939f50fa,hm_a0f8ed47a107,0.5669738054275513,False
0.05,0.0003,50,sol_aad4bf5b5a46354c,ev_28d50ef876ee,hm_8c986396d3ec,0.9737703800201416,False
0.01,0.0001,100,sol_6968678b43a8c3f4,ev_291747a33b02,hm_844cdcf42c7e,0.5669752955436707,False
0.0,0.0001,700,sol_51fbee35eaaeb253,ev_294d07b24a80,hm_a00ad2a2c52a,0.4545454680919647,False
0.01,0.0001,20,sol_0f8da52d28457643,ev_2961e1683ff3,hm_844cdcf42c7e,0.4545454680919647,False
0.02,0.0001,400,sol_957b64f924bf8fc2,ev_29b739c175cd,hm_979a58ab8892,1.4999463558197021,False
0.01,0.0003,100,sol_1a3a57976c9790bb,ev_29caabe9b066,hm_3298667cddaa,0.7303802967071533,False
0.05,0.0005,1000,sol_2bec6363d0e6d4ac,ev_29eb0345aa8e,hm_af8fc4d5852f,922.8876342773438,True
0.05,0.0001,700,sol_fd6fdef48f2507ac,ev_29f33ddcc03a,hm_9108b6e19b67,422.2548828125,True
0.01,0.0001,200,sol_9503084857e9c6d6,ev_29faae81828b,hm_844cdcf42c7e,0.5669670104980469,False
0.01,0.0001,1000,sol_b269abdae4325322,ev_29fe46666702,hm_844cdcf42c7e,1.96439790725708,False
0.05,0.0003,1000,sol_2b4305a7418a16b8,ev_2a040840f2d7,hm_8c986396d3ec,1268.411865234375,True
0.02,0.0003,700,sol_d55f3822decfe29a,ev_2a1edc9a8749,hm_1602ff939866,4.340344429016113,False
0.05,0.0001,700,sol_d5c0a42d1b6f7e75,ev_2a2a4d3f1067,hm_9108b6e19b67,15601.443359375,True
0.02,0.0003,50,sol_92e7f24d8592d5d9,ev_2a56747470c8,hm_1602ff939866,0.7911280989646912,False
0.02,0.0001,400,sol_2d6183eebf6fd5cd,ev_2a7541b64257,hm_979a58ab8892,1.7952253818511963,False
0.05,0.0003,20,sol_79d205ff57135718,ev_2a82bd9f46cf,hm_8c986396d3ec,0.4545454680919647,False
0.02,0.0003,50,sol_e51baf299d27bd5e,ev_2a9d240b7db3,hm_1602ff939866,0.4545454680919647,False
0.02,0.0005,400,sol_a018dffabe1cf1e6,ev_2ac4d9fd63d9,hm_f442e5139114,11.300190925598145,False
0.05,0.0005,1000,sol_b00aa68ac8b674be,ev_2ac828b96c43,hm_af8fc4d5852f,793.6316528320312,True
0.0,0.0003,1000,sol_4b32c564cb29ad30,ev_2b10022ab620,hm_a0f8ed47a107,1.1538752317428589,False
0.0,0.0005,10,sol_2898501ef0cd51b3,ev_2b2b5420ee17,hm_7a9cff01f511,0.4545454680919647,False
0.01,0.0005,200,sol_7222c04422451f04,ev_2b2fd36e52da,hm_bd4d3751a16f,0.5997939109802246,False
0.05,0.0001,1000,sol_011059d6c5d7d35b,ev_2b493f4aeb38,hm_9108b6e19b67,763.2139282226562,True
0.0,0.0001,100,sol_e13a0ea064276bf7,ev_2b539c7425a0,hm_a00ad2a2c52a,0.4545454680919647,False
0.05,0.0005,20,sol_5dfc22fb3128391e,ev_2b547ab72a00,hm_af8fc4d5852f,0.4545454680919647,False
0.0,0.0003,20,sol_813b655277cc1ada,ev_2b564a60876c,hm_a0f8ed47a107,0.4545454680919647,False
0.01,0.0003,200,sol_4232637cf0bf7811,ev_2b7fbfb03c8a,hm_3298667cddaa,0.5669935941696167,False
0.0,0.0005,1000,sol_760c2af446b730ad,ev_2bc7b3974686,hm_7a9cff01f511,1.1326924562454224,False
0.0,0.0003,50,sol_3da1909365d94a22,ev_2bcfccabde98,hm_a0f8ed47a107,0.4545454680919647,False
0.0,0.0003,10,sol_36a9e63a41374244,ev_2bd7f7870def,hm_a0f8ed47a107,0.4545454680919647,False
0.01,0.0003,1000,sol_4d6f1bce4b09d478,ev_2bea2f3cb4b5,hm_3298667cddaa,3.2028822898864746,False
0.02,0.0005,20,sol_2d8ce4ed2f0e7469,ev_2bf0abacfe94,hm_f442e5139114,0.4545454680919647,False
0.01,0.0003,100,sol_698ecdeaa75efa23,ev_2c03bb0ab607,hm_3298667cddaa,0.4545454680919647,False
0.02,0.0001,20,sol_aafbb88ffaf4cf98,ev_2c32e198b0d2,hm_979a58ab8892,0.4545454680919647,False
0.02,0.0001,20,sol_c4b428944eae8f02,ev_2c3f8d8abc2d,hm_979a58ab8892,0.4545454680919647,False
0.05,0.0003,10,sol_4366587e4ad4d1cf,ev_2ca3b768337f,hm_8c986396d3ec,0.4545454680919647,False
0.05,0.0003,700,sol_696ef56949001e3d,ev_2cd1c4837470,hm_8c986396d3ec,5687.09130859375,True
0.05,0.0005,400,sol_60c744c92ce95ccf,ev_2cfb52fe4f59,hm_af8fc4d5852f,13.973641395568848,False
0.01,0.0005,20,sol_6d56601d8fed28ab,ev_2d121cab2d11,hm_bd4d3751a16f,0.4545454680919647,False
0.01,0.0001,400,sol_6fe16c144c577142,ev_2d228ddbdbfb,hm_844cdcf42c7e,0.5997668504714966,False
0.01,0.0001,10,sol_220bf6d6b7e83724,ev_2d4db0f080a0,hm_844cdcf42c7e,0.4545454680919647,False
0.01,0.0003,100,sol_8d71ab0ec77c4f47,ev_2db15c572435,hm_3298667cddaa,0.4545454680919647,False
0.0,0.0001,50,sol_62afde47f1f421a8,ev_2dd96d2a5890,hm_a00ad2a2c52a,0.4545454680919647,False
0.0,0.0003,200,sol_eb9b06c44df82c98,ev_2dfb3897641b,hm_a0f8ed47a107,0.5669738054275513,False
0.05,0.0005,20,sol_b0e53906b022fd25,ev_2e0049c018ad,hm_af8fc4d5852f,0.5670102834701538,False
0.02,0.0003,400,sol_a98c4b98fb5e1f5e,ev_2e0a8d4f9ba3,hm_1602ff939866,2.306572198867798,False
0.05,0.0003,1000,sol_01421012c43fd4b2,ev_2e2526ffba32,hm_8c986396d3ec,912.7680053710938,True
0.05,0.0005,400,sol_ffc966f997b81128,ev_2e35d50a1673,hm_af8fc4d5852f,9.1138334274292,False
0.01,0.0005,200,sol_70f2b2e8595797be,ev_2e5ae6c0f938,hm_bd4d3751a16f,0.734734296798706,False
0.05,0.0005,200,sol_aee92e383d1e6217,ev_2ea52d502bc9,hm_af8fc4d5852f,3.6666643619537354,False
0.02,0.0005,400,sol_347649ba58db8507,ev_2ee06afc8aff,hm_f442e5139114,1.5000009536743164,False
0.0,0.0001,1000,sol_fdd93522910ed80d,ev_2ee4ca65d248,hm_a00ad2a2c52a,0.5642264485359192,False
0.02,0.0005,700,sol_ee5c87fc9b39dc48,ev_2ef7b27a0b59,hm_f442e5139114,3.223381757736206,False
0.0,0.0005,10,sol_619cb4feadbffd95,ev_2f04f742394b,hm_7a9cff01f511,0.4545454680919647,False
0.05,0.0003,50,sol_8a07deae059674b3,ev_2f102ebfa796,hm_8c986396d3ec,1.157907247543335,False
0.01,0.0001,400,sol_1cef5f2177ff933b,ev_2f35e84a209c,hm_844cdcf42c7e,1.4352917671203613,False
0.02,0.0001,700,sol_40a571412c6c9b7d,ev_2f43c5838083,hm_979a58ab8892,2.8857345581054688,False
0.02,0.0003,20,sol_6a474e265c92b984,ev_2f4a54f8357e,hm_1602ff939866,0.4545454680919647,False
0.02,0.0005,400,sol_d42fd4d10cfbc21e,ev_2fa7e61bc7ad,hm_f442e5139114,2.368972063064575,False
0.0,0.0003,1000,sol_8299d359740ca250,ev_2fb54bc18b51,hm_a0f8ed47a107,1.1452462673187256,False
0.0,0.0001,400,sol_e2170a0faa80f29f,ev_2fcc63d6872f,hm_a00ad2a2c52a,0.4545454680919647,False
0.0,0.0001,50,sol_0e5ca0af74922cda,ev_2fd7f2796562,hm_a00ad2a2c52a,0.4545454680919647,False
0.05,0.0001,400,sol_86b4c64402b4e188,ev_2fd96c07e463,hm_9108b6e19b67,17.48441505432129,False
0.01,0.0005,400,sol_4a86c5a9e19b2196,ev_2fee4e728f6e,hm_bd4d3751a16f,1.1778301000595093,False
0.01,0.0003,10,sol_1104255ca4431e9d,ev_30028df8a1ae,hm_3298667cddaa,0.4545454680919647,False
0.01,0.0001,400,sol_9b08242cdc6fbd14,ev_3012a53213ec,hm_844cdcf42c7e,1.2814829349517822,False
0.01,0.0003,50,sol_bc00c982de4512a5,ev_30471a8510e7,hm_3298667cddaa,0.4545454680919647,False
0.02,0.0003,200,sol_449fee9d43d2fffd,ev_30653e62d5dd,hm_1602ff939866,1.435083031654358,False
0.0,0.0005,1000,sol_48c9154183ac3712,ev_306c2407f603,hm_7a9cff01f511,0.650093674659729,False
0.02,0.0005,1000,sol_35042d9c4faacfa4,ev_308109f1ac7b,hm_f442e5139114,25.001333236694336,False
0.02,0.0001,1000,sol_bf05a94c060a21e6,ev_30b1f14abcc0,hm_979a58ab8892,48.21098709106445,False
0.05,0.0003,50,sol_cdad92dd5aa9bc3b,ev_30f8cbb290b4,hm_8c986396d3ec,0.7608713507652283,False
0.05,0.0001,100,sol_16ea0d9732090aae,ev_31182e567067,hm_9108b6e19b67,1.8363250494003296,False
0.0,0.0001,1000,sol_8a63566d9be3ad55,ev_311f5ecb3b89,hm_a00ad2a2c52a,0.5642297267913818,False
0.02,0.0001,20,sol_75311c077ccc7897,ev_3139b8182366,hm_979a58ab8892,1.2213726043701172,False
0.0,0.0005,100,sol_9c73c5b329b6a733,ev_314b8ec1da7d,hm_7a9cff01f511,0.4545454680919647,False
0.01,0.0003,700,sol_e1b04fbf911f55f4,ev_319a031ecf6e,hm_3298667cddaa,1.3967236280441284,False
0.05,0.0005,100,sol_c01ab5ac674f76cf,ev_31abdeedbac2,hm_af8fc4d5852f,2.108670949935913,False
0.02,0.0003,100,sol_8c25f7cf426c363a,ev_31c4c6e7e1d1,hm_1602ff939866,0.7349249124526978,False
0.01,0.0005,200,sol_212a6c1151f578fe,ev_31cbcc637ecd,hm_bd4d3751a16f,0.6851420998573303,False
0.05,0.0003,400,sol_82b11dcb7d5012bf,ev_31f37ccfdc14,hm_8c986396d3ec,95.22702026367188,True
0.02,0.0003,200,sol_b1cd9ece8cd28bbc,ev_3253a5cce05e,hm_1602ff939866,0.8648547530174255,False
0.01,0.0005,10,sol_5a59daa1f258af81,ev_328f0d1c726b,hm_bd4d3751a16f,0.4545454680919647,False
0.01,0.0001,50,sol_d5be640c6431c529,ev_329eb0edf391,hm_844cdcf42c7e,0.4545454680919647,False
0.0,0.0003,700,sol_b680c1ddba90fde7,ev_32bb5acf4d11,hm_a0f8ed47a107,0.5998536348342896,False
0.0,0.0001,400,sol_32241704eaf9199e,ev_32e4e5699205,hm_a00ad2a2c52a,0.4545454680919647,False
0.02,0.0003,700,sol_a2e87706bd501f8f,ev_32ef892c1535,hm_1602ff939866,32.905250549316406,False
0.05,0.0005,50,sol_da31ac2d110924a2,ev_33a943f9d588,hm_af8fc4d5852f,2.366642475128174,False
0.05,0.0003,1000,sol_307bd73876ceba6b,ev_33f7f1a9eb9f,hm_8c986396d3ec,959.2471313476562,True
0.01,0.0005,50,sol_7f9d32824a9fa326,ev_34402f8ce76f,hm_bd4d3751a16f,0.566979706287384,False
0.0,0.0003,100,sol_c67c00fcabbeae2c,ev_3462fb1288e4,hm_a0f8ed47a107,0.4545454680919647,False
0.01,0.0001,10,sol_ce74ba8dd9bef219,ev_34b7d46cd19f,hm_844cdcf42c7e,0.4545454680919647,False
0.01,0.0001,400,sol_49e29c7877874728,ev_34bc507259e4,hm_844cdcf42c7e,1.0311319828033447,False
0.01,0.0005,10,sol_dd6d516c90a2af53,ev_34d8e5aaad3a,hm_bd4d3751a16f,0.4545454680919647,False
0.02,0.0003,700,sol_01cb003bb4d34d63,ev_34fe48048dea,hm_1602ff939866,5.1824421882629395,False
0.01,0.0003,700,sol_3c4888795fa66da4,ev_351d779445dc,hm_3298667cddaa,1.3217928409576416,False
0.05,0.0003,200,sol_943b9d3a79ea6efc,ev_354407b766b2,hm_8c986396d3ec,2.844241142272949,False
0.01,0.0003,200,sol_1ee1e8fd6e2b4fdc,ev_355ba30817d8,hm_3298667cddaa,0.8712179064750671,False
0.0,0.0001,400,sol_57a63f3c6f48f9a2,ev_358106ea56a4,hm_a00ad2a2c52a,0.4545454680919647,False
0.02,0.0003,20,sol_d7fc6eb38f3dbb3b,ev_35d04933ee04,hm_1602ff939866,0.4545454680919647,False
0.05,0.0005,400,sol_dfcb497d7b9a8229,ev_35d19c8a6db1,hm_af8fc4d5852f,218.7210693359375,True
0.02,0.0005,700,sol_3842b3d214fc9511,ev_35da2df7f615,hm_f442e5139114,7.617943286895752,False
0.01,0.0005,1000,sol_36c00b19f00d184f,ev_36124c855469,hm_bd4d3751a16f,2.1397318840026855,False
0.01,0.0003,700,sol_00ae307dc62e9c0a,ev_3626fe09908b,hm_3298667cddaa,1.4999696016311646,False
0.0,0.0003,100,sol_b464bb6ec0b84c3b,ev_36ac9afa2001,hm_a0f8ed47a107,0.4545454680919647,False
0.0,0.0003,1000,sol_7c1dcb1f6c65253f,ev_36c7c1029f77,hm_a0f8ed47a107,0.5998051166534424,False
0.0,0.0005,200,sol_b32c593b7b35d0ff,ev_36f3b0a89785,hm_7a9cff01f511,0.5669640898704529,False
0.0,0.0003,400,sol_5896493b08226b1f,ev_37397f600f23,hm_a0f8ed47a107,0.5996233224868774,False
0.05,0.0005,400,sol_578a01ea3a4fa404,ev_375374af6756,hm_af8fc4d5852f,27.618928909301758,False
0.05,0.0005,100,sol_f5be218c94082446,ev_3760d29e2d0a,hm_af8fc4d5852f,0.7439795136451721,False
0.05,0.0005,20,sol_409e87fb0665e7b4,ev_379b215500bb,hm_af8fc4d5852f,0.6000000238418579,False
0.01,0.0005,10,sol_7cdd068b9c0a3113,ev_379c4060ed73,hm_bd4d3751a16f,0.4545454680919647,False
0.0,0.0003,700,sol_c17a22e7b3bef1da,ev_37d097271a80,hm_a0f8ed47a107,0.7607746124267578,False
0.01,0.0001,1000,sol_83526b06df315ad6,ev_37e23ffb3986,hm_844cdcf42c7e,2.3569281101226807,False
0.0,0.0005,100,sol_a43ffd8fc157f937,ev_37e55b985142,hm_7a9cff01f511,0.5999875664710999,False
0.01,0.0001,10,sol_7bbb5e11caaf5b99,ev_381a6fa3ef5f,hm_844cdcf42c7e,0.4545454680919647,False
0.05,0.0005,200,sol_24579f31b29386df,ev_382ec6b55086,hm_af8fc4d5852f,3.538499116897583,False
0.05,0.0001,50,sol_b6ca61e533e5bcb4,ev_383a12033394,hm_9108b6e19b67,0.6983156204223633,False
0.0,0.0005,700,sol_f4a5583ce7be201e,ev_38c0974ff61f,hm_7a9cff01f511,0.8527426719665527,False
0.05,0.0005,100,sol_1662ccf89089e2f7,ev_38c32c289b75,hm_af8fc4d5852f,1.4999878406524658,False
0.02,0.0001,200,sol_a2e4cff5d6e3cb74,ev_38d821182571,hm_979a58ab8892,0.9714657068252563,False
0.0,0.0005,200,sol_2fdc8868046d9036,ev_3900b68d8ceb,hm_7a9cff01f511,0.5669747591018677,False
0.05,0.0001,400,sol_511f2167d8cbd90b,ev_3925c783e607,hm_9108b6e19b67,183.32891845703125,True
0.05,0.0003,1000,sol_4ca3acfe0c903389,ev_392690b8817e,hm_8c986396d3ec,1151.0570068359375,True
0.01,0.0001,20,sol_fc10fc88107cf2ae,ev_392d61e93767,hm_844cdcf42c7e,0.4545454680919647,False
0.0,0.0005,700,sol_4d6f95fbccc37b87,ev_3976bbc4b3e7,hm_7a9cff01f511,1.1922826766967773,False
0.0,0.0001,50,sol_b7dfc82352649320,ev_3987f36dafef,hm_a00ad2a2c52a,0.4545454680919647,False
0.02,0.0005,1000,sol_f19ce6ea98e1412d,ev_39b034efaffa,hm_f442e5139114,36.0536003112793,False
0.02,0.0003,20,sol_c6841a95a61d8fd8,ev_39b57f4aec72,hm_1602ff939866,0.4545454680919647,False
0.05,0.0005,1000,sol_7e22bb0f90f99555,ev_39d3ad77d9ee,hm_af8fc4d5852f,901.4166259765625,True
0.0,0.0003,400,sol_e6038a8958aa1671,ev_39ffeaca3bbd,hm_a0f8ed47a107,0.5997080206871033,False
0.02,0.0003,100,sol_87ca6e22b43236ed,ev_3a096c2503eb,hm_1602ff939866,1.0385432243347168,False
0.05,0.0003,10,sol_3575510e04c087fe,ev_3a16133cc714,hm_8c986396d3ec,0.6000000238418579,False
0.02,0.0001,10,sol_371b9bd5e68d68ef,ev_3a51482bf7bd,hm_979a58ab8892,0.4545454680919647,False
0.02,0.0005,20,sol_a5839fea0ed66b89,ev_3a849c7d51bc,hm_f442e5139114,0.4545454680919647,False
0.02,0.0005,200,sol_fe520c218e1ac46a,ev_3a94b4b642d1,hm_f442e5139114,1.43523371219635,False
0.0,0.0001,1000,sol_11531b259752eccf,ev_3abcd83bfaa1,hm_a00ad2a2c52a,0.5996018052101135,False
0.05,0.0001,1000,sol_81a738b49c85bc55,ev_3acf66116ab5,hm_9108b6e19b67,1112.7034912109375,True
0.01,0.0005,400,sol_3cf896a1a0c80dcc,ev_3ad7dcc5da19,hm_bd4d3751a16f,0.7804111838340759,False
0.01,0.0003,10,sol_9f8f19598ea84713,ev_3ae7931c8286,hm_3298667cddaa,0.4545454680919647,False
0.05,0.0003,50,sol_58cd0c82f44fc89c,ev_3b181bdf296d,hm_8c986396d3ec,0.5998453497886658,False
0.01,0.0001,400,sol_a3348e0aea849925,ev_3b20e9e858d1,hm_844cdcf42c7e,0.861851155757904,False
0.0,0.0001,50,sol_98adde42db6cbedb,ev_3bd70f4c7824,hm_a00ad2a2c52a,0.4545454680919647,False
0.01,0.0001,200,sol_6bb45bf120fe77ae,ev_3c18716d237c,hm_844cdcf42c7e,0.7236495614051819,False
0.0,0.0005,10,sol_6b439ff30e2c1cab,ev_3c69bd00da26,hm_7a9cff01f511,0.4545454680919647,False
0.0,0.0005,200,sol_2fc87dd0c34cf1a0,ev_3c8b342594cf,hm_7a9cff01f511,0.5669742822647095,False
0.02,0.0003,20,sol_2d674736a96301eb,ev_3cb758b608f3,hm_1602ff939866,0.5670102834701538,False
0.05,0.0001,20,sol_206f9d938a731589,ev_3cc3b5eaf601,hm_9108b6e19b67,1.5,False
0.01,0.0005,400,sol_db8271e90d35d9f6,ev_3ce2a37aefae,hm_bd4d3751a16f,1.9593626260757446,False
0.0,0.0005,20,sol_70b52153a2c04797,ev_3d419aad718b,hm_7a9cff01f511,0.4545454680919647,False
0.02,0.0003,700,sol_b9f47349d6ee0b24,ev_3d45e31b6100,hm_1602ff939866,3.8706858158111572,False
0.0,0.0005,50,sol_9f4af163811f18f8,ev_3d5516af0a8c,hm_7a9cff01f511,0.4545454680919647,False
0.01,0.0005,100,sol_e2cf65ba06fdbaec,ev_3d5f453ab75d,hm_bd4d3751a16f,1.141830325126648,False
0.0,0.0005,10,sol_293139f6c6f787c9,ev_3db098fb7900,hm_7a9cff01f511,0.4545454680919647,False
0.01,0.0005,50,sol_84d2df56fa08dd4f,ev_3dba339b1444,hm_bd4d3751a16f,0.4545454680919647,False
0.02,0.0005,200,sol_f3c0137bccbd0511,ev_3dbf32ff464c,hm_f442e5139114,0.805189847946167,False
0.0,0.0001,400,sol_59d444dc2d6a015a,ev_3df2801980f3,hm_a00ad2a2c52a,0.4545454680919647,False
0.0,0.0003,700,sol_b70d60f2ed6b068f,ev_3df2c0123653,hm_a0f8ed47a107,0.7289786338806152,False
0.0,0.0001,100,sol_efb63b180efba1ea,ev_3e282e5f627a,hm_a00ad2a2c52a,0.4545454680919647,False
0.0,0.0003,200,sol_8c41739004d25fa2,ev_3e3662dbf123,hm_a0f8ed47a107,0.4545454680919647,False
0.05,0.0003,20,sol_05b10b33d7412435,ev_3e428a2edb7a,hm_8c986396d3ec,0.4545454680919647,False
0.02,0.0003,20,sol_c7558a5692e7b202,ev_3e549386bf5a,hm_1602ff939866,0.4545454680919647,False
0.05,0.0003,100,sol_f4e10cd8de142d00,ev_3e579e803423,hm_8c986396d3ec,1.4352524280548096,False
0.0,0.0003,10,sol_3adb59abe47cd440,ev_3e57e4f2ffc9,hm_a0f8ed47a107,0.4545454680919647,False
0.02,0.0005,700,sol_375714c07d8bd868,ev_3e85e30c76c7,hm_f442e5139114,3.666666030883789,False
0.02,0.0001,200,sol_037b70c3d7d266c0,ev_3e933c645987,hm_979a58ab8892,1.352018117904663,False
0.0,0.0003,50,sol_0948c88c82a3cad4,ev_3e991c3b7f36,hm_a0f8ed47a107,0.6000000238418579,False
0.01,0.0003,400,sol_f22d28b9aa72d016,ev_3eacd40185c4,hm_3298667cddaa,0.5997964143753052,False
0.0,0.0001,200,sol_cb08864728c0ab5e,ev_3ef8a83391f2,hm_a00ad2a2c52a,0.4545454680919647,False
0.02,0.0005,700,sol_3f119a6c8e849ceb,ev_3f05a2d09d02,hm_f442e5139114,57.23450469970703,True
0.0,0.0005,50,sol_5ab08bf91b86d6a6,ev_3f3e55cb20ae,hm_7a9cff01f511,0.4545454680919647,False
0.02,0.0005,700,sol_7c8d2110b07677cb,ev_3fac16520f49,hm_f442e5139114,5.953193664550781,False
0.02,0.0003,50,sol_147d51da09739117,ev_3fede904a5fc,hm_1602ff939866,0.795699417591095,False
0.0,0.0003,200,sol_1de0f4d00fdd84c8,ev_3ffb878e29b1,hm_a0f8ed47a107,0.4545454680919647,False
0.0,0.0003,700,sol_1941aa892a2fa46a,ev_403380e7f8b9,hm_a0f8ed47a107,0.5999040603637695,False
0.05,0.0003,20,sol_bca2087a0a9eccf9,ev_4035bcb7a9c0,hm_8c986396d3ec,0.5670102834701538,False
0.02,0.0001,200,sol_e4141905de0706e9,ev_40747d8ca928,hm_979a58ab8892,0.7436349987983704,False
0.05,0.0001,10,sol_09235dd3e31f5808,ev_407aa0046558,hm_9108b6e19b67,0.4545454680919647,False
0.05,0.0001,700,sol_32b22c858c014f18,ev_40895745ad63,hm_9108b6e19b67,7440.65234375,True
0.0,0.0003,20,sol_8ec06d8ba12f1e90,ev_40bd8f577c15,hm_a0f8ed47a107,0.4545454680919647,False
0.0,0.0001,700,sol_4a9bfa2a6ab01c51,ev_40e692586a55,hm_a00ad2a2c52a,0.4545454680919647,False
0.01,0.0005,20,sol_70937de76f248a35,ev_40ec5e0f073e,hm_bd4d3751a16f,0.4545454680919647,False
0.02,0.0001,700,sol_b16eee9956533d84,ev_40f0606ffa83,hm_979a58ab8892,3.535344123840332,False
0.0,0.0001,50,sol_63e4855b184a18e4,ev_40f45fb59d84,hm_a00ad2a2c52a,0.4545454680919647,False
0.05,0.0005,50,sol_c110bb099dfdc97c,ev_4106467ad577,hm_af8fc4d5852f,1.435235619544983,False
0.05,0.0003,50,sol_42d6e0f937790427,ev_4126a9ee3fe7,hm_8c986396d3ec,1.4315475225448608,False
0.05,0.0003,20,sol_a54f2ed7493066e0,ev_416f634f03cc,hm_8c986396d3ec,1.5,False
0.05,0.0001,20,sol_e68bc13253ef27e4,ev_417874b50129,hm_9108b6e19b67,0.5670102834701538,False
0.0,0.0005,50,sol_ce016ad5b7bed980,ev_418fce36ab4f,hm_7a9cff01f511,0.4545454680919647,False
0.02,0.0005,50,sol_7607f33d0b6290f9,ev_41ec50cf5209,hm_f442e5139114,0.6721533536911011,False
0.0,0.0001,200,sol_02980e584457137a,ev_4207c179b3ac,hm_a00ad2a2c52a,0.5669741034507751,False
0.02,0.0001,10,sol_bff870634a429198,ev_422560f3411f,hm_979a58ab8892,0.4545454680919647,False
0.05,0.0001,100,sol_dcd85ae6ebfded4e,ev_423418cc080a,hm_9108b6e19b67,1.1894195079803467,False
0.01,0.0001,1000,sol_d84ecdf77187f2f5,ev_4257d198cbf2,hm_844cdcf42c7e,1.1937012672424316,False
0.02,0.0001,10,sol_35d5681e659ce884,ev_42a62b6d3e1d,hm_979a58ab8892,0.4545454680919647,False
0.02,0.0005,200,sol_1b0634a0d0cf29d5,ev_42ac781ac6e6,hm_f442e5139114,0.6979387998580933,False
0.05,0.0003,50,sol_36f2f47fc22cef09,ev_42f99a190eb0,hm_8c986396d3ec,0.7819443941116333,False
0.02,0.0001,400,sol_0ddf4c1c26dd9d56,ev_4301889394ef,hm_979a58ab8892,1.5688203573226929,False
0.02,0.0003,1000,sol_6aca4f8e392bab75,ev_432e3436a194,hm_1602ff939866,25.144237518310547,False
0.0,0.0005,50,sol_141d38df814b1f67,ev_43393a539ad7,hm_7a9cff01f511,0.4545454680919647,False
0.02,0.0001,400,sol_826af68b7f7a42e5,ev_4367f03599a5,hm_979a58ab8892,1.645505428314209,False
0.01,0.0003,700,sol_9aba296309f7d384,ev_437d00abbc91,hm_3298667cddaa,1.4998831748962402,False
0.02,0.0001,700,sol_4d868781fb72d620,ev_43a08eb320e5,hm_979a58ab8892,43.7842903137207,False
0.05,0.0001,10,sol_f779af5bc3716af9,ev_43d031a73807,hm_9108b6e19b67,0.5670102834701538,False
0.0,0.0003,10,sol_a5ba0810150deeb0,ev_43ebb1822f87,hm_a0f8ed47a107,0.4545454680919647,False
0.0,0.0003,400,sol_2aacb0209bf2b634,ev_43f5dc436987,hm_a0f8ed47a107,0.5669675469398499,False
0.05,0.0005,20,sol_380f29cd7df0b0ad,ev_43fad5d952e4,hm_af8fc4d5852f,0.4545454680919647,False
0.01,0.0005,400,sol_c9c9bfb97aa4e2c7,ev_43fe0ae67442,hm_bd4d3751a16f,22.00614356994629,False
0.01,0.0005,200,sol_45e8c088f4b84cf5,ev_4400b29261b9,hm_bd4d3751a16f,0.6290590167045593,False
0.0,0.0005,1000,sol_677399c081d751be,ev_44096472b71b,hm_7a9cff01f511,1.191707730293274,False
0.01,0.0001,100,sol_8c1fc2f4db0d2927,ev_4410262ecbf6,hm_844cdcf42c7e,0.4545454680919647,False
0.0,0.0003,20,sol_54495a5036af73d3,ev_4410d74cd860,hm_a0f8ed47a107,0.4545454680919647,False
0.01,0.0003,700,sol_f9ba215017ec08e4,ev_4443811f7e4f,hm_3298667cddaa,1.3917237520217896,False
0.0,0.0005,400,sol_1f5e323801cf6dda,ev_444635b2feed,hm_7a9cff01f511,0.5995500087738037,False
0.02,0.0005,10,sol_ee3224fcfa9daca9,ev_447320b9b36a,hm_f442e5139114,0.4545454680919647,False
0.02,0.0001,200,sol_8e2913bf5dc38bca,ev_44798b9fd18c,hm_979a58ab8892,2.2214746475219727,False
0.02,0.0003,1000,sol_4c3571f89742f477,ev_44a6e55fa473,hm_1602ff939866,7.066664695739746,False
0.0,0.0001,200,sol_b3da49fa53200ce6,ev_44c5773167e9,hm_a00ad2a2c52a,0.8260018825531006,False
0.01,0.0003,50,sol_872a7a2a4c669b42,ev_44f4d7b1f14d,hm_3298667cddaa,0.4545454680919647,False
0.02,0.0003,700,sol_b7985ccae8b98c71,ev_44fe465db2a2,hm_1602ff939866,10.069413185119629,False
0.01,0.0005,20,sol_0b440633d361848e,ev_45277f38ff21,hm_bd4d3751a16f,0.4545454680919647,False
0.02,0.0003,10,sol_9fa95c23ae39582b,ev_453010b70b0b,hm_1602ff939866,0.4545454680919647,False
0.0,0.0005,1000,sol_1d410733212f344e,ev_453db7a7984b,hm_7a9cff01f511,1.8557296991348267,False
0.05,0.0001,1000,sol_8aa6c1d245984d2a,ev_455325f3f8c3,hm_9108b6e19b67,1276.545166015625,True
0.05,0.0003,50,sol_a74d68234f1d39ec,ev_4571cb8b6e6b,hm_8c986396d3ec,2.18839693069458,False
0.02,0.0005,400,sol_95402047ac8bb845,ev_459c5eeaa4d9,hm_f442e5139114,1.1575711965560913,False
0.05,0.0005,50,sol_bbac1c34886beb6e,ev_45a88777d871,hm_af8fc4d5852f,1.500002145767212,False
0.0,0.0001,700,sol_58770750ac9cedbe,ev_45c7e12603c9,hm_a00ad2a2c52a,0.5669548511505127,False
0.01,0.0003,400,sol_1dc7f0fa6b18dd54,ev_45e4de8d2ec4,hm_3298667cddaa,0.8646872639656067,False
0.02,0.0003,100,sol_e9bf0aa2814090dd,ev_46250d33ca2b,hm_1602ff939866,0.5670032501220703,False
0.0,0.0005,700,sol_2295f35fa0867d40,ev_463caaffc3a8,hm_7a9cff01f511,1.4999885559082031,False
0.02,0.0001,200,sol_07a7439139d44dff,ev_463d1908e6ca,hm_979a58ab8892,0.8221826553344727,False
0.05,0.0005,10,sol_c2878ec190a5399d,ev_464b224706dc,hm_af8fc4d5852f,0.5670102834701538,False
0.05,0.0001,50,sol_1513e066cacc43a8,ev_464f0db53dc4,hm_9108b6e19b67,1.9908028841018677,False
0.05,0.0001,20,sol_d891ebd80df38ce3,ev_46991995fd3b,hm_9108b6e19b67,0.5670102834701538,False
0.0,0.0001,700,sol_b4c2b21e7581a0bc,ev_469d39330e11,hm_a00ad2a2c52a,0.5641465187072754,False
0.05,0.0005,1000,sol_15bd550b83de529b,ev_46c52af204e8,hm_af8fc4d5852f,994.17333984375,True
0.01,0.0003,1000,sol_ea8627d3b6274a8f,ev_471110aeda55,hm_3298667cddaa,1.7606890201568604,False
0.01,0.0005,400,sol_9ba1cd71dcd9bef2,ev_47249e596202,hm_bd4d3751a16f,1.0258678197860718,False
0.0,0.0003,1000,sol_69777527190360e2,ev_475f8259955c,hm_a0f8ed47a107,0.7605185508728027,False
0.05,0.0001,50,sol_ec2f2c1ce89376fd,ev_47848ed3e927,hm_9108b6e19b67,0.6983222365379333,False
0.0,0.0003,50,sol_fba290102edb35d1,ev_47d9c42b104c,hm_a0f8ed47a107,0.4545454680919647,False
0.02,0.0001,700,sol_0c62f67606a6fd69,ev_47e1df4ae7a0,hm_979a58ab8892,2.6550328731536865,False
0.0,0.0001,700,sol_ef5a48287fdc65ce,ev_47e762185c13,hm_a00ad2a2c52a,0.5642499923706055,False
0.05,0.0001,50,sol_b00d2125103617e3,ev_485ea9f79d7e,hm_9108b6e19b67,1.1040458679199219,False
0.02,0.0003,100,sol_60e0d2e692d309ba,ev_48b30ebda6bd,hm_1602ff939866,0.5669768452644348,False
0.02,0.0003,10,sol_70eb4f3a510b38ff,ev_48be59a6df31,hm_1602ff939866,0.4545454680919647,False
0.02,0.0001,400,sol_505c7cfddaa0f2b0,ev_48d0a578c3d1,hm_979a58ab8892,1.4999876022338867,False
0.0,0.0001,700,sol_68b69b6b7485f0e6,ev_48d8c5b46b99,hm_a00ad2a2c52a,0.564259946346283,False
0.01,0.0003,100,sol_f4937f6331e7f08a,ev_48de885bc817,hm_3298667cddaa,0.4545454680919647,False
0.05,0.0001,50,sol_81fb15ba164c7d29,ev_4902ea150e52,hm_9108b6e19b67,1.2783558368682861,False
0.02,0.0001,100,sol_aaee3b7c4530a7cc,ev_495fd8588d3b,hm_979a58ab8892,1.2783600091934204,False
0.0,0.0005,400,sol_6800ea0ff47a9166,ev_498d762bc435,hm_7a9cff01f511,0.566933274269104,False
0.01,0.0003,200,sol_e38313b6e01692f6,ev_49a775199670,hm_3298667cddaa,0.6979425549507141,False
0.0,0.0005,50,sol_ff8927132c358b89,ev_49d796ce40c9,hm_7a9cff01f511,0.4545454680919647,False
0.02,0.0005,20,sol_deea99ab88607537,ev_49e89eda0f27,hm_f442e5139114,0.4545454680919647,False
0.01,0.0001,50,sol_cf1b6dc4126b0cb9,ev_49f746519d03,hm_844cdcf42c7e,0.4545454680919647,False
0.02,0.0001,200,sol_0a2dd703f3aaeb05,ev_4a3a26e0adbe,hm_979a58ab8892,1.221346139907837,False
0.0,0.0003,200,sol_8f18c39c72eddbf4,ev_4a4bb9068618,hm_a0f8ed47a107,0.5669743418693542,False
0.02,0.0005,1000,sol_cf2569e4d40b5975,ev_4a6ffce0ef50,hm_f442e5139114,34.22310256958008,False
0.02,0.0003,200,sol_e927df184e3503b4,ev_4ae906362905,hm_1602ff939866,0.739252507686615,False
0.0,0.0003,20,sol_8ac548c666357e30,ev_4afbc80cf4cf,hm_a0f8ed47a107,0.4545454680919647,False
0.01,0.0005,700,sol_ff02bef34b439b20,ev_4b1ae7297e07,hm_bd4d3751a16f,7.864718437194824,False
0.05,0.0001,400,sol_107b1fd8ef4ee11e,ev_4b22d1888086,hm_9108b6e19b67,36.4857292175293,False
0.02,0.0001,400,sol_3f5a50e644084a2c,ev_4b944e096fe0,hm_979a58ab8892,1.1943657398223877,False
0.05,0.0005,50,sol_c826fb2e011e93ff,ev_4bae90ceda9d,hm_af8fc4d5852f,0.6425795555114746,False
0.01,0.0003,1000,sol_b362f8c345e4ff48,ev_4bc7f4d6c913,hm_3298667cddaa,2.9996981620788574,False
0.05,0.0003,100,sol_736026fd0ff2f928,ev_4c04422509e8,hm_8c986396d3ec,0.920319139957428,False
0.05,0.0003,10,sol_01a3dd1d257f87f2,ev_4c1d8a069974,hm_8c986396d3ec,0.4545454680919647,False
0.02,0.0001,700,sol_a1374994be1ded54,ev_4c2056137c7d,hm_979a58ab8892,2.9821224212646484,False
0.02,0.0003,50,sol_1951abfc39818a74,ev_4c2c5c3df44c,hm_1602ff939866,0.5670024156570435,False
0.05,0.0001,100,sol_ff71f0d82d79949d,ev_4c374eb800f5,hm_9108b6e19b67,1.5000061988830566,False
0.0,0.0005,1000,sol_a6d657ff8d59b382,ev_4c3ab3ba8670,hm_7a9cff01f511,2.187924385070801,False
0.05,0.0005,700,sol_3be3590daf49d159,ev_4c6d578b33fc,hm_af8fc4d5852f,573.52490234375,True
0.02,0.0001,20,sol_4e81b64ae6a58e54,ev_4c8553d52690,hm_979a58ab8892,0.4545454680919647,False
0.05,0.0003,10,sol_88d5d03bca9feddb,ev_4c8b3bb97ea7,hm_8c986396d3ec,0.4545454680919647,False
0.01,0.0001,700,sol_22f5831c6f8420cd,ev_4c953e4c6e76,hm_844cdcf42c7e,1.4998435974121094,False
0.05,0.0005,10,sol_cb1b5e525a774138,ev_4cc0c423b050,hm_af8fc4d5852f,0.5670102834701538,False
0.01,0.0001,400,sol_f4d64cd0b997f5c3,ev_4cd22296a9e9,hm_844cdcf42c7e,0.7378758788108826,False
0.01,0.0001,50,sol_34b3c7fed7f63efb,ev_4ce8d59f95a0,hm_844cdcf42c7e,0.4545454680919647,False
0.05,0.0001,10,sol_f9ff751d778ba97f,ev_4d27178983cf,hm_9108b6e19b67,0.5670102834701538,False
0.02,0.0001,20,sol_c74dc2b60c200a40,ev_4d3268d25fb7,hm_979a58ab8892,0.4545454680919647,False
0.01,0.0001,200,sol_5477e3cef6b07f8a,ev_4d5548b0950c,hm_844cdcf42c7e,0.5998612642288208,False
0.05,0.0005,100,sol_c12de19e44e1b79c,ev_4d5dae674c96,hm_af8fc4d5852f,1.435233473777771,False
0.0,0.0005,50,sol_1b37325017bdc03e,ev_4d5e1aeaf50f,hm_7a9cff01f511,0.4545454680919647,False
0.05,0.0005,50,sol_d5ce3a53b1b4aa6f,ev_4d61932745c1,hm_af8fc4d5852f,0.8487418293952942,False
0.0,0.0003,50,sol_2772cb0fb7925eff,ev_4d7f5a258efc,hm_a0f8ed47a107,0.4545454680919647,False
0.05,0.0005,10,sol_691da2680a2ed6c3,ev_4dba141a2325,hm_af8fc4d5852f,0.4545454680919647,False
0.01,0.0001,20,sol_7855216018979c24,ev_4dc0aa2966ad,hm_844cdcf42c7e,0.4545454680919647,False
0.01,0.0003,10,sol_6800065655f32f07,ev_4ddcbd28fd03,hm_3298667cddaa,0.4545454680919647,False
0.01,0.0001,10,sol_45342f9183a05a6a,ev_4df199c8f673,hm_844cdcf42c7e,0.4545454680919647,False
0.02,0.0001,1000,sol_40c3e0586845207e,ev_4dfc3d85972c,hm_979a58ab8892,7.638944149017334,False
0.02,0.0001,700,sol_85e4933c7c1043ff,ev_4e056e051d12,hm_979a58ab8892,3.998412847518921,False
0.01,0.0001,50,sol_62561f04cc6aa97c,ev_4e0c83e81eee,hm_844cdcf42c7e,0.4545454680919647,False
0.0,0.0001,700,sol_8d775d358ca6cb0b,ev_4e3ab329de75,hm_a00ad2a2c52a,0.5642353892326355,False
0.0,0.0003,200,sol_2082d510db4801ce,ev_4e419c1001b0,hm_a0f8ed47a107,0.5669754147529602,False
0.02,0.0005,100,sol_67008dd429895236,ev_4e6c5a932ca8,hm_f442e5139114,1.1923032999038696,False
0.02,0.0003,400,sol_16016b422b04d4fc,ev_4e91ce809f27,hm_1602ff939866,1.191959023475647,False
0.02,0.0003,20,sol_ab0a3ac664a5a20c,ev_4ea40f648a27,hm_1602ff939866,0.4545454680919647,False
0.0,0.0003,50,sol_004f64bcb048dd65,ev_4ecc79308e4e,hm_a0f8ed47a107,0.4545454680919647,False
0.01,0.0001,10,sol_713b499dc1e898e6,ev_4ed8299a1d11,hm_844cdcf42c7e,0.4545454680919647,False
0.01,0.0003,700,sol_82b32187dfe8dba3,ev_4ee9d1fa2b8d,hm_3298667cddaa,2.5140490531921387,False
0.01,0.0003,400,sol_adf62451a2d9253e,ev_4eef227b6954,hm_3298667cddaa,1.499963402748108,False
0.01,0.0003,700,sol_c98ad1ab83cf2069,ev_4f0c02599b90,hm_3298667cddaa,2.2970211505889893,False
0.01,0.0003,400,sol_965a04a1558576cc,ev_4f16764731ce,hm_3298667cddaa,0.8553932309150696,False
0.0,0.0005,1000,sol_f0268eec2a931596,ev_4f61df7eb1ab,hm_7a9cff01f511,1.194446325302124,False
0.05,0.0001,50,sol_547e347c3549c0d9,ev_4f6f6ae3ed9b,hm_9108b6e19b67,0.8946552872657776,False
0.01,0.0003,100,sol_b6be2cef5c53cfd2,ev_4f8a607c1e4b,hm_3298667cddaa,0.5669743418693542,False
0.02,0.0003,50,sol_d5722c0e9576d335,ev_4fac8f6a83d6,hm_1602ff939866,0.5999850630760193,False
0.05,0.0001,1000,sol_faaee7fcb8008a2c,ev_4fea603e62fe,hm_9108b6e19b67,814.8158569335938,True
0.05,0.0003,10,sol_24f980f56b044a75,ev_4fec2337bf52,hm_8c986396d3ec,0.4545454680919647,False
0.05,0.0001,700,sol_029b820ffdf273cb,ev_4ffda58ac793,hm_9108b6e19b67,582.6774291992188,True
0.0,0.0001,50,sol_9eed4922a2143d24,ev_503a18d4ecf2,hm_a00ad2a2c52a,0.4545454680919647,False
0.02,0.0005,1000,sol_a70e673a613add66,ev_509631d7733b,hm_f442e5139114,6.219226360321045,False
0.01,0.0003,700,sol_71dcad6a2474b4b2,ev_50d3f32f48bd,hm_3298667cddaa,1.2580451965332031,False
0.05,0.0001,100,sol_5d08a19664a2221a,ev_50f0db2057fb,hm_9108b6e19b67,2.304725170135498,False
0.01,0.0001,100,sol_f307d2dc5004a5bd,ev_50fb972e9d3d,hm_844cdcf42c7e,0.5669743418693542,False
0.02,0.0005,10,sol_d18a2934f1e4e1e2,ev_512ac9c4156a,hm_f442e5139114,0.4545454680919647,False
0.0,0.0003,200,sol_9e8687271379e16e,ev_5135b752f77a,hm_a0f8ed47a107,0.5669748783111572,False
0.05,0.0003,700,sol_9918bb0b0c804284,ev_515c2a91c316,hm_8c986396d3ec,733.5012817382812,True
0.0,0.0003,20,sol_0f5480c1f026b859,ev_5169eda2e500,hm_a0f8ed47a107,0.4545454680919647,False
0.05,0.0001,1000,sol_f5dcc4693ea35a79,ev_51784354c7a5,hm_9108b6e19b67,801.2339477539062,True
0.05,0.0001,10,sol_e20c7e1fd81ce61d,ev_519a60cd34e5,hm_9108b6e19b67,0.4545454680919647,False
0.0,0.0001,20,sol_6889e5f5f766fdee,ev_51d19b7a9b17,hm_a00ad2a2c52a,0.4545454680919647,False
0.02,0.0003,200,sol_f1c223bdabbe7b5c,ev_51ee954a4d0b,hm_1602ff939866,0.7448712587356567,False
0.05,0.0005,100,sol_4a0b9c8c221f7993,ev_51f1510a32e5,hm_af8fc4d5852f,0.7608628869056702,False
0.01,0.0003,400,sol_8f8d12b2bf621f97,ev_5262c9bbc64f,hm_3298667cddaa,0.6977447271347046,False
0.01,0.0001,20,sol_fd69ccf132e3bbbf,ev_52990ec4f5ee,hm_844cdcf42c7e,0.4545454680919647,False
0.02,0.0005,100,sol_99995b82d2e9c948,ev_52ba13cdbc8a,hm_f442e5139114,0.574527382850647,False
0.02,0.0003,20,sol_f5e37d51d529ff12,ev_52cf6c10347d,hm_1602ff939866,0.4545454680919647,False
0.0,0.0001,100,sol_5272cd0a9eef9ef8,ev_52dc8f08e66d,hm_a00ad2a2c52a,0.4545454680919647,False
0.01,0.0001,10,sol_632692c96efd55f1,ev_52f437d5a4af,hm_844cdcf42c7e,0.4545454680919647,False
0.05,0.0001,20,sol_4394fe2c099b22d9,ev_5322e3b8eeae,hm_9108b6e19b67,0.5670102834701538,False
0.01,0.0003,20,sol_49b4494321bf92bf,ev_535198d628f9,hm_3298667cddaa,0.4545454680919647,False
0.02,0.0001,50,sol_dfa85c13059c8533,ev_5356749e9a10,hm_979a58ab8892,0.4545454680919647,False
0.01,0.0003,700,sol_c07badd145d3f3a3,ev_536e352d0455,hm_3298667cddaa,2.336602210998535,False
0.02,0.0001,10,sol_5ab7fa6d79cae169,ev_53c741a9d290,hm_979a58ab8892,0.4545454680919647,False
0.01,0.0005,700,sol_e1f416c0ef29f4c6,ev_53cbd875d902,hm_bd4d3751a16f,1.4996371269226074,False
0.0,0.0003,400,sol_204162fc93274140,ev_53d6f201c2ee,hm_a0f8ed47a107,0.4545454680919647,False
0.01,0.0003,50,sol_245198ad10cfc3c8,ev_53d8e3f89bbe,hm_3298667cddaa,0.4545454680919647,False
0.0,0.0005,100,sol_79f3dfc34cb21bf6,ev_53e4c6a55974,hm_7a9cff01f511,0.4545454680919647,False
0.05,0.0003,400,sol_4544f9ec927fbf0a,ev_53f892369c07,hm_8c986396d3ec,16.538822174072266,False
0.0,0.0001,50,sol_1b134c8ff4de2241,ev_541af4cf8e9b,hm_a00ad2a2c52a,0.4545454680919647,False
0.01,0.0001,400,sol_8a115005513781a6,ev_546a4ec59f77,hm_844cdcf42c7e,0.599753201007843,False
0.0,0.0003,10,sol_f92f939f4cf979b3,ev_54863933e7ec,hm_a0f8ed47a107,0.4545454680919647,False
0.05,0.0001,10,sol_1b18b44fb0054e37,ev_54a42981358e,hm_9108b6e19b67,0.4545454680919647,False
0.02,0.0005,1000,sol_93b9bfc15b3680d5,ev_54baa270f04f,hm_f442e5139114,30.49700355529785,False
0.01,0.0003,400,sol_0c008e14d0c41818,ev_54d641bec54a,hm_3298667cddaa,1.2582215070724487,False
0.0,0.0003,400,sol_abfd227fa2a48ebd,ev_54efe0a5fa31,hm_a0f8ed47a107,1.2186717987060547,False
0.01,0.0001,200,sol_f94651d96b4333cb,ev_5524ddb1809b,hm_844cdcf42c7e,0.5669753551483154,False
0.02,0.0001,700,sol_261de1a254af15f2,ev_554edb1cfc01,hm_979a58ab8892,5.456517696380615,False
0.01,0.0003,20,sol_b2160ff69eb24653,ev_556c5ca7806c,hm_3298667cddaa,0.4545454680919647,False
0.05,0.0003,100,sol_e42ad1ca683a7e04,ev_5586b1e1b53c,hm_8c986396d3ec,1.5118688344955444,False
0.0,0.0001,50,sol_2b60665fbbcd365f,ev_5593e6553d45,hm_a00ad2a2c52a,0.4545454680919647,False
0.01,0.0001,100,sol_ffd9f2de74b963d9,ev_5596f682ec36,hm_844cdcf42c7e,0.5999618172645569,False
0.05,0.0001,100,sol_e5a2fa2c5ec6ed2d,ev_55d9b0c56b01,hm_9108b6e19b67,0.9847452044487,False
0.01,0.0001,10,sol_7f03c213509195b3,ev_55f8b37ba00c,hm_844cdcf42c7e,0.4545454680919647,False
0.01,0.0003,200,sol_43fe3f337d345a16,ev_5609b2d9efac,hm_3298667cddaa,0.671981155872345,False
0.01,0.0003,400,sol_86e6ddbfe382e06f,ev_562472b01fb9,hm_3298667cddaa,0.7606093883514404,False
0.0,0.0001,10,sol_dcbb96967bdfba21,ev_564f41060024,hm_a00ad2a2c52a,0.4545454680919647,False
0.0,0.0003,200,sol_db1a84134e20c6ef,ev_5667179e6389,hm_a0f8ed47a107,0.5669743418693542,False
0.01,0.0005,700,sol_de4f6e6e9a807472,ev_56bdf26ac476,hm_bd4d3751a16f,2.7418367862701416,False
0.0,0.0001,20,sol_e005c81947638b3d,ev_56db162ccf8a,hm_a00ad2a2c52a,0.4545454680919647,False
0.0,0.0003,200,sol_abfa8142eba11dbd,ev_56e5a1aafac0,hm_a0f8ed47a107,0.9253440499305725,False
0.05,0.0003,20,sol_7574c9d7c2a623b2,ev_5711846cb3df,hm_8c986396d3ec,0.5670102834701538,False
0.0,0.0003,10,sol_dc22400009463c24,ev_57389597d06e,hm_a0f8ed47a107,0.4545454680919647,False
0.01,0.0003,700,sol_0bcd668c894170f7,ev_574d5a226d63,hm_3298667cddaa,1.5629652738571167,False
0.0,0.0003,100,sol_85243b68956dc453,ev_576fd80d445f,hm_a0f8ed47a107,0.9595158696174622,False
0.05,0.0003,10,sol_e990e8626b95f05a,ev_57ab33aa257c,hm_8c986396d3ec,0.4545454680919647,False
0.01,0.0001,100,sol_84288056a62d4c9a,ev_57cbc1dc2536,hm_844cdcf42c7e,0.5669752359390259,False
0.05,0.0001,20,sol_d751a1b8ed75f091,ev_57dde4706729,hm_9108b6e19b67,0.5670102834701538,False
0.05,0.0005,700,sol_606a6511b9eed977,ev_58036404398f,hm_af8fc4d5852f,432.2436828613281,True
0.05,0.0003,1000,sol_7585057a15f63cc5,ev_5804205ef58d,hm_8c986396d3ec,978.8598022460938,True
0.01,0.0003,100,sol_b46f9c4fe7bd7a85,ev_5861355d7306,hm_3298667cddaa,0.5669752359390259,False
0.0,0.0001,10,sol_4e707833d2d276bd,ev_588006fc3b3b,hm_a00ad2a2c52a,0.4545454680919647,False
0.0,0.0001,1000,sol_e0145ca8b9d55956,ev_588c8a9fec91,hm_a00ad2a2c52a,0.5641236901283264,False
0.02,0.0003,700,sol_fc9cbfeaff3969d5,ev_58dd13aaaa5b,hm_1602ff939866,2.201457977294922,False
0.01,0.0005,50,sol_6c5382e953436620,ev_58ea7fe6547d,hm_bd4d3751a16f,0.5669757127761841,False
0.01,0.0005,700,sol_2dae970ecf1eb538,ev_5914be9996a4,hm_bd4d3751a16f,1.3908418416976929,False
0.0,0.0001,400,sol_5ebe76a816c8a45f,ev_591b8b9b4b66,hm_a00ad2a2c52a,0.566973865032196,False
0.01,0.0001,200,sol_f9a7807eaa61552f,ev_591c94489f26,hm_844cdcf42c7e,0.8523995876312256,False
0.05,0.0005,1000,sol_095a3104af1700c2,ev_597978dfd6c3,hm_af8fc4d5852f,815.2581176757812,True
0.02,0.0003,100,sol_23c75f95664c2ebe,ev_5a2a6332d328,hm_1602ff939866,0.6978796720504761,False
0.05,0.0003,50,sol_b6beffbff50f37f1,ev_5a4553daca1c,hm_8c986396d3ec,0.6851893067359924,False
0.01,0.0001,50,sol_6dc3d511e568e223,ev_5a620b74a2d5,hm_844cdcf42c7e,0.5669757127761841,False
0.05,0.0003,400,sol_8411bb7e779c883a,ev_5a8d0d081fd3,hm_8c986396d3ec,40.59976577758789,False
0.0,0.0003,200,sol_a852184ab4c0b3c5,ev_5a9e0ca5e975,hm_a0f8ed47a107,0.5669738054275513,False
0.02,0.0001,100,sol_3f43ff7f3e244a6e,ev_5ac0b0eb4add,hm_979a58ab8892,0.5669954419136047,False
0.01,0.0003,20,sol_68b81de9a8dbae5a,ev_5acb03184bcc,hm_3298667cddaa,0.4545454680919647,False
0.05,0.0003,1000,sol_0f9d4737cf4d7f3a,ev_5ad690783a0e,hm_8c986396d3ec,644.3671875,True
0.0,0.0003,10,sol_687f13cb14973790,ev_5ade6ada17cc,hm_a0f8ed47a107,0.4545454680919647,False
0.05,0.0001,100,sol_3cf04c5b4289c2af,ev_5ae05e569a75,hm_9108b6e19b67,1.1266611814498901,False
0.01,0.0003,20,sol_b8132c45e18176d3,ev_5b9be3d40c5e,hm_3298667cddaa,0.4545454680919647,False
0.05,0.0001,100,sol_04ca650ad469c170,ev_5b9d259822c3,hm_9108b6e19b67,3.7899863719940186,False
0.01,0.0003,400,sol_0ffd4c9f99e8bf06,ev_5bce9c7602d4,hm_3298667cddaa,1.4763845205307007,False
0.01,0.0003,200,sol_23e14014fc432d9e,ev_5be40163c353,hm_3298667cddaa,0.8410077095031738,False
0.01,0.0003,200,sol_576d2d353e3db816,ev_5bed6f7cd66b,hm_3298667cddaa,1.500004768371582,False
0.05,0.0003,1000,sol_c0a0fad458dc55fc,ev_5c109c609dbe,hm_8c986396d3ec,1204.1866455078125,True
0.01,0.0001,1000,sol_c7e051dc41553500,ev_5c45aff2c5a4,hm_844cdcf42c7e,1.4997845888137817,False
0.05,0.0003,50,sol_c5e3bbaea67d1d87,ev_5c82b5aed62e,hm_8c986396d3ec,0.6291385889053345,False
0.02,0.0001,100,sol_df9eb1d28bccf33c,ev_5cdc3decef99,hm_979a58ab8892,0.6419957876205444,False
0.01,0.0005,100,sol_2d42d025fa4000e6,ev_5cf523afdece,hm_bd4d3751a16f,0.4545454680919647,False
0.05,0.0001,10,sol_a85f9bb7e42fb1ef,ev_5d1a8a4e7c84,hm_9108b6e19b67,0.4545454680919647,False
0.05,0.0003,400,sol_947637b26cc5dfb7,ev_5d1c3289d94f,hm_8c986396d3ec,42.3167724609375,False
0.05,0.0003,400,sol_b15d6ebb89e3e2b9,ev_5d3d85107c5f,hm_8c986396d3ec,22.081403732299805,False
0.0,0.0005,200,sol_2de6243552d0fe78,ev_5d56d62f2b87,hm_7a9cff01f511,0.5669738054275513,False
0.01,0.0001,400,sol_907e966e8cba3bdf,ev_5d641a2d8c23,hm_844cdcf42c7e,0.8126391172409058,False
0.05,0.0003,50,sol_cf9f7c29813d4a3e,ev_5d7c71dbaffa,hm_8c986396d3ec,0.9058082699775696,False
0.02,0.0003,200,sol_3c7d563ed6f1c93e,ev_5d9f4d05df7f,hm_1602ff939866,1.0385634899139404,False
0.01,0.0005,20,sol_f49c3e12161316ab,ev_5de6ee956fcc,hm_bd4d3751a16f,0.4545454680919647,False
0.01,0.0003,20,sol_b5d6afccc1788c3a,ev_5e023ed31c8d,hm_3298667cddaa,0.4545454680919647,False
0.02,0.0001,700,sol_98fc8595b3bc106f,ev_5e11506b465c,hm_979a58ab8892,2.687831163406372,False
0.01,0.0005,50,sol_8aed8400fc67a091,ev_5e2005f16b56,hm_bd4d3751a16f,0.5669774413108826,False
0.01,0.0001,1000,sol_661a0a5db0a30a78,ev_5e50373b582a,hm_844cdcf42c7e,1.606845736503601,False
0.02,0.0003,200,sol_d2a1f4d27bf3053d,ev_5e5ebc07f53a,hm_1602ff939866,0.7349276542663574,False
0.05,0.0005,200,sol_e7ff30535c613b49,ev_5e629dee2a73,hm_af8fc4d5852f,2.022568941116333,False
0.05,0.0001,20,sol_65d4a5593698c136,ev_5e765e272799,hm_9108b6e19b67,0.4545454680919647,False
0.02,0.0003,1000,sol_8da06c3fbefe867d,ev_5eb29072dc1d,hm_1602ff939866,4.584272384643555,False
0.01,0.0003,1000,sol_c6bcd80bae4ab5bb,ev_5eb977fc4733,hm_3298667cddaa,2.354844093322754,False
0.02,0.0005,100,sol_7646353781c8c24f,ev_5ed9bb7b0fab,hm_f442e5139114,0.9498624801635742,False
0.02,0.0005,10,sol_e236ca38f91c8f82,ev_5eebea8416a8,hm_f442e5139114,0.4545454680919647,False
0.05,0.0001,400,sol_e5879e2226eb06fd,ev_5f182bf3bd94,hm_9108b6e19b67,20.762304306030273,False
0.05,0.0001,10,sol_1447aad5085ece0d,ev_5f1f857bb079,hm_9108b6e19b67,0.5670102834701538,False
0.01,0.0005,100,sol_81cae0861292adc9,ev_5f54aa956d7c,hm_bd4d3751a16f,0.5999639630317688,False
0.05,0.0005,200,sol_6c3e30fc1c7460e1,ev_5f7e196c2d61,hm_af8fc4d5852f,3.1083266735076904,False
0.02,0.0003,100,sol_9603f65bcdeab147,ev_5f87235b6199,hm_1602ff939866,0.6425620913505554,False
0.0,0.0003,1000,sol_7b9d3cc3d0e6807a,ev_5fa8ac93cb81,hm_a0f8ed47a107,1.3915616273880005,False
0.01,0.0005,200,sol_5c062151756c1f62,ev_5fb18dcaaaf9,hm_bd4d3751a16f,0.642497718334198,False
0.02,0.0005,10,sol_73d3ede2ee07e62d,ev_5fe23f0ad944,hm_f442e5139114,0.4545454680919647,False
0.02,0.0001,400,sol_cf3a50add848c908,ev_60238e21e565,hm_979a58ab8892,2.060669183731079,False
0.05,0.0003,200,sol_112c4b512cb262c0,ev_6031cb96806d,hm_8c986396d3ec,2.8963265419006348,False
0.01,0.0001,400,sol_17210999fb0e69f8,ev_603f6e2853ad,hm_844cdcf42c7e,0.9941082000732422,False
0.02,0.0003,20,sol_a6d04e012c8c9557,ev_60b2316c018f,hm_1602ff939866,0.6000000238418579,False
0.05,0.0003,200,sol_b3600546e75bfbca,ev_60b45f92f662,hm_8c986396d3ec,2.098170518875122,False
0.01,0.0005,20,sol_9dfec37d5c77e6ed,ev_60b912aacb6c,hm_bd4d3751a16f,0.4545454680919647,False
0.05,0.0005,10,sol_44de9d860ff00c7a,ev_60ba13f681b8,hm_af8fc4d5852f,0.4545454680919647,False
0.02,0.0001,10,sol_4484f5bfda0b16cc,ev_60d191e32170,hm_979a58ab8892,0.4545454680919647,False
0.01,0.0005,20,sol_6420369822a5d9c9,ev_614e5e6cee32,hm_bd4d3751a16f,0.6000000238418579,False
0.02,0.0003,1000,sol_9063b8a0bbc375e4,ev_61708a61efb4,hm_1602ff939866,11.666608810424805,False
0.05,0.0001,700,sol_0607b2baf8207fdd,ev_617b0ac950e0,hm_9108b6e19b67,1609.5673828125,True
0.02,0.0001,50,sol_899129c77b94c2a6,ev_6195bac647f3,hm_979a58ab8892,0.6509754061698914,False
0.01,0.0005,100,sol_0fedeea8bdd05139,ev_619c857549ef,hm_bd4d3751a16f,0.5669513940811157,False
0.02,0.0001,20,sol_0cfbd5ce210691b6,ev_61bc7f8a4357,hm_979a58ab8892,0.4545454680919647,False
0.05,0.0005,50,sol_f75313916d125c6f,ev_61cbdafe9a2d,hm_af8fc4d5852f,0.9308940768241882,False
0.01,0.0001,200,sol_193e9130205b5d44,ev_61ff95b45555,hm_844cdcf42c7e,0.6849737763404846,False
0.02,0.0003,100,sol_5c0ca1135d068c42,ev_6290a06ba855,hm_1602ff939866,1.5000007152557373,False
0.05,0.0003,100,sol_353272bfd5734e15,ev_629d16dcab6e,hm_8c986396d3ec,1.362944483757019,False
0.05,0.0003,20,sol_34c37305ff8390ac,ev_62cc56240a9b,hm_8c986396d3ec,1.157907485961914,False
0.01,0.0001,20,sol_1a594ee262f23acb,ev_62eeab53a4e6,hm_844cdcf42c7e,0.4545454680919647,False
0.01,0.0001,50,sol_516aaed04fb9c606,ev_6328befa4258,hm_844cdcf42c7e,0.4545454680919647,False
0.0,0.0005,50,sol_ed5d7fd2a53b5fbb,ev_632c3cb89e63,hm_7a9cff01f511,0.5670134425163269,False
0.01,0.0005,100,sol_58f6e743598d350f,ev_639b9d1ba9b5,hm_bd4d3751a16f,0.4545454680919647,False
0.0,0.0005,400,sol_c859a0f3478a07ba,ev_63a15693b5f5,hm_7a9cff01f511,0.5669559240341187,False
0.01,0.0001,400,sol_b6dcaf16ef2a1db0,ev_6435047f2901,hm_844cdcf42c7e,0.9737217426300049,False
0.01,0.0003,700,sol_fcd36038dc8f3115,ev_64430ac28768,hm_3298667cddaa,1.4997400045394897,False
0.02,0.0001,1000,sol_c649000f64caaa17,ev_644b4c16b227,hm_979a58ab8892,3.4876418113708496,False
0.01,0.0005,10,sol_27f1d2f5204c5f85,ev_646c46ee946d,hm_bd4d3751a16f,0.4545454680919647,False
0.02,0.0005,700,sol_4ccb70d7bf8aa3a7,ev_6484e5f48e5b,hm_f442e5139114,20.045705795288086,False
0.02,0.0005,100,sol_338ffeb560de1745,ev_648c57dba38f,hm_f442e5139114,0.5999165177345276,False
0.05,0.0001,50,sol_afc5ce8a18dc3306,ev_64c5f7e72236,hm_9108b6e19b67,0.6851902008056641,False
0.0,0.0005,400,sol_28137f043ccbf85a,ev_6502f404bcfe,hm_7a9cff01f511,0.6981776356697083,False
0.01,0.0001,700,sol_cc9477b560b7498d,ev_65045943f1eb,hm_844cdcf42c7e,2.491551637649536,False
0.0,0.0001,200,sol_7f60afade2ce2257,ev_650e35069cb3,hm_a00ad2a2c52a,0.4545454680919647,False
0.01,0.0003,10,sol_702531f7e8f7d8a0,ev_652409f9cdb0,hm_3298667cddaa,0.4545454680919647,False
0.02,0.0005,400,sol_e29e992248b1e495,ev_656fbd42bc91,hm_f442e5139114,3.3713126182556152,False
0.02,0.0003,100,sol_dc1896ba45fdc201,ev_6597c6d15650,hm_1602ff939866,0.5999135375022888,False
0.02,0.0005,200,sol_88dfe5f0d958086e,ev_65ab14da525d,hm_f442e5139114,0.6982426643371582,False
0.05,0.0001,400,sol_af7f26a218786deb,ev_661555bb9fd4,hm_9108b6e19b67,20.07082748413086,False
0.02,0.0005,1000,sol_426008618fad08ca,ev_661e293cdf6d,hm_f442e5139114,4.6921539306640625,False
0.02,0.0001,1000,sol_aec49e9272e6002f,ev_66474298dde1,hm_979a58ab8892,183.59970092773438,True
0.02,0.0005,1000,sol_012612b801a0e9c2,ev_6663bc03ed5b,hm_f442e5139114,6.29021692276001,False
0.0,0.0003,1000,sol_c9dd0ee9073b3c0b,ev_667e24d868e1,hm_a0f8ed47a107,1.221315622329712,False
0.02,0.0001,10,sol_3f43b20c84934e1e,ev_66ccd60f4c09,hm_979a58ab8892,0.4545454680919647,False
0.02,0.0001,20,sol_5e3b1f10e7ff2dd5,ev_66d11ce52b65,hm_979a58ab8892,0.4545454680919647,False
0.01,0.0003,100,sol_145fc5352cd04e64,ev_67248a09f865,hm_3298667cddaa,0.5669742822647095,False
0.02,0.0001,400,sol_83b971fabeff1916,ev_67bbc8b42735,hm_979a58ab8892,2.1086537837982178,False
0.02,0.0003,400,sol_6869ed7941b51915,ev_67d1b8f1b588,hm_1602ff939866,2.188295602798462,False
0.0,0.0003,700,sol_00ca1e65c2d9ba2d,ev_67f59de8f93e,hm_a0f8ed47a107,0.7955443263053894,False
0.02,0.0003,700,sol_d5c19c0b23646b62,ev_6800d539a74a,hm_1602ff939866,5.017767906188965,False
0.02,0.0003,10,sol_94c548f53047a806,ev_681689cc53cb,hm_1602ff939866,0.4545454680919647,False
0.02,0.0003,200,sol_9b5f101d91c4780b,ev_6821f17b598d,hm_1602ff939866,1.05159592628479,False
0.01,0.0001,100,sol_33e04452742e3e26,ev_6834c2d1875d,hm_844cdcf42c7e,0.5669743418693542,False
0.05,0.0003,700,sol_3969be42d3af37cc,ev_683e3dde8bf9,hm_8c986396d3ec,536.0,True
0.02,0.0001,700,sol_91fb3b4ec7cc53ea,ev_68689ddce991,hm_979a58ab8892,16.977338790893555,False
0.02,0.0003,700,sol_f06ac80c2074e17d,ev_686a01a50111,hm_1602ff939866,3.1872308254241943,False
0.0,0.0001,200,sol_065e4f7c4efa98c7,ev_6876a256215f,hm_a00ad2a2c52a,0.4545454680919647,False
0.02,0.0001,1000,sol_fa1046de17a8f116,ev_690c413abe4f,hm_979a58ab8892,36.500003814697266,False
0.05,0.0003,100,sol_2498018eab905e04,ev_692ccc9440d4,hm_8c986396d3ec,2.1087241172790527,False
0.0,0.0003,1000,sol_ec4f57e435679866,ev_694f7365fafa,hm_a0f8ed47a107,0.8711328506469727,False
0.0,0.0001,20,sol_f3caa11fdbc5ec8e,ev_6953dfa2aa9b,hm_a00ad2a2c52a,0.4545454680919647,False
0.02,0.0001,700,sol_3ae18adaff51c4c0,ev_699164c8811b,hm_979a58ab8892,36.63701248168945,False
0.0,0.0005,700,sol_9657e006fbb08175,ev_699b44ff5e7a,hm_7a9cff01f511,1.4118549823760986,False
0.0,0.0003,1000,sol_777cea1831906604,ev_69b0349ab7b2,hm_a0f8ed47a107,1.052424430847168,False
0.05,0.0003,400,sol_4e7c6f8e57c81849,ev_69d6ef8d9f5d,hm_8c986396d3ec,97.27743530273438,True
0.02,0.0003,100,sol_c858729d785888a9,ev_6a1c26114bd9,hm_1602ff939866,0.6289995908737183,False
0.05,0.0001,100,sol_fed0c7a120fa08ba,ev_6a2128bb8420,hm_9108b6e19b67,1.9432904720306396,False
0.05,0.0001,400,sol_32eaf7c53c7d1983,ev_6a2a5eaab4cc,hm_9108b6e19b67,86.74869537353516,True
0.02,0.0003,20,sol_1f002a90a15b2126,ev_6a8b0babfa5c,hm_1602ff939866,0.6000000238418579,False
0.05,0.0005,200,sol_98cdf3c3806d2a76,ev_6aa03a7dedc6,hm_af8fc4d5852f,5.819136619567871,False
0.02,0.0003,700,sol_b895bee92dd28b3d,ev_6ad61f147de8,hm_1602ff939866,5.875696659088135,False
0.0,0.0005,10,sol_f8580603421302d6,ev_6ad823bb05c3,hm_7a9cff01f511,0.4545454680919647,False
0.0,0.0003,10,sol_0e791a5c4ba9edaa,ev_6ae7a629756f,hm_a0f8ed47a107,0.4545454680919647,False
0.05,0.0001,200,sol_02754594dae0305f,ev_6af347d6d468,hm_9108b6e19b67,16.539865493774414,False
0.05,0.0001,20,sol_8ba207ca8a2b8d99,ev_6afb962800c2,hm_9108b6e19b67,0.5670102834701538,False
0.01,0.0001,1000,sol_b8e82ab39a13ed39,ev_6b2509c14e76,hm_844cdcf42c7e,1.7316282987594604,False
0.01,0.0001,10,sol_31cbd78852a8024e,ev_6b2f390b6994,hm_844cdcf42c7e,0.4545454680919647,False
0.0,0.0001,400,sol_738eb0ced0dea1d8,ev_6b4ab2037287,hm_a00ad2a2c52a,0.4545454680919647,False
0.01,0.0003,50,sol_76aa2e0e125b3be8,ev_6b576f78e2a4,hm_3298667cddaa,0.5669755339622498,False
0.01,0.0001,100,sol_31cb0657933e774f,ev_6b581f9be7aa,hm_844cdcf42c7e,0.599902868270874,False
0.05,0.0001,700,sol_b15e6a908c7e5d50,ev_6b6ea6b09df6,hm_9108b6e19b67,1140.6302490234375,True
0.02,0.0003,1000,sol_dc98db406b2c5d21,ev_6b7eac8084ef,hm_1602ff939866,3.8689942359924316,False
0.01,0.0003,400,sol_4bbeedce56557a82,ev_6b8fd6ca985c,hm_3298667cddaa,1.4999853372573853,False
0.01,0.0005,1000,sol_2c4dfc918f9456ad,ev_6ba38b092d59,hm_bd4d3751a16f,1.4996116161346436,False
0.05,0.0003,10,sol_4330a713152b3652,ev_6bcd42ee9f30,hm_8c986396d3ec,0.4545454680919647,False
0.05,0.0003,1000,sol_8ec20eaf850a81ce,ev_6be476fda3bb,hm_8c986396d3ec,1152.3641357421875,True
0.05,0.0005,1000,sol_56d5f0f2028c280a,ev_6bed16cebe3f,hm_af8fc4d5852f,1124.0787353515625,True
0.02,0.0001,100,sol_243a5ac865c3f6a0,ev_6bf2527cffeb,hm_979a58ab8892,0.5670003294944763,False
0.05,0.0005,10,sol_dd02ada06a2ad6a5,ev_6c56ee73f07c,hm_af8fc4d5852f,0.5670102834701538,False
0.01,0.0001,100,sol_0d90478434a61295,ev_6c6ea3d15d97,hm_844cdcf42c7e,0.599958598613739,False
0.02,0.0005,700,sol_78475e792ea87b14,ev_6c814327133c,hm_f442e5139114,12.140253067016602,False
0.0,0.0003,700,sol_d12ce54e52a0e31d,ev_6c91f7e8006c,hm_a0f8ed47a107,0.6288909316062927,False
0.0,0.0003,400,sol_ffda5edddeb8d0c9,ev_6cc024e88fd4,hm_a0f8ed47a107,0.5669740438461304,False
0.05,0.0001,700,sol_f65dc7a253c4d259,ev_6cc4217a9232,hm_9108b6e19b67,1810.96484375,True
0.02,0.0001,20,sol_228bc3ad484a5e63,ev_6cca99b11f92,hm_979a58ab8892,0.4545454680919647,False
0.0,0.0005,10,sol_97a4a48afeb1f69a,ev_6cec33204a7e,hm_7a9cff01f511,0.4545454680919647,False
0.05,0.0001,20,sol_e196c79bed361b19,ev_6ceeb609485a,hm_9108b6e19b67,0.4545454680919647,False
0.0,0.0003,50,sol_52c1750f5a80c8fa,ev_6cfa66f06796,hm_a0f8ed47a107,0.4545454680919647,False
0.01,0.0001,200,sol_ca373c8649dc6400,ev_6d1bffe771ef,hm_844cdcf42c7e,0.6290808320045471,False
0.05,0.0001,50,sol_c44d9ba5ddd37d70,ev_6d4c1adccd5d,hm_9108b6e19b67,0.9519749879837036,False
0.02,0.0003,10,sol_e4934a6d0c69f891,ev_6d6a0e4ca2fb,hm_1602ff939866,0.4545454680919647,False
0.0,0.0005,700,sol_0407d9111b5da323,ev_6d7113023230,hm_7a9cff01f511,0.8487009406089783,False
0.02,0.0005,400,sol_8980e4d03eceb32c,ev_6d7234bd8081,hm_f442e5139114,1.4993245601654053,False
0.0,0.0005,400,sol_6f0c03b8f3a1eee7,ev_6d7e4ec2c962,hm_7a9cff01f511,0.9820197224617004,False
0.01,0.0001,400,sol_8892c801c03f6c87,ev_6d8b88532ec8,hm_844cdcf42c7e,1.1077592372894287,False
0.05,0.0005,100,sol_97998b0e4a1e83d1,ev_6dc17d4b3e80,hm_af8fc4d5852f,1.3970646858215332,False
0.02,0.0005,10,sol_95ba85b4becdcdec,ev_6e1bc09518d5,hm_f442e5139114,0.4545454680919647,False
0.0,0.0001,700,sol_b1ffec642c42da4f,ev_6e31e965b8e3,hm_a00ad2a2c52a,0.5996047854423523,False
0.02,0.0005,10,sol_18f98286f4bb6fd2,ev_6e3545e4dd1f,hm_f442e5139114,0.4545454680919647,False
0.01,0.0003,200,sol_0f32037151915d3f,ev_6e64da1dedeb,hm_3298667cddaa,0.8121849298477173,False
0.01,0.0003,700,sol_6eed829faf6393df,ev_6e72560d5e6e,hm_3298667cddaa,1.5080784559249878,False
0.02,0.0003,400,sol_9e6b1d4f293f863b,ev_6e952a6026df,hm_1602ff939866,2.3571348190307617,False
0.0,0.0001,100,sol_4cbc7a5641586996,ev_6ea8c07e07cc,hm_a00ad2a2c52a,0.4545454680919647,False
0.01,0.0001,50,sol_1c702243abe4e2e2,ev_6ee21206fa87,hm_844cdcf42c7e,0.4545454680919647,False
0.05,0.0003,1000,sol_47d8b0320db86b88,ev_6ee8a22e873f,hm_8c986396d3ec,819.6425170898438,True
0.05,0.0001,10,sol_7c097f1661b2ea39,ev_6ef13e80431b,hm_9108b6e19b67,0.4545454680919647,False
0.01,0.0003,50,sol_0572bca363e04ef4,ev_6f08fd099a24,hm_3298667cddaa,0.4545454680919647,False
0.01,0.0003,10,sol_dcfa20a7d819e256,ev_6f133b152a52,hm_3298667cddaa,0.4545454680919647,False
0.05,0.0001,20,sol_d5691e1dece9d63d,ev_6f3ed760c7a7,hm_9108b6e19b67,0.4545454680919647,False
0.05,0.0005,20,sol_fdba99dfe4c811fc,ev_6fa2c306f9c6,hm_af8fc4d5852f,0.5670102834701538,False
0.0,0.0005,20,sol_c73e0ca9469224a8,ev_6fa432cc28ab,hm_7a9cff01f511,0.4545454680919647,False
0.05,0.0003,10,sol_373015ad52a5869c,ev_6fa4bd808284,hm_8c986396d3ec,0.4545454680919647,False
0.02,0.0003,50,sol_8bfc4b47c9f5ff10,ev_6fb88479230c,hm_1602ff939866,0.5669832229614258,False
0.01,0.0001,700,sol_e33089038e3d10c3,ev_70071ec1e296,hm_844cdcf42c7e,1.4999327659606934,False
0.01,0.0005,400,sol_aaa82810dfed6460,ev_701af55668cd,hm_bd4d3751a16f,1.4999589920043945,False
0.01,0.0005,700,sol_d85a67bd6d5590c1,ev_70464f8791cc,hm_bd4d3751a16f,1.391608715057373,False
0.0,0.0003,10,sol_42df198f2cc2cae5,ev_705ac78854c5,hm_a0f8ed47a107,0.4545454680919647,False
0.05,0.0005,100,sol_e6b5f7428c7af432,ev_70b0642c35c0,hm_af8fc4d5852f,0.9523463249206543,False
0.0,0.0001,700,sol_814f6ce36975fb3b,ev_70b2bbd835de,hm_a00ad2a2c52a,0.4545454680919647,False
0.01,0.0003,1000,sol_d31a9cd66abfaffb,ev_70ccd9af0876,hm_3298667cddaa,2.9836318492889404,False
0.05,0.0001,700,sol_3b4c4d8fe6a9126f,ev_70ef26a35ab6,hm_9108b6e19b67,1182.0,True
0.0,0.0005,400,sol_acf0664d44ffed2d,ev_70efb0af77e1,hm_7a9cff01f511,0.8094620704650879,False
0.01,0.0001,400,sol_bab67014b78d9779,ev_710eb2b46497,hm_844cdcf42c7e,1.0136809349060059,False
0.02,0.0005,200,sol_2ff2e02ef3aeb41f,ev_7149310f3eaa,hm_f442e5139114,1.0294612646102905,False
0.05,0.0005,400,sol_c0d2318980d0ee9a,ev_718c33991399,hm_af8fc4d5852f,19.999961853027344,False
0.02,0.0005,400,sol_5b281bd4929eadd6,ev_71b3888e9a0e,hm_f442e5139114,1.4523558616638184,False
0.05,0.0001,50,sol_1d9bf2d3e976674c,ev_71f7442ce8e3,hm_9108b6e19b67,0.5670039057731628,False
0.0,0.0003,200,sol_8dbd5476ddfed6c9,ev_720778d033d2,hm_a0f8ed47a107,0.6000000238418579,False
0.0,0.0005,20,sol_f15cbdbc9a3601f3,ev_72083a564632,hm_7a9cff01f511,0.4545454680919647,False
0.02,0.0005,50,sol_e268bdd9275d32bb,ev_724cf9925e6e,hm_f442e5139114,0.5669752359390259,False
0.0,0.0003,200,sol_1c723919da5f452e,ev_72c1565c663e,hm_a0f8ed47a107,0.5669618248939514,False
0.0,0.0005,10,sol_3289ec35b65f7e2a,ev_731e0ffa08e8,hm_7a9cff01f511,0.4545454680919647,False
0.02,0.0005,100,sol_acdd9af7c38b9274,ev_7342aee4658b,hm_f442e5139114,0.567004919052124,False
0.0,0.0005,200,sol_7fe8d411225e1857,ev_7384a8ba40af,hm_7a9cff01f511,0.6848497986793518,False
0.02,0.0005,700,sol_75176872ae862b41,ev_73acf675c005,hm_f442e5139114,2.3556723594665527,False
0.0,0.0003,10,sol_b07440762569a2f6,ev_7446847db458,hm_a0f8ed47a107,0.4545454680919647,False
0.01,0.0003,200,sol_85aec5869b11d433,ev_745cf592370b,hm_3298667cddaa,0.9596967697143555,False
0.0,0.0005,20,sol_d3ec7efbdb890a53,ev_747f6248fe15,hm_7a9cff01f511,0.4545454680919647,False
0.0,0.0003,50,sol_661799b76b9c950a,ev_74b69dc7d877,hm_a0f8ed47a107,0.4545454680919647,False
0.02,0.0005,200,sol_7ae8524ee4e7bdfd,ev_74d067c07108,hm_f442e5139114,1.2213629484176636,False
0.02,0.0005,100,sol_c0febecdc84bb7aa,ev_7502087824b4,hm_f442e5139114,1.3271164894104004,False
0.01,0.0005,400,sol_766ea0f16f06619e,ev_752652aa1254,hm_bd4d3751a16f,1.0563753843307495,False
0.01,0.0001,10,sol_35b84dcb6badd3c5,ev_75458a74c1e1,hm_844cdcf42c7e,0.4545454680919647,False
0.05,0.0005,1000,sol_06b1b141187f86f5,ev_754f7c61b0d0,hm_af8fc4d5852f,783.2201538085938,True
0.0,0.0001,400,sol_de3d4d8dc7e27fcb,ev_7585ced5899d,hm_a00ad2a2c52a,0.5996867418289185,False
0.01,0.0005,1000,sol_d48c39f3928e2c1d,ev_7585e02ea3ae,hm_bd4d3751a16f,2.318561553955078,False
0.0,0.0001,1000,sol_9eb40282e0d9d206,ev_760ac90374d8,hm_a00ad2a2c52a,0.5994935631752014,False
0.05,0.0005,50,sol_72ec8e5281ac8e53,ev_760e20d29905,hm_af8fc4d5852f,0.6983010768890381,False
0.01,0.0005,700,sol_a3ec01e711a8777d,ev_7624c17b56c1,hm_bd4d3751a16f,1.5765845775604248,False
0.0,0.0005,200,sol_be5295c69a1236f1,ev_7680f240027a,hm_7a9cff01f511,0.5996600985527039,False
0.01,0.0003,400,sol_f897fc8e76b0b572,ev_768a30ac175c,hm_3298667cddaa,0.9942888617515564,False
0.01,0.0005,700,sol_9e72a7415dd440a0,ev_76b7b8d00605,hm_bd4d3751a16f,1.4344819784164429,False
0.05,0.0001,400,sol_61827eb137bc04a0,ev_76f7cfac6a7a,hm_9108b6e19b67,971.7216186523438,True
0.05,0.0003,200,sol_00ca78f54d06bef9,ev_7701569e5bb0,hm_8c986396d3ec,64.01453399658203,True
0.0,0.0003,100,sol_e7be237e0029995b,ev_7771b816fa6f,hm_a0f8ed47a107,0.4545454680919647,False
0.01,0.0005,400,sol_70c0d49b5dc38cf1,ev_77798ef2037f,hm_bd4d3751a16f,1.4999487400054932,False
0.0,0.0005,20,sol_deafdb3fa656f066,ev_77bd7f813caa,hm_7a9cff01f511,0.4545454680919647,False
0.02,0.0001,200,sol_fe2ad0fd6ec027ef,ev_77e465dbef37,hm_979a58ab8892,1.6608260869979858,False
0.01,0.0001,100,sol_0a27469322f533dd,ev_78293718ca7e,hm_844cdcf42c7e,0.6848067045211792,False
0.05,0.0001,10,sol_64d84dfbae50bb26,ev_782a83ac3b76,hm_9108b6e19b67,0.4545454680919647,False
0.05,0.0003,700,sol_6224653c195d5928,ev_7836f5c494d9,hm_8c986396d3ec,1042.258056640625,True
0.02,0.0001,1000,sol_6c6ec4535404520c,ev_7845c2642ea7,hm_979a58ab8892,11.51793098449707,False
0.01,0.0001,400,sol_06b625f4711f1295,ev_784a79848032,hm_844cdcf42c7e,0.6416096687316895,False
0.01,0.0005,20,sol_ded84a100eb08784,ev_786d2bfcdf6f,hm_bd4d3751a16f,0.4545454680919647,False
0.05,0.0005,700,sol_9e59b5c0a0e4293e,ev_78706ebfbfa3,hm_af8fc4d5852f,2237.1865234375,True
0.05,0.0005,400,sol_62a0fa72cea5a4a0,ev_78c91fed8870,hm_af8fc4d5852f,262.6868591308594,True
0.0,0.0001,400,sol_7a4c3ff4903c6ab4,ev_78d280a11262,hm_a00ad2a2c52a,0.5669736266136169,False
0.02,0.0001,1000,sol_05d20fd34622726d,ev_790d277f540c,hm_979a58ab8892,21.785480499267578,False
0.05,0.0003,200,sol_e24b5e2ea5f9a0b5,ev_7995ed9f0b06,hm_8c986396d3ec,4.377574443817139,False
0.05,0.0003,200,sol_afde173d6bdfae47,ev_79b9a80b1373,hm_8c986396d3ec,5.314382076263428,False
0.0,0.0003,100,sol_47fcb1a6f3b51548,ev_79c134b87171,hm_a0f8ed47a107,0.4545454680919647,False
0.05,0.0003,100,sol_98d247532c484f4d,ev_79ee2f1e812f,hm_8c986396d3ec,1.0163853168487549,False
0.02,0.0003,50,sol_5e8d3a8e56937951,ev_7a07b394ef00,hm_1602ff939866,0.6510093808174133,False
0.0,0.0001,100,sol_90ce84b025b5a7ac,ev_7a3aa76a1c80,hm_a00ad2a2c52a,0.4545454680919647,False
0.0,0.0001,700,sol_eaec4a9ef3aeefc4,ev_7a7abc21ade0,hm_a00ad2a2c52a,0.7607751488685608,False
0.02,0.0005,50,sol_7106b3c4cc4f1f05,ev_7a7c5c78a06f,hm_f442e5139114,0.5669770836830139,False
0.05,0.0005,100,sol_3b0f4e0bc10ac7de,ev_7a7ccea18e8c,hm_af8fc4d5852f,1.1960780620574951,False
0.02,0.0003,700,sol_37d2d03499e09c77,ev_7a827e4d721f,hm_1602ff939866,1.7828001976013184,False
0.01,0.0005,1000,sol_842ad0b00a5a86c7,ev_7ab85ec41569,hm_bd4d3751a16f,1.2574663162231445,False
0.01,0.0005,700,sol_128d0322ab3e8718,ev_7abf74d441d1,hm_bd4d3751a16f,1.761690616607666,False
0.02,0.0005,1000,sol_caa94eb1f713a328,ev_7ace8d81035a,hm_f442e5139114,4.225349426269531,False
0.02,0.0005,50,sol_f74a2a05db7b31f0,ev_7adcf058c6be,hm_f442e5139114,0.5669996738433838,False
0.05,0.0003,400,sol_8f24fd69bf1cdd7b,ev_7aee8709872f,hm_8c986396d3ec,8.272436141967773,False
0.05,0.0005,100,sol_c9b77dae8ad25d1a,ev_7b0254b6a2d6,hm_af8fc4d5852f,1.699714183807373,False
0.0,0.0003,100,sol_c102e5e08c1da391,ev_7b34d3648882,hm_a0f8ed47a107,0.4545454680919647,False
0.02,0.0003,10,sol_cb7c3299d7106d29,ev_7b3b02e6e4c5,hm_1602ff939866,0.4545454680919647,False
0.0,0.0001,10,sol_ab553fb1890c565f,ev_7b4f15266f4e,hm_a00ad2a2c52a,0.4545454680919647,False
0.05,0.0003,100,sol_b68b110b1a731861,ev_7b57927ceae6,hm_8c986396d3ec,1.4999977350234985,False
0.0,0.0001,10,sol_9753220048c0b62e,ev_7b7a0c3c815a,hm_a00ad2a2c52a,0.4545454680919647,False
0.05,0.0001,50,sol_c4c1c3e564d3bf26,ev_7ba3c06c3b42,hm_9108b6e19b67,0.7598162889480591,False
0.0,0.0005,10,sol_153a78c47f7a6659,ev_7bae52edded0,hm_7a9cff01f511,0.4545454680919647,False
0.02,0.0003,400,sol_7003f6a0134a1d00,ev_7bba4bbd99f4,hm_1602ff939866,1.499989628791809,False
0.02,0.0003,10,sol_315af9b8d2d34fc5,ev_7bbc1f6ab9b8,hm_1602ff939866,0.4545454680919647,False
0.0,0.0001,50,sol_566aa713ab38586c,ev_7bddc5ac6de0,hm_a00ad2a2c52a,0.4545454680919647,False
0.01,0.0001,200,sol_0d439727ed5242c2,ev_7c001219cd93,hm_844cdcf42c7e,0.5996116995811462,False
0.05,0.0003,50,sol_e89334d6fabb580a,ev_7c1d22ad095b,hm_8c986396d3ec,0.6551443934440613,False
0.0,0.0001,1000,sol_bbb0c94684f54afa,ev_7c3483dc57d1,hm_a00ad2a2c52a,0.8966502547264099,False
0.05,0.0005,700,sol_7f171a6bd7668550,ev_7c64b9863edf,hm_af8fc4d5852f,1235.2294921875,True
0.02,0.0001,50,sol_0710832e77100b3e,ev_7cf4223c4ee9,hm_979a58ab8892,0.5669772028923035,False
0.05,0.0003,100,sol_862e27ec72bd8fe8,ev_7cfffccaf6c1,hm_8c986396d3ec,1.761764645576477,False
0.05,0.0003,700,sol_4a6d7e42b8f84da1,ev_7d0925e1f118,hm_8c986396d3ec,1449.633056640625,True
0.05,0.0005,10,sol_cf8c01457ab1406c,ev_7d266f6d6e1a,hm_af8fc4d5852f,0.5670102834701538,False
0.0,0.0005,20,sol_4fafd9184515c1a0,ev_7d5abd38203d,hm_7a9cff01f511,0.4545454680919647,False
0.02,0.0001,50,sol_c0ebde6b781c6356,ev_7d7010f4464d,hm_979a58ab8892,0.4545454680919647,False
0.05,0.0003,200,sol_e1aaa7b3a1491977,ev_7da3bbfae19c,hm_8c986396d3ec,1.7923954725265503,False
0.05,0.0005,200,sol_386bdb51f99a76b0,ev_7dcb273fb9b4,hm_af8fc4d5852f,10.065452575683594,False
0.0,0.0003,100,sol_2f128abaee440d84,ev_7dd6354a2b90,hm_a0f8ed47a107,0.4545454680919647,False
0.0,0.0003,20,sol_29e916609e0addc3,ev_7e2869ed7459,hm_a0f8ed47a107,0.4545454680919647,False
0.01,0.0003,20,sol_8581e6010d3a412b,ev_7e3ad041efa4,hm_3298667cddaa,0.4545454680919647,False
0.05,0.0003,700,sol_c754777a617dc00a,ev_7e407a09a90d,hm_8c986396d3ec,327.4818115234375,True
0.02,0.0003,10,sol_c60557a56175a3f4,ev_7e90b5d298dd,hm_1602ff939866,0.4545454680919647,False
0.0,0.0001,50,sol_f63921c4f829af3f,ev_7e90fe896867,hm_a00ad2a2c52a,0.4545454680919647,False
0.01,0.0001,50,sol_80a20763cb708aae,ev_7ea6a4fe00bc,hm_844cdcf42c7e,0.4545454680919647,False
0.05,0.0005,20,sol_c28e3dc4e984844f,ev_7eb3324228cb,hm_af8fc4d5852f,0.6723390817642212,False
0.01,0.0003,400,sol_61660ffaeefa6051,ev_7ec210cdace6,hm_3298667cddaa,1.4999762773513794,False
0.02,0.0001,50,sol_591a7919d735331e,ev_7ed0144b2469,hm_979a58ab8892,0.566980242729187,False
0.05,0.0001,50,sol_d366c5c687236498,ev_7eef296e1fe2,hm_9108b6e19b67,0.7440316081047058,False
0.05,0.0005,20,sol_7b80505e03aa06a3,ev_7f0b0a71adcd,hm_af8fc4d5852f,0.5670102834701538,False
0.01,0.0001,1000,sol_e8a31a01aa1147aa,ev_7f20eb12ca46,hm_844cdcf42c7e,1.761029601097107,False
0.0,0.0001,700,sol_d9a7e7c148be4692,ev_7f393c2b360d,hm_a00ad2a2c52a,0.5641646385192871,False
0.0,0.0001,400,sol_04fc7a4397a308dc,ev_7f776a17fb6a,hm_a00ad2a2c52a,0.454545259475708,False
0.01,0.0001,50,sol_314b9344db76ec01,ev_7f8725bf2f20,hm_844cdcf42c7e,0.4545454680919647,False
0.0,0.0003,1000,sol_1efc8b9c4e16316b,ev_7f97c35aedf8,hm_a0f8ed47a107,1.4999796152114868,False
0.01,0.0005,10,sol_48f5468467fb95b5,ev_7fadeeaa4a37,hm_bd4d3751a16f,0.4545454680919647,False
0.0,0.0005,50,sol_315cb3d61efa22bd,ev_7fb25fb68550,hm_7a9cff01f511,0.4545454680919647,False
0.01,0.0001,1000,sol_cdb424bd46b02b2d,ev_7fbd16b588e6,hm_844cdcf42c7e,0.9841964244842529,False
0.01,0.0005,50,sol_e60967787eced566,ev_7fcbc6776661,hm_bd4d3751a16f,0.672130823135376,False
0.05,0.0005,20,sol_cebd87aede992ffc,ev_8028254be2c7,hm_af8fc4d5852f,1.1077513694763184,False
0.01,0.0005,700,sol_5b42a235a2d85b74,ev_8038b9257a0c,hm_bd4d3751a16f,1.435103416442871,False
0.0,0.0005,10,sol_b52c533f1a3413f6,ev_806983f2fabc,hm_7a9cff01f511,0.4545454680919647,False
0.05,0.0005,200,sol_3401c50973eb8a06,ev_80781cb7838b,hm_af8fc4d5852f,1.7971642017364502,False
0.0,0.0001,700,sol_210a8c8f59e0e37c,ev_80de27f6c7a0,hm_a00ad2a2c52a,0.5641724467277527,False
0.01,0.0005,1000,sol_ae758f9761c7416d,ev_80e23ceefda5,hm_bd4d3751a16f,3.2496840953826904,False
0.05,0.0005,1000,sol_d022c71b2a32ae06,ev_8115c5f5af81,hm_af8fc4d5852f,1580.5394287109375,True
0.05,0.0005,700,sol_27d5bdd2343b4de6,ev_8127d56f51b8,hm_af8fc4d5852f,2012.304931640625,True
0.01,0.0005,200,sol_4cab32c6e76fb6cc,ev_8185f2473d76,hm_bd4d3751a16f,0.5670004487037659,False
0.02,0.0005,10,sol_6a99b5d9c9ddcb8c,ev_8193a591568f,hm_f442e5139114,0.4545454680919647,False
0.0,0.0005,200,sol_c8cdd9b80b5dae6e,ev_819bcd68fd6b,hm_7a9cff01f511,0.7814410924911499,False
0.0,0.0005,400,sol_ba7ec3c52b255663,ev_81f5dbcab4b2,hm_7a9cff01f511,0.7823344469070435,False
0.01,0.0005,200,sol_c686616dee02deb5,ev_82106b9d397c,hm_bd4d3751a16f,0.6979612112045288,False
0.01,0.0001,700,sol_6f35d6dc4d866c19,ev_821e580a306f,hm_844cdcf42c7e,0.8557974696159363,False
0.0,0.0003,700,sol_b7773b08f2e93e21,ev_824cacbe9752,hm_a0f8ed47a107,0.6290050148963928,False
0.02,0.0003,1000,sol_f44621bd667b5635,ev_825e366f1fc2,hm_1602ff939866,5.551811695098877,False
0.05,0.0005,10,sol_a5b9345ad1f250e2,ev_828867ee2f08,hm_af8fc4d5852f,0.4545454680919647,False
0.0,0.0003,10,sol_b5229f14745ef72e,ev_829064a52dfe,hm_a0f8ed47a107,0.4545454680919647,False
0.01,0.0003,50,sol_0d4e14ff9925aafe,ev_82c9caace17d,hm_3298667cddaa,0.4545454680919647,False
0.0,0.0001,20,sol_a019508d6a9fb7d3,ev_83210ac59144,hm_a00ad2a2c52a,0.4545454680919647,False
0.02,0.0001,100,sol_b787c4e6d391ffde,ev_83c33bd16471,hm_979a58ab8892,0.8733235597610474,False
0.01,0.0005,10,sol_52a42b34cef84c8e,ev_83f5777be22b,hm_bd4d3751a16f,0.4545454680919647,False
0.02,0.0001,100,sol_d1a703f1f61e6f48,ev_83fccba369c3,hm_979a58ab8892,1.499991774559021,False
0.01,0.0005,1000,sol_02554a0249d3ee9e,ev_842d0d439766,hm_bd4d3751a16f,5.094961166381836,False
0.0,0.0005,100,sol_503ddc3723f768c1,ev_8489cd0190b9,hm_7a9cff01f511,0.4545454680919647,False
0.01,0.0005,200,sol_d934ddbd90fdf87f,ev_84916935d547,hm_bd4d3751a16f,0.855263352394104,False
0.05,0.0003,20,sol_6fc1d2574cf006c0,ev_84a53d474964,hm_8c986396d3ec,0.6000000238418579,False
0.0,0.0005,20,sol_cf8b3d32a70cbb01,ev_84d8f8fb76e2,hm_7a9cff01f511,0.4545454680919647,False
0.05,0.0001,700,sol_c556fa51baf1a7e1,ev_84e513448661,hm_9108b6e19b67,501.85906982421875,True
0.01,0.0001,20,sol_0c4427457158f940,ev_84fb1c276072,hm_844cdcf42c7e,0.4545454680919647,False
0.01,0.0001,1000,sol_f0ece1e14adbecbd,ev_84ff8df0a5ea,hm_844cdcf42c7e,1.7615199089050293,False
0.0,0.0005,400,sol_4e11c85c10f8ede0,ev_85013f402c84,hm_7a9cff01f511,0.7663027048110962,False
0.01,0.0001,200,sol_498d3055432f4d0a,ev_8533288df9e6,hm_844cdcf42c7e,0.5669764876365662,False
0.05,0.0003,700,sol_273263c536e14e66,ev_853befe705fd,hm_8c986396d3ec,85.23735809326172,True
0.0,0.0005,20,sol_d738020fb5c24ceb,ev_856ee6cfdc29,hm_7a9cff01f511,0.4545454680919647,False
0.01,0.0001,200,sol_b2d25c38d6fe779d,ev_857bf3f41df4,hm_844cdcf42c7e,0.5669551491737366,False
0.01,0.0003,100,sol_fdcada730fb197c7,ev_85a87c6e7511,hm_3298667cddaa,0.4545454680919647,False
0.01,0.0001,20,sol_6634a9c2a82b3149,ev_85b8bb4cc53d,hm_844cdcf42c7e,0.4545454680919647,False
0.01,0.0005,20,sol_f4efa56eb5752ec7,ev_85d64062e295,hm_bd4d3751a16f,0.4545454680919647,False
0.0,0.0005,200,sol_9d1c3c82152a4117,ev_86197d584030,hm_7a9cff01f511,0.5996919870376587,False
0.0,0.0001,20,sol_b20388379e580d25,ev_861e2910cda5,hm_a00ad2a2c52a,0.4545454680919647,False
0.01,0.0003,50,sol_84abbea2dd0ee8fc,ev_86466ceda6ad,hm_3298667cddaa,0.4545454680919647,False
0.02,0.0003,10,sol_042f53e074d10665,ev_8658d0a737f3,hm_1602ff939866,0.4545454680919647,False
0.02,0.0003,400,sol_4ed2ba2b8994d1e5,ev_8659fcb0de51,hm_1602ff939866,4.332961082458496,False
0.01,0.0005,20,sol_7d505c965752cdfb,ev_8661c408515e,hm_bd4d3751a16f,0.4545454680919647,False
0.01,0.0005,700,sol_8085020e6fd746ad,ev_869f867dd21e,hm_bd4d3751a16f,1.412479281425476,False
0.02,0.0003,700,sol_593729d242081c5b,ev_86ff4579b486,hm_1602ff939866,2.4194202423095703,False
0.0,0.0005,100,sol_dd219d84b78e1c68,ev_879d60687c7d,hm_7a9cff01f511,0.4545454680919647,False
0.05,0.0005,50,sol_f04b9ba6e06d3a7f,ev_87a1dcf501c5,hm_af8fc4d5852f,0.599856972694397,False
0.02,0.0001,50,sol_5202479e80085c3a,ev_87cf7589b995,hm_979a58ab8892,0.4545454680919647,False
0.05,0.0005,20,sol_818142eadf5b4008,ev_87d87ec5372b,hm_af8fc4d5852f,0.5670102834701538,False
0.05,0.0005,10,sol_8fbff20094c76b1f,ev_87e9acacab18,hm_af8fc4d5852f,0.4545454680919647,False
0.0,0.0001,400,sol_0b8f19845492bc79,ev_8819793a7ec4,hm_a00ad2a2c52a,0.5669739246368408,False
0.01,0.0005,20,sol_dcc62b0df262ab22,ev_882b3c44b9ac,hm_bd4d3751a16f,0.4545454680919647,False
0.05,0.0001,200,sol_7f74ca02da5666cb,ev_882f0ac8f454,hm_9108b6e19b67,2.141848087310791,False
0.02,0.0005,400,sol_0c7d43864a3b9855,ev_8830e1dd7698,hm_f442e5139114,1.7611403465270996,False
0.01,0.0003,1000,sol_4bcb4e758185dcae,ev_88378eaa7726,hm_3298667cddaa,1.369269609451294,False
0.0,0.0003,700,sol_f313eb9beee63099,ev_884b3471eef8,hm_a0f8ed47a107,0.9595451354980469,False
0.0,0.0005,20,sol_b5a9c8a1acd8bf5f,ev_886cfea2e997,hm_7a9cff01f511,0.4545454680919647,False
0.02,0.0005,50,sol_2f5f3a5df85a7205,ev_88d9f9e2c556,hm_f442e5139114,0.7608804106712341,False
0.0,0.0001,50,sol_bf75f16e9a3d724c,ev_88e3f0ff926c,hm_a00ad2a2c52a,0.4545454680919647,False
0.01,0.0005,50,sol_47db29a1aff36e10,ev_88fd0f2cb19a,hm_bd4d3751a16f,0.5669775605201721,False
0.02,0.0003,20,sol_a795bc2219669a4e,ev_892d46522cf7,hm_1602ff939866,0.5670102834701538,False
0.05,0.0003,50,sol_ca3f46aaa759f148,ev_895f0afe29f0,hm_8c986396d3ec,1.1330565214157104,False
0.01,0.0003,10,sol_34b7e6e41982cb6c,ev_898432dd35e9,hm_3298667cddaa,0.4545454680919647,False
0.0,0.0003,700,sol_2bbcd1f2a1daca84,ev_8a19a5cb2fc5,hm_a0f8ed47a107,0.7605007886886597,False
0.05,0.0003,700,sol_035d56a0143f7f2b,ev_8a1d15918825,hm_8c986396d3ec,643.578125,True
0.05,0.0005,1000,sol_b5ad462095a52e33,ev_8a2fe23928ad,hm_af8fc4d5852f,966.4319458007812,True
0.02,0.0001,700,sol_6ef7ab28cb61f180,ev_8a3d54f8852d,hm_979a58ab8892,6.575911521911621,False
0.0,0.0005,700,sol_a177d0f15f7e7d17,ev_8a43439a71d7,hm_7a9cff01f511,1.4351840019226074,False
0.0,0.0003,50,sol_33f9c2865cacd760,ev_8a690bc6413e,hm_a0f8ed47a107,0.4545454680919647,False
0.01,0.0005,100,sol_b22ab548270f26ee,ev_8a6a81161e78,hm_bd4d3751a16f,0.5670021176338196,False
0.0,0.0005,1000,sol_40165830e5047845,ev_8a9ed4d3bb66,hm_7a9cff01f511,1.4996291399002075,False
0.0,0.0005,200,sol_e61d892c66d50f28,ev_8acba70e275b,hm_7a9cff01f511,0.5669742822647095,False
0.02,0.0003,200,sol_afebcbea9191ab29,ev_8ad454ba628b,hm_1602ff939866,0.7349105477333069,False
0.05,0.0005,200,sol_1e0da2d53abfe851,ev_8affa643cd91,hm_af8fc4d5852f,2.679159164428711,False
0.01,0.0005,10,sol_ef50983cd7a2c268,ev_8b185ed8334e,hm_bd4d3751a16f,0.4545454680919647,False
0.02,0.0005,100,sol_031d31aa1795cc2d,ev_8b50dd7448ab,hm_f442e5139114,1.2783650159835815,False
0.0,0.0003,50,sol_814c3c4c920f1dff,ev_8bc35603a4bb,hm_a0f8ed47a107,0.4545454680919647,False
0.0,0.0001,400,sol_a855a19b337f4456,ev_8bd7529b9446,hm_a00ad2a2c52a,0.4545454680919647,False
0.01,0.0003,10,sol_1e74256cbd19850b,ev_8be8f2f782ed,hm_3298667cddaa,0.4545454680919647,False
0.05,0.0003,20,sol_4046c78876a04ab7,ev_8c075832f597,hm_8c986396d3ec,0.7349397540092468,False
0.01,0.0005,200,sol_ef14318adf73983d,ev_8c58a86aaec4,hm_bd4d3751a16f,0.759909987449646,False
0.05,0.0005,10,sol_c3696f577b260b4e,ev_8c745099798d,hm_af8fc4d5852f,0.4545454680919647,False
0.0,0.0001,200,sol_67e0a7db8fc52e16,ev_8ca587c1d22b,hm_a00ad2a2c52a,0.4545454680919647,False
0.01,0.0003,400,sol_950caf5ffaabd6a4,ev_8cd4519dea9b,hm_3298667cddaa,1.037034034729004,False
0.01,0.0003,20,sol_83992f2dd88a47cd,ev_8cf0f75fa169,hm_3298667cddaa,0.4545454680919647,False
0.02,0.0005,200,sol_fce6be7e1b3d4d7f,ev_8d1f8306a06f,hm_f442e5139114,0.8059754371643066,False
0.0,0.0005,400,sol_46e22ef88d831ab5,ev_8d3a7b2963aa,hm_7a9cff01f511,0.6506848931312561,False
0.0,0.0001,10,sol_874fc1b056a02ef9,ev_8d55c23834e3,hm_a00ad2a2c52a,0.4545454680919647,False
0.0,0.0001,700,sol_e58727452c79f456,ev_8d5af771cb7d,hm_a00ad2a2c52a,0.6717831492424011,False
0.01,0.0001,200,sol_7462ca24da4d608b,ev_8d80155ca28a,hm_844cdcf42c7e,0.5998886227607727,False
0.0,0.0003,20,sol_1f408d8b53db2bc2,ev_8d846d1c4e30,hm_a0f8ed47a107,0.4545454680919647,False
0.01,0.0001,700,sol_d537fbbe137df6d1,ev_8da89f7b611e,hm_844cdcf42c7e,1.4350159168243408,False
0.0,0.0005,200,sol_88841f3fe30c45f1,ev_8dc30474b502,hm_7a9cff01f511,0.5669864416122437,False
0.02,0.0001,200,sol_4cd5b013345b0db3,ev_8dde2310ba1d,hm_979a58ab8892,1.391889214515686,False
0.02,0.0005,700,sol_0abc319815dd958a,ev_8e08114f4573,hm_f442e5139114,5.473007678985596,False
0.01,0.0001,50,sol_c28f6a6b6c611fc6,ev_8e2adc0d4af1,hm_844cdcf42c7e,0.4545454680919647,False
0.02,0.0001,10,sol_81e84125208b1212,ev_8e2e158b3525,hm_979a58ab8892,0.4545454680919647,False
0.01,0.0003,200,sol_e45f2966dd107bfe,ev_8e6a2157cbca,hm_3298667cddaa,1.5512109994888306,False
0.01,0.0005,20,sol_8d226f3952010a12,ev_8e8f8b583d43,hm_bd4d3751a16f,0.4545454680919647,False
0.05,0.0001,700,sol_8fa1e907f82d5d45,ev_8e9db691f9e8,hm_9108b6e19b67,5135.52294921875,True
0.01,0.0001,20,sol_7a17f95d28796538,ev_8ea3809effd8,hm_844cdcf42c7e,0.4545454680919647,False
0.02,0.0003,50,sol_375b27d1984a4602,ev_8eb74200d5b0,hm_1602ff939866,0.4545454680919647,False
0.05,0.0003,1000,sol_27efc2a4113ea83e,ev_8ec7f35e9c40,hm_8c986396d3ec,1183.456298828125,True
0.02,0.0005,700,sol_3c39e7a925928a6b,ev_8ed9726ac4f3,hm_f442e5139114,14.897942543029785,False
0.01,0.0003,200,sol_d5327a9396452740,ev_8eff2fada57c,hm_3298667cddaa,0.5999617576599121,False
0.02,0.0001,1000,sol_2a757294c9bd7b3d,ev_8eff882cd319,hm_979a58ab8892,40.80915451049805,False
0.01,0.0005,50,sol_9408767afcf7c06a,ev_8f0d6a28d584,hm_bd4d3751a16f,0.4545454680919647,False
0.01,0.0001,10,sol_8effd222c5b50161,ev_8f1578518198,hm_844cdcf42c7e,0.4545454680919647,False
0.01,0.0003,20,sol_05f03af0b3897b82,ev_8f2d5c79a511,hm_3298667cddaa,0.4545454680919647,False
0.0,0.0001,100,sol_9da21af68b7bbbc8,ev_8f30492cded6,hm_a00ad2a2c52a,0.4545454680919647,False
0.01,0.0001,700,sol_cdaf9308fb15ebe5,ev_8f32a8e3b460,hm_844cdcf42c7e,1.390830397605896,False
0.02,0.0003,400,sol_95c7e3f0b324c485,ev_8f7a8feb4451,hm_1602ff939866,1.4348807334899902,False
0.01,0.0005,100,sol_7fd3629670c59006,ev_8f892468821c,hm_bd4d3751a16f,0.6000000238418579,False
0.05,0.0001,200,sol_8370506987a5a35c,ev_9000a73e595e,hm_9108b6e19b67,38.497459411621094,False
0.01,0.0003,1000,sol_5c9fed4a09bf8da6,ev_9057e71e1bc4,hm_3298667cddaa,1.4992502927780151,False
0.02,0.0003,200,sol_12dc1cd598fdd0ed,ev_90a0971198c8,hm_1602ff939866,0.642227053642273,False
0.02,0.0003,1000,sol_00a3e53c1a1b0362,ev_90ee07ff9eae,hm_1602ff939866,4.496497631072998,False
0.02,0.0003,700,sol_04db0800704c8aeb,ev_911fdd4910bf,hm_1602ff939866,5.035272121429443,False
0.01,0.0005,400,sol_9fabe32c3ac3bd4a,ev_91296e1af6a0,hm_bd4d3751a16f,0.7674384117126465,False
0.02,0.0003,10,sol_98a4f83288b7ac43,ev_914c1b394996,hm_1602ff939866,0.4545454680919647,False
0.01,0.0005,1000,sol_45a4706ee30b1761,ev_9153e9d1c755,hm_bd4d3751a16f,2.6895830631256104,False
0.05,0.0003,10,sol_cae214681ea8cb8f,ev_9191ff3becb0,hm_8c986396d3ec,0.5670102834701538,False
0.05,0.0001,400,sol_9f03f841cf20b08f,ev_91ea9252d8a4,hm_9108b6e19b67,19.14568328857422,False
0.05,0.0001,200,sol_1ce64d803beb63ec,ev_920586a4eb65,hm_9108b6e19b67,10.968018531799316,False
0.0,0.0005,20,sol_35bd3cb99fba3c41,ev_923d77befe09,hm_7a9cff01f511,0.4545454680919647,False
0.0,0.0003,700,sol_85bb172fb0733f3e,ev_925a067a7a84,hm_a0f8ed47a107,0.5998678803443909,False
0.02,0.0005,20,sol_7baab6fd57f02a31,ev_92650d60a863,hm_f442e5139114,0.4545454680919647,False
0.01,0.0001,10,sol_87bdb1f8b494804a,ev_9265c0565f23,hm_844cdcf42c7e,0.4545454680919647,False
0.0,0.0003,400,sol_e20aeeb48f72383a,ev_92c5be6fcf8a,hm_a0f8ed47a107,0.9677245020866394,False
0.02,0.0001,50,sol_f2a10905f2f1d285,ev_92ddc45b7d52,hm_979a58ab8892,0.5669770836830139,False
0.0,0.0003,20,sol_dc949c7ba8e32e36,ev_92e5470c6946,hm_a0f8ed47a107,0.4545454680919647,False
0.0,0.0005,200,sol_f77d473e4bcdcc01,ev_92ff94975522,hm_7a9cff01f511,0.4545454680919647,False
0.05,0.0005,50,sol_f59e6d766ea5f1af,ev_933e792abb4f,hm_af8fc4d5852f,0.9554666876792908,False
0.01,0.0001,50,sol_a16e90f77321084a,ev_934b6dbf6767,hm_844cdcf42c7e,0.4545454680919647,False
0.02,0.0005,20,sol_e3e1d934f528e097,ev_936d35ff9e71,hm_f442e5139114,0.4545454680919647,False
0.05,0.0005,100,sol_f6418b4b3e29e94b,ev_93e9a95455fd,hm_af8fc4d5852f,0.9583062529563904,False
0.01,0.0005,200,sol_cb53379c9559d25d,ev_93f9c58b01a8,hm_bd4d3751a16f,1.4999802112579346,False
0.0,0.0001,20,sol_0b5a11a18d041ac5,ev_93fe09e68d56,hm_a00ad2a2c52a,0.4545454680919647,False
0.02,0.0001,400,sol_52959b8ab0c3ae9a,ev_940965fc8448,hm_979a58ab8892,1.0958739519119263,False
0.02,0.0001,1000,sol_fb06a2eec058f927,ev_94103204f0e0,hm_979a58ab8892,3.677872896194458,False
0.01,0.0001,400,sol_b7b510fba0c7d3bb,ev_941c1fc89e24,hm_844cdcf42c7e,1.16891610622406,False
0.05,0.0005,400,sol_893637f703abbbb6,ev_945b1311af2f,hm_af8fc4d5852f,29.885189056396484,False
0.05,0.0001,20,sol_e6cef7bb016de9f2,ev_945f6e2aead3,hm_9108b6e19b67,0.4545454680919647,False
0.02,0.0001,200,sol_a1708f54d6787cfd,ev_94e39ad50732,hm_979a58ab8892,1.4999818801879883,False
0.01,0.0005,200,sol_28f74988649f2a1f,ev_94e50798509a,hm_bd4d3751a16f,0.7379186153411865,False
0.01,0.0003,20,sol_f622b5968bae1d58,ev_951e9eaf5ba3,hm_3298667cddaa,0.5670102834701538,False
0.0,0.0005,200,sol_40e9b77786693273,ev_954e3685a976,hm_7a9cff01f511,0.5669726133346558,False
0.02,0.0001,100,sol_2cd9be049c44e0bb,ev_958253404098,hm_979a58ab8892,1.0895835161209106,False
0.02,0.0003,10,sol_be59bc323431cfb2,ev_958fdec1aab0,hm_1602ff939866,0.4545454680919647,False
0.01,0.0003,10,sol_43f9f2904c15a4ae,ev_960a29be9101,hm_3298667cddaa,0.6420477628707886,False
0.0,0.0001,20,sol_0061bfea96212a57,ev_9612023c2233,hm_a00ad2a2c52a,0.4545454680919647,False
0.0,0.0001,200,sol_da8c4567bd1c0dc1,ev_9631bb117fa4,hm_a00ad2a2c52a,0.4545454680919647,False
0.05,0.0001,400,sol_019f99f35fb9a705,ev_96609a162663,hm_9108b6e19b67,32.90739822387695,False
0.02,0.0001,200,sol_10ddf45de4aee21b,ev_96709a87a039,hm_979a58ab8892,1.0102893114089966,False
0.02,0.0005,50,sol_c1e09d5c67c6337c,ev_967f4d64bda6,hm_f442e5139114,0.5999613404273987,False
0.01,0.0005,400,sol_7ad0169b0515dd2a,ev_96c4bad82acd,hm_bd4d3751a16f,0.6414004564285278,False
0.01,0.0005,100,sol_0fdb635d422832e3,ev_96e4b4c26779,hm_bd4d3751a16f,0.5670037269592285,False
0.01,0.0003,50,sol_7b1e0faf7c7fbcab,ev_96e9286ab5a1,hm_3298667cddaa,0.6420294046401978,False
0.0,0.0001,1000,sol_9f6f31bc9c034563,ev_96fafc545528,hm_a00ad2a2c52a,1.1539121866226196,False
0.05,0.0001,200,sol_bed009a9e79dc7ab,ev_9798b84a2af2,hm_9108b6e19b67,2.6692113876342773,False
0.05,0.0001,20,sol_95c89c1358b3cb24,ev_97a993f57c48,hm_9108b6e19b67,0.6000000238418579,False
0.01,0.0005,400,sol_3807edc3c3ef2dc7,ev_97dd3bb43807,hm_bd4d3751a16f,0.72053462266922,False
0.02,0.0001,10,sol_a768550a88ff1fdb,ev_97ef3c32fc21,hm_979a58ab8892,0.4545454680919647,False
0.05,0.0005,10,sol_a075989023fe5279,ev_982dd830f7cb,hm_af8fc4d5852f,0.5670102834701538,False
0.05,0.0005,400,sol_1ae4f40a69b20416,ev_9846ecac28c5,hm_af8fc4d5852f,486.9715270996094,True
0.05,0.0001,100,sol_4629d025102794ea,ev_98bbc7fb2d3c,hm_9108b6e19b67,1.0188186168670654,False
0.0,0.0005,700,sol_69839edfd7135a6c,ev_98bbce235d0e,hm_7a9cff01f511,0.7607239484786987,False
0.02,0.0001,10,sol_a9aace90abf27796,ev_98d577d831d7,hm_979a58ab8892,0.4545454680919647,False
0.01,0.0001,1000,sol_8fb65ec1eb929752,ev_98e4a61f1197,hm_844cdcf42c7e,2.0026447772979736,False
0.05,0.0001,20,sol_972e80d729bfa9e9,ev_99046851a1da,hm_9108b6e19b67,0.6983240246772766,False
0.01,0.0005,20,sol_c1904a8f34ae8d8b,ev_9937aa4d7397,hm_bd4d3751a16f,0.4545454680919647,False
0.01,0.0003,20,sol_c56c7239ca2d3335,ev_9988b370b30f,hm_3298667cddaa,0.4545454680919647,False
0.0,0.0005,50,sol_758b9c4b1a291b51,ev_9a00494e3c85,hm_7a9cff01f511,0.4545454680919647,False
0.01,0.0003,50,sol_3586d38d62f6a45c,ev_9a0ca42ac0c8,hm_3298667cddaa,0.5669755339622498,False
0.01,0.0001,50,sol_b6f20fd2b676f293,ev_9a2684fe589c,hm_844cdcf42c7e,0.6848065853118896,False
0.01,0.0001,200,sol_8ed844e25eff811a,ev_9a3306ea42cc,hm_844cdcf42c7e,0.6979123950004578,False
0.02,0.0003,1000,sol_b3d04e4577c486a0,ev_9a62608577ea,hm_1602ff939866,198.5952606201172,True
0.01,0.0003,1000,sol_0b549a9cf855d31e,ev_9abd24335c85,hm_3298667cddaa,1.9841943979263306,False
0.0,0.0003,1000,sol_19f51e1094e5a88d,ev_9b2d9a63206c,hm_a0f8ed47a107,1.221336841583252,False
0.05,0.0001,20,sol_2347b16858224416,ev_9b33021bf8c1,hm_9108b6e19b67,0.6000000238418579,False
0.02,0.0005,1000,sol_420751ce6493603b,ev_9b6da740cb51,hm_f442e5139114,11.761846542358398,False
0.01,0.0001,200,sol_63bb47ebed73ed4d,ev_9b812de05a79,hm_844cdcf42c7e,0.5999021530151367,False
0.01,0.0001,700,sol_96bbff3a35663147,ev_9b863c493972,hm_844cdcf42c7e,1.6477179527282715,False
0.0,0.0005,10,sol_cad63045c602e1b8,ev_9bcf45d4d18e,hm_7a9cff01f511,0.4545454680919647,False
0.05,0.0005,20,sol_a765d36ef8621317,ev_9c05b8fc6ec6,hm_af8fc4d5852f,0.8553647994995117,False
0.05,0.0001,200,sol_99d1b4854aea4d0e,ev_9c234886fedc,hm_9108b6e19b67,1.601484249617599e+20,True
0.02,0.0001,50,sol_ea9f04d0f7c45471,ev_9c58d9fe4913,hm_979a58ab8892,0.4545454680919647,False
0.02,0.0005,50,sol_e3151dc6c9931de7,ev_9c64345645b7,hm_f442e5139114,0.5669771432876587,False
0.05,0.0005,700,sol_28a875b45d8e7d17,ev_9c7425990359,hm_af8fc4d5852f,665.7410278320312,True
0.01,0.0003,200,sol_5929a8a78c3a01ad,ev_9c775e87a6e7,hm_3298667cddaa,1.3628767728805542,False
0.0,0.0005,50,sol_8cac8e9a98f7a8ac,ev_9c8fd3371079,hm_7a9cff01f511,0.4545454680919647,False
0.01,0.0003,400,sol_7765822229d2b260,ev_9cd65a1d9c20,hm_3298667cddaa,1.8436533212661743,False
0.05,0.0001,1000,sol_1756e32970f0aa5b,ev_9cd75f948611,hm_9108b6e19b67,1030.0064697265625,True
0.05,0.0003,100,sol_72f4ddbae7a0b822,ev_9cf244badc56,hm_8c986396d3ec,1.3629357814788818,False
0.02,0.0005,100,sol_981e191e2f122f5c,ev_9d009178a4f1,hm_f442e5139114,0.7391496896743774,False
0.01,0.0005,200,sol_643a38ebfb93c495,ev_9d3fd09398fb,hm_bd4d3751a16f,0.8405798077583313,False
0.01,0.0003,20,sol_a50abce93b8fa359,ev_9d4f8cbdd39a,hm_3298667cddaa,0.4545454680919647,False
0.0,0.0005,100,sol_e4834f04cabf9b1d,ev_9d83d198d13c,hm_7a9cff01f511,0.4545454680919647,False
0.0,0.0003,50,sol_5e6335623da1b48f,ev_9da9ff5f9696,hm_a0f8ed47a107,0.4545454680919647,False
0.02,0.0001,200,sol_c1b2c425b7053699,ev_9e1b5af7650f,hm_979a58ab8892,1.435229778289795,False
0.0,0.0001,200,sol_a974725abbd4da74,ev_9e2dce60dff1,hm_a00ad2a2c52a,0.4545454680919647,False
0.01,0.0003,20,sol_e394111904b3143c,ev_9e3354837345,hm_3298667cddaa,0.4545454680919647,False
0.01,0.0005,400,sol_6d25118510a73238,ev_9e3ff76b899b,hm_bd4d3751a16f,3.000065326690674,False
0.02,0.0005,50,sol_54680f3d285b8a1a,ev_9e7b9d693a0f,hm_f442e5139114,0.5999730825424194,False
0.0,0.0001,200,sol_a8f8973bdac7e042,ev_9ebaaeb7f8f1,hm_a00ad2a2c52a,0.4545454680919647,False
0.02,0.0005,400,sol_67e3d342106593e0,ev_9ec3dbdc134a,hm_f442e5139114,2.2560784816741943,False
0.0,0.0003,10,sol_f1d5d242f69e26a4,ev_9ec547288502,hm_a0f8ed47a107,0.4545454680919647,False
0.02,0.0003,50,sol_44223b6614ca2331,ev_9eebab6a5e12,hm_1602ff939866,0.5669803619384766,False
0.01,0.0003,1000,sol_bbeef61fb0e1ca13,ev_9f5bcdc316d6,hm_3298667cddaa,1.8588570356369019,False
0.01,0.0001,700,sol_c584f544ae4264c9,ev_9f6344e34f18,hm_844cdcf42c7e,0.9591805934906006,False
0.05,0.0003,700,sol_6c1fb35ceb1db693,ev_9f6dc4c24030,hm_8c986396d3ec,1203.8377685546875,True
0.02,0.0005,20,sol_56cec25266d165b7,ev_9f760030ac48,hm_f442e5139114,0.4545454680919647,False
0.0,0.0003,1000,sol_d65fda3584a26dc5,ev_9f7a6ddbbf19,hm_a0f8ed47a107,1.2456120252609253,False
0.02,0.0005,10,sol_bacd6da00894b15f,ev_9f91f7ddd941,hm_f442e5139114,0.4545454680919647,False
0.05,0.0003,700,sol_2506cf6696a2a296,ev_9f9fedeabd10,hm_8c986396d3ec,247.438232421875,True
0.01,0.0003,20,sol_7fc8dd825ac210c7,ev_9fd4c5a4a769,hm_3298667cddaa,0.4545454680919647,False
0.0,0.0005,1000,sol_7191734d8edfa7b6,ev_9fe54d01a9d4,hm_7a9cff01f511,1.4999855756759644,False
0.02,0.0001,200,sol_cc10ccea5c3ff3da,ev_9fed1bac21e7,hm_979a58ab8892,0.566989541053772,False
0.01,0.0005,100,sol_6e4310aa4c871400,ev_a024c3de6251,hm_bd4d3751a16f,0.5999847650527954,False
0.02,0.0005,400,sol_cb30faf3f2448b25,ev_a0278fee1641,hm_f442e5139114,1.4998730421066284,False
0.01,0.0001,200,sol_92422c9b31c89f64,ev_a05c28ce29c8,hm_844cdcf42c7e,0.5669767260551453,False
0.05,0.0001,200,sol_c73b89ad2a1bc3ac,ev_a09223e12217,hm_9108b6e19b67,64.11369323730469,True
0.05,0.0003,50,sol_e7bdeb24ccdcbe94,ev_a0952b850943,hm_8c986396d3ec,0.5998963713645935,False
0.02,0.0003,20,sol_4a371267e3d3c1a7,ev_a09bdeb2efeb,hm_1602ff939866,0.4545454680919647,False
0.02,0.0003,20,sol_f150c49483c88a9d,ev_a0a92d01e050,hm_1602ff939866,0.5670102834701538,False
0.02,0.0001,50,sol_391aefeed014517f,ev_a0ff9344ad76,hm_979a58ab8892,0.4545454680919647,False
0.01,0.0003,10,sol_dd25f1e1181dbe7b,ev_a133f0897822,hm_3298667cddaa,0.4545454680919647,False
0.01,0.0005,200,sol_44d7d34db067d353,ev_a144bc5310d8,hm_bd4d3751a16f,0.7379150390625,False
0.02,0.0005,50,sol_f7a57cbeda32e4dc,ev_a14f2f01c518,hm_f442e5139114,0.4545454680919647,False
0.02,0.0003,400,sol_84ab2575461390da,ev_a16f8d83186c,hm_1602ff939866,1.0387251377105713,False
0.05,0.0001,400,sol_c763cd909e7e872a,ev_a1d6c73d178b,hm_9108b6e19b67,124.16393280029297,True
0.05,0.0001,200,sol_207b3bd6fa25097f,ev_a1f56c1b5a30,hm_9108b6e19b67,2.2238352298736572,False
0.02,0.0001,100,sol_ac4ebea898db3b34,ev_a226be8d7661,hm_979a58ab8892,0.5670015215873718,False
0.0,0.0001,100,sol_338158da4323d356,ev_a22f39fc4fbb,hm_a00ad2a2c52a,0.4545454680919647,False
0.01,0.0005,400,sol_49f0b02f7fdabe82,ev_a289a7f1d638,hm_bd4d3751a16f,1.4350687265396118,False
0.0,0.0005,50,sol_83754b99b0b38760,ev_a28ee93e91a0,hm_7a9cff01f511,0.4545454680919647,False
0.01,0.0003,1000,sol_1d250da2b22a7890,ev_a29cf990c306,hm_3298667cddaa,32.2088737487793,False
0.02,0.0005,20,sol_c766b0abf1195fe0,ev_a2a3c330ff20,hm_f442e5139114,0.4545454680919647,False
0.01,0.0001,10,sol_476f7c6f1fb727dc,ev_a32bd0dbf293,hm_844cdcf42c7e,0.4545454680919647,False
0.05,0.0001,1000,sol_5bdeb61f3547b500,ev_a339b2836e99,hm_9108b6e19b67,1306.2840576171875,True
0.0,0.0005,100,sol_d3a05b11ba73ddf0,ev_a359cf9812b5,hm_7a9cff01f511,1.258220911026001,False
0.02,0.0001,700,sol_2988d9a353afb81e,ev_a36cbf24a43d,hm_979a58ab8892,2.155052661895752,False
0.02,0.0003,50,sol_8f562421e2af55b2,ev_a3c656629eed,hm_1602ff939866,0.5669787526130676,False
0.02,0.0003,700,sol_58048287adb5e2ec,ev_a4244a65c4e8,hm_1602ff939866,2.355971336364746,False
0.02,0.0005,20,sol_87e31310aa3c801b,ev_a4567656b137,hm_f442e5139114,0.4545454680919647,False
0.0,0.0003,10,sol_f18876c67d52aa09,ev_a469caeb6b26,hm_a0f8ed47a107,0.4545454680919647,False
0.01,0.0005,400,sol_44f3b7121ceed8a6,ev_a4d53d63be97,hm_bd4d3751a16f,1.391884207725525,False
0.01,0.0003,20,sol_14225f7b9ce97731,ev_a51f59d1a16d,hm_3298667cddaa,0.4545454680919647,False
0.05,0.0001,10,sol_66a116aeb051479b,ev_a5523a1e4fd4,hm_9108b6e19b67,0.4545454680919647,False
0.0,0.0001,50,sol_d9fc5554bcfcd171,ev_a56ad78a3e23,hm_a00ad2a2c52a,0.4545454680919647,False
0.0,0.0005,50,sol_6cd821f4faa1f8eb,ev_a5a456cec92d,hm_7a9cff01f511,0.4545454680919647,False
0.02,0.0003,50,sol_97aad06a58a76e59,ev_a5de2986c89f,hm_1602ff939866,0.5670003890991211,False
0.01,0.0001,1000,sol_960825dc77213243,ev_a5ff34c17478,hm_844cdcf42c7e,1.040192723274231,False
0.05,0.0001,50,sol_0bb548162ade6589,ev_a6139a8b7b18,hm_9108b6e19b67,0.864861249923706,False
0.0,0.0001,20,sol_adf285028eb6b0c9,ev_a61993a36eab,hm_a00ad2a2c52a,0.4545454680919647,False
0.0,0.0001,10,sol_6191795b2a76e145,ev_a61f522e8f3a,hm_a00ad2a2c52a,0.4545454680919647,False
0.01,0.0003,50,sol_0c1b5c60582733dc,ev_a620743f2518,hm_3298667cddaa,0.6000005006790161,False
0.05,0.0001,1000,sol_2c7fa5fd6a710b6a,ev_a6229f909e30,hm_9108b6e19b67,887.58740234375,True
0.02,0.0005,50,sol_dbabd370c18dab86,ev_a623e84798eb,hm_f442e5139114,0.5669817924499512,False
0.01,0.0001,200,sol_6445d557e9d13174,ev_a63ac033e6ba,hm_844cdcf42c7e,0.5998857021331787,False
0.0,0.0001,200,sol_e32109be36d82b1f,ev_a648167a83d6,hm_a00ad2a2c52a,0.4545454680919647,False
0.02,0.0003,100,sol_ed279db71b2abb58,ev_a65aaf11ee9d,hm_1602ff939866,0.5999638438224792,False
0.05,0.0003,200,sol_bb6348a2f1d57c9c,ev_a66e40bac980,hm_8c986396d3ec,2.2695717811584473,False
0.0,0.0001,200,sol_7cc55e82220511ce,ev_a6a71710f01c,hm_a00ad2a2c52a,0.4545454680919647,False
0.01,0.0005,20,sol_8b90d4707a587ee3,ev_a6c5eea7fffa,hm_bd4d3751a16f,0.4545454680919647,False
0.01,0.0005,50,sol_6a556622b0ad1274,ev_a6d4ec7bf066,hm_bd4d3751a16f,0.5669753551483154,False
0.01,0.0005,50,sol_dcf8bb65fcf1c2f1,ev_a7131d665dbf,hm_bd4d3751a16f,0.4545454680919647,False
0.0,0.0005,700,sol_873795a832f259d8,ev_a7319d5effa8,hm_7a9cff01f511,1.145696997642517,False
0.05,0.0005,1000,sol_63573041a21c59c7,ev_a75898bf0335,hm_af8fc4d5852f,1368.307861328125,True
0.0,0.0005,20,sol_24e37817dc61604f,ev_a76047f0861f,hm_7a9cff01f511,0.4545454680919647,False
0.05,0.0003,20,sol_096d902aab3650c0,ev_a77710c0841f,hm_8c986396d3ec,0.4545454680919647,False
0.02,0.0005,20,sol_f4152943f69d4ccb,ev_a79f969ab976,hm_f442e5139114,0.4545454680919647,False
0.0,0.0001,20,sol_526f6678a6503531,ev_a7a6ac3a7e21,hm_a00ad2a2c52a,0.4545454680919647,False
0.02,0.0001,700,sol_83692b8d50116de7,ev_a7b5f210c05a,hm_979a58ab8892,1.8140559196472168,False
0.05,0.0005,1000,sol_b5355c9866b577aa,ev_a7dcd3a4b636,hm_af8fc4d5852f,1030.33056640625,True
0.05,0.0001,100,sol_c763c21a8043a55a,ev_a7e6b9a79f6f,hm_9108b6e19b67,1.0005006790161133,False
0.01,0.0001,50,sol_9a393cfab8077f32,ev_a86e4d76bf2f,hm_844cdcf42c7e,0.4545454680919647,False
0.02,0.0001,700,sol_e51725fbb2fa5c7d,ev_a879cdd2560e,hm_979a58ab8892,2.310561418533325,False
0.01,0.0003,50,sol_c00487b8a9cef62a,ev_a87d3809e79b,hm_3298667cddaa,0.4545454680919647,False
0.02,0.0005,1000,sol_0d98a2bd5fff06be,ev_a87e8f137e16,hm_f442e5139114,4.609281063079834,False
0.05,0.0003,50,sol_1a3dd67d08cd3995,ev_a88894503208,hm_8c986396d3ec,0.7349293828010559,False
0.01,0.0001,700,sol_70d5f0c1e5140756,ev_a89924e96a57,hm_844cdcf42c7e,1.4999357461929321,False
0.0,0.0001,400,sol_10158749cc0c1b88,ev_a8beb8fa4118,hm_a00ad2a2c52a,0.4545454680919647,False
0.0,0.0001,1000,sol_6244cf1c0915936e,ev_a8d5e43928a0,hm_a00ad2a2c52a,0.4545454680919647,False
0.01,0.0001,100,sol_a15818087536aa7f,ev_a8ed406eaadb,hm_844cdcf42c7e,0.4545454680919647,False
0.02,0.0003,400,sol_f21d74034b75210e,ev_a8f55d95d638,hm_1602ff939866,2.0363574028015137,False
0.05,0.0005,1000,sol_11432f61f4a62ad4,ev_a8febd271488,hm_af8fc4d5852f,1008.0305786132812,True
0.0,0.0001,20,sol_353476a2285d2727,ev_a92538ae2818,hm_a00ad2a2c52a,0.4545454680919647,False
0.0,0.0003,700,sol_7cd8f6c2be1b7959,ev_a928ca84825c,hm_a0f8ed47a107,0.7435176968574524,False
0.01,0.0003,400,sol_4ca8072d3bace2ff,ev_a92fbb90f4c8,hm_3298667cddaa,1.500006079673767,False
0.05,0.0001,200,sol_77533e6f34f33ff8,ev_a99a471aeede,hm_9108b6e19b67,4.1722092628479,False
0.0,0.0001,700,sol_f4a698233b0700dd,ev_a9a61c272fd7,hm_a00ad2a2c52a,0.4545453190803528,False
0.02,0.0003,100,sol_c4cea0b20bd105d8,ev_a9f7e80969c8,hm_1602ff939866,1.4999901056289673,False
0.02,0.0005,200,sol_d0b826694679980c,ev_aa8a43b3e1d9,hm_f442e5139114,1.2690106630325317,False
0.05,0.0003,200,sol_337cfc4702483ea6,ev_aa9678e561ec,hm_8c986396d3ec,11.947407722473145,False
0.01,0.0001,1000,sol_dc3f471451c97c2a,ev_aac526fdf8e0,hm_844cdcf42c7e,1.711333990097046,False
0.0,0.0005,50,sol_ce3bdd5d20b89c91,ev_ab056c7c5f6c,hm_7a9cff01f511,0.5669757127761841,False
0.01,0.0003,10,sol_840b572c96dec450,ev_ab41369db58e,hm_3298667cddaa,0.4545454680919647,False
0.02,0.0003,700,sol_1acc612c705bee2b,ev_ab66e83ae73a,hm_1602ff939866,3.47517991065979,False
0.05,0.0001,1000,sol_3dabb3ab1b929245,ev_ab79a7a1695c,hm_9108b6e19b67,1296.180908203125,True
0.0,0.0005,100,sol_fb544c29ca0225f2,ev_ab866f79962e,hm_7a9cff01f511,0.6000000238418579,False
0.02,0.0005,400,sol_6d35bbfae1562ce0,ev_abec8486d03e,hm_f442e5139114,4.258325099945068,False
0.01,0.0003,100,sol_f6343bf369873784,ev_ac39fd26e511,hm_3298667cddaa,0.5669761896133423,False
0.02,0.0003,50,sol_c49debce1ef2a99e,ev_ac62e26948db,hm_1602ff939866,0.4545454680919647,False
0.01,0.0005,100,sol_2dac807f1e3a98e1,ev_ac65b89f0d43,hm_bd4d3751a16f,0.5670003294944763,False
0.01,0.0003,200,sol_5fef26b642004f01,ev_ac87cc2bf688,hm_3298667cddaa,0.5669633150100708,False
0.02,0.0001,10,sol_20aee3cde12a5392,ev_ac9736eee093,hm_979a58ab8892,0.4545454680919647,False
0.0,0.0003,200,sol_ab83eb78eae60b3f,ev_ac9ebc024993,hm_a0f8ed47a107,0.5996930003166199,False
0.02,0.0001,200,sol_a9c060e86c0d5a67,ev_acc3f9943bdd,hm_979a58ab8892,1.500001072883606,False
0.01,0.0003,10,sol_7849bcdceb7787b2,ev_ace706ba5596,hm_3298667cddaa,0.4545454680919647,False
0.0,0.0003,1000,sol_ca574b0889cc2678,ev_ad21d48e2cca,hm_a0f8ed47a107,0.6980133652687073,False
0.0,0.0001,10,sol_f0f250d38d5a1130,ev_ad2f01d32e9e,hm_a00ad2a2c52a,0.4545454680919647,False
0.01,0.0003,50,sol_00d4e259d1734893,ev_ad58350797ed,hm_3298667cddaa,0.4545454680919647,False
0.01,0.0005,700,sol_3c50203bccf8df0b,ev_ad7169a45473,hm_bd4d3751a16f,3.9541640281677246,False
0.0,0.0005,200,sol_565d85a8452d6830,ev_ad93672c1c25,hm_7a9cff01f511,0.6000000238418579,False
0.0,0.0005,400,sol_6a827b59525c56eb,ev_adec4fcb3634,hm_7a9cff01f511,0.5994473099708557,False
0.0,0.0005,700,sol_3b54d628527860ac,ev_ae194820582e,hm_7a9cff01f511,0.9265111088752747,False
0.02,0.0001,20,sol_477726181284046d,ev_ae2869aa0868,hm_979a58ab8892,0.4545454680919647,False
0.02,0.0003,50,sol_c65f6d585a6ff642,ev_ae65d6241ebc,hm_1602ff939866,0.4545454680919647,False
0.05,0.0003,100,sol_21a681fd72f910bb,ev_ae7b9d501d04,hm_8c986396d3ec,0.8552589416503906,False
0.02,0.0001,20,sol_5daf42da27861c2c,ev_ae96f6dc199b,hm_979a58ab8892,0.4545454680919647,False
0.02,0.0003,10,sol_3b51246cb5859b7c,ev_afa2a4522bdb,hm_1602ff939866,0.4545454680919647,False
0.01,0.0003,700,sol_547491d9442d7595,ev_afaec4306a03,hm_3298667cddaa,2.6249918937683105,False
0.01,0.0001,100,sol_94e1dc725c6eedd9,ev_afeb56e123cf,hm_844cdcf42c7e,0.5999718308448792,False
0.01,0.0001,1000,sol_ae6cbc43e05a661a,ev_aff1a117c3c2,hm_844cdcf42c7e,1.499768614768982,False
0.05,0.0003,700,sol_abf6b555b6947172,ev_aff82cf049b7,hm_8c986396d3ec,1889.260009765625,True
0.02,0.0005,700,sol_ff023f6ac537cbc7,ev_b018f1e0808b,hm_f442e5139114,4.971611976623535,False
0.05,0.0005,400,sol_dd5726b3c0245fb9,ev_b034a918b055,hm_af8fc4d5852f,8.214729309082031,False
0.0,0.0005,20,sol_213832223910c83a,ev_b050a1d7ab19,hm_7a9cff01f511,0.4545454680919647,False
0.02,0.0001,10,sol_dda3099cc8bf2988,ev_b05920a2383c,hm_979a58ab8892,0.4545454680919647,False
0.0,0.0005,1000,sol_c65fa99218079ab6,ev_b06e503544c1,hm_7a9cff01f511,0.989678144454956,False
0.01,0.0001,700,sol_434ac785e3daf5eb,ev_b070c2fbe9c8,hm_844cdcf42c7e,1.4999687671661377,False
0.05,0.0005,50,sol_9a164cd02d92edcf,ev_b0cd0ac8a5e9,hm_af8fc4d5852f,1.072685718536377,False
0.0,0.0001,50,sol_ca0edd8046beff9c,ev_b107ab39de1a,hm_a00ad2a2c52a,0.4545454680919647,False
0.0,0.0003,10,sol_72a180fea980714f,ev_b10e0c2b5ad1,hm_a0f8ed47a107,0.4545454680919647,False
0.0,0.0001,100,sol_bc24797b156aa04d,ev_b1222590de9a,hm_a00ad2a2c52a,0.4545454680919647,False
0.01,0.0003,100,sol_dae27ab1cf497140,ev_b15dc713c938,hm_3298667cddaa,0.5669787526130676,False
0.0,0.0003,20,sol_e0f589817c12fefe,ev_b1b52d07a35a,hm_a0f8ed47a107,0.4545454680919647,False
0.01,0.0005,10,sol_d48a78f0d81066f7,ev_b1f29510be37,hm_bd4d3751a16f,0.4545454680919647,False
0.01,0.0001,400,sol_01b4f6b2c1a6cf56,ev_b1f3a80363cb,hm_844cdcf42c7e,0.7378095984458923,False
0.01,0.0001,700,sol_86caa32040c3c6ac,ev_b216bc978639,hm_844cdcf42c7e,1.580754041671753,False
0.05,0.0005,20,sol_dfaabc7a5042ed07,ev_b221dd16adbc,hm_af8fc4d5852f,0.4545454680919647,False
0.01,0.0001,50,sol_74760aa49582d241,ev_b230d84aa23e,hm_844cdcf42c7e,0.4545454680919647,False
0.01,0.0005,1000,sol_c83b90a959197c89,ev_b23ed85ec367,hm_bd4d3751a16f,1.5902522802352905,False
0.0,0.0005,100,sol_e7106cabacd0876a,ev_b255fc65245b,hm_7a9cff01f511,0.5669754147529602,False
0.01,0.0003,400,sol_38298ba387ee0d53,ev_b264135ff7a6,hm_3298667cddaa,0.6979089379310608,False
0.05,0.0005,20,sol_0c42692e78e7bbe9,ev_b26a7a854614,hm_af8fc4d5852f,0.6721629500389099,False
0.02,0.0001,200,sol_e0ad09e581347b70,ev_b2a7ca422272,hm_979a58ab8892,1.092519760131836,False
0.02,0.0005,20,sol_0b26931e999ecd45,ev_b2c1d4d21860,hm_f442e5139114,0.6000000238418579,False
0.0,0.0005,200,sol_3567c66032d18146,ev_b2d83822220b,hm_7a9cff01f511,0.5995640158653259,False
0.0,0.0003,100,sol_b001d3c45cdf229d,ev_b2fc8bbc998a,hm_a0f8ed47a107,0.4545454680919647,False
0.0,0.0001,100,sol_319b37cbca330008,ev_b30f2553ae3e,hm_a00ad2a2c52a,0.4545454680919647,False
0.02,0.0003,100,sol_35508282170a173e,ev_b33ac45465b6,hm_1602ff939866,0.6290488839149475,False
0.05,0.0003,400,sol_97d41998c2a45b81,ev_b3405b480590,hm_8c986396d3ec,146.0832977294922,True
0.0,0.0005,100,sol_ef1ee6ea7ee379d1,ev_b36fe4b842c6,hm_7a9cff01f511,1.258220911026001,False
0.02,0.0001,20,sol_c9f11e51a4c14137,ev_b37289e5b86b,hm_979a58ab8892,0.4545454680919647,False
0.01,0.0005,100,sol_1b71cc3e67e2f7db,ev_b3aefaebf6e0,hm_bd4d3751a16f,0.8106446266174316,False
0.0,0.0001,10,sol_02d144421647e019,ev_b4086c4068b8,hm_a00ad2a2c52a,0.4545454680919647,False
0.05,0.0003,20,sol_7e5d8d8e9b4f76bc,ev_b40f930cdc63,hm_8c986396d3ec,0.8648648858070374,False
0.0,0.0003,700,sol_3257a0b832e71a9c,ev_b41098231764,hm_a0f8ed47a107,0.7172465920448303,False
0.05,0.0003,20,sol_751fc278c4edeee3,ev_b41532d4cd2a,hm_8c986396d3ec,0.5670102834701538,False
0.01,0.0003,20,sol_a950d9fd087ee4ba,ev_b42cac824e24,hm_3298667cddaa,0.4545454680919647,False
0.05,0.0003,20,sol_8b0ca6cd21a16963,ev_b46c88e124af,hm_8c986396d3ec,0.4545454680919647,False
0.0,0.0003,20,sol_cebdb75e68489090,ev_b4780f258436,hm_a0f8ed47a107,0.4545454680919647,False
0.02,0.0003,10,sol_5381d561bf24d1cd,ev_b499d8cd599b,hm_1602ff939866,0.4545454680919647,False
0.0,0.0005,200,sol_88ec23bfd2f50d7b,ev_b4cb8370e39f,hm_7a9cff01f511,0.9595153331756592,False
0.02,0.0001,100,sol_3c6a4213fb709f32,ev_b4fb2e0fd048,hm_979a58ab8892,0.5669751763343811,False
0.0,0.0005,10,sol_491b8fdf78972d87,ev_b5140afc59d8,hm_7a9cff01f511,0.4545454680919647,False
0.05,0.0001,10,sol_7f82a067668eae4a,ev_b5264af9dd89,hm_9108b6e19b67,0.4545454680919647,False
0.05,0.0005,200,sol_6cb5f180c8df9220,ev_b576bb936c82,hm_af8fc4d5852f,5.799124240875244,False
0.01,0.0001,20,sol_adfb1f7b6300a603,ev_b5ebd1cc906f,hm_844cdcf42c7e,0.4545454680919647,False
0.02,0.0001,1000,sol_64de19c8c64862e5,ev_b61967868bfb,hm_979a58ab8892,12.2093505859375,False
0.01,0.0001,100,sol_5cceef07245eec36,ev_b64a552413cf,hm_844cdcf42c7e,0.5669770240783691,False
0.0,0.0001,100,sol_ce62c5c725d8b29e,ev_b670147fa15a,hm_a00ad2a2c52a,0.4545454680919647,False
0.0,0.0003,50,sol_ba22204d821b9096,ev_b67d2e77cf9b,hm_a0f8ed47a107,0.5670135021209717,False
0.0,0.0001,10,sol_64913ba24a7ea7c9,ev_b681676006db,hm_a00ad2a2c52a,0.4545454680919647,False
0.01,0.0005,20,sol_f44995c4fb5a30ac,ev_b6e9d671e3bb,hm_bd4d3751a16f,0.4545454680919647,False
0.02,0.0005,400,sol_a404b29aeb993025,ev_b6f3844c5df3,hm_f442e5139114,1.4996808767318726,False
0.0,0.0003,50,sol_ad58a409bee82b18,ev_b71b7ba564c2,hm_a0f8ed47a107,0.4545454680919647,False
0.0,0.0001,1000,sol_62230faf8dc1d672,ev_b745f60f84b9,hm_a00ad2a2c52a,0.5642270445823669,False
0.05,0.0005,10,sol_bcc575e00a791d0c,ev_b74f368726b3,hm_af8fc4d5852f,0.4545454680919647,False
0.05,0.0005,700,sol_b5e6efc1323dda60,ev_b75e6e931ab2,hm_af8fc4d5852f,2695.606689453125,True
0.0,0.0001,10,sol_f41965085c8f7967,ev_b7a82955749f,hm_a00ad2a2c52a,0.4545454680919647,False
0.05,0.0005,700,sol_d97d6bce403eb92f,ev_b84287787071,hm_af8fc4d5852f,8417.224609375,True
0.05,0.0003,400,sol_89ff2329a95f563c,ev_b84bedfb92ad,hm_8c986396d3ec,22.935518264770508,False
0.01,0.0005,200,sol_8e7916cc7121c7fa,ev_b84c2cf27865,hm_bd4d3751a16f,0.9553388953208923,False
0.02,0.0005,200,sol_40a4b2ec3be7690c,ev_b85a67f2e4e3,hm_f442e5139114,1.2783520221710205,False
0.05,0.0005,200,sol_7e482e766881217a,ev_b85f8e98930e,hm_af8fc4d5852f,4.655379295349121,False
0.01,0.0003,200,sol_fbb6ddfe5855787a,ev_b8bcd402e9ab,hm_3298667cddaa,0.5999162197113037,False
0.05,0.0003,400,sol_cf4aad2155b43479,ev_b8e0b8dd6c31,hm_8c986396d3ec,90.3818588256836,True
0.01,0.0001,100,sol_98c96ae2025bbc4b,ev_b90228bd4e0f,hm_844cdcf42c7e,0.5999717712402344,False
0.05,0.0005,700,sol_40285e1dc400ab7a,ev_b928eda98336,hm_af8fc4d5852f,169.9364776611328,True
0.05,0.0001,200,sol_ace68a41bea7401a,ev_b9309d08c808,hm_9108b6e19b67,2.1198108196258545,False
0.05,0.0001,100,sol_c823105865c0117a,ev_b9347472c8b7,hm_9108b6e19b67,0.9846909046173096,False
0.0,0.0003,200,sol_fee5208cc8b92506,ev_b945cd6932e8,hm_a0f8ed47a107,0.5669738054275513,False
0.0,0.0003,1000,sol_7ab7be2db3514bc7,ev_b94cfdd2467e,hm_a0f8ed47a107,1.4378381967544556,False
0.0,0.0005,700,sol_ae05f764b702781a,ev_b95dc0be443f,hm_7a9cff01f511,1.2581435441970825,False
0.05,0.0005,400,sol_ffdd0ca51a2bd9bd,ev_b9b5b3680628,hm_af8fc4d5852f,232.12986755371094,True
0.05,0.0003,50,sol_4fe36674189f265f,ev_b9d88f33368c,hm_8c986396d3ec,0.6418540477752686,False
0.0,0.0003,10,sol_85a89af15335ad50,ev_b9ffd8ac788e,hm_a0f8ed47a107,0.4545454680919647,False
0.0,0.0003,1000,sol_0e1482e21b093c74,ev_ba111bb3aaa3,hm_a0f8ed47a107,0.9735715985298157,False
0.01,0.0005,1000,sol_36d126b277a580f0,ev_ba1f2f722c8a,hm_bd4d3751a16f,2.186540365219116,False
0.02,0.0001,10,sol_b59930f4bc8cecc5,ev_ba2a0329eef8,hm_979a58ab8892,0.6000000238418579,False
0.02,0.0005,50,sol_84b108dbcb49f052,ev_ba583c3ffa90,hm_f442e5139114,0.5669956207275391,False
0.01,0.0005,20,sol_8e589a89d9378496,ev_ba659c0e147d,hm_bd4d3751a16f,0.4545454680919647,False
0.02,0.0001,20,sol_314fe14e305fa3e6,ev_ba79cf986ab5,hm_979a58ab8892,1.001261830329895,False
0.0,0.0003,50,sol_ca412d1bd6f96c85,ev_babd08af816a,hm_a0f8ed47a107,0.4545454680919647,False
0.02,0.0003,20,sol_f7a2999803407512,ev_bacfb1e6626a,hm_1602ff939866,0.4545454680919647,False
0.02,0.0003,20,sol_c8f66962b17f9e12,ev_bad15bed31fb,hm_1602ff939866,0.4545454680919647,False
0.02,0.0001,20,sol_4c1ad06405027eea,ev_bafdda75bbcf,hm_979a58ab8892,0.4545454680919647,False
0.05,0.0003,400,sol_9e00e309927628e1,ev_bb0251e0c9b4,hm_8c986396d3ec,102.5,True
0.05,0.0001,10,sol_338696a13af93e19,ev_bb2496274435,hm_9108b6e19b67,0.4545454680919647,False
0.02,0.0001,10,sol_b7700c0d03506852,ev_bb43ce4a814e,hm_979a58ab8892,0.4545454680919647,False
0.02,0.0003,50,sol_3303c329634fa9f5,ev_bb97de248851,hm_1602ff939866,0.5670022368431091,False
0.05,0.0005,50,sol_98f0ec4e5eea6ab4,ev_bba85905b072,hm_af8fc4d5852f,0.6982985734939575,False
0.02,0.0003,1000,sol_d787262b8978ecac,ev_bba8a5d4dbe3,hm_1602ff939866,205.42681884765625,True
0.05,0.0003,50,sol_52f47a26426581b6,ev_bc0c3db9f8ad,hm_8c986396d3ec,0.69837886095047,False
0.01,0.0003,1000,sol_a0601c238455c806,ev_bc3d56334be9,hm_3298667cddaa,8.8533353805542,False
0.0,0.0005,100,sol_735af7939702ea9b,ev_bc413018d7f1,hm_7a9cff01f511,0.5669755935668945,False
0.01,0.0001,10,sol_30baa68c2f42bc7e,ev_bc6b2eb51cc1,hm_844cdcf42c7e,0.4545454680919647,False
0.0,0.0005,700,sol_c2ebc9606d7c0c22,ev_bc77b3d3b279,hm_7a9cff01f511,0.9596554040908813,False
0.01,0.0001,700,sol_7545ae1819681ae4,ev_bc7f633ba147,hm_844cdcf42c7e,1.4352266788482666,False
0.05,0.0001,400,sol_681dd81edba04d6b,ev_bc85ea9f1356,hm_9108b6e19b67,28.31399154663086,False
0.0,0.0003,20,sol_18bf46929bf49ca6,ev_bc9d6dff238c,hm_a0f8ed47a107,0.4545454680919647,False
0.0,0.0003,1000,sol_a0c86f02a4462820,ev_bccdb40f2187,hm_a0f8ed47a107,0.9511505365371704,False
0.01,0.0001,200,sol_bddc28eda84b24ab,ev_bd1dda40da05,hm_844cdcf42c7e,0.6848076581954956,False
0.0,0.0001,400,sol_54b6df9d89f74f8b,ev_bd8722e45cf9,hm_a00ad2a2c52a,0.4545454680919647,False
0.02,0.0003,700,sol_62e7011512f662f0,ev_bdb11bcbc7c5,hm_1602ff939866,2.356752634048462,False
0.01,0.0005,10,sol_8f18765cb2eb7faa,ev_bde466b182f8,hm_bd4d3751a16f,0.4545454680919647,False
0.0,0.0005,700,sol_64734b7bb5a751fa,ev_be544e973136,hm_7a9cff01f511,1.2048251628875732,False
0.05,0.0001,50,sol_b3f7d42ab7f71984,ev_be634c79ac27,hm_9108b6e19b67,1.141701579093933,False
0.0,0.0003,1000,sol_b44fbcd26ead4c6d,ev_bea9827ba140,hm_a0f8ed47a107,1.0934171676635742,False
0.02,0.0001,1000,sol_aad60385e0194aed,ev_bebcbf98ab49,hm_979a58ab8892,2.9120824337005615,False
0.0,0.0003,200,sol_2c3b4b01324dd239,ev_bec11b380b8b,hm_a0f8ed47a107,0.4545454680919647,False
0.05,0.0005,10,sol_1be11e8f3fcfa5e5,ev_bef11da30727,hm_af8fc4d5852f,0.4545454680919647,False
0.01,0.0001,20,sol_ecf22870463839ec,ev_bf4ea028b35d,hm_844cdcf42c7e,0.4545454680919647,False
0.02,0.0005,200,sol_f4e32d646839fd75,ev_bf78cc6cfa03,hm_f442e5139114,1.4999866485595703,False
0.01,0.0005,50,sol_69566a2b42d78c02,ev_bf87545af11b,hm_bd4d3751a16f,0.4545454680919647,False
0.0,0.0005,400,sol_0d386d12273f8714,ev_bfbb2707eb83,hm_7a9cff01f511,0.566963255405426,False
0.05,0.0003,10,sol_9e7faf35bc06e739,ev_c059266a2f15,hm_8c986396d3ec,0.4545454680919647,False
0.01,0.0005,20,sol_f726fde7428becd8,ev_c05f2920c5a3,hm_bd4d3751a16f,0.5670102834701538,False
0.0,0.0001,100,sol_b3504c6f76149694,ev_c05fe4e1ea17,hm_a00ad2a2c52a,0.4545454680919647,False
0.02,0.0001,50,sol_cc68407352f5a9ee,ev_c07cc7133da5,hm_979a58ab8892,0.5669771432876587,False
0.01,0.0003,700,sol_c22c6394adf7f0b4,ev_c088e0fdb671,hm_3298667cddaa,1.091655969619751,False
0.0,0.0003,50,sol_ae3341b28e114797,ev_c0b3708185f0,hm_a0f8ed47a107,0.4545454680919647,False
0.05,0.0003,10,sol_86121c27aa38b14a,ev_c0c758e9a085,hm_8c986396d3ec,0.6000000238418579,False
0.0,0.0005,700,sol_ba1d426467634604,ev_c0c9294f5465,hm_7a9cff01f511,1.1688477993011475,False
0.05,0.0001,50,sol_40acff70645fa01c,ev_c130d6946a6a,hm_9108b6e19b67,0.5999900102615356,False
0.05,0.0005,200,sol_ab7e1bae448421be,ev_c1394b21d501,hm_af8fc4d5852f,52.20616149902344,True
0.02,0.0005,100,sol_35d32d73b06f9ce6,ev_c14e1a58f566,hm_f442e5139114,0.5999006628990173,False
0.01,0.0003,1000,sol_d7c2e1a47be387e3,ev_c15a8ba95b18,hm_3298667cddaa,1.4994653463363647,False
0.05,0.0003,700,sol_ed9e70fac1ea92d7,ev_c17779f307e9,hm_8c986396d3ec,1373.5714111328125,True
0.0,0.0003,200,sol_40fc1d53b1f48b2c,ev_c177de350e9d,hm_a0f8ed47a107,0.4545454680919647,False
0.05,0.0005,200,sol_e14fd9ea71c8c4bf,ev_c17c37501143,hm_af8fc4d5852f,2.284292697906494,False
0.01,0.0003,400,sol_587a05896ea29b80,ev_c1a583d7785a,hm_3298667cddaa,0.6978129744529724,False
0.05,0.0001,700,sol_053ca303ead92e79,ev_c1c2bf23a653,hm_9108b6e19b67,8225.61328125,True
0.05,0.0005,20,sol_00a90b461384a18a,ev_c1f2f747c67f,hm_af8fc4d5852f,0.5670102834701538,False
0.0,0.0005,200,sol_cc359674b20182a5,ev_c1fb4cd7b28d,hm_7a9cff01f511,0.5669712424278259,False
0.0,0.0003,700,sol_6724da55c8b0f8c5,ev_c20c9859d5ac,hm_a0f8ed47a107,0.5669916868209839,False
0.05,0.0003,1000,sol_04d80ea9a4fbec72,ev_c20eb0f3573e,hm_8c986396d3ec,741.9058837890625,True
0.0,0.0003,100,sol_93442614514ca085,ev_c249ba43f0c2,hm_a0f8ed47a107,0.4545454680919647,False
0.01,0.0005,20,sol_9096cb34a6065f36,ev_c25e10745f7c,hm_bd4d3751a16f,0.4545454680919647,False
0.05,0.0005,700,sol_3c47130a5ba1032b,ev_c265924f71f1,hm_af8fc4d5852f,7046.1064453125,True
0.01,0.0005,10,sol_e1bf2831ed28cd40,ev_c2840febcf35,hm_bd4d3751a16f,0.4545454680919647,False
0.01,0.0001,1000,sol_f35b11de48e67ced,ev_c29a8aadb376,hm_844cdcf42c7e,1.7609885931015015,False
0.02,0.0001,100,sol_9219abb6d65572ea,ev_c29f0f19c022,hm_979a58ab8892,0.5999354124069214,False
0.02,0.0003,200,sol_5315edd16f011034,ev_c2ace0a25e72,hm_1602ff939866,0.9874628782272339,False
0.05,0.0001,50,sol_449ce681d8c73de9,ev_c2b332c60a12,hm_9108b6e19b67,0.6983191967010498,False
0.0,0.0001,200,sol_308f97a3479b2f6f,ev_c2f989c5a567,hm_a00ad2a2c52a,0.4545454680919647,False
0.02,0.0005,10,sol_1513d92382aa154c,ev_c30807cac5f8,hm_f442e5139114,0.4545454680919647,False
0.01,0.0003,100,sol_7a270a435ec87c40,ev_c30f91c28f5f,hm_3298667cddaa,1.0271527767181396,False
0.02,0.0003,1000,sol_ccc1b98220e12f1c,ev_c397efcab0d3,hm_1602ff939866,20.82941246032715,False
0.05,0.0003,50,sol_b70a91cdc6707203,ev_c3b1104b42a8,hm_8c986396d3ec,1.0619714260101318,False
0.0,0.0003,50,sol_6e7d7367f3b12070,ev_c3c6d8fe99a4,hm_a0f8ed47a107,0.4545454680919647,False
0.02,0.0001,1000,sol_e794bb3cde78b093,ev_c3e64e485331,hm_979a58ab8892,16.93276023864746,False
0.05,0.0003,1000,sol_874e236188cf5e18,ev_c3f2f95b409d,hm_8c986396d3ec,1050.0865478515625,True
0.05,0.0001,20,sol_b295a6cec1abde71,ev_c3f557f925b7,hm_9108b6e19b67,0.4545454680919647,False
0.01,0.0001,20,sol_f90c6440a6ea639e,ev_c41a9449d333,hm_844cdcf42c7e,0.4545454680919647,False
0.05,0.0001,1000,sol_18baf8de5ec16111,ev_c427a60d4309,hm_9108b6e19b67,1187.3931884765625,True
0.01,0.0005,50,sol_7a4cb1ad71078439,ev_c43c829ff460,hm_bd4d3751a16f,0.4545454680919647,False
0.01,0.0001,700,sol_0582bc64a85b1676,ev_c453593cba65,hm_844cdcf42c7e,1.2778639793395996,False
0.02,0.0005,10,sol_92195de1f2deeab8,ev_c49cef04baa6,hm_f442e5139114,0.4545454680919647,False
0.01,0.0005,200,sol_7e9c4186b24b22d1,ev_c4df6d7f604e,hm_bd4d3751a16f,0.5669967532157898,False
0.01,0.0001,10,sol_4c78b525971bae2d,ev_c4eb792bbb71,hm_844cdcf42c7e,0.4545454680919647,False
0.02,0.0001,50,sol_d84c823b879d15b5,ev_c50735da1f06,hm_979a58ab8892,0.6721419095993042,False
0.0,0.0001,1000,sol_ddddc75bf2fb4926,ev_c54e1ea88735,hm_a00ad2a2c52a,0.5641940236091614,False
0.05,0.0005,50,sol_c5ef0b19f98ceda5,ev_c56452e69a1f,hm_af8fc4d5852f,0.9101957678794861,False
0.05,0.0003,10,sol_174827f6939b0131,ev_c568e680d35a,hm_8c986396d3ec,0.4545454680919647,False
0.01,0.0001,400,sol_c809f3a62b5517c6,ev_c613d103ca41,hm_844cdcf42c7e,0.6421264410018921,False
0.05,0.0003,10,sol_e6801b949a48cf5d,ev_c61d457dfc50,hm_8c986396d3ec,0.4545454680919647,False
0.0,0.0003,100,sol_9d1729d010887798,ev_c6a480deaa2a,hm_a0f8ed47a107,0.4545454680919647,False
0.0,0.0001,10,sol_edaa709f436f175f,ev_c6aa3fb1789a,hm_a00ad2a2c52a,0.4545454680919647,False
0.02,0.0003,200,sol_03db05cf0303b60e,ev_c6e1d6a0b2c9,hm_1602ff939866,0.984783411026001,False
0.0,0.0001,100,sol_46478e52a2b447f0,ev_c71ade5c520d,hm_a00ad2a2c52a,0.4545454680919647,False
0.0,0.0003,50,sol_990093f0f09a1b4f,ev_c7396b681fbf,hm_a0f8ed47a107,0.4545454680919647,False
0.05,0.0005,1000,sol_8dcc6fc82495f37b,ev_c75b4879e159,hm_af8fc4d5852f,1064.092529296875,True
0.01,0.0003,100,sol_1e5586791c56c9c0,ev_c75ba17e199f,hm_3298667cddaa,0.5669761896133423,False
0.05,0.0001,200,sol_ddb590685937f559,ev_c77a9ee20ac2,hm_9108b6e19b67,4.258288383483887,False
0.01,0.0005,100,sol_eb0d53dbd528ee5b,ev_c784225738e5,hm_bd4d3751a16f,0.5669514536857605,False
0.02,0.0001,100,sol_7969a03241678341,ev_c7aa41390f11,hm_979a58ab8892,0.7608709931373596,False
0.0,0.0001,200,sol_f8726da2b1e64f3a,ev_c7be1e7d361b,hm_a00ad2a2c52a,0.566974937915802,False
0.05,0.0001,20,sol_717d092967248002,ev_c7df2f4c329b,hm_9108b6e19b67,0.5670102834701538,False
0.05,0.0003,10,sol_59eafb6a73f64dd8,ev_c82f99ab3c9f,hm_8c986396d3ec,0.4545454680919647,False
0.01,0.0005,1000,sol_6b9f5dd52c5ab66c,ev_c84296a01e80,hm_bd4d3751a16f,14.945842742919922,False
0.0,0.0001,50,sol_5d8bdc97ca3a640a,ev_c872305d9a47,hm_a00ad2a2c52a,0.4545454680919647,False
0.0,0.0001,20,sol_1aeb0cdecf39c7a2,ev_c87808fcadad,hm_a00ad2a2c52a,0.4545454680919647,False
0.02,0.0001,1000,sol_bc36a3cccaf3a7a3,ev_c8c5569fe694,hm_979a58ab8892,25.225282669067383,False
0.01,0.0003,10,sol_2c65d77b221c9085,ev_c8c8b4729f76,hm_3298667cddaa,0.4545454680919647,False
0.05,0.0005,50,sol_e1a7af3da7dd2ee0,ev_c8d18729a48c,hm_af8fc4d5852f,0.7922497391700745,False
0.02,0.0005,100,sol_fb8d494b33cb2394,ev_c8f6d7bb66d0,hm_f442e5139114,0.5998963713645935,False
0.01,0.0005,400,sol_c5e0daa418452f43,ev_c8ff5d555688,hm_bd4d3751a16f,1.4999594688415527,False
0.02,0.0005,100,sol_cdf304f1abf1cbe9,ev_c96b3bf02097,hm_f442e5139114,0.8765060305595398,False
0.01,0.0001,400,sol_185ef32b43cc346c,ev_c97ffe0e4437,hm_844cdcf42c7e,1.43522310256958,False
0.01,0.0001,700,sol_2712b2667ba055a0,ev_c9b20815e6c6,hm_844cdcf42c7e,1.627379298210144,False
0.01,0.0001,700,sol_50a4db9fa7768ac5,ev_c9b7f4f28f26,hm_844cdcf42c7e,1.499624490737915,False
0.05,0.0003,200,sol_ee97a9ae17b9f093,ev_c9d3de62cac9,hm_8c986396d3ec,2.1082427501678467,False
0.02,0.0001,400,sol_bc90b41d1a57b9e4,ev_c9de3ef62d56,hm_979a58ab8892,1.78337824344635,False
0.05,0.0005,700,sol_57a156c038351121,ev_c9e161c18661,hm_af8fc4d5852f,2515.5390625,True
0.0,0.0001,200,sol_b987b1f44d9a7569,ev_c9e3ee6a5a24,hm_a00ad2a2c52a,0.4545454680919647,False
0.01,0.0001,1000,sol_1c57de017c580d25,ev_ca0b44a5b2bc,hm_844cdcf42c7e,1.7400697469711304,False
0.01,0.0005,1000,sol_1500113959c665e2,ev_ca4736c634f7,hm_bd4d3751a16f,26.966588973999023,False
0.02,0.0005,1000,sol_38ace9aac06a726d,ev_ca7b01b5382c,hm_f442e5139114,3.814978837966919,False
0.05,0.0003,20,sol_b6daafd42a6b847e,ev_cb1675169c4e,hm_8c986396d3ec,0.4545454680919647,False
0.01,0.0005,400,sol_4be308d4f3588d04,ev_cb21f2438920,hm_bd4d3751a16f,1.4999415874481201,False
0.0,0.0001,100,sol_5924d9a7a06234ba,ev_cb53e34d89f7,hm_a00ad2a2c52a,0.4545454680919647,False
0.05,0.0001,200,sol_015f01f6a4665e56,ev_cb76476a67fa,hm_9108b6e19b67,2.8590505123138428,False
0.02,0.0001,100,sol_73a968fa20460d20,ev_cb7e9a7c4514,hm_979a58ab8892,0.5998725891113281,False
0.02,0.0003,200,sol_9287361309f72444,ev_cba5772e95dd,hm_1602ff939866,1.127091884613037,False
0.05,0.0001,10,sol_b32ca91107ead32d,ev_cbd0ee878626,hm_9108b6e19b67,0.4545454680919647,False
0.0,0.0003,1000,sol_e3b8f09085570799,ev_cbd126c29b57,hm_a0f8ed47a107,0.8551318049430847,False
0.0,0.0005,10,sol_0ca1cf1b33dea868,ev_cc058bb32324,hm_7a9cff01f511,0.4545454680919647,False
0.01,0.0001,10,sol_c0769b2ee077d675,ev_cc0e5a4dab7c,hm_844cdcf42c7e,0.4545454680919647,False
0.02,0.0003,50,sol_344262fce4db01f9,ev_cc15f31d903a,hm_1602ff939866,0.5999525785446167,False
0.0,0.0005,1000,sol_50d5a78e1fab6d9a,ev_cc2810042d1e,hm_7a9cff01f511,0.9403877258300781,False
0.01,0.0001,400,sol_213cb584783b6737,ev_cc497feee9c6,hm_844cdcf42c7e,0.9733487963676453,False
0.02,0.0003,100,sol_657e0973cb9139f9,ev_cc57cdc2f878,hm_1602ff939866,1.4352748394012451,False
0.02,0.0005,20,sol_be6e9ac88452faf3,ev_cc7b96d1d3be,hm_f442e5139114,0.4545454680919647,False
0.01,0.0001,10,sol_7df1a7ff172c863e,ev_ccbed6813b77,hm_844cdcf42c7e,0.4545454680919647,False
0.0,0.0003,50,sol_894afebb1803c0e9,ev_cce9e0303da4,hm_a0f8ed47a107,0.4545454680919647,False
0.05,0.0003,400,sol_c83db580457cd43d,ev_ccefe10dcffc,hm_8c986396d3ec,8.267010688781738,False
0.01,0.0005,10,sol_ebd520db78ded9f5,ev_ccf09e142f2a,hm_bd4d3751a16f,0.4545454680919647,False
0.02,0.0001,20,sol_f5089b8a472ddb3b,ev_cd1b846fa45e,hm_979a58ab8892,0.4545454680919647,False
0.0,0.0001,10,sol_7f009f4be99f1070,ev_cd410e3a70f9,hm_a00ad2a2c52a,0.4545454680919647,False
0.02,0.0001,10,sol_5dfc1b00b0674dfa,ev_cd9b11f8bb53,hm_979a58ab8892,0.4545454680919647,False
0.02,0.0005,20,sol_50b1d643ce8bd922,ev_cda64295eead,hm_f442e5139114,0.6000000238418579,False
0.01,0.0001,200,sol_b76cc46afce90b5e,ev_cda670c994d4,hm_844cdcf42c7e,0.5669633150100708,False
0.05,0.0005,10,sol_752c4e4d70567e40,ev_cddb8a1dcc8a,hm_af8fc4d5852f,0.4545454680919647,False
0.02,0.0005,50,sol_0cbd988190decd8c,ev_ce349eaeb271,hm_f442e5139114,0.5999564528465271,False
0.02,0.0005,20,sol_7c9a22674eeff279,ev_ce4c319421d4,hm_f442e5139114,0.4545454680919647,False
0.0,0.0003,100,sol_853fc6bf94a7d51a,ev_ce62b6de7204,hm_a0f8ed47a107,0.4545454680919647,False
0.02,0.0005,10,sol_198a4b5640f8f32f,ev_ce960899b908,hm_f442e5139114,0.4545454680919647,False
0.02,0.0005,400,sol_7da7ce27445bc7de,ev_ceee583eb815,hm_f442e5139114,2.9757843017578125,False
0.0,0.0003,1000,sol_9447fe501905b597,ev_cf201266e218,hm_a0f8ed47a107,1.4999369382858276,False
0.05,0.0001,10,sol_cda03998f1c13d06,ev_cf30210ddc72,hm_9108b6e19b67,0.4545454680919647,False
0.05,0.0003,700,sol_5ac8e07b49e76689,ev_cf436fedc366,hm_8c986396d3ec,7300.4609375,True
0.05,0.0001,700,sol_c0f0beb03ef3f381,ev_cf45b6fa3a74,hm_9108b6e19b67,669.0911254882812,True
0.02,0.0005,400,sol_bc9835ba5131faf0,ev_cf4abeec6cc4,hm_f442e5139114,1.7674442529678345,False
0.0,0.0003,10,sol_0e0ed74648bee788,ev_cf8cd52da625,hm_a0f8ed47a107,0.4545454680919647,False
0.0,0.0001,50,sol_98551a4a0d11bfe2,ev_cf9463f6c806,hm_a00ad2a2c52a,0.4545454680919647,False
0.01,0.0005,20,sol_96d798c89fc694e0,ev_cfb63e8ce8dd,hm_bd4d3751a16f,0.4545454680919647,False
0.01,0.0005,400,sol_1c9b01c3bf73d3d3,ev_cfc3caa4cb0a,hm_bd4d3751a16f,0.9594549536705017,False
0.01,0.0001,400,sol_20815dc3d937ec92,ev_cfc7f813a8c6,hm_844cdcf42c7e,1.4999879598617554,False
0.01,0.0001,20,sol_6ed6241bdf3c2d46,ev_cfffaade07aa,hm_844cdcf42c7e,0.4545454680919647,False
0.01,0.0005,200,sol_5cd702c96108882f,ev_d01d03f580c1,hm_bd4d3751a16f,0.9118551015853882,False
0.01,0.0003,10,sol_8ff57f28f909e972,ev_d03c7651f84a,hm_3298667cddaa,0.4545454680919647,False
0.01,0.0003,200,sol_f83bf2bcf766860e,ev_d03cf3c0df37,hm_3298667cddaa,0.8050081133842468,False
0.0,0.0005,1000,sol_0bc27ad4ddda20db,ev_d04126961362,hm_7a9cff01f511,1.3257511854171753,False
0.01,0.0001,10,sol_7c21b1e1d8ec13e3,ev_d0573053e697,hm_844cdcf42c7e,0.4545454680919647,False
0.05,0.0003,100,sol_e5016959f5c46186,ev_d0736f438d18,hm_8c986396d3ec,0.9046227931976318,False
0.0,0.0001,20,sol_5f6e96aeb047f600,ev_d082c098b229,hm_a00ad2a2c52a,0.4545454680919647,False
0.05,0.0005,1000,sol_02d7439bd63c4469,ev_d089376ea8db,hm_af8fc4d5852f,808.2835693359375,True
0.0,0.0005,1000,sol_bf2d8aebfcbd2258,ev_d08f2423c063,hm_7a9cff01f511,1.4351550340652466,False
0.05,0.0003,1000,sol_2605f9f141dc09dd,ev_d0aaa3193caa,hm_8c986396d3ec,1482.8670654296875,True
0.02,0.0005,700,sol_8a9563d81067afee,ev_d0b7c3534394,hm_f442e5139114,29.57270050048828,False
0.02,0.0001,200,sol_50e9ad5ef63adaa5,ev_d0d11da6d6fb,hm_979a58ab8892,1.0385475158691406,False
0.0,0.0005,10,sol_5f1f368e662df8f6,ev_d0fde5cef816,hm_7a9cff01f511,0.4545454680919647,False
0.02,0.0001,100,sol_01f1b291de320822,ev_d1284f4a2c9a,hm_979a58ab8892,0.6981655359268188,False
0.02,0.0003,20,sol_e825c1f3541d7042,ev_d1515d194105,hm_1602ff939866,0.4545454680919647,False
0.0,0.0005,50,sol_75e70175f97ce60d,ev_d1ae5a402fa3,hm_7a9cff01f511,0.4545454680919647,False
0.0,0.0003,400,sol_cd37e34d16507cdb,ev_d1f0e80895f3,hm_a0f8ed47a107,0.5669674873352051,False
0.02,0.0005,20,sol_ffe5beaa09bd7a07,ev_d1f24c7b79a4,hm_f442e5139114,0.5670102834701538,False
0.02,0.0001,1000,sol_3daa163d7ebf983f,ev_d1ff517d2b51,hm_979a58ab8892,14.025836944580078,False
0.0,0.0003,700,sol_c640a27dfb7ad680,ev_d206f229e7bb,hm_a0f8ed47a107,0.5997785329818726,False
0.02,0.0001,400,sol_6de2e14becce6af6,ev_d20e5b3c4835,hm_979a58ab8892,1.391872525215149,False
0.02,0.0001,50,sol_0ab9910c7d7c143e,ev_d21398849e27,hm_979a58ab8892,0.5669771432876587,False
0.05,0.0001,10,sol_3e7c205d0bb4add3,ev_d23d1e5adcc7,hm_9108b6e19b67,0.4545454680919647,False
0.05,0.0005,200,sol_1037d049b980677c,ev_d24829c044c1,hm_af8fc4d5852f,2.3571255207061768,False
0.05,0.0005,20,sol_7b39c9e0e59b671b,ev_d248bd0b3630,hm_af8fc4d5852f,0.5670102834701538,False
0.05,0.0003,100,sol_25c70e7201521f01,ev_d2548c22850d,hm_8c986396d3ec,1.4999865293502808,False
0.0,0.0005,20,sol_528162889c164297,ev_d29a1efc5cdd,hm_7a9cff01f511,0.4545454680919647,False
0.01,0.0003,400,sol_96220a1f177e713e,ev_d2a70c6c7fa6,hm_3298667cddaa,1.1416845321655273,False
0.05,0.0001,700,sol_21023ea2dfa2f26e,ev_d2ccd33cae74,hm_9108b6e19b67,1173.0,True
0.05,0.0003,400,sol_b8b35b96f872804c,ev_d390a5ce388b,hm_8c986396d3ec,1142.0018310546875,True
0.05,0.0005,50,sol_c29232b55dd62c9d,ev_d3b48f24225f,hm_af8fc4d5852f,0.6847772002220154,False
0.0,0.0005,1000,sol_f170cc4e325a86da,ev_d43334ce8d6f,hm_7a9cff01f511,2.624661922454834,False
0.0,0.0001,700,sol_693cb4dfdaed348c,ev_d4565e4d7a5e,hm_a00ad2a2c52a,0.5642531514167786,False
0.02,0.0003,100,sol_17c2d83bc912b6be,ev_d471c32bc143,hm_1602ff939866,0.8050053119659424,False
0.02,0.0003,10,sol_fba7828637f49e1e,ev_d47bfad6547b,hm_1602ff939866,0.4545454680919647,False
0.02,0.0003,1000,sol_36203e152726bd2e,ev_d4c1fb6ab255,hm_1602ff939866,8.878231048583984,False
0.02,0.0005,50,sol_4a0cc04a89055fc4,ev_d50ef84f77df,hm_f442e5139114,0.4545454680919647,False
0.02,0.0005,100,sol_93355d1f046f3d0a,ev_d51d0f848417,hm_f442e5139114,0.5999124050140381,False
0.02,0.0005,100,sol_9b81cd8f0c3ef01f,ev_d54b3f45c0f5,hm_f442e5139114,1.435181975364685,False
0.01,0.0005,1000,sol_6bf4ce8447d2acaf,ev_d6110c893166,hm_bd4d3751a16f,1.7620123624801636,False
0.0,0.0001,700,sol_9c70da2697c05742,ev_d617018fe14b,hm_a00ad2a2c52a,0.5641376376152039,False
0.0,0.0001,50,sol_9272f1ec792744be,ev_d61f6b6aa377,hm_a00ad2a2c52a,0.4545454680919647,False
0.0,0.0003,100,sol_d1b7dca0ca101de9,ev_d6425f939f44,hm_a0f8ed47a107,0.4545454680919647,False
0.05,0.0005,20,sol_9933214f1cf9a536,ev_d6b66ce03a05,hm_af8fc4d5852f,0.5670102834701538,False
0.01,0.0001,50,sol_9bcacab47ad159e0,ev_d6b852d59a78,hm_844cdcf42c7e,0.4545454680919647,False
0.01,0.0005,700,sol_f945c41589ffe71a,ev_d6c13468d565,hm_bd4d3751a16f,1.122602939605713,False
0.0,0.0003,200,sol_1b8ee79b7c2b85e8,ev_d6cf12c7ce6e,hm_a0f8ed47a107,0.4545454680919647,False
0.01,0.0005,700,sol_f8984cd540bc632d,ev_d6dfa863cdde,hm_bd4d3751a16f,2.107443332672119,False
0.05,0.0001,20,sol_97be1575f8bc918e,ev_d6e667656480,hm_9108b6e19b67,0.5670102834701538,False
0.02,0.0001,200,sol_f4ab1272abf00ae8,ev_d6e87ca86116,hm_979a58ab8892,0.697895884513855,False
0.02,0.0005,10,sol_f9403147cfb9e872,ev_d6f93e6be54a,hm_f442e5139114,0.4545454680919647,False
0.01,0.0005,200,sol_33bb997ecbe44c9c,ev_d6fbdfc25f23,hm_bd4d3751a16f,0.7347732782363892,False
0.05,0.0003,200,sol_e80160414fe752ec,ev_d71881366c6c,hm_8c986396d3ec,3.0420150756835938,False
0.01,0.0003,20,sol_4bd2455c5a90eea7,ev_d735c26f2145,hm_3298667cddaa,0.4545454680919647,False
0.0,0.0001,20,sol_451ca50b5d0b1d57,ev_d761eefd20b4,hm_a00ad2a2c52a,0.4545454680919647,False
0.01,0.0001,700,sol_24af1da01763c304,ev_d782099ce92c,hm_844cdcf42c7e,2.3571372032165527,False
0.01,0.0003,50,sol_2050b63d0f2e4435,ev_d79a4d702749,hm_3298667cddaa,0.4545454680919647,False
0.05,0.0005,10,sol_681a5c041ba90782,ev_d7a1e99d72fe,hm_af8fc4d5852f,0.5670102834701538,False
0.01,0.0005,700,sol_f1fa69803ee0e7b0,ev_d80dd4a6f3bb,hm_bd4d3751a16f,2.2832155227661133,False
0.0,0.0001,20,sol_0e25c39f8acad391,ev_d81871236592,hm_a00ad2a2c52a,0.4545454680919647,False
0.05,0.0005,50,sol_9e60df633a06a4f8,ev_d82ba70ebf82,hm_af8fc4d5852f,0.7819446921348572,False
0.0,0.0003,1000,sol_07618443cb798b63,ev_d86dcd0d76db,hm_a0f8ed47a107,0.8754594326019287,False
0.01,0.0003,700,sol_e32aff7de7a896de,ev_d86f8aee5d80,hm_3298667cddaa,7.511467456817627,False
0.0,0.0005,1000,sol_b43df651bcd9547d,ev_d8f49cd3042f,hm_7a9cff01f511,0.8646733164787292,False
0.01,0.0005,1000,sol_848223c871b99a64,ev_d91afc42ff3c,hm_bd4d3751a16f,2.106229543685913,False
0.02,0.0005,700,sol_e309979e5d0e470a,ev_d91dab8d9252,hm_f442e5139114,6.662168979644775,False
0.01,0.0003,200,sol_0197c2dc025438b5,ev_d92309b05a79,hm_3298667cddaa,0.5669639110565186,False
0.05,0.0001,400,sol_49ccb2faeefaacc5,ev_d9497b245cb3,hm_9108b6e19b67,88.32251739501953,True
0.01,0.0003,100,sol_e9399bd69169da60,ev_d951f758220b,hm_3298667cddaa,0.5669752359390259,False
0.05,0.0005,100,sol_67794e57cf6f0ee9,ev_d9a98e9510be,hm_af8fc4d5852f,1.1775104999542236,False
0.05,0.0001,1000,sol_ee4be47eb371f294,ev_d9ab8976b109,hm_9108b6e19b67,776.2387084960938,True
0.02,0.0001,50,sol_0e30aa4c023b0ddf,ev_d9d8e46f5b59,hm_979a58ab8892,0.5998978614807129,False
0.05,0.0005,200,sol_c0ef2c6688d43d52,ev_d9dab8d188f9,hm_af8fc4d5852f,3.160782814025879,False
0.0,0.0005,400,sol_240b99945a28d3f8,ev_d9eb6e56984c,hm_7a9cff01f511,0.685021698474884,False
0.05,0.0003,20,sol_52d5142dcb66940f,ev_da14b87b80b5,hm_8c986396d3ec,0.7349397540092468,False
0.0,0.0003,200,sol_bcb154849d48cdc6,ev_da3fbb1bbbb6,hm_a0f8ed47a107,0.5669743418693542,False
0.05,0.0003,200,sol_d1c35e06c34476b6,ev_da8ad07d2124,hm_8c986396d3ec,5.602028846740723,False
0.0,0.0001,10,sol_7205d3a459f97986,ev_daa7a322f358,hm_a00ad2a2c52a,0.4545454680919647,False
0.01,0.0003,700,sol_b3329584a201b472,ev_db24dd7776c5,hm_3298667cddaa,1.4999407529830933,False
0.02,0.0005,50,sol_43f3bbbfa16d7659,ev_dbd5c7a30111,hm_f442e5139114,0.5670039057731628,False
0.01,0.0003,50,sol_047e6295ec7b4f05,ev_dbe2137666a2,hm_3298667cddaa,0.4545454680919647,False
0.01,0.0001,100,sol_d37cda82eeae4940,ev_dc092f7dc415,hm_844cdcf42c7e,0.5999512076377869,False
0.02,0.0001,100,sol_967ed68fbcbc3262,ev_dc1a3cd5b285,hm_979a58ab8892,0.5669769048690796,False
0.02,0.0005,700,sol_00d5b56e6236541f,ev_dc9b34ebbbb3,hm_f442e5139114,3.849783420562744,False
0.01,0.0001,200,sol_b56df16ad4869ebd,ev_dcaf71e8a974,hm_844cdcf42c7e,0.6980374455451965,False
0.02,0.0003,400,sol_bf780c9aab8b4629,ev_dcb48ece5280,hm_1602ff939866,1.3887851238250732,False
0.05,0.0003,700,sol_95448fc0588d8326,ev_dcc4de386ae4,hm_8c986396d3ec,548.9209594726562,True
0.02,0.0003,400,sol_d75ee30ac1ecebc3,ev_dccb1510c7b5,hm_1602ff939866,1.2781554460525513,False
0.02,0.0005,200,sol_a0656b7ca639259b,ev_dd1e886df43b,hm_f442e5139114,0.9519362449645996,False
0.01,0.0001,200,sol_0cf92f82e07e243f,ev_dd46e4b116e5,hm_844cdcf42c7e,1.084233283996582,False
0.02,0.0003,700,sol_87fc5dc7b94eea57,ev_dd48dc1fa16e,hm_1602ff939866,2.0880510807037354,False
0.02,0.0003,20,sol_95a64069849f1fc2,ev_dd4aa380a766,hm_1602ff939866,0.4545454680919647,False
0.0,0.0003,100,sol_6b363fa3d726918c,ev_dd5f59989ba7,hm_a0f8ed47a107,0.4545454680919647,False
0.0,0.0005,20,sol_c4cb5944cb4a840d,ev_dd6e0b28e0ba,hm_7a9cff01f511,0.4545454680919647,False
0.0,0.0005,20,sol_48394f4290d57a61,ev_dd757177b9d7,hm_7a9cff01f511,0.4545454680919647,False
0.02,0.0003,400,sol_489b36cbfe90cc5e,ev_dd7720232785,hm_1602ff939866,1.4347538948059082,False
0.05,0.0005,100,sol_e1b0f9815896b469,ev_dd781fd7d1d2,hm_af8fc4d5852f,2.4825971126556396,False
0.05,0.0003,10,sol_21b6346f2dc9e17b,ev_dd8cc5416944,hm_8c986396d3ec,0.4545454680919647,False
0.01,0.0003,50,sol_77723829c2c321ff,ev_ddc0dd46b3d5,hm_3298667cddaa,0.4545454680919647,False
0.02,0.0005,100,sol_25b77c1b042f0752,ev_ddca0ad590cd,hm_f442e5139114,0.6981485486030579,False
0.01,0.0003,10,sol_6c7c45a3fc560e73,ev_ddd93fc234cf,hm_3298667cddaa,0.4545454680919647,False
0.05,0.0003,400,sol_3b26faa888582cb7,ev_dde261de600a,hm_8c986396d3ec,45585.54296875,True
0.02,0.0001,50,sol_353a5dd75ee7fc0a,ev_ddf75a6b1fa3,hm_979a58ab8892,0.4545454680919647,False
0.02,0.0001,10,sol_dc6178e12dd5f9b9,ev_de30839c08d1,hm_979a58ab8892,0.4545454680919647,False
0.05,0.0005,1000,sol_add4c868d7b7ad99,ev_de42c6c21434,hm_af8fc4d5852f,974.9766845703125,True
0.01,0.0005,10,sol_dbae601c1761a0a4,ev_de7da404792d,hm_bd4d3751a16f,0.4545454680919647,False
0.0,0.0003,20,sol_455d8866a1aa43f3,ev_ded897820273,hm_a0f8ed47a107,0.4545454680919647,False
0.02,0.0001,1000,sol_09f742bff3869b07,ev_df39b8a8ca11,hm_979a58ab8892,11.310765266418457,False
0.05,0.0005,400,sol_1dbb36fcbc862aad,ev_df5d49439e10,hm_af8fc4d5852f,13.856684684753418,False
0.0,0.0003,10,sol_6f6ab388ab7e6f29,ev_df915e55d1f1,hm_a0f8ed47a107,0.4545454680919647,False
0.02,0.0001,100,sol_f5195e825f040a55,ev_df95fcae35c8,hm_979a58ab8892,0.5998282432556152,False
0.01,0.0001,50,sol_9723b0c21288f398,ev_dfde2ecb7e55,hm_844cdcf42c7e,0.5669755339622498,False
0.01,0.0005,10,sol_51605c5b38c4f956,ev_dff21824be0a,hm_bd4d3751a16f,0.4545454680919647,False
0.0,0.0005,400,sol_e7f477faf25b7f12,ev_e09598cfa73f,hm_7a9cff01f511,1.411612629890442,False
0.05,0.0005,200,sol_226c4f67ef2610f6,ev_e09b82e83fc6,hm_af8fc4d5852f,23.107276916503906,False
0.05,0.0003,200,sol_aebe1c4e1be8a03c,ev_e09dfbf4587e,hm_8c986396d3ec,378.8070983886719,True
0.05,0.0001,100,sol_e389641fcfc75fba,ev_e0a2f82e1ce4,hm_9108b6e19b67,1.43525230884552,False
0.05,0.0003,10,sol_bd1566b8bec7108f,ev_e0bf578d2972,hm_8c986396d3ec,0.4545454680919647,False
0.05,0.0005,20,sol_de78b1ed4171684b,ev_e0d1125421a1,hm_af8fc4d5852f,0.6000000238418579,False
0.01,0.0005,1000,sol_07c7957e2d40ccb0,ev_e10ceace5093,hm_bd4d3751a16f,1.6693872213363647,False
0.0,0.0005,20,sol_e19bbc43a9900ebf,ev_e10d44c2e525,hm_7a9cff01f511,0.4545454680919647,False
0.02,0.0001,400,sol_b5b8f52b3596e777,ev_e1570cd8ed10,hm_979a58ab8892,1.7613534927368164,False
0.01,0.0003,200,sol_e75d3597c796a3a4,ev_e16afb77cb08,hm_3298667cddaa,1.5000044107437134,False
0.02,0.0001,100,sol_770a41e0fb01c620,ev_e17536c5226d,hm_979a58ab8892,1.013743281364441,False
0.02,0.0003,10,sol_172cef072d63d2c2,ev_e17aa52c6699,hm_1602ff939866,0.4545454680919647,False
0.02,0.0003,1000,sol_d48591c737a726a4,ev_e1820db8d837,hm_1602ff939866,18.377283096313477,False
0.01,0.0001,100,sol_6e73e4ac67878c94,ev_e185f3b9cf5b,hm_844cdcf42c7e,0.5669752955436707,False
0.05,0.0001,10,sol_b245c53ca95748b8,ev_e19af8972da5,hm_9108b6e19b67,0.4545454680919647,False
0.0,0.0001,20,sol_1663593a0ed93548,ev_e1b4527f8c8c,hm_a00ad2a2c52a,0.4545454680919647,False
0.0,0.0005,400,sol_510c12be0b1fff15,ev_e201c5784121,hm_7a9cff01f511,0.599399209022522,False
0.02,0.0005,10,sol_9bb8ebdcf4fcf41c,ev_e21520db19c6,hm_f442e5139114,0.4545454680919647,False
0.0,0.0005,50,sol_b889819d5d49ba55,ev_e228a50ddd33,hm_7a9cff01f511,0.4545454680919647,False
0.0,0.0001,200,sol_4a6653938fc2b73b,ev_e23be380178e,hm_a00ad2a2c52a,0.4545454680919647,False
0.05,0.0001,400,sol_63dd1abb5b7845e2,ev_e24347eb1389,hm_9108b6e19b67,39.36668395996094,False
0.05,0.0001,200,sol_4ebe4bf1fdb642ff,ev_e26d1bd24415,hm_9108b6e19b67,2.241701126098633,False
0.05,0.0003,20,sol_a5a6ef2294ea6e54,ev_e2c931b28d11,hm_8c986396d3ec,0.5670102834701538,False
0.05,0.0005,200,sol_d83a82c6b9dc98c4,ev_e2de58c7946a,hm_af8fc4d5852f,17.91149139404297,False
0.05,0.0003,10,sol_b6e71f6ca9fed8b0,ev_e3005188c9e9,hm_8c986396d3ec,0.4545454680919647,False
0.05,0.0005,200,sol_5fc1f7f3f344e45f,ev_e33f00f905f1,hm_af8fc4d5852f,4.069195747375488,False
0.02,0.0003,400,sol_1376702c8533ff8f,ev_e34a72f999e6,hm_1602ff939866,1.4492334127426147,False
0.05,0.0001,50,sol_16e3e74e1c9da681,ev_e34f34db198f,hm_9108b6e19b67,0.6983245015144348,False
0.01,0.0005,10,sol_a75b7b175522cd54,ev_e3648261e6fb,hm_bd4d3751a16f,0.4545454680919647,False
0.05,0.0005,100,sol_d140b341ede208a9,ev_e379afdfe0ac,hm_af8fc4d5852f,1.7563353776931763,False
0.05,0.0001,700,sol_8d9da1d3479b8807,ev_e3a2c76c422e,hm_9108b6e19b67,1366.1195068359375,True
0.01,0.0005,700,sol_87a1d34bab254121,ev_e3a47772c27e,hm_bd4d3751a16f,1.3767361640930176,False
0.0,0.0001,20,sol_1d7b5d8b3fc70e97,ev_e3cf23a61837,hm_a00ad2a2c52a,0.4545454680919647,False
0.0,0.0003,20,sol_74cd0c99c49a3824,ev_e3db35d0256a,hm_a0f8ed47a107,0.4545454680919647,False
0.05,0.0003,20,sol_3c10589333215304,ev_e4119ca51765,hm_8c986396d3ec,0.5670102834701538,False
0.01,0.0001,20,sol_fa77e6fa645c6955,ev_e430b4fa6e78,hm_844cdcf42c7e,0.4545454680919647,False
0.0,0.0003,700,sol_ed088af085e8dab6,ev_e472220b0968,hm_a0f8ed47a107,0.5999192595481873,False
0.02,0.0003,400,sol_39c3a6ec04711af4,ev_e48186ed34d8,hm_1602ff939866,1.9398949146270752,False
0.05,0.0005,1000,sol_60d02d04be22c603,ev_e4af0dab0375,hm_af8fc4d5852f,1267.5496826171875,True
0.01,0.0005,100,sol_b69a45a28d94a1fe,ev_e4b8cb213d67,hm_bd4d3751a16f,0.599961519241333,False
0.02,0.0003,1000,sol_6ef7569288a51df2,ev_e4dd638b24b8,hm_1602ff939866,97.4000015258789,True
0.05,0.0003,200,sol_4f61e989fc09cc83,ev_e4e2d1f745b7,hm_8c986396d3ec,4.425467491149902,False
0.02,0.0005,700,sol_df47542757540ea3,ev_e4e4a116ea4e,hm_f442e5139114,13.971638679504395,False
0.02,0.0003,1000,sol_5cecab10b6a7f70a,ev_e4f657773fb4,hm_1602ff939866,8.22452449798584,False
0.05,0.0003,400,sol_b1632ecb98d5cc0c,ev_e4fffd8ae9ae,hm_8c986396d3ec,17.079429626464844,False
0.05,0.0005,10,sol_ed2baa9484585247,ev_e50e3b93b384,hm_af8fc4d5852f,0.4545454680919647,False
0.05,0.0005,400,sol_b323ec8d0ecbb3ab,ev_e54fcaf8c94c,hm_af8fc4d5852f,20.577972412109375,False
0.05,0.0001,10,sol_9ef2983c348ab6db,ev_e5a23d26392b,hm_9108b6e19b67,0.6000000238418579,False
0.01,0.0003,400,sol_fa6366b227b3a4e3,ev_e5d8a91daf62,hm_3298667cddaa,0.6982781291007996,False
0.01,0.0005,1000,sol_c666a739ea13bb8f,ev_e5eb0ed84d8c,hm_bd4d3751a16f,2.1977901458740234,False
0.01,0.0003,200,sol_36d3bfcb446c45e8,ev_e604255d61bb,hm_3298667cddaa,0.5998667478561401,False
0.05,0.0001,400,sol_693c1471583c5eca,ev_e613340940c8,hm_9108b6e19b67,31.16864013671875,False
0.02,0.0001,100,sol_08afd56d6efa6891,ev_e623f6940424,hm_979a58ab8892,0.5998339056968689,False
0.0,0.0005,200,sol_1226b4f10ee4c48b,ev_e6f855b56819,hm_7a9cff01f511,0.5669615268707275,False
0.0,0.0005,700,sol_13532e55501acbca,ev_e70389340ca1,hm_7a9cff01f511,0.7339133024215698,False
0.01,0.0003,1000,sol_1d2592b87c589927,ev_e73714b23dab,hm_3298667cddaa,2.291639566421509,False
0.02,0.0001,20,sol_4109967cb6c79236,ev_e74ace44a068,hm_979a58ab8892,0.4545454680919647,False
0.0,0.0003,20,sol_7bb03202d8686086,ev_e765dcf13501,hm_a0f8ed47a107,0.4545454680919647,False
0.05,0.0005,100,sol_fcf17667cc2d02bb,ev_e7dcdf9fc38d,hm_af8fc4d5852f,0.9566500782966614,False
0.01,0.0005,200,sol_ceff4f2fffb1a1d9,ev_e7ed8e46952c,hm_bd4d3751a16f,0.7236762046813965,False
0.02,0.0003,700,sol_8bff2e5e018dc638,ev_e80b3952e711,hm_1602ff939866,1.7709009647369385,False
0.05,0.0005,700,sol_af50f34980c102e8,ev_e810d8601025,hm_af8fc4d5852f,14574.30859375,True
0.0,0.0001,50,sol_1b91a9de297972c0,ev_e816354ac9c3,hm_a00ad2a2c52a,0.4545454680919647,False
0.0,0.0005,700,sol_1b74f999848ddfee,ev_e864db6e0eca,hm_7a9cff01f511,0.7285503149032593,False
0.0,0.0001,50,sol_3d0676469cf13d53,ev_e87a2d28194e,hm_a00ad2a2c52a,0.4545454680919647,False
0.01,0.0005,50,sol_38ea5c100ba4b924,ev_e893ca9ff952,hm_bd4d3751a16f,0.4545454680919647,False
0.01,0.0001,50,sol_bde3920ac0e4dc81,ev_e899d6a70c1a,hm_844cdcf42c7e,0.4545454680919647,False
0.0,0.0003,20,sol_ade0f1f5660bc682,ev_e8a7abc11582,hm_a0f8ed47a107,0.4545454680919647,False
0.01,0.0005,10,sol_72ea4e2469595928,ev_e8d5e6187126,hm_bd4d3751a16f,0.4545454680919647,False
0.02,0.0005,700,sol_3ea1d27e1ee64ee7,ev_e8d8cb4f68ba,hm_f442e5139114,5.110228538513184,False
0.0,0.0005,700,sol_7a3c8acaecdeebc3,ev_e8f993265764,hm_7a9cff01f511,1.3094466924667358,False
0.02,0.0003,400,sol_4e31eafff48694e3,ev_e92bd4ba6e12,hm_1602ff939866,1.4999414682388306,False
0.05,0.0005,100,sol_1afcc2a8ca24fd38,ev_e93892f3376b,hm_af8fc4d5852f,1.2213712930679321,False
0.02,0.0001,700,sol_e5df2d9a97edec97,ev_e93e1dbdbe58,hm_979a58ab8892,4.406492710113525,False
0.02,0.0005,1000,sol_81e28f31e441122e,ev_e942a7c654b2,hm_f442e5139114,4.493740558624268,False
0.01,0.0003,100,sol_3748082db5ca2518,ev_e9685ac66aa0,hm_3298667cddaa,0.5669761896133423,False
0.0,0.0005,100,sol_aa7d1bbd0d154ab1,ev_e9690135dda9,hm_7a9cff01f511,0.5669754147529602,False
0.01,0.0001,200,sol_a2dbf47d086f45d3,ev_e96b7b50fee4,hm_844cdcf42c7e,0.5669639706611633,False
0.0,0.0005,50,sol_dfe0650f9495ccca,ev_e9928bc84dbd,hm_7a9cff01f511,0.566979706287384,False
0.01,0.0005,1000,sol_0e3ec0996863aba6,ev_e99e1c6c43a5,hm_bd4d3751a16f,1.5000141859054565,False
0.02,0.0003,20,sol_fbbfb259efc3058d,ev_e9a2d57087d9,hm_1602ff939866,0.4545454680919647,False
0.01,0.0001,700,sol_b8dfb5f7dd8193e1,ev_e9f7492767ac,hm_844cdcf42c7e,1.1577479839324951,False
0.05,0.0005,20,sol_fd41b393e477b444,ev_e9f95917be77,hm_af8fc4d5852f,0.4545454680919647,False
0.01,0.0005,10,sol_06af892cffe55938,ev_ea053ae7f422,hm_bd4d3751a16f,0.4545454680919647,False
0.02,0.0005,50,sol_3cf75dea92f3b2d2,ev_ea197fff0ccd,hm_f442e5139114,0.9519582986831665,False
0.05,0.0005,50,sol_dacc693bfeec9eb5,ev_ea2037c42e69,hm_af8fc4d5852f,1.7434828281402588,False
0.05,0.0003,1000,sol_c7627ed16fca0c08,ev_ea24b20608e3,hm_8c986396d3ec,933.4048461914062,True
0.05,0.0005,1000,sol_61084863706f5b6c,ev_ea3cb21a873d,hm_af8fc4d5852f,822.6375732421875,True
0.02,0.0001,10,sol_b9859f4982027a64,ev_ea432867493d,hm_979a58ab8892,0.4545454680919647,False
0.05,0.0001,100,sol_446a48fe4ed8e8ad,ev_ea5717d18bfe,hm_9108b6e19b67,1.4660253524780273,False
0.01,0.0005,400,sol_a5365022a143e474,ev_ea61ae47a54b,hm_bd4d3751a16f,1.327142596244812,False
0.0,0.0003,20,sol_9a98a6113582669a,ev_ea6edfe0443e,hm_a0f8ed47a107,0.4545454680919647,False
0.02,0.0003,200,sol_9eab4797cce51472,ev_ea8fb4c85a38,hm_1602ff939866,0.7451509237289429,False
0.02,0.0003,200,sol_25324ad713be3f8c,ev_eaa8c0b6d448,hm_1602ff939866,1.4999781847000122,False
0.05,0.0003,10,sol_958b20e65bb8341b,ev_eada4fd79f57,hm_8c986396d3ec,0.5670102834701538,False
0.0,0.0003,400,sol_22c20f65979ff035,ev_eadb5b9537ea,hm_a0f8ed47a107,0.5995621085166931,False
0.01,0.0001,10,sol_c0ab7925fa5bc529,ev_eb10684ddd01,hm_844cdcf42c7e,0.4545454680919647,False
0.05,0.0001,200,sol_0266ec81d595cb2b,ev_eb145bd1ad1a,hm_9108b6e19b67,3.478377103805542,False
0.02,0.0003,20,sol_201f0ef3b9d9da92,ev_eb17363fec40,hm_1602ff939866,0.4545454680919647,False
0.01,0.0005,1000,sol_b149fbafbe02382a,ev_eb4649b9216c,hm_bd4d3751a16f,1.9699894189834595,False
0.02,0.0001,20,sol_f03e43272e6a9e03,ev_eb55fbe43b96,hm_979a58ab8892,0.4545454680919647,False
0.0,0.0005,50,sol_f7ff4bc7d064c123,ev_eb591f86a42d,hm_7a9cff01f511,0.4545454680919647,False
0.02,0.0001,20,sol_4d4da64ece524788,ev_eb5972eac3e2,hm_979a58ab8892,0.4545454680919647,False
0.0,0.0001,1000,sol_cac72b00931450bb,ev_eb6bce4b297c,hm_a00ad2a2c52a,0.4545399844646454,False
0.01,0.0003,50,sol_60cb293212b74557,ev_eb92497df5dc,hm_3298667cddaa,0.4545454680919647,False
0.0,0.0001,100,sol_240b8afcfcfd8eff,ev_ebc8737b8a16,hm_a00ad2a2c52a,0.4545454680919647,False
0.05,0.0003,200,sol_53b0fa2534836a3a,ev_ec15624d4322,hm_8c986396d3ec,10.942837715148926,False
0.01,0.0001,50,sol_420c872e707f4a82,ev_ec1f4cafdfa3,hm_844cdcf42c7e,0.5669794678688049,False
0.02,0.0003,50,sol_746267ff90b711f9,ev_ec3ebcc6dadd,hm_1602ff939866,0.5669869184494019,False
0.0,0.0005,400,sol_faefa89970ff5c79,ev_ec5a1417e1d0,hm_7a9cff01f511,0.599490761756897,False
0.05,0.0003,100,sol_7c7e99e153647382,ev_ec5b896d0f24,hm_8c986396d3ec,1.4188125133514404,False
0.01,0.0005,100,sol_4daf9a92a6d8317e,ev_ec637e255897,hm_bd4d3751a16f,0.4545454680919647,False
0.0,0.0003,400,sol_5897d0f4f109f45f,ev_ec8d6e51e8c2,hm_a0f8ed47a107,0.6286669969558716,False
0.05,0.0003,700,sol_178c818b2909bdb2,ev_ecd742d3cc12,hm_8c986396d3ec,864.6268310546875,True
0.02,0.0003,50,sol_ec11c52577a78ebe,ev_ece003a8a30f,hm_1602ff939866,0.5670003890991211,False
0.02,0.0005,50,sol_4c177766324f2103,ev_eceba005f24b,hm_f442e5139114,0.5669954419136047,False
0.0,0.0001,700,sol_5d996b851ef610c2,ev_ecfb2e321236,hm_a00ad2a2c52a,0.4545454680919647,False
0.01,0.0005,1000,sol_1190170894034198,ev_ed0ae37c2084,hm_bd4d3751a16f,3.553558111190796,False
0.01,0.0001,50,sol_ca7f7a5f66e8be82,ev_ed565e1b3c40,hm_844cdcf42c7e,0.4545454680919647,False
0.02,0.0005,700,sol_fa09e18cad44f574,ev_ed65e171b056,hm_f442e5139114,2.3101046085357666,False
0.02,0.0003,100,sol_058224cb00fbb9ea,ev_ee99407f383b,hm_1602ff939866,0.5999296307563782,False
0.0,0.0001,1000,sol_0fca948daa24fb12,ev_ef0485ae7c1f,hm_a00ad2a2c52a,0.599595308303833,False
0.0,0.0003,100,sol_6dfcefe085c04eb4,ev_ef0fd34f3b0d,hm_a0f8ed47a107,0.4545454680919647,False
0.0,0.0003,400,sol_72bada0748b9f711,ev_ef52862bda8a,hm_a0f8ed47a107,0.5669742822647095,False
0.05,0.0003,100,sol_8b5543cfbd9dc60f,ev_ef7e8cf0488a,hm_8c986396d3ec,1.5000041723251343,False
0.0,0.0003,700,sol_65611cacfdfa3051,ev_efa044a05d22,hm_a0f8ed47a107,0.7606915235519409,False
0.02,0.0005,400,sol_f5fe21ceef24fa25,ev_efaaec4be3ac,hm_f442e5139114,1.634579062461853,False
0.05,0.0005,1000,sol_12bf0609efc5dc34,ev_efbfc79f2643,hm_af8fc4d5852f,1077.352783203125,True
0.05,0.0005,400,sol_7ebb567935031edb,ev_efce706b9f88,hm_af8fc4d5852f,52.81816482543945,True
0.0,0.0001,1000,sol_3ad82a5570d23374,ev_efe13c9055e9,hm_a00ad2a2c52a,0.5641965270042419,False
0.05,0.0003,700,sol_b1b4bb04a60673f5,ev_f018fdb55407,hm_8c986396d3ec,631.0,True
0.0,0.0003,400,sol_4b60fbb1e2e6a15a,ev_f01b4e66b7c1,hm_a0f8ed47a107,0.5669751763343811,False
0.05,0.0001,100,sol_be8bf48668670109,ev_f052c5c4fff9,hm_9108b6e19b67,0.8733305335044861,False
0.01,0.0001,1000,sol_eb0ceeca9bbc2683,ev_f0625840f5fe,hm_844cdcf42c7e,1.4350528717041016,False
0.01,0.0003,700,sol_2eea41d75d62478d,ev_f066ceae74c6,hm_3298667cddaa,1.5528624057769775,False
0.05,0.0001,700,sol_873e475fc7da3b6c,ev_f0cd5e9ef2d8,hm_9108b6e19b67,928.6954956054688,True
0.01,0.0005,400,sol_ecf465d72492e3a1,ev_f0cf16f6d920,hm_bd4d3751a16f,1.499996542930603,False
0.02,0.0005,200,sol_531d8dd23c011aca,ev_f0d410db8130,hm_f442e5139114,1.49998140335083,False
0.05,0.0005,200,sol_564c4a424d6659e6,ev_f0d946a74ce3,hm_af8fc4d5852f,3.1417486667633057,False
0.0,0.0003,700,sol_347e0954635362ae,ev_f0e6c0d3757f,hm_a0f8ed47a107,0.5668882131576538,False
0.05,0.0005,10,sol_619b258d19d7d2c3,ev_f0e6cdc03f61,hm_af8fc4d5852f,0.5670102834701538,False
0.02,0.0003,200,sol_764a57d1d6941687,ev_f0efbd1b0bfd,hm_1602ff939866,1.500001311302185,False
0.01,0.0005,100,sol_69494ae45201ce95,ev_f0f32f3f1dc5,hm_bd4d3751a16f,1.4352668523788452,False
0.05,0.0003,1000,sol_add9791451d6426a,ev_f0f467ea9450,hm_8c986396d3ec,752.155029296875,True
0.01,0.0005,50,sol_19a5611a6fe928ff,ev_f127ecb922f8,hm_bd4d3751a16f,0.5669753551483154,False
0.05,0.0005,50,sol_02dc2151f8af79bf,ev_f1474e208550,hm_af8fc4d5852f,0.7608568668365479,False
0.05,0.0005,700,sol_def47fcb728056d6,ev_f14a1f8ce94b,hm_af8fc4d5852f,10004.763671875,True
0.0,0.0001,1000,sol_b4d6ac8df831d697,ev_f15764386d1e,hm_a00ad2a2c52a,0.5669698715209961,False
0.05,0.0005,400,sol_6c36f5b0c18944c4,ev_f15842d2c48b,hm_af8fc4d5852f,16.51448631286621,False
0.02,0.0001,100,sol_0aa5f8f574a731c8,ev_f1846cbe6b83,hm_979a58ab8892,1.5000135898590088,False
0.01,0.0005,700,sol_0abd1a09e8221282,ev_f1c0d7d88e6a,hm_bd4d3751a16f,1.3617451190948486,False
0.02,0.0005,200,sol_ed98cac73f9dc5e6,ev_f1e1493cbb06,hm_f442e5139114,0.9040825963020325,False
0.0,0.0005,100,sol_2d6fe68c49331131,ev_f2233ce7573e,hm_7a9cff01f511,0.6425935626029968,False
0.02,0.0005,700,sol_324f7249de4e6fc4,ev_f228a7d177a2,hm_f442e5139114,3.22160267829895,False
0.0,0.0003,200,sol_7346f83432c0e6b1,ev_f2372719d153,hm_a0f8ed47a107,0.4545450210571289,False
0.0,0.0003,400,sol_948ee78fe156703c,ev_f251c7808da8,hm_a0f8ed47a107,0.7953097224235535,False
0.01,0.0005,100,sol_15cbbc8d0a9c3002,ev_f254aa9d7479,hm_bd4d3751a16f,0.5999510288238525,False
0.01,0.0001,400,sol_04cc71a1c447b849,ev_f259dd3e57ac,hm_844cdcf42c7e,0.7342475652694702,False
0.05,0.0003,1000,sol_e443257bfc664042,ev_f2bad3b3b6a3,hm_8c986396d3ec,789.6759033203125,True
0.05,0.0001,100,sol_aa423598378553bd,ev_f31a1b3f5244,hm_9108b6e19b67,1.4710588455200195,False
0.05,0.0003,400,sol_2c1d1b7b0d08cc96,ev_f3379433aa80,hm_8c986396d3ec,287.54541015625,True
0.02,0.0003,400,sol_8bcfe2dbe4523f21,ev_f33f2c735e48,hm_1602ff939866,1.4888899326324463,False
0.05,0.0003,200,sol_6f41a12ed008443b,ev_f3472fc12126,hm_8c986396d3ec,1.4085450172424316,False
0.05,0.0003,100,sol_76ab36707cfbe4a5,ev_f35de40a084d,hm_8c986396d3ec,1.3639345169067383,False
0.02,0.0003,1000,sol_5ca9484d2ff55ad4,ev_f373c0fa1ee4,hm_1602ff939866,153.4037628173828,True
0.05,0.0005,50,sol_5c7964978879d22c,ev_f3931a1685ca,hm_af8fc4d5852f,1.4272061586380005,False
0.05,0.0001,20,sol_3fa9e66be2e5bd5a,ev_f3a7b60a1533,hm_9108b6e19b67,0.5670102834701538,False
0.05,0.0003,700,sol_2275bd4a68de12ad,ev_f3cd01308460,hm_8c986396d3ec,382.65289306640625,True
0.01,0.0003,20,sol_bcdfc5adb539c8f8,ev_f405cd4db0d9,hm_3298667cddaa,0.4545454680919647,False
0.05,0.0005,700,sol_d2bb420a2a0aab8a,ev_f411b6f299d2,hm_af8fc4d5852f,1782.6885986328125,True
0.05,0.0003,100,sol_250fe61bedeb1026,ev_f42ce88d87d7,hm_8c986396d3ec,1.6638320684432983,False
0.0,0.0001,100,sol_bf7f9350d1d48fb8,ev_f44680302ebe,hm_a00ad2a2c52a,0.4545454680919647,False
0.0,0.0003,1000,sol_38b777a2c4706354,ev_f4680237f080,hm_a0f8ed47a107,1.0934334993362427,False
0.0,0.0003,10,sol_b3e0d7e1930aee8a,ev_f46af04d19f6,hm_a0f8ed47a107,0.4545454680919647,False
0.01,0.0003,200,sol_ab77b6043a8da57a,ev_f477dccb1c0b,hm_3298667cddaa,0.5669692158699036,False
0.02,0.0005,1000,sol_8de3a58fd8506f77,ev_f4864be6f9e3,hm_f442e5139114,3.726177930831909,False
0.01,0.0005,10,sol_757488eb419e7b9f,ev_f4a7faff4c5a,hm_bd4d3751a16f,0.4545454680919647,False
0.01,0.0003,1000,sol_b357d5ab74659c52,ev_f4b020004e12,hm_3298667cddaa,3.980354070663452,False
0.0,0.0001,100,sol_62e29bdcc32c55cb,ev_f4cf3f20509d,hm_a00ad2a2c52a,0.4545454680919647,False
0.05,0.0001,700,sol_4a78c179d15f2840,ev_f514d4ad25ba,hm_9108b6e19b67,2042.2750244140625,True
0.01,0.0001,100,sol_bdacfc8528ff3d64,ev_f518d9302541,hm_844cdcf42c7e,0.5669786334037781,False
0.02,0.0005,10,sol_19b628af64ea37e8,ev_f53985f0098c,hm_f442e5139114,0.4545454680919647,False
0.0,0.0005,100,sol_2aa65a7549320356,ev_f53e1e98d47a,hm_7a9cff01f511,0.566974401473999,False
0.0,0.0005,200,sol_49c69e125eabfbdf,ev_f5594d6c36ab,hm_7a9cff01f511,0.5669756531715393,False
0.05,0.0003,700,sol_4bf6744753c4a425,ev_f5923b19ceaa,hm_8c986396d3ec,3101.876953125,True
0.02,0.0003,100,sol_2b94f295af5a1dcb,ev_f593ecb45f55,hm_1602ff939866,1.5000016689300537,False
0.05,0.0001,50,sol_5361f3fe02e5ea58,ev_f5a06dbdfad3,hm_9108b6e19b67,0.7349385023117065,False
0.0,0.0003,100,sol_ba6bad4317f00b0f,ev_f5df589b74ed,hm_a0f8ed47a107,0.4545454680919647,False
0.01,0.0001,10,sol_0c53b3d2cc09b00b,ev_f5e2154194b6,hm_844cdcf42c7e,0.4545454680919647,False
0.05,0.0001,10,sol_46d7946867115bc8,ev_f6007a4a9fa2,hm_9108b6e19b67,0.4545454680919647,False
0.02,0.0001,700,sol_1516ed00818c24e7,ev_f607344235f9,hm_979a58ab8892,4.098021030426025,False
0.0,0.0005,1000,sol_e3a605860ced3241,ev_f6199b7e72ae,hm_7a9cff01f511,1.5764497518539429,False
0.01,0.0003,1000,sol_ab945b9739941569,ev_f61a6c906284,hm_3298667cddaa,1.4347890615463257,False
0.01,0.0005,100,sol_36763a8da5cbe659,ev_f629234b44eb,hm_bd4d3751a16f,0.760868489742279,False
0.0,0.0001,1000,sol_a0912638bbc91cbe,ev_f62ea4cb8626,hm_a00ad2a2c52a,1.4351879358291626,False
0.0,0.0005,50,sol_48cd196beb060f5c,ev_f66af2674f45,hm_7a9cff01f511,0.4545454680919647,False
0.0,0.0005,200,sol_6da918ee6dbe7721,ev_f6987fd96d8f,hm_7a9cff01f511,0.5669738054275513,False
0.0,0.0003,100,sol_1c6378a9ad2cabad,ev_f6ac50141c60,hm_a0f8ed47a107,0.4545454680919647,False
0.02,0.0005,50,sol_26169e973e672a38,ev_f6d928f97c66,hm_f442e5139114,0.5669753551483154,False
0.02,0.0005,100,sol_635db6b9e498a479,ev_f6de5180bd85,hm_f442e5139114,0.6290620565414429,False
0.05,0.0001,100,sol_efa57746e8f8d7ea,ev_f6e214f16c75,hm_9108b6e19b67,0.8023050427436829,False
0.01,0.0001,100,sol_4f6fc2c4d22d4b7b,ev_f6e465dc89df,hm_844cdcf42c7e,0.4545454680919647,False
0.02,0.0001,400,sol_0242cc6dd61459df,ev_f6ec3e35302f,hm_979a58ab8892,1.4348613023757935,False
0.01,0.0001,20,sol_d081523d0f5006b5,ev_f6ee8c6283a2,hm_844cdcf42c7e,0.4545454680919647,False
0.0,0.0005,10,sol_cad7a80e0435019f,ev_f762acbd69ed,hm_7a9cff01f511,0.4545454680919647,False
0.02,0.0005,20,sol_a9f3baeb900f380a,ev_f790a777b40c,hm_f442e5139114,0.4545454680919647,False
0.05,0.0001,20,sol_e1547d00538753eb,ev_f79e4fa09e7c,hm_9108b6e19b67,0.6291883587837219,False
0.05,0.0005,700,sol_33bc2fe9608c7caa,ev_f7d34ce2960b,hm_af8fc4d5852f,370.989990234375,True
0.0,0.0003,400,sol_09143a647c50408f,ev_f7f58c41bf6b,hm_a0f8ed47a107,0.5669674873352051,False
0.01,0.0005,1000,sol_0a15008e1fef5eb4,ev_f814f0fcc9db,hm_bd4d3751a16f,1.580669641494751,False
0.0,0.0001,400,sol_6e22ba02362a9f2a,ev_f87719412995,hm_a00ad2a2c52a,0.566973865032196,False
0.05,0.0003,100,sol_baadcac06e88e093,ev_f89653d44272,hm_8c986396d3ec,1.157905101776123,False
0.01,0.0001,700,sol_14157aea330ea536,ev_f8be7d7363fc,hm_844cdcf42c7e,1.221226453781128,False
0.0,0.0001,100,sol_8c79930c76abfa7e,ev_f8e04e10f22a,hm_a00ad2a2c52a,0.4545454680919647,False
0.02,0.0005,50,sol_8cdb42247388a80e,ev_f8eb887042d6,hm_f442e5139114,0.5669770240783691,False
0.0,0.0005,400,sol_843ce655eeeed636,ev_f925915d9c2d,hm_7a9cff01f511,0.855117917060852,False
0.05,0.0003,400,sol_e81e7b681cf55044,ev_f92eb58dbf37,hm_8c986396d3ec,557.9659423828125,True
0.05,0.0003,20,sol_5e38b6ed8e4f2aac,ev_f936cfc70b82,hm_8c986396d3ec,0.6291883587837219,False
0.01,0.0001,1000,sol_fc76c021aa39a354,ev_f97e9d287382,hm_844cdcf42c7e,1.4992815256118774,False
0.05,0.0001,1000,sol_d3458bcba0c52f47,ev_f993c72731d7,hm_9108b6e19b67,1066.9805908203125,True
0.05,0.0001,1000,sol_d99ea8fa2b41df58,ev_f9995e762964,hm_9108b6e19b67,1150.6678466796875,True
0.05,0.0005,20,sol_f70db7144c1622f4,ev_f9ae8149e43d,hm_af8fc4d5852f,0.4545454680919647,False
0.02,0.0005,200,sol_45cefa049ff12312,ev_f9ccb408155d,hm_f442e5139114,0.6977442502975464,False
0.05,0.0003,200,sol_47276096bb04bd75,ev_f9d12ab2ee22,hm_8c986396d3ec,7.029263973236084,False
0.05,0.0005,10,sol_2e1f4814242c5d04,ev_f9eaa07bd69b,hm_af8fc4d5852f,0.4545454680919647,False
0.02,0.0005,100,sol_6a1e35979149df05,ev_fa019c602cc2,hm_f442e5139114,0.5998837947845459,False
0.02,0.0001,400,sol_86b41979acaf7c4f,ev_fa026ef27b0e,hm_979a58ab8892,1.6798864603042603,False
0.0,0.0003,10,sol_f71338a7e0c341b9,ev_fa423bc9e08a,hm_a0f8ed47a107,0.4545454680919647,False
0.02,0.0001,50,sol_b00e7140901e1c59,ev_fa43380b7f4d,hm_979a58ab8892,0.5669770836830139,False
0.01,0.0005,200,sol_0bf42c0ac5b59bf5,ev_fa7f7df455ba,hm_bd4d3751a16f,0.6774922013282776,False
0.0,0.0001,400,sol_6eafc0aaf72b77b6,ev_fad321195906,hm_a00ad2a2c52a,0.5669607520103455,False
0.0,0.0001,20,sol_7f077f41d4ada6d1,ev_fadd59ee0856,hm_a00ad2a2c52a,0.4545454680919647,False
0.05,0.0003,50,sol_64caf0fae5ada26f,ev_fade703ab62e,hm_8c986396d3ec,0.9847536087036133,False
0.02,0.0001,700,sol_98f0e3928a55ca40,ev_fae4761c7e0a,hm_979a58ab8892,12.250689506530762,False
0.0,0.0005,400,sol_24ef2411090698de,ev_fb0a43c3ef3d,hm_7a9cff01f511,0.8283126354217529,False
0.02,0.0005,200,sol_eb526c5ca604df13,ev_fb3b9955e2c1,hm_f442e5139114,0.7435871362686157,False
0.02,0.0005,10,sol_ae96ed94102c3d24,ev_fb5fdb4549ef,hm_f442e5139114,0.4545454680919647,False
0.0,0.0001,1000,sol_688bb7b900588f5b,ev_fb60665b517e,hm_a00ad2a2c52a,0.5641608238220215,False
0.01,0.0001,1000,sol_e147c4eb6de93dab,ev_fb9c344a74b7,hm_844cdcf42c7e,1.4997107982635498,False
0.01,0.0001,100,sol_259b282368779859,ev_fba606ca3092,hm_844cdcf42c7e,0.6722669005393982,False
0.02,0.0005,10,sol_1e03f5775c2fb73b,ev_fc025fceb385,hm_f442e5139114,0.4545454680919647,False
0.01,0.0001,10,sol_26f0a54342bc165c,ev_fc2093d394a8,hm_844cdcf42c7e,0.4545454680919647,False
0.02,0.0003,10,sol_077d7920bfe95912,ev_fc2735972dc6,hm_1602ff939866,0.4545454680919647,False
0.05,0.0005,200,sol_3f8cff1dd349f794,ev_fc889ed979ca,hm_af8fc4d5852f,34.370849609375,False
0.01,0.0001,20,sol_2a1e6ff58c76eea8,ev_fcde3a42b672,hm_844cdcf42c7e,0.4545454680919647,False
0.02,0.0003,700,sol_3c3d6e3a1d19b827,ev_fd0ec2e2e342,hm_1602ff939866,2.065948963165283,False
0.02,0.0001,400,sol_971d4d0a7d1bcc8a,ev_fd292e2654f0,hm_979a58ab8892,5.566739082336426,False
0.05,0.0001,200,sol_5d4a602a1e6e1c1f,ev_fd4e5ae1d96d,hm_9108b6e19b67,23.741470336914062,False
0.02,0.0003,10,sol_f3ca22d594a2a67a,ev_fd5c166a8928,hm_1602ff939866,0.4545454680919647,False
0.0,0.0001,20,sol_34064088970a6122,ev_fd91b4bf6212,hm_a00ad2a2c52a,0.4545454680919647,False
0.02,0.0003,100,sol_37dad5ddb97165bc,ev_fd95d690a8a6,hm_1602ff939866,0.5670011639595032,False
0.0,0.0005,1000,sol_ed1e37c1f9cf5784,ev_fda8fca5cadb,hm_7a9cff01f511,1.243443489074707,False
0.02,0.0005,1000,sol_ae3c6d71c9551e18,ev_fdbcc28a4ea4,hm_f442e5139114,242.6107940673828,True
0.05,0.0003,20,sol_732e83409b0fd386,ev_fdddcd041e21,hm_8c986396d3ec,0.7819658517837524,False
0.05,0.0001,100,sol_1cbcb17cab30e949,ev_fde8356ebabf,hm_9108b6e19b67,1.688830018043518,False
0.02,0.0003,1000,sol_4235404b95e83b84,ev_fe0829fe0fe7,hm_1602ff939866,11.206134796142578,False
0.05,0.0001,700,sol_537980a05fc3bc05,ev_fe2c7b2cdb70,hm_9108b6e19b67,2056.581298828125,True
0.01,0.0001,700,sol_0290af1826116c55,ev_fe31b03b348f,hm_844cdcf42c7e,1.6816349029541016,False
0.05,0.0001,1000,sol_b5a8025488eed3ef,ev_fe8e00f16665,hm_9108b6e19b67,1050.31689453125,True
0.01,0.0005,100,sol_ed74d29652024925,ev_feaea95d332c,hm_bd4d3751a16f,0.5670021176338196,False
0.02,0.0001,400,sol_072e99ac188dbdb4,ev_feb23ffb5835,hm_979a58ab8892,1.2783660888671875,False
0.02,0.0001,700,sol_b881d55bcde88dc1,ev_fed5fa51c7a0,hm_979a58ab8892,5.611858367919922,False
0.02,0.0003,1000,sol_e00114e8e9248549,ev_ff2df2449412,hm_1602ff939866,14.303629875183105,False
0.01,0.0003,400,sol_0d8a17989a0f2c46,ev_ff2f5bf9862d,hm_3298667cddaa,1.1922869682312012,False
0.0,0.0001,200,sol_6857eaf63be3306f,ev_ff47c55886b6,hm_a00ad2a2c52a,0.4545454680919647,False
0.01,0.0003,100,sol_e5866418456a4bae,ev_ff6e688daecc,hm_3298667cddaa,0.5670031309127808,False
0.02,0.0005,20,sol_883b232b3d18d229,ev_ff91203c83b2,hm_f442e5139114,0.4545454680919647,False
0.01,0.0003,200,sol_982f8573319a27fc,ev_ffc2e9c44983,hm_3298667cddaa,0.8488278985023499,False
0.01,0.0005,50,sol_27d9d1684c78ce43,ev_ffe08d3b6ad8,hm_bd4d3751a16f,0.5669767260551453,False
0.0,0.0003,20,sol_71449bc8d629eed0,ev_ffe3678898f5,hm_a0f8ed47a107,0.4545454680919647,False
0.01,0.0001,700,sol_45a8d3dc8d14311a,ev_ffef99beda70,hm_844cdcf42c7e,1.1923084259033203,False
0.0,0.0001,10,sol_ef5a6ae4ff0f4ac7,ev_fffb9dda5d63,hm_a00ad2a2c52a,0.4545454680919647,False
