phi_max,sigma_scatt,n_trk,sol_key,event_key,ham_key,max_abs_x,excluded
0.02,0.0003,400,sol_15f12bf6ab75a8a1,ev_004fb6bc4470,hm_a0f8ed47a107,47.18967056274414,False
0.01,0.0003,400,sol_5c4615ea9ca535e0,ev_005824e1ecc7,hm_a0f8ed47a107,2989.96728515625,True
0.2,0.0001,10,sol_89a4398a3835849c,ev_0092425c14a8,hm_a00ad2a2c52a,0.4545454680919647,False
0.01,0.0003,200,sol_e5cd1a417143ef87,ev_011e3aee6b91,hm_a0f8ed47a107,32.47254943847656,False
0.1,0.0001,200,sol_c135f1796ae6555d,ev_014f24938ba1,hm_a00ad2a2c52a,0.4545454680919647,False
0.2,0.0003,200,sol_e27f0f7ca52cfd24,ev_018b70186449,hm_a0f8ed47a107,0.5669738054275513,False
0.01,0.0001,700,sol_bbf60745f8c4e6f5,ev_0197a1aceee2,hm_a00ad2a2c52a,9.34940242767334,False
0.05,0.0001,100,sol_87a16deb00c30dd4,ev_020c2766b7ff,hm_a00ad2a2c52a,0.4545454680919647,False
0.05,0.0003,50,sol_ff889d9d447eb758,ev_02288b84744d,hm_a0f8ed47a107,0.4545454680919647,False
0.02,0.0001,400,sol_ba9469538e01d1ac,ev_02492068e260,hm_a00ad2a2c52a,1.4827520847320557,False
0.1,0.0003,20,sol_7e8c2541f11d03f2,ev_0280d8f19e2e,hm_a0f8ed47a107,0.4545454680919647,False
0.01,0.0001,50,sol_4d24db5db6068ea4,ev_0291839a461f,hm_a00ad2a2c52a,0.6851834058761597,False
0.2,0.0001,400,sol_eed1da275a024b4e,ev_02d9749d4aea,hm_a00ad2a2c52a,0.4545454680919647,False
0.05,0.0001,50,sol_edc38f2e2a39d332,ev_02de7841d966,hm_a00ad2a2c52a,0.4545454680919647,False
0.01,0.0001,1000,sol_e22b2fcbdd04649e,ev_032968119bc4,hm_a00ad2a2c52a,56.48749542236328,True
0.02,0.0003,200,sol_71e0c18707fce64e,ev_03ed635d037c,hm_a0f8ed47a107,1.1586122512817383,False
0.01,0.0001,10,sol_0935cc523e33dbd8,ev_04119931bec7,hm_a00ad2a2c52a,0.4545454680919647,False
0.02,0.0001,100,sol_ef3c2e4bfeeb1507,ev_0455632c7ab1,hm_a00ad2a2c52a,0.6000000238418579,False
0.2,0.0001,100,sol_8f7bf1c5f1a86f7e,ev_0466dd3cefb4,hm_a00ad2a2c52a,0.4545454680919647,False
0.1,0.0003,50,sol_b426d008b1206914,ev_0494bee78efa,hm_a0f8ed47a107,0.4545454680919647,False
0.02,0.0003,50,sol_40747f1a2d7c8234,ev_049a29fb01ac,hm_a0f8ed47a107,0.5998753905296326,False
0.01,0.0001,700,sol_7f9ff320600a4088,ev_04d3e6a92d7f,hm_a00ad2a2c52a,9.366130828857422,False
0.01,0.0003,700,sol_2e905a2c08685056,ev_04fda819c89c,hm_a0f8ed47a107,843.7610473632812,True
0.1,0.0003,100,sol_1b9609e6331e4079,ev_04fe51084e5f,hm_a0f8ed47a107,0.4545454680919647,False
0.2,0.0001,200,sol_19cdf46eeaf2d386,ev_050262f38bfd,hm_a00ad2a2c52a,0.6000000238418579,False
0.1,0.0003,100,sol_2c8c23f7fa3b74e1,ev_0540c35b073e,hm_a0f8ed47a107,0.4545454680919647,False
0.1,0.0003,10,sol_f348a45663b89f0b,ev_0549b56f2f79,hm_a0f8ed47a107,0.4545454680919647,False
0.05,0.0001,1000,sol_57eb8acc8f6f28c3,ev_055659e0b50b,hm_a00ad2a2c52a,1.3445838689804077,False
0.1,0.0001,400,sol_ad630dfaad5c3885,ev_05729f3b17be,hm_a00ad2a2c52a,0.5669738054275513,False
0.2,0.0003,50,sol_59ce4e83ac52e6ce,ev_0583bf9687d9,hm_a0f8ed47a107,0.4545454680919647,False
0.02,0.0003,20,sol_539ee0ded278c314,ev_05d96be79c14,hm_a0f8ed47a107,0.5670102834701538,False
0.01,0.0001,100,sol_ff925684a7e32e6c,ev_05ee52b5e76f,hm_a00ad2a2c52a,0.5998535752296448,False
0.1,0.0001,400,sol_8538b838d8644c3b,ev_05f689af6b09,hm_a00ad2a2c52a,0.730216383934021,False
0.2,0.0003,100,sol_696ca17a24eac465,ev_061321dbe3aa,hm_a0f8ed47a107,0.4545454680919647,False
0.1,0.0001,700,sol_88de992c0904123e,ev_066122bebf79,hm_a00ad2a2c52a,0.5996274352073669,False
0.1,0.0003,50,sol_07df4affa1acae27,ev_0663d9cd12fd,hm_a0f8ed47a107,0.4545454680919647,False
0.02,0.0001,10,sol_5b822be12b880c2d,ev_06787380e81c,hm_a00ad2a2c52a,0.4545454680919647,False
0.1,0.0001,10,sol_a9e3597fe7523564,ev_068105e46f52,hm_a00ad2a2c52a,0.4545454680919647,False
0.01,0.0003,200,sol_8e19c1582c229533,ev_0681d16beb8f,hm_a0f8ed47a107,6.411739349365234,False
0.01,0.0001,10,sol_c1d4fca8e3ec43dc,ev_06945b9afd21,hm_a00ad2a2c52a,0.4545454680919647,False
0.2,0.0001,1000,sol_f8db198257590875,ev_06b9c78b082e,hm_a00ad2a2c52a,0.5641240477561951,False
0.01,0.0003,50,sol_b8785098761c8bb9,ev_070df8258afe,hm_a0f8ed47a107,0.7349004745483398,False
0.02,0.0001,1000,sol_3081d8c0830b7b31,ev_0730eb9c8428,hm_a00ad2a2c52a,93.36978912353516,True
0.01,0.0001,10,sol_42ca88988fc04209,ev_07b857068afd,hm_a00ad2a2c52a,0.4545454680919647,False
0.2,0.0001,200,sol_362dcbbaf74f79ee,ev_080892fe92b2,hm_a00ad2a2c52a,0.4545454680919647,False
0.2,0.0003,700,sol_83b678406883e97f,ev_080aeb06ee6d,hm_a0f8ed47a107,0.5998616814613342,False
0.02,0.0001,50,sol_6521f4107f350af5,ev_0856a995e755,hm_a00ad2a2c52a,0.566975474357605,False
0.05,0.0001,10,sol_af3530f17d8d5987,ev_086ece432ea7,hm_a00ad2a2c52a,0.4545454680919647,False
0.2,0.0001,1000,sol_f5b49a79d6ce16e5,ev_0885f3b6c96b,hm_a00ad2a2c52a,0.5996344685554504,False
0.1,0.0003,700,sol_79ad7e918304e9ba,ev_0886f8abc417,hm_a0f8ed47a107,1.3917593955993652,False
0.1,0.0003,10,sol_7b4f1565ed6ddfee,ev_08bfbba62628,hm_a0f8ed47a107,0.4545454680919647,False
0.2,0.0001,1000,sol_4e5eef9615bb2ebc,ev_08df0ece1b00,hm_a00ad2a2c52a,0.5641889572143555,False
0.01,0.0003,20,sol_7b54104c2f84ba5f,ev_091c31db1262,hm_a0f8ed47a107,0.4545454680919647,False
0.1,0.0003,50,sol_48bbfea19dd95102,ev_09e976e9c047,hm_a0f8ed47a107,0.4545454680919647,False
0.02,0.0001,700,sol_70d0c17fedc960a6,ev_09f1483b373b,hm_a00ad2a2c52a,1.8086274862289429,False
0.01,0.0003,20,sol_acdd21fd08271286,ev_09fb5fda88ba,hm_a0f8ed47a107,0.6983240246772766,False
0.02,0.0003,10,sol_785a48a8d7907a6e,ev_0a3dd225be0d,hm_a0f8ed47a107,0.4545454680919647,False
0.01,0.0001,50,sol_12a38015a2bbd59f,ev_0a94b4da5c7f,hm_a00ad2a2c52a,1.2582086324691772,False
0.05,0.0001,20,sol_52e8824eadf07419,ev_0ab8bc38159c,hm_a00ad2a2c52a,0.4545454680919647,False
0.2,0.0001,50,sol_f8d72bb94ec48bcb,ev_0ad1113fd0dc,hm_a00ad2a2c52a,0.4545454680919647,False
0.2,0.0003,400,sol_a3a207d1a89580c9,ev_0ae09f7dc889,hm_a0f8ed47a107,0.5669482350349426,False
0.02,0.0001,200,sol_ce0570f10cc32097,ev_0b6232347503,hm_a00ad2a2c52a,0.5998318791389465,False
0.01,0.0001,1000,sol_2ef8a26f051ea6f6,ev_0b64937c5591,hm_a00ad2a2c52a,255.78684997558594,True
0.01,0.0001,400,sol_8f2180438138c035,ev_0b6b5b3e8ac9,hm_a00ad2a2c52a,2.3569939136505127,False
0.1,0.0001,700,sol_b8b6ea0f10278321,ev_0ba079ea43da,hm_a00ad2a2c52a,0.5995773077011108,False
0.05,0.0003,400,sol_5edf51d86408fe66,ev_0babfaf71add,hm_a0f8ed47a107,1.1417760848999023,False
0.2,0.0001,200,sol_0eeb4d67cccd8b30,ev_0bcfa4a4dbcb,hm_a00ad2a2c52a,0.4545454680919647,False
0.02,0.0001,200,sol_c19c485a516160af,ev_0bf08ff92331,hm_a00ad2a2c52a,0.5998257994651794,False
0.1,0.0003,100,sol_a6f0ad4288dd8420,ev_0c013f3db50c,hm_a0f8ed47a107,0.5670021176338196,False
0.01,0.0003,100,sol_251bf0159db10a57,ev_0c932aba976e,hm_a0f8ed47a107,12.821553230285645,False
0.02,0.0003,1000,sol_23b627cb114a826c,ev_0cea84192293,hm_a0f8ed47a107,2146.919677734375,True
0.02,0.0003,700,sol_56ca29c54847b6e8,ev_0d0da2b14fb5,hm_a0f8ed47a107,307.14306640625,True
0.1,0.0003,200,sol_06b794b1c354fdc8,ev_0d1ab0af0f36,hm_a0f8ed47a107,0.4545454680919647,False
0.2,0.0001,10,sol_8a2e70e53f2d1c15,ev_0d43f5c1a616,hm_a00ad2a2c52a,0.4545454680919647,False
0.01,0.0003,1000,sol_c3f33c7a7ad31c61,ev_0dde5c200e0d,hm_a0f8ed47a107,594.9826049804688,True
0.2,0.0003,10,sol_814ccdb9b7ca4850,ev_0e344364cf1f,hm_a0f8ed47a107,0.4545454680919647,False
0.02,0.0001,50,sol_c7d4f02ff811e4ea,ev_0e3b987ed492,hm_a00ad2a2c52a,0.4545454680919647,False
0.01,0.0001,100,sol_68b329f07eccf3c6,ev_0e3fddc652d5,hm_a00ad2a2c52a,0.5669947266578674,False
0.2,0.0001,400,sol_45f3b60eaf00273e,ev_0e58a4082f8f,hm_a00ad2a2c52a,0.7306539416313171,False
0.01,0.0003,1000,sol_0e85932adad5d7dc,ev_0eb6d32b3d74,hm_a0f8ed47a107,474.5996398925781,True
0.01,0.0001,1000,sol_1567855ae5b8cfba,ev_0ebd23c1b9e6,hm_a00ad2a2c52a,61.180545806884766,True
0.1,0.0003,400,sol_75391b8b4cb76dd5,ev_0f315d8b8ba5,hm_a0f8ed47a107,0.6290003061294556,False
0.05,0.0001,700,sol_d0a64ea7b8aa15cf,ev_0f3fc5372027,hm_a00ad2a2c52a,1.4999922513961792,False
0.2,0.0003,50,sol_c061f8b3f9bacec4,ev_0f9c53320889,hm_a0f8ed47a107,0.5670134425163269,False
0.01,0.0001,1000,sol_296ce1f6aa9108bb,ev_0faeebfbef45,hm_a00ad2a2c52a,390.9750671386719,True
0.05,0.0003,100,sol_2596a111384c7a1d,ev_100fb3bb3c0b,hm_a0f8ed47a107,1.0935554504394531,False
0.02,0.0003,1000,sol_3b03774c425d9fd1,ev_1016f5c9389e,hm_a0f8ed47a107,1089.1517333984375,True
0.2,0.0003,20,sol_1ca565eb67ebc92c,ev_1022b820d54f,hm_a0f8ed47a107,0.4545454680919647,False
0.2,0.0003,20,sol_19982fda63a84c29,ev_103796c03fc3,hm_a0f8ed47a107,0.4545454680919647,False
0.2,0.0001,50,sol_5137d8fca3b7d062,ev_108cbae4aedf,hm_a00ad2a2c52a,0.4545454680919647,False
0.01,0.0003,700,sol_516ec6d103ca6aea,ev_109954dec8ca,hm_a0f8ed47a107,726.8972778320312,True
0.02,0.0003,700,sol_805d76bbf2df55a9,ev_10da1f5abf52,hm_a0f8ed47a107,576.4824829101562,True
0.1,0.0001,1000,sol_6ddb40d940a4e7c5,ev_112adea490a2,hm_a00ad2a2c52a,0.6843020915985107,False
0.2,0.0003,400,sol_7737a721892b02c8,ev_114f09a1d5dd,hm_a0f8ed47a107,0.4545452296733856,False
0.01,0.0001,100,sol_129793cd388ec402,ev_1188e87d9a14,hm_a00ad2a2c52a,0.7673898339271545,False
0.01,0.0003,100,sol_23b1fc13326a9338,ev_11dabcd0acaf,hm_a0f8ed47a107,11.128691673278809,False
0.1,0.0003,200,sol_021445826c9e3292,ev_11e04c13b312,hm_a0f8ed47a107,0.5957391858100891,False
0.1,0.0001,50,sol_c4581cb6e9ed1335,ev_11eba4ff4dda,hm_a00ad2a2c52a,0.4545454680919647,False
0.01,0.0003,100,sol_64f11e5b222c32bc,ev_1213d7ed0d6e,hm_a0f8ed47a107,1.815629482269287,False
0.1,0.0001,400,sol_14d674d1f6ac5446,ev_122e517075e7,hm_a00ad2a2c52a,0.5669602751731873,False
0.1,0.0003,20,sol_92c98f85a48c7dc6,ev_123374f87ea8,hm_a0f8ed47a107,0.4545454680919647,False
0.2,0.0001,700,sol_8709cc459d8ed808,ev_1243d7c6404d,hm_a00ad2a2c52a,0.5642415285110474,False
0.02,0.0001,700,sol_845419da319c0a79,ev_127f1e752206,hm_a00ad2a2c52a,1.3958208560943604,False
0.01,0.0003,200,sol_e591b9ce028bb4b6,ev_128b2863a37c,hm_a0f8ed47a107,59.50333023071289,True
0.1,0.0001,1000,sol_a1a15b61f8a27cd7,ev_129686153d44,hm_a00ad2a2c52a,0.599479079246521,False
0.01,0.0001,100,sol_178574b20b1fed85,ev_129d0d2a1ad6,hm_a00ad2a2c52a,0.7819510698318481,False
0.1,0.0003,400,sol_147043583762d5f4,ev_12a7a1cc57b8,hm_a0f8ed47a107,1.4999737739562988,False
0.02,0.0001,10,sol_dee208adad5cd500,ev_12bc350aebbe,hm_a00ad2a2c52a,0.4545454680919647,False
0.02,0.0003,400,sol_eb3ae2d6f0b1e48e,ev_12cbaece4ba0,hm_a0f8ed47a107,41.476890563964844,False
0.02,0.0003,50,sol_ae11c45fb6ab921b,ev_12d9b5269949,hm_a0f8ed47a107,0.6425792574882507,False
0.02,0.0003,700,sol_e41dbfc5d30c7113,ev_12df952e8b2c,hm_a0f8ed47a107,288.16021728515625,True
0.2,0.0003,100,sol_40c47ebbbd35d960,ev_12e6638b1074,hm_a0f8ed47a107,0.5669759511947632,False
0.01,0.0001,20,sol_11d62e43409a4d03,ev_131da7addabf,hm_a00ad2a2c52a,0.4545454680919647,False
0.1,0.0001,100,sol_16a7b8b46fb62861,ev_134ddfb1a7c3,hm_a00ad2a2c52a,0.4545454680919647,False
0.02,0.0001,50,sol_654394733069829f,ev_137f2e1e73d8,hm_a00ad2a2c52a,0.566975474357605,False
0.02,0.0003,20,sol_9a8c4834557f3d24,ev_13a3bd2e6e9e,hm_a0f8ed47a107,0.5670102834701538,False
0.2,0.0001,700,sol_ce254b7abe81e966,ev_13a407207ad0,hm_a00ad2a2c52a,0.5641629695892334,False
0.1,0.0003,400,sol_14999de4ea9afc32,ev_13ef74ae0992,hm_a0f8ed47a107,1.3918769359588623,False
0.2,0.0001,10,sol_43f16bcf98f2a22c,ev_141a1e686398,hm_a00ad2a2c52a,0.4545454680919647,False
0.02,0.0003,700,sol_7eeaced1ce887e78,ev_145722a60da2,hm_a0f8ed47a107,241.00001525878906,True
0.01,0.0003,400,sol_233f5579f8723ccd,ev_1463d02d6361,hm_a0f8ed47a107,4190.5703125,True
0.02,0.0001,700,sol_4f297792323a885d,ev_14701c1b69aa,hm_a00ad2a2c52a,1.1743056774139404,False
0.01,0.0003,400,sol_5b9d5201e0014ddf,ev_14786a2d37b7,hm_a0f8ed47a107,1416.5443115234375,True
0.2,0.0003,700,sol_0a75bff818538fb9,ev_147f562cdf21,hm_a0f8ed47a107,1.4352670907974243,False
0.05,0.0003,100,sol_d795829b5ac00935,ev_14820c22f458,hm_a0f8ed47a107,0.5669769644737244,False
0.01,0.0001,10,sol_76f8270c24148130,ev_14852ac94257,hm_a00ad2a2c52a,0.4545454680919647,False
0.2,0.0001,400,sol_78f4b0b31b61c2cc,ev_14b226ab11a9,hm_a00ad2a2c52a,0.4545454680919647,False
0.05,0.0001,1000,sol_d50a904383efee1a,ev_14b7206d5182,hm_a00ad2a2c52a,0.9590831995010376,False
0.2,0.0001,10,sol_e047c377ddd0747a,ev_14dd550a9a84,hm_a00ad2a2c52a,0.4545454680919647,False
0.05,0.0003,100,sol_1fc8acdfbdc508aa,ev_14ffd9b06c7e,hm_a0f8ed47a107,0.8553588390350342,False
0.01,0.0003,700,sol_a6e079881368ce9d,ev_156388c0596e,hm_a0f8ed47a107,902.55078125,True
0.1,0.0003,20,sol_e257350604b4b2c9,ev_159aefbe1e4d,hm_a0f8ed47a107,0.4545454680919647,False
0.01,0.0001,10,sol_4ea3ff693513cc52,ev_15a88e7aaa0e,hm_a00ad2a2c52a,0.6291883587837219,False
0.01,0.0003,200,sol_e2142faaf5824d97,ev_15acd92daba7,hm_a0f8ed47a107,44.8553581237793,False
0.05,0.0001,700,sol_9d45f3ec40e3e112,ev_15eef279fe5c,hm_a00ad2a2c52a,1.3020139932632446,False
0.1,0.0003,1000,sol_a537db2abc24ee34,ev_1601aae0b24a,hm_a0f8ed47a107,1.1400710344314575,False
0.05,0.0003,100,sol_c676b71a5fa4e238,ev_161b4d389c36,hm_a0f8ed47a107,0.5999444723129272,False
0.2,0.0003,100,sol_201fc8d72d8825a8,ev_16487c720fbd,hm_a0f8ed47a107,0.4545454680919647,False
0.02,0.0001,400,sol_73594054e3dc9b23,ev_16b7ab1ade4c,hm_a00ad2a2c52a,1.3007481098175049,False
0.01,0.0003,700,sol_f1f725722536b445,ev_16f756c97c07,hm_a0f8ed47a107,806.7218627929688,True
0.01,0.0001,400,sol_9bc73f2de9a29411,ev_177e187c7cee,hm_a00ad2a2c52a,3.249807596206665,False
0.05,0.0001,100,sol_1e17bc4f5da63020,ev_17976ca9f45f,hm_a00ad2a2c52a,0.5669775605201721,False
0.01,0.0001,700,sol_dd367b6252345840,ev_17b3f948b30c,hm_a00ad2a2c52a,6.006775379180908,False
0.05,0.0001,20,sol_33f9fc4718ab5f39,ev_17c34ed7087d,hm_a00ad2a2c52a,0.4545454680919647,False
0.2,0.0001,20,sol_8c02160d4060d547,ev_17d7987eb2ba,hm_a00ad2a2c52a,0.4545454680919647,False
0.1,0.0001,50,sol_7fa0733886fba3ec,ev_186a2f2ca772,hm_a00ad2a2c52a,0.4545454680919647,False
0.05,0.0003,20,sol_bad798bcfc5af5c0,ev_18834eb7b645,hm_a0f8ed47a107,0.4545454680919647,False
0.1,0.0001,400,sol_60cf6d1bf2a79d5b,ev_189582390dd1,hm_a00ad2a2c52a,0.5995766520500183,False
0.02,0.0001,400,sol_f6f7f7586cfd419c,ev_189a54788c09,hm_a00ad2a2c52a,0.8555092811584473,False
0.01,0.0003,400,sol_839da57caaf30e12,ev_18cbf623e6cd,hm_a0f8ed47a107,1126.872314453125,True
0.1,0.0001,700,sol_92bbf8cff77ffe7f,ev_18e94372bd78,hm_a00ad2a2c52a,1.120948314666748,False
0.2,0.0001,20,sol_1b84253d5ecfada9,ev_18ead1f20f50,hm_a00ad2a2c52a,0.4545454680919647,False
0.02,0.0001,700,sol_3b4a740b45253478,ev_192e458c3be0,hm_a00ad2a2c52a,1.146409511566162,False
0.2,0.0003,700,sol_666d30b99c9c79be,ev_195bb5e352d9,hm_a0f8ed47a107,0.9348328709602356,False
0.02,0.0001,10,sol_c3a468be4444d3ef,ev_195fbd7d4dce,hm_a00ad2a2c52a,0.4545454680919647,False
0.1,0.0003,100,sol_982816259f61c300,ev_19625a23dbe5,hm_a0f8ed47a107,0.4545454680919647,False
0.2,0.0001,400,sol_b69e6b775f6d69c4,ev_197910d8a647,hm_a00ad2a2c52a,0.4545454680919647,False
0.1,0.0001,1000,sol_a4b29e90e8af2c2f,ev_197a1ede6fa8,hm_a00ad2a2c52a,0.5669704675674438,False
0.05,0.0001,1000,sol_d1aec75a2e392387,ev_19811b358e94,hm_a00ad2a2c52a,1.1417293548583984,False
0.2,0.0003,400,sol_ee05a49db6064904,ev_19834e20024c,hm_a0f8ed47a107,0.7436242699623108,False
0.01,0.0003,1000,sol_00e3fbf4d6e89127,ev_19d0f9c50ce5,hm_a0f8ed47a107,551.6973266601562,True
0.2,0.0001,400,sol_4248f8d65c2a56fa,ev_19e1c7e4731a,hm_a00ad2a2c52a,0.4545454680919647,False
0.1,0.0003,20,sol_b7fdea4e61daec4f,ev_1a00175de2b5,hm_a0f8ed47a107,0.4545454680919647,False
0.1,0.0003,200,sol_0f7a6ce49d7d3487,ev_1a2c65735dec,hm_a0f8ed47a107,0.7822332978248596,False
0.2,0.0001,10,sol_66a7b2a67f87f1e4,ev_1a31a53c3746,hm_a00ad2a2c52a,0.4545454680919647,False
0.2,0.0001,100,sol_c87aadc27390962b,ev_1a4a75a70ae5,hm_a00ad2a2c52a,0.4545454680919647,False
0.01,0.0003,100,sol_856b6fe746e754d9,ev_1a5d8a4195a7,hm_a0f8ed47a107,18.272876739501953,False
0.2,0.0001,100,sol_a2eca6ed4e460cf1,ev_1a6cff81ac88,hm_a00ad2a2c52a,0.4545454680919647,False
0.05,0.0001,200,sol_7f6fcb7b67da8793,ev_1aa1c9099599,hm_a00ad2a2c52a,0.4545454680919647,False
0.2,0.0001,10,sol_1e04c00b5b69d7b6,ev_1aa6bb0cf030,hm_a00ad2a2c52a,0.4545454680919647,False
0.01,0.0003,10,sol_ed5128bec0db0e27,ev_1af43fc97c2b,hm_a0f8ed47a107,0.4545454680919647,False
0.05,0.0003,200,sol_294330a9d0690439,ev_1b49b4306c48,hm_a0f8ed47a107,0.8892562985420227,False
0.01,0.0001,700,sol_af093cbc36047999,ev_1b5c457e93b6,hm_a00ad2a2c52a,12.063295364379883,False
0.02,0.0003,1000,sol_a1e00935d9953e35,ev_1b82f8d8893d,hm_a0f8ed47a107,6916.22119140625,True
0.1,0.0003,20,sol_d4cd5688aee603b2,ev_1bab91e3549a,hm_a0f8ed47a107,0.4545454680919647,False
0.05,0.0001,400,sol_b88420755e6b091f,ev_1c49dff38969,hm_a00ad2a2c52a,0.8488385081291199,False
0.1,0.0003,100,sol_b521b636966df727,ev_1c9e992b726b,hm_a0f8ed47a107,0.4545454680919647,False
0.05,0.0003,700,sol_769643e61642caf7,ev_1ca9487c58e0,hm_a0f8ed47a107,1.829643964767456,False
0.05,0.0003,400,sol_3535d95b9c1ca424,ev_1cfc1b01ff5c,hm_a0f8ed47a107,1.4113482236862183,False
0.05,0.0001,20,sol_0e5b8a05e863f114,ev_1d03ee9df75a,hm_a00ad2a2c52a,0.4545454680919647,False
0.1,0.0001,100,sol_8fa31770f3817a06,ev_1d0b711f76e6,hm_a00ad2a2c52a,0.4545454680919647,False
0.05,0.0001,100,sol_69c627e8378781f0,ev_1d17e7bca444,hm_a00ad2a2c52a,0.4545454680919647,False
0.05,0.0003,1000,sol_12cf2175493ffcf9,ev_1d19fb8bd42e,hm_a0f8ed47a107,3.1675450801849365,False
0.05,0.0001,400,sol_c3787ab1807dbaf0,ev_1d7e136ecb3d,hm_a00ad2a2c52a,0.5995789170265198,False
0.05,0.0001,200,sol_62b434cd92e8141a,ev_1d857bfa4e74,hm_a00ad2a2c52a,0.6000000238418579,False
0.05,0.0001,50,sol_ab45b3485bd5ed65,ev_1e49109d98c2,hm_a00ad2a2c52a,0.4545454680919647,False
0.2,0.0001,700,sol_522b158b4088f38d,ev_1e53ac7ab0af,hm_a00ad2a2c52a,0.6287781000137329,False
0.2,0.0003,10,sol_42e895cf5d18e2d9,ev_1e5d8467246a,hm_a0f8ed47a107,0.4545454680919647,False
0.05,0.0001,10,sol_c555ed22b7caba3c,ev_1e69d0c00e29,hm_a00ad2a2c52a,0.4545454680919647,False
0.1,0.0003,100,sol_acfb966668cf4200,ev_1e86a136e986,hm_a0f8ed47a107,0.5669743418693542,False
0.05,0.0001,20,sol_95fbacb28741fd81,ev_1eedcb3b69f2,hm_a00ad2a2c52a,0.4545454680919647,False
0.2,0.0003,400,sol_d523685d69280d88,ev_1f108c837d51,hm_a0f8ed47a107,0.5995547771453857,False
0.02,0.0001,200,sol_71232525c4acaf04,ev_1f684a68d23c,hm_a00ad2a2c52a,1.4999945163726807,False
0.05,0.0003,10,sol_7baeb5f6a602b478,ev_1fe72a16ee78,hm_a0f8ed47a107,0.4545454680919647,False
0.05,0.0003,20,sol_927e17ba192f9c42,ev_204a2285c62b,hm_a0f8ed47a107,0.4545454680919647,False
0.01,0.0001,20,sol_ff3be752cc3e34fe,ev_2071990964cc,hm_a00ad2a2c52a,0.5670102834701538,False
0.05,0.0001,400,sol_33208fa3e7e7dc4a,ev_20b38fd81bd7,hm_a00ad2a2c52a,0.6720682978630066,False
0.02,0.0003,10,sol_14305fc38375b0a1,ev_20cd6b03ff4c,hm_a0f8ed47a107,0.4545454680919647,False
0.05,0.0003,1000,sol_909a850dba8921eb,ev_20e89ae8b83f,hm_a0f8ed47a107,2.479276180267334,False
0.05,0.0003,10,sol_5f7cc60af5134f74,ev_2103cbca27ce,hm_a0f8ed47a107,0.4545454680919647,False
0.2,0.0001,1000,sol_30d245d2ae7107e6,ev_210c0d692e90,hm_a00ad2a2c52a,0.4545399844646454,False
0.02,0.0003,50,sol_84704e2a356e9a8c,ev_219bb7709631,hm_a0f8ed47a107,0.629153311252594,False
0.01,0.0001,700,sol_86cfb66eb975cf92,ev_21a1297e5e28,hm_a00ad2a2c52a,13.61422348022461,False
0.05,0.0003,400,sol_f87b27ebaa228587,ev_21ae960ec676,hm_a0f8ed47a107,2.0831291675567627,False
0.1,0.0001,20,sol_22795e55301823d6,ev_21d4ec110769,hm_a00ad2a2c52a,0.4545454680919647,False
0.02,0.0001,1000,sol_206ed94477103fb0,ev_21d5226c7641,hm_a00ad2a2c52a,1.9221781492233276,False
0.05,0.0001,10,sol_a8a3766e84792e71,ev_223183600689,hm_a00ad2a2c52a,0.4545454680919647,False
0.01,0.0001,10,sol_485a2a190c74eb9f,ev_2231f59a3967,hm_a00ad2a2c52a,0.4545454680919647,False
0.01,0.0001,200,sol_f2f7b83a5fc204d3,ev_224c05350ccc,hm_a00ad2a2c52a,1.4659160375595093,False
0.01,0.0003,200,sol_1e2c99e7376adf71,ev_23175905e02c,hm_a0f8ed47a107,4.74833536422097e+21,True
0.01,0.0001,400,sol_8f7c60afad989697,ev_23212f1ffafa,hm_a00ad2a2c52a,2.2127578258514404,False
0.01,0.0001,200,sol_5097c26e066c2eae,ev_232a2d47c2fa,hm_a00ad2a2c52a,7.392293453216553,False
0.02,0.0001,400,sol_ffe220f0cff1e250,ev_23468ecf0491,hm_a00ad2a2c52a,1.1699196100234985,False
0.05,0.0003,200,sol_e3322d7fcc4aa41d,ev_238951f63f7a,hm_a0f8ed47a107,0.5957353115081787,False
0.02,0.0003,1000,sol_5c9fe83dab8e9d88,ev_23ad302a521f,hm_a0f8ed47a107,424.27947998046875,True
0.1,0.0003,10,sol_9b2982c99b609a8e,ev_23b7d2b0b898,hm_a0f8ed47a107,0.4545454680919647,False
0.01,0.0001,50,sol_d031036abf83c6b5,ev_23bb7076676e,hm_a00ad2a2c52a,0.4545454680919647,False
0.2,0.0003,200,sol_1a07ab9ef27baf4a,ev_23bf045bd0f8,hm_a0f8ed47a107,0.5669738054275513,False
0.05,0.0003,20,sol_d16b7f873a0d841d,ev_23c3b50fb459,hm_a0f8ed47a107,0.4545454680919647,False
0.2,0.0003,100,sol_6026ac25b478a8dd,ev_23c7542a6fd1,hm_a0f8ed47a107,0.8106786608695984,False
0.1,0.0003,700,sol_32908de73f61ad17,ev_23d97b66dae7,hm_a0f8ed47a107,0.9336008429527283,False
0.05,0.0001,1000,sol_4a9bf4260e8c8a29,ev_2401e985c9d2,hm_a00ad2a2c52a,1.5428105592727661,False
0.05,0.0003,200,sol_c44e7d21e12ee5b4,ev_24209e92f87b,hm_a0f8ed47a107,0.6979206204414368,False
0.02,0.0001,50,sol_5675f1ca637785bf,ev_245e27aeea2e,hm_a00ad2a2c52a,0.4545454680919647,False
0.02,0.0003,20,sol_7dde5f2940d92770,ev_248fada8d9d5,hm_a0f8ed47a107,0.4545454680919647,False
0.2,0.0003,400,sol_56e36d51fe6487f2,ev_249bf31e97c0,hm_a0f8ed47a107,0.5669692158699036,False
0.02,0.0003,20,sol_954deb6f4af72d61,ev_24a38f0b13e0,hm_a0f8ed47a107,0.5670102834701538,False
0.02,0.0003,200,sol_20785c9bd5475903,ev_24ad5b401637,hm_a0f8ed47a107,1.3406338691711426,False
0.02,0.0003,50,sol_d74c0321096f31b3,ev_250b9db3320a,hm_a0f8ed47a107,0.5670003890991211,False
0.2,0.0003,50,sol_1503eecbe84fe9a8,ev_250e1432ee8a,hm_a0f8ed47a107,0.4545454680919647,False
0.1,0.0003,50,sol_08ac99f2517c7e7d,ev_25493cf97430,hm_a0f8ed47a107,0.4545454680919647,False
0.05,0.0001,20,sol_f9cd9c49e014cd15,ev_255d277a3d78,hm_a00ad2a2c52a,0.4545454680919647,False
0.05,0.0001,200,sol_bc2329cb5d3dd064,ev_25783f5f4de2,hm_a00ad2a2c52a,0.5669493675231934,False
0.02,0.0003,1000,sol_71b8478509b33616,ev_2582e280f2d9,hm_a0f8ed47a107,2525.78955078125,True
0.1,0.0001,100,sol_72bb9d30fe24e3ce,ev_258e8285bafb,hm_a00ad2a2c52a,0.4545454680919647,False
0.01,0.0003,50,sol_12b290b5c9b9a24d,ev_25cd780ef26a,hm_a0f8ed47a107,1.1477673053741455,False
0.2,0.0003,20,sol_676be6e236f25d37,ev_25d17ed51eea,hm_a0f8ed47a107,0.4545454680919647,False
0.02,0.0001,400,sol_34362505af91f2b3,ev_25e20a037d38,hm_a00ad2a2c52a,1.315348744392395,False
0.1,0.0001,1000,sol_4cc678e8a2c3479a,ev_25fa06930d87,hm_a00ad2a2c52a,1.3916438817977905,False
0.05,0.0003,10,sol_48db756373e1699a,ev_26056eaa19c5,hm_a0f8ed47a107,0.4545454680919647,False
0.01,0.0001,20,sol_288b5264f1ac62fd,ev_261dbce984b6,hm_a00ad2a2c52a,0.4545454680919647,False
0.1,0.0001,10,sol_91f1f8ec52c81c6c,ev_2626f029127c,hm_a00ad2a2c52a,0.4545454680919647,False
0.01,0.0003,50,sol_4f367f8d074ecd9d,ev_26876d658e51,hm_a0f8ed47a107,0.9110683798789978,False
0.02,0.0001,20,sol_187f58d65ee461b3,ev_268a164306af,hm_a00ad2a2c52a,0.4545454680919647,False
0.01,0.0003,100,sol_28583e2fcc64f62a,ev_2693a6de3f6d,hm_a0f8ed47a107,5.126607418060303,False
0.05,0.0001,20,sol_09ff4cb54a9c24c9,ev_26dbe4f32476,hm_a00ad2a2c52a,0.8517330884933472,False
0.1,0.0003,700,sol_91aaa25463a6c799,ev_2716d0b5846d,hm_a0f8ed47a107,0.5998174548149109,False
0.1,0.0001,400,sol_7b6d39cd79cfa714,ev_271bef0b09f3,hm_a00ad2a2c52a,0.5669738054275513,False
0.01,0.0003,100,sol_15ce5f28c999f708,ev_274eb2373939,hm_a0f8ed47a107,10.586333274841309,False
0.2,0.0001,200,sol_cb145277671e4680,ev_276ce398b8d6,hm_a00ad2a2c52a,0.4545454680919647,False
0.05,0.0003,50,sol_6a4ff358ae471c72,ev_2783375d0307,hm_a0f8ed47a107,0.4545454680919647,False
0.1,0.0001,10,sol_addbedc5f38ea9c4,ev_27905ca25255,hm_a00ad2a2c52a,0.4545454680919647,False
0.01,0.0003,1000,sol_d8d27099fbf2ac2c,ev_27cbed3afc46,hm_a0f8ed47a107,453.3602294921875,True
0.01,0.0001,10,sol_ae08a3b96ea9f4fc,ev_28155ab2a6e5,hm_a00ad2a2c52a,0.4545454680919647,False
0.02,0.0003,20,sol_c8b9610de79d4853,ev_285632e44b7d,hm_a0f8ed47a107,0.5670102834701538,False
0.02,0.0003,700,sol_a12963a66f33f7ba,ev_286adf1f0f36,hm_a0f8ed47a107,313.4938659667969,True
0.2,0.0003,400,sol_a74d07c898666826,ev_2890939f50fa,hm_a0f8ed47a107,0.5669738054275513,False
0.01,0.0001,1000,sol_45bfecb244d3197f,ev_28b1f4dd2cca,hm_a00ad2a2c52a,40.70580291748047,False
0.05,0.0001,100,sol_7c02409580f79ec5,ev_28be1acd9f37,hm_a00ad2a2c52a,0.4545454680919647,False
0.01,0.0001,20,sol_a799cfb8870ebf1e,ev_28ca9f234b3a,hm_a00ad2a2c52a,0.4545454680919647,False
0.02,0.0003,100,sol_a5e12cbb240cb550,ev_29497275e268,hm_a0f8ed47a107,1.3700435161590576,False
0.2,0.0001,700,sol_51fbee35eaaeb253,ev_294d07b24a80,hm_a00ad2a2c52a,0.4545454680919647,False
0.02,0.0001,200,sol_d4dedfb9dac4e6cd,ev_296260919d68,hm_a00ad2a2c52a,0.7290459871292114,False
0.1,0.0003,1000,sol_c75ff7ce72b0b2af,ev_29b0f1e5f853,hm_a0f8ed47a107,1.453804612159729,False
0.02,0.0003,400,sol_dde2ad7b0db057ae,ev_29e5f5b7bd83,hm_a0f8ed47a107,12.84141731262207,False
0.01,0.0003,50,sol_08297cf727b5ced4,ev_29eb510caea8,hm_a0f8ed47a107,0.69830721616745,False
0.01,0.0003,1000,sol_e9a349e08aa83c4e,ev_2a2d8c3fa6c3,hm_a0f8ed47a107,480.45648193359375,True
0.02,0.0001,10,sol_0211f4b90d944724,ev_2a37fcbc2ec0,hm_a00ad2a2c52a,0.4545454680919647,False
0.02,0.0003,50,sol_80b271ea008bf153,ev_2a7c39e96e40,hm_a0f8ed47a107,0.6709709763526917,False
0.02,0.0001,10,sol_00762b8017b01fce,ev_2a88d0dedabf,hm_a00ad2a2c52a,0.4545454680919647,False
0.1,0.0001,20,sol_61d1bcb2c8e772c8,ev_2aae464a1bfe,hm_a00ad2a2c52a,0.4545454680919647,False
0.1,0.0003,20,sol_f2ac02c71ca56334,ev_2afc434fa85b,hm_a0f8ed47a107,0.4545454680919647,False
0.2,0.0003,1000,sol_4b32c564cb29ad30,ev_2b10022ab620,hm_a0f8ed47a107,1.1538752317428589,False
0.01,0.0001,700,sol_58fc6c8e5b7fc508,ev_2b262299f77f,hm_a00ad2a2c52a,15.553491592407227,False
0.05,0.0003,10,sol_57c48e42768a900b,ev_2b466c37ded1,hm_a0f8ed47a107,0.4545454680919647,False
0.2,0.0001,100,sol_e13a0ea064276bf7,ev_2b539c7425a0,hm_a00ad2a2c52a,0.4545454680919647,False
0.2,0.0003,20,sol_813b655277cc1ada,ev_2b564a60876c,hm_a0f8ed47a107,0.4545454680919647,False
0.1,0.0001,100,sol_9a8171e81b70a684,ev_2b75f39c65e5,hm_a00ad2a2c52a,0.4545454680919647,False
0.1,0.0003,20,sol_ce8fa2b9ed0ca10d,ev_2bab4f6ddf8c,hm_a0f8ed47a107,0.4545454680919647,False
0.2,0.0003,50,sol_3da1909365d94a22,ev_2bcfccabde98,hm_a0f8ed47a107,0.4545454680919647,False
0.2,0.0003,10,sol_36a9e63a41374244,ev_2bd7f7870def,hm_a0f8ed47a107,0.4545454680919647,False
0.02,0.0003,1000,sol_7ee09534491afafd,ev_2c0a7acee68c,hm_a0f8ed47a107,227.5765380859375,True
0.1,0.0003,1000,sol_72def67deed83bd7,ev_2c391460a19e,hm_a0f8ed47a107,2.3046300411224365,False
0.05,0.0003,700,sol_53382051ba847333,ev_2c7d4e5f9525,hm_a0f8ed47a107,2.023953914642334,False
0.02,0.0001,100,sol_59da9facae039eeb,ev_2c89bb944a0c,hm_a00ad2a2c52a,0.8410053849220276,False
0.01,0.0003,700,sol_61f83f1984585982,ev_2c9477d45ae6,hm_a0f8ed47a107,712.2100830078125,True
0.01,0.0001,20,sol_d94775a9d7ac4d40,ev_2ca8beacd036,hm_a00ad2a2c52a,0.4545454680919647,False
0.01,0.0001,200,sol_0ce1df1efd7450a5,ev_2cbcf758c353,hm_a00ad2a2c52a,1.0352933406829834,False
0.05,0.0001,100,sol_d84f3c751f40df20,ev_2d1bd9b6c9bb,hm_a00ad2a2c52a,0.4545454680919647,False
0.1,0.0003,200,sol_4a049500b0819b89,ev_2d24e0353af0,hm_a0f8ed47a107,0.5669760704040527,False
0.1,0.0003,100,sol_044bc119045d50dd,ev_2d97c5db90bf,hm_a0f8ed47a107,0.4545454680919647,False
0.01,0.0003,400,sol_3f4bb0f33f1b8b51,ev_2dc64aad6901,hm_a0f8ed47a107,3569.519775390625,True
0.2,0.0001,50,sol_62afde47f1f421a8,ev_2dd96d2a5890,hm_a00ad2a2c52a,0.4545454680919647,False
0.2,0.0003,200,sol_eb9b06c44df82c98,ev_2dfb3897641b,hm_a0f8ed47a107,0.5669738054275513,False
0.01,0.0003,1000,sol_675108d1b45de574,ev_2e44f0d76548,hm_a0f8ed47a107,606.1368408203125,True
0.01,0.0003,400,sol_327026964b4a85bc,ev_2e6998a11e85,hm_a0f8ed47a107,684.6015014648438,True
0.02,0.0001,20,sol_f80e901e7db097c1,ev_2e6f8a251682,hm_a00ad2a2c52a,0.4545454680919647,False
0.1,0.0001,50,sol_235d7b8f89eed42a,ev_2ec44cde141f,hm_a00ad2a2c52a,0.4545454680919647,False
0.2,0.0001,1000,sol_fdd93522910ed80d,ev_2ee4ca65d248,hm_a00ad2a2c52a,0.5642264485359192,False
0.01,0.0003,400,sol_165f4017877d296c,ev_2f1b19dd7398,hm_a0f8ed47a107,3295.227294921875,True
0.02,0.0003,50,sol_3f801fc0fbdb70be,ev_2f431ed90ce8,hm_a0f8ed47a107,0.5670039057731628,False
0.01,0.0003,50,sol_86d339578664b8c2,ev_2f5eaf0ee6a5,hm_a0f8ed47a107,2.5460472106933594,False
0.01,0.0001,20,sol_4c237c3223d117d7,ev_2f791fca3fda,hm_a00ad2a2c52a,0.4545454680919647,False
0.2,0.0003,1000,sol_8299d359740ca250,ev_2fb54bc18b51,hm_a0f8ed47a107,1.1452462673187256,False
0.2,0.0001,400,sol_e2170a0faa80f29f,ev_2fcc63d6872f,hm_a00ad2a2c52a,0.4545454680919647,False
0.02,0.0003,700,sol_a38336a8d3d2267b,ev_2fcefe3d11a4,hm_a0f8ed47a107,760.1560668945312,True
0.2,0.0001,50,sol_0e5ca0af74922cda,ev_2fd7f2796562,hm_a00ad2a2c52a,0.4545454680919647,False
0.05,0.0001,10,sol_c666af42d2ddcaa0,ev_2fe6986c1891,hm_a00ad2a2c52a,0.4545454680919647,False
0.1,0.0001,100,sol_32153f4782d0f376,ev_30126d6e046f,hm_a00ad2a2c52a,0.5669751167297363,False
0.02,0.0003,200,sol_979130403d5d6330,ev_30c936451a1a,hm_a0f8ed47a107,1.0740504264831543,False
0.05,0.0003,1000,sol_46b94c8440a3efab,ev_30e2f250bcd4,hm_a0f8ed47a107,19.286916732788086,False
0.2,0.0001,1000,sol_8a63566d9be3ad55,ev_311f5ecb3b89,hm_a00ad2a2c52a,0.5642297267913818,False
0.01,0.0001,20,sol_9038cb9e191eebb0,ev_316e2d48ba54,hm_a00ad2a2c52a,0.5670102834701538,False
0.02,0.0003,1000,sol_31115530b0b6fd1b,ev_31a70a415dac,hm_a0f8ed47a107,369.9999694824219,True
0.01,0.0001,50,sol_8b0e2344f64d19b5,ev_31e8a25832ee,hm_a00ad2a2c52a,0.5669956207275391,False
0.1,0.0003,400,sol_2f542a704d78408a,ev_327337b511e4,hm_a0f8ed47a107,0.6977534294128418,False
0.02,0.0001,400,sol_22f7e9e2c039d155,ev_32b5d9786367,hm_a00ad2a2c52a,1.1158318519592285,False
0.2,0.0003,700,sol_b680c1ddba90fde7,ev_32bb5acf4d11,hm_a0f8ed47a107,0.5998536348342896,False
0.02,0.0001,200,sol_750d7100df23a526,ev_32d5b0be8d9b,hm_a00ad2a2c52a,0.5669970512390137,False
0.2,0.0001,400,sol_32241704eaf9199e,ev_32e4e5699205,hm_a00ad2a2c52a,0.4545454680919647,False
0.1,0.0001,20,sol_2520cc5881c23626,ev_33063d35b8f1,hm_a00ad2a2c52a,0.4545454680919647,False
0.01,0.0003,200,sol_0760236a53f3fd9e,ev_3324bc30d536,hm_a0f8ed47a107,30.508033752441406,False
0.02,0.0001,100,sol_dcb77637933e915b,ev_3363c1dbf50e,hm_a00ad2a2c52a,0.5669742822647095,False
0.02,0.0003,50,sol_b2b1c0474c4bc821,ev_339ea75aa4ed,hm_a0f8ed47a107,0.5670024752616882,False
0.01,0.0001,400,sol_e92694dbc2e808ee,ev_33f261581fc9,hm_a00ad2a2c52a,14.861549377441406,False
0.05,0.0003,1000,sol_b4acda56fb687baa,ev_340414c8bdc6,hm_a0f8ed47a107,2.1081409454345703,False
0.2,0.0003,100,sol_c67c00fcabbeae2c,ev_3462fb1288e4,hm_a0f8ed47a107,0.4545454680919647,False
0.02,0.0003,20,sol_ef91e59cebbb0913,ev_347dbd2bb8b8,hm_a0f8ed47a107,0.6000000238418579,False
0.01,0.0001,100,sol_2fb7bef43281b2f3,ev_3494ad0987cd,hm_a00ad2a2c52a,0.6290395259857178,False
0.05,0.0001,700,sol_c7eb16057895c1bb,ev_34aca35879e8,hm_a00ad2a2c52a,0.8960290551185608,False
0.01,0.0001,20,sol_c4a73e53e5622693,ev_350d59b90170,hm_a00ad2a2c52a,0.4545454680919647,False
0.05,0.0001,100,sol_2299389204fe5a26,ev_3520d24b7896,hm_a00ad2a2c52a,0.6981255412101746,False
0.01,0.0001,100,sol_e25f6c65defb3dda,ev_3551e1f32195,hm_a00ad2a2c52a,0.7349417805671692,False
0.02,0.0003,20,sol_5f004da5180bb376,ev_357a283e6716,hm_a0f8ed47a107,0.4545454680919647,False
0.2,0.0001,400,sol_57a63f3c6f48f9a2,ev_358106ea56a4,hm_a00ad2a2c52a,0.4545454680919647,False
0.01,0.0003,10,sol_d03619e222efed91,ev_35cbd26298fa,hm_a0f8ed47a107,0.4545454680919647,False
0.05,0.0003,1000,sol_3ee652115e2ec873,ev_362dac2aaaad,hm_a0f8ed47a107,10.753278732299805,False
0.2,0.0003,100,sol_b464bb6ec0b84c3b,ev_36ac9afa2001,hm_a0f8ed47a107,0.4545454680919647,False
0.01,0.0001,400,sol_034a5a74434759f8,ev_36b66846b97b,hm_a00ad2a2c52a,1.1922519207000732,False
0.1,0.0003,700,sol_34c7efa1da99175a,ev_36c124042418,hm_a0f8ed47a107,1.4998997449874878,False
0.2,0.0003,1000,sol_7c1dcb1f6c65253f,ev_36c7c1029f77,hm_a0f8ed47a107,0.5998051166534424,False
0.01,0.0001,100,sol_bd301d2a7f0bc7a3,ev_36ce48ca1d7e,hm_a00ad2a2c52a,0.8731641173362732,False
0.01,0.0001,700,sol_44c79f6f7cfd20eb,ev_36d79d1a443b,hm_a00ad2a2c52a,37.029014587402344,False
0.05,0.0003,20,sol_5b6854f61a508b5e,ev_372edbe524bf,hm_a0f8ed47a107,0.4545454680919647,False
0.2,0.0003,400,sol_5896493b08226b1f,ev_37397f600f23,hm_a0f8ed47a107,0.5996233224868774,False
0.02,0.0003,200,sol_a097b110975c01fe,ev_374f8165c031,hm_a0f8ed47a107,1.1419243812561035,False
0.01,0.0001,50,sol_02b879802564b40a,ev_379813f6a1bb,hm_a00ad2a2c52a,0.9127066135406494,False
0.2,0.0003,700,sol_c17a22e7b3bef1da,ev_37d097271a80,hm_a0f8ed47a107,0.7607746124267578,False
0.02,0.0001,1000,sol_c52bfe6269d145e0,ev_37d986e5ef9d,hm_a00ad2a2c52a,1.662821650505066,False
0.01,0.0001,10,sol_400aad016b3c636b,ev_37fb6371b700,hm_a00ad2a2c52a,0.4545454680919647,False
0.05,0.0003,1000,sol_2e08bbc70f775368,ev_3817b83950ab,hm_a0f8ed47a107,2.514554977416992,False
0.01,0.0003,20,sol_80e405bde7915da6,ev_381a90db343e,hm_a0f8ed47a107,0.6000000238418579,False
0.02,0.0001,400,sol_aaae419801ac1033,ev_381d4a476961,hm_a00ad2a2c52a,1.1922720670700073,False
0.02,0.0003,50,sol_6776477d4fe71872,ev_3827a00d45d1,hm_a0f8ed47a107,0.7349309921264648,False
0.02,0.0001,1000,sol_3ec33f9cf018ddc4,ev_383e3e35ac75,hm_a00ad2a2c52a,8.308757781982422,False
0.1,0.0001,700,sol_8977620741763f15,ev_3854d7cf9633,hm_a00ad2a2c52a,1.0218788385391235,False
0.1,0.0001,200,sol_dde046ef17dec77e,ev_387d2d353b6a,hm_a00ad2a2c52a,0.5669739246368408,False
0.02,0.0003,200,sol_da09677285b8d018,ev_3883cc5d8956,hm_a0f8ed47a107,1.1156113147735596,False
0.05,0.0001,1000,sol_fad40b266b943963,ev_3899208b37ce,hm_a00ad2a2c52a,1.1921724081039429,False
0.01,0.0003,200,sol_9b909f77b2392be9,ev_38a17abc542a,hm_a0f8ed47a107,926.721435546875,True
0.05,0.0001,50,sol_0d713465c3c83f76,ev_38da41a9d4f6,hm_a00ad2a2c52a,0.4545454680919647,False
0.05,0.0003,200,sol_60100b4566bd9d3e,ev_38e65badcc39,hm_a0f8ed47a107,0.6289782524108887,False
0.05,0.0001,20,sol_b3388fbf7bd549ef,ev_38edb2414d3a,hm_a00ad2a2c52a,0.4545454680919647,False
0.01,0.0003,200,sol_c3d255913db3286e,ev_396aff13987c,hm_a0f8ed47a107,54.408164978027344,True
0.2,0.0001,50,sol_b7dfc82352649320,ev_3987f36dafef,hm_a00ad2a2c52a,0.4545454680919647,False
0.01,0.0001,20,sol_b6dc19b798b54902,ev_39f92bc739a9,hm_a00ad2a2c52a,0.4545454680919647,False
0.2,0.0003,400,sol_e6038a8958aa1671,ev_39ffeaca3bbd,hm_a0f8ed47a107,0.5997080206871033,False
0.1,0.0003,700,sol_1ca285f5cd79d05b,ev_3a0f99cc4448,hm_a0f8ed47a107,0.8552980422973633,False
0.05,0.0003,50,sol_a3fe279d76079d1a,ev_3a18689414b4,hm_a0f8ed47a107,0.4545454680919647,False
0.02,0.0003,100,sol_76abf1188840f447,ev_3a3637b38f25,hm_a0f8ed47a107,0.7645221948623657,False
0.05,0.0001,200,sol_c3497e9ef839b0e2,ev_3a7dcbf21e3c,hm_a00ad2a2c52a,0.5669738054275513,False
0.1,0.0001,700,sol_dff78bded59b7091,ev_3a990056fd27,hm_a00ad2a2c52a,0.8478176593780518,False
0.01,0.0003,400,sol_7d937aafa255b6ba,ev_3aab96d19680,hm_a0f8ed47a107,5356.18408203125,True
0.2,0.0001,1000,sol_11531b259752eccf,ev_3abcd83bfaa1,hm_a00ad2a2c52a,0.5996018052101135,False
0.05,0.0003,1000,sol_933a55dd513704ac,ev_3ad02ccb78e6,hm_a0f8ed47a107,4.871809005737305,False
0.01,0.0003,700,sol_19af5b0f540622aa,ev_3ae28587c7d3,hm_a0f8ed47a107,777.4080810546875,True
0.01,0.0001,100,sol_9976ddc276ddf654,ev_3b2c6bec7837,hm_a00ad2a2c52a,0.6983930468559265,False
0.05,0.0001,200,sol_2d9204e701e69a53,ev_3b4ff490550d,hm_a00ad2a2c52a,0.5669742822647095,False
0.02,0.0001,200,sol_fdf836d506986acb,ev_3bb2bd697f34,hm_a00ad2a2c52a,0.5997047424316406,False
0.2,0.0001,50,sol_98adde42db6cbedb,ev_3bd70f4c7824,hm_a00ad2a2c52a,0.4545454680919647,False
0.1,0.0001,700,sol_a8c1e7a1cf98a6e2,ev_3c2d6601044b,hm_a00ad2a2c52a,0.5996357202529907,False
0.05,0.0003,1000,sol_853b6b0608fee2b9,ev_3c5c96f862d4,hm_a0f8ed47a107,1.9872686862945557,False
0.05,0.0003,10,sol_2fc5b1838800301e,ev_3ca23a301689,hm_a0f8ed47a107,0.4545454680919647,False
0.1,0.0001,20,sol_70105444aee8f101,ev_3ccae33127b4,hm_a00ad2a2c52a,0.4545454680919647,False
0.1,0.0001,400,sol_888992d0676b6749,ev_3cf0251f360b,hm_a00ad2a2c52a,0.5669738054275513,False
0.05,0.0001,200,sol_97167f9e36044962,ev_3dc9da30133b,hm_a00ad2a2c52a,0.5669742822647095,False
0.01,0.0001,400,sol_061a4fef9cdd8770,ev_3dd0caa895cb,hm_a00ad2a2c52a,37.83858108520508,False
0.1,0.0001,50,sol_a4ddab356be98ef3,ev_3dea1ad0b8ff,hm_a00ad2a2c52a,0.5670135021209717,False
0.2,0.0001,400,sol_59d444dc2d6a015a,ev_3df2801980f3,hm_a00ad2a2c52a,0.4545454680919647,False
0.2,0.0003,700,sol_b70d60f2ed6b068f,ev_3df2c0123653,hm_a0f8ed47a107,0.7289786338806152,False
0.1,0.0003,10,sol_27b6ac719d1a7bfd,ev_3e1b08dcd962,hm_a0f8ed47a107,0.4545454680919647,False
0.2,0.0001,100,sol_efb63b180efba1ea,ev_3e282e5f627a,hm_a00ad2a2c52a,0.4545454680919647,False
0.2,0.0003,200,sol_8c41739004d25fa2,ev_3e3662dbf123,hm_a0f8ed47a107,0.4545454680919647,False
0.2,0.0003,10,sol_3adb59abe47cd440,ev_3e57e4f2ffc9,hm_a0f8ed47a107,0.4545454680919647,False
0.2,0.0003,50,sol_0948c88c82a3cad4,ev_3e991c3b7f36,hm_a0f8ed47a107,0.6000000238418579,False
0.1,0.0003,100,sol_bc7abcae3c0cd4d9,ev_3ec7119a2eaa,hm_a0f8ed47a107,0.4545454680919647,False
0.2,0.0001,200,sol_cb08864728c0ab5e,ev_3ef8a83391f2,hm_a00ad2a2c52a,0.4545454680919647,False
0.1,0.0003,100,sol_39730a5147ae4c3f,ev_3f1dbbd72c7c,hm_a0f8ed47a107,0.4545454680919647,False
0.05,0.0001,200,sol_6c20c8c14e40c064,ev_3f71a51fe3c4,hm_a00ad2a2c52a,1.1923503875732422,False
0.05,0.0003,20,sol_a58ab5cfaea9a0c8,ev_3f8d29e690eb,hm_a0f8ed47a107,0.4545454680919647,False
0.05,0.0003,200,sol_32954952b69ae968,ev_3fb153b11af5,hm_a0f8ed47a107,0.9783979058265686,False
0.02,0.0001,700,sol_77bc7046d9475bcb,ev_3fba8bcaa556,hm_a00ad2a2c52a,1.2009998559951782,False
0.05,0.0001,50,sol_4707c0a42b686360,ev_3fe3370f6f20,hm_a00ad2a2c52a,0.4545454680919647,False
0.01,0.0001,200,sol_586c7d10aed1a7d5,ev_3fec4444ac51,hm_a00ad2a2c52a,2.7575623989105225,False
0.2,0.0003,200,sol_1de0f4d00fdd84c8,ev_3ffb878e29b1,hm_a0f8ed47a107,0.4545454680919647,False
0.2,0.0003,700,sol_1941aa892a2fa46a,ev_403380e7f8b9,hm_a0f8ed47a107,0.5999040603637695,False
0.05,0.0001,50,sol_3702a6039025ffa3,ev_403d1046b0a6,hm_a00ad2a2c52a,0.4545454680919647,False
0.1,0.0003,700,sol_ca965c2b6d307e66,ev_4071ae182f89,hm_a0f8ed47a107,1.192052960395813,False
0.2,0.0003,20,sol_8ec06d8ba12f1e90,ev_40bd8f577c15,hm_a0f8ed47a107,0.4545454680919647,False
0.2,0.0001,700,sol_4a9bfa2a6ab01c51,ev_40e692586a55,hm_a00ad2a2c52a,0.4545454680919647,False
0.2,0.0001,50,sol_63e4855b184a18e4,ev_40f45fb59d84,hm_a00ad2a2c52a,0.4545454680919647,False
0.01,0.0003,200,sol_51858c5992bb88c5,ev_4112e72438ac,hm_a0f8ed47a107,80.69882202148438,True
0.1,0.0001,20,sol_9ffcf6a653e94fa2,ev_411dabf15f55,hm_a00ad2a2c52a,0.4545454680919647,False
0.01,0.0003,400,sol_bb59147ff48f6e40,ev_412ac6c45595,hm_a0f8ed47a107,3575.177001953125,True
0.02,0.0003,10,sol_ffc3939e3b8a00ad,ev_4184df5f7570,hm_a0f8ed47a107,0.4545454680919647,False
0.01,0.0003,20,sol_9ac146c10420fa4a,ev_41fcbe9fe939,hm_a0f8ed47a107,0.8973645567893982,False
0.1,0.0003,10,sol_b6b3da7858b28f7e,ev_41fffba139a5,hm_a0f8ed47a107,0.4545454680919647,False
0.05,0.0001,400,sol_65cf5eb54ec09525,ev_420525347b7a,hm_a00ad2a2c52a,0.5994887948036194,False
0.2,0.0001,200,sol_02980e584457137a,ev_4207c179b3ac,hm_a00ad2a2c52a,0.5669741034507751,False
0.01,0.0001,1000,sol_3b03cd4520469244,ev_4209bea8e24a,hm_a00ad2a2c52a,20.031145095825195,False
0.1,0.0003,10,sol_fd745f0f968e8312,ev_4238d0c24a6f,hm_a0f8ed47a107,0.4545454680919647,False
0.02,0.0001,700,sol_5c1c2f42b6084050,ev_426153877e5d,hm_a00ad2a2c52a,3.8788132667541504,False
0.01,0.0003,20,sol_845ad2718bbc24cf,ev_4294b74e95ac,hm_a0f8ed47a107,0.5670102834701538,False
0.02,0.0003,400,sol_4c9ee296294e18df,ev_42b7874c6ce4,hm_a0f8ed47a107,50.46317672729492,True
0.01,0.0003,10,sol_87a35a3e594bf2bb,ev_43029f033136,hm_a0f8ed47a107,0.5670102834701538,False
0.1,0.0001,200,sol_9fa20bb26da2af21,ev_430885d99ac2,hm_a00ad2a2c52a,0.9596496224403381,False
0.01,0.0003,100,sol_d8c771e58244a615,ev_43215ad77c68,hm_a0f8ed47a107,2.64131236076355,False
0.02,0.0003,200,sol_8ad59e8f95300232,ev_4384391b3650,hm_a0f8ed47a107,1.3728961944580078,False
0.02,0.0003,100,sol_c727a38b02997f50,ev_438931666c86,hm_a0f8ed47a107,0.8459119200706482,False
0.05,0.0001,400,sol_66f2a503e25e8056,ev_43a23f55e2d6,hm_a00ad2a2c52a,0.5994912385940552,False
0.01,0.0003,50,sol_279f6f325ac25152,ev_43ad6f8c0ba6,hm_a0f8ed47a107,0.9145520925521851,False
0.01,0.0003,400,sol_847bb4bf0d5b2b1c,ev_43bad7147d65,hm_a0f8ed47a107,49084.26953125,True
0.05,0.0003,1000,sol_017240c7e5af7d27,ev_43c542263d41,hm_a0f8ed47a107,8.286195755004883,False
0.2,0.0003,10,sol_a5ba0810150deeb0,ev_43ebb1822f87,hm_a0f8ed47a107,0.4545454680919647,False
0.2,0.0003,400,sol_2aacb0209bf2b634,ev_43f5dc436987,hm_a0f8ed47a107,0.5669675469398499,False
0.2,0.0003,20,sol_54495a5036af73d3,ev_4410d74cd860,hm_a0f8ed47a107,0.4545454680919647,False
0.05,0.0001,400,sol_8089f5960d9f439c,ev_4432e7488f4d,hm_a00ad2a2c52a,0.6713250875473022,False
0.1,0.0001,100,sol_592fd3773b579759,ev_444efd583a24,hm_a00ad2a2c52a,0.4545454680919647,False
0.2,0.0001,200,sol_b3da49fa53200ce6,ev_44c5773167e9,hm_a00ad2a2c52a,0.8260018825531006,False
0.1,0.0003,400,sol_cec9a3e40bdb5b14,ev_44c670b49e72,hm_a0f8ed47a107,0.5998890995979309,False
0.05,0.0001,50,sol_5ffc4d4be48d62bf,ev_44cb1f963214,hm_a00ad2a2c52a,0.4545454680919647,False
0.02,0.0001,10,sol_951360bc711aa7a0,ev_44ef7e47f27a,hm_a00ad2a2c52a,0.4545454680919647,False
0.1,0.0001,20,sol_aa1025aeb4a008bc,ev_44f757b35138,hm_a00ad2a2c52a,0.4545454680919647,False
0.1,0.0001,100,sol_7b25c2d1efd0e7d6,ev_451720557d23,hm_a00ad2a2c52a,0.4545454680919647,False
0.01,0.0003,1000,sol_05d6e19a6ecf03fa,ev_4530a5f0cbd9,hm_a0f8ed47a107,518.7620849609375,True
0.2,0.0001,700,sol_58770750ac9cedbe,ev_45c7e12603c9,hm_a00ad2a2c52a,0.5669548511505127,False
0.1,0.0003,200,sol_62c35577766cac7c,ev_45cd4732e9d2,hm_a0f8ed47a107,0.5669664144515991,False
0.05,0.0001,200,sol_85f5f6183c9cedd7,ev_45ec29391016,hm_a00ad2a2c52a,0.5669748187065125,False
0.02,0.0001,50,sol_0c62ffec21103c51,ev_460243ae78ff,hm_a00ad2a2c52a,0.4545454680919647,False
0.05,0.0003,50,sol_3bbb0e4d94f959d0,ev_466535633a85,hm_a0f8ed47a107,0.4545454680919647,False
0.1,0.0003,400,sol_1d1806dfc867aed3,ev_466eeb7fe1a7,hm_a0f8ed47a107,0.9519413113594055,False
0.2,0.0001,700,sol_b4c2b21e7581a0bc,ev_469d39330e11,hm_a00ad2a2c52a,0.5641465187072754,False
0.01,0.0003,100,sol_cde86d43301098e4,ev_46fe3b8ae5fd,hm_a0f8ed47a107,13.926877975463867,False
0.2,0.0003,1000,sol_69777527190360e2,ev_475f8259955c,hm_a0f8ed47a107,0.7605185508728027,False
0.02,0.0003,400,sol_b6db444e04bde51b,ev_478f84b13186,hm_a0f8ed47a107,3.2483303546905518,False
0.2,0.0003,50,sol_fba290102edb35d1,ev_47d9c42b104c,hm_a0f8ed47a107,0.4545454680919647,False
0.02,0.0003,100,sol_5a5ebec4e3fa3917,ev_47dcb3060dc9,hm_a0f8ed47a107,1.5756280422210693,False
0.2,0.0001,700,sol_ef5a48287fdc65ce,ev_47e762185c13,hm_a00ad2a2c52a,0.5642499923706055,False
0.1,0.0001,10,sol_e6f49982b3ee1ef1,ev_47e81e66548a,hm_a00ad2a2c52a,0.4545454680919647,False
0.01,0.0003,1000,sol_af060081fd6b0ce3,ev_47efe8f9b2e2,hm_a0f8ed47a107,544.4812622070312,True
0.02,0.0001,10,sol_ebf4a844d81bdf9b,ev_48093135ee2b,hm_a00ad2a2c52a,0.4545454680919647,False
0.05,0.0003,700,sol_7e449e0c7a71db64,ev_48516392cc00,hm_a0f8ed47a107,3.050565481185913,False
0.05,0.0003,20,sol_7f5b8c5f4cb065e0,ev_485603257daa,hm_a0f8ed47a107,0.4545454680919647,False
0.05,0.0001,400,sol_1b8056ff542f8827,ev_487d16b67f58,hm_a00ad2a2c52a,0.566962718963623,False
0.05,0.0001,700,sol_97ed2b335933c645,ev_48a76ac21f56,hm_a00ad2a2c52a,0.9737443327903748,False
0.2,0.0001,700,sol_68b69b6b7485f0e6,ev_48d8c5b46b99,hm_a00ad2a2c52a,0.564259946346283,False
0.1,0.0003,100,sol_2ef8376efd145c08,ev_490d7d9ef56e,hm_a0f8ed47a107,0.5999366044998169,False
0.05,0.0003,100,sol_edaf15015de59fdf,ev_4915c7406cdc,hm_a0f8ed47a107,0.5999308228492737,False
0.05,0.0001,10,sol_9729b2af5c9c468b,ev_4918086d8589,hm_a00ad2a2c52a,0.4545454680919647,False
0.05,0.0001,700,sol_c8e2dbb15f7df234,ev_4a20854fd22e,hm_a00ad2a2c52a,1.4348218441009521,False
0.02,0.0001,400,sol_a3d149d017884f8f,ev_4a3ee55a49e8,hm_a00ad2a2c52a,1.1922756433486938,False
0.2,0.0003,200,sol_8f18c39c72eddbf4,ev_4a4bb9068618,hm_a0f8ed47a107,0.5669743418693542,False
0.01,0.0001,50,sol_18afd61e8ebd5e26,ev_4ab8babcc495,hm_a00ad2a2c52a,0.5669786930084229,False
0.1,0.0003,700,sol_54a1892b2f928964,ev_4abd29b45fe9,hm_a0f8ed47a107,2.108682155609131,False
0.2,0.0003,20,sol_8ac548c666357e30,ev_4afbc80cf4cf,hm_a0f8ed47a107,0.4545454680919647,False
0.01,0.0003,50,sol_b144ae666f5d808f,ev_4b6657e9c82c,hm_a0f8ed47a107,0.8536698222160339,False
0.02,0.0003,400,sol_2163a96c8851160d,ev_4ba2a11060cd,hm_a0f8ed47a107,3.616692066192627,False
0.1,0.0001,400,sol_4f51cbc35aeaffca,ev_4bc654d1664e,hm_a00ad2a2c52a,0.5669738054275513,False
0.05,0.0003,50,sol_680a071fb2a7aee6,ev_4bc7de3e2663,hm_a0f8ed47a107,0.5669752955436707,False
0.1,0.0003,50,sol_c669ba9a9cfd1e09,ev_4bd40820d502,hm_a0f8ed47a107,0.4545454680919647,False
0.05,0.0003,400,sol_cd45df9de6755aa0,ev_4bdfb713951b,hm_a0f8ed47a107,1.1418217420578003,False
0.01,0.0001,200,sol_fe431e09124ef31e,ev_4c04038e6e1e,hm_a00ad2a2c52a,0.9737315773963928,False
0.05,0.0003,50,sol_076c09b089aed14f,ev_4c34c3d19824,hm_a0f8ed47a107,0.4545454680919647,False
0.02,0.0001,100,sol_bd4a2f46865ba26f,ev_4c47746cfa82,hm_a00ad2a2c52a,0.5669761896133423,False
0.02,0.0001,20,sol_59f7b158f83b6cbd,ev_4c8154019fd7,hm_a00ad2a2c52a,0.5670102834701538,False
0.02,0.0001,100,sol_50a90377f939b51d,ev_4c81c9027f0a,hm_a00ad2a2c52a,0.5998908877372742,False
0.05,0.0003,200,sol_91732bc5c8f80557,ev_4c9346abe32f,hm_a0f8ed47a107,0.9596583247184753,False
0.1,0.0003,10,sol_a578502ca31d535a,ev_4c9f20d0205f,hm_a0f8ed47a107,0.4545454680919647,False
0.1,0.0001,10,sol_49992a5164caf23d,ev_4ca10240ed9d,hm_a00ad2a2c52a,0.4545454680919647,False
0.05,0.0003,400,sol_96f82b5f1d6a92ad,ev_4cd44209f6e4,hm_a0f8ed47a107,1.2597135305404663,False
0.1,0.0001,200,sol_24d2aeac5c53d138,ev_4d271f97011b,hm_a00ad2a2c52a,0.4545454680919647,False
0.05,0.0003,10,sol_aa7787bd13a42c08,ev_4d65163fc7a2,hm_a0f8ed47a107,0.4545454680919647,False
0.2,0.0003,50,sol_2772cb0fb7925eff,ev_4d7f5a258efc,hm_a0f8ed47a107,0.4545454680919647,False
0.02,0.0001,200,sol_224873c36ddaad6f,ev_4d809a1628ae,hm_a00ad2a2c52a,1.3681755065917969,False
0.1,0.0003,1000,sol_272fd0b675689a43,ev_4dc3c5783213,hm_a0f8ed47a107,1.5844601392745972,False
0.05,0.0001,1000,sol_3fb34717dbc9998c,ev_4dc3fa32264a,hm_a00ad2a2c52a,1.6061944961547852,False
0.02,0.0003,20,sol_87c138de20b1253b,ev_4df6639c3654,hm_a0f8ed47a107,0.781209409236908,False
0.2,0.0001,700,sol_8d775d358ca6cb0b,ev_4e3ab329de75,hm_a00ad2a2c52a,0.5642353892326355,False
0.1,0.0001,1000,sol_34382af64d0dbb61,ev_4e3bc52cb996,hm_a00ad2a2c52a,0.7344035506248474,False
0.2,0.0003,200,sol_2082d510db4801ce,ev_4e419c1001b0,hm_a0f8ed47a107,0.5669754147529602,False
0.01,0.0001,200,sol_a119f0ee94261335,ev_4e5d86dab09d,hm_a00ad2a2c52a,0.9473754167556763,False
0.05,0.0003,10,sol_92217b1deeca71c9,ev_4ea8497f4cba,hm_a0f8ed47a107,0.4545454680919647,False
0.2,0.0003,50,sol_004f64bcb048dd65,ev_4ecc79308e4e,hm_a0f8ed47a107,0.4545454680919647,False
0.05,0.0001,10,sol_4c6982955cf447bf,ev_4f341ef0d38a,hm_a00ad2a2c52a,0.4545454680919647,False
0.02,0.0001,1000,sol_735b721f872f1ea9,ev_4f7f0149b7e4,hm_a00ad2a2c52a,2.5236284732818604,False
0.02,0.0001,1000,sol_6bcabc28fb22ce4a,ev_4f99f10284c7,hm_a00ad2a2c52a,1.87178635597229,False
0.05,0.0001,20,sol_b6e1da0a46ac1a8c,ev_4f9f83bb3ec7,hm_a00ad2a2c52a,0.4545454680919647,False
0.02,0.0001,1000,sol_8768aacc1f523960,ev_4fbb87b80e28,hm_a00ad2a2c52a,2.8635549545288086,False
0.05,0.0003,200,sol_675bdc424a4ef0dc,ev_4fc89581f3fd,hm_a0f8ed47a107,0.6289753317832947,False
0.2,0.0001,50,sol_9eed4922a2143d24,ev_503a18d4ecf2,hm_a00ad2a2c52a,0.4545454680919647,False
0.02,0.0001,20,sol_320a70a9d0fef8be,ev_505432390ff8,hm_a00ad2a2c52a,0.4545454680919647,False
0.05,0.0003,20,sol_e812ae1407fcd571,ev_5063513193c7,hm_a0f8ed47a107,0.4545454680919647,False
0.1,0.0001,100,sol_06794fe7d37dfb14,ev_5078f91c8a8f,hm_a00ad2a2c52a,0.4545454680919647,False
0.05,0.0001,50,sol_06d8a2ef7e9df1ff,ev_50866711c1a0,hm_a00ad2a2c52a,0.4545454680919647,False
0.1,0.0003,100,sol_501a286e0387c3ea,ev_50b435a37504,hm_a0f8ed47a107,0.4545454680919647,False
0.01,0.0001,100,sol_eef27f73de57df04,ev_50bba9425b6f,hm_a00ad2a2c52a,0.6290472149848938,False
0.01,0.0003,20,sol_d25f3d2ce2c6880b,ev_50cc63a2f266,hm_a0f8ed47a107,0.5670102834701538,False
0.1,0.0001,700,sol_b81bd73024ab92d2,ev_50fc9ff46618,hm_a00ad2a2c52a,0.8039575815200806,False
0.2,0.0003,200,sol_9e8687271379e16e,ev_5135b752f77a,hm_a0f8ed47a107,0.5669748783111572,False
0.2,0.0003,20,sol_0f5480c1f026b859,ev_5169eda2e500,hm_a0f8ed47a107,0.4545454680919647,False
0.02,0.0003,200,sol_92e61bea0d9a2272,ev_5196806b786e,hm_a0f8ed47a107,2.637779712677002,False
0.05,0.0003,50,sol_443b6e0a9b8dcb40,ev_519ab5f1df80,hm_a0f8ed47a107,0.4545454680919647,False
0.05,0.0001,400,sol_e8c11f838bce436d,ev_51a88039be65,hm_a00ad2a2c52a,0.9596620202064514,False
0.2,0.0001,20,sol_6889e5f5f766fdee,ev_51d19b7a9b17,hm_a00ad2a2c52a,0.4545454680919647,False
0.02,0.0003,400,sol_2cc9af6857364404,ev_520733822b51,hm_a0f8ed47a107,5.558847904205322,False
0.1,0.0001,10,sol_8926f5c43cc4782b,ev_5222803974e3,hm_a00ad2a2c52a,0.4545454680919647,False
0.05,0.0003,100,sol_b9b697d30281850b,ev_522fff58ac39,hm_a0f8ed47a107,1.5000072717666626,False
0.1,0.0003,400,sol_7991758f2d1e5087,ev_52952404a97b,hm_a0f8ed47a107,0.7608105540275574,False
0.1,0.0001,400,sol_7fba18948956f87f,ev_5297c92d5705,hm_a00ad2a2c52a,0.5669735670089722,False
0.2,0.0001,100,sol_5272cd0a9eef9ef8,ev_52dc8f08e66d,hm_a00ad2a2c52a,0.4545454680919647,False
0.01,0.0003,50,sol_018cd96549e77a40,ev_52ee7bd69b3f,hm_a0f8ed47a107,0.9923593997955322,False
0.01,0.0001,1000,sol_58fe5e1babf61e5c,ev_536a7a3bd055,hm_a00ad2a2c52a,1089.42578125,True
0.02,0.0003,700,sol_ab5ccf1ec45c3eb9,ev_536c6528b1d1,hm_a0f8ed47a107,261.05670166015625,True
0.01,0.0001,50,sol_0be56b6879817098,ev_53808544dc2a,hm_a00ad2a2c52a,0.5669801235198975,False
0.1,0.0001,1000,sol_7d0712eb6a0d12c0,ev_53a30423c3a9,hm_a00ad2a2c52a,0.8538303971290588,False
0.2,0.0003,400,sol_204162fc93274140,ev_53d6f201c2ee,hm_a0f8ed47a107,0.4545454680919647,False
0.1,0.0003,10,sol_74a13232a0c0b2a8,ev_53e365f0c9ba,hm_a0f8ed47a107,0.4545454680919647,False
0.05,0.0003,700,sol_2d40e6e084108cc1,ev_540c3385823e,hm_a0f8ed47a107,2.5959110260009766,False
0.2,0.0001,50,sol_1b134c8ff4de2241,ev_541af4cf8e9b,hm_a00ad2a2c52a,0.4545454680919647,False
0.05,0.0001,100,sol_6204ebaebd1b43d4,ev_541f980ef29f,hm_a00ad2a2c52a,0.5669748187065125,False
0.02,0.0003,200,sol_59f19ecceacc9b5c,ev_542b213a6cae,hm_a0f8ed47a107,2.5043318271636963,False
0.2,0.0003,10,sol_f92f939f4cf979b3,ev_54863933e7ec,hm_a0f8ed47a107,0.4545454680919647,False
0.1,0.0003,10,sol_7bd908640987871f,ev_54b15a4a4514,hm_a0f8ed47a107,0.4545454680919647,False
0.05,0.0001,20,sol_2f601e4ede9c2f5c,ev_54dcdd0f008d,hm_a00ad2a2c52a,0.4545454680919647,False
0.2,0.0003,400,sol_abfd227fa2a48ebd,ev_54efe0a5fa31,hm_a0f8ed47a107,1.2186717987060547,False
0.02,0.0001,700,sol_d535c2f13345d52c,ev_54f3f3ea50b0,hm_a00ad2a2c52a,2.7861297130584717,False
0.1,0.0003,1000,sol_4c1104426c9e5658,ev_5531c1d5ba59,hm_a0f8ed47a107,1.196303367614746,False
0.01,0.0003,400,sol_7c9008f237000775,ev_55783239e90e,hm_a0f8ed47a107,3410.0185546875,True
0.05,0.0003,10,sol_8a6334694912aa0a,ev_558cbbc8cff2,hm_a0f8ed47a107,0.4545454680919647,False
0.2,0.0001,50,sol_2b60665fbbcd365f,ev_5593e6553d45,hm_a00ad2a2c52a,0.4545454680919647,False
0.01,0.0003,1000,sol_cbd1374a0978cf5b,ev_55a1ecc9b629,hm_a0f8ed47a107,422.9878845214844,True
0.01,0.0001,100,sol_2a8405fe6c3f64de,ev_55df345f6534,hm_a00ad2a2c52a,0.9199719429016113,False
0.05,0.0001,1000,sol_88f2a88877f86604,ev_55ed299e6943,hm_a00ad2a2c52a,0.8740625977516174,False
0.1,0.0001,200,sol_be0951a302ab53e0,ev_560205bffe04,hm_a00ad2a2c52a,0.4545454680919647,False
0.1,0.0003,200,sol_7974cb181ccbd67b,ev_561e9971df7a,hm_a0f8ed47a107,1.1923482418060303,False
0.2,0.0001,10,sol_dcbb96967bdfba21,ev_564f41060024,hm_a00ad2a2c52a,0.4545454680919647,False
0.02,0.0003,20,sol_960ba3c799ae23b5,ev_5656a0f81cc7,hm_a0f8ed47a107,0.4545454680919647,False
0.05,0.0003,400,sol_da2f828f678963ff,ev_565e2defa039,hm_a0f8ed47a107,1.6642314195632935,False
0.2,0.0003,200,sol_db1a84134e20c6ef,ev_5667179e6389,hm_a0f8ed47a107,0.5669743418693542,False
0.1,0.0003,10,sol_8d0ef3c1dc78bdd3,ev_5675390d9cc1,hm_a0f8ed47a107,0.4545454680919647,False
0.1,0.0001,20,sol_0e15a57dba0446b1,ev_567dbd43e9a6,hm_a00ad2a2c52a,0.4545454680919647,False
0.02,0.0001,1000,sol_e54a3980461d89cc,ev_56b5e50c4992,hm_a00ad2a2c52a,11.231513977050781,False
0.2,0.0001,20,sol_e005c81947638b3d,ev_56db162ccf8a,hm_a00ad2a2c52a,0.4545454680919647,False
0.2,0.0003,200,sol_abfa8142eba11dbd,ev_56e5a1aafac0,hm_a0f8ed47a107,0.9253440499305725,False
0.02,0.0003,50,sol_ac604414924bdb4e,ev_56e6011fbf81,hm_a0f8ed47a107,0.5670005679130554,False
0.05,0.0001,400,sol_b8019360572c68a0,ev_571d77c1207c,hm_a00ad2a2c52a,0.6979631185531616,False
0.2,0.0003,10,sol_dc22400009463c24,ev_57389597d06e,hm_a0f8ed47a107,0.4545454680919647,False
0.1,0.0001,1000,sol_b00b0727c83c6ef3,ev_574d4e8f341e,hm_a00ad2a2c52a,0.599466860294342,False
0.2,0.0003,100,sol_85243b68956dc453,ev_576fd80d445f,hm_a0f8ed47a107,0.9595158696174622,False
0.05,0.0001,100,sol_f1a94ae64dd5cc61,ev_57ddb6f6fd58,hm_a00ad2a2c52a,0.4545454680919647,False
0.05,0.0003,20,sol_8fbc667ed140f5e6,ev_57edb39f239b,hm_a0f8ed47a107,0.4545454680919647,False
0.05,0.0003,200,sol_5d9063c6bf03635b,ev_58075625c286,hm_a0f8ed47a107,0.5998743772506714,False
0.02,0.0001,100,sol_27373492cc2780fe,ev_5817cdf7b639,hm_a00ad2a2c52a,0.5999353528022766,False
0.1,0.0003,10,sol_81b2b2727df0dbc6,ev_5827f7eecce9,hm_a0f8ed47a107,0.4545454680919647,False
0.1,0.0003,400,sol_83458ecf8e39c1e3,ev_58328b91ddcf,hm_a0f8ed47a107,0.5998868942260742,False
0.01,0.0001,100,sol_380b7108bbc8250b,ev_58440894e12c,hm_a00ad2a2c52a,1.4999991655349731,False
0.2,0.0001,10,sol_4e707833d2d276bd,ev_588006fc3b3b,hm_a00ad2a2c52a,0.4545454680919647,False
0.2,0.0001,1000,sol_e0145ca8b9d55956,ev_588c8a9fec91,hm_a00ad2a2c52a,0.5641236901283264,False
0.02,0.0003,100,sol_a07ca711131d4ad2,ev_589fda33b72d,hm_a0f8ed47a107,0.7821477651596069,False
0.01,0.0001,1000,sol_7375eb23259ea549,ev_58c4d80dd706,hm_a00ad2a2c52a,285.8758850097656,True
0.1,0.0001,1000,sol_ef341b39b5acc6ee,ev_58fd61ff9135,hm_a00ad2a2c52a,0.966394305229187,False
0.2,0.0001,400,sol_5ebe76a816c8a45f,ev_591b8b9b4b66,hm_a00ad2a2c52a,0.566973865032196,False
0.02,0.0001,700,sol_c3c4987bdb3167c6,ev_598e70ba9f01,hm_a00ad2a2c52a,1.4997093677520752,False
0.1,0.0003,50,sol_5bf77932a4feb821,ev_599329160ba9,hm_a0f8ed47a107,0.4545454680919647,False
0.05,0.0003,20,sol_aeb0eaf697c036fc,ev_59f46dff1c11,hm_a0f8ed47a107,0.5670102834701538,False
0.05,0.0003,50,sol_67b5b8adaa997e7f,ev_59fae65978c0,hm_a0f8ed47a107,0.4545454680919647,False
0.01,0.0001,20,sol_40732541ab24c97b,ev_59fd93afee41,hm_a00ad2a2c52a,0.6291883587837219,False
0.02,0.0001,20,sol_476db3e5c186d4be,ev_5a189fa28c36,hm_a00ad2a2c52a,0.4545454680919647,False
0.2,0.0003,200,sol_a852184ab4c0b3c5,ev_5a9e0ca5e975,hm_a0f8ed47a107,0.5669738054275513,False
0.01,0.0001,1000,sol_2e0faa11a92c5238,ev_5ad1ef108769,hm_a00ad2a2c52a,11.043686866760254,False
0.2,0.0003,10,sol_687f13cb14973790,ev_5ade6ada17cc,hm_a0f8ed47a107,0.4545454680919647,False
0.05,0.0003,700,sol_447a34cc8700217c,ev_5ae9c242b471,hm_a0f8ed47a107,3.1772494316101074,False
0.01,0.0001,200,sol_2975b44648f4b351,ev_5b14a5ccbb8f,hm_a00ad2a2c52a,1.0142138004302979,False
0.05,0.0001,1000,sol_95341ed1d0cff0a1,ev_5b2bab10329b,hm_a00ad2a2c52a,0.8649824857711792,False
0.02,0.0003,700,sol_317b6902c007de86,ev_5b57f1980977,hm_a0f8ed47a107,34.321224212646484,False
0.02,0.0001,400,sol_04fa6bf8e068e575,ev_5bfdf0478719,hm_a00ad2a2c52a,0.7429096102714539,False
0.02,0.0001,1000,sol_d59018bc74b41a20,ev_5c086798057e,hm_a00ad2a2c52a,1.499184489250183,False
0.05,0.0001,10,sol_0de1cb7e39e4710c,ev_5c9d1f659209,hm_a00ad2a2c52a,0.4545454680919647,False
0.1,0.0003,50,sol_6644c018645f2d55,ev_5cafcf290df8,hm_a0f8ed47a107,0.5999974012374878,False
0.01,0.0001,10,sol_babdb694b754dfb2,ev_5cc4ae0ba330,hm_a00ad2a2c52a,0.4545454680919647,False
0.02,0.0003,100,sol_4bccae7a7e4e9528,ev_5cea4c2a466e,hm_a0f8ed47a107,1.2075055837631226,False
0.02,0.0003,10,sol_53f0760b2afd4a9b,ev_5d2047f9759d,hm_a0f8ed47a107,0.4545454680919647,False
0.02,0.0001,10,sol_e9a439333bf25f47,ev_5d4aa5470b3c,hm_a00ad2a2c52a,0.4545454680919647,False
0.1,0.0001,20,sol_927a0bb1a4c9c228,ev_5d8b868bad2a,hm_a00ad2a2c52a,0.4545454680919647,False
0.01,0.0001,1000,sol_3595e3884bad1691,ev_5da71f238c6a,hm_a00ad2a2c52a,11.445087432861328,False
0.01,0.0001,10,sol_61a3fe56827a9cb6,ev_5dae39713ded,hm_a00ad2a2c52a,0.4545454680919647,False
0.02,0.0001,20,sol_5b88f0ca338ca0c1,ev_5df3dc48054b,hm_a00ad2a2c52a,0.4545454680919647,False
0.01,0.0003,50,sol_92b72df8a8b43da1,ev_5dff8ec1d70f,hm_a0f8ed47a107,0.918668806552887,False
0.01,0.0003,100,sol_c3b8584075e782a1,ev_5e1424bd64ec,hm_a0f8ed47a107,9.690683364868164,False
0.05,0.0003,20,sol_d5ec7081516d6996,ev_5e2b7388d9a6,hm_a0f8ed47a107,0.4545454680919647,False
0.01,0.0003,20,sol_d9e8c6bb524f85bd,ev_5e34945b189a,hm_a0f8ed47a107,0.6000000238418579,False
0.01,0.0003,20,sol_aa26009df0faa7b0,ev_5e3c30caf5c3,hm_a0f8ed47a107,0.5670102834701538,False
0.01,0.0003,20,sol_bf50366d0cc6eb81,ev_5e82622371dd,hm_a0f8ed47a107,1.0577831268310547,False
0.05,0.0003,400,sol_31c5c604204c4be1,ev_5ebfff504e50,hm_a0f8ed47a107,1.3918496370315552,False
0.1,0.0001,50,sol_3b10ac49c032d523,ev_5ecce68377b8,hm_a00ad2a2c52a,0.4545454680919647,False
0.02,0.0001,10,sol_154065fb534e3efd,ev_5ed693240532,hm_a00ad2a2c52a,0.4545454680919647,False
0.01,0.0001,1000,sol_a3044424aaa88639,ev_5eed90815b3e,hm_a00ad2a2c52a,58.673004150390625,True
0.01,0.0003,700,sol_b7cbcfeff1105df0,ev_5eee27402852,hm_a0f8ed47a107,895.2860717773438,True
0.02,0.0001,20,sol_65f8ab67b516e36b,ev_5f048d1fa90b,hm_a00ad2a2c52a,0.4545454680919647,False
0.02,0.0001,200,sol_095ffecf3768c690,ev_5f94cfeb768f,hm_a00ad2a2c52a,0.5670005083084106,False
0.2,0.0003,1000,sol_7b9d3cc3d0e6807a,ev_5fa8ac93cb81,hm_a0f8ed47a107,1.3915616273880005,False
0.02,0.0001,700,sol_8d6db76df014e2a4,ev_6008dad6a6f8,hm_a00ad2a2c52a,1.4999350309371948,False
0.01,0.0003,100,sol_f98671bbd7007a19,ev_6017d5a1bf74,hm_a0f8ed47a107,6.238189697265625,False
0.1,0.0001,400,sol_5319fd58fd1c84a7,ev_6033e3ebeed0,hm_a00ad2a2c52a,0.6000000238418579,False
0.02,0.0003,700,sol_bfd5314442c9788c,ev_60499a35b545,hm_a0f8ed47a107,171.7196807861328,True
0.05,0.0003,700,sol_33926d0b921e4e1d,ev_604adab8ef8f,hm_a0f8ed47a107,1.9809731245040894,False
0.1,0.0001,700,sol_488ae349b623cf9e,ev_60ad08cee6d1,hm_a00ad2a2c52a,0.5669603943824768,False
0.05,0.0003,700,sol_cdaf378e663702a3,ev_60c3c60bd82e,hm_a0f8ed47a107,3.0176033973693848,False
0.1,0.0001,10,sol_32fdd58e4da7a630,ev_61127d249a74,hm_a00ad2a2c52a,0.4545454680919647,False
0.05,0.0001,700,sol_96ec61843b402cbf,ev_6113bdc5e39b,hm_a00ad2a2c52a,0.6414773464202881,False
0.1,0.0003,700,sol_bf8ad56be5436130,ev_6119f33310dd,hm_a0f8ed47a107,1.3972368240356445,False
0.1,0.0003,400,sol_0bd8ae476cee6e51,ev_6150f827a38a,hm_a0f8ed47a107,0.7607906460762024,False
0.1,0.0003,200,sol_17d7df180db2cd1e,ev_6167cc519797,hm_a0f8ed47a107,0.5669686198234558,False
0.02,0.0001,20,sol_b9368a0b78f344a4,ev_61f78f81d644,hm_a00ad2a2c52a,0.4545454680919647,False
0.05,0.0003,700,sol_a15a98a5cbb8ca10,ev_62254e858e14,hm_a0f8ed47a107,5.096210956573486,False
0.01,0.0003,100,sol_d03c1f33779fca53,ev_626033d53945,hm_a0f8ed47a107,14.679296493530273,False
0.02,0.0003,100,sol_ad306474c6d9256e,ev_6261eb6d8ce9,hm_a0f8ed47a107,0.8338423371315002,False
0.1,0.0001,100,sol_13d8368b3a5ce4fc,ev_62b79ab572ae,hm_a00ad2a2c52a,0.4545454680919647,False
0.02,0.0001,400,sol_6f9265c425a8a7b8,ev_62d8937abe77,hm_a00ad2a2c52a,1.1065200567245483,False
0.02,0.0003,200,sol_f39e60000d9b0d54,ev_63117bd93833,hm_a0f8ed47a107,2.2926788330078125,False
0.1,0.0001,50,sol_00ba8b89a0009b7b,ev_6329d4e15e4e,hm_a00ad2a2c52a,0.4545454680919647,False
0.05,0.0001,10,sol_9b321af75cb9d01a,ev_63a215db7a52,hm_a00ad2a2c52a,0.4545454680919647,False
0.02,0.0001,10,sol_6090e278b850e5af,ev_63f3620203ee,hm_a00ad2a2c52a,0.4545454680919647,False
0.05,0.0001,20,sol_1494c28fd16c4e40,ev_644d548535b8,hm_a00ad2a2c52a,0.4545454680919647,False
0.1,0.0003,20,sol_26829a6f79d292b2,ev_646784d189f9,hm_a0f8ed47a107,0.4545454680919647,False
0.02,0.0003,200,sol_35df2bcf6a9b2d63,ev_64df353e829f,hm_a0f8ed47a107,1.5030121803283691,False
0.01,0.0001,400,sol_e0cf7c57b3821a9a,ev_64eb84520290,hm_a00ad2a2c52a,3.721339464187622,False
0.2,0.0001,200,sol_7f60afade2ce2257,ev_650e35069cb3,hm_a00ad2a2c52a,0.4545454680919647,False
0.1,0.0003,700,sol_f511379587ce372d,ev_656687744c72,hm_a0f8ed47a107,0.8048784136772156,False
0.01,0.0001,20,sol_431b63e1b87c09c4,ev_65b3a7aaff41,hm_a00ad2a2c52a,0.4545454680919647,False
0.02,0.0001,50,sol_4d7fee4fb24d71aa,ev_65c8c9fbc347,hm_a00ad2a2c52a,0.566977322101593,False
0.02,0.0001,20,sol_393eb9751235658c,ev_65f6e4eaf914,hm_a00ad2a2c52a,0.4545454680919647,False
0.02,0.0001,400,sol_eff310c1bd184d48,ev_65f8e36ef4b3,hm_a00ad2a2c52a,1.499961256980896,False
0.05,0.0003,20,sol_0e8908764d0a4dba,ev_663f0df6a0b8,hm_a0f8ed47a107,0.4545454680919647,False
0.02,0.0003,10,sol_00326afc9c18f2f0,ev_66499a433300,hm_a0f8ed47a107,0.4545454680919647,False
0.01,0.0001,1000,sol_7e89dc6799e55c8e,ev_6660064769e4,hm_a00ad2a2c52a,167.51556396484375,True
0.2,0.0003,1000,sol_c9dd0ee9073b3c0b,ev_667e24d868e1,hm_a0f8ed47a107,1.221315622329712,False
0.05,0.0003,200,sol_7d01579dbe762083,ev_66a26bfd9cc3,hm_a0f8ed47a107,0.918509840965271,False
0.1,0.0001,700,sol_b783f2191381e057,ev_66a719c71159,hm_a00ad2a2c52a,1.5000019073486328,False
0.05,0.0001,1000,sol_fd605fd66a04c2db,ev_66a7fb3c9184,hm_a00ad2a2c52a,1.0931110382080078,False
0.02,0.0001,20,sol_327125381328f17a,ev_66b59b5d0b13,hm_a00ad2a2c52a,0.4545454680919647,False
0.02,0.0003,100,sol_7e1d54feba96600b,ev_66ebed69186d,hm_a0f8ed47a107,0.81268709897995,False
0.05,0.0003,700,sol_ed33cf8eeb365eba,ev_6702ee7b2439,hm_a0f8ed47a107,1.9792426824569702,False
0.01,0.0001,400,sol_a4a6a4fe9ae931d9,ev_67514503f258,hm_a00ad2a2c52a,1.4114269018173218,False
0.1,0.0001,200,sol_954055fd55bf2039,ev_6772779e8a0c,hm_a00ad2a2c52a,0.5996754765510559,False
0.05,0.0001,400,sol_6a46cf7e125b5c9e,ev_6776183600ec,hm_a00ad2a2c52a,0.566970944404602,False
0.05,0.0001,1000,sol_de08e2c4a553d5e5,ev_67ed0ecec5d5,hm_a00ad2a2c52a,0.9890623092651367,False
0.2,0.0003,700,sol_00ca1e65c2d9ba2d,ev_67f59de8f93e,hm_a0f8ed47a107,0.7955443263053894,False
0.05,0.0001,700,sol_48c0bbc947278405,ev_681f33a0a7f3,hm_a00ad2a2c52a,0.9595206379890442,False
0.1,0.0003,20,sol_a5f3cb5218fcda19,ev_683d6cb6f6af,hm_a0f8ed47a107,0.4545454680919647,False
0.2,0.0001,200,sol_065e4f7c4efa98c7,ev_6876a256215f,hm_a00ad2a2c52a,0.4545454680919647,False
0.1,0.0003,400,sol_1244b9690f998c4d,ev_687db82080cf,hm_a0f8ed47a107,2.0448780059814453,False
0.05,0.0001,700,sol_b45cdd0d0e52d9e4,ev_68d26eb370fd,hm_a00ad2a2c52a,1.0612001419067383,False
0.01,0.0001,400,sol_a46d4afe53c24715,ev_68d970401702,hm_a00ad2a2c52a,1.6879310607910156,False
0.05,0.0003,200,sol_e5330a3abf9b69eb,ev_691971b2cf2c,hm_a0f8ed47a107,0.6979860067367554,False
0.2,0.0003,1000,sol_ec4f57e435679866,ev_694f7365fafa,hm_a0f8ed47a107,0.8711328506469727,False
0.05,0.0003,20,sol_5211bdcea01c6ef5,ev_6952626c4cb0,hm_a0f8ed47a107,0.4545454680919647,False
0.2,0.0001,20,sol_f3caa11fdbc5ec8e,ev_6953dfa2aa9b,hm_a00ad2a2c52a,0.4545454680919647,False
0.02,0.0001,100,sol_2b3d53abfe82e3a5,ev_695d903c23ae,hm_a00ad2a2c52a,0.5669761300086975,False
0.02,0.0003,400,sol_40116d34b919fc92,ev_69a5d4c60767,hm_a0f8ed47a107,22.664691925048828,False
0.2,0.0003,1000,sol_777cea1831906604,ev_69b0349ab7b2,hm_a0f8ed47a107,1.052424430847168,False
0.1,0.0001,400,sol_1145b4295fe598f2,ev_6a0df0b541ad,hm_a00ad2a2c52a,0.5669738054275513,False
0.01,0.0001,1000,sol_9d38e18d8fb90349,ev_6a25d5745c59,hm_a00ad2a2c52a,24.54842758178711,False
0.01,0.0001,20,sol_c4c54629cd8b0a87,ev_6a456ba769eb,hm_a00ad2a2c52a,0.4545454680919647,False
0.1,0.0001,10,sol_5c7d853881eeb6dc,ev_6aa00df04c77,hm_a00ad2a2c52a,0.4545454680919647,False
0.1,0.0001,700,sol_365004427d17eab3,ev_6ab0020b23e8,hm_a00ad2a2c52a,1.4999717473983765,False
0.2,0.0003,10,sol_0e791a5c4ba9edaa,ev_6ae7a629756f,hm_a0f8ed47a107,0.4545454680919647,False
0.02,0.0001,10,sol_c72b095f4270584d,ev_6aeb21c472c0,hm_a00ad2a2c52a,0.4545454680919647,False
0.02,0.0003,20,sol_78e5fb5c36736245,ev_6b16119dd998,hm_a0f8ed47a107,0.4545454680919647,False
0.1,0.0003,200,sol_91fc886374a7288f,ev_6b28419bde21,hm_a0f8ed47a107,1.1452854871749878,False
0.2,0.0001,400,sol_738eb0ced0dea1d8,ev_6b4ab2037287,hm_a00ad2a2c52a,0.4545454680919647,False
0.02,0.0003,10,sol_660bb8d38e877abe,ev_6b59acbf4d4d,hm_a0f8ed47a107,0.4545454680919647,False
0.02,0.0003,400,sol_1b21853cadd4096d,ev_6b70963d83d1,hm_a0f8ed47a107,30.354961395263672,False
0.1,0.0003,200,sol_761ca668c49ff03d,ev_6b95e462949b,hm_a0f8ed47a107,0.5669738054275513,False
0.1,0.0003,100,sol_a3dfddd8832bb0d1,ev_6bc7e37c74c3,hm_a0f8ed47a107,0.4545454680919647,False
0.02,0.0001,200,sol_7f39c5f92f9ed6bd,ev_6bfe016fc8f1,hm_a00ad2a2c52a,0.734349250793457,False
0.1,0.0001,200,sol_0890cd8b82e4a845,ev_6c4959b5f162,hm_a00ad2a2c52a,0.4545454680919647,False
0.1,0.0003,400,sol_fbfbbbcb7a064baa,ev_6c74a79db822,hm_a0f8ed47a107,0.5997581481933594,False
0.1,0.0001,100,sol_b27b40ad1161cd27,ev_6c91cdf5a439,hm_a00ad2a2c52a,0.4545454680919647,False
0.2,0.0003,700,sol_d12ce54e52a0e31d,ev_6c91f7e8006c,hm_a0f8ed47a107,0.6288909316062927,False
0.01,0.0001,1000,sol_a1913eff4337404a,ev_6cb67c95f3d1,hm_a00ad2a2c52a,51.95509338378906,True
0.2,0.0003,400,sol_ffda5edddeb8d0c9,ev_6cc024e88fd4,hm_a0f8ed47a107,0.5669740438461304,False
0.2,0.0003,50,sol_52c1750f5a80c8fa,ev_6cfa66f06796,hm_a0f8ed47a107,0.4545454680919647,False
0.01,0.0003,50,sol_6b2e5f9e60db48a1,ev_6d9e4ff467ba,hm_a0f8ed47a107,0.7448425889015198,False
0.01,0.0001,50,sol_0cc9e5429b524cab,ev_6e2d8bd67160,hm_a00ad2a2c52a,0.4545454680919647,False
0.02,0.0001,20,sol_552808d748194ec5,ev_6e30423ab313,hm_a00ad2a2c52a,0.4545454680919647,False
0.2,0.0001,700,sol_b1ffec642c42da4f,ev_6e31e965b8e3,hm_a00ad2a2c52a,0.5996047854423523,False
0.05,0.0003,50,sol_8d5bbe9f89951479,ev_6e8cc29d95ef,hm_a0f8ed47a107,0.4545454680919647,False
0.1,0.0003,1000,sol_871bf56babe45e1a,ev_6e94106caf17,hm_a0f8ed47a107,1.1181374788284302,False
0.2,0.0001,100,sol_4cbc7a5641586996,ev_6ea8c07e07cc,hm_a00ad2a2c52a,0.4545454680919647,False
0.1,0.0003,400,sol_65375bc25fe69488,ev_6f047bf20da6,hm_a0f8ed47a107,0.7607890367507935,False
0.1,0.0003,700,sol_66c71c9a4256799e,ev_6f6daf3bec0e,hm_a0f8ed47a107,1.1702088117599487,False
0.05,0.0001,100,sol_d4a8e6280a5d4d61,ev_6f789405b789,hm_a00ad2a2c52a,0.4545454680919647,False
0.1,0.0003,10,sol_11d3173afbe96081,ev_6fa1fcc4fd58,hm_a0f8ed47a107,0.4545454680919647,False
0.02,0.0001,1000,sol_257433fe22703f8a,ev_703713c6eb9d,hm_a00ad2a2c52a,3.665090322494507,False
0.1,0.0001,50,sol_91b3a1c8b3f7865b,ev_70437930caa5,hm_a00ad2a2c52a,0.4545454680919647,False
0.2,0.0003,10,sol_42df198f2cc2cae5,ev_705ac78854c5,hm_a0f8ed47a107,0.4545454680919647,False
0.01,0.0001,400,sol_583487ea6b462ce4,ev_706f2d31419c,hm_a00ad2a2c52a,1.7913442850112915,False
0.05,0.0001,700,sol_794dcbc5e6e1acf0,ev_709353a48830,hm_a00ad2a2c52a,0.5994695425033569,False
0.05,0.0003,50,sol_a3a38c4394d67f03,ev_709b12deeb97,hm_a0f8ed47a107,0.4545454680919647,False
0.2,0.0001,700,sol_814f6ce36975fb3b,ev_70b2bbd835de,hm_a00ad2a2c52a,0.4545454680919647,False
0.05,0.0003,20,sol_ad7f46c574ea6e9d,ev_7151425a7ac7,hm_a0f8ed47a107,0.4545454680919647,False
0.01,0.0001,200,sol_3419bba946221bca,ev_71cb67ccacf0,hm_a00ad2a2c52a,8.437885284423828,False
0.01,0.0003,100,sol_3cc28cfa24de2e69,ev_71e21b7a42b1,hm_a0f8ed47a107,2.2602686882019043,False
0.2,0.0003,200,sol_8dbd5476ddfed6c9,ev_720778d033d2,hm_a0f8ed47a107,0.6000000238418579,False
0.1,0.0001,400,sol_c8660f191677202a,ev_7237aa9bceb6,hm_a00ad2a2c52a,0.8392574787139893,False
0.1,0.0001,100,sol_88ba3e0cc8ff176a,ev_7251e7b803f6,hm_a00ad2a2c52a,0.4545454680919647,False
0.01,0.0001,1000,sol_5ce845cc9f7bb312,ev_72698d7f4e9e,hm_a00ad2a2c52a,98.23572540283203,True
0.01,0.0003,200,sol_4aa7565fbba90349,ev_728a166049f8,hm_a0f8ed47a107,101.85714721679688,True
0.1,0.0003,20,sol_09c2d84f9e3e848b,ev_72a72629264d,hm_a0f8ed47a107,0.4545454680919647,False
0.2,0.0003,200,sol_1c723919da5f452e,ev_72c1565c663e,hm_a0f8ed47a107,0.5669618248939514,False
0.1,0.0003,1000,sol_40a766d54e4c86de,ev_73490333cf05,hm_a0f8ed47a107,1.499180793762207,False
0.05,0.0003,50,sol_5211b603527dd195,ev_7367111b23ce,hm_a0f8ed47a107,1.1923075914382935,False
0.05,0.0003,700,sol_f9c3b1a41cdd0331,ev_738f4f306f32,hm_a0f8ed47a107,1.9543614387512207,False
0.2,0.0003,10,sol_b07440762569a2f6,ev_7446847db458,hm_a0f8ed47a107,0.4545454680919647,False
0.01,0.0003,10,sol_d8f3ec55f38af35f,ev_744b4a8824e8,hm_a0f8ed47a107,0.5670102834701538,False
0.05,0.0001,700,sol_43e3d513515097c1,ev_748fd8377801,hm_a00ad2a2c52a,1.435187578201294,False
0.1,0.0003,50,sol_97e5773cc0f89a60,ev_749d8e4e0e82,hm_a0f8ed47a107,0.4545454680919647,False
0.02,0.0001,200,sol_8ccff2ca1945697c,ev_74a6fc72858d,hm_a00ad2a2c52a,1.0148133039474487,False
0.1,0.0003,20,sol_589f0f85aed0871c,ev_74afa7d585df,hm_a0f8ed47a107,0.4545454680919647,False
0.2,0.0003,50,sol_661799b76b9c950a,ev_74b69dc7d877,hm_a0f8ed47a107,0.4545454680919647,False
0.02,0.0001,1000,sol_55d14a0071d99d94,ev_74c5d23acfb4,hm_a00ad2a2c52a,1.6243761777877808,False
0.01,0.0001,20,sol_ccf5750b7e864642,ev_74cc45a7b236,hm_a00ad2a2c52a,0.4545454680919647,False
0.1,0.0001,10,sol_fb4a7855054a0fc4,ev_7509b921a04e,hm_a00ad2a2c52a,0.4545454680919647,False
0.02,0.0003,700,sol_4ab581c95df09ce8,ev_7510216d0b78,hm_a0f8ed47a107,173.8275909423828,True
0.02,0.0001,50,sol_f7d15ef013ea5669,ev_752604cacc7a,hm_a00ad2a2c52a,0.566977858543396,False
0.2,0.0001,400,sol_de3d4d8dc7e27fcb,ev_7585ced5899d,hm_a00ad2a2c52a,0.5996867418289185,False
0.01,0.0003,10,sol_a3a33a5a0d8fff63,ev_75879c9c7df6,hm_a0f8ed47a107,0.4545454680919647,False
0.1,0.0003,400,sol_f0e72653efb8d20e,ev_75b158a9559d,hm_a0f8ed47a107,0.5669640302658081,False
0.02,0.0003,700,sol_88f1bd2050ee6580,ev_75b4bf587bba,hm_a0f8ed47a107,419.3147277832031,True
0.02,0.0001,700,sol_e39f1d36cef5526a,ev_75ccbb9a4fe0,hm_a00ad2a2c52a,1.642184853553772,False
0.02,0.0003,400,sol_15c6005bc89d51b7,ev_75f8f8e9070d,hm_a0f8ed47a107,26.306615829467773,False
0.1,0.0001,50,sol_20e3a22df5afa2c7,ev_75fdbc89dd44,hm_a00ad2a2c52a,0.4545454680919647,False
0.2,0.0001,1000,sol_9eb40282e0d9d206,ev_760ac90374d8,hm_a00ad2a2c52a,0.5994935631752014,False
0.05,0.0003,400,sol_28c923dbb8e5b0d3,ev_76180a585189,hm_a0f8ed47a107,2.2263195514678955,False
0.1,0.0001,10,sol_f862c6bb738cf8e2,ev_763039ab3de1,hm_a00ad2a2c52a,0.4545454680919647,False
0.02,0.0001,400,sol_b23c2a1cdee9aa99,ev_76373d5c98ab,hm_a00ad2a2c52a,0.7597743272781372,False
0.01,0.0003,200,sol_07b25c23026c0ab1,ev_7685e25e0a74,hm_a0f8ed47a107,36.23773956298828,False
0.2,0.0003,100,sol_e7be237e0029995b,ev_7771b816fa6f,hm_a0f8ed47a107,0.4545454680919647,False
0.1,0.0001,200,sol_25ab9fa57c7b7deb,ev_783bdad5e8ba,hm_a00ad2a2c52a,0.4545454680919647,False
0.05,0.0003,100,sol_13734524f32144a8,ev_784c93a57024,hm_a0f8ed47a107,0.5999443531036377,False
0.02,0.0001,400,sol_e253e2459e098600,ev_785fa6d0b99b,hm_a00ad2a2c52a,1.1922780275344849,False
0.01,0.0001,700,sol_5e2944b45753eb80,ev_7881233404bb,hm_a00ad2a2c52a,14.470685005187988,False
0.1,0.0001,1000,sol_5033b5c5bc3cf25d,ev_789f6073a283,hm_a00ad2a2c52a,0.5994134545326233,False
0.2,0.0001,400,sol_7a4c3ff4903c6ab4,ev_78d280a11262,hm_a00ad2a2c52a,0.5669736266136169,False
0.02,0.0001,200,sol_3fb0624aecc3097d,ev_797c1597bee4,hm_a00ad2a2c52a,0.743613600730896,False
0.01,0.0001,200,sol_b5beffbdb3e863ae,ev_79899f8a7192,hm_a00ad2a2c52a,0.70726478099823,False
0.2,0.0003,100,sol_47fcb1a6f3b51548,ev_79c134b87171,hm_a0f8ed47a107,0.4545454680919647,False
0.1,0.0001,700,sol_f2fed4a6376b71f0,ev_79ddb573f025,hm_a00ad2a2c52a,0.5995734930038452,False
0.05,0.0001,1000,sol_029a6a1028dc03be,ev_79ffe87b258a,hm_a00ad2a2c52a,0.6979377865791321,False
0.2,0.0001,100,sol_90ce84b025b5a7ac,ev_7a3aa76a1c80,hm_a00ad2a2c52a,0.4545454680919647,False
0.01,0.0001,700,sol_d1cbdf29c2e057b0,ev_7a79893b0ddd,hm_a00ad2a2c52a,6.828270435333252,False
0.2,0.0001,700,sol_eaec4a9ef3aeefc4,ev_7a7abc21ade0,hm_a00ad2a2c52a,0.7607751488685608,False
0.1,0.0001,50,sol_14f8c740c75764f0,ev_7a86ea87e093,hm_a00ad2a2c52a,0.4545454680919647,False
0.05,0.0003,700,sol_86c90bed0d0950d6,ev_7a934c8ff565,hm_a0f8ed47a107,2.1083202362060547,False
0.05,0.0003,100,sol_01dc3ea2d7541869,ev_7a9c00b2818d,hm_a0f8ed47a107,0.5669777393341064,False
0.05,0.0001,200,sol_36e60775fcc9d2f0,ev_7aab12973492,hm_a00ad2a2c52a,0.5669738054275513,False
0.05,0.0001,10,sol_68cc35e0a72c86c8,ev_7ac4f2b37591,hm_a00ad2a2c52a,0.4545454680919647,False
0.01,0.0003,700,sol_008ea028c29cb226,ev_7ac74f918a61,hm_a0f8ed47a107,726.532958984375,True
0.1,0.0001,200,sol_9f5b4cf786f15104,ev_7affe1927a44,hm_a00ad2a2c52a,0.4545454680919647,False
0.2,0.0003,100,sol_c102e5e08c1da391,ev_7b34d3648882,hm_a0f8ed47a107,0.4545454680919647,False
0.05,0.0001,700,sol_07056b5d7320ca24,ev_7b3a47712a45,hm_a00ad2a2c52a,0.8534005880355835,False
0.2,0.0001,10,sol_ab553fb1890c565f,ev_7b4f15266f4e,hm_a00ad2a2c52a,0.4545454680919647,False
0.2,0.0001,10,sol_9753220048c0b62e,ev_7b7a0c3c815a,hm_a00ad2a2c52a,0.4545454680919647,False
0.02,0.0003,20,sol_412f870036c9c9f2,ev_7b7d2b2be0b6,hm_a0f8ed47a107,0.5670102834701538,False
0.2,0.0001,50,sol_566aa713ab38586c,ev_7bddc5ac6de0,hm_a00ad2a2c52a,0.4545454680919647,False
0.2,0.0001,1000,sol_bbb0c94684f54afa,ev_7c3483dc57d1,hm_a00ad2a2c52a,0.8966502547264099,False
0.02,0.0003,50,sol_6bf0d488956c9d31,ev_7c3f08153e42,hm_a0f8ed47a107,0.5670024156570435,False
0.05,0.0001,100,sol_55642b36c91b253b,ev_7c8d25b38520,hm_a00ad2a2c52a,0.5669748187065125,False
0.05,0.0001,700,sol_152dd39aa7c882d4,ev_7ca1f006f1e2,hm_a00ad2a2c52a,0.7870756983757019,False
0.01,0.0003,10,sol_8707ca84d14b0637,ev_7cbe702fe429,hm_a0f8ed47a107,0.4545454680919647,False
0.02,0.0001,100,sol_49c9750c94dd9607,ev_7d3936ed3de3,hm_a00ad2a2c52a,0.5669752359390259,False
0.01,0.0003,200,sol_971e9d6bcf0feadf,ev_7d3d477d125a,hm_a0f8ed47a107,289.8916015625,True
0.02,0.0003,100,sol_d2787d7bd6811bc0,ev_7d7258f9fee1,hm_a0f8ed47a107,1.6327910423278809,False
0.01,0.0001,50,sol_67eb273921f57d54,ev_7d8a43c6ea9b,hm_a00ad2a2c52a,0.4545454680919647,False
0.2,0.0003,100,sol_2f128abaee440d84,ev_7dd6354a2b90,hm_a0f8ed47a107,0.4545454680919647,False
0.2,0.0003,20,sol_29e916609e0addc3,ev_7e2869ed7459,hm_a0f8ed47a107,0.4545454680919647,False
0.05,0.0001,50,sol_913391665461b4cd,ev_7e54b8d3f31c,hm_a00ad2a2c52a,0.4545454680919647,False
0.05,0.0003,400,sol_62367527d71f7545,ev_7e667b430714,hm_a0f8ed47a107,0.7449789643287659,False
0.2,0.0001,50,sol_f63921c4f829af3f,ev_7e90fe896867,hm_a00ad2a2c52a,0.4545454680919647,False
0.1,0.0003,1000,sol_03ed83b2a1725d15,ev_7ecfe56c0ebf,hm_a0f8ed47a107,1.2578150033950806,False
0.2,0.0001,700,sol_d9a7e7c148be4692,ev_7f393c2b360d,hm_a00ad2a2c52a,0.5641646385192871,False
0.1,0.0003,10,sol_606347b1c2449e99,ev_7f399cf441c0,hm_a0f8ed47a107,0.4545454680919647,False
0.05,0.0001,200,sol_b30273c89f54efe4,ev_7f75ce3d81a0,hm_a00ad2a2c52a,0.5999894738197327,False
0.2,0.0001,400,sol_04fc7a4397a308dc,ev_7f776a17fb6a,hm_a00ad2a2c52a,0.454545259475708,False
0.05,0.0003,200,sol_b9c9712b51727f37,ev_7f85c56e3cec,hm_a0f8ed47a107,0.9156502485275269,False
0.2,0.0003,1000,sol_1efc8b9c4e16316b,ev_7f97c35aedf8,hm_a0f8ed47a107,1.4999796152114868,False
0.01,0.0001,700,sol_546d66ea4fa1529b,ev_7f983484de60,hm_a00ad2a2c52a,30.99994468688965,False
0.05,0.0003,400,sol_571abe5a2dc633de,ev_803dd97e0017,hm_a0f8ed47a107,0.9715533256530762,False
0.02,0.0003,100,sol_4c42a1a5c584bf1d,ev_8042c300067c,hm_a0f8ed47a107,1.1923044919967651,False
0.05,0.0001,700,sol_474f84f45cda1b27,ev_80db210dd21b,hm_a00ad2a2c52a,0.8985387086868286,False
0.2,0.0001,700,sol_210a8c8f59e0e37c,ev_80de27f6c7a0,hm_a00ad2a2c52a,0.5641724467277527,False
0.05,0.0001,100,sol_9057fba625639516,ev_812d4cf6b172,hm_a00ad2a2c52a,0.4545454680919647,False
0.02,0.0001,100,sol_1dfa9af0b6e231d1,ev_817515417dee,hm_a00ad2a2c52a,0.6981952786445618,False
0.05,0.0001,200,sol_cfb233fd75a47245,ev_8181ca4b6d34,hm_a00ad2a2c52a,0.4545454680919647,False
0.02,0.0001,100,sol_8b3f9445544e3794,ev_82458e5041ce,hm_a00ad2a2c52a,0.4545454680919647,False
0.2,0.0003,700,sol_b7773b08f2e93e21,ev_824cacbe9752,hm_a0f8ed47a107,0.6290050148963928,False
0.1,0.0003,10,sol_edbb6d5919c3f6be,ev_82583ec90043,hm_a0f8ed47a107,0.4545454680919647,False
0.2,0.0003,10,sol_b5229f14745ef72e,ev_829064a52dfe,hm_a0f8ed47a107,0.4545454680919647,False
0.05,0.0003,50,sol_dc677fe1951e7fee,ev_82c60cf436ef,hm_a0f8ed47a107,0.5669754147529602,False
0.2,0.0001,20,sol_a019508d6a9fb7d3,ev_83210ac59144,hm_a00ad2a2c52a,0.4545454680919647,False
0.02,0.0001,200,sol_c2ef4e209caf65e0,ev_834b06c2fcf1,hm_a00ad2a2c52a,0.6847553253173828,False
0.05,0.0003,10,sol_1722468352d3ec92,ev_8396808cf20e,hm_a0f8ed47a107,0.4545454680919647,False
0.05,0.0003,200,sol_f681c67377d67fd3,ev_83b48a4ca064,hm_a0f8ed47a107,0.795634388923645,False
0.1,0.0001,1000,sol_c173f0b26d276663,ev_83bfaecf96fd,hm_a00ad2a2c52a,0.9087108373641968,False
0.1,0.0003,200,sol_658f9fa82ef3ad86,ev_83c77b151e0a,hm_a0f8ed47a107,0.5996804237365723,False
0.01,0.0003,10,sol_b6b224ef2855aa5a,ev_84352c88365d,hm_a0f8ed47a107,0.4545454680919647,False
0.01,0.0003,700,sol_8101012fdb38b38d,ev_843d04982e69,hm_a0f8ed47a107,783.617919921875,True
0.05,0.0003,700,sol_1e2e859655096107,ev_84a6b196a5cd,hm_a0f8ed47a107,1.5976258516311646,False
0.01,0.0001,50,sol_1f076391d1045677,ev_84bf2c02bcd3,hm_a00ad2a2c52a,0.5669769644737244,False
0.05,0.0001,100,sol_5ad18c6654e12f6e,ev_84d70657c487,hm_a00ad2a2c52a,0.5669522285461426,False
0.02,0.0003,50,sol_3d5ac6cc4ad2db03,ev_85095bc479f0,hm_a0f8ed47a107,0.5669785141944885,False
0.02,0.0003,200,sol_cbbf569299065b5a,ev_850fdefc56d1,hm_a0f8ed47a107,1.9183940887451172,False
0.1,0.0003,700,sol_95291ead1c4c7b11,ev_85201e0ef1a7,hm_a0f8ed47a107,1.0953848361968994,False
0.1,0.0003,100,sol_f85d9c3f05b88670,ev_8521ed9ad631,hm_a0f8ed47a107,0.5669753551483154,False
0.1,0.0003,200,sol_b50679ab9bbed439,ev_8536dfd311c0,hm_a0f8ed47a107,1.1113442182540894,False
0.02,0.0001,400,sol_f1da87d18f38a840,ev_853f3f93982b,hm_a00ad2a2c52a,1.499982476234436,False
0.01,0.0001,10,sol_4610b7a1f6621cf7,ev_855a7631c9ee,hm_a00ad2a2c52a,0.4545454680919647,False
0.02,0.0001,1000,sol_a01c6b3b39bdb5a7,ev_856ab77484ff,hm_a00ad2a2c52a,1.4984126091003418,False
0.02,0.0001,700,sol_ccd3c01cbbdd195d,ev_8592e06907a9,hm_a00ad2a2c52a,3.5148515701293945,False
0.1,0.0003,1000,sol_87d04756367320fd,ev_85da8dc722cd,hm_a0f8ed47a107,1.4346364736557007,False
0.05,0.0001,1000,sol_f447360d5dc62fc1,ev_85f57b2f95ac,hm_a00ad2a2c52a,1.1921818256378174,False
0.1,0.0003,10,sol_6e264526c9ec65c9,ev_85fc39454955,hm_a0f8ed47a107,0.4545454680919647,False
0.02,0.0003,10,sol_5184e85f01b02a16,ev_8607ef190919,hm_a0f8ed47a107,0.5670102834701538,False
0.2,0.0001,20,sol_b20388379e580d25,ev_861e2910cda5,hm_a00ad2a2c52a,0.4545454680919647,False
0.01,0.0001,10,sol_bac9f701fa513197,ev_863690fba379,hm_a00ad2a2c52a,0.4545454680919647,False
0.01,0.0001,700,sol_07b270f0f8e0e2d6,ev_869a52e2f411,hm_a00ad2a2c52a,13.53232192993164,False
0.02,0.0003,200,sol_ccd48040a0e1a410,ev_86a529d89896,hm_a0f8ed47a107,1.5661877393722534,False
0.01,0.0003,700,sol_b81eed80a7dc05c7,ev_86c0ffa3f215,hm_a0f8ed47a107,826.8696899414062,True
0.02,0.0001,400,sol_069f534e33f9089e,ev_86f03ad89dad,hm_a00ad2a2c52a,1.086887240409851,False
0.02,0.0001,20,sol_c042e630afa90630,ev_86f848bef61d,hm_a00ad2a2c52a,0.4545454680919647,False
0.01,0.0001,200,sol_a30102f4f2021c7c,ev_8757993afde7,hm_a00ad2a2c52a,1.4116226434707642,False
0.05,0.0003,700,sol_d765bc87370549bd,ev_875cca87c198,hm_a0f8ed47a107,1.725583791732788,False
0.02,0.0001,700,sol_a6606cbe74d125e9,ev_87a9da39b1d0,hm_a00ad2a2c52a,1.8928090333938599,False
0.02,0.0001,20,sol_c1ae1a9b5ca3a253,ev_87b2ea34dae6,hm_a00ad2a2c52a,0.4545454680919647,False
0.1,0.0003,200,sol_d4639ddb6328e8ba,ev_87cbe7662446,hm_a0f8ed47a107,0.5669493079185486,False
0.02,0.0003,100,sol_60e6645768b419ee,ev_87f10f38b8fa,hm_a0f8ed47a107,1.093560814857483,False
0.01,0.0001,1000,sol_0c07800fb2a6cda1,ev_87f4e71e6025,hm_a00ad2a2c52a,172.39178466796875,True
0.2,0.0001,400,sol_0b8f19845492bc79,ev_8819793a7ec4,hm_a00ad2a2c52a,0.5669739246368408,False
0.02,0.0003,50,sol_1612ed6174a3b675,ev_882af7241826,hm_a0f8ed47a107,0.6983041763305664,False
0.05,0.0001,50,sol_57eb1393a7d8a950,ev_88412c71eb1c,hm_a00ad2a2c52a,0.4545454680919647,False
0.2,0.0003,700,sol_f313eb9beee63099,ev_884b3471eef8,hm_a0f8ed47a107,0.9595451354980469,False
0.05,0.0003,10,sol_723c8c72fabde667,ev_886b8df44de0,hm_a0f8ed47a107,0.4545454680919647,False
0.05,0.0001,20,sol_2e4be12ccae7334f,ev_88a68ea72e7f,hm_a00ad2a2c52a,0.4545454680919647,False
0.02,0.0003,20,sol_7a3120e2fab09eb9,ev_88bc57fd33f6,hm_a0f8ed47a107,0.5670102834701538,False
0.2,0.0001,50,sol_bf75f16e9a3d724c,ev_88e3f0ff926c,hm_a00ad2a2c52a,0.4545454680919647,False
0.01,0.0001,100,sol_4e28699544c631ab,ev_8962203a07f9,hm_a00ad2a2c52a,1.221348762512207,False
0.05,0.0003,50,sol_fe22d0898026f402,ev_89ac676ea072,hm_a0f8ed47a107,0.4545454680919647,False
0.05,0.0003,100,sol_a5b904deeada0b93,ev_89b2418b90a0,hm_a0f8ed47a107,0.5670046210289001,False
0.02,0.0001,400,sol_b2e8cd0ebe1efd35,ev_89cebab1c8da,hm_a00ad2a2c52a,1.3012073040008545,False
0.02,0.0003,1000,sol_9567124aa98b6d66,ev_89f72c03df70,hm_a0f8ed47a107,1982.4036865234375,True
0.1,0.0001,50,sol_eb1c9e0cca0e8a8f,ev_8a0085f1af14,hm_a00ad2a2c52a,0.4545454680919647,False
0.1,0.0001,50,sol_bc6d193815336a27,ev_8a19531a4699,hm_a00ad2a2c52a,0.4545454680919647,False
0.2,0.0003,700,sol_2bbcd1f2a1daca84,ev_8a19a5cb2fc5,hm_a0f8ed47a107,0.7605007886886597,False
0.1,0.0001,100,sol_188c08743411f055,ev_8a1a6b827263,hm_a00ad2a2c52a,0.4545454680919647,False
0.05,0.0001,400,sol_0befe26e6b8448d9,ev_8a4687fb1abe,hm_a00ad2a2c52a,0.7443930506706238,False
0.05,0.0003,100,sol_5f610431fa495a1a,ev_8a6429bf327e,hm_a0f8ed47a107,0.7819983959197998,False
0.2,0.0003,50,sol_33f9c2865cacd760,ev_8a690bc6413e,hm_a0f8ed47a107,0.4545454680919647,False
0.02,0.0001,1000,sol_bb59f650e1336efd,ev_8b628dc468c3,hm_a00ad2a2c52a,2.689882278442383,False
0.01,0.0003,20,sol_cd0ccf23633a724e,ev_8b62b22df27c,hm_a0f8ed47a107,0.5670102834701538,False
0.02,0.0003,400,sol_85a54ec397303b59,ev_8b66d3e7a731,hm_a0f8ed47a107,12.32693862915039,False
0.1,0.0001,700,sol_5f6b1fdefd75eedc,ev_8b68a9478ca9,hm_a00ad2a2c52a,0.5996319055557251,False
0.2,0.0003,50,sol_814c3c4c920f1dff,ev_8bc35603a4bb,hm_a0f8ed47a107,0.4545454680919647,False
0.2,0.0001,400,sol_a855a19b337f4456,ev_8bd7529b9446,hm_a00ad2a2c52a,0.4545454680919647,False
0.01,0.0003,50,sol_8d4125efdf5f5fd0,ev_8c1e87235dff,hm_a0f8ed47a107,1.499994158744812,False
0.1,0.0001,700,sol_858440cdf73c8638,ev_8c481cb9f5ec,hm_a00ad2a2c52a,0.9596939086914062,False
0.01,0.0001,50,sol_7df6995f2312994f,ev_8c699a42cd42,hm_a00ad2a2c52a,0.5999524593353271,False
0.2,0.0001,200,sol_67e0a7db8fc52e16,ev_8ca587c1d22b,hm_a00ad2a2c52a,0.4545454680919647,False
0.01,0.0001,20,sol_c9d0d515cdde207d,ev_8cff00c0e8da,hm_a00ad2a2c52a,0.4545454680919647,False
0.02,0.0001,200,sol_841301f0a92e8d54,ev_8d06ddcd7f8e,hm_a00ad2a2c52a,1.362733244895935,False
0.01,0.0001,10,sol_f56f92637b236436,ev_8d22b4cd43ed,hm_a00ad2a2c52a,0.4545454680919647,False
0.05,0.0003,10,sol_8e6cdb5db8efab6e,ev_8d2313811bd4,hm_a0f8ed47a107,0.4545454680919647,False
0.02,0.0003,20,sol_7df0f2675a9b3050,ev_8d3c072a18f6,hm_a0f8ed47a107,0.4545454680919647,False
0.05,0.0003,1000,sol_fbfc34445fb61742,ev_8d3e98619388,hm_a0f8ed47a107,3.31386661529541,False
0.2,0.0001,10,sol_874fc1b056a02ef9,ev_8d55c23834e3,hm_a00ad2a2c52a,0.4545454680919647,False
0.2,0.0001,700,sol_e58727452c79f456,ev_8d5af771cb7d,hm_a00ad2a2c52a,0.6717831492424011,False
0.2,0.0003,20,sol_1f408d8b53db2bc2,ev_8d846d1c4e30,hm_a0f8ed47a107,0.4545454680919647,False
0.02,0.0001,10,sol_5d5447aa609a435c,ev_8da811d8b17b,hm_a00ad2a2c52a,0.4545454680919647,False
0.01,0.0003,1000,sol_854e98cac070c65f,ev_8dc5c171a397,hm_a0f8ed47a107,650.331787109375,True
0.05,0.0003,200,sol_abda16b6268305ff,ev_8dc6490ae3c3,hm_a0f8ed47a107,0.5999043583869934,False
0.1,0.0003,700,sol_e328e7f741b34bea,ev_8e2a487567fc,hm_a0f8ed47a107,0.7963220477104187,False
0.01,0.0003,10,sol_afdcfea2025ec408,ev_8e42abce7117,hm_a0f8ed47a107,0.4545454680919647,False
0.05,0.0003,200,sol_8aef8a97e79fe90d,ev_8e7af2381be3,hm_a0f8ed47a107,0.931174099445343,False
0.02,0.0001,50,sol_d16e578f4c8484e1,ev_8eda1635dce6,hm_a00ad2a2c52a,0.6721305847167969,False
0.2,0.0001,100,sol_9da21af68b7bbbc8,ev_8f30492cded6,hm_a00ad2a2c52a,0.4545454680919647,False
0.02,0.0003,10,sol_a338cb37850049e5,ev_8f39158f6fd5,hm_a0f8ed47a107,0.6000000238418579,False
0.02,0.0001,200,sol_890fb5688d7b7445,ev_8fa7edcac8d7,hm_a00ad2a2c52a,1.0012284517288208,False
0.01,0.0001,100,sol_313816791c6fc9aa,ev_8fb379efbbd2,hm_a00ad2a2c52a,0.698028028011322,False
0.05,0.0001,20,sol_bb2a942bd5b49781,ev_8fc9f1cd2af7,hm_a00ad2a2c52a,0.4545454680919647,False
0.01,0.0001,200,sol_1935c7a71fc6a05f,ev_9041b026f914,hm_a00ad2a2c52a,1.074460506439209,False
0.1,0.0001,700,sol_75c75e9b2a23a257,ev_90b24d355235,hm_a00ad2a2c52a,0.6421270966529846,False
0.05,0.0003,1000,sol_0888c6e9f07dbb10,ev_90c5a4c1bbcc,hm_a0f8ed47a107,2.5947024822235107,False
0.01,0.0001,200,sol_c3a7ee9e4359e7eb,ev_90fe87443d1b,hm_a00ad2a2c52a,1.7616757154464722,False
0.01,0.0003,400,sol_6cc4fd97b2ac1577,ev_910fb9483fac,hm_a0f8ed47a107,3591.625244140625,True
0.02,0.0003,200,sol_91858f1f6edc23a2,ev_914bb0783719,hm_a0f8ed47a107,1.8031214475631714,False
0.05,0.0001,20,sol_6deb47b42f1b8e2a,ev_919b0de4f627,hm_a00ad2a2c52a,0.4545454680919647,False
0.01,0.0003,10,sol_6200857c76800203,ev_91aebe35ae49,hm_a0f8ed47a107,0.5670102834701538,False
0.1,0.0003,400,sol_1fdc07d030133982,ev_91e75345cfde,hm_a0f8ed47a107,0.5999536514282227,False
0.02,0.0001,100,sol_921c8758304cb604,ev_91f20ba6de93,hm_a00ad2a2c52a,0.599934995174408,False
0.2,0.0003,700,sol_85bb172fb0733f3e,ev_925a067a7a84,hm_a0f8ed47a107,0.5998678803443909,False
0.05,0.0003,400,sol_3aa47baa2e94d5c6,ev_9292a508a86b,hm_a0f8ed47a107,1.4999688863754272,False
0.2,0.0003,400,sol_e20aeeb48f72383a,ev_92c5be6fcf8a,hm_a0f8ed47a107,0.9677245020866394,False
0.05,0.0003,10,sol_612d62c19611b1b4,ev_92e2bf1861d6,hm_a0f8ed47a107,0.4545454680919647,False
0.2,0.0003,20,sol_dc949c7ba8e32e36,ev_92e5470c6946,hm_a0f8ed47a107,0.4545454680919647,False
0.02,0.0003,20,sol_56af967ae3f8a858,ev_9345cddceda4,hm_a0f8ed47a107,0.5670102834701538,False
0.05,0.0003,700,sol_8160202bebf73cbd,ev_93a412cc398e,hm_a0f8ed47a107,6.831788539886475,False
0.05,0.0003,400,sol_30a6bb4872250ca5,ev_93d81b8a8c5b,hm_a0f8ed47a107,1.081952691078186,False
0.01,0.0003,400,sol_c900dd9e3bf663e2,ev_93ef68471281,hm_a0f8ed47a107,462.77777099609375,True
0.2,0.0001,20,sol_0b5a11a18d041ac5,ev_93fe09e68d56,hm_a00ad2a2c52a,0.4545454680919647,False
0.01,0.0001,1000,sol_019dc04ba3087f77,ev_948c7747e55b,hm_a00ad2a2c52a,22.724689483642578,False
0.05,0.0001,50,sol_bc24b250146e6898,ev_949a96531267,hm_a00ad2a2c52a,0.4545454680919647,False
0.1,0.0003,50,sol_fa05e4ba9481343f,ev_94bb59a9a965,hm_a0f8ed47a107,0.4545454680919647,False
0.02,0.0003,10,sol_4788bb354badd26a,ev_94c22d3d8d6b,hm_a0f8ed47a107,0.4545454680919647,False
0.1,0.0001,10,sol_80c24c5f5b761d9f,ev_95049795852d,hm_a00ad2a2c52a,0.4545454680919647,False
0.01,0.0003,50,sol_d26d244b0c54fe83,ev_952bf3cf643a,hm_a0f8ed47a107,0.9898232817649841,False
0.01,0.0001,200,sol_eeeb2b4ce6084498,ev_95730e968e9c,hm_a00ad2a2c52a,0.8716838955879211,False
0.1,0.0001,1000,sol_47d84f2c2f2b4eb8,ev_957cc044b0c7,hm_a00ad2a2c52a,0.6284618973731995,False
0.05,0.0001,400,sol_c6edfa97450a3e91,ev_957f1923ff65,hm_a00ad2a2c52a,0.5996302962303162,False
0.1,0.0001,200,sol_0459c300eb8be6d4,ev_95b1d1da9900,hm_a00ad2a2c52a,0.4545454680919647,False
0.01,0.0003,20,sol_6686732a09ca1650,ev_95c696d335dd,hm_a0f8ed47a107,0.5670102834701538,False
0.1,0.0003,20,sol_4e1f9739b770ea73,ev_960be6dfc896,hm_a0f8ed47a107,0.4545454680919647,False
0.2,0.0001,20,sol_0061bfea96212a57,ev_9612023c2233,hm_a00ad2a2c52a,0.4545454680919647,False
0.02,0.0001,20,sol_88a26ce5f6c93fb0,ev_962db01c4128,hm_a00ad2a2c52a,0.4545454680919647,False
0.2,0.0001,200,sol_da8c4567bd1c0dc1,ev_9631bb117fa4,hm_a00ad2a2c52a,0.4545454680919647,False
0.02,0.0001,1000,sol_a6d62b7c792c2c6f,ev_96461b743b77,hm_a00ad2a2c52a,1.6521174907684326,False
0.01,0.0001,50,sol_0bf79dd4d98c9d3b,ev_96531ecb5f55,hm_a00ad2a2c52a,0.5999591946601868,False
0.01,0.0001,200,sol_ab3886281d0d175e,ev_967e2ade8420,hm_a00ad2a2c52a,1.6132203340530396,False
0.1,0.0001,1000,sol_9e9a4d3999b30bf4,ev_969b9e18797e,hm_a00ad2a2c52a,0.5995282530784607,False
0.2,0.0001,1000,sol_9f6f31bc9c034563,ev_96fafc545528,hm_a00ad2a2c52a,1.1539121866226196,False
0.02,0.0001,50,sol_e0211810b806eb9f,ev_97c51f992a73,hm_a00ad2a2c52a,0.4545454680919647,False
0.1,0.0003,20,sol_e4c943593089939f,ev_97e8b67771af,hm_a0f8ed47a107,0.4545454680919647,False
0.1,0.0001,100,sol_6da8ad94a1a4e722,ev_9806b863a9d8,hm_a00ad2a2c52a,0.4545454680919647,False
0.05,0.0001,10,sol_b1c05cf58945676c,ev_9817ee832782,hm_a00ad2a2c52a,0.4545454680919647,False
0.02,0.0003,100,sol_d3f76db195a8a52c,ev_987908b52959,hm_a0f8ed47a107,1.4352385997772217,False
0.01,0.0001,50,sol_5e39819f7478c84b,ev_98b73c8f803b,hm_a00ad2a2c52a,0.8553616404533386,False
0.1,0.0001,10,sol_47e58e8aca180262,ev_98c265258a1a,hm_a00ad2a2c52a,0.4545454680919647,False
0.1,0.0001,200,sol_c43b50aef7f4d96f,ev_98df42c5a86b,hm_a00ad2a2c52a,0.4545454680919647,False
0.1,0.0001,50,sol_4295ed7386405fd2,ev_98f093af3a3a,hm_a00ad2a2c52a,0.4545454680919647,False
0.1,0.0001,400,sol_081ee8dcd21bd5b5,ev_990f81af709c,hm_a00ad2a2c52a,0.4545454680919647,False
0.01,0.0003,700,sol_771648cdcc689e46,ev_995e4153480b,hm_a0f8ed47a107,871.8875122070312,True
0.1,0.0003,200,sol_43c4287f685d37b0,ev_995ecaff9277,hm_a0f8ed47a107,0.5669954419136047,False
0.05,0.0001,1000,sol_7ee0797721318442,ev_99b7acc1c26d,hm_a00ad2a2c52a,1.2579975128173828,False
0.05,0.0001,100,sol_dd72fcbdc86ad200,ev_99e5157572f6,hm_a00ad2a2c52a,0.5669746398925781,False
0.02,0.0003,20,sol_93fb84f5e74d891e,ev_99f335c2bfa0,hm_a0f8ed47a107,0.4545454680919647,False
0.05,0.0001,10,sol_6319a3f4de158cde,ev_99f373e0dea4,hm_a00ad2a2c52a,0.4545454680919647,False
0.05,0.0001,50,sol_8f1a34962564ee97,ev_9a3003f93fad,hm_a00ad2a2c52a,0.4545454680919647,False
0.05,0.0001,20,sol_ac5ebd29f714902b,ev_9a9a2b28b39e,hm_a00ad2a2c52a,0.4545454680919647,False
0.1,0.0001,400,sol_041a68772c797a74,ev_9ab5700e943d,hm_a00ad2a2c52a,0.4545454680919647,False
0.1,0.0003,1000,sol_cf2e158d8297ecb4,ev_9b1687bf47ad,hm_a0f8ed47a107,1.257784366607666,False
0.2,0.0003,1000,sol_19f51e1094e5a88d,ev_9b2d9a63206c,hm_a0f8ed47a107,1.221336841583252,False
0.01,0.0001,100,sol_7a94ffce818aaf4b,ev_9b2d9bbe5144,hm_a00ad2a2c52a,1.1418836116790771,False
0.1,0.0001,1000,sol_322e47975b188c1b,ev_9b7348d9342c,hm_a00ad2a2c52a,0.6502936482429504,False
0.02,0.0001,700,sol_f620a05bee0458e5,ev_9bb731448c05,hm_a00ad2a2c52a,1.6211798191070557,False
0.1,0.0001,50,sol_a34a15da1edd82ce,ev_9be3d47b8a11,hm_a00ad2a2c52a,0.5670134425163269,False
0.1,0.0001,10,sol_00c14c6d275028fc,ev_9c47a1387d1d,hm_a00ad2a2c52a,0.4545454680919647,False
0.05,0.0003,200,sol_d45f41e52b3048bf,ev_9c5792044b49,hm_a0f8ed47a107,0.9056926369667053,False
0.1,0.0001,100,sol_34ed209dbdc02999,ev_9c7587cb36b3,hm_a00ad2a2c52a,0.4545454680919647,False
0.01,0.0003,20,sol_d23e3646321e26b9,ev_9c9d7beb1d80,hm_a0f8ed47a107,0.7440451979637146,False
0.1,0.0001,50,sol_ea5bdae42ab45f8e,ev_9ca2ff0837f5,hm_a00ad2a2c52a,0.5670135021209717,False
0.01,0.0003,100,sol_8f9e9ace1001f6b6,ev_9d0804148d51,hm_a0f8ed47a107,1.456955075263977,False
0.02,0.0003,700,sol_a88e5c244f851672,ev_9d2521f6fd36,hm_a0f8ed47a107,941.983154296875,True
0.1,0.0003,200,sol_fe81908c45f100d1,ev_9d427cc9d46d,hm_a0f8ed47a107,0.5669738054275513,False
0.2,0.0003,50,sol_5e6335623da1b48f,ev_9da9ff5f9696,hm_a0f8ed47a107,0.4545454680919647,False
0.02,0.0001,1000,sol_3d346f8f21212379,ev_9dcd068f5a82,hm_a00ad2a2c52a,3.3483922481536865,False
0.1,0.0001,50,sol_6cb14a2fd08f9ddf,ev_9df528d07d48,hm_a00ad2a2c52a,0.4545454680919647,False
0.2,0.0001,200,sol_a974725abbd4da74,ev_9e2dce60dff1,hm_a00ad2a2c52a,0.4545454680919647,False
0.05,0.0003,100,sol_b4d56164d6905b61,ev_9e475e8a4c7c,hm_a0f8ed47a107,0.5669751763343811,False
0.02,0.0003,700,sol_7fc7e84eae0beac5,ev_9e597cf66dd1,hm_a0f8ed47a107,87.6971206665039,True
0.01,0.0003,200,sol_17929795ec76b3e1,ev_9ead3836dec7,hm_a0f8ed47a107,59.48275375366211,True
0.02,0.0003,200,sol_9770371deb1fbad0,ev_9eb7e9e1b3f7,hm_a0f8ed47a107,1.1185072660446167,False
0.2,0.0001,200,sol_a8f8973bdac7e042,ev_9ebaaeb7f8f1,hm_a00ad2a2c52a,0.4545454680919647,False
0.2,0.0003,10,sol_f1d5d242f69e26a4,ev_9ec547288502,hm_a0f8ed47a107,0.4545454680919647,False
0.01,0.0003,20,sol_50009f78b336ca4c,ev_9ec88df023cc,hm_a0f8ed47a107,0.4545454680919647,False
0.05,0.0001,200,sol_40d0d3bc5c574807,ev_9eec0fac8875,hm_a00ad2a2c52a,0.5669666528701782,False
0.05,0.0001,50,sol_3c3f58996a17aa66,ev_9ef490e4a692,hm_a00ad2a2c52a,0.4545454680919647,False
0.05,0.0003,700,sol_d06f38d8bdde1d0f,ev_9f2cf3c4148b,hm_a0f8ed47a107,2374.067138671875,True
0.2,0.0003,1000,sol_d65fda3584a26dc5,ev_9f7a6ddbbf19,hm_a0f8ed47a107,1.2456120252609253,False
0.05,0.0001,200,sol_32186963bf220958,ev_9fab65340694,hm_a00ad2a2c52a,0.5669743418693542,False
0.01,0.0001,50,sol_bba50c0ed488ca04,ev_a074cf84e8f7,hm_a00ad2a2c52a,0.5669816136360168,False
0.1,0.0001,20,sol_fc1ac5ba59a436b2,ev_a098f3883ea9,hm_a00ad2a2c52a,0.4545454680919647,False
0.01,0.0001,400,sol_a69c9b5ed0950aef,ev_a0a8c2548a1b,hm_a00ad2a2c52a,3.0116138458251953,False
0.01,0.0003,20,sol_bc98f7919e56530a,ev_a13c72d870c3,hm_a0f8ed47a107,0.6425855755805969,False
0.05,0.0001,10,sol_c899ec08a1c318c5,ev_a15f9d45854c,hm_a00ad2a2c52a,0.4545454680919647,False
0.1,0.0003,50,sol_fd326b4988e39097,ev_a1c67e2052e8,hm_a0f8ed47a107,0.4545454680919647,False
0.05,0.0003,400,sol_4a9e4f78fef5ff63,ev_a1d478a8d745,hm_a0f8ed47a107,1.7483060359954834,False
0.02,0.0001,20,sol_d6b6ad864f2db858,ev_a1d621d4e6be,hm_a00ad2a2c52a,0.4545454680919647,False
0.2,0.0001,100,sol_338158da4323d356,ev_a22f39fc4fbb,hm_a00ad2a2c52a,0.4545454680919647,False
0.05,0.0003,10,sol_08f701eb021bd363,ev_a2afa1c3373f,hm_a0f8ed47a107,0.4545454680919647,False
0.02,0.0003,100,sol_70aa1ed17e2806e4,ev_a2b5f66a0af0,hm_a0f8ed47a107,0.6982908844947815,False
0.02,0.0003,10,sol_1b5665eeff24bdb2,ev_a301d313be8c,hm_a0f8ed47a107,0.4545454680919647,False
0.1,0.0001,10,sol_b955d48a8dbd2689,ev_a35b69508122,hm_a00ad2a2c52a,0.4545454680919647,False
0.05,0.0003,100,sol_304f79462c4716f9,ev_a36ae45b4f53,hm_a0f8ed47a107,0.566951334476471,False
0.05,0.0001,200,sol_bd1853d48d6f919a,ev_a38f2e3d60b6,hm_a00ad2a2c52a,0.5669494271278381,False
0.2,0.0003,10,sol_f18876c67d52aa09,ev_a469caeb6b26,hm_a0f8ed47a107,0.4545454680919647,False
0.1,0.0001,50,sol_75d7d20b5fd19c64,ev_a46d4dcf5f7b,hm_a00ad2a2c52a,0.4545454680919647,False
0.02,0.0001,50,sol_3dc126d50949c136,ev_a49eb3919838,hm_a00ad2a2c52a,0.5669754147529602,False
0.02,0.0003,1000,sol_4a0841e0c8f1683d,ev_a4b2b1e66d37,hm_a0f8ed47a107,834.6771850585938,True
0.1,0.0003,50,sol_251152d45549da50,ev_a4bdee82a1f6,hm_a0f8ed47a107,0.4545454680919647,False
0.1,0.0001,50,sol_96e04745e3a91903,ev_a4f66d62d8d4,hm_a00ad2a2c52a,0.4545454680919647,False
0.01,0.0003,50,sol_cd010ada20158361,ev_a50fc1366add,hm_a0f8ed47a107,1.5091956853866577,False
0.02,0.0001,10,sol_b11ba20191242010,ev_a54985c2abfb,hm_a00ad2a2c52a,0.4545454680919647,False
0.2,0.0001,50,sol_d9fc5554bcfcd171,ev_a56ad78a3e23,hm_a00ad2a2c52a,0.4545454680919647,False
0.01,0.0003,400,sol_e2e5cb58b4ac3921,ev_a58611537dfe,hm_a0f8ed47a107,1653.46337890625,True
0.01,0.0003,1000,sol_806c5d59d115f242,ev_a59972e3fbb5,hm_a0f8ed47a107,530.1436767578125,True
0.02,0.0001,100,sol_7272492f0f325cb5,ev_a5ca5e2e62a7,hm_a00ad2a2c52a,0.5669752359390259,False
0.01,0.0003,1000,sol_cbcf36c246a96e36,ev_a5face9edb44,hm_a0f8ed47a107,522.1167602539062,True
0.2,0.0001,20,sol_adf285028eb6b0c9,ev_a61993a36eab,hm_a00ad2a2c52a,0.4545454680919647,False
0.02,0.0001,400,sol_5e27e4882d7f7403,ev_a619eda89c1a,hm_a00ad2a2c52a,0.7795334458351135,False
0.2,0.0001,10,sol_6191795b2a76e145,ev_a61f522e8f3a,hm_a00ad2a2c52a,0.4545454680919647,False
0.1,0.0001,100,sol_539aab4b85929791,ev_a6436a32b914,hm_a00ad2a2c52a,0.4545454680919647,False
0.02,0.0001,400,sol_2bb75cc8cf47010e,ev_a64659138c23,hm_a00ad2a2c52a,0.9938679933547974,False
0.2,0.0001,200,sol_e32109be36d82b1f,ev_a648167a83d6,hm_a00ad2a2c52a,0.4545454680919647,False
0.02,0.0003,400,sol_1c100195d42d7535,ev_a64abf49f3f8,hm_a0f8ed47a107,5.072079181671143,False
0.02,0.0003,50,sol_a30ab7ba2a093112,ev_a65d8af860ea,hm_a0f8ed47a107,0.5669785141944885,False
0.01,0.0001,10,sol_40861903a6881478,ev_a66017d07264,hm_a00ad2a2c52a,0.4545454680919647,False
0.01,0.0003,400,sol_948fc0a2330408f9,ev_a665d0e96b9f,hm_a0f8ed47a107,2183.870849609375,True
0.2,0.0001,200,sol_7cc55e82220511ce,ev_a6a71710f01c,hm_a00ad2a2c52a,0.4545454680919647,False
0.05,0.0001,200,sol_0bea0c2865e9ca10,ev_a6ab96c8b427,hm_a00ad2a2c52a,0.5669748187065125,False
0.02,0.0001,10,sol_742733b2c40a5b9a,ev_a6c7dee99aa9,hm_a00ad2a2c52a,0.4545454680919647,False
0.05,0.0001,200,sol_2527222514a63419,ev_a6f733d8849e,hm_a00ad2a2c52a,0.5669666528701782,False
0.01,0.0001,20,sol_cd9cb00b9eeec035,ev_a71f1a058809,hm_a00ad2a2c52a,0.4545454680919647,False
0.05,0.0001,400,sol_5d6e2259fee09aa3,ev_a72d5453a3ca,hm_a00ad2a2c52a,0.6981349587440491,False
0.05,0.0001,200,sol_deddbf1c7839c249,ev_a746e27b40c0,hm_a00ad2a2c52a,0.4545454680919647,False
0.2,0.0001,20,sol_526f6678a6503531,ev_a7a6ac3a7e21,hm_a00ad2a2c52a,0.4545454680919647,False
0.05,0.0003,20,sol_b8e6fb094042429f,ev_a7cce80e4f7a,hm_a0f8ed47a107,0.4545454680919647,False
0.05,0.0001,20,sol_6ab6b784d35ecec8,ev_a803f38b43c4,hm_a00ad2a2c52a,0.4545454680919647,False
0.05,0.0003,100,sol_2f02dfc724833b91,ev_a8401e9fbb2c,hm_a0f8ed47a107,0.6425670385360718,False
0.01,0.0003,10,sol_06f6eb867b487462,ev_a869a4087d32,hm_a0f8ed47a107,0.8730962872505188,False
0.05,0.0001,700,sol_cd954d4a456afa15,ev_a8711df28bae,hm_a00ad2a2c52a,1.4999914169311523,False
0.05,0.0001,400,sol_f570a014182ecdfa,ev_a87169f21adf,hm_a00ad2a2c52a,0.5994403958320618,False
0.05,0.0003,50,sol_4923c8e3ed0903f8,ev_a89089573038,hm_a0f8ed47a107,0.5669752955436707,False
0.05,0.0003,200,sol_6a8bf083e4ea6dde,ev_a89827c13359,hm_a0f8ed47a107,0.5998595952987671,False
0.2,0.0001,400,sol_10158749cc0c1b88,ev_a8beb8fa4118,hm_a00ad2a2c52a,0.4545454680919647,False
0.2,0.0001,1000,sol_6244cf1c0915936e,ev_a8d5e43928a0,hm_a00ad2a2c52a,0.4545454680919647,False
0.02,0.0001,100,sol_22b6a1f16581daa1,ev_a8ef7d6e0d1b,hm_a00ad2a2c52a,0.4545454680919647,False
0.02,0.0003,400,sol_28394cbbd9a68c9e,ev_a8f9ec0165e7,hm_a0f8ed47a107,14.346277236938477,False
0.2,0.0001,20,sol_353476a2285d2727,ev_a92538ae2818,hm_a00ad2a2c52a,0.4545454680919647,False
0.2,0.0003,700,sol_7cd8f6c2be1b7959,ev_a928ca84825c,hm_a0f8ed47a107,0.7435176968574524,False
0.1,0.0001,400,sol_fbbe8e3ad9a440eb,ev_a9409baabf5a,hm_a00ad2a2c52a,0.5669752359390259,False
0.01,0.0003,50,sol_250bdc7d0800538a,ev_a989324d6255,hm_a0f8ed47a107,1.2258211374282837,False
0.2,0.0001,700,sol_f4a698233b0700dd,ev_a9a61c272fd7,hm_a00ad2a2c52a,0.4545453190803528,False
0.1,0.0001,1000,sol_0fa68e7770c705c6,ev_a9d58b21a57b,hm_a00ad2a2c52a,1.2584691047668457,False
0.01,0.0003,20,sol_05e91081049c651a,ev_a9fb89ab7d13,hm_a0f8ed47a107,0.9570661783218384,False
0.05,0.0001,10,sol_c3b911dbdd0b8b41,ev_aa220847d126,hm_a00ad2a2c52a,0.4545454680919647,False
0.05,0.0001,100,sol_6d8dddec7b38c54c,ev_aa38d7329c90,hm_a00ad2a2c52a,0.4545454680919647,False
0.05,0.0003,50,sol_06a4f77bcb5e920b,ev_aa3d3fa9e88b,hm_a0f8ed47a107,0.6000000238418579,False
0.1,0.0001,20,sol_1fe05a2a17426c6d,ev_aa4713bb22ac,hm_a00ad2a2c52a,0.4545454680919647,False
0.02,0.0003,20,sol_27bb7195d995744e,ev_aaded79ab7b7,hm_a0f8ed47a107,0.5670102834701538,False
0.02,0.0001,10,sol_387a65a788453f0f,ev_aae39a1774e7,hm_a00ad2a2c52a,0.4545454680919647,False
0.1,0.0003,1000,sol_7ccfc05dcccd5588,ev_ab43a8a74230,hm_a0f8ed47a107,1.1922519207000732,False
0.05,0.0001,50,sol_47db102d40bc5fb6,ev_ab5455c5ca12,hm_a00ad2a2c52a,0.4545454680919647,False
0.02,0.0003,1000,sol_4975010ffde281fe,ev_ab6b2a64abfc,hm_a0f8ed47a107,678.1874389648438,True
0.02,0.0001,100,sol_28ec231d0b683591,ev_ab98c321afb5,hm_a00ad2a2c52a,0.5669752359390259,False
0.01,0.0001,700,sol_c4a3950917c0e7e0,ev_ab9f9ffba277,hm_a00ad2a2c52a,6.35477352142334,False
0.1,0.0001,700,sol_98a6edf2738e4f1f,ev_abbce7beb8cb,hm_a00ad2a2c52a,0.566966712474823,False
0.1,0.0003,700,sol_722c74f54b15c7ca,ev_ac1fa246214f,hm_a0f8ed47a107,1.7208939790725708,False
0.01,0.0003,1000,sol_674d555062bf4657,ev_ac3996f2ee02,hm_a0f8ed47a107,538.4678955078125,True
0.2,0.0003,200,sol_ab83eb78eae60b3f,ev_ac9ebc024993,hm_a0f8ed47a107,0.5996930003166199,False
0.02,0.0001,100,sol_8e9a3b9f0b369b40,ev_ace0536e3aad,hm_a00ad2a2c52a,0.4545454680919647,False
0.05,0.0003,100,sol_efc8ca9af3edf3cc,ev_aceccd204ed5,hm_a0f8ed47a107,0.5670037865638733,False
0.05,0.0001,20,sol_2c3abe52a86b6386,ev_ad00d262b13a,hm_a00ad2a2c52a,0.4545454680919647,False
0.2,0.0003,1000,sol_ca574b0889cc2678,ev_ad21d48e2cca,hm_a0f8ed47a107,0.6980133652687073,False
0.2,0.0001,10,sol_f0f250d38d5a1130,ev_ad2f01d32e9e,hm_a00ad2a2c52a,0.4545454680919647,False
0.02,0.0003,1000,sol_57e8498ea08bbd3f,ev_ad61ab9872dc,hm_a0f8ed47a107,3585.111572265625,True
0.1,0.0001,50,sol_0a1fe21d95213e86,ev_adc76306feac,hm_a00ad2a2c52a,0.4545454680919647,False
0.02,0.0003,400,sol_dcb95270c590f781,ev_ae1ab05b4766,hm_a0f8ed47a107,6.643657684326172,False
0.05,0.0001,10,sol_0642b0f5c3ae0c90,ev_ae4139af0986,hm_a00ad2a2c52a,0.4545454680919647,False
0.05,0.0001,20,sol_bea7973b05da8a8b,ev_ae63ac4990da,hm_a00ad2a2c52a,0.4545454680919647,False
0.05,0.0001,400,sol_e02ecf4d78c1a3cb,ev_aefc02e1bc32,hm_a00ad2a2c52a,0.5669755935668945,False
0.05,0.0001,700,sol_c24b6ad77934a387,ev_af388cb7e032,hm_a00ad2a2c52a,0.9122572541236877,False
0.02,0.0001,50,sol_c478c4d147c31f0c,ev_af9a30bcd590,hm_a00ad2a2c52a,0.4545454680919647,False
0.02,0.0001,100,sol_80255a2ffad0974a,ev_b043b713b1ea,hm_a00ad2a2c52a,0.629132866859436,False
0.05,0.0001,400,sol_93beea341c2f473b,ev_b08a2d8cfb26,hm_a00ad2a2c52a,0.5669571757316589,False
0.1,0.0003,10,sol_f8a4e60d9442cac8,ev_b0e24b0a3bfb,hm_a0f8ed47a107,0.4545454680919647,False
0.05,0.0001,100,sol_df6eed6e1f100e04,ev_b100f9538a1b,hm_a00ad2a2c52a,0.4545454680919647,False
0.02,0.0001,1000,sol_9486c2788a4da2de,ev_b105d0a4b78d,hm_a00ad2a2c52a,1.4348725080490112,False
0.2,0.0001,50,sol_ca0edd8046beff9c,ev_b107ab39de1a,hm_a00ad2a2c52a,0.4545454680919647,False
0.2,0.0003,10,sol_72a180fea980714f,ev_b10e0c2b5ad1,hm_a0f8ed47a107,0.4545454680919647,False
0.2,0.0001,100,sol_bc24797b156aa04d,ev_b1222590de9a,hm_a00ad2a2c52a,0.4545454680919647,False
0.01,0.0003,50,sol_a71816bfe7ec8fa0,ev_b126a23f9d76,hm_a0f8ed47a107,1.2612468004226685,False
0.2,0.0003,20,sol_e0f589817c12fefe,ev_b1b52d07a35a,hm_a0f8ed47a107,0.4545454680919647,False
0.1,0.0003,50,sol_8ad9c810b1318011,ev_b1ebfb5a69ca,hm_a0f8ed47a107,0.4545454680919647,False
0.01,0.0003,10,sol_5a09171e743c65f9,ev_b25754756eb4,hm_a0f8ed47a107,0.5670102834701538,False
0.02,0.0001,1000,sol_f28097a22456464e,ev_b26445f497c4,hm_a00ad2a2c52a,2.106431245803833,False
0.02,0.0003,200,sol_2a350398b4e3c5a0,ev_b2f729b83f17,hm_a0f8ed47a107,2.2873599529266357,False
0.2,0.0003,100,sol_b001d3c45cdf229d,ev_b2fc8bbc998a,hm_a0f8ed47a107,0.4545454680919647,False
0.2,0.0001,100,sol_319b37cbca330008,ev_b30f2553ae3e,hm_a00ad2a2c52a,0.4545454680919647,False
0.02,0.0003,1000,sol_f7b84817d4c52434,ev_b341300a1d1c,hm_a0f8ed47a107,18754.693359375,True
0.05,0.0003,10,sol_3c79f2ee4ef09fc8,ev_b35b642707e7,hm_a0f8ed47a107,0.4545454680919647,False
0.1,0.0001,100,sol_e41dc585b729e98a,ev_b361b4cdb161,hm_a00ad2a2c52a,0.4545454680919647,False
0.05,0.0001,20,sol_f975fe48b24adb34,ev_b37bf2984e1e,hm_a00ad2a2c52a,0.4545454680919647,False
0.1,0.0001,200,sol_7b19a9bf650bec54,ev_b3de9411a661,hm_a00ad2a2c52a,0.4545454680919647,False
0.05,0.0003,700,sol_e94dc0d4866f6a50,ev_b4015cd3cd58,hm_a0f8ed47a107,1.9837355613708496,False
0.2,0.0001,10,sol_02d144421647e019,ev_b4086c4068b8,hm_a00ad2a2c52a,0.4545454680919647,False
0.1,0.0003,20,sol_2b798e722d0d1689,ev_b40a005d061b,hm_a0f8ed47a107,0.4545454680919647,False
0.05,0.0003,20,sol_92485f466acf4714,ev_b41004d70adc,hm_a0f8ed47a107,0.4545454680919647,False
0.2,0.0003,700,sol_3257a0b832e71a9c,ev_b41098231764,hm_a0f8ed47a107,0.7172465920448303,False
0.2,0.0003,20,sol_cebdb75e68489090,ev_b4780f258436,hm_a0f8ed47a107,0.4545454680919647,False
0.01,0.0003,10,sol_f700a579787706c6,ev_b4a7c70fdbed,hm_a0f8ed47a107,0.6723390817642212,False
0.02,0.0003,700,sol_c5989b509a89d5f0,ev_b4c89197280c,hm_a0f8ed47a107,40.59702682495117,False
0.01,0.0001,400,sol_bdc6fba7b2294802,ev_b534841934c9,hm_a00ad2a2c52a,1.6632800102233887,False
0.1,0.0003,700,sol_340d93dff06e738a,ev_b5638191f9c9,hm_a0f8ed47a107,1.4345579147338867,False
0.05,0.0001,50,sol_06a125ebf45768a9,ev_b567f518a312,hm_a00ad2a2c52a,0.566979706287384,False
0.02,0.0001,50,sol_4d10885ec40cff79,ev_b5928a205c31,hm_a00ad2a2c52a,0.4545454680919647,False
0.02,0.0001,10,sol_2735349a25dcde74,ev_b5ac73de8b12,hm_a00ad2a2c52a,0.4545454680919647,False
0.02,0.0003,50,sol_fe5e68efbcf024ae,ev_b5cf178404a8,hm_a0f8ed47a107,0.5998731851577759,False
0.01,0.0003,400,sol_c42771dddeb026f2,ev_b5ee5d2708f0,hm_a0f8ed47a107,896.4642333984375,True
0.02,0.0003,700,sol_c0e3f1263ae2dd6b,ev_b618200c6e9e,hm_a0f8ed47a107,615.678955078125,True
0.1,0.0003,10,sol_a0466f7b111be1d5,ev_b642313cd91e,hm_a0f8ed47a107,0.4545454680919647,False
0.2,0.0001,100,sol_ce62c5c725d8b29e,ev_b670147fa15a,hm_a00ad2a2c52a,0.4545454680919647,False
0.2,0.0003,50,sol_ba22204d821b9096,ev_b67d2e77cf9b,hm_a0f8ed47a107,0.5670135021209717,False
0.2,0.0001,10,sol_64913ba24a7ea7c9,ev_b681676006db,hm_a00ad2a2c52a,0.4545454680919647,False
0.05,0.0003,400,sol_cdfdd3e492033a28,ev_b685f69c4191,hm_a0f8ed47a107,1.7610191106796265,False
0.1,0.0003,50,sol_76e61345b8d6320e,ev_b69765bd6608,hm_a0f8ed47a107,0.4545454680919647,False
0.01,0.0003,200,sol_d87d8f3dcf98711e,ev_b69d809a29f4,hm_a0f8ed47a107,115.89214324951172,True
0.05,0.0001,10,sol_7b3765c3f1117210,ev_b6c1aa2ca23e,hm_a00ad2a2c52a,0.4545454680919647,False
0.02,0.0001,10,sol_a581b51b9af20ee8,ev_b7119181cb21,hm_a00ad2a2c52a,0.4545454680919647,False
0.2,0.0003,50,sol_ad58a409bee82b18,ev_b71b7ba564c2,hm_a0f8ed47a107,0.4545454680919647,False
0.1,0.0003,50,sol_c0ee692625769440,ev_b72be752df34,hm_a0f8ed47a107,0.4545454680919647,False
0.2,0.0001,1000,sol_62230faf8dc1d672,ev_b745f60f84b9,hm_a00ad2a2c52a,0.5642270445823669,False
0.02,0.0003,1000,sol_1d73c5b09be40331,ev_b7a1537595a7,hm_a0f8ed47a107,645.2335815429688,True
0.2,0.0001,10,sol_f41965085c8f7967,ev_b7a82955749f,hm_a00ad2a2c52a,0.4545454680919647,False
0.02,0.0003,10,sol_464ca0f0343971ab,ev_b7ec0ef0879a,hm_a0f8ed47a107,0.4545454680919647,False
0.1,0.0003,20,sol_4d8bf50ab5b8bee1,ev_b8233a83364d,hm_a0f8ed47a107,0.4545454680919647,False
0.1,0.0001,200,sol_61eb6b1bff36f69c,ev_b88375c01cfb,hm_a00ad2a2c52a,0.599597156047821,False
0.01,0.0001,100,sol_95098f550113bce0,ev_b88df008741f,hm_a00ad2a2c52a,0.5669966340065002,False
0.1,0.0003,200,sol_c6e257712d66c531,ev_b8a04fd3d06b,hm_a0f8ed47a107,0.5669756531715393,False
0.01,0.0003,50,sol_08308f70ed9adf18,ev_b8c5697ffda1,hm_a0f8ed47a107,1.250940203666687,False
0.01,0.0001,700,sol_b81293411bb54cfb,ev_b8ebfde4cb86,hm_a00ad2a2c52a,8.047114372253418,False
0.01,0.0003,1000,sol_e6eeef0c15400830,ev_b927d9288469,hm_a0f8ed47a107,534.0357055664062,True
0.2,0.0003,200,sol_fee5208cc8b92506,ev_b945cd6932e8,hm_a0f8ed47a107,0.5669738054275513,False
0.2,0.0003,1000,sol_7ab7be2db3514bc7,ev_b94cfdd2467e,hm_a0f8ed47a107,1.4378381967544556,False
0.1,0.0001,700,sol_ecb669616ff1b8a3,ev_b95af56e7f3a,hm_a00ad2a2c52a,0.5996289253234863,False
0.1,0.0001,10,sol_d6e0711491889a45,ev_b98563c274da,hm_a00ad2a2c52a,0.4545454680919647,False
0.01,0.0003,50,sol_29c5666c2fd8293b,ev_b994a7422e7d,hm_a0f8ed47a107,0.7600624561309814,False
0.1,0.0003,1000,sol_cd896b11122681bb,ev_b9a7a919c010,hm_a0f8ed47a107,1.4349116086959839,False
0.05,0.0003,400,sol_940232b4c9eb05aa,ev_b9cd785cf18d,hm_a0f8ed47a107,0.9154342412948608,False
0.2,0.0003,10,sol_85a89af15335ad50,ev_b9ffd8ac788e,hm_a0f8ed47a107,0.4545454680919647,False
0.01,0.0001,400,sol_3f993c4106fc093a,ev_ba0f0d29bc73,hm_a00ad2a2c52a,3.7067911624908447,False
0.2,0.0003,1000,sol_0e1482e21b093c74,ev_ba111bb3aaa3,hm_a0f8ed47a107,0.9735715985298157,False
0.2,0.0003,50,sol_ca412d1bd6f96c85,ev_babd08af816a,hm_a0f8ed47a107,0.4545454680919647,False
0.01,0.0001,700,sol_9a583dd107f72abb,ev_bac5fa3819d3,hm_a00ad2a2c52a,21.758941650390625,False
0.01,0.0001,10,sol_e6f8f943296ae183,ev_baca0b622069,hm_a00ad2a2c52a,0.4545454680919647,False
0.01,0.0003,400,sol_51faece2ba440319,ev_bace866ebb71,hm_a0f8ed47a107,2364.5048828125,True
0.05,0.0003,100,sol_31bbdd6361f9b801,ev_bad70d767bbe,hm_a0f8ed47a107,0.5670021176338196,False
0.01,0.0001,20,sol_b5a1631f8b84e1e8,ev_bb1eac8e73fd,hm_a00ad2a2c52a,0.6000000238418579,False
0.1,0.0003,400,sol_add375b4af2cf713,ev_bb4282ccb621,hm_a0f8ed47a107,1.3627378940582275,False
0.02,0.0001,1000,sol_bc18bd5794450db7,ev_bb4ecea07487,hm_a00ad2a2c52a,4.502727508544922,False
0.01,0.0001,200,sol_6680cebb3dabada9,ev_bb8a22b71733,hm_a00ad2a2c52a,0.915473222732544,False
0.05,0.0003,50,sol_16612ddfb8a7b54c,ev_bc08acc65540,hm_a0f8ed47a107,0.6000000238418579,False
0.01,0.0003,10,sol_002b9db438784d60,ev_bc3d8896f7ba,hm_a0f8ed47a107,0.4545454680919647,False
0.01,0.0003,10,sol_dcbe06eb664de182,ev_bc5ea0cc36e7,hm_a0f8ed47a107,0.4545454680919647,False
0.2,0.0003,20,sol_18bf46929bf49ca6,ev_bc9d6dff238c,hm_a0f8ed47a107,0.4545454680919647,False
0.2,0.0003,1000,sol_a0c86f02a4462820,ev_bccdb40f2187,hm_a0f8ed47a107,0.9511505365371704,False
0.1,0.0001,20,sol_6508c00c29f78405,ev_bccead2ae2bb,hm_a00ad2a2c52a,0.4545454680919647,False
0.1,0.0003,20,sol_548bc7601d18fda8,ev_bd09416a7b3d,hm_a0f8ed47a107,0.4545454680919647,False
0.1,0.0003,1000,sol_7973a98066d2b98a,ev_bd39bfb23fb1,hm_a0f8ed47a107,2.108586549758911,False
0.01,0.0003,700,sol_57f0a0f63dd41d14,ev_bd73f2583d95,hm_a0f8ed47a107,651.8602294921875,True
0.1,0.0001,20,sol_fc062b9312f225db,ev_bd7501bf2d90,hm_a00ad2a2c52a,0.4545454680919647,False
0.02,0.0003,1000,sol_f45b5ff4c3cdc651,ev_bd771994c467,hm_a0f8ed47a107,1065.0811767578125,True
0.2,0.0001,400,sol_54b6df9d89f74f8b,ev_bd8722e45cf9,hm_a00ad2a2c52a,0.4545454680919647,False
0.02,0.0001,1000,sol_41b3f22fac2ba40b,ev_be275ed4174a,hm_a00ad2a2c52a,4.564063549041748,False
0.2,0.0003,1000,sol_b44fbcd26ead4c6d,ev_bea9827ba140,hm_a0f8ed47a107,1.0934171676635742,False
0.2,0.0003,200,sol_2c3b4b01324dd239,ev_bec11b380b8b,hm_a0f8ed47a107,0.4545454680919647,False
0.02,0.0001,200,sol_473206c6f25a4d63,ev_bec1a7efd114,hm_a00ad2a2c52a,1.0602173805236816,False
0.01,0.0003,1000,sol_172e3987dc813751,ev_bf1cca266f7d,hm_a0f8ed47a107,486.16827392578125,True
0.01,0.0001,200,sol_f8011dbab1768dc2,ev_bf40404b12ed,hm_a00ad2a2c52a,2.0660367012023926,False
0.02,0.0003,1000,sol_d1b5850f7c2d9678,ev_bf6e56601b12,hm_a0f8ed47a107,735.233642578125,True
0.01,0.0001,50,sol_de6f54ab8dec16e0,ev_bfa26fbc1f5b,hm_a00ad2a2c52a,0.5669827461242676,False
0.01,0.0001,100,sol_02cb92334dc676ce,ev_bfa47d999b97,hm_a00ad2a2c52a,0.7347511649131775,False
0.01,0.0001,200,sol_93a5d1096abb31c0,ev_bfb42623820a,hm_a00ad2a2c52a,1.0602244138717651,False
0.01,0.0003,100,sol_8f2070611fbf436b,ev_bfc390127870,hm_a0f8ed47a107,1.6529209613800049,False
0.05,0.0003,20,sol_92749267611c4125,ev_bff1d668eccd,hm_a0f8ed47a107,0.4545454680919647,False
0.01,0.0003,200,sol_86510a34a05e5b50,ev_c0420a627447,hm_a0f8ed47a107,18.155534744262695,False
0.01,0.0003,1000,sol_673025d63ed3621b,ev_c05f4ec6e822,hm_a0f8ed47a107,573.1864624023438,True
0.2,0.0001,100,sol_b3504c6f76149694,ev_c05fe4e1ea17,hm_a00ad2a2c52a,0.4545454680919647,False
0.01,0.0001,400,sol_28af6599322ed8f7,ev_c06bbe3bd84b,hm_a00ad2a2c52a,1.7839717864990234,False
0.2,0.0003,50,sol_ae3341b28e114797,ev_c0b3708185f0,hm_a0f8ed47a107,0.4545454680919647,False
0.01,0.0003,700,sol_938fc484c9c19afb,ev_c0c231069dc8,hm_a0f8ed47a107,726.5357666015625,True
0.1,0.0001,400,sol_e2bbcca94853877c,ev_c0f986e505f4,hm_a00ad2a2c52a,0.5669602155685425,False
0.05,0.0001,10,sol_671dfb125f2662d2,ev_c1332f925556,hm_a00ad2a2c52a,0.4545454680919647,False
0.05,0.0001,10,sol_0534162cc836b866,ev_c16ec52873b9,hm_a00ad2a2c52a,0.4545454680919647,False
0.2,0.0003,200,sol_40fc1d53b1f48b2c,ev_c177de350e9d,hm_a0f8ed47a107,0.4545454680919647,False
0.01,0.0001,20,sol_64d84088f651fcd9,ev_c190e435dcdb,hm_a00ad2a2c52a,0.5670102834701538,False
0.01,0.0001,400,sol_a835b6248f434707,ev_c1b40d692bc0,hm_a00ad2a2c52a,2.3984837532043457,False
0.02,0.0001,20,sol_3f85d9772934e21b,ev_c1b81b585977,hm_a00ad2a2c52a,0.4545454680919647,False
0.2,0.0003,700,sol_6724da55c8b0f8c5,ev_c20c9859d5ac,hm_a0f8ed47a107,0.5669916868209839,False
0.2,0.0003,100,sol_93442614514ca085,ev_c249ba43f0c2,hm_a0f8ed47a107,0.4545454680919647,False
0.02,0.0001,400,sol_8e3e5fc87981c512,ev_c26aaea9f9f8,hm_a00ad2a2c52a,0.9403524994850159,False
0.05,0.0001,10,sol_44eee8dfa9ebe2c9,ev_c276c054b2f1,hm_a00ad2a2c52a,0.4545454680919647,False
0.02,0.0003,200,sol_b7fcbc15c0e34f59,ev_c297e72c7e29,hm_a0f8ed47a107,1.4350028038024902,False
0.1,0.0001,100,sol_e80c519da7e47551,ev_c2adf159adde,hm_a00ad2a2c52a,0.4545454680919647,False
0.05,0.0003,50,sol_4e5b4b3a0103d18d,ev_c2cc4ac21812,hm_a0f8ed47a107,0.4545454680919647,False
0.02,0.0003,10,sol_ab450a91b01aec2a,ev_c2e60d90c3c8,hm_a0f8ed47a107,0.4545454680919647,False
0.2,0.0001,200,sol_308f97a3479b2f6f,ev_c2f989c5a567,hm_a00ad2a2c52a,0.4545454680919647,False
0.1,0.0001,10,sol_ab56e89573dfff25,ev_c37c62c07b13,hm_a00ad2a2c52a,0.4545454680919647,False
0.2,0.0003,50,sol_6e7d7367f3b12070,ev_c3c6d8fe99a4,hm_a0f8ed47a107,0.4545454680919647,False
0.02,0.0003,20,sol_1b778ae076c0bb90,ev_c3e63f72a1cc,hm_a0f8ed47a107,0.5670102834701538,False
0.01,0.0003,1000,sol_9b7bf62592922731,ev_c3eb1986496b,hm_a0f8ed47a107,520.061279296875,True
0.02,0.0003,1000,sol_a6136ebc995748b8,ev_c4409aed6e8e,hm_a0f8ed47a107,342.743896484375,True
0.01,0.0001,50,sol_bb5c44171d08b7b7,ev_c445e755a450,hm_a00ad2a2c52a,0.7349479794502258,False
0.01,0.0001,1000,sol_9f2841f2bab313f0,ev_c450d40c1239,hm_a00ad2a2c52a,90.70149230957031,True
0.05,0.0003,200,sol_5ed5de6116fb5c66,ev_c4c5d54c40c2,hm_a0f8ed47a107,0.7608412504196167,False
0.01,0.0003,10,sol_fbf7618ef95cae3c,ev_c4e8c915baeb,hm_a0f8ed47a107,0.5670102834701538,False
0.02,0.0001,200,sol_41c91d91b26d7e41,ev_c50236ad9eae,hm_a00ad2a2c52a,0.7607814073562622,False
0.05,0.0003,400,sol_ce459c247b613640,ev_c5326afeb37e,hm_a0f8ed47a107,1.5981791019439697,False
0.01,0.0003,700,sol_765fe10d80089227,ev_c53693031f47,hm_a0f8ed47a107,828.2889404296875,True
0.2,0.0001,1000,sol_ddddc75bf2fb4926,ev_c54e1ea88735,hm_a00ad2a2c52a,0.5641940236091614,False
0.1,0.0003,200,sol_44b13a2dbc26ace9,ev_c54fcf4da914,hm_a0f8ed47a107,0.7668326497077942,False
0.05,0.0001,400,sol_001582867718b77d,ev_c58a63f1dbd8,hm_a00ad2a2c52a,0.5994380712509155,False
0.02,0.0001,700,sol_ec013633de49fbc0,ev_c599ba0cb06d,hm_a00ad2a2c52a,2.084886074066162,False
0.02,0.0001,200,sol_7d74924d5babf129,ev_c59dda060c6c,hm_a00ad2a2c52a,1.0935542583465576,False
0.1,0.0001,20,sol_3ed9e22eace76cae,ev_c5f0497e6b49,hm_a00ad2a2c52a,0.4545454680919647,False
0.05,0.0001,1000,sol_f7b48f2fc40bbc28,ev_c64c87e6e5f5,hm_a00ad2a2c52a,1.2029669284820557,False
0.01,0.0003,200,sol_21febd6559a9edac,ev_c67cf3c9875f,hm_a0f8ed47a107,15.886455535888672,False
0.05,0.0003,10,sol_dc89b0476005376b,ev_c68b510431ad,hm_a0f8ed47a107,0.4545454680919647,False
0.02,0.0001,700,sol_b0f2fa7270f0a5f6,ev_c69af49221e8,hm_a00ad2a2c52a,1.1917200088500977,False
0.2,0.0003,100,sol_9d1729d010887798,ev_c6a480deaa2a,hm_a0f8ed47a107,0.4545454680919647,False
0.2,0.0001,10,sol_edaa709f436f175f,ev_c6aa3fb1789a,hm_a00ad2a2c52a,0.4545454680919647,False
0.02,0.0003,400,sol_db4e0d51f1a1b894,ev_c6ace37a6ec1,hm_a0f8ed47a107,5.106855869293213,False
0.1,0.0001,200,sol_018f9daf11dc4fb0,ev_c6c039198006,hm_a00ad2a2c52a,0.5997105836868286,False
0.1,0.0003,10,sol_7c85e69631ee5e48,ev_c6e93b2743a9,hm_a0f8ed47a107,0.4545454680919647,False
0.2,0.0001,100,sol_46478e52a2b447f0,ev_c71ade5c520d,hm_a00ad2a2c52a,0.4545454680919647,False
0.2,0.0003,50,sol_990093f0f09a1b4f,ev_c7396b681fbf,hm_a0f8ed47a107,0.4545454680919647,False
0.02,0.0003,10,sol_b61d6911544793db,ev_c7795a73ab80,hm_a0f8ed47a107,0.4545454680919647,False
0.05,0.0003,10,sol_af80127737c031ad,ev_c7855f7e1199,hm_a0f8ed47a107,0.4545454680919647,False
0.01,0.0003,50,sol_5119ded306326e8f,ev_c7b66a9b7160,hm_a0f8ed47a107,1.192305564880371,False
0.2,0.0001,200,sol_f8726da2b1e64f3a,ev_c7be1e7d361b,hm_a00ad2a2c52a,0.566974937915802,False
0.1,0.0001,50,sol_47728e9d817cec96,ev_c7f440dfa9cb,hm_a00ad2a2c52a,0.4545454680919647,False
0.1,0.0001,400,sol_ba65ff1a465dee63,ev_c84b3340ad0b,hm_a00ad2a2c52a,1.0912891626358032,False
0.01,0.0003,200,sol_34324c14817ad691,ev_c8633f4d3b18,hm_a0f8ed47a107,25.66506576538086,False
0.2,0.0001,50,sol_5d8bdc97ca3a640a,ev_c872305d9a47,hm_a00ad2a2c52a,0.4545454680919647,False
0.2,0.0001,20,sol_1aeb0cdecf39c7a2,ev_c87808fcadad,hm_a00ad2a2c52a,0.4545454680919647,False
0.05,0.0003,1000,sol_fa9e733614f71d42,ev_c88c2e2bf2a2,hm_a0f8ed47a107,9.753944396972656,False
0.01,0.0003,700,sol_d1bbd6de7b1eea81,ev_c89d35afee1c,hm_a0f8ed47a107,718.0827026367188,True
0.02,0.0001,50,sol_43583fe707bfff03,ev_c8b0643ddbf3,hm_a00ad2a2c52a,0.6000005602836609,False
0.1,0.0003,20,sol_2e924b4602edd294,ev_c8ddb775e273,hm_a0f8ed47a107,0.4545454680919647,False
0.05,0.0003,700,sol_6279acfc33ff5efc,ev_c8e3b4035044,hm_a0f8ed47a107,1.2995933294296265,False
0.05,0.0003,20,sol_6e7ef596b674d4e9,ev_c90c937208f5,hm_a0f8ed47a107,0.6000000238418579,False
0.05,0.0003,10,sol_9dc386d71dd34ec5,ev_c91fdc4c4fbf,hm_a0f8ed47a107,0.4545454680919647,False
0.02,0.0001,100,sol_0643e814e1f3a8e8,ev_c92ccedcec5a,hm_a00ad2a2c52a,0.698143482208252,False
0.02,0.0001,20,sol_317f3ef60b1df14c,ev_c9520705128d,hm_a00ad2a2c52a,0.4545454680919647,False
0.05,0.0003,10,sol_cb65e3b6135803f2,ev_c994cb5321be,hm_a0f8ed47a107,0.4545454680919647,False
0.2,0.0001,200,sol_b987b1f44d9a7569,ev_c9e3ee6a5a24,hm_a00ad2a2c52a,0.4545454680919647,False
0.01,0.0003,20,sol_333e9d1d0b173cc1,ev_c9fa0e2ca59a,hm_a0f8ed47a107,0.8536585569381714,False
0.02,0.0003,100,sol_f9714f841b434235,ev_ca07c8ddf73c,hm_a0f8ed47a107,1.6925007104873657,False
0.02,0.0003,50,sol_e792f82f1c1803a0,ev_cac72d4fad2c,hm_a0f8ed47a107,0.5999591946601868,False
0.05,0.0003,400,sol_4e04fd05669f8363,ev_cad85a3910b8,hm_a0f8ed47a107,1.1130130290985107,False
0.1,0.0001,20,sol_4275134c207405dc,ev_cb210f763f67,hm_a00ad2a2c52a,0.4545454680919647,False
0.1,0.0003,50,sol_ae90e90ee0ef68b1,ev_cb43012123c1,hm_a0f8ed47a107,0.566977858543396,False
0.2,0.0001,100,sol_5924d9a7a06234ba,ev_cb53e34d89f7,hm_a00ad2a2c52a,0.4545454680919647,False
0.05,0.0001,10,sol_07320c40f05a971c,ev_cb80bfe74deb,hm_a00ad2a2c52a,0.4545454680919647,False
0.05,0.0001,50,sol_96a0655f9545dbfb,ev_cbb1b0de4ebc,hm_a00ad2a2c52a,0.4545454680919647,False
0.02,0.0003,10,sol_475a603126ac0249,ev_cbb88fbaffea,hm_a0f8ed47a107,0.4545454680919647,False
0.2,0.0003,1000,sol_e3b8f09085570799,ev_cbd126c29b57,hm_a0f8ed47a107,0.8551318049430847,False
0.01,0.0003,700,sol_c364d7a142dfc84d,ev_cbee597b55d7,hm_a0f8ed47a107,624.095703125,True
0.1,0.0003,700,sol_940365ee5cbe3afd,ev_cc12c8af83a3,hm_a0f8ed47a107,1.0929477214813232,False
0.1,0.0001,100,sol_17813d2016d72c57,ev_cc1b99a78fcb,hm_a00ad2a2c52a,0.4545454680919647,False
0.01,0.0001,700,sol_c507aa81031f5442,ev_cc1c189406db,hm_a00ad2a2c52a,3.5152571201324463,False
0.02,0.0001,20,sol_e52ad9f6b17ba249,ev_cc9ee9117914,hm_a00ad2a2c52a,0.4545454680919647,False
0.05,0.0001,100,sol_152c8f339c3cfc4a,ev_cca388c05414,hm_a00ad2a2c52a,0.4545454680919647,False
0.01,0.0001,700,sol_21d0e55f8b777b60,ev_ccb1b11ea772,hm_a00ad2a2c52a,3.750507354736328,False
0.01,0.0003,100,sol_7a87aab654bf6b13,ev_ccd9ef0d05e7,hm_a0f8ed47a107,1.7482858896255493,False
0.2,0.0003,50,sol_894afebb1803c0e9,ev_cce9e0303da4,hm_a0f8ed47a107,0.4545454680919647,False
0.05,0.0001,100,sol_7eb91087d9b4fc7f,ev_cceb029f3248,hm_a00ad2a2c52a,0.4545454680919647,False
0.05,0.0003,100,sol_e920a8034b9d92e4,ev_cd3eab2fc390,hm_a0f8ed47a107,0.8030909299850464,False
0.2,0.0001,10,sol_7f009f4be99f1070,ev_cd410e3a70f9,hm_a00ad2a2c52a,0.4545454680919647,False
0.1,0.0001,10,sol_a82bb4714211890d,ev_cd6bb2d9765b,hm_a00ad2a2c52a,0.4545454680919647,False
0.01,0.0003,700,sol_1785d65b4aedc494,ev_cd7121a93ee2,hm_a0f8ed47a107,639.1742553710938,True
0.1,0.0003,400,sol_fabf1a8fbf90fcef,ev_cd923f253ff7,hm_a0f8ed47a107,0.8618105053901672,False
0.1,0.0001,20,sol_0d390a501de31597,ev_cdadc0fcdb86,hm_a00ad2a2c52a,0.4545454680919647,False
0.01,0.0003,10,sol_c7a90257ce62760e,ev_cdf0e604bf36,hm_a0f8ed47a107,0.4545454680919647,False
0.02,0.0003,10,sol_4ec66250b0d25bfd,ev_cdf4b90e1ac9,hm_a0f8ed47a107,0.4545454680919647,False
0.02,0.0003,1000,sol_154a46b5b90509d6,ev_ce4027309af2,hm_a0f8ed47a107,17529.58203125,True
0.1,0.0003,400,sol_164c81a423cd23d9,ev_ce53ebe4bb02,hm_a0f8ed47a107,1.3918825387954712,False
0.2,0.0003,100,sol_853fc6bf94a7d51a,ev_ce62b6de7204,hm_a0f8ed47a107,0.4545454680919647,False
0.1,0.0001,700,sol_37132e037c984bc4,ev_ce7a731bdcfe,hm_a00ad2a2c52a,1.4354040622711182,False
0.02,0.0003,400,sol_1f1d6f31fe332bfa,ev_cee0f7443d67,hm_a0f8ed47a107,4.699552536010742,False
0.1,0.0003,400,sol_d84fa07d3884a0a9,ev_cf0c88c88116,hm_a0f8ed47a107,1.3147348165512085,False
0.2,0.0003,1000,sol_9447fe501905b597,ev_cf201266e218,hm_a0f8ed47a107,1.4999369382858276,False
0.05,0.0001,400,sol_47532455e3764e7f,ev_cf2e96230d24,hm_a00ad2a2c52a,0.6719524264335632,False
0.01,0.0001,700,sol_84e66f9d60380a16,ev_cf4a16bff86e,hm_a00ad2a2c52a,38.48823165893555,False
0.02,0.0003,100,sol_8b17d930f8cf7a1e,ev_cf6c6221ed4d,hm_a0f8ed47a107,1.3004549741744995,False
0.1,0.0003,1000,sol_d97809ba8da6c816,ev_cf7f8ebc6d48,hm_a0f8ed47a107,1.665995478630066,False
0.2,0.0003,10,sol_0e0ed74648bee788,ev_cf8cd52da625,hm_a0f8ed47a107,0.4545454680919647,False
0.2,0.0001,50,sol_98551a4a0d11bfe2,ev_cf9463f6c806,hm_a00ad2a2c52a,0.4545454680919647,False
0.02,0.0003,400,sol_130434af359bae5b,ev_cfc8ae34400f,hm_a0f8ed47a107,53.790287017822266,True
0.1,0.0001,20,sol_4f31591c0164cbab,ev_cfece671a908,hm_a00ad2a2c52a,0.4545454680919647,False
0.1,0.0001,400,sol_1586603368a42d88,ev_cfedc12c7f39,hm_a00ad2a2c52a,0.6708555221557617,False
0.1,0.0001,1000,sol_160b4f26de04d904,ev_d004f0738d7b,hm_a00ad2a2c52a,1.1923449039459229,False
0.2,0.0001,20,sol_5f6e96aeb047f600,ev_d082c098b229,hm_a00ad2a2c52a,0.4545454680919647,False
0.1,0.0001,20,sol_8cf3106ec837e7d6,ev_d1001f57592d,hm_a00ad2a2c52a,0.4545454680919647,False
0.05,0.0003,700,sol_ba34e8388dc2b99c,ev_d16a424c8a0c,hm_a0f8ed47a107,1.7379863262176514,False
0.02,0.0001,50,sol_f55e99889df3846f,ev_d18c93640866,hm_a00ad2a2c52a,0.4545454680919647,False
0.05,0.0003,10,sol_0e3b752adeaf3a67,ev_d19e8d0557db,hm_a0f8ed47a107,0.4545454680919647,False
0.02,0.0001,50,sol_238012c003f1a698,ev_d1bcf4010a36,hm_a00ad2a2c52a,0.5669759511947632,False
0.1,0.0001,50,sol_60d4ff1cd37a5e46,ev_d1d16d44ef2d,hm_a00ad2a2c52a,0.4545454680919647,False
0.2,0.0003,400,sol_cd37e34d16507cdb,ev_d1f0e80895f3,hm_a0f8ed47a107,0.5669674873352051,False
0.2,0.0003,700,sol_c640a27dfb7ad680,ev_d206f229e7bb,hm_a0f8ed47a107,0.5997785329818726,False
0.1,0.0003,700,sol_e02a987124fa819b,ev_d21bbef5010c,hm_a0f8ed47a107,0.9621548652648926,False
0.02,0.0001,200,sol_e145f4e772a0f114,ev_d27c69ab619c,hm_a00ad2a2c52a,0.8211448788642883,False
0.1,0.0003,100,sol_cc107d360395d33f,ev_d2b45581ce93,hm_a0f8ed47a107,0.4545454680919647,False
0.05,0.0001,100,sol_eab61adc040afb91,ev_d2f9996cd3d3,hm_a00ad2a2c52a,0.4545454680919647,False
0.01,0.0001,50,sol_63e5ca78499d47a6,ev_d2fbbefb0705,hm_a00ad2a2c52a,0.4545454680919647,False
0.02,0.0001,50,sol_70265a2f45bbb18b,ev_d31f2f6abbad,hm_a00ad2a2c52a,0.4545454680919647,False
0.1,0.0003,100,sol_dbcb5d394c3697ba,ev_d387e87d7119,hm_a0f8ed47a107,0.566975474357605,False
0.1,0.0003,1000,sol_25cf86422e35f084,ev_d3ba71a8a58a,hm_a0f8ed47a107,1.1550053358078003,False
0.01,0.0003,100,sol_87de246620339657,ev_d3ea635eff41,hm_a0f8ed47a107,2.6943962574005127,False
0.02,0.0003,50,sol_30e2162e19bfb4aa,ev_d4045a99bb61,hm_a0f8ed47a107,1.1923105716705322,False
0.02,0.0001,1000,sol_c899407be2f2f140,ev_d408ecf015dc,hm_a00ad2a2c52a,1.7956316471099854,False
0.2,0.0001,700,sol_693cb4dfdaed348c,ev_d4565e4d7a5e,hm_a00ad2a2c52a,0.5642531514167786,False
0.05,0.0001,50,sol_1ec3d07a9691fc73,ev_d4e0ebfe9baa,hm_a00ad2a2c52a,0.4545454680919647,False
0.1,0.0003,50,sol_2bdafcd27a249e1d,ev_d4e61b93e17d,hm_a0f8ed47a107,0.4545454680919647,False
0.05,0.0003,20,sol_3548b5aee294cd64,ev_d54147f47b21,hm_a0f8ed47a107,0.4545454680919647,False
0.05,0.0003,400,sol_648963e01f18043d,ev_d5c5f71e6b18,hm_a0f8ed47a107,1.0935157537460327,False
0.01,0.0003,200,sol_26816b1e2db2fd0c,ev_d5d5bc9b55de,hm_a0f8ed47a107,103.45049285888672,True
0.1,0.0003,1000,sol_8a0cd405e4fab34a,ev_d5f7e9b4cc0a,hm_a0f8ed47a107,1.277626395225525,False
0.2,0.0001,700,sol_9c70da2697c05742,ev_d617018fe14b,hm_a00ad2a2c52a,0.5641376376152039,False
0.2,0.0001,50,sol_9272f1ec792744be,ev_d61f6b6aa377,hm_a00ad2a2c52a,0.4545454680919647,False
0.2,0.0003,100,sol_d1b7dca0ca101de9,ev_d6425f939f44,hm_a0f8ed47a107,0.4545454680919647,False
0.01,0.0001,100,sol_ab315a366483318b,ev_d6427e6a44d0,hm_a00ad2a2c52a,0.9859445095062256,False
0.01,0.0001,10,sol_f6a339c47e78e1dd,ev_d675b3378861,hm_a00ad2a2c52a,0.4545454680919647,False
0.1,0.0003,200,sol_475714b85742b7b5,ev_d685e1b6a10c,hm_a0f8ed47a107,0.5669751763343811,False
0.2,0.0003,200,sol_1b8ee79b7c2b85e8,ev_d6cf12c7ce6e,hm_a0f8ed47a107,0.4545454680919647,False
0.1,0.0003,200,sol_01d0b5b7e8f0774f,ev_d6f882dfa852,hm_a0f8ed47a107,0.9213991165161133,False
0.02,0.0003,50,sol_11de13e371a035e0,ev_d74879f4ea93,hm_a0f8ed47a107,1.576857089996338,False
0.2,0.0001,20,sol_451ca50b5d0b1d57,ev_d761eefd20b4,hm_a00ad2a2c52a,0.4545454680919647,False
0.01,0.0001,50,sol_729e16ded86b54da,ev_d7db927ceb7e,hm_a00ad2a2c52a,0.5999525785446167,False
0.2,0.0001,20,sol_0e25c39f8acad391,ev_d81871236592,hm_a00ad2a2c52a,0.4545454680919647,False
0.01,0.0003,10,sol_b49dacd4f16e9378,ev_d85a28a099f9,hm_a0f8ed47a107,0.4545454680919647,False
0.02,0.0003,100,sol_dfc39ce50d5aac3d,ev_d85f38083e47,hm_a0f8ed47a107,1.0734398365020752,False
0.2,0.0003,1000,sol_07618443cb798b63,ev_d86dcd0d76db,hm_a0f8ed47a107,0.8754594326019287,False
0.01,0.0003,100,sol_ee20313ef0f5643d,ev_d87a01d1858d,hm_a0f8ed47a107,2.813234329223633,False
0.02,0.0003,200,sol_5d112b5b3683516c,ev_d986c1c24c1d,hm_a0f8ed47a107,1.4332375526428223,False
0.05,0.0001,400,sol_422b716e3eda5c82,ev_d9a7d23b4a29,hm_a00ad2a2c52a,0.6549580693244934,False
0.1,0.0003,100,sol_64f31b83e0b4196d,ev_d9e32ef00d2c,hm_a0f8ed47a107,0.5669743418693542,False
0.1,0.0001,10,sol_7f02e44fd582723a,ev_da22331ea31d,hm_a00ad2a2c52a,0.4545454680919647,False
0.2,0.0003,200,sol_bcb154849d48cdc6,ev_da3fbb1bbbb6,hm_a0f8ed47a107,0.5669743418693542,False
0.05,0.0001,1000,sol_b656ad70277d5f9d,ev_da66dc55b8f2,hm_a00ad2a2c52a,1.1766060590744019,False
0.1,0.0001,700,sol_581bb7d042018017,ev_da6fc081661a,hm_a00ad2a2c52a,0.5669694542884827,False
0.2,0.0001,10,sol_7205d3a459f97986,ev_daa7a322f358,hm_a00ad2a2c52a,0.4545454680919647,False
0.1,0.0003,50,sol_092a669eddc8f88a,ev_dab8073c2344,hm_a0f8ed47a107,0.5669783353805542,False
0.05,0.0001,200,sol_d42a71b324d260a3,ev_dadd7dbced34,hm_a00ad2a2c52a,0.5669695138931274,False
0.02,0.0003,10,sol_50012d16f61456f1,ev_db23be6cb061,hm_a0f8ed47a107,0.4545454680919647,False
0.05,0.0003,100,sol_1d9c2082f14a6ec0,ev_db305e7858a9,hm_a0f8ed47a107,0.8459783792495728,False
0.05,0.0001,100,sol_bc0ecc437322a953,ev_db77d4cb1af2,hm_a00ad2a2c52a,0.5669745206832886,False
0.1,0.0003,700,sol_b65a24ef9e5c1678,ev_db8c6d5fb271,hm_a0f8ed47a107,1.037219524383545,False
0.02,0.0003,50,sol_3fdc3ee3eb4cf04a,ev_dbca83fe18ae,hm_a0f8ed47a107,0.5669800639152527,False
0.05,0.0003,1000,sol_57a3347ad4de5a0d,ev_dbe1417b8805,hm_a0f8ed47a107,2.0098648071289062,False
0.01,0.0001,10,sol_d53b4fd7ffa2dbad,ev_dc025b68682b,hm_a00ad2a2c52a,0.4545454680919647,False
0.02,0.0001,700,sol_c42f0b708ded0a37,ev_dc3271cda2a6,hm_a00ad2a2c52a,1.5768296718597412,False
0.05,0.0003,20,sol_bc196baa1602662c,ev_dc4468bb55f8,hm_a0f8ed47a107,0.4545454680919647,False
0.1,0.0001,200,sol_ea9bb3577e6f4fb0,ev_dc891f28dbeb,hm_a00ad2a2c52a,0.5669739246368408,False
0.1,0.0003,10,sol_de41090e62514dda,ev_dca8b1c16393,hm_a0f8ed47a107,0.4545454680919647,False
0.05,0.0001,50,sol_c06f09530787ef8f,ev_dce049c4a53f,hm_a00ad2a2c52a,0.4545454680919647,False
0.1,0.0001,200,sol_b4acb3d40b8c0b76,ev_dcf07cb3e281,hm_a00ad2a2c52a,0.5669745206832886,False
0.02,0.0003,200,sol_cac929935f250a6e,ev_dcf3db99d402,hm_a0f8ed47a107,1.6560527086257935,False
0.01,0.0001,50,sol_5035ae7e8b7ec5cd,ev_dd028a347b4a,hm_a00ad2a2c52a,0.6425793766975403,False
0.05,0.0001,1000,sol_40fc698bf695fc9a,ev_dd0723fa07a9,hm_a00ad2a2c52a,1.1530455350875854,False
0.01,0.0001,10,sol_67b52a436f982518,ev_dd24b1fc9ebb,hm_a00ad2a2c52a,0.4545454680919647,False
0.1,0.0001,100,sol_3192835358e465cd,ev_dd2892201b92,hm_a00ad2a2c52a,0.5669767260551453,False
0.2,0.0003,100,sol_6b363fa3d726918c,ev_dd5f59989ba7,hm_a0f8ed47a107,0.4545454680919647,False
0.01,0.0003,20,sol_2bc19ef00f81b2fe,ev_dd84251c754b,hm_a0f8ed47a107,0.6983240246772766,False
0.05,0.0003,50,sol_f33a7bc58246434e,ev_dd97dabec733,hm_a0f8ed47a107,0.5669755339622498,False
0.1,0.0003,1000,sol_c57751fa575522a6,ev_ddb7fee354e8,hm_a0f8ed47a107,0.7981853485107422,False
0.01,0.0001,50,sol_565b33dfe90fca6f,ev_ddd0e4692b2a,hm_a00ad2a2c52a,0.6291313767433167,False
0.01,0.0001,400,sol_9a62558124757f23,ev_de551f564a09,hm_a00ad2a2c52a,3.257937431335449,False
0.1,0.0001,1000,sol_defda52f8e204ee5,ev_de8646020d4b,hm_a00ad2a2c52a,1.5000218152999878,False
0.2,0.0003,20,sol_455d8866a1aa43f3,ev_ded897820273,hm_a0f8ed47a107,0.4545454680919647,False
0.1,0.0003,20,sol_dfc53d480fd55bd5,ev_df0a51078c29,hm_a0f8ed47a107,0.4545454680919647,False
0.1,0.0001,10,sol_5381e7a19896f766,ev_df13f43ff362,hm_a00ad2a2c52a,0.4545454680919647,False
0.2,0.0003,10,sol_6f6ab388ab7e6f29,ev_df915e55d1f1,hm_a0f8ed47a107,0.4545454680919647,False
0.05,0.0003,1000,sol_612c984af09e302b,ev_dfb62013c701,hm_a0f8ed47a107,2.3121702671051025,False
0.1,0.0001,20,sol_d28636c8d12a93bb,ev_e06703395da3,hm_a00ad2a2c52a,0.4545454680919647,False
0.1,0.0001,200,sol_eaf384246fc832db,ev_e0997707c5f9,hm_a00ad2a2c52a,0.4545454680919647,False
0.02,0.0001,400,sol_b5b2763b1e5b2984,ev_e0a4c51220ce,hm_a00ad2a2c52a,1.060227632522583,False
0.01,0.0001,20,sol_5f6f2c9d4c3fc928,ev_e10ca188d4a0,hm_a00ad2a2c52a,0.4545454680919647,False
0.01,0.0003,700,sol_6893befdb7aebaad,ev_e11bb6b8f415,hm_a0f8ed47a107,717.037109375,True
0.1,0.0001,700,sol_fc567766f81ceb36,ev_e14d9998ec74,hm_a00ad2a2c52a,0.5669677257537842,False
0.01,0.0003,50,sol_bfff1f20a84f1618,ev_e1673d46320f,hm_a0f8ed47a107,10.351447105407715,False
0.02,0.0003,10,sol_25ba4e7ab5956e64,ev_e192a341cc30,hm_a0f8ed47a107,0.4545454680919647,False
0.01,0.0001,20,sol_cb35c13892a7316d,ev_e194103830a5,hm_a00ad2a2c52a,0.4545454680919647,False
0.01,0.0003,100,sol_bed62e082cf6ca39,ev_e1b44ef602bb,hm_a0f8ed47a107,3.5482866764068604,False
0.2,0.0001,20,sol_1663593a0ed93548,ev_e1b4527f8c8c,hm_a00ad2a2c52a,0.4545454680919647,False
0.05,0.0001,200,sol_1fab579ba12d2288,ev_e1d4656f0f43,hm_a00ad2a2c52a,0.7361066341400146,False
0.02,0.0003,10,sol_9ea0f33afe0b3593,ev_e1f206490e77,hm_a0f8ed47a107,0.4545454680919647,False
0.05,0.0003,100,sol_ee3712cf475f5f35,ev_e1ff0d16309f,hm_a0f8ed47a107,0.5670031309127808,False
0.02,0.0001,700,sol_e454d1a9858f6ea2,ev_e227799d4b15,hm_a00ad2a2c52a,2.6502647399902344,False
0.02,0.0003,400,sol_b9131409e7f82de9,ev_e23480bdfadb,hm_a0f8ed47a107,8.281596183776855,False
0.2,0.0001,200,sol_4a6653938fc2b73b,ev_e23be380178e,hm_a00ad2a2c52a,0.4545454680919647,False
0.1,0.0003,700,sol_a2e6489b5f32dc01,ev_e2562c4b4936,hm_a0f8ed47a107,1.1427807807922363,False
0.1,0.0001,700,sol_d55de5a85c6eed89,ev_e260d4fa1503,hm_a00ad2a2c52a,0.5641072392463684,False
0.02,0.0003,100,sol_8cbe26eb6a3832a3,ev_e2b9103bfa17,hm_a0f8ed47a107,1.4723765850067139,False
0.1,0.0003,50,sol_a88f9e49109fe0aa,ev_e2ce4606732c,hm_a0f8ed47a107,0.4545454680919647,False
0.01,0.0003,50,sol_939ba425570e6bd8,ev_e31c1ab48599,hm_a0f8ed47a107,0.9984847903251648,False
0.02,0.0003,400,sol_d9237f754673926e,ev_e326b28681cb,hm_a0f8ed47a107,4.241198539733887,False
0.01,0.0003,1000,sol_fe907aefa666b3ed,ev_e368d7a2b3a7,hm_a0f8ed47a107,508.2762451171875,True
0.1,0.0001,400,sol_af64a9c1905a1187,ev_e37fa80a3c96,hm_a00ad2a2c52a,0.4545454680919647,False
0.1,0.0001,1000,sol_b5ea8102328b56bc,ev_e3a119ff156f,hm_a00ad2a2c52a,0.7440694570541382,False
0.2,0.0001,20,sol_1d7b5d8b3fc70e97,ev_e3cf23a61837,hm_a00ad2a2c52a,0.4545454680919647,False
0.2,0.0003,20,sol_74cd0c99c49a3824,ev_e3db35d0256a,hm_a0f8ed47a107,0.4545454680919647,False
0.05,0.0003,1000,sol_9ec64dca97157486,ev_e40fe659f07d,hm_a0f8ed47a107,9.594827651977539,False
0.01,0.0001,1000,sol_78a40b0869935b5c,ev_e43372f3492b,hm_a00ad2a2c52a,6.826311111450195,False
0.01,0.0001,700,sol_f03205d50e84b9c0,ev_e44bea1d084e,hm_a00ad2a2c52a,40.076416015625,False
0.2,0.0003,700,sol_ed088af085e8dab6,ev_e472220b0968,hm_a0f8ed47a107,0.5999192595481873,False
0.02,0.0001,50,sol_5b0e1e7afdf7c224,ev_e49697691a5b,hm_a00ad2a2c52a,0.4545454680919647,False
0.1,0.0003,200,sol_f78ec443440afef0,ev_e4ef27dae5b0,hm_a0f8ed47a107,0.5998526215553284,False
0.05,0.0001,1000,sol_733892daaf3faccb,ev_e4f729a7fe05,hm_a00ad2a2c52a,0.7350173592567444,False
0.01,0.0001,10,sol_b4553d4d99f6defc,ev_e50d2dbe6cf3,hm_a00ad2a2c52a,0.5670102834701538,False
0.02,0.0001,50,sol_f97593bd6e40bdf0,ev_e5881a9557a8,hm_a00ad2a2c52a,0.4545454680919647,False
0.05,0.0003,700,sol_dce53316880e781f,ev_e594ab2967f7,hm_a0f8ed47a107,1.7177436351776123,False
0.05,0.0003,1000,sol_31a049f7da07fdef,ev_e5ca316248c5,hm_a0f8ed47a107,14.251235008239746,False
0.1,0.0003,1000,sol_4007118154c24639,ev_e5cf08181425,hm_a0f8ed47a107,1.5876961946487427,False
0.05,0.0001,1000,sol_93d5ff86acc8c29a,ev_e5ed0993b70a,hm_a00ad2a2c52a,1.4998306035995483,False
0.05,0.0001,50,sol_620cd67ec58eb0e0,ev_e5f30da59677,hm_a00ad2a2c52a,0.4545454680919647,False
0.05,0.0003,200,sol_aefe8c3892a08dff,ev_e68af81fb2fe,hm_a0f8ed47a107,0.977587878704071,False
0.05,0.0003,1000,sol_fc7c1647059d474a,ev_e68eb7c0eb0e,hm_a0f8ed47a107,4.222254276275635,False
0.01,0.0001,400,sol_08e76100bda3fa20,ev_e698acaa7598,hm_a00ad2a2c52a,2.9826395511627197,False
0.1,0.0003,400,sol_ae963e8bc985bde1,ev_e69c3347ac4c,hm_a0f8ed47a107,1.0935440063476562,False
0.1,0.0001,200,sol_08121191d3729174,ev_e6eb6a314719,hm_a00ad2a2c52a,0.5669739246368408,False
0.05,0.0001,400,sol_a8d458aedc3eb7d0,ev_e74208d8ae34,hm_a00ad2a2c52a,0.65049147605896,False
0.1,0.0001,20,sol_945bd7334bb030f0,ev_e75ed7ef1973,hm_a00ad2a2c52a,0.4545454680919647,False
0.2,0.0003,20,sol_7bb03202d8686086,ev_e765dcf13501,hm_a0f8ed47a107,0.4545454680919647,False
0.02,0.0003,1000,sol_1cd874f459a8c69f,ev_e7914c33d6cc,hm_a0f8ed47a107,481.4821472167969,True
0.01,0.0001,400,sol_82a69d90902ff401,ev_e79924c83cdb,hm_a00ad2a2c52a,3.401963472366333,False
0.1,0.0001,1000,sol_a8c941693dc3b5da,ev_e79964f3ff45,hm_a00ad2a2c52a,0.566964864730835,False
0.05,0.0003,1000,sol_6c1e5777ba84f3c7,ev_e7a0257ed4bc,hm_a0f8ed47a107,1.885088324546814,False
0.1,0.0003,100,sol_09bf0869a96536e9,ev_e8038f968f9c,hm_a0f8ed47a107,0.5669744610786438,False
0.2,0.0001,50,sol_1b91a9de297972c0,ev_e816354ac9c3,hm_a00ad2a2c52a,0.4545454680919647,False
0.2,0.0001,50,sol_3d0676469cf13d53,ev_e87a2d28194e,hm_a00ad2a2c52a,0.4545454680919647,False
0.05,0.0003,400,sol_deaf629d6b1aadf2,ev_e888d674406f,hm_a0f8ed47a107,1.369070053100586,False
0.05,0.0003,400,sol_745639f0b72fa8b9,ev_e88d57a6cf9e,hm_a0f8ed47a107,3.088127851486206,False
0.01,0.0001,100,sol_92f09f3f3727c660,ev_e899157ff13d,hm_a00ad2a2c52a,0.7347490191459656,False
0.2,0.0003,20,sol_ade0f1f5660bc682,ev_e8a7abc11582,hm_a0f8ed47a107,0.4545454680919647,False
0.02,0.0003,50,sol_54f5ce296bec2cb9,ev_e8af0c833dce,hm_a0f8ed47a107,0.8536284565925598,False
0.1,0.0001,100,sol_cad8213942ac6f5e,ev_e8b7d2d2a29c,hm_a00ad2a2c52a,0.4545454680919647,False
0.05,0.0003,50,sol_7434af1a7f19ae6f,ev_e8c025fadfc9,hm_a0f8ed47a107,1.1923061609268188,False
0.05,0.0001,200,sol_2802a0d8f3a324e3,ev_e93b476db842,hm_a00ad2a2c52a,0.6848323345184326,False
0.02,0.0003,700,sol_2d5902721f58e043,ev_e96f7224989a,hm_a0f8ed47a107,122.39038848876953,True
0.1,0.0001,10,sol_b0a7db1088fe3871,ev_e9bb520160b7,hm_a00ad2a2c52a,0.4545454680919647,False
0.1,0.0001,200,sol_6ebc5957c9b24ada,ev_ea0133dcf41d,hm_a00ad2a2c52a,0.4545454680919647,False
0.2,0.0003,20,sol_9a98a6113582669a,ev_ea6edfe0443e,hm_a0f8ed47a107,0.4545454680919647,False
0.01,0.0001,400,sol_c7227e7b7a3fad45,ev_ea9018422b5e,hm_a00ad2a2c52a,10.127182960510254,False
0.01,0.0003,10,sol_de362ac3fd5e165d,ev_eab5ddd6ae56,hm_a0f8ed47a107,0.6291883587837219,False
0.2,0.0003,400,sol_22c20f65979ff035,ev_eadb5b9537ea,hm_a0f8ed47a107,0.5995621085166931,False
0.1,0.0003,700,sol_4b7ef490fe539b17,ev_eb0056c0574b,hm_a0f8ed47a107,1.4996997117996216,False
0.05,0.0003,700,sol_2187738abbd3dc5f,ev_eb38e7d2acbb,hm_a0f8ed47a107,1.878047227859497,False
0.2,0.0001,1000,sol_cac72b00931450bb,ev_eb6bce4b297c,hm_a00ad2a2c52a,0.4545399844646454,False
0.05,0.0003,10,sol_0a55983f1996ed00,ev_eb982c7fdc01,hm_a0f8ed47a107,0.4545454680919647,False
0.2,0.0001,100,sol_240b8afcfcfd8eff,ev_ebc8737b8a16,hm_a00ad2a2c52a,0.4545454680919647,False
0.1,0.0003,20,sol_8130ea73beee343e,ev_ebf9a3aa17ae,hm_a0f8ed47a107,0.5670102834701538,False
0.05,0.0001,700,sol_a946a79add545e27,ev_ec1fe5ac6dca,hm_a00ad2a2c52a,0.9846956133842468,False
0.01,0.0003,10,sol_c868f28c9a5a161b,ev_ec64c9ae9600,hm_a0f8ed47a107,0.4545454680919647,False
0.01,0.0003,200,sol_9fbeaab230179561,ev_ec737474354b,hm_a0f8ed47a107,37.928802490234375,False
0.2,0.0003,400,sol_5897d0f4f109f45f,ev_ec8d6e51e8c2,hm_a0f8ed47a107,0.6286669969558716,False
0.02,0.0001,20,sol_ebfcebf435ac4e90,ev_ec9ba1f68cf0,hm_a00ad2a2c52a,0.4545454680919647,False
0.02,0.0001,10,sol_47df1956a0be2040,ev_eccb8d101ab9,hm_a00ad2a2c52a,0.4545454680919647,False
0.02,0.0003,1000,sol_467828c0b6d9d666,ev_ecd5ea4aac80,hm_a0f8ed47a107,559.6467895507812,True
0.2,0.0001,700,sol_5d996b851ef610c2,ev_ecfb2e321236,hm_a00ad2a2c52a,0.4545454680919647,False
0.02,0.0001,200,sol_49b31384dcacdaf4,ev_ed321df73381,hm_a00ad2a2c52a,0.7448951005935669,False
0.1,0.0001,400,sol_560898df830a8d78,ev_ed611a2e8bcf,hm_a00ad2a2c52a,0.5669602751731873,False
0.02,0.0003,700,sol_87022108395924bf,ev_ed6ed0be6669,hm_a0f8ed47a107,78.40068817138672,True
0.02,0.0003,200,sol_7c3d954ef63554c5,ev_edc1ee2e04c5,hm_a0f8ed47a107,3.466212272644043,False
0.05,0.0001,700,sol_4c251c1810348fe1,ev_ee580512c6bd,hm_a00ad2a2c52a,1.0584512948989868,False
0.2,0.0001,1000,sol_0fca948daa24fb12,ev_ef0485ae7c1f,hm_a00ad2a2c52a,0.599595308303833,False
0.2,0.0003,100,sol_6dfcefe085c04eb4,ev_ef0fd34f3b0d,hm_a0f8ed47a107,0.4545454680919647,False
0.02,0.0003,10,sol_02a4768dc2d53e3d,ev_ef17a736fa87,hm_a0f8ed47a107,0.4545454680919647,False
0.1,0.0001,1000,sol_27f5baca47c1e259,ev_ef3f5201b4be,hm_a00ad2a2c52a,0.68336021900177,False
0.1,0.0003,100,sol_e78b1a2bf819d426,ev_ef43f334e872,hm_a0f8ed47a107,0.4545454680919647,False
0.2,0.0003,400,sol_72bada0748b9f711,ev_ef52862bda8a,hm_a0f8ed47a107,0.5669742822647095,False
0.01,0.0003,200,sol_29be6ad049483011,ev_ef75222a6f45,hm_a0f8ed47a107,161.5448760986328,True
0.1,0.0001,400,sol_f69ffecc5db577ef,ev_ef826e3fd3a7,hm_a00ad2a2c52a,0.5669650435447693,False
0.05,0.0001,20,sol_ae85c365e286a717,ev_ef9ae50bf29c,hm_a00ad2a2c52a,0.4545454680919647,False
0.2,0.0003,700,sol_65611cacfdfa3051,ev_efa044a05d22,hm_a0f8ed47a107,0.7606915235519409,False
0.01,0.0001,200,sol_0ab14df4ddac84c0,ev_efa69f7788ac,hm_a00ad2a2c52a,1.2815101146697998,False
0.05,0.0001,700,sol_dff36e5d4c55c91e,ev_efae8a84b125,hm_a00ad2a2c52a,1.192276120185852,False
0.2,0.0001,1000,sol_3ad82a5570d23374,ev_efe13c9055e9,hm_a00ad2a2c52a,0.5641965270042419,False
0.1,0.0003,10,sol_37c27b4278e82859,ev_f00b7ea7209e,hm_a0f8ed47a107,0.4545454680919647,False
0.2,0.0003,400,sol_4b60fbb1e2e6a15a,ev_f01b4e66b7c1,hm_a0f8ed47a107,0.5669751763343811,False
0.01,0.0003,700,sol_88eb3d7b2396d7b7,ev_f023745dc45e,hm_a0f8ed47a107,609.6223754882812,True
0.02,0.0001,700,sol_5b5acd81cadc3aca,ev_f04b698297be,hm_a00ad2a2c52a,1.3613452911376953,False
0.2,0.0003,700,sol_347e0954635362ae,ev_f0e6c0d3757f,hm_a0f8ed47a107,0.5668882131576538,False
0.05,0.0001,1000,sol_efa833cdfb297cca,ev_f109f2a7765c,hm_a00ad2a2c52a,1.49944007396698,False
0.02,0.0003,1000,sol_88cbedc06bd6ad29,ev_f1120775e25d,hm_a0f8ed47a107,11257.7822265625,True
0.2,0.0001,1000,sol_b4d6ac8df831d697,ev_f15764386d1e,hm_a00ad2a2c52a,0.5669698715209961,False
0.05,0.0003,200,sol_84a6397b2a9f2e71,ev_f204c6ee4ded,hm_a0f8ed47a107,2.349365711212158,False
0.02,0.0003,700,sol_4b6375d26f1a028f,ev_f2137afad2da,hm_a0f8ed47a107,27.44465446472168,False
0.01,0.0003,100,sol_424d57de688de9d1,ev_f21b0a417151,hm_a0f8ed47a107,2.3144898414611816,False
0.05,0.0003,1000,sol_852c102e722610bc,ev_f21e5c65f6ea,hm_a0f8ed47a107,2.691636323928833,False
0.02,0.0003,200,sol_e1ffc58dbfa08bc4,ev_f233218b8b2e,hm_a0f8ed47a107,1.9121308326721191,False
0.02,0.0003,100,sol_81ba9b68de6314b0,ev_f23376a1b97d,hm_a0f8ed47a107,0.7440440654754639,False
0.2,0.0003,200,sol_7346f83432c0e6b1,ev_f2372719d153,hm_a0f8ed47a107,0.4545450210571289,False
0.01,0.0003,100,sol_5bc145b98b6871fd,ev_f23ca4908d6f,hm_a0f8ed47a107,1.1175163984298706,False
0.2,0.0003,400,sol_948ee78fe156703c,ev_f251c7808da8,hm_a0f8ed47a107,0.7953097224235535,False
0.02,0.0003,700,sol_e814d064aa7e1b9c,ev_f2880fdf3d18,hm_a0f8ed47a107,88.33638763427734,True
0.1,0.0001,200,sol_9000fefa0cbe35fc,ev_f289331bbcf5,hm_a00ad2a2c52a,0.4545454680919647,False
0.02,0.0001,100,sol_d9e62536977cd60a,ev_f2a107d0fa27,hm_a00ad2a2c52a,1.025431513786316,False
0.01,0.0003,20,sol_90524de52ad15e10,ev_f2e9e65512fa,hm_a0f8ed47a107,0.5670102834701538,False
0.02,0.0003,20,sol_5f65135ce1a2263d,ev_f32bcd194a96,hm_a0f8ed47a107,0.4545454680919647,False
0.02,0.0003,50,sol_b629e3d3642f4948,ev_f37102e54af0,hm_a0f8ed47a107,0.8717575073242188,False
0.05,0.0001,1000,sol_142a44764fb18cc3,ev_f3e2a5e4bb1c,hm_a00ad2a2c52a,1.1454917192459106,False
0.2,0.0001,100,sol_bf7f9350d1d48fb8,ev_f44680302ebe,hm_a00ad2a2c52a,0.4545454680919647,False
0.2,0.0003,1000,sol_38b777a2c4706354,ev_f4680237f080,hm_a0f8ed47a107,1.0934334993362427,False
0.2,0.0003,10,sol_b3e0d7e1930aee8a,ev_f46af04d19f6,hm_a0f8ed47a107,0.4545454680919647,False
0.2,0.0001,100,sol_62e29bdcc32c55cb,ev_f4cf3f20509d,hm_a00ad2a2c52a,0.4545454680919647,False
0.1,0.0003,1000,sol_51517c1399ff431d,ev_f4d61a6aab8e,hm_a0f8ed47a107,1.7032341957092285,False
0.02,0.0001,700,sol_e45d52e2090e0804,ev_f4e32130a0df,hm_a00ad2a2c52a,1.761779546737671,False
0.05,0.0003,20,sol_b2742933fed21fcf,ev_f4e534eddf77,hm_a0f8ed47a107,0.4545454680919647,False
0.01,0.0003,1000,sol_49d9c69896131c81,ev_f4eeabe616d0,hm_a0f8ed47a107,469.1566162109375,True
0.05,0.0001,20,sol_2d38b2e65ff0840d,ev_f532b8d7a47a,hm_a00ad2a2c52a,0.4545454680919647,False
0.01,0.0003,400,sol_180d7affdb968921,ev_f5339901d6b5,hm_a0f8ed47a107,1002.0462036132812,True
0.02,0.0001,100,sol_140ba9d93485eef1,ev_f562f3dee08a,hm_a00ad2a2c52a,0.5669752359390259,False
0.05,0.0001,700,sol_2726230d394b5b35,ev_f56dd901bdc1,hm_a00ad2a2c52a,1.4347445964813232,False
0.01,0.0001,200,sol_8ba2311184162d62,ev_f5b7fe842136,hm_a00ad2a2c52a,1.5476011037826538,False
0.05,0.0003,1000,sol_bccd065778971685,ev_f5db33bcea5a,hm_a0f8ed47a107,46.81870651245117,False
0.2,0.0003,100,sol_ba6bad4317f00b0f,ev_f5df589b74ed,hm_a0f8ed47a107,0.4545454680919647,False
0.2,0.0001,1000,sol_a0912638bbc91cbe,ev_f62ea4cb8626,hm_a00ad2a2c52a,1.4351879358291626,False
0.02,0.0001,700,sol_a5705ef9a452c517,ev_f634dd959fec,hm_a00ad2a2c52a,4.880411148071289,False
0.05,0.0001,10,sol_4f5ef70825c8ad71,ev_f63df5602345,hm_a00ad2a2c52a,0.4545454680919647,False
0.01,0.0003,10,sol_770e29b9b2b18c2a,ev_f666f9996a25,hm_a0f8ed47a107,0.4545454680919647,False
0.2,0.0003,100,sol_1c6378a9ad2cabad,ev_f6ac50141c60,hm_a0f8ed47a107,0.4545454680919647,False
0.1,0.0003,1000,sol_27e8370a2029288d,ev_f744abafea6d,hm_a0f8ed47a107,1.2582015991210938,False
0.1,0.0001,1000,sol_a13717706bc2770c,ev_f755aec54313,hm_a00ad2a2c52a,0.7455681562423706,False
0.1,0.0003,200,sol_ffe8e6eb7f1e48cf,ev_f773873993a7,hm_a0f8ed47a107,0.9041329622268677,False
0.02,0.0003,100,sol_414a515b281bee22,ev_f7a1e75b4d6e,hm_a0f8ed47a107,1.3720591068267822,False
0.05,0.0003,50,sol_6744e548cabef365,ev_f7bd6c4cd0ae,hm_a0f8ed47a107,0.5669771432876587,False
0.01,0.0001,700,sol_c2914a0c612b1e3a,ev_f7de8fe94f4d,hm_a00ad2a2c52a,3.801032066345215,False
0.2,0.0003,400,sol_09143a647c50408f,ev_f7f58c41bf6b,hm_a0f8ed47a107,0.5669674873352051,False
0.1,0.0001,20,sol_9a1dc3fc925d1c20,ev_f82abeadf865,hm_a00ad2a2c52a,0.4545454680919647,False
0.1,0.0003,50,sol_81c745005ff7d3c0,ev_f82aecc346b0,hm_a0f8ed47a107,0.4545454680919647,False
0.01,0.0001,700,sol_907dc5acce8d956e,ev_f845da9a35b9,hm_a00ad2a2c52a,11.488329887390137,False
0.02,0.0003,10,sol_540c287e2b96727a,ev_f84acf103c1d,hm_a0f8ed47a107,0.4545454680919647,False
0.2,0.0001,400,sol_6e22ba02362a9f2a,ev_f87719412995,hm_a00ad2a2c52a,0.566973865032196,False
0.02,0.0001,50,sol_0aaacef22c0ea92a,ev_f87def7dc599,hm_a00ad2a2c52a,0.566975474357605,False
0.2,0.0001,100,sol_8c79930c76abfa7e,ev_f8e04e10f22a,hm_a00ad2a2c52a,0.4545454680919647,False
0.1,0.0003,400,sol_c588333b1334e58c,ev_f9012c7eec25,hm_a0f8ed47a107,0.7304279804229736,False
0.01,0.0001,100,sol_2a4d9750ee5543d5,ev_f915bff746ca,hm_a00ad2a2c52a,3.270012617111206,False
0.01,0.0001,200,sol_07a79b405a25f76e,ev_f99f856c3b95,hm_a00ad2a2c52a,1.0009340047836304,False
0.01,0.0003,400,sol_7dd3b5bfa427b5e6,ev_f9dad3babb09,hm_a0f8ed47a107,14487.8017578125,True
0.1,0.0003,100,sol_5f2a28a99bea8d1e,ev_fa3c14792dd6,hm_a0f8ed47a107,0.566974401473999,False
0.2,0.0003,10,sol_f71338a7e0c341b9,ev_fa423bc9e08a,hm_a0f8ed47a107,0.4545454680919647,False
0.05,0.0001,700,sol_88bf3ca8a637ad44,ev_fa702281c95a,hm_a00ad2a2c52a,0.9250000715255737,False
0.05,0.0001,100,sol_c3826d161a68ae4a,ev_fa77d8b39e76,hm_a00ad2a2c52a,0.5999787449836731,False
0.02,0.0001,50,sol_b43cfc6273331db0,ev_fa787d1d00df,hm_a00ad2a2c52a,0.4545454680919647,False
0.01,0.0003,1000,sol_74f56323e29234fd,ev_fa7eef89fa91,hm_a0f8ed47a107,479.478271484375,True
0.2,0.0001,400,sol_6eafc0aaf72b77b6,ev_fad321195906,hm_a00ad2a2c52a,0.5669607520103455,False
0.2,0.0001,20,sol_7f077f41d4ada6d1,ev_fadd59ee0856,hm_a00ad2a2c52a,0.4545454680919647,False
0.01,0.0001,100,sol_702011979e90a006,ev_fae7ae39226d,hm_a00ad2a2c52a,0.7303234934806824,False
0.01,0.0001,20,sol_865731aeb904eaa0,ev_faeffdf8c612,hm_a00ad2a2c52a,0.4545454680919647,False
0.05,0.0001,50,sol_55c7ffc09165ac19,ev_fb2ee5ce568a,hm_a00ad2a2c52a,0.5670134425163269,False
0.02,0.0003,700,sol_5aac776f9b78c965,ev_fb4862adbb7d,hm_a0f8ed47a107,220.87911987304688,True
0.02,0.0003,400,sol_ac14029a3251f0bb,ev_fb4beb98f8b2,hm_a0f8ed47a107,4.075864791870117,False
0.2,0.0001,1000,sol_688bb7b900588f5b,ev_fb60665b517e,hm_a00ad2a2c52a,0.5641608238220215,False
0.05,0.0001,50,sol_221850090ecbe5f8,ev_fb735eb07026,hm_a00ad2a2c52a,0.4545454680919647,False
0.1,0.0003,50,sol_ebff44237a2f52db,ev_fbc135a294db,hm_a0f8ed47a107,0.4545454680919647,False
0.01,0.0001,1000,sol_6619b0ac2968a7bc,ev_fbda6ae91905,hm_a00ad2a2c52a,21.619739532470703,False
0.01,0.0001,400,sol_612d0e140c21c466,ev_fbec2c3b3549,hm_a00ad2a2c52a,1.5026984214782715,False
0.02,0.0003,100,sol_be76a138549a4c0a,ev_fbedc3932ec1,hm_a0f8ed47a107,1.3449763059616089,False
0.02,0.0001,20,sol_50af3aa3f346ac19,ev_fc3801f63696,hm_a00ad2a2c52a,0.4545454680919647,False
0.01,0.0001,10,sol_4e97a3f9019c1c0b,ev_fc9f9cc6fc56,hm_a00ad2a2c52a,0.4545454680919647,False
0.05,0.0003,100,sol_6eecf84f8e5a18b2,ev_fcc87dcaa7cf,hm_a0f8ed47a107,0.5999400615692139,False
0.1,0.0003,700,sol_665fb3e1724100bf,ev_fcd81724b30a,hm_a0f8ed47a107,1.3918895721435547,False
0.02,0.0003,20,sol_1fbeb3eaf50d224a,ev_fcfa7a09c24f,hm_a0f8ed47a107,0.5670102834701538,False
0.01,0.0003,20,sol_d391b659df34fd35,ev_fd352d89fb37,hm_a0f8ed47a107,1.0702463388442993,False
0.01,0.0003,20,sol_f629b2999b1bb958,ev_fd5889322ffd,hm_a0f8ed47a107,0.5670102834701538,False
0.02,0.0001,100,sol_50fe1fa8c5042600,ev_fd8354727330,hm_a00ad2a2c52a,0.6290995478630066,False
0.2,0.0001,20,sol_34064088970a6122,ev_fd91b4bf6212,hm_a00ad2a2c52a,0.4545454680919647,False
0.01,0.0003,400,sol_5a516721b23d88b8,ev_fdb07cae7e60,hm_a0f8ed47a107,3282.927978515625,True
0.02,0.0003,20,sol_cd71d3b6d4f3b97f,ev_fdca3ac35c3c,hm_a0f8ed47a107,0.760869562625885,False
0.02,0.0001,10,sol_a562a5c2fed491d3,ev_fddac275087e,hm_a00ad2a2c52a,0.4545454680919647,False
0.05,0.0003,200,sol_0223fb1022263a0a,ev_fdde19a34edf,hm_a0f8ed47a107,0.739344596862793,False
0.01,0.0003,700,sol_ecb324fa3276a430,ev_fdfc09b597d4,hm_a0f8ed47a107,659.8990478515625,True
0.1,0.0003,20,sol_39a149e85594ec94,ev_fe8beb7d7705,hm_a0f8ed47a107,0.4545454680919647,False
0.1,0.0003,100,sol_0e6a6e552e7c5787,ev_fee2279a659f,hm_a0f8ed47a107,0.4545454680919647,False
0.02,0.0001,10,sol_95f501b1d2de162f,ev_fee5cc57153b,hm_a00ad2a2c52a,0.4545454680919647,False
0.02,0.0001,200,sol_dd4f1385428abf61,ev_fef276c60149,hm_a00ad2a2c52a,0.7361292839050293,False
0.2,0.0001,200,sol_6857eaf63be3306f,ev_ff47c55886b6,hm_a00ad2a2c52a,0.4545454680919647,False
0.2,0.0003,20,sol_71449bc8d629eed0,ev_ffe3678898f5,hm_a0f8ed47a107,0.4545454680919647,False
0.05,0.0003,100,sol_b0f3ab365ea8700d,ev_ffef2f384609,hm_a0f8ed47a107,0.6980745792388916,False
0.2,0.0001,10,sol_ef5a6ae4ff0f4ac7,ev_fffb9dda5d63,hm_a00ad2a2c52a,0.4545454680919647,False
