hit_ineff,sigma_scatt,n_trk,sol_key,event_key,ham_key,max_abs_x,excluded
0.02,0.0001,700,sol_f0d0b56b35cc2012,ev_000ed2022ced,hm_a00ad2a2c52a,0.5668971538543701,False
0.02,0.0007,100,sol_99ba17f267c63e5d,ev_0028d66ae806,hm_b46918a75620,0.4545454680919647,False
0.02,0.0003,400,sol_8604793ba5c6155c,ev_002c1b36b8a3,hm_a0f8ed47a107,0.5669028759002686,False
0.05,0.0007,10,sol_1d408805861c94b4,ev_0032ca57685e,hm_b46918a75620,0.4545454680919647,False
0.1,0.0005,100,sol_1cf84f7e656d5738,ev_0036cba97bda,hm_7a9cff01f511,0.5669273734092712,False
0.05,0.0007,10,sol_2fb9907b2ac28c91,ev_0048884f3b64,hm_b46918a75620,0.4545454680919647,False
0.02,0.0003,10,sol_e6f6bd51d8d0a015,ev_0052c194d3b7,hm_a0f8ed47a107,0.4545454680919647,False
0.1,0.001,200,sol_7d4f3014bf39956a,ev_006c920eaa8e,hm_8de6b26636d5,1.397213101387024,False
0.1,0.0005,1000,sol_fba6c8fbfef2e978,ev_006e3ffd2940,hm_7a9cff01f511,0.9933283925056458,False
0.01,0.0007,100,sol_10ee5ec5697b3432,ev_00788f33120a,hm_b46918a75620,0.5669863820075989,False
0.05,0.0001,50,sol_37b002cbdf19e0d2,ev_0079e1c80142,hm_a00ad2a2c52a,0.4545454680919647,False
0.02,0.0001,10,sol_1ca3ba1bc970daa4,ev_007f3c31eff3,hm_a00ad2a2c52a,0.4545454680919647,False
0.05,0.0003,20,sol_bc9fc036de02e3f8,ev_0083cf48771b,hm_a0f8ed47a107,0.4545454680919647,False
0.01,0.0005,50,sol_e1678f0fb4733309,ev_0088b8091917,hm_7a9cff01f511,0.4545454680919647,False
0.0,0.0001,10,sol_89a4398a3835849c,ev_0092425c14a8,hm_a00ad2a2c52a,0.4545454680919647,False
0.05,0.0005,700,sol_1fb255bc4b33d7c1,ev_00d5ceced93d,hm_7a9cff01f511,1.6593517065048218,False
0.01,0.0001,700,sol_0f4b4a077ee88443,ev_00f7f136cb78,hm_a00ad2a2c52a,0.4545454680919647,False
0.1,0.0005,700,sol_29d7c23512f4d8db,ev_0101e8cca82d,hm_7a9cff01f511,0.8737397193908691,False
0.02,0.0005,700,sol_7e04619d5afbd4ad,ev_01116faf8050,hm_7a9cff01f511,0.9524341821670532,False
0.1,0.0007,400,sol_5069499496b4a057,ev_01127494574d,hm_b46918a75620,0.7575483918190002,False
0.05,0.0001,10,sol_346d72bcd294ef9e,ev_0120b51b5cc9,hm_a00ad2a2c52a,0.4545454680919647,False
0.01,0.0007,1000,sol_13495f2d7997129b,ev_0144094a3285,hm_b46918a75620,1.6080611944198608,False
0.1,0.0001,200,sol_c65ae7bb11dfd2bb,ev_014447f308d1,hm_a00ad2a2c52a,0.4545454680919647,False
0.02,0.001,20,sol_610ebb7eaee3d3c2,ev_0147b60ee21e,hm_8de6b26636d5,0.4545454680919647,False
0.05,0.001,50,sol_7a5bde2b41ed99b7,ev_015e682d06e3,hm_8de6b26636d5,0.566979706287384,False
0.05,0.001,50,sol_49293b3548f3c484,ev_016210ff9e29,hm_8de6b26636d5,0.5669917464256287,False
0.01,0.0005,1000,sol_4f9dd06df4fe6ded,ev_0164f0014f73,hm_7a9cff01f511,0.8027675747871399,False
0.1,0.0001,50,sol_0abb2a3eccceb7bd,ev_016d14ef46c2,hm_a00ad2a2c52a,0.4545454680919647,False
0.05,0.0005,400,sol_d9c47e8670c65891,ev_017b9d08b9c2,hm_7a9cff01f511,1.4999864101409912,False
0.0,0.0003,200,sol_e27f0f7ca52cfd24,ev_018b70186449,hm_a0f8ed47a107,0.5669738054275513,False
0.05,0.0007,700,sol_baa1c08eb433b2a8,ev_018c10c1d7d1,hm_b46918a75620,0.7352400422096252,False
0.05,0.001,200,sol_9e5928430cdb5151,ev_018fdaa66c5f,hm_8de6b26636d5,1.4999945163726807,False
0.05,0.0001,1000,sol_0a63bb6b824aa1cd,ev_01a929baf8c6,hm_a00ad2a2c52a,0.5640345215797424,False
0.0,0.0007,50,sol_152374005da301c4,ev_01b2e6eb671a,hm_b46918a75620,0.4545454680919647,False
0.01,0.0005,10,sol_db54b9043652c027,ev_01c0294934fa,hm_7a9cff01f511,0.4545454680919647,False
0.02,0.0007,200,sol_05e9b676fa4ce7d7,ev_01e399cff893,hm_b46918a75620,0.566959798336029,False
0.05,0.0007,100,sol_954377f04322a98f,ev_021bef33fbee,hm_b46918a75620,0.4545454680919647,False
0.1,0.0003,200,sol_843473844c2dec64,ev_022d4a1edbce,hm_a0f8ed47a107,0.5669357180595398,False
0.01,0.0007,1000,sol_3ff4e6aa2679f0d9,ev_0263186a61a9,hm_b46918a75620,2.4144909381866455,False
0.05,0.0007,100,sol_6427a1b2f5efe6e8,ev_0264b1fea72e,hm_b46918a75620,0.5999271273612976,False
0.05,0.001,200,sol_17db3bb4bb87cfe2,ev_027de4326db0,hm_8de6b26636d5,1.461474895477295,False
0.05,0.001,1000,sol_6d4cd636bb619965,ev_0286342de520,hm_8de6b26636d5,2.194190740585327,False
0.0,0.001,100,sol_772f21d8299d0ded,ev_028e025d359c,hm_8de6b26636d5,0.5669956207275391,False
0.02,0.0003,100,sol_4c7bee254258b7bb,ev_02921c700ec4,hm_a0f8ed47a107,0.4545454680919647,False
0.0,0.0005,100,sol_1f8e95385c6d7f17,ev_0299936d0630,hm_7a9cff01f511,0.4545454680919647,False
0.1,0.001,50,sol_ebaf2bb6cb9bc1bd,ev_02b8f7561a42,hm_8de6b26636d5,0.4545454680919647,False
0.05,0.0003,1000,sol_c726f5a390f0d805,ev_02bc4f48822e,hm_a0f8ed47a107,0.5991232991218567,False
0.0,0.001,1000,sol_6b824cc782640f01,ev_02caa10dc6ec,hm_8de6b26636d5,2.356661558151245,False
0.0,0.0001,400,sol_eed1da275a024b4e,ev_02d9749d4aea,hm_a00ad2a2c52a,0.4545454680919647,False
0.1,0.0007,700,sol_2014d119932d1b63,ev_02f175009d40,hm_b46918a75620,1.0503078699111938,False
0.05,0.0007,10,sol_1d7d1f6b78422f21,ev_02f4916f4b90,hm_b46918a75620,0.4545454680919647,False
0.05,0.0001,700,sol_13123cc6ad125bfc,ev_030081a57b82,hm_a00ad2a2c52a,0.4545375108718872,False
0.01,0.0005,200,sol_58cee09d2c3cae7a,ev_0301acefd403,hm_7a9cff01f511,0.7600641250610352,False
0.02,0.0003,100,sol_349dcaf302369e08,ev_0312c4ad2e16,hm_a0f8ed47a107,0.45454466342926025,False
0.05,0.0005,700,sol_d94df3748ea6b5a1,ev_0324013d0782,hm_7a9cff01f511,1.391884207725525,False
0.1,0.001,1000,sol_c90c10456bf75782,ev_03289756e5a7,hm_8de6b26636d5,2.877250909805298,False
0.05,0.0007,1000,sol_dc4c617e17f5de10,ev_033a4abe91d5,hm_b46918a75620,1.7088841199874878,False
0.01,0.001,50,sol_dc29843dd7eeb21e,ev_033adf2b837d,hm_8de6b26636d5,0.5669775009155273,False
0.01,0.0003,700,sol_05d9b6d5f3171a2d,ev_034e2c04f8ef,hm_a0f8ed47a107,0.7443310022354126,False
0.1,0.0001,200,sol_8a22fcb37d5dedda,ev_0355e6f1576e,hm_a00ad2a2c52a,0.4545454680919647,False
0.01,0.0005,400,sol_1491ed73b5bef8ca,ev_035b12b6b7dc,hm_7a9cff01f511,0.5994094014167786,False
0.01,0.0005,10,sol_31d8d311f3c9b348,ev_036a01adbc84,hm_7a9cff01f511,0.4545454680919647,False
0.05,0.0005,1000,sol_11851b075db7f08c,ev_036a37943354,hm_7a9cff01f511,1.4999208450317383,False
0.01,0.0005,700,sol_6626cee5a4e9fd4e,ev_037706f997bb,hm_7a9cff01f511,1.435297966003418,False
0.01,0.0005,20,sol_3ac4f545e231d470,ev_03aae67f3c3d,hm_7a9cff01f511,0.4545454680919647,False
0.02,0.0003,10,sol_bca48401d18346cb,ev_03acf8c56a2a,hm_a0f8ed47a107,0.4545454680919647,False
0.02,0.0007,20,sol_33ad7cf27f8f1dfc,ev_03bc08f47865,hm_b46918a75620,0.4545454680919647,False
0.02,0.001,100,sol_578fc64ec4ecc65c,ev_03d798ba3c0c,hm_8de6b26636d5,1.19231116771698,False
0.02,0.0007,200,sol_13f4b352ee9e7f1b,ev_03e8e7e4386f,hm_b46918a75620,0.5669910311698914,False
0.1,0.0007,1000,sol_625a96c1b65f2204,ev_03f238a21c9c,hm_b46918a75620,1.091687560081482,False
0.1,0.0003,200,sol_b8be908f26a694e3,ev_03f982317be9,hm_a0f8ed47a107,0.4545454680919647,False
0.02,0.0003,10,sol_9734458fe87014a3,ev_0439770bae6b,hm_a0f8ed47a107,0.4545454680919647,False
0.05,0.0003,400,sol_b6bb9301c30a8f81,ev_043e20904544,hm_a0f8ed47a107,0.5669147968292236,False
0.0,0.0001,100,sol_8f7bf1c5f1a86f7e,ev_0466dd3cefb4,hm_a00ad2a2c52a,0.4545454680919647,False
0.01,0.0005,200,sol_34f121b3d6813c48,ev_047163fda890,hm_7a9cff01f511,0.8129155039787292,False
0.01,0.0001,100,sol_a84af3c9af47b6e8,ev_047ecd3b0342,hm_a00ad2a2c52a,0.45454445481300354,False
0.02,0.0001,200,sol_ca1054f4cbc051c1,ev_04847a7bbefe,hm_a00ad2a2c52a,0.45454320311546326,False
0.1,0.0001,100,sol_4b6cf38ad8d8b61e,ev_049bec4e825e,hm_a00ad2a2c52a,0.4545454680919647,False
0.01,0.0007,100,sol_c7743593cc0117fb,ev_04a0a6c75f06,hm_b46918a75620,1.2582207918167114,False
0.1,0.0005,200,sol_a97400208190bf5b,ev_04ba6809fd42,hm_7a9cff01f511,0.5669206380844116,False
0.02,0.0007,10,sol_5378841562d3278d,ev_04ccc2568d25,hm_b46918a75620,0.4545454680919647,False
0.1,0.0007,700,sol_034bb668d65de69a,ev_04de8de6dde9,hm_b46918a75620,1.6639094352722168,False
0.02,0.0003,200,sol_3f570dd1ae8ca020,ev_04e25c5468f0,hm_a0f8ed47a107,0.4545454680919647,False
0.0,0.001,10,sol_72a7dd34b12c2da4,ev_04eeec6169ef,hm_8de6b26636d5,0.4545454680919647,False
0.01,0.0003,100,sol_e82aafd87f15f7a9,ev_04f03b7c369a,hm_a0f8ed47a107,0.45454463362693787,False
0.01,0.0005,200,sol_6ccd9a6f718a6414,ev_04f0a5623858,hm_7a9cff01f511,0.5669810175895691,False
0.0,0.0001,200,sol_19cdf46eeaf2d386,ev_050262f38bfd,hm_a00ad2a2c52a,0.6000000238418579,False
0.02,0.0001,400,sol_87ec652c75499c12,ev_0511e89300e1,hm_a00ad2a2c52a,0.45454269647598267,False
0.0,0.001,1000,sol_d8434958a3ffd391,ev_052052713e00,hm_8de6b26636d5,2.0563230514526367,False
0.01,0.0003,1000,sol_d335f078b78675c7,ev_0525347492d6,hm_a0f8ed47a107,1.4338902235031128,False
0.05,0.001,100,sol_fef1ea01f327c278,ev_0539c5987775,hm_8de6b26636d5,0.4545454680919647,False
0.02,0.0005,20,sol_5100374835e5f0a6,ev_053a21f15ad8,hm_7a9cff01f511,0.4545454680919647,False
0.1,0.0001,400,sol_5672b154abae295e,ev_055c35044f7a,hm_a00ad2a2c52a,0.4545454680919647,False
0.1,0.001,20,sol_0b58bb5d6423b9fe,ev_05834ae62c91,hm_8de6b26636d5,0.4545454680919647,False
0.0,0.0003,50,sol_59ce4e83ac52e6ce,ev_0583bf9687d9,hm_a0f8ed47a107,0.4545454680919647,False
0.0,0.001,50,sol_fd768c27de253996,ev_0593533a4e73,hm_8de6b26636d5,0.5669844746589661,False
0.05,0.0007,1000,sol_541623eb1dc7c365,ev_05a27abb4601,hm_b46918a75620,1.2210745811462402,False
0.0,0.0007,10,sol_821ea2e6c35559f3,ev_05bc0b63f8d2,hm_b46918a75620,0.4545454680919647,False
0.1,0.0007,1000,sol_05af3d696daad7dd,ev_05c437b1d598,hm_b46918a75620,1.6250615119934082,False
0.01,0.0003,50,sol_ebdc5699b2fc401d,ev_05d19ae0c12d,hm_a0f8ed47a107,0.4545454680919647,False
0.05,0.0005,400,sol_a7059add819945dc,ev_05f74a0278be,hm_7a9cff01f511,0.642271101474762,False
0.02,0.0001,700,sol_76216c605793bbfb,ev_05f9f00e230f,hm_a00ad2a2c52a,0.5668981075286865,False
0.0,0.0003,100,sol_696ca17a24eac465,ev_061321dbe3aa,hm_a0f8ed47a107,0.4545454680919647,False
0.0,0.001,10,sol_ad30cc05e3af1a78,ev_061ab964f9c6,hm_8de6b26636d5,0.4545454680919647,False
0.01,0.0001,10,sol_12334bf50461d278,ev_061faeda6f73,hm_a00ad2a2c52a,0.4545454680919647,False
0.01,0.001,400,sol_dd64cc7929be12e0,ev_062f4de9093c,hm_8de6b26636d5,1.4384551048278809,False
0.1,0.0007,50,sol_8486dcf28e240a9f,ev_06312d98c8a6,hm_b46918a75620,0.4545454680919647,False
0.05,0.0005,20,sol_a8a6cc79231c5df3,ev_06321e433141,hm_7a9cff01f511,0.4545454680919647,False
0.05,0.0007,10,sol_559081beaea52ced,ev_066958968387,hm_b46918a75620,0.4545454680919647,False
0.05,0.001,20,sol_4bf8fa0a19bfa2fd,ev_06765f11d69c,hm_8de6b26636d5,0.4545454680919647,False
0.01,0.001,10,sol_6c44304b0abc2ee3,ev_06a2d8acd422,hm_8de6b26636d5,0.4545454680919647,False
0.0,0.0007,1000,sol_93501000f5672102,ev_06af2f6cf61f,hm_b46918a75620,1.1911494731903076,False
0.0,0.0001,1000,sol_f8db198257590875,ev_06b9c78b082e,hm_a00ad2a2c52a,0.5641240477561951,False
0.0,0.001,700,sol_842df99157a2d38d,ev_06d4d7add469,hm_8de6b26636d5,1.4995253086090088,False
0.05,0.0007,10,sol_2ec349fb1089b696,ev_06d7461cd1c5,hm_b46918a75620,0.4545454680919647,False
0.02,0.0005,200,sol_de485ca49e040c6a,ev_06d841f9ee8c,hm_7a9cff01f511,0.5669741630554199,False
0.01,0.0005,700,sol_83a9da32b7a369c7,ev_070b67f02287,hm_7a9cff01f511,1.2783042192459106,False
0.1,0.0007,10,sol_4e8cc3fc386ada2d,ev_0748974e713e,hm_b46918a75620,0.4545454680919647,False
0.05,0.001,700,sol_11471feee7f43afd,ev_075b60cd31db,hm_8de6b26636d5,1.8301329612731934,False
0.1,0.0003,400,sol_c59658fbdd3591b7,ev_075b8304fef6,hm_a0f8ed47a107,0.5997893214225769,False
0.01,0.0007,50,sol_a5da751d95d1e240,ev_0787e191f82e,hm_b46918a75620,0.4545454680919647,False
0.05,0.0003,20,sol_fe71bc19dbf09427,ev_07912c4c3ce7,hm_a0f8ed47a107,0.4545454680919647,False
0.02,0.001,200,sol_425c244315741b8f,ev_0797e91f8dd8,hm_8de6b26636d5,0.9596980810165405,False
0.01,0.0003,700,sol_86dab2559f8ede2c,ev_07ae27491744,hm_a0f8ed47a107,1.1923424005508423,False
0.0,0.0005,10,sol_307e9676ee90bead,ev_07b1f5e33077,hm_7a9cff01f511,0.4545454680919647,False
0.02,0.0005,100,sol_34a93e00141227c4,ev_07dd38f96f4a,hm_7a9cff01f511,0.5999342203140259,False
0.1,0.0007,700,sol_375909da91eb9291,ev_07e4dee28efc,hm_b46918a75620,1.2808985710144043,False
0.0,0.0007,700,sol_a350a239285cc53f,ev_07fafeb482b1,hm_b46918a75620,1.435192346572876,False
0.0,0.0005,700,sol_31bc98df39f10e40,ev_0801a3e1aefb,hm_7a9cff01f511,0.760863721370697,False
0.0,0.0001,200,sol_362dcbbaf74f79ee,ev_080892fe92b2,hm_a00ad2a2c52a,0.4545454680919647,False
0.0,0.0003,700,sol_83b678406883e97f,ev_080aeb06ee6d,hm_a0f8ed47a107,0.5998616814613342,False
0.02,0.0007,400,sol_fc6e5a62cb35a750,ev_081296f8a0f6,hm_b46918a75620,0.8648910522460938,False
0.01,0.001,100,sol_49c9c737a654e8f2,ev_08231bea3c18,hm_8de6b26636d5,0.5669518113136292,False
0.1,0.0003,1000,sol_b5ee05cf91d9eedd,ev_0835f48e5d3f,hm_a0f8ed47a107,0.672347366809845,False
0.02,0.0005,20,sol_685c8ca91f6ffe4d,ev_08556550c069,hm_7a9cff01f511,0.4545454680919647,False
0.05,0.001,10,sol_68455277c15ca198,ev_08613dc75a56,hm_8de6b26636d5,0.4545454680919647,False
0.1,0.0003,50,sol_8ef42c02fb1b0f04,ev_0861851f1388,hm_a0f8ed47a107,0.4545454680919647,False
0.01,0.0007,400,sol_4b916a73122054d3,ev_086c48833ea8,hm_b46918a75620,1.1922961473464966,False
0.01,0.0001,400,sol_1f29fc818d3288d1,ev_086f1f50272c,hm_a00ad2a2c52a,0.6481188535690308,False
0.1,0.0007,100,sol_d383942b1654d0b9,ev_087e7ac21415,hm_b46918a75620,0.595759391784668,False
0.0,0.0001,1000,sol_f5b49a79d6ce16e5,ev_0885f3b6c96b,hm_a00ad2a2c52a,0.5996344685554504,False
0.01,0.0005,1000,sol_914672b5a271fdc9,ev_088987cf4738,hm_7a9cff01f511,1.515931248664856,False
0.01,0.0007,50,sol_65811d389fbed443,ev_08ccfd8557d9,hm_b46918a75620,0.4545454680919647,False
0.01,0.0005,100,sol_b5ccc502d76bc5f5,ev_08d16c39786d,hm_7a9cff01f511,0.4545446038246155,False
0.02,0.001,700,sol_017db0d3635ad8f6,ev_08d21b9c0843,hm_8de6b26636d5,2.1085052490234375,False
0.0,0.0001,1000,sol_4e5eef9615bb2ebc,ev_08df0ece1b00,hm_a00ad2a2c52a,0.5641889572143555,False
0.05,0.0001,700,sol_03c2c5ab89debcd0,ev_08e65fbb0960,hm_a00ad2a2c52a,0.4545386731624603,False
0.01,0.0005,100,sol_30daeb1d3757dfdf,ev_08ecbec8798d,hm_7a9cff01f511,0.4545454680919647,False
0.01,0.0007,10,sol_10f7adf8ae2793aa,ev_08f88fb6de5c,hm_b46918a75620,0.4545454680919647,False
0.01,0.0007,20,sol_3f89d8641fa3f929,ev_08fdf1898131,hm_b46918a75620,0.4545454680919647,False
0.01,0.0007,100,sol_ef70e935d295b807,ev_09082266e9a9,hm_b46918a75620,0.5999026298522949,False
0.0,0.0005,10,sol_432c353eee660a9f,ev_09110ab4b5d0,hm_7a9cff01f511,0.4545454680919647,False
0.02,0.0007,20,sol_3aee2345cb6f0743,ev_0916577b0196,hm_b46918a75620,0.4545454680919647,False
0.01,0.001,200,sol_8af20cd0fbe50530,ev_091b8806cfb5,hm_8de6b26636d5,0.8739821910858154,False
0.02,0.0005,200,sol_d8ff3f70f13b8051,ev_091bdc72ad41,hm_7a9cff01f511,0.5998400449752808,False
0.02,0.0005,50,sol_241ccff2d7bd12df,ev_091de88fff76,hm_7a9cff01f511,0.4545454680919647,False
0.0,0.001,20,sol_9e124acea38215ff,ev_091e0e1edb64,hm_8de6b26636d5,0.4545454680919647,False
0.01,0.001,400,sol_e6e6f61ca8c0ce15,ev_0927f886a5be,hm_8de6b26636d5,1.120989203453064,False
0.1,0.001,700,sol_f7e16a94acd19ae2,ev_0936036e6a81,hm_8de6b26636d5,1.3420556783676147,False
0.1,0.001,700,sol_ea239d6f80620740,ev_09382dfef03b,hm_8de6b26636d5,0.8753320574760437,False
0.1,0.0003,20,sol_d42c96b519ef65e3,ev_094218e529e6,hm_a0f8ed47a107,0.4545454680919647,False
0.0,0.0007,200,sol_2404e7640f900b3e,ev_094573777adf,hm_b46918a75620,0.599506139755249,False
0.02,0.0001,100,sol_7c936172cd2bb63e,ev_094a35e28eda,hm_a00ad2a2c52a,0.4545454680919647,False
0.1,0.0003,400,sol_fd3e048438e14d16,ev_095fbe4f3257,hm_a0f8ed47a107,0.5669155120849609,False
0.0,0.0005,50,sol_384bac337ebebda2,ev_09622ccf23a4,hm_7a9cff01f511,0.4545454680919647,False
0.05,0.0003,50,sol_e11f2b8df3e64afd,ev_0967a4dfa07e,hm_a0f8ed47a107,0.4545454680919647,False
0.1,0.001,20,sol_b87c4042ebfa97d6,ev_097737d0765d,hm_8de6b26636d5,0.4545454680919647,False
0.1,0.0005,700,sol_c13a544be096ecaa,ev_09814861d64b,hm_7a9cff01f511,0.6663095951080322,False
0.1,0.0001,700,sol_fd8ea7d7a8885f42,ev_098ea270867d,hm_a00ad2a2c52a,0.4545454680919647,False
0.1,0.0005,100,sol_04163c38e414ba67,ev_09a55df99b86,hm_7a9cff01f511,0.5669555068016052,False
0.1,0.001,10,sol_7d0c40ff8817bdf2,ev_09a9b135a5fc,hm_8de6b26636d5,0.4545454680919647,False
0.0,0.0005,10,sol_55c3dcdd10f2df99,ev_09ac28a5601c,hm_7a9cff01f511,0.4545454680919647,False
0.1,0.0003,100,sol_7a3b1e30c98d5bb2,ev_09c78bbd28ac,hm_a0f8ed47a107,0.4545454680919647,False
0.0,0.001,1000,sol_6a4736a4767bbc6f,ev_09c9e70484b1,hm_8de6b26636d5,10.647566795349121,False
0.05,0.0001,200,sol_02980f8e22528887,ev_0a08f7ff6a34,hm_a00ad2a2c52a,0.4545454680919647,False
0.05,0.0003,700,sol_bad42c124afe6f68,ev_0a1bc0b47075,hm_a0f8ed47a107,0.8045300841331482,False
0.1,0.0007,20,sol_0f7e8bb7a98a194a,ev_0a1f1d894dc4,hm_b46918a75620,0.4545454680919647,False
0.0,0.0005,400,sol_c111c11326ac2b3c,ev_0a3309654347,hm_7a9cff01f511,0.760825514793396,False
0.02,0.0007,200,sol_4a9ffda2a0d55b57,ev_0a430cd29dd4,hm_b46918a75620,0.5998338460922241,False
0.05,0.0003,20,sol_435e41a6456ee9e8,ev_0a5d47ee639c,hm_a0f8ed47a107,0.4545454680919647,False
0.01,0.0003,10,sol_85be6a60b9e0fe9b,ev_0a5fecf7ad4f,hm_a0f8ed47a107,0.4545454680919647,False
0.1,0.0007,200,sol_f277e92617eed44a,ev_0a66d0498771,hm_b46918a75620,0.5669272541999817,False
0.02,0.0005,20,sol_bc1453376cfd039f,ev_0a6b1516e214,hm_7a9cff01f511,0.4545454680919647,False
0.05,0.0001,400,sol_c805cde949977f8d,ev_0a971e1dd503,hm_a00ad2a2c52a,0.5669198036193848,False
0.01,0.001,10,sol_2b77c38ef1d32fec,ev_0a9a7248ab22,hm_8de6b26636d5,0.4545454680919647,False
0.1,0.0005,20,sol_91bad9e1809f03f3,ev_0aa083f81810,hm_7a9cff01f511,0.4545454680919647,False
0.1,0.0005,10,sol_d7c7b88dc3e1072a,ev_0aa7f6a656f6,hm_7a9cff01f511,0.4545454680919647,False
0.02,0.001,100,sol_54c9d90c0ba40661,ev_0aa8ddc30164,hm_8de6b26636d5,1.141884207725525,False
0.05,0.0003,10,sol_eb6bd765ec907acf,ev_0ab7c6c154bd,hm_a0f8ed47a107,0.4545454680919647,False
0.0,0.0001,50,sol_f8d72bb94ec48bcb,ev_0ad1113fd0dc,hm_a00ad2a2c52a,0.4545454680919647,False
0.1,0.0007,50,sol_d960c0c7fdef9b74,ev_0ad1ac3c05c8,hm_b46918a75620,0.4545454680919647,False
0.0,0.0003,400,sol_a3a207d1a89580c9,ev_0ae09f7dc889,hm_a0f8ed47a107,0.5669482350349426,False
0.05,0.001,400,sol_41e2b54cf92d8702,ev_0af3720cfb35,hm_8de6b26636d5,1.3607373237609863,False
0.01,0.0003,50,sol_eecf2a84f30b12f7,ev_0b2815c86906,hm_a0f8ed47a107,0.4545454680919647,False
0.1,0.0007,20,sol_ac1e878eea6d3cf9,ev_0b3dbdb8aae0,hm_b46918a75620,0.4545454680919647,False
0.02,0.0003,20,sol_d023fa4ae4033f07,ev_0b50cb7bb664,hm_a0f8ed47a107,0.4545454680919647,False
0.01,0.0007,20,sol_beb0e53d2c2e1c36,ev_0b576013ee03,hm_b46918a75620,0.4545454680919647,False
0.05,0.0001,700,sol_415d90ce78f10fc6,ev_0b5dce8f4adc,hm_a00ad2a2c52a,0.4545377194881439,False
0.1,0.0003,400,sol_4e7d3637b50081c2,ev_0b608e32878a,hm_a0f8ed47a107,0.4545454680919647,False
0.05,0.0001,20,sol_ed2868d20d15075f,ev_0b64c029a254,hm_a00ad2a2c52a,0.4545454680919647,False
0.01,0.0007,1000,sol_ad62f0d86f8976d2,ev_0b6e7d1cfc77,hm_b46918a75620,1.4995964765548706,False
0.02,0.0007,700,sol_1f107f9dd3c25141,ev_0b79a1fcd177,hm_b46918a75620,1.4351977109909058,False
0.0,0.0005,700,sol_e57ab204c9937a4e,ev_0b8f3d9f99a3,hm_7a9cff01f511,1.1918495893478394,False
0.0,0.0007,1000,sol_4deefa1fe0d42a2a,ev_0b98ccb7424c,hm_b46918a75620,1.4992506504058838,False
0.01,0.0001,1000,sol_9f8f8c56fc5cdc59,ev_0b994730501e,hm_a00ad2a2c52a,0.5669168829917908,False
0.02,0.0005,10,sol_68bca668d5db6583,ev_0ba68791f077,hm_7a9cff01f511,0.4545454680919647,False
0.05,0.0007,100,sol_784be301b81d36f2,ev_0babb0ea44e8,hm_b46918a75620,0.5669739246368408,False
0.0,0.0007,10,sol_3d3aae943624a8a0,ev_0bbb878ab8b1,hm_b46918a75620,0.4545454680919647,False
0.1,0.0001,10,sol_82e5c9fb3c175a15,ev_0bcf20611e32,hm_a00ad2a2c52a,0.4545454680919647,False
0.0,0.0001,200,sol_0eeb4d67cccd8b30,ev_0bcfa4a4dbcb,hm_a00ad2a2c52a,0.4545454680919647,False
0.01,0.0001,10,sol_0d3ac234e023ab76,ev_0c1ac8b84b5e,hm_a00ad2a2c52a,0.4545454680919647,False
0.05,0.0003,400,sol_edb58acbec5c0f7b,ev_0c5e154846f7,hm_a0f8ed47a107,0.5669640898704529,False
0.1,0.0005,50,sol_3f139e71f4da09e9,ev_0c62b96dda31,hm_7a9cff01f511,0.4545454680919647,False
0.0,0.0005,20,sol_10af53edf5c8b471,ev_0c681d9dc16c,hm_7a9cff01f511,0.4545454680919647,False
0.05,0.0005,700,sol_acfa54e0264fab25,ev_0c86fe4271f1,hm_7a9cff01f511,0.6372083425521851,False
0.05,0.0005,400,sol_f720cdf85aba6317,ev_0ca29bb5cb0d,hm_7a9cff01f511,0.9668864011764526,False
0.01,0.0001,700,sol_6c81b567d2fbdfb0,ev_0cb37f3a8e25,hm_a00ad2a2c52a,0.5666121244430542,False
0.0,0.001,50,sol_7ff260d1ef085787,ev_0cb5aa9c5ce4,hm_8de6b26636d5,0.5669757127761841,False
0.0,0.001,100,sol_e939d0ac7d461185,ev_0cd713a27280,hm_8de6b26636d5,0.5670037865638733,False
0.01,0.0007,50,sol_2a62f81becca9070,ev_0cd7e44d4ceb,hm_b46918a75620,0.4545454680919647,False
0.05,0.001,100,sol_4fe72a83e2f3a576,ev_0cee94ae1d6e,hm_8de6b26636d5,0.566969633102417,False
0.1,0.0001,400,sol_d0601ea3ed7e1056,ev_0cf2b2203acf,hm_a00ad2a2c52a,0.8199538588523865,False
0.05,0.0003,10,sol_f27963fe1205739f,ev_0cfe355ca1ee,hm_a0f8ed47a107,0.4545454680919647,False
0.05,0.001,50,sol_1c4d1f912f3f7bc8,ev_0d027638a3cc,hm_8de6b26636d5,0.6291429400444031,False
0.01,0.001,200,sol_ff41f4e4d4e3cf4b,ev_0d077af65c27,hm_8de6b26636d5,0.5999152064323425,False
0.01,0.001,20,sol_7dfd1e786920a4f8,ev_0d0e5a1f0c3c,hm_8de6b26636d5,0.4545454680919647,False
0.0,0.0005,100,sol_040a584c8d57c05e,ev_0d173f913739,hm_7a9cff01f511,0.5999720096588135,False
0.0,0.0001,10,sol_8a2e70e53f2d1c15,ev_0d43f5c1a616,hm_a00ad2a2c52a,0.4545454680919647,False
0.02,0.0005,100,sol_8a68a95f4bcc6246,ev_0d46c516b197,hm_7a9cff01f511,0.4545454680919647,False
0.1,0.0005,700,sol_f2bfef6281d2d18f,ev_0d47ac2adf7e,hm_7a9cff01f511,0.914262056350708,False
0.02,0.0007,200,sol_d0e4a2e434e743f1,ev_0d7be4625273,hm_b46918a75620,1.2582026720046997,False
0.1,0.0003,1000,sol_4b9467010b9e344b,ev_0d7fc7f8a58d,hm_a0f8ed47a107,1.141542911529541,False
0.01,0.0003,10,sol_688e72358e8ff254,ev_0da3bf160898,hm_a0f8ed47a107,0.4545454680919647,False
0.01,0.0001,100,sol_731418b383e51463,ev_0dba1ced6b23,hm_a00ad2a2c52a,0.45454466342926025,False
0.05,0.0001,100,sol_5bd11c0f5fd68d0c,ev_0dcc2b684355,hm_a00ad2a2c52a,0.4545454680919647,False
0.1,0.0001,1000,sol_b21167d4e3f35790,ev_0de3d52468c6,hm_a00ad2a2c52a,0.692047119140625,False
0.0,0.0005,10,sol_ee6a29815d9e154f,ev_0decd98c4403,hm_7a9cff01f511,0.4545454680919647,False
0.05,0.0001,400,sol_d6ad4bcdcd3c72e3,ev_0e0037d81fce,hm_a00ad2a2c52a,0.4545454680919647,False
0.1,0.0007,100,sol_a190d93be686512f,ev_0e0db7088b03,hm_b46918a75620,0.4545454680919647,False
0.01,0.0007,20,sol_4e58b130fc810176,ev_0e1ecc4eedff,hm_b46918a75620,0.4545454680919647,False
0.1,0.001,200,sol_68b3173963338f84,ev_0e218b4bd081,hm_8de6b26636d5,0.5998438000679016,False
0.0,0.0003,10,sol_814ccdb9b7ca4850,ev_0e344364cf1f,hm_a0f8ed47a107,0.4545454680919647,False
0.02,0.0003,10,sol_a23c2fe5d13e56df,ev_0e39459061b5,hm_a0f8ed47a107,0.4545454680919647,False
0.01,0.0003,400,sol_af4f9f43b1910d58,ev_0e41565d65b1,hm_a0f8ed47a107,0.5669525265693665,False
0.02,0.0001,50,sol_bfac5a31c7c0fa98,ev_0e53c3dcc3f5,hm_a00ad2a2c52a,0.4545454680919647,False
0.0,0.0001,400,sol_45f3b60eaf00273e,ev_0e58a4082f8f,hm_a00ad2a2c52a,0.7306539416313171,False
0.0,0.0005,20,sol_987ddf23b16b0ac9,ev_0e626c0c01dd,hm_7a9cff01f511,0.4545454680919647,False
0.05,0.001,20,sol_00ac1a0b4d23a570,ev_0e6803e8927e,hm_8de6b26636d5,0.4545454680919647,False
0.05,0.0003,10,sol_f8c0cbcba2921d46,ev_0ec74a77209f,hm_a0f8ed47a107,0.4545454680919647,False
0.01,0.0007,200,sol_85dca6c974426568,ev_0ecfa1c64c9d,hm_b46918a75620,0.5998390316963196,False
0.1,0.0005,100,sol_40f789bba316e84c,ev_0ed22bda6183,hm_7a9cff01f511,0.4545454680919647,False
0.02,0.0005,20,sol_5dc6b965d7697263,ev_0ed4f39b4099,hm_7a9cff01f511,0.4545454680919647,False
0.01,0.0001,20,sol_2ced8b4fa292217a,ev_0ed58baa1504,hm_a00ad2a2c52a,0.4545454680919647,False
0.05,0.0001,20,sol_315c9814de038499,ev_0ed8d639be75,hm_a00ad2a2c52a,0.4545454680919647,False
0.1,0.001,200,sol_e3a4aab6e09a6d6c,ev_0f0151e90f62,hm_8de6b26636d5,0.5669785141944885,False
0.01,0.001,100,sol_7567ab9ba2d44822,ev_0f05e82cc81a,hm_8de6b26636d5,0.4545445740222931,False
0.05,0.001,20,sol_548b5ac1a28313f1,ev_0f139086e886,hm_8de6b26636d5,0.4545454680919647,False
0.02,0.0005,400,sol_c627860f2a7895b8,ev_0f1c0764c883,hm_7a9cff01f511,1.034819483757019,False
0.01,0.0005,400,sol_34ef9464cb85fbf0,ev_0f1fd01a9c7f,hm_7a9cff01f511,1.1418861150741577,False
0.01,0.001,10,sol_593a8427910502e8,ev_0f335c6d6ccc,hm_8de6b26636d5,0.4545454680919647,False
0.02,0.0005,700,sol_f5ea63647b21d780,ev_0f47fbbe39f6,hm_7a9cff01f511,0.8035647869110107,False
0.1,0.0005,200,sol_a9b0e3aea0dc87dc,ev_0f4e3b987eaa,hm_7a9cff01f511,0.5669064521789551,False
0.1,0.001,400,sol_be7da09fe31eff53,ev_0f5028a6abc4,hm_8de6b26636d5,0.6623573899269104,False
0.05,0.0003,50,sol_8c95dac2b5eb2d91,ev_0f5994cdd93d,hm_a0f8ed47a107,0.4545454680919647,False
0.05,0.0007,1000,sol_beee78586a5358de,ev_0f773fa1c406,hm_b46918a75620,1.0708345174789429,False
0.0,0.0003,50,sol_c061f8b3f9bacec4,ev_0f9c53320889,hm_a0f8ed47a107,0.5670134425163269,False
0.02,0.001,100,sol_16b3d460dc8f2064,ev_0fc3773dbf29,hm_8de6b26636d5,0.5669897794723511,False
0.0,0.001,100,sol_313ccd20bd34a5a7,ev_0fd83a044212,hm_8de6b26636d5,0.5999168157577515,False
0.1,0.0007,10,sol_d20636415f8d756e,ev_0ff27a549207,hm_b46918a75620,0.4545454680919647,False
0.1,0.0001,400,sol_ed627f21c4a088a8,ev_1005eae2cfe9,hm_a00ad2a2c52a,0.4545454680919647,False
0.01,0.0005,700,sol_2ce9b4f7a6734015,ev_1020e3f59706,hm_7a9cff01f511,0.6978092193603516,False
0.0,0.0003,20,sol_1ca565eb67ebc92c,ev_1022b820d54f,hm_a0f8ed47a107,0.4545454680919647,False
0.05,0.0001,50,sol_1ceac4a0b947dd94,ev_1026ee71f404,hm_a00ad2a2c52a,0.4545454680919647,False
0.0,0.0003,20,sol_19982fda63a84c29,ev_103796c03fc3,hm_a0f8ed47a107,0.4545454680919647,False
0.1,0.0003,1000,sol_5a4d5bd1db267635,ev_1062e61274ed,hm_a0f8ed47a107,0.9372020959854126,False
0.1,0.0001,50,sol_a04e14906506c539,ev_106e1d6a1426,hm_a00ad2a2c52a,0.4545454680919647,False
0.05,0.0003,200,sol_304a91fdbd8c3a86,ev_108b3332dd10,hm_a0f8ed47a107,1.1923320293426514,False
0.0,0.0001,50,sol_5137d8fca3b7d062,ev_108cbae4aedf,hm_a00ad2a2c52a,0.4545454680919647,False
0.0,0.0005,20,sol_24028f97cc8155ca,ev_1098afb682bc,hm_7a9cff01f511,0.4545454680919647,False
0.05,0.0001,50,sol_7db8859bdeefe21e,ev_10ae196caa45,hm_a00ad2a2c52a,0.4545454680919647,False
0.1,0.0007,10,sol_f810fc58804ef7fb,ev_10bc620dc568,hm_b46918a75620,0.4545454680919647,False
0.01,0.001,1000,sol_7e0554f270b80403,ev_10bd03443d53,hm_8de6b26636d5,3.1388540267944336,False
0.01,0.001,400,sol_24c2217fe452d9c4,ev_10c1788498a4,hm_8de6b26636d5,1.7618510723114014,False
0.05,0.0001,10,sol_07518b05e36e509b,ev_10d0307d70b1,hm_a00ad2a2c52a,0.4545454680919647,False
0.01,0.001,10,sol_414f021cf1adec91,ev_10d10e038d12,hm_8de6b26636d5,0.4545454680919647,False
0.02,0.0001,10,sol_4cc280f8e74b11d1,ev_10dbb2919c7f,hm_a00ad2a2c52a,0.4545454680919647,False
0.02,0.0007,50,sol_91f2b823a16b0469,ev_10e74e846070,hm_b46918a75620,0.4545454680919647,False
0.05,0.0005,20,sol_58c41465f42cc7f4,ev_110f1339edda,hm_7a9cff01f511,0.4545454680919647,False
0.1,0.0001,50,sol_3bf2800a999ea131,ev_1111943207b5,hm_a00ad2a2c52a,0.4545454680919647,False
0.01,0.0005,20,sol_f8d15dcf2aaba2e8,ev_112019a48107,hm_7a9cff01f511,0.4545454680919647,False
0.05,0.0003,700,sol_1669b9ae66762cd6,ev_1143367912dd,hm_a0f8ed47a107,0.8527964949607849,False
0.0,0.0003,400,sol_7737a721892b02c8,ev_114f09a1d5dd,hm_a0f8ed47a107,0.4545452296733856,False
0.05,0.0003,400,sol_d465565ff5c35d00,ev_115e91232060,hm_a0f8ed47a107,0.5669683218002319,False
0.0,0.0007,100,sol_34354342f2927593,ev_1164f60dcdb5,hm_b46918a75620,0.4545454680919647,False
0.02,0.0007,100,sol_ec4de58f8895df74,ev_117733152b6f,hm_b46918a75620,0.5669973492622375,False
0.01,0.001,700,sol_913aa6853600919b,ev_1183befa2932,hm_8de6b26636d5,1.0934369564056396,False
0.02,0.001,10,sol_3155d5b723d00b90,ev_1185f520d4a1,hm_8de6b26636d5,0.4545454680919647,False
0.0,0.0005,100,sol_87813f75065e4f33,ev_118f3849d520,hm_7a9cff01f511,0.566974401473999,False
0.05,0.001,10,sol_e3a230a757800a2f,ev_1197dcc95948,hm_8de6b26636d5,0.4545454680919647,False
0.02,0.0001,400,sol_1e92c4c196f94ba3,ev_119d862ff366,hm_a00ad2a2c52a,0.4545426368713379,False
0.01,0.0001,100,sol_2e511ab6510b5a5f,ev_119e7b6ce9d0,hm_a00ad2a2c52a,0.4545454680919647,False
0.1,0.0007,10,sol_3b0a11ca0f112593,ev_11aa749a88df,hm_b46918a75620,0.6000000238418579,False
0.01,0.001,700,sol_9ea4fbd5cecf24d4,ev_11ad1cc4caec,hm_8de6b26636d5,1.777021050453186,False
0.01,0.0005,700,sol_e6da503a7292bfdd,ev_11b3b715c769,hm_7a9cff01f511,0.739088773727417,False
0.1,0.0003,400,sol_c3851a7ecdf7925c,ev_11dfbc7940d6,hm_a0f8ed47a107,0.6058533191680908,False
0.1,0.0001,700,sol_d651616dae565e28,ev_11e1dc95c610,hm_a00ad2a2c52a,0.599353551864624,False
0.0,0.0007,10,sol_0b737c6bcce44bb0,ev_1214c4a1e3b0,hm_b46918a75620,0.4545454680919647,False
0.0,0.001,200,sol_9e35a43f71f50de8,ev_12255a6b69ce,hm_8de6b26636d5,0.56696617603302,False
0.0,0.0001,700,sol_8709cc459d8ed808,ev_1243d7c6404d,hm_a00ad2a2c52a,0.5642415285110474,False
0.05,0.001,50,sol_95ea2f4c2e1f4152,ev_125b1c96fae1,hm_8de6b26636d5,0.5669667720794678,False
0.01,0.001,10,sol_5e5e780bd14c15d1,ev_125c9efbff4f,hm_8de6b26636d5,0.4545454680919647,False
0.01,0.0007,100,sol_a1d60d05ac9da985,ev_1266882d149e,hm_b46918a75620,0.5670021176338196,False
0.1,0.0001,50,sol_5eade8ee3156b015,ev_1288d1d847cb,hm_a00ad2a2c52a,0.4545454680919647,False
0.05,0.001,20,sol_8c6822028bb10058,ev_129fa45ea6d1,hm_8de6b26636d5,0.4545454680919647,False
0.05,0.0001,20,sol_9b07129a4b5266bc,ev_12a7858c4f84,hm_a00ad2a2c52a,0.4545454680919647,False
0.02,0.001,20,sol_8d7613b14c765e12,ev_12b8a76f4f4f,hm_8de6b26636d5,0.4545454680919647,False
0.01,0.001,50,sol_137f27df873b2ca5,ev_12d9f7724faf,hm_8de6b26636d5,0.4545454680919647,False
0.0,0.0003,100,sol_40c47ebbbd35d960,ev_12e6638b1074,hm_a0f8ed47a107,0.5669759511947632,False
0.01,0.001,1000,sol_bfd37587c3bc8d09,ev_1317b5f16d1b,hm_8de6b26636d5,3.4362261295318604,False
0.0,0.0005,400,sol_5ac4dd2b587cbc92,ev_1317e3d96280,hm_7a9cff01f511,0.5994738936424255,False
0.02,0.0007,100,sol_6867f79a4cb4dc2d,ev_13347b185fa7,hm_b46918a75620,0.4545454680919647,False
0.02,0.0001,10,sol_6ad3eed5280f1964,ev_133789c99f31,hm_a00ad2a2c52a,0.4545454680919647,False
0.02,0.001,100,sol_e1c6991d48602d56,ev_13410bc2aea5,hm_8de6b26636d5,0.5999512672424316,False
0.05,0.0007,400,sol_ef98e13f9c257ca1,ev_135bf0d589dc,hm_b46918a75620,0.7607232928276062,False
0.01,0.0001,1000,sol_816744c114d83e41,ev_13635c32665e,hm_a00ad2a2c52a,0.6712178587913513,False
0.05,0.0007,400,sol_c441b887ffaa6fca,ev_137881ceb87a,hm_b46918a75620,0.7205504775047302,False
0.1,0.001,10,sol_ff47c7b6f367bec4,ev_137affb88b83,hm_8de6b26636d5,0.4545454680919647,False
0.05,0.0007,400,sol_0d92a7f1d1ec1624,ev_138568bbc519,hm_b46918a75620,1.0876328945159912,False
0.0,0.0005,20,sol_02aafb397fe79e32,ev_1387f3755630,hm_7a9cff01f511,0.4545454680919647,False
0.01,0.001,700,sol_c7644074c5022ae8,ev_13a2b258065d,hm_8de6b26636d5,1.3343756198883057,False
0.0,0.0001,700,sol_ce254b7abe81e966,ev_13a407207ad0,hm_a00ad2a2c52a,0.5641629695892334,False
0.1,0.0007,10,sol_676d47c62ffe3be1,ev_13c3b5591ab2,hm_b46918a75620,0.4545454680919647,False
0.0,0.0005,100,sol_0d9c99d4ac9c93e2,ev_13ce892fec0f,hm_7a9cff01f511,0.5669755339622498,False
0.01,0.0007,50,sol_66b11f433aceb1a1,ev_13d05c0d9e36,hm_b46918a75620,0.4545454680919647,False
0.1,0.0007,700,sol_318694be7a158a0c,ev_13d0b8e101dd,hm_b46918a75620,1.7767683267593384,False
0.05,0.0001,700,sol_16cda3903d0e63a3,ev_13d6b9a68b88,hm_a00ad2a2c52a,0.45453765988349915,False
0.01,0.001,100,sol_1087711bb3933dc5,ev_13e62208b25d,hm_8de6b26636d5,0.6817952394485474,False
0.0,0.0001,10,sol_43f16bcf98f2a22c,ev_141a1e686398,hm_a00ad2a2c52a,0.4545454680919647,False
0.05,0.001,400,sol_71e75af9da22bc79,ev_14244e37eef7,hm_8de6b26636d5,1.3419315814971924,False
0.0,0.001,100,sol_bb6a164fda9bbac7,ev_14481701903f,hm_8de6b26636d5,0.5998833775520325,False
0.05,0.0003,100,sol_6dfaf377de386da9,ev_145b61147ce5,hm_a0f8ed47a107,0.4545454680919647,False
0.1,0.0003,20,sol_d3a9e0c90c33535f,ev_14647b15d4bb,hm_a0f8ed47a107,0.4545454680919647,False
0.1,0.0005,10,sol_9663124b3ba03478,ev_147be68195a6,hm_7a9cff01f511,0.4545454680919647,False
0.0,0.0003,700,sol_0a75bff818538fb9,ev_147f562cdf21,hm_a0f8ed47a107,1.4352670907974243,False
0.1,0.0003,10,sol_8a0ae96766876b99,ev_1489b2b0c71b,hm_a0f8ed47a107,0.4545454680919647,False
0.1,0.0007,700,sol_abc00a2d14566fde,ev_148afd6b40f2,hm_b46918a75620,0.7372591495513916,False
0.02,0.0003,20,sol_fdb3f562271cf001,ev_1498608730e4,hm_a0f8ed47a107,0.4545454680919647,False
0.0,0.0001,400,sol_78f4b0b31b61c2cc,ev_14b226ab11a9,hm_a00ad2a2c52a,0.4545454680919647,False
0.01,0.0003,200,sol_a4e779117732d633,ev_14bb61f5a26f,hm_a0f8ed47a107,0.7607547640800476,False
0.0,0.0001,10,sol_e047c377ddd0747a,ev_14dd550a9a84,hm_a00ad2a2c52a,0.4545454680919647,False
0.1,0.0001,20,sol_f5a45ad51f559ad6,ev_14e8376f3900,hm_a00ad2a2c52a,0.4545454680919647,False
0.1,0.0003,700,sol_c63088f257b30664,ev_15168e27c457,hm_a0f8ed47a107,0.5990409851074219,False
0.05,0.0007,400,sol_97c4315d83fa114b,ev_152fbb10f751,hm_b46918a75620,1.6611709594726562,False
0.02,0.0001,10,sol_c532725f16455cdb,ev_1530c057b65d,hm_a00ad2a2c52a,0.4545454680919647,False
0.02,0.0005,400,sol_8405f40c7ee73bcd,ev_1536b0e7ea3a,hm_7a9cff01f511,0.5997644662857056,False
0.05,0.0003,200,sol_a359267c6eafdd91,ev_156c21dc5821,hm_a0f8ed47a107,0.4545454680919647,False
0.05,0.0007,1000,sol_fda05fd144ce954f,ev_1574f6e42f53,hm_b46918a75620,1.2216852903366089,False
0.1,0.0003,50,sol_d213eb32a36aa0bd,ev_159479c22cfb,hm_a0f8ed47a107,0.4545454680919647,False
0.01,0.001,10,sol_0f2838ccb156756c,ev_15b1c21475e1,hm_8de6b26636d5,0.4545454680919647,False
0.1,0.0003,10,sol_ad6884bb0298812a,ev_15b55a6ef367,hm_a0f8ed47a107,0.4545454680919647,False
0.02,0.0007,400,sol_e2222c1e19429a27,ev_161d982c728c,hm_b46918a75620,0.642261803150177,False
0.02,0.0001,50,sol_2bd1626f9ef15ead,ev_162617e5599e,hm_a00ad2a2c52a,0.4545454680919647,False
0.02,0.0005,400,sol_cd6e65b56ef9ab0a,ev_163dc0b6cce3,hm_7a9cff01f511,0.5669398903846741,False
0.0,0.0003,100,sol_201fc8d72d8825a8,ev_16487c720fbd,hm_a0f8ed47a107,0.4545454680919647,False
0.1,0.001,400,sol_c2eacbff8711bb79,ev_164b7796424a,hm_8de6b26636d5,0.83329838514328,False
0.02,0.0005,100,sol_6be44e2de901cc56,ev_16504fda0f59,hm_7a9cff01f511,0.4545454680919647,False
0.05,0.0001,20,sol_175385fecb79fca4,ev_165b26fa21f4,hm_a00ad2a2c52a,0.4545454680919647,False
0.02,0.0001,10,sol_55c4c82ed76ed4bf,ev_166f42968bba,hm_a00ad2a2c52a,0.4545454680919647,False
0.0,0.0007,50,sol_fead7fc164c09360,ev_169664bd4994,hm_b46918a75620,0.4545454680919647,False
0.1,0.0001,1000,sol_98328558f2e36061,ev_16a7cbe095a3,hm_a00ad2a2c52a,0.5668777823448181,False
0.02,0.0003,10,sol_1432bf47ae12adff,ev_16d4a7c2d299,hm_a0f8ed47a107,0.4545454680919647,False
0.01,0.0007,700,sol_dd08d665247d28ad,ev_16e85fcafe13,hm_b46918a75620,1.4998314380645752,False
0.1,0.0007,100,sol_b134109daf8e4417,ev_16ff43daa28d,hm_b46918a75620,0.4545454680919647,False
0.01,0.0003,20,sol_d23fb331fd79c8a0,ev_1728acb1619b,hm_a0f8ed47a107,0.4545454680919647,False
0.0,0.0005,1000,sol_0719349c3bf3db57,ev_1737f3335a64,hm_7a9cff01f511,1.434262752532959,False
0.05,0.0005,200,sol_d3be241bb19a6fd6,ev_173bcda4f5ba,hm_7a9cff01f511,0.5998326539993286,False
0.01,0.001,100,sol_52588ad8d82610c2,ev_17420b6ce524,hm_8de6b26636d5,0.5998688340187073,False
0.05,0.0003,400,sol_a33bb01d69778a7a,ev_17474c79f9a5,hm_a0f8ed47a107,0.697937548160553,False
0.02,0.0007,50,sol_41438bc78f3790a9,ev_1751598d4221,hm_b46918a75620,0.4545454680919647,False
0.1,0.0003,10,sol_6758b55ad2556e4f,ev_176c647db085,hm_a0f8ed47a107,0.4545454680919647,False
0.1,0.0007,50,sol_d00d409071551540,ev_179ae34d51a8,hm_b46918a75620,0.4545454680919647,False
0.0,0.0001,20,sol_8c02160d4060d547,ev_17d7987eb2ba,hm_a00ad2a2c52a,0.4545454680919647,False
0.02,0.0003,700,sol_f934312912f3f889,ev_17e144ba27e3,hm_a0f8ed47a107,0.5669163465499878,False
0.05,0.0003,50,sol_9faa7e093a664a01,ev_17eb7af23022,hm_a0f8ed47a107,0.4545454680919647,False
0.05,0.0001,100,sol_15996833a68b660f,ev_1802ffae343a,hm_a00ad2a2c52a,0.4545454680919647,False
0.05,0.0003,10,sol_b5106ee06342bfb9,ev_181e075d4bbd,hm_a0f8ed47a107,0.4545454680919647,False
0.0,0.0005,100,sol_e9c66b3834f5fd58,ev_182e62ae22e9,hm_7a9cff01f511,0.4545454680919647,False
0.0,0.001,1000,sol_9e8867559ca07b45,ev_1848eb55f3cb,hm_8de6b26636d5,1.8143796920776367,False
0.01,0.0001,20,sol_0bcbbd48cf0e61a4,ev_1854feeb261a,hm_a00ad2a2c52a,0.4545454680919647,False
0.02,0.0003,400,sol_7bab0876295cdfbd,ev_186fb8156262,hm_a0f8ed47a107,0.5669034123420715,False
0.01,0.0001,20,sol_e8b6ce92b1a9d200,ev_1872668f8562,hm_a00ad2a2c52a,0.4545454680919647,False
0.05,0.001,20,sol_9ef33aee0c7ccd31,ev_18727230efb1,hm_8de6b26636d5,0.4545454680919647,False
0.02,0.0001,700,sol_5b055332cf76d4b4,ev_1873f7756d1e,hm_a00ad2a2c52a,0.5669054388999939,False
0.02,0.0001,100,sol_aa992873e8e3438c,ev_187ccb16dfff,hm_a00ad2a2c52a,0.4545454680919647,False
0.1,0.001,1000,sol_23ae76e5de719b6a,ev_187f188e7f6c,hm_8de6b26636d5,1.4351165294647217,False
0.05,0.0001,400,sol_4f9f44dd2282929b,ev_189074147b80,hm_a00ad2a2c52a,0.6586101055145264,False
0.01,0.0005,700,sol_8bb70b5726b02fb5,ev_18915a690a3d,hm_7a9cff01f511,1.4997764825820923,False
0.1,0.0001,200,sol_fa67423b4539a3a8,ev_189ce57319b3,hm_a00ad2a2c52a,0.4545454680919647,False
0.01,0.001,700,sol_f54c8cc1ab345387,ev_18c29506592e,hm_8de6b26636d5,1.5885365009307861,False
0.1,0.0003,100,sol_0bc0158e56bd0a7a,ev_18d6936a025e,hm_a0f8ed47a107,0.4545454680919647,False
0.1,0.0003,100,sol_fb8d6a874eb471c4,ev_18d97dd1ca4e,hm_a0f8ed47a107,0.4545454680919647,False
0.0,0.0005,200,sol_47e3b627026a93a4,ev_18dbef80d694,hm_7a9cff01f511,0.5669742822647095,False
0.1,0.0005,50,sol_ca532b47719e9f36,ev_18e015a652d1,hm_7a9cff01f511,0.4545454680919647,False
0.1,0.0005,50,sol_a77e70b3fd07dc06,ev_18e53cfcb168,hm_7a9cff01f511,0.4545454680919647,False
0.0,0.0001,20,sol_1b84253d5ecfada9,ev_18ead1f20f50,hm_a00ad2a2c52a,0.4545454680919647,False
0.0,0.0005,700,sol_ed5e2602d7850804,ev_18ed23674bb8,hm_7a9cff01f511,1.3972454071044922,False
0.05,0.0001,100,sol_3791b54b2b5d741c,ev_18f06099a482,hm_a00ad2a2c52a,0.4545454680919647,False
0.05,0.0005,50,sol_0cb831cce070d677,ev_191e99a43de3,hm_7a9cff01f511,0.4545454680919647,False
0.1,0.0005,700,sol_c5fc829b4ece7cf9,ev_193456ade67e,hm_7a9cff01f511,0.7377259135246277,False
0.01,0.0005,1000,sol_a512b0fd492e4efe,ev_19388b198f40,hm_7a9cff01f511,0.9596748352050781,False
0.0,0.0003,700,sol_666d30b99c9c79be,ev_195bb5e352d9,hm_a0f8ed47a107,0.9348328709602356,False
0.01,0.0003,700,sol_199a5979c8e43c36,ev_195e0af52858,hm_a0f8ed47a107,0.7966703772544861,False
0.01,0.0003,1000,sol_ddcdfd267a65bdc0,ev_1975fc1f398b,hm_a0f8ed47a107,0.7606639862060547,False
0.01,0.001,1000,sol_928ce96a52a87eeb,ev_197850272773,hm_8de6b26636d5,2.240025043487549,False
0.0,0.0001,400,sol_b69e6b775f6d69c4,ev_197910d8a647,hm_a00ad2a2c52a,0.4545454680919647,False
0.0,0.0003,400,sol_ee05a49db6064904,ev_19834e20024c,hm_a0f8ed47a107,0.7436242699623108,False
0.0,0.0005,700,sol_935db74d0573defc,ev_1998a4ef0a0d,hm_7a9cff01f511,1.191750407218933,False
0.05,0.0005,400,sol_bdc02ce4dc36dc9f,ev_199affae3f39,hm_7a9cff01f511,1.1923073530197144,False
0.1,0.0005,100,sol_22e8c2e17f4988cb,ev_19a04f9ecd61,hm_7a9cff01f511,0.5669529438018799,False
0.01,0.0005,1000,sol_1cac55ba3088653c,ev_19a813ba53e1,hm_7a9cff01f511,1.4999736547470093,False
0.01,0.001,10,sol_9e85bb7160567a0f,ev_19b83378a38b,hm_8de6b26636d5,0.4545454680919647,False
0.0,0.0007,100,sol_a2caa330fd510679,ev_19d69cf303b0,hm_b46918a75620,0.5669743418693542,False
0.01,0.001,50,sol_517083ba7162acdd,ev_19db9684850d,hm_8de6b26636d5,0.4545454680919647,False
0.05,0.0007,10,sol_d0aaf41e5eef883c,ev_19de2b17d314,hm_b46918a75620,0.4545454680919647,False
0.0,0.0001,400,sol_4248f8d65c2a56fa,ev_19e1c7e4731a,hm_a00ad2a2c52a,0.4545454680919647,False
0.01,0.001,50,sol_db7847983c24b7ce,ev_19eb8db5fd15,hm_8de6b26636d5,0.4545454680919647,False
0.1,0.001,20,sol_1888ee3d2e6f340a,ev_19eba593a641,hm_8de6b26636d5,0.4545454680919647,False
0.01,0.001,400,sol_c0320f04425be10e,ev_1a12181158aa,hm_8de6b26636d5,1.3918994665145874,False
0.1,0.001,10,sol_afe272ffd7523e66,ev_1a2932963117,hm_8de6b26636d5,0.4545454680919647,False
0.0,0.0001,10,sol_66a7b2a67f87f1e4,ev_1a31a53c3746,hm_a00ad2a2c52a,0.4545454680919647,False
0.0,0.0001,100,sol_c87aadc27390962b,ev_1a4a75a70ae5,hm_a00ad2a2c52a,0.4545454680919647,False
0.01,0.0005,20,sol_aacbdf10028fb481,ev_1a50efea8966,hm_7a9cff01f511,0.4545454680919647,False
0.01,0.0005,100,sol_41af47155340434d,ev_1a62ba0f23fc,hm_7a9cff01f511,0.4545454680919647,False
0.0,0.0001,100,sol_a2eca6ed4e460cf1,ev_1a6cff81ac88,hm_a00ad2a2c52a,0.4545454680919647,False
0.1,0.001,200,sol_e2421a61369ce387,ev_1a6d1ab64cd9,hm_8de6b26636d5,0.8553382754325867,False
0.01,0.0003,20,sol_34c6c3dce882f246,ev_1a837d4bb11c,hm_a0f8ed47a107,0.4545454680919647,False
0.02,0.0001,50,sol_ae5739be55c47e46,ev_1a8d85c1bc7d,hm_a00ad2a2c52a,0.4545454680919647,False
0.0,0.0001,10,sol_1e04c00b5b69d7b6,ev_1aa6bb0cf030,hm_a00ad2a2c52a,0.4545454680919647,False
0.0,0.0005,10,sol_100b48070cf17f65,ev_1aaa26253a38,hm_7a9cff01f511,0.4545454680919647,False
0.05,0.0003,20,sol_9911bf96df7dd073,ev_1ac3fe35f259,hm_a0f8ed47a107,0.4545454680919647,False
0.1,0.001,1000,sol_4ca0b760b6fc3b0e,ev_1ad8af28b467,hm_8de6b26636d5,1.7860784530639648,False
0.01,0.001,700,sol_92dac275ed338ba5,ev_1adde9cd3db5,hm_8de6b26636d5,1.426544189453125,False
0.0,0.0005,1000,sol_3085565a8d4b5092,ev_1aefa23711b8,hm_7a9cff01f511,1.2330061197280884,False
0.1,0.001,200,sol_25428bf1f0dad26a,ev_1af102e9e7bf,hm_8de6b26636d5,0.5997843742370605,False
0.05,0.0001,200,sol_d1a1eabd748ed0af,ev_1affa16f8834,hm_a00ad2a2c52a,0.4545454680919647,False
0.1,0.0001,50,sol_ddebb2188dd960b5,ev_1b284ffec51e,hm_a00ad2a2c52a,0.4545454680919647,False
0.05,0.0003,10,sol_a87a1af41e7d9668,ev_1b2b604d25fe,hm_a0f8ed47a107,0.4545454680919647,False
0.01,0.001,1000,sol_80bddad0088ec272,ev_1b30bb1b7c1a,hm_8de6b26636d5,13.059722900390625,False
0.01,0.0001,700,sol_597fcd04a19adbf3,ev_1b58b8ec3576,hm_a00ad2a2c52a,0.5669335722923279,False
0.02,0.0007,1000,sol_57f90a91b6a224b5,ev_1b65ed69bcf1,hm_b46918a75620,1.4342279434204102,False
0.1,0.0005,200,sol_4bf6540cbab245ce,ev_1b6d1a216bb0,hm_7a9cff01f511,0.5997003316879272,False
0.1,0.0005,400,sol_9b988d438ac02896,ev_1b6ec63c0b6c,hm_7a9cff01f511,0.920029878616333,False
0.02,0.001,200,sol_eadff6da07995078,ev_1b6fa3a3dd3e,hm_8de6b26636d5,0.6423580050468445,False
0.01,0.0001,10,sol_91a6fd16b4d841c9,ev_1b7177e44637,hm_a00ad2a2c52a,0.4545454680919647,False
0.02,0.0005,1000,sol_2b96a95ac3414f05,ev_1b790cb9862f,hm_7a9cff01f511,0.8493115901947021,False
0.0,0.0007,1000,sol_e1a4e719e0f3f707,ev_1b85d29977b1,hm_b46918a75620,1.28043532371521,False
0.1,0.0005,400,sol_7214a0493df73964,ev_1bb6fbb2b27c,hm_7a9cff01f511,0.6719685792922974,False
0.02,0.0001,400,sol_ec75bb43cd928622,ev_1bc9dc832682,hm_a00ad2a2c52a,0.45454269647598267,False
0.05,0.0003,400,sol_39ffdd7937b8c416,ev_1beffac14b51,hm_a0f8ed47a107,0.7104633450508118,False
0.1,0.0001,100,sol_6c18fadfd3359431,ev_1c18533c7a75,hm_a00ad2a2c52a,0.4545454680919647,False
0.0,0.0007,200,sol_9a389332f9d00494,ev_1c2c78ec8b76,hm_b46918a75620,0.5669593811035156,False
0.0,0.0005,400,sol_845d8ced2b510937,ev_1c434ebcad4e,hm_7a9cff01f511,0.6984987854957581,False
0.0,0.0007,1000,sol_685ded455e545a99,ev_1c554416c108,hm_b46918a75620,1.3909697532653809,False
0.01,0.0007,200,sol_e984ac24ba4bc4c3,ev_1c5cbba28143,hm_b46918a75620,0.9612729549407959,False
0.01,0.001,400,sol_ea50dd31c725b7bf,ev_1c71ff477f01,hm_8de6b26636d5,1.5630913972854614,False
0.05,0.0003,20,sol_212a3302d9410bec,ev_1c8a70352cd8,hm_a0f8ed47a107,0.4545454680919647,False
0.1,0.0001,100,sol_3a03c97bde3185ca,ev_1c94a4450ce7,hm_a00ad2a2c52a,0.4545454680919647,False
0.1,0.0001,10,sol_79e44f3ffd51e90b,ev_1caf6391d20e,hm_a00ad2a2c52a,0.4545454680919647,False
0.1,0.0005,400,sol_e32172ef4e59d44d,ev_1ce26d656bd8,hm_7a9cff01f511,0.6289548277854919,False
0.01,0.0003,20,sol_64e8c59bfbb5d58a,ev_1cf4639b9656,hm_a0f8ed47a107,0.4545454680919647,False
0.02,0.001,200,sol_2b6f72c99d30118f,ev_1d2cab0b4d64,hm_8de6b26636d5,0.6423137784004211,False
0.02,0.0007,200,sol_2e093ac38e572c11,ev_1d2eabf5941b,hm_b46918a75620,1.500016212463379,False
0.1,0.0007,700,sol_5b38a88ada3fc766,ev_1d355ec74247,hm_b46918a75620,0.7605105042457581,False
0.1,0.0003,10,sol_6ea9d1e7a01fab48,ev_1d41474307b1,hm_a0f8ed47a107,0.4545454680919647,False
0.1,0.001,200,sol_fa51701c6c41c4f0,ev_1d5913a0a60d,hm_8de6b26636d5,0.5669248104095459,False
0.0,0.0005,10,sol_f31a276fa2b0537a,ev_1d604f3853e6,hm_7a9cff01f511,0.4545454680919647,False
0.01,0.0007,50,sol_ed1786c3d81e8e91,ev_1d7331444548,hm_b46918a75620,0.4545454680919647,False
0.01,0.0001,400,sol_a84de2570377b1c4,ev_1d897252f6b8,hm_a00ad2a2c52a,0.45454367995262146,False
0.0,0.0007,700,sol_d0ec82b66da0a8e6,ev_1d9ed3c036e1,hm_b46918a75620,1.4999245405197144,False
0.01,0.0003,100,sol_fcf62738af7f7fa2,ev_1db6c91f0ebb,hm_a0f8ed47a107,0.4545454680919647,False
0.0,0.0007,50,sol_d6d3a34a6e1e2b13,ev_1dcdf54ebcef,hm_b46918a75620,0.4545454680919647,False
0.02,0.0005,400,sol_e21080325c312940,ev_1dd158af685b,hm_7a9cff01f511,0.82280033826828,False
0.05,0.0007,700,sol_6548b2b178556b99,ev_1dd9aa874043,hm_b46918a75620,0.7604588866233826,False
0.05,0.0005,200,sol_41b73cfef7209162,ev_1de06a1f1a31,hm_7a9cff01f511,0.599872350692749,False
0.01,0.0001,50,sol_cebd17292edfaeb6,ev_1de511d327c6,hm_a00ad2a2c52a,0.4545454680919647,False
0.05,0.0007,100,sol_ec08ba6c76a7eaae,ev_1dea081a2e9c,hm_b46918a75620,0.5669792890548706,False
0.02,0.0003,200,sol_a6feaa1e9895bad5,ev_1deaeef4e69b,hm_a0f8ed47a107,0.4545454680919647,False
0.01,0.0001,10,sol_9e370307a31b31d5,ev_1e06ef5d3dcd,hm_a00ad2a2c52a,0.4545454680919647,False
0.01,0.0003,1000,sol_c1b9f2857577f137,ev_1e21082f42e9,hm_a0f8ed47a107,1.1523007154464722,False
0.01,0.0007,100,sol_89d0d050c6991283,ev_1e3bddd83c82,hm_b46918a75620,0.5670021176338196,False
0.01,0.0003,20,sol_c861709474abc6db,ev_1e410d1459d1,hm_a0f8ed47a107,0.4545454680919647,False
0.02,0.0001,100,sol_a7b53d2385793d5e,ev_1e4a1f27f4db,hm_a00ad2a2c52a,0.4545454680919647,False
0.0,0.0001,700,sol_522b158b4088f38d,ev_1e53ac7ab0af,hm_a00ad2a2c52a,0.6287781000137329,False
0.02,0.0003,50,sol_7f4d8caa136dffe5,ev_1e5c9fc81095,hm_a0f8ed47a107,0.4545454680919647,False
0.0,0.0003,10,sol_42e895cf5d18e2d9,ev_1e5d8467246a,hm_a0f8ed47a107,0.4545454680919647,False
0.02,0.0007,10,sol_ea87077cabc0f947,ev_1e60b400915b,hm_b46918a75620,0.4545454680919647,False
0.01,0.0001,200,sol_b3c2bba54da9e0e2,ev_1e69cb0d40af,hm_a00ad2a2c52a,0.5999191999435425,False
0.02,0.001,700,sol_7d1405da4563cb9c,ev_1e7915bdaf56,hm_8de6b26636d5,2.012167453765869,False
0.02,0.0003,400,sol_a8ac68e622cc8f72,ev_1ecb2a11a5d7,hm_a0f8ed47a107,0.8529903292655945,False
0.05,0.0003,10,sol_9645143aa5a24c4f,ev_1efa31eb1bda,hm_a0f8ed47a107,0.4545454680919647,False
0.0,0.0003,400,sol_d523685d69280d88,ev_1f108c837d51,hm_a0f8ed47a107,0.5995547771453857,False
0.0,0.001,700,sol_f7d0d1cd219265aa,ev_1f1f4a50c180,hm_8de6b26636d5,2.0036559104919434,False
0.05,0.0003,200,sol_e595db414ffea58e,ev_1f6218afe275,hm_a0f8ed47a107,0.5669336318969727,False
0.05,0.0007,400,sol_995b4c00f4507360,ev_1f7ba5f4a5b2,hm_b46918a75620,0.5997880697250366,False
0.1,0.0001,1000,sol_33e805c3e111e779,ev_1f8342554cda,hm_a00ad2a2c52a,0.5668803453445435,False
0.01,0.0003,100,sol_daaf37c95ba7129e,ev_1fa914269b59,hm_a0f8ed47a107,0.45454469323158264,False
0.01,0.0005,400,sol_f8e32cd804f85413,ev_1fc6024d527e,hm_7a9cff01f511,0.5669618248939514,False
0.01,0.0007,700,sol_93eeaf6fed242f3e,ev_1fd8ef4af7d8,hm_b46918a75620,0.993774950504303,False
0.05,0.001,100,sol_962422009998e694,ev_1ff879ab65cb,hm_8de6b26636d5,0.5999389290809631,False
0.0,0.001,700,sol_83a00f711a16f203,ev_200d158b19f0,hm_8de6b26636d5,19.418272018432617,False
0.01,0.001,20,sol_bfb0d3310ec08d68,ev_20191f9d3ef1,hm_8de6b26636d5,0.4545454680919647,False
0.1,0.0005,200,sol_dd100e8a49c84e70,ev_202779963dce,hm_7a9cff01f511,0.5669426321983337,False
0.02,0.0007,50,sol_07f6d16651d0fe2f,ev_203e6d37cb35,hm_b46918a75620,0.4545454680919647,False
0.0,0.0005,50,sol_8b80d0c15e9290c8,ev_20570cc47518,hm_7a9cff01f511,0.4545454680919647,False
0.01,0.0003,20,sol_3ec197cca9d6fc5a,ev_205a2b8117ae,hm_a0f8ed47a107,0.4545454680919647,False
0.05,0.0003,400,sol_6dc01105a26b7b80,ev_206fc1cf420d,hm_a0f8ed47a107,0.5669171214103699,False
0.1,0.0007,200,sol_83956e80ec5cb8f7,ev_20765ff8e0a9,hm_b46918a75620,0.8717689514160156,False
0.1,0.001,1000,sol_e0397a89ae5ba0a3,ev_207af5b1fa55,hm_8de6b26636d5,1.6349378824234009,False
0.05,0.0001,200,sol_47c3f8d630804995,ev_207fbc6daed7,hm_a00ad2a2c52a,0.4545454680919647,False
0.0,0.0007,400,sol_2ff49e550bb61f52,ev_20880082a1e0,hm_b46918a75620,1.017137885093689,False
0.01,0.0005,10,sol_aa185e056737b98c,ev_208d7a868ca0,hm_7a9cff01f511,0.4545454680919647,False
0.0,0.0007,200,sol_e2d1954b7f05759a,ev_2092cbdce669,hm_b46918a75620,0.6398569345474243,False
0.02,0.0001,20,sol_ba98725d55de71e1,ev_209b7047bb79,hm_a00ad2a2c52a,0.4545454680919647,False
0.1,0.0003,200,sol_5a55d9396a112830,ev_20a6d470c734,hm_a0f8ed47a107,0.5669147372245789,False
0.1,0.0005,10,sol_80f83245469d6d63,ev_20d9944ea0ad,hm_7a9cff01f511,0.4545454680919647,False
0.1,0.001,100,sol_0248eff80470e93f,ev_20e6885f5750,hm_8de6b26636d5,0.5669689178466797,False
0.0,0.001,100,sol_0c8aaaa2889eb88b,ev_20ec35d91829,hm_8de6b26636d5,0.5669751763343811,False
0.1,0.0001,700,sol_00db871d8a1597e0,ev_20f393cc09aa,hm_a00ad2a2c52a,0.566979706287384,False
0.1,0.0003,700,sol_89661458b74db66a,ev_20f710641ba9,hm_a0f8ed47a107,0.5668772459030151,False
0.0,0.0001,1000,sol_30d245d2ae7107e6,ev_210c0d692e90,hm_a00ad2a2c52a,0.4545399844646454,False
0.1,0.0003,50,sol_75eff1fbb461c365,ev_2119a403ed26,hm_a0f8ed47a107,0.4545454680919647,False
0.1,0.0001,20,sol_b4ed47deebc0fcb8,ev_211ccb9533bf,hm_a00ad2a2c52a,0.4545454680919647,False
0.05,0.0003,700,sol_175b17c120b75024,ev_2128475165b3,hm_a0f8ed47a107,0.7340215444564819,False
0.1,0.0005,400,sol_999cd25a65eeb028,ev_218bd7f4d67e,hm_7a9cff01f511,0.7940962314605713,False
0.0,0.001,10,sol_f8c67e4938ac2e39,ev_218f749e7a1c,hm_8de6b26636d5,0.4545454680919647,False
0.05,0.0007,10,sol_55f62e8dca2414ce,ev_218f7af8f4bb,hm_b46918a75620,0.4545454680919647,False
0.05,0.0005,100,sol_2bb2ecbc3c840f3b,ev_21b5372fc302,hm_7a9cff01f511,0.4545454680919647,False
0.02,0.0007,200,sol_7cd644bc835599c6,ev_21ccf3fb1c9c,hm_b46918a75620,0.8047595620155334,False
0.05,0.0007,10,sol_637843bdf730d5fa,ev_21ce4e825b38,hm_b46918a75620,0.4545454680919647,False
0.02,0.0005,1000,sol_fb25473a9d006f9b,ev_21dcf45e3970,hm_7a9cff01f511,1.0916204452514648,False
0.05,0.0001,200,sol_b1f2c85854418392,ev_220b93322937,hm_a00ad2a2c52a,0.4545454680919647,False
0.1,0.001,10,sol_3b858618671ac2ff,ev_221805f39553,hm_8de6b26636d5,0.4545454680919647,False
0.1,0.0005,100,sol_41d054051ae0651e,ev_2219a542f2fb,hm_7a9cff01f511,0.4545454680919647,False
0.01,0.0001,10,sol_f04f32cb8d9ede2e,ev_2230b599a4e1,hm_a00ad2a2c52a,0.4545454680919647,False
0.05,0.001,200,sol_beb6722c6a4aaac9,ev_22527a40e02d,hm_8de6b26636d5,0.5999400019645691,False
0.05,0.0003,100,sol_68a6ce323db31c14,ev_228cea395a49,hm_a0f8ed47a107,0.5999341607093811,False
0.01,0.001,1000,sol_b418c77a53e584d2,ev_228fe4ae36ad,hm_8de6b26636d5,3.9603335857391357,False
0.1,0.0001,1000,sol_6216f82e68f27c5c,ev_22909eb66906,hm_a00ad2a2c52a,0.599478006362915,False
0.0,0.001,100,sol_8e0c00a224f2e92b,ev_22971769792e,hm_8de6b26636d5,0.5669752359390259,False
0.05,0.0001,20,sol_6fdf2ee9e51f3a8c,ev_229c6055c126,hm_a00ad2a2c52a,0.4545454680919647,False
0.0,0.0007,10,sol_eaa851917520a689,ev_22a0aa994945,hm_b46918a75620,0.4545454680919647,False
0.05,0.0003,50,sol_38c5ad147d59a3ae,ev_22b05a0379be,hm_a0f8ed47a107,0.4545454680919647,False
0.02,0.0003,10,sol_49652c541e2d237a,ev_22b29d3321cc,hm_a0f8ed47a107,0.4545454680919647,False
0.1,0.0007,200,sol_da2fb3df4028686c,ev_22e5c521b67e,hm_b46918a75620,0.5669344663619995,False
0.02,0.0003,100,sol_fe20ba2dbf7df11c,ev_22fcbe626992,hm_a0f8ed47a107,0.4545454680919647,False
0.01,0.0005,10,sol_2e74270f0b951a41,ev_23152abc6e8d,hm_7a9cff01f511,0.4545454680919647,False
0.1,0.0005,1000,sol_38df3bc395ae366e,ev_232a2b365a55,hm_7a9cff01f511,0.8393097519874573,False
0.05,0.0005,200,sol_ab3b0dd76cebcb5c,ev_234f63d7f9a3,hm_7a9cff01f511,0.5669381022453308,False
0.01,0.0005,20,sol_f9b2d452d34281a6,ev_235600bf0c4c,hm_7a9cff01f511,0.4545454680919647,False
0.1,0.001,400,sol_23d5115d3214e096,ev_238f33c9501d,hm_8de6b26636d5,0.7825918793678284,False
0.01,0.001,50,sol_db6df297ba4bbf6e,ev_2399f3049755,hm_8de6b26636d5,0.4545454680919647,False
0.1,0.0003,1000,sol_e9e2f008116f52cc,ev_23a75f14044d,hm_a0f8ed47a107,0.8236183524131775,False
0.02,0.001,20,sol_4f1090287975fe18,ev_23b3453f38ec,hm_8de6b26636d5,0.4545454680919647,False
0.0,0.0003,200,sol_1a07ab9ef27baf4a,ev_23bf045bd0f8,hm_a0f8ed47a107,0.5669738054275513,False
0.0,0.0003,100,sol_6026ac25b478a8dd,ev_23c7542a6fd1,hm_a0f8ed47a107,0.8106786608695984,False
0.05,0.0005,1000,sol_53ebcb717ba40164,ev_2430a7891f47,hm_7a9cff01f511,0.9412980675697327,False
0.01,0.0001,20,sol_df2a36d3853467ed,ev_246066d585e3,hm_a00ad2a2c52a,0.4545454680919647,False
0.05,0.0001,700,sol_b35f02767d9fd576,ev_246ca75e0cd3,hm_a00ad2a2c52a,0.5668450593948364,False
0.0,0.001,200,sol_79c8b027fde516f2,ev_248184417486,hm_8de6b26636d5,0.6847671270370483,False
0.01,0.0003,400,sol_60d0008e1731194e,ev_2491c8d5043a,hm_a0f8ed47a107,0.5669649839401245,False
0.05,0.0001,10,sol_f156f8e5628b46a2,ev_2497cd45d395,hm_a00ad2a2c52a,0.4545454680919647,False
0.0,0.0003,400,sol_56e36d51fe6487f2,ev_249bf31e97c0,hm_a0f8ed47a107,0.5669692158699036,False
0.01,0.0005,400,sol_766039909f0c0d2e,ev_24a745214285,hm_7a9cff01f511,0.5998581051826477,False
0.02,0.0001,20,sol_d6cd369ab74bd1d5,ev_24b09f07e6a0,hm_a00ad2a2c52a,0.4545454680919647,False
0.0,0.0007,20,sol_5aefed1cc8bd984c,ev_24c29176833e,hm_b46918a75620,0.4545454680919647,False
0.02,0.0005,1000,sol_4b9384ddd764a582,ev_24dcd1489dac,hm_7a9cff01f511,1.3401890993118286,False
0.01,0.0005,200,sol_e0875c0e074a5904,ev_25033ff7f7ac,hm_7a9cff01f511,0.599872350692749,False
0.0,0.0003,50,sol_1503eecbe84fe9a8,ev_250e1432ee8a,hm_a0f8ed47a107,0.4545454680919647,False
0.0,0.0005,100,sol_ed6c5b1d1e91f557,ev_251ea78ac519,hm_7a9cff01f511,0.4545454680919647,False
0.01,0.0001,10,sol_a13e81b17002cea0,ev_251f79bec623,hm_a00ad2a2c52a,0.4545454680919647,False
0.05,0.001,10,sol_4ef339070450ad57,ev_2523ba5e7b09,hm_8de6b26636d5,0.4545454680919647,False
0.01,0.0005,1000,sol_bf68c5e12d89f8ab,ev_2526e349f351,hm_7a9cff01f511,1.0754252672195435,False
0.1,0.0007,1000,sol_8747f2c10abf264b,ev_2561a43bf630,hm_b46918a75620,1.1530944108963013,False
0.0,0.001,200,sol_064d910740d35bc5,ev_257385cf483f,hm_8de6b26636d5,0.5998794436454773,False
0.01,0.0001,200,sol_8afdf997668186ae,ev_257f322fcd1e,hm_a00ad2a2c52a,0.45454370975494385,False
0.02,0.0001,10,sol_1f87d57e07ae9ccb,ev_25af18c92a7f,hm_a00ad2a2c52a,0.4545454680919647,False
0.05,0.001,700,sol_bfd68706875a783f,ev_25bbfb0f0fc4,hm_8de6b26636d5,1.6635797023773193,False
0.1,0.0001,200,sol_4413a141bcb038c0,ev_25c25018ce6d,hm_a00ad2a2c52a,0.4545454680919647,False
0.01,0.0001,700,sol_3146fbcbe425bc00,ev_25c84dad6f60,hm_a00ad2a2c52a,0.4545454680919647,False
0.0,0.0003,20,sol_676be6e236f25d37,ev_25d17ed51eea,hm_a0f8ed47a107,0.4545454680919647,False
0.05,0.001,20,sol_ab747acaaf2bf40f,ev_25df47534c19,hm_8de6b26636d5,0.5670102834701538,False
0.0,0.001,20,sol_f6780cd7499b08bd,ev_25e4c9aaf096,hm_8de6b26636d5,0.4545454680919647,False
0.0,0.001,200,sol_54b2b943031d61c6,ev_25e64845be7a,hm_8de6b26636d5,0.6551709771156311,False
0.1,0.001,50,sol_a0e7e05bc825ea88,ev_25fbc47c527f,hm_8de6b26636d5,0.4545454680919647,False
0.02,0.0003,20,sol_f840f8a7c9e43993,ev_260349a18d11,hm_a0f8ed47a107,0.4545454680919647,False
0.1,0.0001,50,sol_c821bab10b990c36,ev_262990fe7f59,hm_a00ad2a2c52a,0.4545454680919647,False
0.05,0.001,10,sol_07d1a5f0fb158564,ev_263dd94e5dca,hm_8de6b26636d5,0.4545454680919647,False
0.02,0.001,1000,sol_ba3abe13a4c8c768,ev_264777d26b33,hm_8de6b26636d5,1.7706407308578491,False
0.01,0.0003,1000,sol_5aa45e9ed71c4ab8,ev_2683110f2d95,hm_a0f8ed47a107,0.5994884967803955,False
0.0,0.0007,400,sol_c96ff584d0ec3d7a,ev_268a4ed8b680,hm_b46918a75620,1.1922802925109863,False
0.01,0.001,700,sol_ffceb51faa548561,ev_26aa6b05b79b,hm_8de6b26636d5,1.5001055002212524,False
0.05,0.0005,700,sol_f1e3504c1e03e6e1,ev_26b026777083,hm_7a9cff01f511,1.3625315427780151,False
0.1,0.001,400,sol_e131b7ff881d3859,ev_26d471a7936b,hm_8de6b26636d5,0.9529075026512146,False
0.1,0.0003,20,sol_175242903d901593,ev_26d6abcc6392,hm_a0f8ed47a107,0.4545454680919647,False
0.1,0.0005,400,sol_5a9c6c53927839da,ev_26d7b0e76f41,hm_7a9cff01f511,0.5669214725494385,False
0.01,0.0005,10,sol_0c705b7e6ecd82e8,ev_26ddadfd78b8,hm_7a9cff01f511,0.4545454680919647,False
0.02,0.001,700,sol_03b1e25c0af583f0,ev_26e7830559e2,hm_8de6b26636d5,1.499916911125183,False
0.01,0.0003,20,sol_688fd3e0d6ecbe29,ev_26f5da60f746,hm_a0f8ed47a107,0.4545454680919647,False
0.0,0.001,400,sol_d34ff574085297c2,ev_27155a781e8d,hm_8de6b26636d5,5.24798059463501,False
0.02,0.0007,10,sol_f0824d571a552f40,ev_27168f02e7bc,hm_b46918a75620,0.4545454680919647,False
0.05,0.001,1000,sol_aab4356fa87fed08,ev_27183d9542f1,hm_8de6b26636d5,1.6056140661239624,False
0.01,0.0007,1000,sol_86c2d9d935dee17a,ev_27278fda5722,hm_b46918a75620,1.478412389755249,False
0.0,0.0007,700,sol_852f2d078672cc8a,ev_273cc8d30009,hm_b46918a75620,1.3219144344329834,False
0.05,0.0005,200,sol_25422aba5a68e5cc,ev_274a2283fe2d,hm_7a9cff01f511,0.566983163356781,False
0.01,0.0007,700,sol_47d629f9e5d71882,ev_274dae49c78f,hm_b46918a75620,1.3423871994018555,False
0.05,0.0005,100,sol_be14c001b7396c62,ev_2760d6100947,hm_7a9cff01f511,0.5669899582862854,False
0.0,0.0001,200,sol_cb145277671e4680,ev_276ce398b8d6,hm_a00ad2a2c52a,0.4545454680919647,False
0.01,0.001,700,sol_1608c1b81844c980,ev_27801f3e2607,hm_8de6b26636d5,2.167652130126953,False
0.01,0.001,50,sol_fa61851b676f90f6,ev_27839835b38b,hm_8de6b26636d5,0.4545454680919647,False
0.01,0.001,100,sol_f94b7793384c93b0,ev_27a158ae3bfe,hm_8de6b26636d5,0.5669704675674438,False
0.0,0.0005,1000,sol_e68a1cc9c3048649,ev_27f334341c0b,hm_7a9cff01f511,1.6269477605819702,False
0.01,0.0001,1000,sol_c43636963d38578b,ev_27f3bdb1e966,hm_a00ad2a2c52a,0.4545438587665558,False
0.01,0.0001,1000,sol_225fdc5fd7e96b13,ev_27f888b87dc2,hm_a00ad2a2c52a,0.599765956401825,False
0.01,0.0007,20,sol_b96ac3d12ca0748b,ev_280af6a1f510,hm_b46918a75620,0.4545454680919647,False
0.05,0.0003,200,sol_6e4fb98cff3969e8,ev_280e2b655dda,hm_a0f8ed47a107,0.4545454680919647,False
0.05,0.0003,50,sol_f498ff2c088875ba,ev_281e966a0720,hm_a0f8ed47a107,0.4545454680919647,False
0.0,0.0007,200,sol_cda709ceef6f822f,ev_281ea8ea04d4,hm_b46918a75620,0.5999113917350769,False
0.01,0.001,20,sol_225556b0ed13b98c,ev_2842fa1f88b0,hm_8de6b26636d5,0.4545454680919647,False
0.0,0.0005,1000,sol_b5dda5c378f1e75b,ev_28529db7342b,hm_7a9cff01f511,1.4351366758346558,False
0.01,0.0001,200,sol_313186d7b5a0d3ea,ev_2853c922eb97,hm_a00ad2a2c52a,0.5996502637863159,False
0.05,0.0001,700,sol_c278e39972021106,ev_2875c3f5620e,hm_a00ad2a2c52a,0.4545390009880066,False
0.05,0.0005,10,sol_5d1dd1076cf8e3c9,ev_2878e3105c5a,hm_7a9cff01f511,0.4545454680919647,False
0.02,0.0003,100,sol_771a5cb09bbfdd2d,ev_2885e870ca80,hm_a0f8ed47a107,0.5669906139373779,False
0.0,0.0003,400,sol_a74d07c898666826,ev_2890939f50fa,hm_a0f8ed47a107,0.5669738054275513,False
0.05,0.0005,50,sol_570d09c1452d1c63,ev_28920c0562d0,hm_7a9cff01f511,0.4545454680919647,False
0.02,0.0007,100,sol_06b985b0f5a30597,ev_28bc2ea2d3c5,hm_b46918a75620,0.5669909715652466,False
0.01,0.0007,700,sol_be2e9bf50f878c64,ev_28bd9f302462,hm_b46918a75620,1.2812179327011108,False
0.1,0.0003,100,sol_2f3699ed9db4ce31,ev_28be0aebdbad,hm_a0f8ed47a107,0.4545454680919647,False
0.01,0.0005,10,sol_99f6f560587fd480,ev_28bfbe7cbc65,hm_7a9cff01f511,0.4545454680919647,False
0.1,0.0001,10,sol_03fa7da61f313a64,ev_28d25da70975,hm_a00ad2a2c52a,0.4545454680919647,False
0.02,0.001,100,sol_b623e678d47f79b7,ev_28d2e2415cae,hm_8de6b26636d5,0.5669825673103333,False
0.02,0.0001,700,sol_2ec8150444344fe8,ev_28fd0a22516a,hm_a00ad2a2c52a,0.5669319033622742,False
0.02,0.001,50,sol_7584fb08c2d74b57,ev_29124297b794,hm_8de6b26636d5,0.4545454680919647,False
0.05,0.0003,10,sol_b1680441c5205c99,ev_29294c91fe43,hm_a0f8ed47a107,0.4545454680919647,False
0.1,0.001,700,sol_d8c8fec9f953a4a9,ev_292c9248029b,hm_8de6b26636d5,1.8157345056533813,False
0.02,0.0001,700,sol_9c06566f60f4ef49,ev_293c99120da2,hm_a00ad2a2c52a,0.6507354378700256,False
0.01,0.0005,10,sol_f9640988089a95c0,ev_29419cad8be0,hm_7a9cff01f511,0.4545454680919647,False
0.0,0.001,10,sol_90092bd19bfa69ca,ev_2946963593a3,hm_8de6b26636d5,0.4545454680919647,False
0.0,0.0001,700,sol_51fbee35eaaeb253,ev_294d07b24a80,hm_a00ad2a2c52a,0.4545454680919647,False
0.02,0.0007,1000,sol_8fdf7de255edf5f1,ev_297e6be48506,hm_b46918a75620,17.618194580078125,False
0.1,0.001,100,sol_27845d8b15cd0aee,ev_298937d80720,hm_8de6b26636d5,0.5669605731964111,False
0.05,0.001,20,sol_a3e4586788a4d59e,ev_29978730001a,hm_8de6b26636d5,0.4545454680919647,False
0.02,0.0005,10,sol_86b885f97939ee8c,ev_29a71feadba9,hm_7a9cff01f511,0.4545454680919647,False
0.01,0.0007,20,sol_9cb66a3687b6d43f,ev_29afdd4fd799,hm_b46918a75620,0.4545454680919647,False
0.1,0.0007,50,sol_a3d6ccd733612995,ev_29b09b560d01,hm_b46918a75620,0.4545454680919647,False
0.05,0.0003,700,sol_9db528e4a6eaf9e4,ev_29c9df57eef8,hm_a0f8ed47a107,1.0716867446899414,False
0.1,0.0005,700,sol_b5c43b56c2440bad,ev_29dff56ea63f,hm_7a9cff01f511,1.1418529748916626,False
0.1,0.0007,100,sol_739c53b35e91eff0,ev_29e1eae1c94b,hm_b46918a75620,0.5669134855270386,False
0.0,0.0007,700,sol_59379232a5abcebb,ev_29e3e3b4ba62,hm_b46918a75620,1.2579724788665771,False
0.01,0.001,100,sol_47a6cc1fd4dcf82e,ev_29efbd300904,hm_8de6b26636d5,0.5998930335044861,False
0.02,0.0005,50,sol_0bd95f5f8d57d858,ev_29fd195e1c70,hm_7a9cff01f511,0.4545454680919647,False
0.0,0.0007,50,sol_3661354958c881e6,ev_2a03aa273cb1,hm_b46918a75620,0.4545454680919647,False
0.05,0.0005,700,sol_5f4993e1fb6068d8,ev_2a0fd4471e32,hm_7a9cff01f511,0.8460362553596497,False
0.01,0.0003,10,sol_bd4f2e12c727595f,ev_2a10c9847e33,hm_a0f8ed47a107,0.4545454680919647,False
0.05,0.0007,10,sol_9c03b2d1371ff802,ev_2a1a73f0ba78,hm_b46918a75620,0.4545454680919647,False
0.02,0.0003,10,sol_37a97660080ff5fa,ev_2a2cae270bc8,hm_a0f8ed47a107,0.4545454680919647,False
0.0,0.001,400,sol_02cae487b8142bd9,ev_2a3777fbc844,hm_8de6b26636d5,0.7434940338134766,False
0.02,0.0005,100,sol_db9142d6e63adeb6,ev_2a3d4275ed61,hm_7a9cff01f511,0.4545454680919647,False
0.02,0.0005,100,sol_a08709789057525c,ev_2a4fc417e96e,hm_7a9cff01f511,0.4545454680919647,False
0.0,0.001,700,sol_8da3c3e0a8144f22,ev_2a8358d2b926,hm_8de6b26636d5,1.391392469406128,False
0.0,0.0007,10,sol_b3772c7884acfcc0,ev_2a8b9d5132c2,hm_b46918a75620,0.4545454680919647,False
0.01,0.0003,200,sol_6edc2376a910eb52,ev_2a8e2f4eb27f,hm_a0f8ed47a107,0.7360581755638123,False
0.1,0.0003,50,sol_4884d8e868001e8a,ev_2a99b10c85ff,hm_a0f8ed47a107,0.4545454680919647,False
0.0,0.0007,50,sol_271612304839a558,ev_2a9a6644a0c5,hm_b46918a75620,0.4545454680919647,False
0.05,0.001,1000,sol_b43bb3ea1007f55e,ev_2aa395c50d7f,hm_8de6b26636d5,3.29068922996521,False
0.01,0.001,50,sol_ccd372f593dd643e,ev_2aaae1e4df24,hm_8de6b26636d5,0.4545454680919647,False
0.1,0.0001,400,sol_066a31bb6c25535c,ev_2ad7466e928e,hm_a00ad2a2c52a,0.4545454680919647,False
0.0,0.0003,1000,sol_4b32c564cb29ad30,ev_2b10022ab620,hm_a0f8ed47a107,1.1538752317428589,False
0.02,0.0005,100,sol_1270f6ce6c71e1bc,ev_2b18ab495c7b,hm_7a9cff01f511,0.4545454680919647,False
0.01,0.0005,50,sol_97ba49a18090fa42,ev_2b1b74cb1aca,hm_7a9cff01f511,0.4545454680919647,False
0.02,0.0007,200,sol_ebd242da33b18c23,ev_2b28e3d4c541,hm_b46918a75620,1.4352504014968872,False
0.0,0.0005,10,sol_2898501ef0cd51b3,ev_2b2b5420ee17,hm_7a9cff01f511,0.4545454680919647,False
0.1,0.0005,100,sol_46fc4cec6ab3c8a5,ev_2b495984c2f2,hm_7a9cff01f511,0.4545454680919647,False
0.05,0.0003,400,sol_8f9e313483724f20,ev_2b4d84e6e465,hm_a0f8ed47a107,0.5993182063102722,False
0.0,0.0001,100,sol_e13a0ea064276bf7,ev_2b539c7425a0,hm_a00ad2a2c52a,0.4545454680919647,False
0.0,0.0003,20,sol_813b655277cc1ada,ev_2b564a60876c,hm_a0f8ed47a107,0.4545454680919647,False
0.02,0.0001,10,sol_9a360705176de382,ev_2b5ebe02bc1b,hm_a00ad2a2c52a,0.4545454680919647,False
0.1,0.0007,400,sol_2be24f7899f3d8d1,ev_2b61835bd7bd,hm_b46918a75620,0.6931887269020081,False
0.02,0.0003,200,sol_7badc944b4bfa020,ev_2b66083f4d50,hm_a0f8ed47a107,0.6179636120796204,False
0.01,0.0001,10,sol_36a1f495d9f34e09,ev_2b717cc24103,hm_a00ad2a2c52a,0.4545454680919647,False
0.02,0.0001,200,sol_ab6a465e6746ea6a,ev_2b722eab0897,hm_a00ad2a2c52a,0.4545454680919647,False
0.05,0.0001,100,sol_6a30ab6f87896c50,ev_2b7464ef6551,hm_a00ad2a2c52a,0.4545454680919647,False
0.0,0.0007,20,sol_5ad330f1d0a8a993,ev_2b86e78848b4,hm_b46918a75620,0.4545454680919647,False
0.1,0.001,1000,sol_25d173c943ec0c67,ev_2b9165234e32,hm_8de6b26636d5,2.5586843490600586,False
0.1,0.001,10,sol_93052307126d124a,ev_2b9da627059a,hm_8de6b26636d5,0.4545454680919647,False
0.01,0.0007,400,sol_04dfbc8abb773545,ev_2ba020550be0,hm_b46918a75620,1.132171630859375,False
0.1,0.0007,700,sol_9f6141e21decb234,ev_2bad7406972b,hm_b46918a75620,1.1921592950820923,False
0.0,0.0005,1000,sol_760c2af446b730ad,ev_2bc7b3974686,hm_7a9cff01f511,1.1326924562454224,False
0.02,0.0003,700,sol_4d634c2f042c4ec4,ev_2bc884d91907,hm_a0f8ed47a107,0.5995370149612427,False
0.0,0.0003,50,sol_3da1909365d94a22,ev_2bcfccabde98,hm_a0f8ed47a107,0.4545454680919647,False
0.0,0.0003,10,sol_36a9e63a41374244,ev_2bd7f7870def,hm_a0f8ed47a107,0.4545454680919647,False
0.01,0.0001,1000,sol_aa3db4b70c2a401c,ev_2be5ea9984de,hm_a00ad2a2c52a,0.5641498565673828,False
0.1,0.0001,1000,sol_559b4904151f4ae7,ev_2bedf786a874,hm_a00ad2a2c52a,0.6705402135848999,False
0.05,0.0001,50,sol_c14a68db0033627b,ev_2bf324305e0b,hm_a00ad2a2c52a,0.4545454680919647,False
0.01,0.0001,100,sol_dc5d4fcd49a7f0e6,ev_2bf44318148b,hm_a00ad2a2c52a,0.4545454680919647,False
0.1,0.0005,50,sol_3cc4b96409abb533,ev_2c117014b270,hm_7a9cff01f511,0.4545454680919647,False
0.1,0.0003,1000,sol_741993f861121ba7,ev_2c1b321ed0bb,hm_a0f8ed47a107,1.499907374382019,False
0.05,0.0001,10,sol_513cda92be0f5787,ev_2c1c73a07581,hm_a00ad2a2c52a,0.4545454680919647,False
0.1,0.0005,1000,sol_f17fc93872acf462,ev_2c2174fcbf3f,hm_7a9cff01f511,1.0528171062469482,False
0.02,0.0007,50,sol_70c75943a7169bd6,ev_2c3600fc418d,hm_b46918a75620,0.4545454680919647,False
0.1,0.0001,700,sol_61f4dc47ddb912e9,ev_2c36846b8421,hm_a00ad2a2c52a,0.4545454680919647,False
0.02,0.0001,10,sol_8e4879e3e787e511,ev_2c3841c7c576,hm_a00ad2a2c52a,0.4545454680919647,False
0.05,0.001,200,sol_748659cffb046c44,ev_2c38d1e9dd83,hm_8de6b26636d5,0.6456812024116516,False
0.02,0.001,400,sol_2a58878ed01bfa61,ev_2c4c6d75c651,hm_8de6b26636d5,1.0013456344604492,False
0.0,0.001,20,sol_12ef53bd351ec64c,ev_2c5161a556b9,hm_8de6b26636d5,0.4545454680919647,False
0.05,0.0005,200,sol_61b34f0f10dc59bd,ev_2c518149ce56,hm_7a9cff01f511,0.5669481754302979,False
0.0,0.001,50,sol_f739b29eed7ad419,ev_2c57df426805,hm_8de6b26636d5,0.6000010371208191,False
0.05,0.0005,200,sol_86114a4e7c42f946,ev_2c779d699b9a,hm_7a9cff01f511,0.5669702291488647,False
0.05,0.0001,1000,sol_794e83956950ae0e,ev_2c8351ece50b,hm_a00ad2a2c52a,0.5991597771644592,False
0.0,0.001,1000,sol_b55a6a704dda034f,ev_2c856c5f0600,hm_8de6b26636d5,1.9988282918930054,False
0.01,0.001,1000,sol_4f1861cf30f12ebe,ev_2cfd7c5b5fcd,hm_8de6b26636d5,1.8630226850509644,False
0.0,0.0007,50,sol_06f1f2aa2ec2da15,ev_2d1669a21866,hm_b46918a75620,0.4545454680919647,False
0.05,0.0001,400,sol_4a0de0bf50032d3a,ev_2d1de978307c,hm_a00ad2a2c52a,0.4545454680919647,False
0.1,0.0007,1000,sol_5f59493f5ccafcf1,ev_2d2a55023396,hm_b46918a75620,1.4985899925231934,False
0.02,0.0003,50,sol_b36fff519f68c3a3,ev_2d366afa613b,hm_a0f8ed47a107,0.4545454680919647,False
0.1,0.0001,50,sol_9d8136a9b1261d21,ev_2d3a2a7287e0,hm_a00ad2a2c52a,0.4545454680919647,False
0.05,0.0003,700,sol_29f57d3d3a1a7258,ev_2d3bb2aec290,hm_a0f8ed47a107,0.8454310894012451,False
0.05,0.0003,50,sol_193b1a16071931d2,ev_2d432ec46a9b,hm_a0f8ed47a107,0.4545454680919647,False
0.0,0.0007,10,sol_f3519312efe5dfd4,ev_2d4e49e1bd8b,hm_b46918a75620,0.4545454680919647,False
0.01,0.001,200,sol_d5803d851706d908,ev_2d65934c02bb,hm_8de6b26636d5,0.7608404755592346,False
0.01,0.0001,50,sol_dbe47d1b14d19068,ev_2d92afb98e6a,hm_a00ad2a2c52a,0.4545454680919647,False
0.05,0.0003,1000,sol_ae857bd59e5148cc,ev_2dbf76832b4c,hm_a0f8ed47a107,0.8901512622833252,False
0.05,0.0007,400,sol_1b668e27395f2d85,ev_2dcd4488458b,hm_b46918a75620,0.6289671659469604,False
0.0,0.0007,1000,sol_299bd18a051e1042,ev_2dd37ee4ea17,hm_b46918a75620,1.3003326654434204,False
0.02,0.0007,400,sol_13778fb26b96e300,ev_2dd6fc1a1acb,hm_b46918a75620,0.7066805958747864,False
0.05,0.0001,10,sol_1e2866bfb2b0d355,ev_2dd8100e0ab7,hm_a00ad2a2c52a,0.4545454680919647,False
0.0,0.0001,50,sol_62afde47f1f421a8,ev_2dd96d2a5890,hm_a00ad2a2c52a,0.4545454680919647,False
0.01,0.0007,200,sol_b3592a79901c8bc1,ev_2de925b2366b,hm_b46918a75620,0.7815202474594116,False
0.0,0.001,700,sol_b799656028167bc8,ev_2ded28ad5d25,hm_8de6b26636d5,1.8453561067581177,False
0.0,0.0003,200,sol_eb9b06c44df82c98,ev_2dfb3897641b,hm_a0f8ed47a107,0.5669738054275513,False
0.1,0.0003,400,sol_5a890b118ffc69e3,ev_2e034694e199,hm_a0f8ed47a107,0.4545454680919647,False
0.01,0.0003,700,sol_0abe800761f93344,ev_2e176216d6c1,hm_a0f8ed47a107,0.7606646418571472,False
0.1,0.0007,20,sol_7ebf44db1000dacc,ev_2e29e4084b68,hm_b46918a75620,0.4545454680919647,False
0.0,0.0007,20,sol_2a9f10520054a509,ev_2e36281cad0d,hm_b46918a75620,0.4545454680919647,False
0.02,0.0005,1000,sol_772be44c33daf302,ev_2e53ae4c3dfc,hm_7a9cff01f511,1.3918025493621826,False
0.05,0.0001,200,sol_f5f640acaae543e9,ev_2e617da34ccc,hm_a00ad2a2c52a,0.4545454680919647,False
0.05,0.001,700,sol_07719d791bd01a1f,ev_2e676ff43a06,hm_8de6b26636d5,1.1418476104736328,False
0.01,0.0003,50,sol_80c3899d94b62bcc,ev_2e6e5860d96c,hm_a0f8ed47a107,0.4545454680919647,False
0.05,0.0001,10,sol_dc53b3078842ef63,ev_2e82cd68bdd1,hm_a00ad2a2c52a,0.4545454680919647,False
0.05,0.0001,100,sol_4a2176b4e4ab278c,ev_2e99dfe9d629,hm_a00ad2a2c52a,0.4545454680919647,False
0.1,0.0005,200,sol_127b3c3bb5e48860,ev_2eacae3e37b4,hm_7a9cff01f511,0.5668676495552063,False
0.02,0.0005,200,sol_49e520acb50e8ffc,ev_2eb1c4e6c351,hm_7a9cff01f511,1.1923105716705322,False
0.0,0.001,10,sol_e4efc33d5d96821c,ev_2eb4f75edf0b,hm_8de6b26636d5,0.4545454680919647,False
0.0,0.0007,700,sol_ff9001085dd4418d,ev_2ec358d52043,hm_b46918a75620,1.4999110698699951,False
0.1,0.001,400,sol_4cc3771682de3720,ev_2ed09434af28,hm_8de6b26636d5,1.1473135948181152,False
0.05,0.0003,200,sol_a3665a7e7ad47932,ev_2ed92a4e82e3,hm_a0f8ed47a107,0.4545454680919647,False
0.02,0.0001,1000,sol_3e319491907835d0,ev_2ede4c05cd37,hm_a00ad2a2c52a,0.5640232563018799,False
0.0,0.0001,1000,sol_fdd93522910ed80d,ev_2ee4ca65d248,hm_a00ad2a2c52a,0.5642264485359192,False
0.0,0.0005,10,sol_619cb4feadbffd95,ev_2f04f742394b,hm_7a9cff01f511,0.4545454680919647,False
0.01,0.0005,200,sol_3fcd3e94bf2f03c3,ev_2f221c31a3ee,hm_7a9cff01f511,1.2582124471664429,False
0.01,0.0001,10,sol_14d389176a981934,ev_2f42c255b0a2,hm_a00ad2a2c52a,0.4545454680919647,False
0.0,0.001,700,sol_02adba534e04fb6d,ev_2f4a287fe1d6,hm_8de6b26636d5,4.94840669631958,False
0.01,0.0003,200,sol_d06db1b9989ad7e7,ev_2f7f28259213,hm_a0f8ed47a107,0.5669002532958984,False
0.02,0.001,50,sol_18c6fba245cd1ac6,ev_2f89706c2ca5,hm_8de6b26636d5,0.4545454680919647,False
0.1,0.0005,10,sol_cbcd1609567a6598,ev_2f955a06f9dd,hm_7a9cff01f511,0.4545454680919647,False
0.02,0.0001,1000,sol_9ae9f6f75d25444a,ev_2f986bfcb0b7,hm_a00ad2a2c52a,0.7567734122276306,False
0.01,0.0005,50,sol_6373adb6043979b3,ev_2faada33c9b4,hm_7a9cff01f511,0.4545454680919647,False
0.0,0.0003,1000,sol_8299d359740ca250,ev_2fb54bc18b51,hm_a0f8ed47a107,1.1452462673187256,False
0.01,0.0005,10,sol_f02d1787094241f8,ev_2fb85318094f,hm_7a9cff01f511,0.4545454680919647,False
0.01,0.0007,700,sol_d461adf091244d88,ev_2fc633a48bb0,hm_b46918a75620,0.783255398273468,False
0.0,0.0001,400,sol_e2170a0faa80f29f,ev_2fcc63d6872f,hm_a00ad2a2c52a,0.4545454680919647,False
0.0,0.0001,50,sol_0e5ca0af74922cda,ev_2fd7f2796562,hm_a00ad2a2c52a,0.4545454680919647,False
0.1,0.0005,20,sol_9507852076632d8e,ev_2ff329bae208,hm_7a9cff01f511,0.4545454680919647,False
0.02,0.0001,200,sol_e38242d741b3aae4,ev_3008cd822848,hm_a00ad2a2c52a,0.4545454680919647,False
0.02,0.0003,100,sol_12f36fc33d56d1a5,ev_302ea5cc3fe3,hm_a0f8ed47a107,0.4545454680919647,False
0.0,0.0007,1000,sol_fe06415c25f48925,ev_30350214762e,hm_b46918a75620,1.3699193000793457,False
0.02,0.0001,200,sol_4b0f537b6b6dd594,ev_3036e4bbca2f,hm_a00ad2a2c52a,0.45454326272010803,False
0.1,0.001,10,sol_f8cf64197964770d,ev_304713e6daa2,hm_8de6b26636d5,0.4545454680919647,False
0.0,0.0005,1000,sol_48c9154183ac3712,ev_306c2407f603,hm_7a9cff01f511,0.650093674659729,False
0.05,0.0003,700,sol_66f5a6aa29133e68,ev_307aa8941934,hm_a0f8ed47a107,0.5992722511291504,False
0.05,0.0007,1000,sol_1cf7e4b68fa7ff7b,ev_307d139b86b3,hm_b46918a75620,1.191672921180725,False
0.01,0.0001,50,sol_3188f29f23799b3f,ev_30866aa2ae14,hm_a00ad2a2c52a,0.4545454680919647,False
0.05,0.0003,100,sol_daa7d26b1369055c,ev_3091a25c91cb,hm_a0f8ed47a107,0.4545454680919647,False
0.01,0.0007,100,sol_e757ee342a08bf3b,ev_30afa36d004f,hm_b46918a75620,0.5669828653335571,False
0.01,0.001,50,sol_facb7c87f7d85641,ev_30d2ff6a4e81,hm_8de6b26636d5,0.4545454680919647,False
0.02,0.0005,10,sol_e81792b77e9bd3b7,ev_30ede1c29153,hm_7a9cff01f511,0.4545454680919647,False
0.05,0.0001,200,sol_f921a79fa06fb99d,ev_30f1e90cc740,hm_a00ad2a2c52a,0.4545454680919647,False
0.0,0.001,10,sol_6ea8bd91a7ad96a8,ev_30f32947e181,hm_8de6b26636d5,0.4545454680919647,False
0.02,0.0001,10,sol_6688ffccc4ce98da,ev_30f44d2d9098,hm_a00ad2a2c52a,0.4545454680919647,False
0.1,0.0001,200,sol_ba7dad8d5c7126f2,ev_30f799d2bcb2,hm_a00ad2a2c52a,0.4545454680919647,False
0.05,0.0007,700,sol_beb1d823d6bce4cf,ev_31030ccd31af,hm_b46918a75620,0.740586519241333,False
0.1,0.0007,400,sol_5ccd87afac9cbddb,ev_3114c0f6b64d,hm_b46918a75620,1.0963666439056396,False
0.01,0.0007,400,sol_5bdde606960fd232,ev_3116984af4b2,hm_b46918a75620,1.0528982877731323,False
0.01,0.0005,400,sol_2d69a17f5bfcaf6e,ev_3116e749e86b,hm_7a9cff01f511,1.0935568809509277,False
0.0,0.0001,1000,sol_8a63566d9be3ad55,ev_311f5ecb3b89,hm_a00ad2a2c52a,0.5642297267913818,False
0.02,0.001,100,sol_1ec4e2aadbca1006,ev_313360619e40,hm_8de6b26636d5,0.5669979453086853,False
0.01,0.0005,700,sol_fed66c6927fedb5d,ev_3141d9150937,hm_7a9cff01f511,0.8714348673820496,False
0.1,0.0001,1000,sol_3ce5383eaccc6449,ev_3146009151f5,hm_a00ad2a2c52a,1.1923261880874634,False
0.0,0.0005,100,sol_9c73c5b329b6a733,ev_314b8ec1da7d,hm_7a9cff01f511,0.4545454680919647,False
0.01,0.001,700,sol_b83f3871c7cd6a9b,ev_31673ccef1a9,hm_8de6b26636d5,1.4997167587280273,False
0.0,0.001,10,sol_592eb7afd9098e64,ev_316b5535e341,hm_8de6b26636d5,0.4545454680919647,False
0.02,0.001,20,sol_07efdd242722b0a6,ev_316f4dbd544c,hm_8de6b26636d5,0.4545454680919647,False
0.05,0.0005,20,sol_138335154de9f642,ev_3175dde14a21,hm_7a9cff01f511,0.4545454680919647,False
0.01,0.0003,1000,sol_479dfe237b543da5,ev_3189bfcedbf2,hm_a0f8ed47a107,0.6282630562782288,False
0.02,0.0003,1000,sol_01ecac207d235eba,ev_318ac0817600,hm_a0f8ed47a107,0.5669330358505249,False
0.01,0.001,200,sol_a75918565cb0f602,ev_318c5e067aea,hm_8de6b26636d5,1.071415901184082,False
0.01,0.0001,100,sol_1a7254897309598b,ev_31941affb32a,hm_a00ad2a2c52a,0.4545454680919647,False
0.1,0.0005,50,sol_ce2028002403da34,ev_31d86a8fce63,hm_7a9cff01f511,0.4545454680919647,False
0.0,0.001,50,sol_9fe06834ec441cf0,ev_31dadec386fa,hm_8de6b26636d5,0.4545454680919647,False
0.05,0.0003,50,sol_6fa4aaac084203a0,ev_31e64b30fe44,hm_a0f8ed47a107,0.4545454680919647,False
0.1,0.001,10,sol_02ce074e448a658e,ev_31f7a18aa952,hm_8de6b26636d5,0.4545454680919647,False
0.02,0.0007,10,sol_c523b19463952bb0,ev_320cf16e86cc,hm_b46918a75620,0.4545454680919647,False
0.02,0.0007,1000,sol_680a461d94872d82,ev_3217c09a2401,hm_b46918a75620,1.1415190696716309,False
0.01,0.0005,100,sol_37bc9991985ef278,ev_322a87aecc9d,hm_7a9cff01f511,0.4545454680919647,False
0.05,0.0007,1000,sol_21c817827aeec0e8,ev_322d810ce236,hm_b46918a75620,1.6109174489974976,False
0.05,0.0001,200,sol_bb64a84ed226cf39,ev_323114a357ac,hm_a00ad2a2c52a,0.4545454680919647,False
0.01,0.001,10,sol_13d5948daf995237,ev_323a79f9390a,hm_8de6b26636d5,0.4545454680919647,False
0.02,0.0001,1000,sol_6926ce7da0c11810,ev_32440a55d29e,hm_a00ad2a2c52a,0.4545416235923767,False
0.05,0.0007,20,sol_215c750787080d97,ev_326c7b4cf1f9,hm_b46918a75620,0.4545454680919647,False
0.05,0.0005,100,sol_07dc9dffb3f99d18,ev_327a78c71768,hm_7a9cff01f511,0.5669530630111694,False
0.02,0.0005,100,sol_f7d606fbca4144b6,ev_3287e2e26512,hm_7a9cff01f511,0.5669955015182495,False
0.1,0.0005,200,sol_887516f1934c2dfd,ev_3294a1964fc9,hm_7a9cff01f511,0.5668672323226929,False
0.05,0.0001,700,sol_44f32a849a171d3e,ev_32a1cb423801,hm_a00ad2a2c52a,0.5669214725494385,False
0.1,0.0001,200,sol_8de0d2e72c7bc6e6,ev_32a4f5004d66,hm_a00ad2a2c52a,0.4545454680919647,False
0.05,0.0005,1000,sol_e32384412e96f0de,ev_32a620627f2e,hm_7a9cff01f511,0.76784348487854,False
0.0,0.0003,700,sol_b680c1ddba90fde7,ev_32bb5acf4d11,hm_a0f8ed47a107,0.5998536348342896,False
0.02,0.0001,100,sol_98de34816d7e1e87,ev_32bbd089a904,hm_a00ad2a2c52a,0.4545454680919647,False
0.05,0.001,700,sol_8b4b0377c8d6604f,ev_32da61de8f11,hm_8de6b26636d5,0.9422023892402649,False
0.0,0.0001,400,sol_32241704eaf9199e,ev_32e4e5699205,hm_a00ad2a2c52a,0.4545454680919647,False
0.02,0.001,400,sol_25e1a769d85133aa,ev_32ef1cda8a89,hm_8de6b26636d5,1.1210578680038452,False
0.1,0.0003,200,sol_eb9a4319a1b56783,ev_32f25dee749d,hm_a0f8ed47a107,0.4545454680919647,False
0.02,0.0003,400,sol_f1541d07c4831e6f,ev_331f166a28ec,hm_a0f8ed47a107,0.6627317070960999,False
0.01,0.0003,10,sol_c04aa9ece1a827c4,ev_33228ec302ce,hm_a0f8ed47a107,0.4545454680919647,False
0.05,0.0007,10,sol_803c1fb678b7a2ae,ev_3337cf117417,hm_b46918a75620,0.4545454680919647,False
0.01,0.0001,200,sol_153ce9408299e77d,ev_3343cdd407c3,hm_a00ad2a2c52a,0.45454466342926025,False
0.02,0.0003,200,sol_a880d0a9aed6dc92,ev_3355284a7d27,hm_a0f8ed47a107,0.4545454680919647,False
0.01,0.0007,700,sol_e84f18852f714a88,ev_335f3ea82c28,hm_b46918a75620,1.97818922996521,False
0.05,0.0005,100,sol_76db187c3e78e6f3,ev_336288acdeea,hm_7a9cff01f511,0.600005030632019,False
0.01,0.001,700,sol_7828c0e315d6b742,ev_3364f68de614,hm_8de6b26636d5,1.2913841009140015,False
0.05,0.001,50,sol_6145747962ce1bf7,ev_336b4fc1e334,hm_8de6b26636d5,0.4545454680919647,False
0.1,0.0005,200,sol_f60534b9c893449d,ev_33745aee775b,hm_7a9cff01f511,0.4545454680919647,False
0.0,0.0007,1000,sol_29b2e760411333af,ev_33822f1df0a7,hm_b46918a75620,18.336959838867188,False
0.1,0.0003,50,sol_31156e090e53a4d0,ev_338f3e669703,hm_a0f8ed47a107,0.4545454680919647,False
0.1,0.0007,20,sol_3afbb924b4658a3b,ev_33a3cb3a8ae6,hm_b46918a75620,0.4545454680919647,False
0.05,0.0003,10,sol_d9bfad94b266c80d,ev_33ac0c032e2b,hm_a0f8ed47a107,0.4545454680919647,False
0.01,0.0005,700,sol_9e59dce57c1e9306,ev_33ce728ba703,hm_7a9cff01f511,0.6977640986442566,False
0.05,0.0003,20,sol_d3a55662f69f5297,ev_33d91f676f03,hm_a0f8ed47a107,0.4545454680919647,False
0.0,0.0007,20,sol_bfc868c35c1c911f,ev_33d97ac7983e,hm_b46918a75620,0.4545454680919647,False
0.1,0.0005,100,sol_adf9b2e8b8ae461a,ev_33e3247b53da,hm_7a9cff01f511,0.5669109225273132,False
0.05,0.0007,20,sol_d9464cde41d34595,ev_33e67047e44b,hm_b46918a75620,0.4545454680919647,False
0.1,0.0001,200,sol_5de95c4e1fc39f8a,ev_33eaeeb8bec5,hm_a00ad2a2c52a,0.4545454680919647,False
0.1,0.0005,50,sol_a04b8d291beb9bc2,ev_3400884f0b76,hm_7a9cff01f511,0.4545454680919647,False
0.0,0.001,10,sol_2f0604d8ed5df77c,ev_340fa94fadb9,hm_8de6b26636d5,0.4545454680919647,False
0.0,0.001,200,sol_1c2f99cb6636ac47,ev_34211034b851,hm_8de6b26636d5,0.8731834292411804,False
0.01,0.0001,400,sol_a19228bebc3210da,ev_343578747cc0,hm_a00ad2a2c52a,0.45454350113868713,False
0.02,0.0007,100,sol_8ab894419a41ad71,ev_345f1dbad55e,hm_b46918a75620,0.4545454680919647,False
0.0,0.0003,100,sol_c67c00fcabbeae2c,ev_3462fb1288e4,hm_a0f8ed47a107,0.4545454680919647,False
0.02,0.0007,100,sol_9be153078a037023,ev_3464e80260b8,hm_b46918a75620,0.5669784545898438,False
0.02,0.0005,50,sol_0f01ac3c2cc71008,ev_349de6fcc929,hm_7a9cff01f511,0.4545454680919647,False
0.1,0.0003,20,sol_8e88eb40f9271b34,ev_34bb17e2d682,hm_a0f8ed47a107,0.4545454680919647,False
0.01,0.0005,1000,sol_57e3e6608388642b,ev_34cd55daa41f,hm_7a9cff01f511,1.8164198398590088,False
0.0,0.0007,20,sol_bbcd108554f1f1b7,ev_34e45c1a626a,hm_b46918a75620,0.4545454680919647,False
0.0,0.0007,400,sol_cd47aafeda41d7ff,ev_34fbf043bec5,hm_b46918a75620,1.4998928308486938,False
0.02,0.001,20,sol_5e5042c7f5d0f8f6,ev_350179ee523d,hm_8de6b26636d5,0.4545454680919647,False
0.05,0.001,10,sol_b2ee8d26cf02ebe4,ev_350b45ae7a09,hm_8de6b26636d5,0.4545454680919647,False
0.1,0.0007,50,sol_5364426131c6b0b5,ev_3513a0255ccb,hm_b46918a75620,0.4545454680919647,False
0.05,0.0005,50,sol_9ff709457ca0cef3,ev_3519d78e4afd,hm_7a9cff01f511,0.4545454680919647,False
0.05,0.0003,700,sol_c78f14b327ed7468,ev_35322dd4a4d8,hm_a0f8ed47a107,0.6476194262504578,False
0.02,0.0005,400,sol_8cca37ca271018ef,ev_3534f8f34d3a,hm_7a9cff01f511,0.5669904351234436,False
0.01,0.0007,10,sol_ba519ba97e019180,ev_353a195db6df,hm_b46918a75620,0.4545454680919647,False
0.05,0.0007,400,sol_0e04a50c3fa4d209,ev_353ab7728bbf,hm_b46918a75620,0.7605857253074646,False
0.1,0.001,200,sol_3538dbe206d9ecba,ev_35698fb0939f,hm_8de6b26636d5,0.7296849489212036,False
0.0,0.0001,400,sol_57a63f3c6f48f9a2,ev_358106ea56a4,hm_a00ad2a2c52a,0.4545454680919647,False
0.02,0.001,50,sol_204c5f971906e049,ev_35834c95cd1e,hm_8de6b26636d5,0.4545454680919647,False
0.1,0.0001,700,sol_047bc8118e6b1d96,ev_3584542c64f4,hm_a00ad2a2c52a,0.4545454680919647,False
0.01,0.001,700,sol_40d1f823a7b50a00,ev_3589de99700c,hm_8de6b26636d5,1.6218751668930054,False
0.1,0.0005,700,sol_87aaa90b53073533,ev_358c0a5889b0,hm_7a9cff01f511,0.7063367366790771,False
0.05,0.0007,20,sol_0e1c92383ad4ae10,ev_35dd9f3165ce,hm_b46918a75620,0.4545454680919647,False
0.02,0.001,50,sol_c778a33f869abd2b,ev_36003999054e,hm_8de6b26636d5,0.4545454680919647,False
0.02,0.001,20,sol_1033ebcdfa234b1f,ev_36119250e37a,hm_8de6b26636d5,0.4545454680919647,False
0.1,0.001,1000,sol_66f86389faf11ea1,ev_3613adac28d2,hm_8de6b26636d5,0.9993205070495605,False
0.05,0.001,1000,sol_3afadc6318e85408,ev_361a0071c5d7,hm_8de6b26636d5,7.438365936279297,False
0.05,0.0005,50,sol_82d956cb73e591fe,ev_3628e029765a,hm_7a9cff01f511,0.4545454680919647,False
0.02,0.0001,700,sol_7531b19d9ff504be,ev_363a5c60f269,hm_a00ad2a2c52a,0.4545423090457916,False
0.02,0.0003,100,sol_793de2acfa55e274,ev_363f75370a90,hm_a0f8ed47a107,0.4545454680919647,False
0.0,0.001,1000,sol_73165ece66322c53,ev_36470140683e,hm_8de6b26636d5,1.6925811767578125,False
0.01,0.0007,100,sol_80dc0b6de03fe2c6,ev_36567585e5c8,hm_b46918a75620,0.5669743418693542,False
0.1,0.0005,700,sol_09defe5d60f79ffe,ev_3695c723853d,hm_7a9cff01f511,1.0926849842071533,False
0.05,0.0005,100,sol_36b94d74ed347440,ev_369785e5eb23,hm_7a9cff01f511,0.4545454680919647,False
0.0,0.0003,100,sol_b464bb6ec0b84c3b,ev_36ac9afa2001,hm_a0f8ed47a107,0.4545454680919647,False
0.02,0.0005,1000,sol_74deabe2f69368e3,ev_36aee38f179e,hm_7a9cff01f511,0.8527576327323914,False
0.05,0.0001,50,sol_db013977a49fe71d,ev_36ba66735481,hm_a00ad2a2c52a,0.4545454680919647,False
0.1,0.0001,10,sol_05b412334aaabb32,ev_36c30b8636a2,hm_a00ad2a2c52a,0.4545454680919647,False
0.0,0.0003,1000,sol_7c1dcb1f6c65253f,ev_36c7c1029f77,hm_a0f8ed47a107,0.5998051166534424,False
0.01,0.0007,100,sol_4698a8c834b65c3b,ev_36d046ae825e,hm_b46918a75620,0.4545445740222931,False
0.05,0.0003,200,sol_23bee9e28864e5e5,ev_36d5c1163c36,hm_a0f8ed47a107,0.4545454680919647,False
0.02,0.0007,200,sol_12b32777161f1bbb,ev_36d79131439b,hm_b46918a75620,0.6847698092460632,False
0.01,0.0005,10,sol_faac56cc7468d61d,ev_36e2a9293084,hm_7a9cff01f511,0.4545454680919647,False
0.1,0.0001,20,sol_f31861109d74820a,ev_36e95d27dd61,hm_a00ad2a2c52a,0.4545454680919647,False
0.01,0.0007,20,sol_36b80bfdb1138915,ev_36f21b90db59,hm_b46918a75620,0.4545454680919647,False
0.0,0.0005,200,sol_b32c593b7b35d0ff,ev_36f3b0a89785,hm_7a9cff01f511,0.5669640898704529,False
0.01,0.0003,700,sol_6ad983e0a93f84f1,ev_36f4234599fe,hm_a0f8ed47a107,0.7600605487823486,False
0.05,0.0005,20,sol_a818d98aa95a7579,ev_36f4ea91c8b4,hm_7a9cff01f511,0.4545454680919647,False
0.0,0.0003,400,sol_5896493b08226b1f,ev_37397f600f23,hm_a0f8ed47a107,0.5996233224868774,False
0.05,0.0007,20,sol_1d06dee9d197d245,ev_3741e110b9e5,hm_b46918a75620,0.4545454680919647,False
0.01,0.0003,400,sol_4aa80deee793a6a5,ev_37a3bc8dd9cd,hm_a0f8ed47a107,0.5995492935180664,False
0.01,0.0005,1000,sol_7a87b204a2d76cf3,ev_37aea2408de2,hm_7a9cff01f511,1.673811912536621,False
0.05,0.0007,10,sol_ceafbf87507d637b,ev_37b6f6bbb2bd,hm_b46918a75620,0.4545454680919647,False
0.02,0.001,1000,sol_2555c83d2a4457ff,ev_37bac7299b12,hm_8de6b26636d5,1.3176071643829346,False
0.0,0.0003,700,sol_c17a22e7b3bef1da,ev_37d097271a80,hm_a0f8ed47a107,0.7607746124267578,False
0.0,0.0005,100,sol_a43ffd8fc157f937,ev_37e55b985142,hm_7a9cff01f511,0.5999875664710999,False
0.02,0.001,400,sol_6bc9f188d11d5193,ev_37e7bc815825,hm_8de6b26636d5,0.9788356423377991,False
0.0,0.0007,200,sol_2dad9e5cfff544d5,ev_37fa63ba2163,hm_b46918a75620,1.278359055519104,False
0.02,0.001,20,sol_fc260ff57ad7f958,ev_38017a1e4656,hm_8de6b26636d5,0.4545454680919647,False
0.02,0.0005,700,sol_b04fafb4d56e2164,ev_384b1e14aef1,hm_7a9cff01f511,0.7835096716880798,False
0.1,0.0001,20,sol_3b54d4fd6770701b,ev_38520c29375b,hm_a00ad2a2c52a,0.4545454680919647,False
0.05,0.0005,10,sol_8ebfaeb4dbea97f5,ev_3853c98a69b0,hm_7a9cff01f511,0.4545454680919647,False
0.1,0.0003,1000,sol_6fa87cba678b4379,ev_388d1af6ecb1,hm_a0f8ed47a107,0.6981982588768005,False
0.1,0.0007,50,sol_84f17fe00c63d439,ev_38ad7a6113c8,hm_b46918a75620,0.4545454680919647,False
0.0,0.0005,700,sol_f4a5583ce7be201e,ev_38c0974ff61f,hm_7a9cff01f511,0.8527426719665527,False
0.1,0.0003,1000,sol_8aa980634cc224b7,ev_38deb6802446,hm_a0f8ed47a107,0.8561853766441345,False
0.02,0.001,1000,sol_3ad94fc311414a7f,ev_38e3e54fa864,hm_8de6b26636d5,15.041191101074219,False
0.02,0.0007,100,sol_20fb5054d3a1a70d,ev_38ec72705ff9,hm_b46918a75620,0.4545454680919647,False
0.0,0.0005,200,sol_2fdc8868046d9036,ev_3900b68d8ceb,hm_7a9cff01f511,0.5669747591018677,False
0.1,0.0001,10,sol_df5b148677685170,ev_390eaabf3457,hm_a00ad2a2c52a,0.4545454680919647,False
0.05,0.001,100,sol_80938ff95ec435e3,ev_391045ee6b7f,hm_8de6b26636d5,0.5998960137367249,False
0.0,0.0007,1000,sol_74a9cfb09a71b636,ev_391c141b825e,hm_b46918a75620,1.2579926252365112,False
0.1,0.0007,100,sol_8b0b7e172b8183aa,ev_3926daab0def,hm_b46918a75620,0.4545454680919647,False
0.1,0.0001,20,sol_99d9a1fe897a7d19,ev_3965394c0508,hm_a00ad2a2c52a,0.4545454680919647,False
0.0,0.0005,700,sol_4d6f95fbccc37b87,ev_3976bbc4b3e7,hm_7a9cff01f511,1.1922826766967773,False
0.0,0.0001,50,sol_b7dfc82352649320,ev_3987f36dafef,hm_a00ad2a2c52a,0.4545454680919647,False
0.01,0.0003,100,sol_cbc5658f61a68258,ev_399750d12828,hm_a0f8ed47a107,0.45454469323158264,False
0.02,0.0003,400,sol_29aea4cf0941d979,ev_39c3fa439ed8,hm_a0f8ed47a107,0.5669177770614624,False
0.05,0.0005,100,sol_bbae5e9cf5234412,ev_39c86cd5649d,hm_7a9cff01f511,0.5669384002685547,False
0.1,0.0001,10,sol_af2edbffc9ace4a1,ev_39ca81d43d90,hm_a00ad2a2c52a,0.4545454680919647,False
0.01,0.0003,100,sol_104d0e8e7f511802,ev_39dbfe42a3bc,hm_a0f8ed47a107,0.45454472303390503,False
0.01,0.001,50,sol_c6380ee356a9b0d9,ev_39dcc7998cb6,hm_8de6b26636d5,0.4545454680919647,False
0.02,0.0007,20,sol_e6d612e9cd90f68e,ev_39fc448402d7,hm_b46918a75620,0.4545454680919647,False
0.1,0.0007,100,sol_8bb18a5ef8a4d56d,ev_39ff22f5a322,hm_b46918a75620,0.4545454680919647,False
0.0,0.0003,400,sol_e6038a8958aa1671,ev_39ffeaca3bbd,hm_a0f8ed47a107,0.5997080206871033,False
0.01,0.001,1000,sol_22d8e48ac5b77f7a,ev_3a069210b357,hm_8de6b26636d5,1.85688316822052,False
0.0,0.001,400,sol_6eb0ebc396102d71,ev_3a1f7ddebb94,hm_8de6b26636d5,1.4352432489395142,False
0.1,0.0003,10,sol_b3445690bde06473,ev_3a350ee7b355,hm_a0f8ed47a107,0.4545454680919647,False
0.0,0.001,200,sol_d01ff1cfd8428f38,ev_3a7adf172900,hm_8de6b26636d5,0.4545446038246155,False
0.05,0.0001,20,sol_5d3ea9fd5a97d1f6,ev_3a8dfff02425,hm_a00ad2a2c52a,0.4545454680919647,False
0.05,0.0001,700,sol_c3a64fc8fb78dd93,ev_3a9a9b69a848,hm_a00ad2a2c52a,0.5669506192207336,False
0.0,0.001,200,sol_cfe4720eef8752b1,ev_3aa1fc5da5be,hm_8de6b26636d5,1.2582383155822754,False
0.01,0.0007,10,sol_d2afa95d783452e6,ev_3aa8e10e0b57,hm_b46918a75620,0.4545454680919647,False
0.0,0.0001,1000,sol_11531b259752eccf,ev_3abcd83bfaa1,hm_a00ad2a2c52a,0.5996018052101135,False
0.05,0.001,50,sol_30a3a8a49fd5bb48,ev_3acd93403c7a,hm_8de6b26636d5,0.4545454680919647,False
0.02,0.0003,10,sol_51f0536862fde5e9,ev_3ad35cf26a7d,hm_a0f8ed47a107,0.4545454680919647,False
0.1,0.0003,1000,sol_075b75d1ae64ca88,ev_3af1804de50c,hm_a0f8ed47a107,0.7565406560897827,False
0.01,0.0005,20,sol_aab8db33678ab785,ev_3b2398ec7a05,hm_7a9cff01f511,0.4545454680919647,False
0.1,0.0003,400,sol_abb4d2b2029decaf,ev_3b32242b1222,hm_a0f8ed47a107,0.5667997598648071,False
0.05,0.0001,50,sol_805b9e54528945f0,ev_3b53f23500b3,hm_a00ad2a2c52a,0.4545454680919647,False
0.02,0.0003,1000,sol_d76e451bfed25c1e,ev_3b5a2b13a134,hm_a0f8ed47a107,1.0252768993377686,False
0.05,0.0005,700,sol_6beaaa719ce88fce,ev_3b768524e9b7,hm_7a9cff01f511,0.6422455310821533,False
0.01,0.0007,50,sol_d13ab0890887ea3b,ev_3b97a7b39859,hm_b46918a75620,0.5670003890991211,False
0.1,0.001,700,sol_98c29267d25921fe,ev_3b982d4d02fd,hm_8de6b26636d5,2.050262928009033,False
0.1,0.0005,1000,sol_5d9f47cbe9179933,ev_3bbb4c4e8372,hm_7a9cff01f511,1.2581201791763306,False
0.1,0.0001,100,sol_307d2b0bc6f81ab0,ev_3bc4f77b6d6c,hm_a00ad2a2c52a,0.4545454680919647,False
0.0,0.0001,50,sol_98adde42db6cbedb,ev_3bd70f4c7824,hm_a00ad2a2c52a,0.4545454680919647,False
0.05,0.0003,1000,sol_2cc92357e7b689f5,ev_3beb0a9e7548,hm_a0f8ed47a107,1.001451015472412,False
0.01,0.001,700,sol_84c4203664fb1efc,ev_3bfb127cf018,hm_8de6b26636d5,1.410557508468628,False
0.02,0.0007,1000,sol_e3cc6113696e7c4e,ev_3c09b2a1781f,hm_b46918a75620,1.3539141416549683,False
0.01,0.0005,50,sol_a1e643e49f1d266a,ev_3c27be65f7ea,hm_7a9cff01f511,0.4545454680919647,False
0.1,0.0007,200,sol_0b481f186bcc5e5d,ev_3c498f5a25b4,hm_b46918a75620,0.7449613213539124,False
0.1,0.0005,20,sol_93872e2b33998536,ev_3c5755a53ac9,hm_7a9cff01f511,0.4545454680919647,False
0.05,0.001,1000,sol_6c915abcff7236d3,ev_3c5e6b05d1c0,hm_8de6b26636d5,3.404256582260132,False
0.0,0.0005,10,sol_6b439ff30e2c1cab,ev_3c69bd00da26,hm_7a9cff01f511,0.4545454680919647,False
0.05,0.0005,100,sol_79f707025ff2cb22,ev_3c6b1d422579,hm_7a9cff01f511,0.4545454680919647,False
0.1,0.0005,200,sol_c1cbc3a591422979,ev_3c6d97df6c86,hm_7a9cff01f511,0.4545454680919647,False
0.0,0.0005,200,sol_2fc87dd0c34cf1a0,ev_3c8b342594cf,hm_7a9cff01f511,0.5669742822647095,False
0.02,0.0005,50,sol_ad696baebdc4a606,ev_3c948717079d,hm_7a9cff01f511,0.4545454680919647,False
0.1,0.0007,200,sol_e9e8bc9ebd6e6349,ev_3ca80ab4d26d,hm_b46918a75620,0.5668801069259644,False
0.02,0.001,50,sol_25adeba01cc7c5e0,ev_3cc0043d05fb,hm_8de6b26636d5,0.4545454680919647,False
0.01,0.0001,50,sol_dace6dcbf6e0bc19,ev_3cc573758cac,hm_a00ad2a2c52a,0.4545454680919647,False
0.05,0.0001,200,sol_6f4255cc9fd51f72,ev_3cd78b35dc04,hm_a00ad2a2c52a,0.4545454680919647,False
0.02,0.0007,400,sol_78cda57573c09e61,ev_3d2c5bc93691,hm_b46918a75620,1.4999672174453735,False
0.0,0.0005,20,sol_70b52153a2c04797,ev_3d419aad718b,hm_7a9cff01f511,0.4545454680919647,False
0.0,0.0005,50,sol_9f4af163811f18f8,ev_3d5516af0a8c,hm_7a9cff01f511,0.4545454680919647,False
0.05,0.0001,200,sol_e582302fe51af7eb,ev_3d6be8a46372,hm_a00ad2a2c52a,0.4545454680919647,False
0.05,0.0007,1000,sol_e72e9d9802ed24a3,ev_3d718a9bdadb,hm_b46918a75620,1.499881386756897,False
0.01,0.0003,20,sol_715337856d9f01a1,ev_3d831fd7a1ae,hm_a0f8ed47a107,0.4545454680919647,False
0.02,0.0001,50,sol_17a99c71ac8658ab,ev_3d8aadf42e0d,hm_a00ad2a2c52a,0.4545454680919647,False
0.01,0.0003,200,sol_f0671b8c756f107c,ev_3da193f2cd15,hm_a0f8ed47a107,0.4545445740222931,False
0.0,0.0005,10,sol_293139f6c6f787c9,ev_3db098fb7900,hm_7a9cff01f511,0.4545454680919647,False
0.05,0.0005,200,sol_9f12356507100d1d,ev_3dbfa0f40639,hm_7a9cff01f511,1.0935373306274414,False
0.02,0.0007,50,sol_47f552476dedd414,ev_3dbfa1cdf88b,hm_b46918a75620,0.4545454680919647,False
0.02,0.001,700,sol_23949d8fe715b2fa,ev_3dd23060c5b7,hm_8de6b26636d5,1.5237177610397339,False
0.05,0.0001,400,sol_97bfc816116e4b84,ev_3de168ae80d3,hm_a00ad2a2c52a,0.5668871998786926,False
0.0,0.0001,400,sol_59d444dc2d6a015a,ev_3df2801980f3,hm_a00ad2a2c52a,0.4545454680919647,False
0.0,0.0003,700,sol_b70d60f2ed6b068f,ev_3df2c0123653,hm_a0f8ed47a107,0.7289786338806152,False
0.1,0.001,20,sol_5f298f89c3c4f3ba,ev_3df31e53aeac,hm_8de6b26636d5,0.4545454680919647,False
0.1,0.0001,700,sol_cba3f2c62837d080,ev_3dfa827d253d,hm_a00ad2a2c52a,0.5669355392456055,False
0.05,0.0003,400,sol_5856a281724e1319,ev_3dfc781433ca,hm_a0f8ed47a107,0.5669066905975342,False
0.02,0.0001,400,sol_9699d57c7ec4af37,ev_3dfd34f55b38,hm_a00ad2a2c52a,0.566891074180603,False
0.05,0.0005,50,sol_de85ffc06c027d12,ev_3e09d2e1d928,hm_7a9cff01f511,0.4545454680919647,False
0.1,0.0003,50,sol_57b73cb4c5289891,ev_3e1d7cc1f512,hm_a0f8ed47a107,0.4545454680919647,False
0.0,0.0001,100,sol_efb63b180efba1ea,ev_3e282e5f627a,hm_a00ad2a2c52a,0.4545454680919647,False
0.0,0.0003,200,sol_8c41739004d25fa2,ev_3e3662dbf123,hm_a0f8ed47a107,0.4545454680919647,False
0.01,0.0003,200,sol_55bf990a57f1547a,ev_3e3fc0e2c322,hm_a0f8ed47a107,0.4545445740222931,False
0.05,0.001,20,sol_b04100270f721f4d,ev_3e52aea7dce5,hm_8de6b26636d5,0.4545454680919647,False
0.0,0.0003,10,sol_3adb59abe47cd440,ev_3e57e4f2ffc9,hm_a0f8ed47a107,0.4545454680919647,False
0.1,0.0005,400,sol_cbd68d717b822048,ev_3e6f00f5f25e,hm_7a9cff01f511,0.5997353792190552,False
0.0,0.001,50,sol_b329b14b717f15c6,ev_3e800f6dcafc,hm_8de6b26636d5,0.5669772624969482,False
0.05,0.0001,1000,sol_8a36607ffeb14984,ev_3e85061bf69c,hm_a00ad2a2c52a,0.5668524503707886,False
0.0,0.0003,50,sol_0948c88c82a3cad4,ev_3e991c3b7f36,hm_a0f8ed47a107,0.6000000238418579,False
0.02,0.001,20,sol_a4dfcd35f01c9425,ev_3ec2d69f4aef,hm_8de6b26636d5,0.4545454680919647,False
0.0,0.001,10,sol_97f5f72c147a55a9,ev_3ecdce749511,hm_8de6b26636d5,0.4545454680919647,False
0.01,0.0003,400,sol_14401981b85bb730,ev_3edbe01e1ffd,hm_a0f8ed47a107,0.7925078272819519,False
0.0,0.0001,200,sol_cb08864728c0ab5e,ev_3ef8a83391f2,hm_a00ad2a2c52a,0.4545454680919647,False
0.01,0.0003,200,sol_35e5ad0594b7dc5e,ev_3efb9a9b29c8,hm_a0f8ed47a107,0.45454347133636475,False
0.01,0.0003,400,sol_b6810860958a3406,ev_3f04ce103d1e,hm_a0f8ed47a107,0.6283656358718872,False
0.1,0.0003,700,sol_70fe052c56bb116a,ev_3f30e0117e8a,hm_a0f8ed47a107,0.5990182757377625,False
0.02,0.0007,700,sol_bc527ec7f0f3f71e,ev_3f3c50a5a212,hm_b46918a75620,1.4999593496322632,False
0.0,0.0005,50,sol_5ab08bf91b86d6a6,ev_3f3e55cb20ae,hm_7a9cff01f511,0.4545454680919647,False
0.1,0.0003,20,sol_7f1d2cb65d3a7aff,ev_3f4f0af4ceaa,hm_a0f8ed47a107,0.4545454680919647,False
0.01,0.0007,400,sol_e52feeb795f21c76,ev_3f55e760c22f,hm_b46918a75620,0.9596582651138306,False
0.02,0.0001,400,sol_5aa7eaea18746b64,ev_3f5e76781cf1,hm_a00ad2a2c52a,0.45454272627830505,False
0.02,0.0005,10,sol_df2723ab7f414e99,ev_3f6511d85d97,hm_7a9cff01f511,0.4545454680919647,False
0.05,0.001,10,sol_90b58434213206e5,ev_3f6934fc9e06,hm_8de6b26636d5,0.4545454680919647,False
0.01,0.0003,20,sol_b2a312e66c95f618,ev_3f8a2d0ca2f8,hm_a0f8ed47a107,0.4545454680919647,False
0.1,0.0005,100,sol_4acb9313ba8835fb,ev_3f8e235b9458,hm_7a9cff01f511,0.4545454680919647,False
0.01,0.0005,1000,sol_839ee3037fabc2b8,ev_3f9099dff755,hm_7a9cff01f511,1.3139859437942505,False
0.02,0.001,700,sol_c939ef5e27585961,ev_3fa3fc0eb0ef,hm_8de6b26636d5,1.3793154954910278,False
0.0,0.0007,50,sol_79a2c889a349c9f5,ev_3fa783e37c81,hm_b46918a75620,0.5669822692871094,False
0.01,0.0005,400,sol_c3f0816e3d861248,ev_3fb9172b8541,hm_7a9cff01f511,0.9149808883666992,False
0.05,0.001,700,sol_eeb4941e4a77cf80,ev_3fc02275c451,hm_8de6b26636d5,1.7714524269104004,False
0.05,0.0005,200,sol_a0838e8644126b53,ev_3fda53c360f8,hm_7a9cff01f511,0.5998462438583374,False
0.01,0.0001,200,sol_e762cfa85eeeeeba,ev_3fed1dd89cf2,hm_a00ad2a2c52a,0.6848087310791016,False
0.0,0.0003,200,sol_1de0f4d00fdd84c8,ev_3ffb878e29b1,hm_a0f8ed47a107,0.4545454680919647,False
0.1,0.0005,50,sol_8a41a71e9a662ba0,ev_40146d524c62,hm_7a9cff01f511,0.4545454680919647,False
0.05,0.001,20,sol_fd7b6b379d037fd7,ev_40297eed98b3,hm_8de6b26636d5,0.4545454680919647,False
0.05,0.001,100,sol_6551d90506265acb,ev_402f315e8adf,hm_8de6b26636d5,0.4545454680919647,False
0.0,0.0003,700,sol_1941aa892a2fa46a,ev_403380e7f8b9,hm_a0f8ed47a107,0.5999040603637695,False
0.05,0.0005,20,sol_17f4cf99c0cb2559,ev_4045217d6724,hm_7a9cff01f511,0.4545454680919647,False
0.1,0.001,700,sol_c9475e6a8be1b67e,ev_4047fc2dcd12,hm_8de6b26636d5,1.194566249847412,False
0.05,0.0007,200,sol_48b20a4444246b9f,ev_4057b3b1ef25,hm_b46918a75620,0.6980173587799072,False
0.1,0.0001,400,sol_b903a84983716c7a,ev_406e925eddd6,hm_a00ad2a2c52a,0.4545454680919647,False
0.05,0.0007,10,sol_029c9d0c97b43f85,ev_406ed6150301,hm_b46918a75620,0.4545454680919647,False
0.05,0.0007,200,sol_01d4a9a723e42027,ev_40730f481bee,hm_b46918a75620,0.5998733043670654,False
0.01,0.0001,20,sol_d76c35cccd614772,ev_409f0e6139c2,hm_a00ad2a2c52a,0.4545454680919647,False
0.1,0.001,50,sol_86db0df6354aa57d,ev_40a10fe70a24,hm_8de6b26636d5,0.5669715404510498,False
0.01,0.0003,1000,sol_889b78fa2dd319a0,ev_40a2fcad4a55,hm_a0f8ed47a107,1.1181954145431519,False
0.01,0.0005,20,sol_e8b88d09da08c051,ev_40a3a5a56c02,hm_7a9cff01f511,0.4545454680919647,False
0.01,0.001,1000,sol_9e5e1869b0f209c2,ev_40af0faaf146,hm_8de6b26636d5,1.9108306169509888,False
0.01,0.0003,700,sol_de0dcd5725e6a481,ev_40b66ce8b198,hm_a0f8ed47a107,0.5994055271148682,False
0.0,0.0003,20,sol_8ec06d8ba12f1e90,ev_40bd8f577c15,hm_a0f8ed47a107,0.4545454680919647,False
0.02,0.0003,200,sol_4b44724e642d5a24,ev_40d2aac6a039,hm_a0f8ed47a107,0.4545454680919647,False
0.0,0.0001,700,sol_4a9bfa2a6ab01c51,ev_40e692586a55,hm_a00ad2a2c52a,0.4545454680919647,False
0.02,0.0003,100,sol_a846fd2abd09ea09,ev_40e9e488e905,hm_a0f8ed47a107,0.4545454680919647,False
0.01,0.001,100,sol_b9b3f7ca44facdbe,ev_40ee42ae0cad,hm_8de6b26636d5,0.5669987201690674,False
0.0,0.0001,50,sol_63e4855b184a18e4,ev_40f45fb59d84,hm_a00ad2a2c52a,0.4545454680919647,False
0.0,0.0007,700,sol_a7b340bd70751c0a,ev_4125615880a4,hm_b46918a75620,1.1417895555496216,False
0.05,0.0005,20,sol_a8ed031062dc1c8f,ev_41257a06516e,hm_7a9cff01f511,0.4545454680919647,False
0.02,0.001,200,sol_49d4774ad12d749a,ev_4125c1c22528,hm_8de6b26636d5,1.0935627222061157,False
0.02,0.0001,1000,sol_dcc89e20d56dce0a,ev_41372cc06e74,hm_a00ad2a2c52a,0.4545411765575409,False
0.01,0.0001,700,sol_98478e22175b5bec,ev_4143d3476bd9,hm_a00ad2a2c52a,0.5668989419937134,False
0.0,0.0005,50,sol_ce016ad5b7bed980,ev_418fce36ab4f,hm_7a9cff01f511,0.4545454680919647,False
0.1,0.0001,400,sol_3e11615a94446ff3,ev_41938eaaa0d1,hm_a00ad2a2c52a,0.6282562613487244,False
0.0,0.0007,1000,sol_a0055e6a15b67642,ev_41aee4a0bf33,hm_b46918a75620,2.000025510787964,False
0.0,0.0001,200,sol_02980e584457137a,ev_4207c179b3ac,hm_a00ad2a2c52a,0.5669741034507751,False
0.02,0.0003,50,sol_ca11aad41fd2d58a,ev_422296128bd9,hm_a0f8ed47a107,0.4545454680919647,False
0.01,0.0003,100,sol_d07b094d6ec16eef,ev_4234ba03b077,hm_a0f8ed47a107,0.45454469323158264,False
0.02,0.001,10,sol_3597abc082e1ee27,ev_4240e0812c14,hm_8de6b26636d5,0.4545454680919647,False
0.0,0.001,700,sol_dfa328cedaa01419,ev_425d1b1d0717,hm_8de6b26636d5,1.6483821868896484,False
0.05,0.0007,20,sol_a37855d9a2042124,ev_428cd8d03410,hm_b46918a75620,0.4545454680919647,False
0.0,0.001,1000,sol_85abcff8dd3c4f67,ev_42c3a1f990e4,hm_8de6b26636d5,1.910326600074768,False
0.05,0.0007,100,sol_0638100b3ec66176,ev_42e51c51aca3,hm_b46918a75620,0.4545454680919647,False
0.0,0.0007,100,sol_d8c57185ca71f90b,ev_42ff16dd012d,hm_b46918a75620,0.5670021176338196,False
0.02,0.0003,10,sol_9c61a1de0ad35e7d,ev_43349c4fa29f,hm_a0f8ed47a107,0.4545454680919647,False
0.0,0.0005,50,sol_141d38df814b1f67,ev_43393a539ad7,hm_7a9cff01f511,0.4545454680919647,False
0.05,0.0005,50,sol_f008923cf1998d52,ev_4340c0fea6e5,hm_7a9cff01f511,0.4545454680919647,False
0.1,0.001,100,sol_868c8e8fb52d14db,ev_435a12e69507,hm_8de6b26636d5,0.4545454680919647,False
0.1,0.0005,100,sol_9d024235c78b23f4,ev_437705e01cc7,hm_7a9cff01f511,0.4545454680919647,False
0.01,0.0005,1000,sol_e5910dba96a77338,ev_43845fcf4f2e,hm_7a9cff01f511,1.1922067403793335,False
0.05,0.0003,10,sol_edec6d9300cc5f63,ev_4387ffea83d3,hm_a0f8ed47a107,0.4545454680919647,False
0.02,0.0001,1000,sol_9ec71bc40d763951,ev_438f04c1cbdd,hm_a00ad2a2c52a,0.5640764236450195,False
0.1,0.0001,20,sol_4e0eb7da5b2b1ac6,ev_43a7a4ce0a01,hm_a00ad2a2c52a,0.4545454680919647,False
0.1,0.0005,400,sol_43b375f9ce30e529,ev_43cb87098d3d,hm_7a9cff01f511,0.7882184386253357,False
0.0,0.0003,10,sol_a5ba0810150deeb0,ev_43ebb1822f87,hm_a0f8ed47a107,0.4545454680919647,False
0.0,0.001,200,sol_d361ab870a52ad47,ev_43ee0e514463,hm_8de6b26636d5,1.2783626317977905,False
0.1,0.001,50,sol_3d739c82dd277652,ev_43f2c2958ce0,hm_8de6b26636d5,0.4545454680919647,False
0.0,0.0003,400,sol_2aacb0209bf2b634,ev_43f5dc436987,hm_a0f8ed47a107,0.5669675469398499,False
0.0,0.0005,1000,sol_677399c081d751be,ev_44096472b71b,hm_7a9cff01f511,1.191707730293274,False
0.05,0.0005,1000,sol_6a099ebd8c563269,ev_440bc5df99c4,hm_7a9cff01f511,2.0361359119415283,False
0.0,0.0003,20,sol_54495a5036af73d3,ev_4410d74cd860,hm_a0f8ed47a107,0.4545454680919647,False
0.02,0.0003,700,sol_292bf0d3d86d8286,ev_442876ddd366,hm_a0f8ed47a107,0.9630369544029236,False
0.0,0.0005,400,sol_1f5e323801cf6dda,ev_444635b2feed,hm_7a9cff01f511,0.5995500087738037,False
0.05,0.0003,10,sol_92f96eb64600b470,ev_445b0f907467,hm_a0f8ed47a107,0.4545454680919647,False
0.05,0.001,400,sol_1a072a228c062419,ev_4464029d9ea4,hm_8de6b26636d5,0.7562180757522583,False
0.1,0.0001,10,sol_26b6569c0c55758e,ev_44660e85520e,hm_a00ad2a2c52a,0.4545454680919647,False
0.1,0.0007,400,sol_c9dd7a888c5ab549,ev_448aa21da35f,hm_b46918a75620,0.830434262752533,False
0.02,0.001,1000,sol_ab22ea3f63fd1334,ev_449b7b2a0d56,hm_8de6b26636d5,3.2462923526763916,False
0.1,0.0001,100,sol_874dfaee9eeb897f,ev_44a0522f0fa8,hm_a00ad2a2c52a,0.4545454680919647,False
0.05,0.001,200,sol_d51d7d77059181d5,ev_44a3f8384260,hm_8de6b26636d5,1.141830325126648,False
0.02,0.0005,100,sol_f4f3ca78b6d243ca,ev_44bb9587934d,hm_7a9cff01f511,0.4545454680919647,False
0.05,0.0001,400,sol_9b7565b09e86bb6a,ev_44bbedc6ce8f,hm_a00ad2a2c52a,0.4545454680919647,False
0.0,0.0001,200,sol_b3da49fa53200ce6,ev_44c5773167e9,hm_a00ad2a2c52a,0.8260018825531006,False
0.0,0.001,1000,sol_00b2a42c90e04160,ev_44d85efed86c,hm_8de6b26636d5,4.4212327003479,False
0.05,0.0001,10,sol_77cfe3a59ece774e,ev_45047a3a9c78,hm_a00ad2a2c52a,0.4545454680919647,False
0.01,0.0001,200,sol_506b1634afefaff5,ev_4509ac64115b,hm_a00ad2a2c52a,0.4545444846153259,False
0.02,0.0001,400,sol_ee5fc1c716919cee,ev_450d14713a42,hm_a00ad2a2c52a,0.45454296469688416,False
0.1,0.0003,100,sol_c34435879ba2fc0f,ev_4515e595c61a,hm_a0f8ed47a107,0.4545454680919647,False
0.02,0.0001,700,sol_746218e152525e08,ev_4530e377195d,hm_a00ad2a2c52a,0.5668975710868835,False
0.0,0.0005,1000,sol_1d410733212f344e,ev_453db7a7984b,hm_7a9cff01f511,1.8557296991348267,False
0.1,0.0001,1000,sol_f3bf4c756fcce8d1,ev_457ed063567f,hm_a00ad2a2c52a,0.5669412612915039,False
0.05,0.0005,20,sol_b165e11d558fddd0,ev_45821a211c41,hm_7a9cff01f511,0.4545454680919647,False
0.05,0.0001,50,sol_af20400c7ea66525,ev_4588cb11da01,hm_a00ad2a2c52a,0.4545454680919647,False
0.0,0.001,50,sol_b56efdd3dd5f86a5,ev_4593450e8dee,hm_8de6b26636d5,0.4545454680919647,False
0.1,0.0003,10,sol_4065ddde4549f9d5,ev_45a5ae085231,hm_a0f8ed47a107,0.4545454680919647,False
0.01,0.0007,100,sol_80fc69e0c9a75889,ev_45b3dfdb12f9,hm_b46918a75620,0.5669518113136292,False
0.0,0.0001,700,sol_58770750ac9cedbe,ev_45c7e12603c9,hm_a00ad2a2c52a,0.5669548511505127,False
0.01,0.0001,100,sol_615d36512758cfab,ev_45cb1c05dd2c,hm_a00ad2a2c52a,0.4545454680919647,False
0.0,0.0007,700,sol_fd66b4c2199d0aff,ev_45f37dd01bd8,hm_b46918a75620,1.8481334447860718,False
0.02,0.0001,700,sol_713830b0068c44f2,ev_45f98f8499a7,hm_a00ad2a2c52a,0.454542338848114,False
0.1,0.0005,100,sol_7b0a3ae7d76a2ea3,ev_45fcd8592a1d,hm_7a9cff01f511,0.4545454680919647,False
0.1,0.001,20,sol_19a020731e3502ee,ev_4602f65fc764,hm_8de6b26636d5,0.4545454680919647,False
0.05,0.0001,20,sol_967df87a3db93826,ev_461d02da3908,hm_a00ad2a2c52a,0.4545454680919647,False
0.0,0.001,100,sol_64ffa47a7941c7dc,ev_4621392d4b6f,hm_8de6b26636d5,0.5669777989387512,False
0.02,0.0001,200,sol_354f5b393b4b6f2b,ev_4634897d76c7,hm_a00ad2a2c52a,0.4545454680919647,False
0.0,0.0005,700,sol_2295f35fa0867d40,ev_463caaffc3a8,hm_7a9cff01f511,1.4999885559082031,False
0.1,0.0003,50,sol_72f3281618889faf,ev_4669c37c8825,hm_a0f8ed47a107,0.7806751728057861,False
0.05,0.0001,700,sol_49fa9318c94b1543,ev_468b0b45f83a,hm_a00ad2a2c52a,0.45453938841819763,False
0.0,0.0001,700,sol_b4c2b21e7581a0bc,ev_469d39330e11,hm_a00ad2a2c52a,0.5641465187072754,False
0.1,0.0001,200,sol_98a129b951c1f9d7,ev_46a5c2f42788,hm_a00ad2a2c52a,0.4545454680919647,False
0.05,0.0005,100,sol_98ee838d4ecce378,ev_46b29200a3f8,hm_7a9cff01f511,0.4545454680919647,False
0.02,0.001,200,sol_93aa27d0257a0180,ev_46c2065c0999,hm_8de6b26636d5,0.8620337247848511,False
0.1,0.001,50,sol_fdb6a3cc86e4a860,ev_46c8d7c68909,hm_8de6b26636d5,0.5669513940811157,False
0.05,0.0005,200,sol_303b977ab309406d,ev_470b1ba0524a,hm_7a9cff01f511,0.5998071432113647,False
0.05,0.0005,200,sol_7927fccf752110c5,ev_47467b383ff5,hm_7a9cff01f511,1.192326307296753,False
0.02,0.0007,50,sol_ed8925e4cd40572e,ev_475ba8a8f150,hm_b46918a75620,0.5669868588447571,False
0.01,0.001,20,sol_519201619f2aad9c,ev_475c44179a35,hm_8de6b26636d5,0.4545454680919647,False
0.0,0.0003,1000,sol_69777527190360e2,ev_475f8259955c,hm_a0f8ed47a107,0.7605185508728027,False
0.02,0.0001,400,sol_d0a45a6c1fcb870d,ev_476473f74586,hm_a00ad2a2c52a,0.4545425772666931,False
0.01,0.001,1000,sol_8e12d7e015dc7031,ev_477a24a1b570,hm_8de6b26636d5,3.9020142555236816,False
0.01,0.0007,400,sol_172b5312020c256d,ev_47a40e963050,hm_b46918a75620,0.9200311899185181,False
0.02,0.0003,100,sol_abb1264f011515b8,ev_47ada15e3fef,hm_a0f8ed47a107,0.5669665336608887,False
0.0,0.0003,50,sol_fba290102edb35d1,ev_47d9c42b104c,hm_a0f8ed47a107,0.4545454680919647,False
0.1,0.0005,50,sol_0ed5c1f1e7d2d60a,ev_47db7d5e0148,hm_7a9cff01f511,0.4545454680919647,False
0.01,0.0007,20,sol_c97fe166d7208515,ev_47e314436e55,hm_b46918a75620,0.4545454680919647,False
0.02,0.001,700,sol_8c7d90e7121d0519,ev_47e52a0a2179,hm_8de6b26636d5,1.4993658065795898,False
0.0,0.0001,700,sol_ef5a48287fdc65ce,ev_47e762185c13,hm_a00ad2a2c52a,0.5642499923706055,False
0.01,0.0001,1000,sol_1c390f0d3b97245a,ev_47ec71ffc95f,hm_a00ad2a2c52a,0.5994437336921692,False
0.01,0.0003,20,sol_84c782ac244501ac,ev_47fe14b1ff1c,hm_a0f8ed47a107,0.4545454680919647,False
0.1,0.0001,10,sol_331118b7f9604986,ev_481b00f6d342,hm_a00ad2a2c52a,0.4545454680919647,False
0.02,0.0007,50,sol_cfe6f42c0768501a,ev_481b6b7ab80c,hm_b46918a75620,0.4545454680919647,False
0.05,0.0003,50,sol_1c7565c04700ad86,ev_483a2f3a1dd6,hm_a0f8ed47a107,0.4545454680919647,False
0.01,0.0003,1000,sol_c50cd79101a52ba6,ev_48701edc87db,hm_a0f8ed47a107,0.9116349220275879,False
0.1,0.0005,20,sol_a4d0f07f0dd49873,ev_487ddf43ac26,hm_7a9cff01f511,0.4545454680919647,False
0.0,0.0007,20,sol_7a1a68e1dd2d57fc,ev_48877aacdd97,hm_b46918a75620,0.4545454680919647,False
0.05,0.0007,200,sol_71f2bb45f5b80265,ev_4887d315b861,hm_b46918a75620,0.4545454680919647,False
0.05,0.001,200,sol_c0ca1722601978d4,ev_488c93e9f36d,hm_8de6b26636d5,0.7819831967353821,False
0.1,0.0007,200,sol_070302f024ad73f8,ev_489d34bc2559,hm_b46918a75620,0.566973090171814,False
0.02,0.0001,100,sol_eba07787fd50a458,ev_48a51f8611cc,hm_a00ad2a2c52a,0.4545454680919647,False
0.02,0.0007,200,sol_3275706dc12ef0c8,ev_48ad77c9bbb4,hm_b46918a75620,0.5998930335044861,False
0.05,0.0007,20,sol_2bd1ba07f8bfd7b1,ev_48c0bdea8575,hm_b46918a75620,0.4545454680919647,False
0.05,0.0001,10,sol_3e3510475bed673d,ev_48cfdbd17777,hm_a00ad2a2c52a,0.4545454680919647,False
0.01,0.0005,400,sol_8b4e65214ca8ad07,ev_48d3a8355837,hm_7a9cff01f511,1.2581336498260498,False
0.01,0.0001,700,sol_3bc86b42497456a1,ev_48d868962ed6,hm_a00ad2a2c52a,0.45454397797584534,False
0.0,0.0001,700,sol_68b69b6b7485f0e6,ev_48d8c5b46b99,hm_a00ad2a2c52a,0.564259946346283,False
0.01,0.001,400,sol_4f6e620801ef3238,ev_48fb86553df5,hm_8de6b26636d5,0.9057130813598633,False
0.05,0.0007,400,sol_4fa15e1b67b1f3e0,ev_4906d86f5cc8,hm_b46918a75620,0.7353307604789734,False
0.05,0.001,700,sol_1dd877f39f3d0815,ev_4909b53ca989,hm_8de6b26636d5,1.3235520124435425,False
0.1,0.0007,20,sol_6a65a40fa650e6fc,ev_491f5c009cc1,hm_b46918a75620,0.4545454680919647,False
0.01,0.0001,50,sol_24ac9c0a2695e8f6,ev_4927faf43f50,hm_a00ad2a2c52a,0.4545454680919647,False
0.02,0.001,20,sol_ddbc412b6490ff8e,ev_4941a217898e,hm_8de6b26636d5,0.4545454680919647,False
0.02,0.0005,700,sol_4367df63a4416bc3,ev_494a25d6f559,hm_7a9cff01f511,0.7361846566200256,False
0.1,0.001,200,sol_8eb1e7990ef29b05,ev_494d3f5cb438,hm_8de6b26636d5,1.3919017314910889,False
0.02,0.0005,200,sol_fe9c9a2e45d6ac8b,ev_4951ef21fdd5,hm_7a9cff01f511,0.5669028759002686,False
0.05,0.001,100,sol_ab7d9db892ea1ee0,ev_4954d6045e89,hm_8de6b26636d5,0.5669676065444946,False
0.01,0.0003,700,sol_4ee7f0c866b308bf,ev_49568ef1014d,hm_a0f8ed47a107,0.5669423341751099,False
0.1,0.0007,1000,sol_bd5ede92c99dcd41,ev_4958c6e7d6b2,hm_b46918a75620,1.9646553993225098,False
0.1,0.0003,100,sol_c9ca80255a997093,ev_497016957ffc,hm_a0f8ed47a107,0.4545454680919647,False
0.01,0.0003,200,sol_a8fde080a6db0bf5,ev_49752faf68ff,hm_a0f8ed47a107,0.4545441269874573,False
0.01,0.0003,20,sol_a891ab8afdafad48,ev_498a5b4415de,hm_a0f8ed47a107,0.4545454680919647,False
0.0,0.0005,400,sol_6800ea0ff47a9166,ev_498d762bc435,hm_7a9cff01f511,0.566933274269104,False
0.05,0.001,50,sol_bf7258abeba4bfc7,ev_49a4f857cd30,hm_8de6b26636d5,0.5669733285903931,False
0.01,0.0005,1000,sol_1bfb247277b6256c,ev_49b8399dfbb3,hm_7a9cff01f511,1.3910291194915771,False
0.1,0.0001,400,sol_32ad281832ab27b1,ev_49cf55320ebb,hm_a00ad2a2c52a,0.5669314861297607,False
0.1,0.0003,100,sol_2ac2ac0e57c0895a,ev_49d52c465d32,hm_a0f8ed47a107,0.4545454680919647,False
0.0,0.0005,50,sol_ff8927132c358b89,ev_49d796ce40c9,hm_7a9cff01f511,0.4545454680919647,False
0.01,0.0005,10,sol_a47e028ada447f36,ev_49e50fb3720a,hm_7a9cff01f511,0.4545454680919647,False
0.01,0.0003,100,sol_e1db7fc62d778d9d,ev_49eae652918b,hm_a0f8ed47a107,0.4545454680919647,False
0.1,0.0005,1000,sol_faa2a711aaaa8793,ev_49ecbbe8c797,hm_7a9cff01f511,0.9116096496582031,False
0.01,0.0001,20,sol_d31ff5fd276af629,ev_4a40022f5b57,hm_a00ad2a2c52a,0.4545454680919647,False
0.01,0.0003,10,sol_8f62d8f48d0c815c,ev_4a4374ce4324,hm_a0f8ed47a107,0.4545454680919647,False
0.0,0.0003,200,sol_8f18c39c72eddbf4,ev_4a4bb9068618,hm_a0f8ed47a107,0.5669743418693542,False
0.01,0.0001,400,sol_1e6ad9c2d3da7e02,ev_4a5b0e5075dc,hm_a00ad2a2c52a,0.4545429050922394,False
0.1,0.001,200,sol_1f196f424617a0fc,ev_4a69486e9f1b,hm_8de6b26636d5,0.7607763409614563,False
0.02,0.0007,400,sol_5b362845f90a5428,ev_4a72e11129d8,hm_b46918a75620,1.2209852933883667,False
0.1,0.001,20,sol_7b31f03ed8e76aa7,ev_4a7f488992f3,hm_8de6b26636d5,0.4545454680919647,False
0.02,0.0003,200,sol_73e184087edbd7d6,ev_4a817aba7bfe,hm_a0f8ed47a107,0.4545454680919647,False
0.1,0.0007,10,sol_88b8e54ccfa22e36,ev_4a86f076ff01,hm_b46918a75620,0.4545454680919647,False
0.0,0.001,20,sol_a1d5542df5e38bbd,ev_4a8836a3affa,hm_8de6b26636d5,0.4545454680919647,False
0.05,0.0003,200,sol_95f89fa68ee64f8c,ev_4aa915a206be,hm_a0f8ed47a107,0.4545454680919647,False
0.02,0.0005,100,sol_8016e179640aaafe,ev_4aad422290f0,hm_7a9cff01f511,0.6291411519050598,False
0.1,0.0003,700,sol_7c1a3cb9c45b12b9,ev_4ac59506f37e,hm_a0f8ed47a107,0.59536212682724,False
0.02,0.001,100,sol_60af91f4daed7f09,ev_4adac1e57a4b,hm_8de6b26636d5,1.4352288246154785,False
0.01,0.0007,200,sol_1c9b6b557755369d,ev_4ade9968675e,hm_b46918a75620,1.2167876958847046,False
0.01,0.0007,1000,sol_c872c89a17a79d24,ev_4af71e71447c,hm_b46918a75620,1.6794204711914062,False
0.0,0.0003,20,sol_8ac548c666357e30,ev_4afbc80cf4cf,hm_a0f8ed47a107,0.4545454680919647,False
0.05,0.001,700,sol_af821074cf2ef8c2,ev_4b0dad72e6e9,hm_8de6b26636d5,1.4352447986602783,False
0.1,0.0005,20,sol_bf2dc25ea33947e7,ev_4b19ae5c0977,hm_7a9cff01f511,0.4545454680919647,False
0.05,0.0003,700,sol_efdd00265b376897,ev_4b79d1f21181,hm_a0f8ed47a107,0.7427903413772583,False
0.01,0.0003,400,sol_50fc2f47d8033b75,ev_4b8fc61f75b7,hm_a0f8ed47a107,0.5956671237945557,False
0.05,0.0001,700,sol_10fcd6f9a02df6f9,ev_4b9b214dc51e,hm_a00ad2a2c52a,0.4545382857322693,False
0.02,0.0005,200,sol_8a9fba54ffe1efc2,ev_4baf84f31d6d,hm_7a9cff01f511,0.5669369697570801,False
0.01,0.0003,50,sol_8874478ec9675bb8,ev_4c0eb20380b0,hm_a0f8ed47a107,0.4545454680919647,False
0.05,0.0007,50,sol_fea9354d7f5bc365,ev_4c23b13857d4,hm_b46918a75620,0.5669957995414734,False
0.0,0.0005,1000,sol_a6d657ff8d59b382,ev_4c3ab3ba8670,hm_7a9cff01f511,2.187924385070801,False
0.01,0.0003,50,sol_6bc9a3fa4c672b14,ev_4c3d7da5d8e7,hm_a0f8ed47a107,0.4545454680919647,False
0.01,0.0003,400,sol_2f088757d704cc86,ev_4c3f64bcee7a,hm_a0f8ed47a107,0.45454391837120056,False
0.05,0.0005,400,sol_863cbb594519cfa5,ev_4c4c83848a23,hm_7a9cff01f511,0.5998415350914001,False
0.05,0.0001,20,sol_1805b9e9373a5f00,ev_4c4ec4551241,hm_a00ad2a2c52a,0.4545454680919647,False
0.02,0.0003,10,sol_8690b12ad7426bed,ev_4c5e62915c1b,hm_a0f8ed47a107,0.4545454680919647,False
0.02,0.001,50,sol_304ee3aa3df71806,ev_4c93db6b97fd,hm_8de6b26636d5,0.4545454680919647,False
0.1,0.0007,700,sol_6c842ebf1020ff9b,ev_4cd5193744f7,hm_b46918a75620,0.7803322076797485,False
0.05,0.0005,20,sol_b4ea6fe4d39238fe,ev_4d15ff837b57,hm_7a9cff01f511,0.4545454680919647,False
0.01,0.001,400,sol_66d774d10f4b4eff,ev_4d1ad8516740,hm_8de6b26636d5,0.7814935445785522,False
0.1,0.0005,50,sol_a692eb8e5f27db18,ev_4d20a8a0c558,hm_7a9cff01f511,0.4545454680919647,False
0.1,0.0005,1000,sol_58fcd9d2f187a905,ev_4d5391ddaa64,hm_7a9cff01f511,1.0350439548492432,False
0.0,0.0005,50,sol_1b37325017bdc03e,ev_4d5e1aeaf50f,hm_7a9cff01f511,0.4545454680919647,False
0.1,0.001,700,sol_b117e519462e0360,ev_4d7384259a68,hm_8de6b26636d5,1.4899351596832275,False
0.02,0.0003,50,sol_fc526e8b4693a4b3,ev_4d7a6c688e4c,hm_a0f8ed47a107,0.4545454680919647,False
0.01,0.001,1000,sol_037d474435ade54a,ev_4d7c4fa52eb6,hm_8de6b26636d5,2.1879801750183105,False
0.0,0.0003,50,sol_2772cb0fb7925eff,ev_4d7f5a258efc,hm_a0f8ed47a107,0.4545454680919647,False
0.01,0.0007,10,sol_e39fcc37248dbc63,ev_4d8128e0ff1e,hm_b46918a75620,0.4545454680919647,False
0.05,0.0001,50,sol_f1a25aebf8e8e61d,ev_4d820805d766,hm_a00ad2a2c52a,0.4545454680919647,False
0.1,0.0007,700,sol_7d6d9925e04a0b5b,ev_4d88e8f22840,hm_b46918a75620,1.4998412132263184,False
0.1,0.001,10,sol_0c32e0398f9389d7,ev_4d91d44f67bd,hm_8de6b26636d5,0.4545454680919647,False
0.02,0.001,400,sol_ba524977c74b9b3b,ev_4d9da71b56ff,hm_8de6b26636d5,2.1087512969970703,False
0.0,0.001,400,sol_5a79b5f90b245687,ev_4dbcc116cab7,hm_8de6b26636d5,0.7603077292442322,False
0.0,0.001,1000,sol_aef4a7c5e256270b,ev_4dce59db85fd,hm_8de6b26636d5,1.872077465057373,False
0.05,0.0001,700,sol_8050194caa4b225d,ev_4dd3adee66ca,hm_a00ad2a2c52a,0.6416158080101013,False
0.1,0.0007,200,sol_9a6a14b36a5a8656,ev_4dd5df94430b,hm_b46918a75620,0.5669658184051514,False
0.1,0.0007,50,sol_885d53bfd1b5cfaf,ev_4de1e06dbc2a,hm_b46918a75620,0.4545454680919647,False
0.05,0.0005,20,sol_f9a7ffc306355009,ev_4de8516c00e1,hm_7a9cff01f511,0.4545454680919647,False
0.1,0.001,100,sol_d379f5a5fef2eb62,ev_4ded7bbbf3c1,hm_8de6b26636d5,0.5669651031494141,False
0.02,0.0003,700,sol_db69e8058a78b6be,ev_4df0f561f5fc,hm_a0f8ed47a107,0.8316553831100464,False
0.1,0.0003,700,sol_368fdfcc34ea27f4,ev_4df6fb85e96c,hm_a0f8ed47a107,0.5993239879608154,False
0.02,0.0005,10,sol_9bf1f0c760d6f831,ev_4e02ae520c2f,hm_7a9cff01f511,0.4545454680919647,False
0.1,0.0007,200,sol_b0ae7bc43438e7e8,ev_4e1e40e21527,hm_b46918a75620,0.953048050403595,False
0.0,0.0007,50,sol_85b20944676ab398,ev_4e23a8935772,hm_b46918a75620,0.5669783353805542,False
0.02,0.0001,100,sol_b21f21b90b06b2c9,ev_4e258766b940,hm_a00ad2a2c52a,0.4545454680919647,False
0.01,0.0003,50,sol_8073cd4760d139db,ev_4e38a6148e69,hm_a0f8ed47a107,0.4545454680919647,False
0.0,0.0001,700,sol_8d775d358ca6cb0b,ev_4e3ab329de75,hm_a00ad2a2c52a,0.5642353892326355,False
0.0,0.0003,200,sol_2082d510db4801ce,ev_4e419c1001b0,hm_a0f8ed47a107,0.5669754147529602,False
0.02,0.0007,50,sol_267cadf357a1f491,ev_4e70eedb85db,hm_b46918a75620,0.4545454680919647,False
0.02,0.0007,20,sol_c0fdd74a92368c40,ev_4ea27ea3d5de,hm_b46918a75620,0.4545454680919647,False
0.05,0.001,50,sol_d160e9f857327690,ev_4ebb84050d0d,hm_8de6b26636d5,0.5669664144515991,False
0.1,0.0003,400,sol_a6bb736e4da6eb19,ev_4ebd507a07f0,hm_a0f8ed47a107,0.566954493522644,False
0.02,0.001,10,sol_5dbcecf7fa58937e,ev_4ecc1f1c0f0a,hm_8de6b26636d5,0.4545454680919647,False
0.0,0.0003,50,sol_004f64bcb048dd65,ev_4ecc79308e4e,hm_a0f8ed47a107,0.4545454680919647,False
0.01,0.0003,10,sol_ba8935e1bb0826d5,ev_4ef6396e74cd,hm_a0f8ed47a107,0.4545454680919647,False
0.05,0.001,20,sol_5c3453d3209fff2a,ev_4ef7b7ce1f14,hm_8de6b26636d5,0.4545454680919647,False
0.01,0.0003,10,sol_3028fe68338d0a5a,ev_4f0aa0572cba,hm_a0f8ed47a107,0.4545454680919647,False
0.01,0.0001,1000,sol_87d105dc6a180e1a,ev_4f0d71c091a4,hm_a00ad2a2c52a,0.5995656251907349,False
0.02,0.001,100,sol_b5c2ab8fab18feb7,ev_4f36a8be8655,hm_8de6b26636d5,0.5669569969177246,False
0.1,0.0001,10,sol_2496342205183cb1,ev_4f42d687bc78,hm_a00ad2a2c52a,0.4545454680919647,False
0.1,0.0005,400,sol_4423ec0c9f5dec74,ev_4f47745e436e,hm_7a9cff01f511,0.8553445339202881,False
0.05,0.0003,700,sol_ea31aa35dc795000,ev_4f496dbe8099,hm_a0f8ed47a107,0.6049504280090332,False
0.02,0.001,1000,sol_de325441cd6846b7,ev_4f4bd20d75c5,hm_8de6b26636d5,1.4346709251403809,False
0.0,0.0005,1000,sol_f0268eec2a931596,ev_4f61df7eb1ab,hm_7a9cff01f511,1.194446325302124,False
0.1,0.001,200,sol_9052bf1826d76393,ev_4f6619b9bca9,hm_8de6b26636d5,0.7941155433654785,False
0.02,0.0007,50,sol_a09f2b96f0d9f5c8,ev_4f6b33af9c00,hm_b46918a75620,0.4545454680919647,False
0.02,0.001,10,sol_a52389518e89b72e,ev_4f88421e4a4f,hm_8de6b26636d5,0.4545454680919647,False
0.1,0.001,50,sol_5f40da81ab9daf5f,ev_4f8eb417a001,hm_8de6b26636d5,0.566984236240387,False
0.0,0.0007,10,sol_25560fb7e795e339,ev_4f8f70a59971,hm_b46918a75620,0.4545454680919647,False
0.05,0.001,400,sol_b1b8edce7e1a3524,ev_4f98f6b98827,hm_8de6b26636d5,1.4999748468399048,False
0.01,0.0007,200,sol_9d9285cf8d9e233a,ev_4f9992e72871,hm_b46918a75620,0.6401380300521851,False
0.1,0.0003,50,sol_388b9f02bd2b98d3,ev_4fb2826da470,hm_a0f8ed47a107,0.4545454680919647,False
0.02,0.001,10,sol_bf8a0cf293406c25,ev_4fb8e6e96980,hm_8de6b26636d5,0.4545454680919647,False
0.01,0.0005,400,sol_0ea5f91c7bb543e3,ev_4fc1d10080b5,hm_7a9cff01f511,0.7599937319755554,False
0.01,0.0001,100,sol_3c6b9794ddd81cb7,ev_4fcdde7a7e28,hm_a00ad2a2c52a,0.4545454680919647,False
0.1,0.0001,400,sol_afcac7cbd9c7669d,ev_4fd330cc8688,hm_a00ad2a2c52a,0.4545454680919647,False
0.1,0.0005,1000,sol_01c0fe019d753885,ev_4fdb7285b6c5,hm_7a9cff01f511,1.1439002752304077,False
0.01,0.0003,20,sol_b7a0c5632c8de149,ev_4feab369f8a8,hm_a0f8ed47a107,0.4545454680919647,False
0.1,0.0001,400,sol_99048bac0fffdb71,ev_4ff8e27c133a,hm_a00ad2a2c52a,0.4545454680919647,False
0.01,0.0003,1000,sol_05a4431127699b11,ev_4ffb9566fe19,hm_a0f8ed47a107,0.8409246206283569,False
0.1,0.0001,20,sol_80c64d20b20b106b,ev_500f80ed29cb,hm_a00ad2a2c52a,0.4545454680919647,False
0.02,0.0005,700,sol_8c53ff0f30ad6f3e,ev_502b3b6bf5e8,hm_7a9cff01f511,0.8288664817810059,False
0.0,0.0001,50,sol_9eed4922a2143d24,ev_503a18d4ecf2,hm_a00ad2a2c52a,0.4545454680919647,False
0.02,0.001,20,sol_158b78b9c3af447a,ev_505974586f7b,hm_8de6b26636d5,0.4545454680919647,False
0.02,0.0007,10,sol_13c304fb1a79a75e,ev_506421bc0da0,hm_b46918a75620,0.4545454680919647,False
0.01,0.0007,700,sol_3605b928254ee671,ev_508b4f2f0bed,hm_b46918a75620,1.4998759031295776,False
0.1,0.0005,1000,sol_e4d3ddbddcd6013a,ev_50943ad2b358,hm_7a9cff01f511,1.499556541442871,False
0.02,0.0007,700,sol_7f870f5000e8d9ee,ev_509a5a07302e,hm_b46918a75620,1.4351476430892944,False
0.0,0.0007,100,sol_66f1a4de427adbab,ev_50a851b3c948,hm_b46918a75620,0.4545454680919647,False
0.01,0.0001,20,sol_462f4983b333ee15,ev_50b3b5cc7aec,hm_a00ad2a2c52a,0.4545454680919647,False
0.02,0.0001,20,sol_165a48059d34f163,ev_50e37e02d3a4,hm_a00ad2a2c52a,0.4545454680919647,False
0.1,0.001,50,sol_ed481733d9a187a6,ev_50ec1946e2c1,hm_8de6b26636d5,0.4545454680919647,False
0.02,0.0001,100,sol_d3091a1f61605cff,ev_5103bb8b8c8a,hm_a00ad2a2c52a,0.4545454680919647,False
0.05,0.0003,20,sol_61f64f0540636030,ev_512741ecb998,hm_a0f8ed47a107,0.4545454680919647,False
0.1,0.0007,100,sol_25adc598c35e605e,ev_5134a19cc918,hm_b46918a75620,0.599895715713501,False
0.1,0.0001,200,sol_5e003a8bdcba6b37,ev_5134b9d20334,hm_a00ad2a2c52a,0.4545454680919647,False
0.0,0.0003,200,sol_9e8687271379e16e,ev_5135b752f77a,hm_a0f8ed47a107,0.5669748783111572,False
0.02,0.0001,100,sol_26bef2db67dbb5b5,ev_5148c578cf39,hm_a00ad2a2c52a,0.4545454680919647,False
0.0,0.0007,20,sol_af38aca2851f7fb4,ev_515e74e56f27,hm_b46918a75620,0.4545454680919647,False
0.1,0.0007,50,sol_f5a8dba3d5fd89fd,ev_5161cbb00a31,hm_b46918a75620,0.4545454680919647,False
0.0,0.0003,20,sol_0f5480c1f026b859,ev_5169eda2e500,hm_a0f8ed47a107,0.4545454680919647,False
0.01,0.0007,400,sol_96bd238b5f590b30,ev_5171926f6a14,hm_b46918a75620,0.8946473598480225,False
0.1,0.0003,50,sol_26c7107e5980e2eb,ev_518c013a2a97,hm_a0f8ed47a107,0.4545454680919647,False
0.02,0.0005,10,sol_6020938c65154511,ev_518f9e5468a9,hm_7a9cff01f511,0.4545454680919647,False
0.02,0.0003,20,sol_f094398dac923fb9,ev_5199f9234e4d,hm_a0f8ed47a107,0.4545454680919647,False
0.05,0.0001,400,sol_0719c7c0f22c702a,ev_51a5ceeb58aa,hm_a00ad2a2c52a,0.4545454680919647,False
0.05,0.0001,200,sol_82bebc563cf6de78,ev_51bdb1906179,hm_a00ad2a2c52a,0.4545454680919647,False
0.05,0.0001,50,sol_b7c2a5ca63867ed5,ev_51be764fcd9f,hm_a00ad2a2c52a,0.4545454680919647,False
0.01,0.0003,200,sol_400be89edbd40d9f,ev_51c01964c117,hm_a0f8ed47a107,0.4545438289642334,False
0.0,0.0001,20,sol_6889e5f5f766fdee,ev_51d19b7a9b17,hm_a00ad2a2c52a,0.4545454680919647,False
0.01,0.001,200,sol_5e05a1241b1c8e6f,ev_51dc71f83683,hm_8de6b26636d5,0.7317354083061218,False
0.02,0.0005,1000,sol_9aaf95bed1ed1af9,ev_51fa0776f129,hm_7a9cff01f511,6.968259334564209,False
0.0,0.001,50,sol_fa1ec59d1294b23c,ev_51fbec621f91,hm_8de6b26636d5,0.4545454680919647,False
0.1,0.0007,400,sol_4f66d8d54bc3cb3e,ev_5204d7c1a95d,hm_b46918a75620,0.5669407248497009,False
0.01,0.0003,200,sol_4ebb58e9e7c00725,ev_520afa1a0cbb,hm_a0f8ed47a107,0.4545446038246155,False
0.1,0.0005,200,sol_4af2d4355d2a60b0,ev_52184d982a5d,hm_7a9cff01f511,0.5669388175010681,False
0.0,0.0007,400,sol_df1ef1051f86d23c,ev_52321cbb27a9,hm_b46918a75620,0.9596747159957886,False
0.02,0.0007,10,sol_ce764b5b749f9e36,ev_52589313dcce,hm_b46918a75620,0.4545454680919647,False
0.1,0.0007,20,sol_ddc774630b1fdacf,ev_5260f3ae67fe,hm_b46918a75620,0.4545454680919647,False
0.1,0.0001,20,sol_6be9c00eeb4f0610,ev_52646ddb6953,hm_a00ad2a2c52a,0.4545454680919647,False
0.01,0.0001,10,sol_241883847dbbf78f,ev_5268cd2495f4,hm_a00ad2a2c52a,0.4545454680919647,False
0.02,0.001,50,sol_7b0bd9f3e8cea0ff,ev_5274d5d55c98,hm_8de6b26636d5,0.4545454680919647,False
0.02,0.0001,10,sol_6a818225c5fc4f49,ev_527d83792156,hm_a00ad2a2c52a,0.4545454680919647,False
0.05,0.0007,100,sol_f79a18d065a6eee3,ev_52baaaff4eb9,hm_b46918a75620,0.5999414324760437,False
0.1,0.0001,10,sol_febb8808093b8803,ev_52cc18d7df5c,hm_a00ad2a2c52a,0.4545454680919647,False
0.0,0.0001,100,sol_5272cd0a9eef9ef8,ev_52dc8f08e66d,hm_a00ad2a2c52a,0.4545454680919647,False
0.0,0.001,700,sol_ffb08d0afde8f453,ev_52fa16e5c639,hm_8de6b26636d5,2.5258562564849854,False
0.02,0.001,20,sol_d5ca09df3225c6ee,ev_52fb122e9937,hm_8de6b26636d5,0.4545454680919647,False
0.0,0.001,200,sol_15f9b6d1bc6bff9d,ev_530554774218,hm_8de6b26636d5,0.5669980049133301,False
0.02,0.0007,100,sol_44fd4031bf50eae5,ev_53066c2ba452,hm_b46918a75620,0.5669726133346558,False
0.01,0.0001,700,sol_e0ef11d510aee6d8,ev_53218931c1e9,hm_a00ad2a2c52a,0.5668966770172119,False
0.0,0.001,400,sol_05c3fd84d865e0e9,ev_532801fb492e,hm_8de6b26636d5,1.71871817111969,False
0.01,0.0007,10,sol_820dd6845b565c48,ev_532ba52f43ee,hm_b46918a75620,0.4545454680919647,False
0.05,0.0007,200,sol_43202727ef71b549,ev_5377ee374d91,hm_b46918a75620,0.5999110341072083,False
0.02,0.001,50,sol_e23c884cfd8333ab,ev_5389e6932e4a,hm_8de6b26636d5,0.4545454680919647,False
0.1,0.0001,10,sol_741095f78a1960dd,ev_53b6c94e0dbc,hm_a00ad2a2c52a,0.4545454680919647,False
0.02,0.0007,1000,sol_5bc42a577ecf16fd,ev_53d3656ded24,hm_b46918a75620,1.1918423175811768,False
0.0,0.0003,400,sol_204162fc93274140,ev_53d6f201c2ee,hm_a0f8ed47a107,0.4545454680919647,False
0.0,0.0005,100,sol_79f3dfc34cb21bf6,ev_53e4c6a55974,hm_7a9cff01f511,0.4545454680919647,False
0.02,0.0005,1000,sol_d1b68e14a86d67a6,ev_540226e8d35f,hm_7a9cff01f511,1.4991588592529297,False
0.02,0.0003,200,sol_2614292c49c8bdc7,ev_5405a742e856,hm_a0f8ed47a107,0.4545454680919647,False
0.05,0.0001,100,sol_e42ba061a23620d3,ev_5405ae4a9700,hm_a00ad2a2c52a,0.4545454680919647,False
0.1,0.0005,10,sol_f3ba4bb4243ecc71,ev_540f5c77af3f,hm_7a9cff01f511,0.4545454680919647,False
0.0,0.0001,50,sol_1b134c8ff4de2241,ev_541af4cf8e9b,hm_a00ad2a2c52a,0.4545454680919647,False
0.01,0.0001,200,sol_e4e57b6f2a48cde9,ev_541fce9e088c,hm_a00ad2a2c52a,0.45454442501068115,False
0.1,0.0007,20,sol_503be5592dbcd1d5,ev_543e36eedd79,hm_b46918a75620,0.4545454680919647,False
0.0,0.0007,10,sol_0ce3ae0955071d7c,ev_54479bef25a2,hm_b46918a75620,0.4545454680919647,False
0.1,0.0001,10,sol_b39b2a5877b3d14f,ev_5452f6bb2aed,hm_a00ad2a2c52a,0.4545454680919647,False
0.05,0.0001,1000,sol_fcf0b2c6b6a66102,ev_545837ac4d47,hm_a00ad2a2c52a,0.5640394687652588,False
0.05,0.0003,50,sol_2f2b6d2a0e855b7c,ev_54623c41e196,hm_a0f8ed47a107,0.4545454680919647,False
0.02,0.0007,200,sol_b1aa41974425f05a,ev_546f6e457547,hm_b46918a75620,1.5000205039978027,False
0.1,0.0005,10,sol_b019020603f0ea95,ev_547041e119d2,hm_7a9cff01f511,0.4545454680919647,False
0.01,0.001,20,sol_0f596bbcefca44b7,ev_5484d40c8a2e,hm_8de6b26636d5,0.4545454680919647,False
0.0,0.0003,10,sol_f92f939f4cf979b3,ev_54863933e7ec,hm_a0f8ed47a107,0.4545454680919647,False
0.01,0.0007,700,sol_0dcffa96e0e91200,ev_548ea8977651,hm_b46918a75620,0.9591962695121765,False
0.0,0.001,10,sol_c8244abdc2c0a34d,ev_54a3b87277c9,hm_8de6b26636d5,0.4545454680919647,False
0.01,0.001,400,sol_ec4722e242fcd58a,ev_54c7a4dc4446,hm_8de6b26636d5,1.9118897914886475,False
0.05,0.001,700,sol_8bd63890b69fb682,ev_54c847d5be8d,hm_8de6b26636d5,1.4860715866088867,False
0.02,0.0005,1000,sol_2a5454e7f3a93338,ev_54c9a476cbca,hm_7a9cff01f511,1.1220600605010986,False
0.0,0.0007,400,sol_a973365a82ab2501,ev_54cec98f3ef8,hm_b46918a75620,1.718714714050293,False
0.01,0.0007,1000,sol_25d577eeb429e6ce,ev_54d0651bd35e,hm_b46918a75620,1.4233574867248535,False
0.02,0.0001,1000,sol_a7867fe54624b955,ev_54d34ee34022,hm_a00ad2a2c52a,0.671001672744751,False
0.05,0.0005,700,sol_b106f91fbdb0ce0b,ev_54de55b31709,hm_7a9cff01f511,0.7486109137535095,False
0.02,0.0003,50,sol_ecd0ad2b2b35c3b9,ev_54e06a4c841d,hm_a0f8ed47a107,0.4545454680919647,False
0.0,0.0003,400,sol_abfd227fa2a48ebd,ev_54efe0a5fa31,hm_a0f8ed47a107,1.2186717987060547,False
0.01,0.001,100,sol_c63c26504acb27f7,ev_5506cba72923,hm_8de6b26636d5,0.5999452471733093,False
0.05,0.001,50,sol_9c6762f868cf9804,ev_55161d1895c2,hm_8de6b26636d5,0.4545454680919647,False
0.01,0.0003,200,sol_a896ebb4060c673b,ev_5517fb525320,hm_a0f8ed47a107,0.4545454680919647,False
0.05,0.001,100,sol_8578b0ba39af0980,ev_554e6ea06b37,hm_8de6b26636d5,0.5999572277069092,False
0.0,0.0007,50,sol_5ca6b7ef339d2b54,ev_55515397bc41,hm_b46918a75620,0.4545454680919647,False
0.1,0.0001,10,sol_918b37e1fc674e87,ev_555f998d9757,hm_a00ad2a2c52a,0.4545454680919647,False
0.1,0.0007,100,sol_11f5aa4f0da12ef6,ev_556049659233,hm_b46918a75620,0.4545454680919647,False
0.0,0.001,400,sol_af23b5a24ad4dd33,ev_557555440de6,hm_8de6b26636d5,1.0556719303131104,False
0.0,0.0001,50,sol_2b60665fbbcd365f,ev_5593e6553d45,hm_a00ad2a2c52a,0.4545454680919647,False
0.1,0.0005,100,sol_7fcf0d0148d1ca09,ev_55944992655e,hm_7a9cff01f511,0.4545454680919647,False
0.0,0.0007,400,sol_04deb9b760f1e006,ev_559d0dc67f70,hm_b46918a75620,0.7676764726638794,False
0.05,0.0003,400,sol_1221ed7d3cbf31a0,ev_55af262ad4d2,hm_a0f8ed47a107,0.5996031165122986,False
0.0,0.0007,700,sol_765af6db612efd48,ev_55b0cc5edfaf,hm_b46918a75620,1.1949105262756348,False
0.05,0.0001,1000,sol_f1176577b89d3e54,ev_55e72f28f5a5,hm_a00ad2a2c52a,0.5669292211532593,False
0.1,0.001,200,sol_f17a883cd410ccc7,ev_55f9946626e9,hm_8de6b26636d5,0.599801242351532,False
0.01,0.0001,20,sol_0e91dd97f4f44875,ev_55febd9e5fc2,hm_a00ad2a2c52a,0.4545454680919647,False
0.02,0.0001,1000,sol_c681aed434f168e0,ev_5601942190b6,hm_a00ad2a2c52a,0.5992518663406372,False
0.01,0.0005,100,sol_d93faa97fd5c02fd,ev_5616eb25502f,hm_7a9cff01f511,0.4545446038246155,False
0.01,0.0003,100,sol_bd316959d7ce0d54,ev_5617f5f2117e,hm_a0f8ed47a107,0.4545454680919647,False
0.0,0.0001,10,sol_dcbb96967bdfba21,ev_564f41060024,hm_a00ad2a2c52a,0.4545454680919647,False
0.05,0.0003,700,sol_980dc544a54cb9bb,ev_5650649d5691,hm_a0f8ed47a107,1.500016450881958,False
0.05,0.0003,400,sol_35917f083e7f7359,ev_566034fe8d5e,hm_a0f8ed47a107,0.6721307039260864,False
0.0,0.001,700,sol_c0e804c86ac12447,ev_56641370e20e,hm_8de6b26636d5,2.1353437900543213,False
0.0,0.0003,200,sol_db1a84134e20c6ef,ev_5667179e6389,hm_a0f8ed47a107,0.5669743418693542,False
0.05,0.0001,100,sol_2f51f4c6b7d4f78f,ev_566f8ba93baf,hm_a00ad2a2c52a,0.5669508576393127,False
0.05,0.001,1000,sol_73e4bfbb6c9cd6cc,ev_56772ad8268b,hm_8de6b26636d5,1.187241792678833,False
0.1,0.0001,50,sol_71d65d8db86101ba,ev_56842bdd7288,hm_a00ad2a2c52a,0.4545454680919647,False
0.05,0.0001,200,sol_d87aeabdfd9a2627,ev_568b9132e759,hm_a00ad2a2c52a,0.4545454680919647,False
0.1,0.0001,400,sol_a534308e71345151,ev_56982374226e,hm_a00ad2a2c52a,0.4545454680919647,False
0.02,0.0007,20,sol_2e44df17d48205a6,ev_569850635dcd,hm_b46918a75620,0.4545454680919647,False
0.01,0.0001,10,sol_c87a901a07b0d61d,ev_569b9690b028,hm_a00ad2a2c52a,0.4545454680919647,False
0.1,0.001,50,sol_1ca8903c5f12dbda,ev_569e65bc2c60,hm_8de6b26636d5,0.5669745802879333,False
0.1,0.0003,10,sol_819895b5b5befb5e,ev_56b6a9a5ded9,hm_a0f8ed47a107,0.4545454680919647,False
0.02,0.0003,700,sol_3cfbce61acdaec40,ev_56cb26fabc10,hm_a0f8ed47a107,0.8343838453292847,False
0.1,0.001,400,sol_eab94140bf3659f9,ev_56cd39f38b2f,hm_8de6b26636d5,0.9592238068580627,False
0.0,0.0007,100,sol_59f0c757c82fe671,ev_56d06ebc251a,hm_b46918a75620,0.4545454680919647,False
0.02,0.001,700,sol_64ef284eb9e09f05,ev_56d94f4fdc9f,hm_8de6b26636d5,1.552885890007019,False
0.0,0.0001,20,sol_e005c81947638b3d,ev_56db162ccf8a,hm_a00ad2a2c52a,0.4545454680919647,False
0.0,0.0003,200,sol_abfa8142eba11dbd,ev_56e5a1aafac0,hm_a0f8ed47a107,0.9253440499305725,False
0.05,0.0005,700,sol_8bf199f3c6be8406,ev_56ed3aad31f9,hm_7a9cff01f511,0.9115555286407471,False
0.0,0.001,200,sol_4b9a3bf8d88cba91,ev_56ef70eae65a,hm_8de6b26636d5,0.6289569139480591,False
0.0,0.001,1000,sol_351d0e2ff501bebe,ev_56f20db14f7a,hm_8de6b26636d5,3.07747745513916,False
0.05,0.0001,20,sol_80dbe022a246089e,ev_56f4dcc19fbe,hm_a00ad2a2c52a,0.4545454680919647,False
0.01,0.0001,20,sol_a2b0aac3750dd58e,ev_56f6b9f8c0fb,hm_a00ad2a2c52a,0.4545454680919647,False
0.02,0.0001,1000,sol_585021f08cbc0a68,ev_5724dc1e8582,hm_a00ad2a2c52a,0.7292813062667847,False
0.0,0.0003,10,sol_dc22400009463c24,ev_57389597d06e,hm_a0f8ed47a107,0.4545454680919647,False
0.05,0.0007,400,sol_26b3ae4d9b19c5ce,ev_57403be12ada,hm_b46918a75620,1.192307472229004,False
0.05,0.0001,1000,sol_eaba87d1edebb3b9,ev_5766d0990355,hm_a00ad2a2c52a,0.6406534314155579,False
0.0,0.0003,100,sol_85243b68956dc453,ev_576fd80d445f,hm_a0f8ed47a107,0.9595158696174622,False
0.05,0.0001,1000,sol_4449f1bbcff4d0e4,ev_578f1aba734c,hm_a00ad2a2c52a,0.5668365955352783,False
0.01,0.0007,700,sol_d3fa352fdce000ba,ev_579895ba4495,hm_b46918a75620,2.069221258163452,False
0.02,0.0007,100,sol_a82135752a6623f6,ev_57a948dd4ed0,hm_b46918a75620,0.5669713616371155,False
0.1,0.0001,10,sol_3939215894affd13,ev_57b1edd499bf,hm_a00ad2a2c52a,0.4545454680919647,False
0.1,0.001,10,sol_3406071adf9024f9,ev_57baf8401818,hm_8de6b26636d5,0.4545454680919647,False
0.01,0.0003,50,sol_c0e35d1074dd5b8c,ev_57cf6fe61114,hm_a0f8ed47a107,0.4545454680919647,False
0.1,0.001,400,sol_2625ad91f323cd82,ev_57d1442305d0,hm_8de6b26636d5,0.697996973991394,False
0.0,0.0007,1000,sol_1ba90b95b8ec3f1f,ev_57db1306c606,hm_b46918a75620,1.2574373483657837,False
0.05,0.0005,10,sol_419a692d0c8583d0,ev_57db4ed4c596,hm_7a9cff01f511,0.4545454680919647,False
0.02,0.0001,700,sol_d35b024b490a6ce8,ev_57dcce3e4689,hm_a00ad2a2c52a,0.45454141497612,False
0.02,0.0007,700,sol_6e88f0bef10406a9,ev_58108017bdb2,hm_b46918a75620,0.7932949066162109,False
0.0,0.0007,1000,sol_808e8d8e49550244,ev_581fa00c0bf4,hm_b46918a75620,1.660813570022583,False
0.0,0.0007,400,sol_f25cf83a251e50ba,ev_58433718dcae,hm_b46918a75620,0.698051393032074,False
0.1,0.0005,50,sol_fc61b4b4c3df3659,ev_584c3ebc018b,hm_7a9cff01f511,0.4545454680919647,False
0.02,0.0001,10,sol_061a67e217663c3d,ev_58713c95331e,hm_a00ad2a2c52a,0.4545454680919647,False
0.0,0.0001,10,sol_4e707833d2d276bd,ev_588006fc3b3b,hm_a00ad2a2c52a,0.4545454680919647,False
0.0,0.0001,1000,sol_e0145ca8b9d55956,ev_588c8a9fec91,hm_a00ad2a2c52a,0.5641236901283264,False
0.01,0.0007,20,sol_b520e63e05ef40dd,ev_589d342ade08,hm_b46918a75620,0.4545454680919647,False
0.05,0.0001,50,sol_12447b5b23b1edd6,ev_58bb5393c4ec,hm_a00ad2a2c52a,0.4545454680919647,False
0.02,0.0001,200,sol_24f542fe801fdfcc,ev_58bc3654059a,hm_a00ad2a2c52a,0.5669647455215454,False
0.02,0.0007,20,sol_c0e4bc8a408c690a,ev_58c87c74aff9,hm_b46918a75620,0.4545454680919647,False
0.01,0.0007,20,sol_dd78e56e789c8cda,ev_58cd9d02d460,hm_b46918a75620,0.4545454680919647,False
0.02,0.0007,100,sol_83cee00b2e5cf3e9,ev_58d92525e339,hm_b46918a75620,0.4545454680919647,False
0.1,0.0003,20,sol_930c5a8b93af99a8,ev_58ee51df4a77,hm_a0f8ed47a107,0.4545454680919647,False
0.0,0.0007,100,sol_d7a1664fba4e599a,ev_5903473c08d7,hm_b46918a75620,0.5670003294944763,False
0.1,0.001,400,sol_e0435559e8dcfdb2,ev_590350c8f710,hm_8de6b26636d5,0.6979696154594421,False
0.01,0.0001,200,sol_1e44138c297f2b95,ev_590b10290ab6,hm_a00ad2a2c52a,0.4545433223247528,False
0.02,0.0003,700,sol_054be305fd20f7a0,ev_591b12ae8935,hm_a0f8ed47a107,1.0138992071151733,False
0.0,0.0001,400,sol_5ebe76a816c8a45f,ev_591b8b9b4b66,hm_a00ad2a2c52a,0.566973865032196,False
0.0,0.0007,200,sol_2de3581bfb5fb09e,ev_591c069887ec,hm_b46918a75620,0.6290794610977173,False
0.1,0.001,20,sol_85f0ebf5a0c981b6,ev_592d08edb9c5,hm_8de6b26636d5,0.4545454680919647,False
0.0,0.001,10,sol_90f5c2e0b4e5a087,ev_5983c6ea50f6,hm_8de6b26636d5,0.4545454680919647,False
0.05,0.0001,10,sol_75777a097a929900,ev_5986a29e8da3,hm_a00ad2a2c52a,0.4545454680919647,False
0.1,0.001,700,sol_9607d64d49aa8a0d,ev_598e0db328de,hm_8de6b26636d5,1.6283003091812134,False
0.1,0.0003,1000,sol_a1455c6de8b688ea,ev_599ad6a289d2,hm_a0f8ed47a107,1.0715911388397217,False
0.01,0.0001,10,sol_fbca7bc4f4b7aa35,ev_599c6d991164,hm_a00ad2a2c52a,0.4545454680919647,False
0.1,0.0001,1000,sol_2e2b7de809b18114,ev_59aeed55593e,hm_a00ad2a2c52a,0.5669129490852356,False
0.02,0.0005,50,sol_3ee3b329aa89188c,ev_59bc857fc41f,hm_7a9cff01f511,0.4545454680919647,False
0.01,0.0005,50,sol_61c00396e7d39d62,ev_59c669d4f269,hm_7a9cff01f511,0.4545454680919647,False
0.0,0.0007,20,sol_4f7651039d953b78,ev_59cb8d310316,hm_b46918a75620,0.4545454680919647,False
0.05,0.0001,100,sol_1f11b5ca3c6479c5,ev_59de5530ffeb,hm_a00ad2a2c52a,0.4545454680919647,False
0.1,0.0007,10,sol_ee4349c2a711f9ac,ev_59ea77c1bdd0,hm_b46918a75620,0.4545454680919647,False
0.01,0.001,100,sol_dca9078f8944846b,ev_59f757700347,hm_8de6b26636d5,0.5669780373573303,False
0.02,0.001,400,sol_ba8240c387d7b09e,ev_59f980d8a8fe,hm_8de6b26636d5,1.070797085762024,False
0.02,0.0003,700,sol_9ae83551519261a5,ev_5a52080a72f8,hm_a0f8ed47a107,0.5991734266281128,False
0.0,0.001,20,sol_f2124b5ce078ed18,ev_5a6bee23b0ca,hm_8de6b26636d5,0.4545454680919647,False
0.02,0.0005,400,sol_918ffd6e09de854f,ev_5a70a693e01e,hm_7a9cff01f511,0.5997801423072815,False
0.1,0.001,100,sol_fc6c61df21d732a8,ev_5a76afb54481,hm_8de6b26636d5,0.5669583082199097,False
0.02,0.001,400,sol_fa1d5f136a8258bf,ev_5a81ca157965,hm_8de6b26636d5,0.8852995038032532,False
0.01,0.0001,700,sol_909e6475d078eebf,ev_5a84977214c7,hm_a00ad2a2c52a,0.4545454680919647,False
0.1,0.0001,1000,sol_0c990be2ce39cd7b,ev_5a87012eb1bd,hm_a00ad2a2c52a,0.5669653415679932,False
0.05,0.0005,1000,sol_967de4c42c3ce918,ev_5a878186f2cf,hm_7a9cff01f511,1.2796156406402588,False
0.05,0.001,700,sol_d99ab9129b406b26,ev_5a8aa210d69c,hm_8de6b26636d5,1.4689621925354004,False
0.0,0.0003,200,sol_a852184ab4c0b3c5,ev_5a9e0ca5e975,hm_a0f8ed47a107,0.5669738054275513,False
0.02,0.001,50,sol_cda0c12e94c6441a,ev_5aa544144f5b,hm_8de6b26636d5,0.4545454680919647,False
0.01,0.0005,700,sol_aa42e750071921ef,ev_5ab14cfe431d,hm_7a9cff01f511,3.2172834873199463,False
0.02,0.0005,400,sol_5f0a40b15aef6305,ev_5ab853b3fe22,hm_7a9cff01f511,0.6980947256088257,False
0.1,0.001,1000,sol_86b187b278143d78,ev_5ab85ecb33fd,hm_8de6b26636d5,1.2208833694458008,False
0.02,0.0005,400,sol_acca024bccdcb77d,ev_5ab94dc9feee,hm_7a9cff01f511,0.5999430418014526,False
0.0,0.001,10,sol_d5012b12924e8688,ev_5ad504372497,hm_8de6b26636d5,0.4545454680919647,False
0.05,0.001,100,sol_7c3ab95a73b0fc32,ev_5ad6564361c7,hm_8de6b26636d5,0.5669657588005066,False
0.0,0.0003,10,sol_687f13cb14973790,ev_5ade6ada17cc,hm_a0f8ed47a107,0.4545454680919647,False
0.05,0.001,200,sol_095c09f628b69f45,ev_5aede4729367,hm_8de6b26636d5,0.6872991919517517,False
0.01,0.0007,20,sol_241cb2d807ece905,ev_5af0466c1b68,hm_b46918a75620,0.4545454680919647,False
0.05,0.0001,400,sol_b89949c050abb69d,ev_5b10abafe156,hm_a00ad2a2c52a,0.4545454680919647,False
0.01,0.001,20,sol_f474ce436b138c64,ev_5b258ed565d0,hm_8de6b26636d5,0.4545454680919647,False
0.05,0.0001,20,sol_bd25fc236a6c3fd3,ev_5b2a1a65d7ec,hm_a00ad2a2c52a,0.4545454680919647,False
0.01,0.001,400,sol_0bf9c52503a50a9e,ev_5b46a14b13c9,hm_8de6b26636d5,1.499964714050293,False
0.01,0.001,10,sol_1bbd98f04e386882,ev_5b472665173c,hm_8de6b26636d5,0.4545454680919647,False
0.1,0.0007,10,sol_702758a58cd79964,ev_5b758998c97c,hm_b46918a75620,0.4545454680919647,False
0.1,0.001,20,sol_54d54dfaceb15dd3,ev_5b7a5d6b4bbf,hm_8de6b26636d5,0.5670102834701538,False
0.1,0.001,400,sol_89878f91f1df9a0e,ev_5b7f796d868a,hm_8de6b26636d5,0.973698616027832,False
0.02,0.0003,400,sol_7ba22e955a10ad24,ev_5b810356081d,hm_a0f8ed47a107,0.7433232665061951,False
0.0,0.0007,200,sol_e12aeb1afae14630,ev_5b8c7daddc5c,hm_b46918a75620,0.6722979545593262,False
0.01,0.0007,700,sol_ae0c7fcc0e10c3a5,ev_5b8f9ccfde47,hm_b46918a75620,1.092864990234375,False
0.0,0.0007,700,sol_7c3c99ea67a30508,ev_5ba42fdb0774,hm_b46918a75620,0.9092796444892883,False
0.02,0.001,1000,sol_937f7a3c452b84f4,ev_5bad3323fd57,hm_8de6b26636d5,2.575737953186035,False
0.01,0.0005,20,sol_69d6ff57299d0785,ev_5bb598190516,hm_7a9cff01f511,0.4545454680919647,False
0.0,0.001,400,sol_ee0732762c12aad6,ev_5bc9c0b7a0ce,hm_8de6b26636d5,3.600409984588623,False
0.01,0.0005,200,sol_794818bf0c2db799,ev_5bd4c24d1a3a,hm_7a9cff01f511,0.566988468170166,False
0.02,0.0007,200,sol_e71cf3d45f48112d,ev_5bec91b30245,hm_b46918a75620,0.5669956803321838,False
0.1,0.0001,200,sol_d5817870c5faac9d,ev_5bee22a9b1c0,hm_a00ad2a2c52a,0.4545454680919647,False
0.05,0.0001,50,sol_e74795fcf0433997,ev_5bef0d129f76,hm_a00ad2a2c52a,0.4545454680919647,False
0.01,0.0003,100,sol_707ad02b678a9b20,ev_5bfe179fb476,hm_a0f8ed47a107,0.4545454680919647,False
0.01,0.001,50,sol_a72ba7194e4a27b4,ev_5c1caad9d9c9,hm_8de6b26636d5,0.4545454680919647,False
0.05,0.0007,100,sol_174530c3546bc362,ev_5c1d72543bbc,hm_b46918a75620,0.5957697033882141,False
0.05,0.0001,20,sol_0e4af7a8a2847826,ev_5c87f633e6dc,hm_a00ad2a2c52a,0.4545454680919647,False
0.01,0.0001,20,sol_8acf949536b6820c,ev_5c9aa491888d,hm_a00ad2a2c52a,0.4545454680919647,False
0.02,0.0005,10,sol_b08ba432620c141c,ev_5ca5901d790f,hm_7a9cff01f511,0.4545454680919647,False
0.1,0.001,100,sol_5420cfeebb9f8d60,ev_5cb1ad863321,hm_8de6b26636d5,0.4545454680919647,False
0.01,0.0005,400,sol_42def52dd97893be,ev_5cbfe2de6690,hm_7a9cff01f511,1.5029479265213013,False
0.05,0.0003,100,sol_d3da7debd79e168f,ev_5cc90835abbc,hm_a0f8ed47a107,0.4545454680919647,False
0.1,0.001,400,sol_68f4505bbc757b55,ev_5ccec1421535,hm_8de6b26636d5,0.8717214465141296,False
0.05,0.0005,700,sol_324492a45384c8ba,ev_5ccf53b1e1d5,hm_7a9cff01f511,1.532731533050537,False
0.0,0.001,50,sol_e2595e0ec168668c,ev_5cef75c17392,hm_8de6b26636d5,0.4545454680919647,False
0.01,0.0007,20,sol_1430dda360fc095e,ev_5cfb18aedbf4,hm_b46918a75620,0.4545454680919647,False
0.0,0.0007,400,sol_58578db7688335ec,ev_5d049672e27f,hm_b46918a75620,0.7961816787719727,False
0.05,0.0007,50,sol_44eaf405a578af74,ev_5d0a790e7b71,hm_b46918a75620,0.4545454680919647,False
0.01,0.0003,10,sol_d5d2f06675726f7d,ev_5d19b260f2d0,hm_a0f8ed47a107,0.4545454680919647,False
0.05,0.0005,10,sol_43e3a472e986dbbe,ev_5d28b4f6df32,hm_7a9cff01f511,0.4545454680919647,False
0.01,0.0003,700,sol_daf54f194bd912a9,ev_5d3216f17600,hm_a0f8ed47a107,0.7780882716178894,False
0.1,0.0005,1000,sol_462ed1f8b953de36,ev_5d436afaa26c,hm_7a9cff01f511,0.6981167197227478,False
0.1,0.0003,400,sol_589f47c11433067f,ev_5d4d28de8aef,hm_a0f8ed47a107,0.5669213533401489,False
0.05,0.0003,100,sol_9b6d87eb958f6a7c,ev_5d51a5791837,hm_a0f8ed47a107,0.4545454680919647,False
0.0,0.0005,200,sol_2de6243552d0fe78,ev_5d56d62f2b87,hm_7a9cff01f511,0.5669738054275513,False
0.05,0.0005,20,sol_82a8f6c2ad36b6d5,ev_5d606e419193,hm_7a9cff01f511,0.4545454680919647,False
0.1,0.0001,100,sol_7386cfce27f9d1cc,ev_5d7b2311edcf,hm_a00ad2a2c52a,0.4545454680919647,False
0.02,0.0005,100,sol_332907f113751c02,ev_5d8c11aed585,hm_7a9cff01f511,0.4545454680919647,False
0.05,0.0005,700,sol_353a4166a657d3ee,ev_5d8ca3b18c62,hm_7a9cff01f511,1.192023515701294,False
0.1,0.0007,100,sol_b66c32ead3a8c724,ev_5d9130c2f138,hm_b46918a75620,0.4545454680919647,False
0.05,0.001,1000,sol_04a5c2500baaa824,ev_5da69e1312b6,hm_8de6b26636d5,1.4995218515396118,False
0.01,0.0001,10,sol_ec3fba4696c3e69f,ev_5db27fad746f,hm_a00ad2a2c52a,0.4545454680919647,False
0.1,0.0003,100,sol_31885cef6a6c22ea,ev_5dc4ea8371d8,hm_a0f8ed47a107,0.4545454680919647,False
0.01,0.0007,10,sol_df626d383bab114e,ev_5dc6ec874ea4,hm_b46918a75620,0.4545454680919647,False
0.01,0.0005,700,sol_02409272986b6b20,ev_5dcc197792f1,hm_7a9cff01f511,1.3916999101638794,False
0.0,0.001,400,sol_078f2189220e50c9,ev_5dcf74e9fce0,hm_8de6b26636d5,0.6722956299781799,False
0.1,0.0003,200,sol_3bb70e8a4618472a,ev_5def209052fb,hm_a0f8ed47a107,0.5668712854385376,False
0.01,0.0005,700,sol_cb4f667203b4e3c6,ev_5df44b90f5dc,hm_7a9cff01f511,0.74498450756073,False
0.05,0.0003,10,sol_6550008a380fefec,ev_5dfbfaf8a03e,hm_a0f8ed47a107,0.4545454680919647,False
0.1,0.0003,20,sol_cdc6be5db77676ba,ev_5e0631c64ea8,hm_a0f8ed47a107,0.4545454680919647,False
0.1,0.001,10,sol_2f73e673559c00ee,ev_5e33788aaf9a,hm_8de6b26636d5,0.4545454680919647,False
0.01,0.0005,200,sol_1ec1cc07cdf95494,ev_5e38f1ec4556,hm_7a9cff01f511,0.45454326272010803,False
0.02,0.001,100,sol_b0a13642d9744890,ev_5e39c5fa90ce,hm_8de6b26636d5,0.5669634938240051,False
0.02,0.001,1000,sol_9ac3a9f5ac28913a,ev_5e4efebfc014,hm_8de6b26636d5,2.1082382202148438,False
0.1,0.0003,700,sol_03dfd7438a281580,ev_5e5eac606837,hm_a0f8ed47a107,0.599028468132019,False
0.1,0.001,20,sol_096382acee118ae3,ev_5e626d5001a3,hm_8de6b26636d5,0.4545454680919647,False
0.05,0.0005,50,sol_e72fa3839884ff20,ev_5e950febf781,hm_7a9cff01f511,0.4545454680919647,False
0.05,0.0001,1000,sol_67fc9568f0355d57,ev_5e96ec3e52cd,hm_a00ad2a2c52a,0.5993614196777344,False
0.1,0.0007,1000,sol_89abfdf161bfde1f,ev_5ea0b3a803c7,hm_b46918a75620,1.6667957305908203,False
0.02,0.0007,20,sol_902f5128cd09f92c,ev_5ea76d83600d,hm_b46918a75620,0.4545454680919647,False
0.02,0.0003,200,sol_a44e43d439e923cd,ev_5ec5ced9dabc,hm_a0f8ed47a107,0.6290982961654663,False
0.0,0.0007,700,sol_111d116283345cb7,ev_5ec79977cd48,hm_b46918a75620,1.6638879776000977,False
0.1,0.0007,50,sol_1350258c84bc9dc1,ev_5f147b48bfca,hm_b46918a75620,0.4545454680919647,False
0.05,0.0007,400,sol_b5b0f29182254747,ev_5f2429b88481,hm_b46918a75620,0.8635404706001282,False
0.02,0.0007,200,sol_f9f3ae3ac3a72b9a,ev_5f254ce07181,hm_b46918a75620,0.6425020098686218,False
0.05,0.0001,400,sol_a7aef62494e90711,ev_5f3d5dcc77ea,hm_a00ad2a2c52a,0.5997589230537415,False
0.05,0.0001,100,sol_dae9142a594b0639,ev_5f7071a5c5fb,hm_a00ad2a2c52a,0.4545454680919647,False
0.1,0.001,50,sol_997084697d95d1ec,ev_5f854de5cfee,hm_8de6b26636d5,0.4545454680919647,False
0.05,0.0005,1000,sol_11fdd38a2eaeef11,ev_5fa3d110dc5c,hm_7a9cff01f511,1.1954554319381714,False
0.01,0.0003,50,sol_56e21e1cb54a8c45,ev_5fa885334150,hm_a0f8ed47a107,0.4545454680919647,False
0.0,0.0003,1000,sol_7b9d3cc3d0e6807a,ev_5fa8ac93cb81,hm_a0f8ed47a107,1.3915616273880005,False
0.01,0.0001,200,sol_9d728c5181f3f288,ev_5faa520bc3cf,hm_a00ad2a2c52a,0.4545437693595886,False
0.1,0.0001,20,sol_16869e8d48241fea,ev_5fe32b4b8114,hm_a00ad2a2c52a,0.4545454680919647,False
0.02,0.0001,50,sol_dcb81f961a0a3b56,ev_5fe4e744ccb4,hm_a00ad2a2c52a,0.4545454680919647,False
0.1,0.0007,20,sol_74d9348f96d5fb99,ev_6025afef8a65,hm_b46918a75620,0.4545454680919647,False
0.02,0.001,50,sol_30a6efdb1d055e15,ev_60408b66138a,hm_8de6b26636d5,0.4545454680919647,False
0.0,0.0007,50,sol_b35613e9a8e6bc4b,ev_60523f3027ff,hm_b46918a75620,0.4545454680919647,False
0.02,0.001,400,sol_d5c03bd6d7c15570,ev_605552a79036,hm_8de6b26636d5,0.8098546862602234,False
0.02,0.001,100,sol_a36507fddc855a89,ev_6059a76ef0be,hm_8de6b26636d5,0.5669994354248047,False
0.02,0.0003,1000,sol_b6ed422d5d2115b3,ev_605e3c8ff4fc,hm_a0f8ed47a107,0.7869769930839539,False
0.05,0.0007,20,sol_8aad14c890f5bb48,ev_6073c6bc2155,hm_b46918a75620,0.4545454680919647,False
0.02,0.0001,20,sol_446c75551a5c1b3b,ev_60e5dd305362,hm_a00ad2a2c52a,0.4545454680919647,False
0.1,0.0007,200,sol_721dc1e3110fe567,ev_60f9ab5d11a4,hm_b46918a75620,0.7069758772850037,False
0.1,0.0007,400,sol_d32bdc67fbf0ed73,ev_61068bda9b94,hm_b46918a75620,0.8550635576248169,False
0.0,0.001,200,sol_f8a6729b6c3c5b2c,ev_61074efe7bef,hm_8de6b26636d5,0.5997835993766785,False
0.01,0.0001,1000,sol_da8d75789afa3295,ev_610c8c209e40,hm_a00ad2a2c52a,0.5669206976890564,False
0.1,0.0003,10,sol_19dd3d7dbfec5fe7,ev_613249d193a4,hm_a0f8ed47a107,0.4545454680919647,False
0.01,0.0001,400,sol_3e55100a7fad13da,ev_613bd5e9f706,hm_a00ad2a2c52a,0.5669026970863342,False
0.0,0.001,700,sol_76e9e4614629dd4f,ev_6142aae6497d,hm_8de6b26636d5,2.065866231918335,False
0.1,0.0003,200,sol_8503354b27989c98,ev_614c539f18ce,hm_a0f8ed47a107,0.5669297575950623,False
0.05,0.0007,50,sol_94cd5d2e8b3a58fe,ev_616ff51fe660,hm_b46918a75620,0.5669791102409363,False
0.05,0.0007,700,sol_9ad0687d9d15861d,ev_6182788a8d28,hm_b46918a75620,1.3261975049972534,False
0.01,0.0003,1000,sol_fb2c0c6f8f391ef1,ev_618edfcde3b0,hm_a0f8ed47a107,1.1958380937576294,False
0.02,0.0007,700,sol_e19a51228c0d71be,ev_61a41cd7f0da,hm_b46918a75620,0.919849693775177,False
0.0,0.001,400,sol_3603ed0131b9a11e,ev_61a5928a92fe,hm_8de6b26636d5,0.8489644527435303,False
0.02,0.0003,200,sol_0c710524b29cdef2,ev_61b2384af8b9,hm_a0f8ed47a107,0.6290953159332275,False
0.1,0.0005,1000,sol_687cafe17a751dde,ev_61ceac9830e4,hm_7a9cff01f511,1.1922650337219238,False
0.0,0.001,100,sol_35326824835ade19,ev_61cf9704bfce,hm_8de6b26636d5,0.5670003890991211,False
0.1,0.0003,20,sol_0e9365c5c294e5ec,ev_61e7ecec64d4,hm_a0f8ed47a107,0.4545454680919647,False
0.1,0.001,100,sol_11466c087e6d9649,ev_61ea7f3af521,hm_8de6b26636d5,0.5669739842414856,False
0.01,0.0001,1000,sol_d640e5db238b7c2e,ev_61efb5aa7606,hm_a00ad2a2c52a,1.1207170486450195,False
0.05,0.0003,1000,sol_7e17cc715c10a699,ev_621a32dffeab,hm_a0f8ed47a107,1.4999536275863647,False
0.05,0.0005,100,sol_5f3d3b2b65a4bf97,ev_62292145359f,hm_7a9cff01f511,0.6291395425796509,False
0.05,0.001,100,sol_a198df2d283bf7fc,ev_6233699016f4,hm_8de6b26636d5,0.4545454680919647,False
0.1,0.0005,20,sol_13c76db53c3622e0,ev_6249bd9a9347,hm_7a9cff01f511,0.4545454680919647,False
0.1,0.0007,400,sol_f8aa77f21e5e0236,ev_62532bf94dfe,hm_b46918a75620,0.7663229703903198,False
0.02,0.0001,10,sol_1935d868a46d6b4d,ev_626ebe544f8d,hm_a00ad2a2c52a,0.4545454680919647,False
0.01,0.001,100,sol_ad66207bed0006a7,ev_628d23867c12,hm_8de6b26636d5,0.5670003294944763,False
0.05,0.0007,400,sol_9513d83847c5ae23,ev_62aa4271f7f8,hm_b46918a75620,1.0666944980621338,False
0.02,0.001,20,sol_43bbc9cba3b41b73,ev_62b149a99427,hm_8de6b26636d5,0.4545454680919647,False
0.1,0.0001,20,sol_e68c0dff082b5c3e,ev_62c8bb50ec7c,hm_a00ad2a2c52a,0.4545454680919647,False
0.02,0.0001,20,sol_a2ab5b19cba27728,ev_62cb06e31e3b,hm_a00ad2a2c52a,0.4545454680919647,False
0.02,0.001,50,sol_57dff5251e8d15ea,ev_62cb403d3d9c,hm_8de6b26636d5,0.4545454680919647,False
0.02,0.0001,400,sol_703257da50c01d26,ev_62d962b080a7,hm_a00ad2a2c52a,0.5668900012969971,False
0.1,0.001,1000,sol_c601288d7743e627,ev_62d96b08619e,hm_8de6b26636d5,2.356825351715088,False
0.0,0.0007,10,sol_14b23882fb67abb3,ev_62df36d79cca,hm_b46918a75620,0.4545454680919647,False
0.01,0.001,200,sol_c6ab6aabda407447,ev_62e04b2dd395,hm_8de6b26636d5,0.9617578983306885,False
0.01,0.0001,10,sol_d88bae9eee41258c,ev_62e1eabb3b64,hm_a00ad2a2c52a,0.4545454680919647,False
0.02,0.0001,400,sol_40d6e5a41f8a91f3,ev_62ef76b6a5cb,hm_a00ad2a2c52a,0.45454272627830505,False
0.01,0.0001,20,sol_98cf6d97ef20eb3c,ev_62fce842ad93,hm_a00ad2a2c52a,0.4545454680919647,False
0.1,0.0005,200,sol_3348258d3a896903,ev_632473cdb4a1,hm_7a9cff01f511,0.5998827815055847,False
0.0,0.0005,50,sol_ed5d7fd2a53b5fbb,ev_632c3cb89e63,hm_7a9cff01f511,0.5670134425163269,False
0.0,0.001,1000,sol_18eece22b1a129b4,ev_6330cb23be1b,hm_8de6b26636d5,2.356853485107422,False
0.01,0.0003,1000,sol_52aa9fd3f99dbd12,ev_63324df504bb,hm_a0f8ed47a107,1.1920335292816162,False
0.01,0.0007,200,sol_8c6c2dfb8c42356f,ev_633e7c77412f,hm_b46918a75620,0.7877596616744995,False
0.1,0.0001,400,sol_3521e33bb4e0bb77,ev_634e4da9ef08,hm_a00ad2a2c52a,0.4545454680919647,False
0.1,0.0001,400,sol_bb5c262e567408af,ev_634ebec88dc5,hm_a00ad2a2c52a,0.4545454680919647,False
0.0,0.0007,700,sol_e7c8e30bca620833,ev_63653f99e6fd,hm_b46918a75620,1.4350395202636719,False
0.05,0.0001,100,sol_312422a934e35a20,ev_6374ad2dae0b,hm_a00ad2a2c52a,0.4545454680919647,False
0.01,0.0001,1000,sol_d3b9862b1f63954e,ev_639a38b67e24,hm_a00ad2a2c52a,1.5000417232513428,False
0.0,0.0005,400,sol_c859a0f3478a07ba,ev_63a15693b5f5,hm_7a9cff01f511,0.5669559240341187,False
0.1,0.0003,200,sol_99dcc567a67e2b75,ev_63b5c87d4bac,hm_a0f8ed47a107,0.4545454680919647,False
0.05,0.0001,20,sol_01faeaccc80c7285,ev_63d005662fcf,hm_a00ad2a2c52a,0.4545454680919647,False
0.1,0.0003,400,sol_bb78a335cf55aa85,ev_63d51f4d2690,hm_a0f8ed47a107,0.566951334476471,False
0.01,0.0007,50,sol_6309e5beb674b247,ev_63f2b393b0aa,hm_b46918a75620,0.4545454680919647,False
0.0,0.0007,200,sol_a646d07d043ac5b6,ev_6402125a3224,hm_b46918a75620,0.6721765995025635,False
0.05,0.0001,400,sol_f7cd978df782a286,ev_6407340c5683,hm_a00ad2a2c52a,0.5669077634811401,False
0.02,0.0005,10,sol_b40cc3a30759c06e,ev_6419770d150e,hm_7a9cff01f511,0.4545454680919647,False
0.1,0.001,700,sol_e65dcfaec8f41698,ev_6446aef26b1d,hm_8de6b26636d5,1.192255973815918,False
0.1,0.0007,10,sol_cb11dadb5257fd86,ev_6450aba8ba78,hm_b46918a75620,0.4545454680919647,False
0.1,0.0005,20,sol_0739cff56592031b,ev_64522a527574,hm_7a9cff01f511,0.4545454680919647,False
0.01,0.0007,1000,sol_32c5804f3a32f95a,ev_6456a90a9162,hm_b46918a75620,1.2782659530639648,False
0.05,0.0005,10,sol_26f71e51e65801a4,ev_648b1482ac49,hm_7a9cff01f511,0.4545454680919647,False
0.0,0.0007,100,sol_8088e6dd0d49679d,ev_64935647c8fd,hm_b46918a75620,0.5669743418693542,False
0.01,0.0005,1000,sol_ba63e979247310cb,ev_64d5c6e1fd1a,hm_7a9cff01f511,1.4999014139175415,False
0.01,0.0007,200,sol_f7c8ae9ca342013c,ev_64dd282aa241,hm_b46918a75620,0.566992998123169,False
0.0,0.0005,400,sol_28137f043ccbf85a,ev_6502f404bcfe,hm_7a9cff01f511,0.6981776356697083,False
0.0,0.0001,200,sol_7f60afade2ce2257,ev_650e35069cb3,hm_a00ad2a2c52a,0.4545454680919647,False
0.1,0.0005,100,sol_2f4a04431921c88d,ev_651aeacfc72c,hm_7a9cff01f511,0.4545454680919647,False
0.02,0.0001,50,sol_3b1c41e7335c0e58,ev_652877ce3710,hm_a00ad2a2c52a,0.4545454680919647,False
0.01,0.0001,20,sol_5fcc9396bca152a7,ev_6534f8db2d30,hm_a00ad2a2c52a,0.4545454680919647,False
0.0,0.0007,20,sol_eea2d064a93f6c52,ev_6537d3ca6467,hm_b46918a75620,0.4545454680919647,False
0.0,0.001,50,sol_ffc34135294a9473,ev_653c3976b694,hm_8de6b26636d5,0.5669775605201721,False
0.05,0.0005,700,sol_2f2d283f241fe2ab,ev_65401466dbac,hm_7a9cff01f511,0.7343385219573975,False
0.01,0.001,50,sol_03837eaaebd5c96c,ev_656683a9206a,hm_8de6b26636d5,0.4545454680919647,False
0.05,0.0001,100,sol_3c8ca086fba9a25c,ev_6586b0a68f66,hm_a00ad2a2c52a,0.4545454680919647,False
0.02,0.0003,50,sol_1aa174949b182250,ev_65a5de36e49f,hm_a0f8ed47a107,0.4545454680919647,False
0.1,0.0005,400,sol_8b62f5c8235e9472,ev_65c4977fcb47,hm_7a9cff01f511,0.8987733721733093,False
0.01,0.0003,50,sol_c50c14460e57de24,ev_65c7be6cae23,hm_a0f8ed47a107,0.4545454680919647,False
0.05,0.001,700,sol_62ee9e0f5c619ceb,ev_65d3b4efb07f,hm_8de6b26636d5,1.4999836683273315,False
0.1,0.0003,100,sol_20b57b49f7e68ba1,ev_65fdbbd77a56,hm_a0f8ed47a107,0.4545454680919647,False
0.02,0.0007,10,sol_11ace40d460d7df5,ev_660a9216a198,hm_b46918a75620,0.4545454680919647,False
0.02,0.001,700,sol_c9f6f8626a8c2ea8,ev_6620fb55580a,hm_8de6b26636d5,1.4864012002944946,False
0.1,0.0003,700,sol_ba1a9f631eca044b,ev_662bb6e0270f,hm_a0f8ed47a107,1.1922887563705444,False
0.05,0.0003,1000,sol_d069dec8580db1e2,ev_66448898bf43,hm_a0f8ed47a107,0.9721283912658691,False
0.01,0.0001,50,sol_406981246b116b2d,ev_66449eaa9ce0,hm_a00ad2a2c52a,0.4545454680919647,False
0.01,0.0003,20,sol_1d1c72e64127a4f2,ev_664af1037659,hm_a0f8ed47a107,0.4545454680919647,False
0.02,0.0001,20,sol_8e2ce9be0bf37a82,ev_664b44fa1563,hm_a00ad2a2c52a,0.4545454680919647,False
0.05,0.001,100,sol_ca4f452414194428,ev_66561fbd3513,hm_8de6b26636d5,0.4545454680919647,False
0.02,0.0007,100,sol_ab80f67995106929,ev_6665bd60c7b9,hm_b46918a75620,0.5669782161712646,False
0.02,0.0001,100,sol_4bf3aa5e22fc507d,ev_666d76fb7082,hm_a00ad2a2c52a,0.45454463362693787,False
0.0,0.0007,50,sol_8178cad41be9688f,ev_667d78128cc8,hm_b46918a75620,0.4545454680919647,False
0.0,0.0003,1000,sol_c9dd0ee9073b3c0b,ev_667e24d868e1,hm_a0f8ed47a107,1.221315622329712,False
0.1,0.0007,20,sol_682291198fed0bce,ev_668007d5dda8,hm_b46918a75620,0.4545454680919647,False
0.1,0.0007,20,sol_6d580d6b92dccefb,ev_66812ccbfbec,hm_b46918a75620,0.4545454680919647,False
0.02,0.0007,20,sol_e30569e550756b5f,ev_6692a232a361,hm_b46918a75620,0.4545454680919647,False
0.01,0.0007,100,sol_a41f6c6a549999d1,ev_669bf711763c,hm_b46918a75620,0.4545454680919647,False
0.02,0.0007,400,sol_c405351624af6fef,ev_66b90f93cc17,hm_b46918a75620,1.1922930479049683,False
0.1,0.0005,20,sol_46fd0626998f4ebb,ev_66b98536c859,hm_7a9cff01f511,0.4545454680919647,False
0.02,0.001,10,sol_5809f00e6e13d293,ev_66c563bc2263,hm_8de6b26636d5,0.4545454680919647,False
0.05,0.0003,700,sol_484107d575430dc3,ev_66c8f05f5809,hm_a0f8ed47a107,0.6470819115638733,False
0.02,0.0001,200,sol_76f034d3047b8c2a,ev_66d78b9cde76,hm_a00ad2a2c52a,0.4545433223247528,False
0.01,0.0005,400,sol_249024259f297b7d,ev_6700f7a7c652,hm_7a9cff01f511,0.5993364453315735,False
0.02,0.0007,700,sol_df3fc4af3406680c,ev_67198df3801a,hm_b46918a75620,1.4998064041137695,False
0.01,0.0007,20,sol_aa5bf9888a972a46,ev_672521b1a575,hm_b46918a75620,0.4545454680919647,False
0.05,0.001,400,sol_ba3183d48a3e5f76,ev_673b2890f5f8,hm_8de6b26636d5,1.0456877946853638,False
0.02,0.0003,400,sol_59190adefcdfe2c9,ev_674c700e3d66,hm_a0f8ed47a107,0.5994167327880859,False
0.05,0.0007,100,sol_8e191e2f3ea1cc91,ev_674ee9c40f61,hm_b46918a75620,0.4545454680919647,False
0.01,0.0001,100,sol_7d6df33f28247aa7,ev_675f411c46ba,hm_a00ad2a2c52a,0.4545447826385498,False
0.05,0.001,1000,sol_7ae250cd4dfd0bed,ev_6760a930df48,hm_8de6b26636d5,7.7557501792907715,False
0.01,0.001,700,sol_391042712a3efca7,ev_67879740c8be,hm_8de6b26636d5,1.10139000415802,False
0.05,0.001,200,sol_92fb1ab8c048bf39,ev_67a1bd429440,hm_8de6b26636d5,0.8213516473770142,False
0.02,0.0005,20,sol_b34b8b2452431e71,ev_67c4a2aae023,hm_7a9cff01f511,0.4545454680919647,False
0.02,0.0005,200,sol_5aff84412625d63f,ev_67cd43190668,hm_7a9cff01f511,0.5669227242469788,False
0.02,0.0003,10,sol_de0e1e2637ed7e47,ev_67d0567a2ff5,hm_a0f8ed47a107,0.4545454680919647,False
0.0,0.001,50,sol_c8a4f3891856c587,ev_67d09380ec1d,hm_8de6b26636d5,0.566975474357605,False
0.1,0.0003,20,sol_d9c568e26f97cbaf,ev_67dbb1a44761,hm_a0f8ed47a107,0.4545454680919647,False
0.1,0.0003,10,sol_2c69a7f7876b2743,ev_67f3f654e9f2,hm_a0f8ed47a107,0.4545454680919647,False
0.0,0.0003,700,sol_00ca1e65c2d9ba2d,ev_67f59de8f93e,hm_a0f8ed47a107,0.7955443263053894,False
0.02,0.001,100,sol_2a888facfbdf4e45,ev_6801e06f074c,hm_8de6b26636d5,0.5669718384742737,False
0.05,0.0003,200,sol_1033c431a3c52971,ev_6804e70fdb95,hm_a0f8ed47a107,0.5669776201248169,False
0.1,0.0001,200,sol_9c38862c0e6c383b,ev_68052b7a3d64,hm_a00ad2a2c52a,0.4545454680919647,False
0.05,0.0003,700,sol_33ad8798a8e92439,ev_6829eac43556,hm_a0f8ed47a107,0.7062562108039856,False
0.01,0.001,50,sol_80c5259b6ac7916e,ev_683038d16aac,hm_8de6b26636d5,0.4545454680919647,False
0.02,0.0003,200,sol_989c6f269a5f603e,ev_6830712bec4b,hm_a0f8ed47a107,0.9428481459617615,False
0.01,0.001,400,sol_41993b361734eebe,ev_68392b2d73b5,hm_8de6b26636d5,1.192177176475525,False
0.1,0.0005,100,sol_a66a7643f968e7ab,ev_68459ced3a71,hm_7a9cff01f511,0.5669211149215698,False
0.0,0.001,400,sol_682b44221c2ea167,ev_6846aa5f7d38,hm_8de6b26636d5,1.2092602252960205,False
0.0,0.001,700,sol_d4b2e7a5daf8f1f5,ev_6863935370f2,hm_8de6b26636d5,1.4996347427368164,False
0.05,0.0007,20,sol_ceed20d473f65f57,ev_686436b13429,hm_b46918a75620,0.4545454680919647,False
0.01,0.0001,400,sol_327f41a81fe146f1,ev_6868cd1f39c9,hm_a00ad2a2c52a,0.4545448124408722,False
0.0,0.0001,200,sol_065e4f7c4efa98c7,ev_6876a256215f,hm_a00ad2a2c52a,0.4545454680919647,False
0.0,0.001,200,sol_02a8412fd9f00b8a,ev_688f120035fe,hm_8de6b26636d5,0.5669688582420349,False
0.0,0.001,50,sol_805da9aa0cb88f65,ev_689682e39036,hm_8de6b26636d5,0.4545454680919647,False
0.02,0.0005,50,sol_115fd4441d593f23,ev_68a6076ba629,hm_7a9cff01f511,0.4545454680919647,False
0.1,0.0003,50,sol_c7b28eb1ba521bdb,ev_68a6976b0db8,hm_a0f8ed47a107,0.4545454680919647,False
0.01,0.0001,200,sol_7bc330bd9fda7c26,ev_68aafa5f8335,hm_a00ad2a2c52a,0.45454370975494385,False
0.0,0.001,50,sol_217fef2409fcbeac,ev_68d07c7eb4dc,hm_8de6b26636d5,0.4545454680919647,False
0.1,0.0003,1000,sol_20f484eeadf159d4,ev_68e30e963dc2,hm_a0f8ed47a107,0.9342644810676575,False
0.05,0.0005,400,sol_b766b3385ebb6c14,ev_68e369b1415e,hm_7a9cff01f511,0.8041144013404846,False
0.1,0.0007,100,sol_81ce5fa5fff62f2e,ev_6923bec1a1ad,hm_b46918a75620,0.4545454680919647,False
0.05,0.0007,50,sol_f7e25e64d998d0af,ev_692cf92b01ef,hm_b46918a75620,0.4545454680919647,False
0.1,0.001,700,sol_efd8a5efce872d24,ev_692f9b04eaca,hm_8de6b26636d5,1.3918319940567017,False
0.05,0.001,10,sol_30ea4afe5ba166c5,ev_69387e760106,hm_8de6b26636d5,0.4545454680919647,False
0.0,0.0003,1000,sol_ec4f57e435679866,ev_694f7365fafa,hm_a0f8ed47a107,0.8711328506469727,False
0.0,0.0001,20,sol_f3caa11fdbc5ec8e,ev_6953dfa2aa9b,hm_a00ad2a2c52a,0.4545454680919647,False
0.05,0.0005,100,sol_04638e61c2a02468,ev_6955d263a29f,hm_7a9cff01f511,0.4545454680919647,False
0.01,0.0007,1000,sol_60215609796f9525,ev_696520f8f0da,hm_b46918a75620,1.1915581226348877,False
0.05,0.0005,200,sol_613c9ea04d8b6f71,ev_6973e4498fba,hm_7a9cff01f511,0.4545454680919647,False
0.01,0.001,1000,sol_e9131eb4e051375b,ev_6978d21e143c,hm_8de6b26636d5,1.2485040426254272,False
0.01,0.001,50,sol_1601e0498ef099ad,ev_6979089d64a6,hm_8de6b26636d5,0.4545454680919647,False
0.01,0.0001,400,sol_6a54247503c7f11d,ev_69852c5e8279,hm_a00ad2a2c52a,0.4545435309410095,False
0.01,0.0005,50,sol_e67cb1f6990ac3ab,ev_698ec4b3558b,hm_7a9cff01f511,0.4545454680919647,False
0.0,0.0005,700,sol_9657e006fbb08175,ev_699b44ff5e7a,hm_7a9cff01f511,1.4118549823760986,False
0.1,0.0001,700,sol_b7a242eb9ecffe54,ev_699e6f9df79b,hm_a00ad2a2c52a,0.5669649839401245,False
0.0,0.0007,200,sol_32878980b310d609,ev_69a796016a1c,hm_b46918a75620,0.7608152627944946,False
0.0,0.0003,1000,sol_777cea1831906604,ev_69b0349ab7b2,hm_a0f8ed47a107,1.052424430847168,False
0.01,0.001,100,sol_ff117c3ddacf3832,ev_69b7ed2bc6bd,hm_8de6b26636d5,0.5669909119606018,False
0.05,0.001,700,sol_454fdc4fafbfd5d3,ev_69d601a32400,hm_8de6b26636d5,1.1418126821517944,False
0.1,0.0007,20,sol_bd6b30399daad1cd,ev_69dc6dc0af6f,hm_b46918a75620,0.5670102834701538,False
0.05,0.0007,200,sol_815266bdd2ace49f,ev_69f68bba5a7e,hm_b46918a75620,0.4545454680919647,False
0.05,0.0005,50,sol_56dd14de33bd8629,ev_69ff470f40b3,hm_7a9cff01f511,0.4545454680919647,False
0.02,0.001,400,sol_a71e1f33b3ed36f1,ev_6a1114206bd8,hm_8de6b26636d5,0.9731120467185974,False
0.0,0.0007,20,sol_b915f40cbc8706fd,ev_6a1bc8ac2501,hm_b46918a75620,0.4545454680919647,False
0.01,0.0003,50,sol_0c6705ad8c4d145d,ev_6a2648430920,hm_a0f8ed47a107,0.4545454680919647,False
0.02,0.0001,50,sol_70db6de2692003a0,ev_6a2877e6a9ea,hm_a00ad2a2c52a,0.4545454680919647,False
0.02,0.001,20,sol_53c26d65e9d7a24f,ev_6a6ce1465e15,hm_8de6b26636d5,0.4545454680919647,False
0.0,0.001,100,sol_f748a604a80f48cb,ev_6a96186cf446,hm_8de6b26636d5,0.5669777989387512,False
0.05,0.0007,200,sol_0302f9b4de3cdbd0,ev_6aa0307c1fec,hm_b46918a75620,0.5669883489608765,False
0.02,0.0005,700,sol_1076053e27bddf1a,ev_6aa48c70a1f6,hm_7a9cff01f511,0.7824231386184692,False
0.1,0.0005,20,sol_5ad9c1c8ccae0a1c,ev_6aa97bcc5c49,hm_7a9cff01f511,0.4545454680919647,False
0.1,0.0007,50,sol_2bb86ccef4eb4e21,ev_6aafb2ca99ad,hm_b46918a75620,0.4545454680919647,False
0.0,0.001,100,sol_16e47b29439a04da,ev_6ab3e7f96ce4,hm_8de6b26636d5,0.5670031309127808,False
0.02,0.0003,1000,sol_75d3f461d97d2380,ev_6ac9d0967112,hm_a0f8ed47a107,0.5996268391609192,False
0.0,0.0005,10,sol_f8580603421302d6,ev_6ad823bb05c3,hm_7a9cff01f511,0.4545454680919647,False
0.0,0.0003,10,sol_0e791a5c4ba9edaa,ev_6ae7a629756f,hm_a0f8ed47a107,0.4545454680919647,False
0.01,0.001,200,sol_8e324aeb6233bfb6,ev_6aefd059aadc,hm_8de6b26636d5,0.6626325249671936,False
0.0,0.001,400,sol_70ef577fcea91870,ev_6af332b049de,hm_8de6b26636d5,0.8877530694007874,False
0.05,0.0007,20,sol_262d2b8ad1b9d970,ev_6af949147f53,hm_b46918a75620,0.4545454680919647,False
0.1,0.0005,200,sol_7005d327a466f73e,ev_6af9ba062414,hm_7a9cff01f511,0.5669520497322083,False
0.02,0.0003,100,sol_39db7de1b20a8da3,ev_6afd96ddeebb,hm_a0f8ed47a107,0.4545454680919647,False
0.02,0.0007,1000,sol_dfbe8dc7dfe59816,ev_6b1735dac14b,hm_b46918a75620,1.4998054504394531,False
0.1,0.001,20,sol_b52330cc5b4fea9e,ev_6b25617e07a5,hm_8de6b26636d5,0.4545454680919647,False
0.1,0.0003,10,sol_03df81e78bc469bc,ev_6b2d3e4613c0,hm_a0f8ed47a107,0.4545454680919647,False
0.02,0.0003,50,sol_b2dcc8466e03e9ad,ev_6b2e85d8ab5b,hm_a0f8ed47a107,0.4545454680919647,False
0.1,0.0005,400,sol_950bc26bc5ad8931,ev_6b2fec8676ae,hm_7a9cff01f511,0.743283748626709,False
0.01,0.0007,100,sol_5f079856c3403d1f,ev_6b34daffc3d1,hm_b46918a75620,0.5669863820075989,False
0.0,0.001,100,sol_7ec8cd079f9b2884,ev_6b4001b951c4,hm_8de6b26636d5,0.6981654763221741,False
0.05,0.001,100,sol_7c5ee32aafd5fee0,ev_6b49c08c73e7,hm_8de6b26636d5,0.6290862560272217,False
0.0,0.0001,400,sol_738eb0ced0dea1d8,ev_6b4ab2037287,hm_a00ad2a2c52a,0.4545454680919647,False
0.01,0.0001,400,sol_c910a28f50301798,ev_6b5bca632e01,hm_a00ad2a2c52a,0.5669344663619995,False
0.0,0.001,700,sol_03306c1abdb19ad6,ev_6b5e13eab62c,hm_8de6b26636d5,5.2772536277771,False
0.01,0.001,10,sol_786f76802cfe0752,ev_6b5ea538bdd2,hm_8de6b26636d5,0.4545454680919647,False
0.02,0.0007,400,sol_65044e5a570d23a7,ev_6b8b9c913a47,hm_b46918a75620,1.073419451713562,False
0.02,0.0005,200,sol_850216796c1a3ba9,ev_6b9f3deecb1b,hm_7a9cff01f511,0.7436338067054749,False
0.01,0.0005,200,sol_8f814166b3863fb1,ev_6bbf5a650f57,hm_7a9cff01f511,0.7600560784339905,False
0.02,0.0003,50,sol_5d192f4873a15d16,ev_6bf44097a063,hm_a0f8ed47a107,0.4545454680919647,False
0.05,0.001,700,sol_211aac529578aa4f,ev_6bf6873462d3,hm_8de6b26636d5,1.754874348640442,False
0.02,0.0007,10,sol_02990f1c47725ef4,ev_6c2c43534510,hm_b46918a75620,0.4545454680919647,False
0.01,0.001,20,sol_727c46b32f6a4163,ev_6c45b2cc482d,hm_8de6b26636d5,0.4545454680919647,False
0.1,0.0003,10,sol_7c55708ae40818b3,ev_6c90d532619d,hm_a0f8ed47a107,0.4545454680919647,False
0.0,0.0003,700,sol_d12ce54e52a0e31d,ev_6c91f7e8006c,hm_a0f8ed47a107,0.6288909316062927,False
0.1,0.0005,10,sol_6bc4228ed977a44a,ev_6c9eb4a7bbef,hm_7a9cff01f511,0.4545454680919647,False
0.0,0.0003,400,sol_ffda5edddeb8d0c9,ev_6cc024e88fd4,hm_a0f8ed47a107,0.5669740438461304,False
0.1,0.0001,700,sol_24567f43217b4366,ev_6cc39c26b84d,hm_a00ad2a2c52a,0.5669785737991333,False
0.02,0.001,200,sol_832f873a54cabc19,ev_6cd863d1d2eb,hm_8de6b26636d5,1.0136533975601196,False
0.02,0.0003,700,sol_ae0c88bff2805eb4,ev_6ce0b2756ac3,hm_a0f8ed47a107,0.9596429467201233,False
0.1,0.001,100,sol_f47c85b77e4586c6,ev_6ce65be473f5,hm_8de6b26636d5,0.5669491291046143,False
0.0,0.0005,10,sol_97a4a48afeb1f69a,ev_6cec33204a7e,hm_7a9cff01f511,0.4545454680919647,False
0.0,0.0003,50,sol_52c1750f5a80c8fa,ev_6cfa66f06796,hm_a0f8ed47a107,0.4545454680919647,False
0.1,0.0003,200,sol_057a2305bd8fa4f8,ev_6d1380f6a85a,hm_a0f8ed47a107,0.5997751951217651,False
0.1,0.0005,10,sol_3e88bd0d2b8f05d5,ev_6d17c9e26615,hm_7a9cff01f511,0.4545454680919647,False
0.0,0.0005,700,sol_0407d9111b5da323,ev_6d7113023230,hm_7a9cff01f511,0.8487009406089783,False
0.05,0.0001,1000,sol_f6aa4d308b1838a2,ev_6d7dad82a34f,hm_a00ad2a2c52a,0.45453691482543945,False
0.0,0.0005,400,sol_6f0c03b8f3a1eee7,ev_6d7e4ec2c962,hm_7a9cff01f511,0.9820197224617004,False
0.05,0.0005,100,sol_3248dce3b15d5574,ev_6dab81d2f6ac,hm_7a9cff01f511,0.5669350624084473,False
0.1,0.0005,700,sol_3ea161196d7a90a1,ev_6dc1ba385d65,hm_7a9cff01f511,0.8790340423583984,False
0.01,0.0005,50,sol_b35b6ed3b32c56c3,ev_6dc6cb850c4d,hm_7a9cff01f511,0.4545454680919647,False
0.02,0.0003,50,sol_b6190eb7a2ca325a,ev_6e1523d583b4,hm_a0f8ed47a107,0.4545454680919647,False
0.0,0.0001,700,sol_b1ffec642c42da4f,ev_6e31e965b8e3,hm_a00ad2a2c52a,0.5996047854423523,False
0.02,0.0003,400,sol_0865bb501e3590e5,ev_6e5bc71562ac,hm_a0f8ed47a107,0.5994142293930054,False
0.01,0.0005,100,sol_3b69c3b35c064ee7,ev_6e720ab652c9,hm_7a9cff01f511,0.4545454680919647,False
0.01,0.0003,50,sol_497af632f4924a69,ev_6e80f93f3e89,hm_a0f8ed47a107,0.4545454680919647,False
0.0,0.0001,100,sol_4cbc7a5641586996,ev_6ea8c07e07cc,hm_a00ad2a2c52a,0.4545454680919647,False
0.1,0.001,400,sol_ca4f13e207feb227,ev_6eb7f1908f2a,hm_8de6b26636d5,1.0147234201431274,False
0.05,0.0005,10,sol_a7ac6623b34432c0,ev_6eee62ad438d,hm_7a9cff01f511,0.4545454680919647,False
0.01,0.0005,400,sol_7d2bebd6008ef647,ev_6eef9f32b125,hm_7a9cff01f511,0.7608380913734436,False
0.02,0.0005,1000,sol_0d5e11d639830d5a,ev_6ef08e9c9510,hm_7a9cff01f511,0.9593626856803894,False
0.02,0.0007,20,sol_7101eecec2458202,ev_6f15b990cb9c,hm_b46918a75620,0.4545454680919647,False
0.05,0.001,50,sol_7fb4e5a57a8859f3,ev_6f162acb8672,hm_8de6b26636d5,0.4545454680919647,False
0.1,0.0007,400,sol_0c97d69ae05e48cc,ev_6f177714c968,hm_b46918a75620,0.6287971138954163,False
0.05,0.0007,700,sol_0db1d9a0183370af,ev_6f1cf65622a7,hm_b46918a75620,1.3248554468154907,False
0.02,0.001,20,sol_938244848c402958,ev_6f30d176ae2d,hm_8de6b26636d5,0.4545454680919647,False
0.1,0.0001,20,sol_dc26172639899161,ev_6f4c95a72b6a,hm_a00ad2a2c52a,0.4545454680919647,False
0.0,0.0007,400,sol_cd487185f98c026b,ev_6f66045e419f,hm_b46918a75620,1.2813526391983032,False
0.02,0.0005,10,sol_2978dceba332d87f,ev_6f6936bbc93e,hm_7a9cff01f511,0.4545454680919647,False
0.05,0.0007,1000,sol_4c74e340eb562816,ev_6f6c441a3e6e,hm_b46918a75620,1.1922430992126465,False
0.01,0.0007,10,sol_4fc9e29d3e0018dc,ev_6f7438f7038f,hm_b46918a75620,0.4545454680919647,False
0.02,0.001,400,sol_dd98adeb54b9947e,ev_6f7a1c322f36,hm_8de6b26636d5,1.093514084815979,False
0.02,0.0007,20,sol_f31c16a29a3e84f6,ev_6f7bde6e3262,hm_b46918a75620,0.4545454680919647,False
0.01,0.0007,200,sol_fcf72a43944a5744,ev_6f7e6583b37e,hm_b46918a75620,0.5669865012168884,False
0.0,0.0007,10,sol_f8640b7f243dbd97,ev_6f946c9491e0,hm_b46918a75620,0.4545454680919647,False
0.02,0.0005,10,sol_8b882575aa8a759c,ev_6f96f9f927ea,hm_7a9cff01f511,0.4545454680919647,False
0.0,0.0005,20,sol_c73e0ca9469224a8,ev_6fa432cc28ab,hm_7a9cff01f511,0.4545454680919647,False
0.05,0.0005,10,sol_c42085929be9bc08,ev_6fbac9cbba6a,hm_7a9cff01f511,0.4545454680919647,False
0.1,0.0003,1000,sol_acf1463ae587d128,ev_6fbf75748ed8,hm_a0f8ed47a107,0.6372237801551819,False
0.1,0.0005,1000,sol_40a41940ded3395d,ev_6ffbb9f9fecd,hm_7a9cff01f511,1.2287921905517578,False
0.01,0.0005,10,sol_28fc01c8adeb1dcd,ev_70024c2c9001,hm_7a9cff01f511,0.4545454680919647,False
0.05,0.001,20,sol_5ae47014c5d3e088,ev_700845ac9fcb,hm_8de6b26636d5,0.4545454680919647,False
0.1,0.0003,1000,sol_d1e2fed23d890007,ev_701929613660,hm_a0f8ed47a107,0.5670154690742493,False
0.0,0.001,700,sol_69785ed3cb9251ba,ev_703e437b9a31,hm_8de6b26636d5,1.3427425622940063,False
0.0,0.0003,10,sol_42df198f2cc2cae5,ev_705ac78854c5,hm_a0f8ed47a107,0.4545454680919647,False
0.05,0.0003,1000,sol_bf62463afdcdace9,ev_70641f0650b7,hm_a0f8ed47a107,0.6606308817863464,False
0.05,0.0005,50,sol_3fa5ed7833f2bbd1,ev_707257f08e04,hm_7a9cff01f511,0.5669780969619751,False
0.0,0.0007,400,sol_d3ec073494f9d139,ev_707324695b02,hm_b46918a75620,1.4351649284362793,False
0.02,0.0007,100,sol_85384f48009ad822,ev_70827ab92014,hm_b46918a75620,0.4545454680919647,False
0.1,0.001,20,sol_efee28b1e3187a45,ev_70886da3ff74,hm_8de6b26636d5,0.4545454680919647,False
0.1,0.0007,1000,sol_2a4c034b70453dc1,ev_708e4fff457a,hm_b46918a75620,1.1419187784194946,False
0.02,0.0005,700,sol_e73ad8733aab12a1,ev_708ecd072c0a,hm_7a9cff01f511,1.249976634979248,False
0.1,0.0003,700,sol_82cd647135d79c21,ev_7094ca7e93e6,hm_a0f8ed47a107,0.8160876631736755,False
0.02,0.0007,700,sol_e04411a5c98449ed,ev_709a672e4f80,hm_b46918a75620,0.9731942415237427,False
0.0,0.0001,700,sol_814f6ce36975fb3b,ev_70b2bbd835de,hm_a00ad2a2c52a,0.4545454680919647,False
0.02,0.0005,700,sol_2b47ab008562b4cc,ev_70b55f250e7e,hm_7a9cff01f511,0.6385079026222229,False
0.1,0.001,200,sol_8583c8024eef0ce8,ev_70c6347c46b9,hm_8de6b26636d5,0.5998538136482239,False
0.02,0.0007,700,sol_242a238f939c642e,ev_70cf18e20578,hm_b46918a75620,1.0409568548202515,False
0.01,0.0005,100,sol_ac90346df8222a33,ev_70d8de9e73ba,hm_7a9cff01f511,0.4545454680919647,False
0.0,0.0005,400,sol_acf0664d44ffed2d,ev_70efb0af77e1,hm_7a9cff01f511,0.8094620704650879,False
0.02,0.0007,10,sol_8f459ab41f0ab624,ev_70f012fb4d27,hm_b46918a75620,0.4545454680919647,False
0.1,0.001,400,sol_093992a3bfab6dde,ev_710029930591,hm_8de6b26636d5,0.9101811051368713,False
0.02,0.0005,50,sol_8c467e156689a114,ev_7105ac70469b,hm_7a9cff01f511,0.4545454680919647,False
0.02,0.0003,20,sol_133d4f071f3bcd7d,ev_710d987dd749,hm_a0f8ed47a107,0.4545454680919647,False
0.05,0.0007,20,sol_742b0db69ec8f00e,ev_7110cb784738,hm_b46918a75620,0.4545454680919647,False
0.01,0.0003,100,sol_c534e6ac13def146,ev_711443afc881,hm_a0f8ed47a107,0.45454469323158264,False
0.02,0.0001,10,sol_89214634d8a2283b,ev_711603f927e9,hm_a00ad2a2c52a,0.4545454680919647,False
0.02,0.0003,200,sol_bad9c92d575506a0,ev_713365d4aa33,hm_a0f8ed47a107,0.5669137835502625,False
0.05,0.0005,10,sol_bd1cfb564ef450de,ev_71658b655826,hm_7a9cff01f511,0.4545454680919647,False
0.1,0.0001,10,sol_263e05651986d71d,ev_7178863d99fa,hm_a00ad2a2c52a,0.4545454680919647,False
0.02,0.0003,700,sol_0a918c7965487bf7,ev_717a87f6434e,hm_a0f8ed47a107,1.095469355583191,False
0.0,0.001,1000,sol_5c2189eb113b9af5,ev_718ac76ac273,hm_8de6b26636d5,3.126274347305298,False
0.05,0.0005,1000,sol_7cd7da5baa4818b6,ev_71b94da6aeb0,hm_7a9cff01f511,1.4993823766708374,False
0.05,0.001,10,sol_ab0ae5f0da2d524d,ev_71dc4b09fceb,hm_8de6b26636d5,0.4545454680919647,False
0.01,0.0005,20,sol_a4608455762f0991,ev_71e7f36414d4,hm_7a9cff01f511,0.4545454680919647,False
0.1,0.001,10,sol_616a6144b3d0bc1f,ev_71e8f82b0752,hm_8de6b26636d5,0.4545454680919647,False
0.01,0.0007,200,sol_125b55549eba600a,ev_71f0e7b20456,hm_b46918a75620,1.1418849229812622,False
0.02,0.0007,50,sol_b9102ec03a18dfbd,ev_71fe57bbb29b,hm_b46918a75620,0.4545454680919647,False
0.0,0.0003,200,sol_8dbd5476ddfed6c9,ev_720778d033d2,hm_a0f8ed47a107,0.6000000238418579,False
0.0,0.0005,20,sol_f15cbdbc9a3601f3,ev_72083a564632,hm_7a9cff01f511,0.4545454680919647,False
0.02,0.0001,700,sol_7459d7eaab941c8d,ev_72358f0921ad,hm_a00ad2a2c52a,0.45454180240631104,False
0.1,0.0001,10,sol_05c170d2820b21f4,ev_7248ec1b69ca,hm_a00ad2a2c52a,0.4545454680919647,False
0.01,0.0003,20,sol_698fc093e9672185,ev_72584437efa5,hm_a0f8ed47a107,0.4545454680919647,False
0.1,0.0003,50,sol_cd52b838de19a270,ev_725a5b89a949,hm_a0f8ed47a107,0.4545454680919647,False
0.05,0.0003,400,sol_a45b6090ca959231,ev_7282cb506643,hm_a0f8ed47a107,0.5669052600860596,False
0.02,0.001,700,sol_4c2b69a00127a9af,ev_728b5b50da37,hm_8de6b26636d5,1.8077980279922485,False
0.05,0.0005,20,sol_f19bb2e263c6e835,ev_728f294bef90,hm_7a9cff01f511,0.4545454680919647,False
0.05,0.0007,1000,sol_ceb62b1dfefc56ac,ev_7296f866f3d4,hm_b46918a75620,1.963704228401184,False
0.02,0.0007,1000,sol_d1101c8b42a0f0dc,ev_729955084d67,hm_b46918a75620,1.4996720552444458,False
0.1,0.0003,700,sol_d2089e456d21c57d,ev_72a531a863dc,hm_a0f8ed47a107,0.5669021606445312,False
0.01,0.001,50,sol_794e5490498ca8fd,ev_72aaf2047ec1,hm_8de6b26636d5,0.4545454680919647,False
0.0,0.0003,200,sol_1c723919da5f452e,ev_72c1565c663e,hm_a0f8ed47a107,0.5669618248939514,False
0.05,0.0001,10,sol_34167346717c50ae,ev_72f04e291fc8,hm_a00ad2a2c52a,0.4545454680919647,False
0.1,0.0005,100,sol_985a972a1f7326db,ev_72f9fd449151,hm_7a9cff01f511,0.5669270157814026,False
0.1,0.001,200,sol_a0b2c581df9f0661,ev_7312a1342f05,hm_8de6b26636d5,1.1443214416503906,False
0.0,0.0005,10,sol_3289ec35b65f7e2a,ev_731e0ffa08e8,hm_7a9cff01f511,0.4545454680919647,False
0.05,0.001,50,sol_b490b94b41aa89fc,ev_732cd2b08932,hm_8de6b26636d5,0.566972553730011,False
0.0,0.001,10,sol_1d4287cd6f6e82de,ev_733102363117,hm_8de6b26636d5,0.4545454680919647,False
0.1,0.0007,700,sol_590884ecb184819d,ev_733103454b92,hm_b46918a75620,0.8234162926673889,False
0.0,0.001,100,sol_332e0731ec39e224,ev_733b802bd82f,hm_8de6b26636d5,0.5669769644737244,False
0.02,0.0005,1000,sol_abafb9c99b691d4d,ev_734d4e14954e,hm_7a9cff01f511,0.9083134531974792,False
0.1,0.0001,50,sol_2d0582aee3609dca,ev_7358ad7f6d3c,hm_a00ad2a2c52a,0.4545454680919647,False
0.01,0.0005,100,sol_c0c338b7d8decb82,ev_7359ce588330,hm_7a9cff01f511,0.4545454680919647,False
0.0,0.0007,100,sol_08ab2d3aa0c4b197,ev_737b2a5eff12,hm_b46918a75620,0.5669752359390259,False
0.1,0.0001,100,sol_f62ffe40c5f26ab9,ev_737ebca9a53a,hm_a00ad2a2c52a,0.4545454680919647,False
0.0,0.0005,200,sol_7fe8d411225e1857,ev_7384a8ba40af,hm_7a9cff01f511,0.6848497986793518,False
0.01,0.0007,50,sol_daa3f470f6f54ec5,ev_73a6d3967b15,hm_b46918a75620,0.4545454680919647,False
0.1,0.0005,200,sol_4df6bb4830449c12,ev_73e0009c2dc6,hm_7a9cff01f511,0.5669298768043518,False
0.1,0.001,400,sol_a2b7e66fbfada9e9,ev_73e721322dd1,hm_8de6b26636d5,1.768151879310608,False
0.0,0.0003,10,sol_b07440762569a2f6,ev_7446847db458,hm_a0f8ed47a107,0.4545454680919647,False
0.05,0.001,200,sol_acd58be101abc852,ev_744c588b2885,hm_8de6b26636d5,0.5669859051704407,False
0.05,0.0007,100,sol_0b38c88bfcbd80e5,ev_746dadda74f7,hm_b46918a75620,0.5669686794281006,False
0.02,0.0005,10,sol_e5e1d302b8b66db7,ev_747f3b8d9282,hm_7a9cff01f511,0.4545454680919647,False
0.0,0.0005,20,sol_d3ec7efbdb890a53,ev_747f6248fe15,hm_7a9cff01f511,0.4545454680919647,False
0.01,0.0001,50,sol_1ecdbb1179fc958d,ev_7481890802af,hm_a00ad2a2c52a,0.4545454680919647,False
0.02,0.0001,50,sol_1918437ad9a32f39,ev_749f9b09ef1d,hm_a00ad2a2c52a,0.4545454680919647,False
0.01,0.0007,50,sol_6148c0cd9b15ff0c,ev_74afca5b1b99,hm_b46918a75620,0.4545454680919647,False
0.0,0.0003,50,sol_661799b76b9c950a,ev_74b69dc7d877,hm_a0f8ed47a107,0.4545454680919647,False
0.1,0.001,700,sol_b36681dd0cb96d65,ev_74c22dc02a52,hm_8de6b26636d5,1.0712834596633911,False
0.1,0.0003,400,sol_908a76997d81e709,ev_74c4441ca032,hm_a0f8ed47a107,0.4545454680919647,False
0.05,0.0005,10,sol_0794c63aec0c9d49,ev_74cec646786f,hm_7a9cff01f511,0.4545454680919647,False
0.1,0.0003,10,sol_9e40b56c2319b8fd,ev_74e808e4434f,hm_a0f8ed47a107,0.4545454680919647,False
0.01,0.0001,200,sol_23accd05f2ced680,ev_751ae1e5fdc4,hm_a00ad2a2c52a,0.4545450210571289,False
0.02,0.0007,200,sol_321537eac683f617,ev_755d65d666d9,hm_b46918a75620,0.5669940114021301,False
0.05,0.0007,50,sol_ccbcb2b91a94ca99,ev_756770063d86,hm_b46918a75620,0.4545454680919647,False
0.05,0.001,20,sol_8a12c1429d2a0c89,ev_757257913a41,hm_8de6b26636d5,0.6000000238418579,False
0.02,0.0007,400,sol_cbeb0115f512f826,ev_7573136133c3,hm_b46918a75620,0.8098326921463013,False
0.0,0.0001,400,sol_de3d4d8dc7e27fcb,ev_7585ced5899d,hm_a00ad2a2c52a,0.5996867418289185,False
0.1,0.0005,50,sol_48dd7ea40f7f7103,ev_75913502f1dc,hm_7a9cff01f511,0.4545454680919647,False
0.02,0.0005,1000,sol_a3e1ebda334ccbe6,ev_75c8c59f7580,hm_7a9cff01f511,1.192044734954834,False
0.01,0.0001,20,sol_ad9d429f92fb392c,ev_75f87fd91e58,hm_a00ad2a2c52a,0.4545454680919647,False
0.0,0.0001,1000,sol_9eb40282e0d9d206,ev_760ac90374d8,hm_a00ad2a2c52a,0.5994935631752014,False
0.01,0.001,10,sol_1806815b7099a6db,ev_76194cd8b693,hm_8de6b26636d5,0.4545454680919647,False
0.1,0.0003,700,sol_843cafcbb6e8a86d,ev_761ff87bd2c3,hm_a0f8ed47a107,0.6288588643074036,False
0.01,0.0003,50,sol_81d00aecad01f98a,ev_76235865aa47,hm_a0f8ed47a107,0.4545454680919647,False
0.02,0.0005,20,sol_6b725cc7b2ea04dd,ev_76263b70ac72,hm_7a9cff01f511,0.4545454680919647,False
0.05,0.001,50,sol_09d2625092c043a6,ev_762bfdeb77bf,hm_8de6b26636d5,0.5669937133789062,False
0.01,0.0003,400,sol_c13a56d8d0760cad,ev_764df4233496,hm_a0f8ed47a107,0.6375188231468201,False
0.05,0.0003,1000,sol_f7101c67d6cd5941,ev_76643ee256eb,hm_a0f8ed47a107,0.759739875793457,False
0.05,0.0001,10,sol_84c0dd011add9d70,ev_766487acbd3e,hm_a00ad2a2c52a,0.4545454680919647,False
0.1,0.0001,20,sol_d6672cad1e932423,ev_767c922a9076,hm_a00ad2a2c52a,0.4545454680919647,False
0.0,0.0005,200,sol_be5295c69a1236f1,ev_7680f240027a,hm_7a9cff01f511,0.5996600985527039,False
0.1,0.0005,100,sol_0d9902f75ba478d6,ev_76857bcfd84a,hm_7a9cff01f511,0.4545454680919647,False
0.1,0.0007,10,sol_3aead18610682d78,ev_769c30dc5a54,hm_b46918a75620,0.4545454680919647,False
0.1,0.0001,50,sol_250f74f2a6b9fc52,ev_76a981957420,hm_a00ad2a2c52a,0.4545454680919647,False
0.1,0.0001,700,sol_7b67d94717afeacb,ev_76b7f7bfc7a1,hm_a00ad2a2c52a,0.4545454680919647,False
0.0,0.0007,1000,sol_fa9a7ed290633161,ev_76dfe07af830,hm_b46918a75620,2.357098340988159,False
0.1,0.001,1000,sol_43dfde54b18e814a,ev_770b1de30b6e,hm_8de6b26636d5,3.2082743644714355,False
0.05,0.0005,100,sol_c0bcd4fea36532ed,ev_7719ecf92f69,hm_7a9cff01f511,0.4545454680919647,False
0.0,0.0007,10,sol_f4f4918482f6fd19,ev_7730fd62233f,hm_b46918a75620,0.4545454680919647,False
0.01,0.0007,50,sol_db5fed4677ea87a3,ev_7741c3e7972d,hm_b46918a75620,0.4545454680919647,False
0.02,0.0003,10,sol_ddd1e021cdeb912e,ev_774bd69f8e7e,hm_a0f8ed47a107,0.4545454680919647,False
0.1,0.0005,10,sol_d74024ea471b3f16,ev_774dff647848,hm_7a9cff01f511,0.4545454680919647,False
0.1,0.0007,1000,sol_90bd0438b6cb9ebc,ev_7754c9da327a,hm_b46918a75620,0.909322202205658,False
0.1,0.0001,100,sol_b949ffde47d67293,ev_775fcde5b95f,hm_a00ad2a2c52a,0.4545454680919647,False
0.0,0.0003,100,sol_e7be237e0029995b,ev_7771b816fa6f,hm_a0f8ed47a107,0.4545454680919647,False
0.1,0.0005,100,sol_258fe248e4095bf2,ev_77740817b520,hm_7a9cff01f511,0.4545454680919647,False
0.1,0.0001,100,sol_1ec3a5fb0c517bd8,ev_778427fad5d3,hm_a00ad2a2c52a,0.4545454680919647,False
0.02,0.001,200,sol_6d5c8962510c7c69,ev_779e0a7f419e,hm_8de6b26636d5,0.7608446478843689,False
0.1,0.0001,700,sol_6f78e3dfc3df6aa1,ev_77a43faf490b,hm_a00ad2a2c52a,0.5669317245483398,False
0.02,0.0001,20,sol_1c083698a7f40061,ev_77b147ccdfa5,hm_a00ad2a2c52a,0.4545454680919647,False
0.0,0.0005,20,sol_deafdb3fa656f066,ev_77bd7f813caa,hm_7a9cff01f511,0.4545454680919647,False
0.02,0.0003,200,sol_c5e13ff810a45059,ev_77c7ddc24eea,hm_a0f8ed47a107,0.566898763179779,False
0.1,0.0007,400,sol_c78ba56568863463,ev_77f4c6704001,hm_b46918a75620,0.8715461492538452,False
0.01,0.0005,200,sol_29ef359b65b95740,ev_77f674f4d91a,hm_7a9cff01f511,0.4545445740222931,False
0.02,0.0003,1000,sol_091eac0ccb2c2cb2,ev_77fa263759bd,hm_a0f8ed47a107,0.7595613598823547,False
0.01,0.001,400,sol_a569f4773f2f378f,ev_7807f7f39b8b,hm_8de6b26636d5,0.8731256127357483,False
0.05,0.0005,10,sol_87a71ef0857d32c9,ev_7825203f2902,hm_7a9cff01f511,0.4545454680919647,False
0.1,0.0005,200,sol_a8a274d0ebe02699,ev_7835923ec73f,hm_7a9cff01f511,0.4545454680919647,False
0.1,0.0007,50,sol_8bfc137e052d85d3,ev_78450d395e1a,hm_b46918a75620,0.4545454680919647,False
0.1,0.0005,100,sol_85f50e47fe4618cb,ev_784a53e974a1,hm_7a9cff01f511,0.5669703483581543,False
0.1,0.0003,1000,sol_26a35af6d6bcc8c8,ev_785ce23edbb4,hm_a0f8ed47a107,1.194861650466919,False
0.01,0.0003,50,sol_14785d1ee5a2278e,ev_785e20203f9a,hm_a0f8ed47a107,0.4545454680919647,False
0.02,0.0001,20,sol_783e9e3390ac7bbe,ev_786bab9361ec,hm_a00ad2a2c52a,0.4545454680919647,False
0.02,0.0005,10,sol_478977e0f0d9fd6a,ev_78af20ee913d,hm_7a9cff01f511,0.4545454680919647,False
0.05,0.0007,700,sol_36fe826d0c1c344b,ev_78b20f255cf8,hm_b46918a75620,1.3300012350082397,False
0.1,0.001,100,sol_bd3137fc902579af,ev_78b634de1094,hm_8de6b26636d5,0.4545454680919647,False
0.01,0.0003,50,sol_8c5dfeaafadf39e2,ev_78c50621e2bf,hm_a0f8ed47a107,0.4545454680919647,False
0.0,0.0001,400,sol_7a4c3ff4903c6ab4,ev_78d280a11262,hm_a00ad2a2c52a,0.5669736266136169,False
0.1,0.0007,1000,sol_1aa9582e459962bc,ev_78ddf9b2284b,hm_b46918a75620,1.0565223693847656,False
0.05,0.0001,1000,sol_721535a712a2ade2,ev_792660f0a9da,hm_a00ad2a2c52a,0.5640387535095215,False
0.01,0.0007,1000,sol_ffafd9dabbee6f26,ev_79675b410af9,hm_b46918a75620,1.5250177383422852,False
0.1,0.0003,100,sol_af31faa52a76a0b2,ev_7968d15755fc,hm_a0f8ed47a107,0.4545454680919647,False
0.02,0.001,700,sol_a394f0e08b1b1ad2,ev_796b9ec3c683,hm_8de6b26636d5,1.476366400718689,False
0.01,0.0007,200,sol_3310099a5d342e16,ev_79baac7155de,hm_b46918a75620,0.5669922828674316,False
0.05,0.001,10,sol_003a75f5b9516619,ev_79bb510d13a6,hm_8de6b26636d5,0.4545454680919647,False
0.0,0.0003,100,sol_47fcb1a6f3b51548,ev_79c134b87171,hm_a0f8ed47a107,0.4545454680919647,False
0.02,0.0001,100,sol_ec66bc78c49c314b,ev_79c3a5fc1869,hm_a00ad2a2c52a,0.4545454680919647,False
0.02,0.0007,20,sol_51fd613ce19392eb,ev_79c5183d123f,hm_b46918a75620,0.4545454680919647,False
0.05,0.0007,1000,sol_7d7bbe538f348d43,ev_79cf85d1f3a4,hm_b46918a75620,1.2812072038650513,False
0.1,0.001,10,sol_ad8f051c58797c80,ev_79d822521a0a,hm_8de6b26636d5,0.4545454680919647,False
0.0,0.0007,400,sol_231ca089f163e26c,ev_79e6d0864ce1,hm_b46918a75620,0.8427923321723938,False
0.02,0.0001,10,sol_8b24765aec0162d7,ev_79f4bca66764,hm_a00ad2a2c52a,0.4545454680919647,False
0.02,0.0001,20,sol_784d4a4f422fe7f7,ev_7a06b8d5f7d9,hm_a00ad2a2c52a,0.4545454680919647,False
0.02,0.0001,200,sol_c4af529bd2dd22c5,ev_7a0c17170845,hm_a00ad2a2c52a,0.45454341173171997,False
0.05,0.0005,400,sol_bc27332222b0cfda,ev_7a0faa5bb45c,hm_7a9cff01f511,0.7406178712844849,False
0.01,0.0001,100,sol_fbe74181a4a8c64a,ev_7a1869e6ee56,hm_a00ad2a2c52a,0.4545443058013916,False
0.05,0.0003,700,sol_ea73e16c580b7ff9,ev_7a27d7a1ca11,hm_a0f8ed47a107,0.5669071078300476,False
0.05,0.0003,1000,sol_481525371b58b374,ev_7a34754a8326,hm_a0f8ed47a107,0.9745033383369446,False
0.0,0.0001,100,sol_90ce84b025b5a7ac,ev_7a3aa76a1c80,hm_a00ad2a2c52a,0.4545454680919647,False
0.1,0.0007,50,sol_53ee01b6122cfb6d,ev_7a42e8ce77fc,hm_b46918a75620,0.4545454680919647,False
0.0,0.0007,400,sol_254264352b46ab63,ev_7a6f43dc0cee,hm_b46918a75620,0.6980282664299011,False
0.02,0.0003,20,sol_5b4f86b4ec351a68,ev_7a7966ad432c,hm_a0f8ed47a107,0.4545454680919647,False
0.0,0.0001,700,sol_eaec4a9ef3aeefc4,ev_7a7abc21ade0,hm_a00ad2a2c52a,0.7607751488685608,False
0.05,0.0007,200,sol_db3daa07ee515e2f,ev_7a85d1aa02cf,hm_b46918a75620,1.5000221729278564,False
0.01,0.0003,10,sol_0e31c6bdf411ea93,ev_7a8a7a241c57,hm_a0f8ed47a107,0.4545454680919647,False
0.02,0.0001,10,sol_77dc04aa487a562c,ev_7a98cb92ca53,hm_a00ad2a2c52a,0.4545454680919647,False
0.05,0.0001,1000,sol_6111f6b6d15e7a47,ev_7af45c2727b2,hm_a00ad2a2c52a,0.5989673733711243,False
0.01,0.0003,10,sol_28ff8072a3fcc477,ev_7af95e6af7ed,hm_a0f8ed47a107,0.4545454680919647,False
0.01,0.0001,1000,sol_7d0b7044f3843bd5,ev_7b261f69af72,hm_a00ad2a2c52a,0.5641809105873108,False
0.0,0.0003,100,sol_c102e5e08c1da391,ev_7b34d3648882,hm_a0f8ed47a107,0.4545454680919647,False
0.1,0.0005,700,sol_2efb10c6d39e8892,ev_7b447b63ddf7,hm_7a9cff01f511,1.5328710079193115,False
0.0,0.0001,10,sol_ab553fb1890c565f,ev_7b4f15266f4e,hm_a00ad2a2c52a,0.4545454680919647,False
0.0,0.0007,20,sol_559e378855d593e2,ev_7b54c684bfe3,hm_b46918a75620,0.4545454680919647,False
0.01,0.0001,400,sol_da09835d5cf56ebd,ev_7b6c19f9ccdf,hm_a00ad2a2c52a,0.4545436501502991,False
0.0,0.0001,10,sol_9753220048c0b62e,ev_7b7a0c3c815a,hm_a00ad2a2c52a,0.4545454680919647,False
0.02,0.0001,400,sol_11d5b09d86ef44d4,ev_7b7b112c1304,hm_a00ad2a2c52a,0.4545430541038513,False
0.02,0.0003,20,sol_2c97bd3fb391bbde,ev_7baa8ea19240,hm_a0f8ed47a107,0.4545454680919647,False
0.0,0.0005,10,sol_153a78c47f7a6659,ev_7bae52edded0,hm_7a9cff01f511,0.4545454680919647,False
0.0,0.0001,50,sol_566aa713ab38586c,ev_7bddc5ac6de0,hm_a00ad2a2c52a,0.4545454680919647,False
0.02,0.0007,1000,sol_3e621d0aa42856f5,ev_7bf4523e42f2,hm_b46918a75620,1.2773857116699219,False
0.02,0.0005,20,sol_5c0a002654fe70b2,ev_7c073f9286d3,hm_7a9cff01f511,0.4545454680919647,False
0.0,0.0001,1000,sol_bbb0c94684f54afa,ev_7c3483dc57d1,hm_a00ad2a2c52a,0.8966502547264099,False
0.05,0.0001,200,sol_ff79cf9d5d20068b,ev_7c4620d1956e,hm_a00ad2a2c52a,0.4545454680919647,False
0.1,0.0001,50,sol_25fe9e3111cc1c8d,ev_7c4bddbed72a,hm_a00ad2a2c52a,0.4545454680919647,False
0.1,0.0001,20,sol_15b290d17458dbf2,ev_7c7091940b61,hm_a00ad2a2c52a,0.4545454680919647,False
0.01,0.0003,20,sol_c52a398702f4c541,ev_7c95a2e0bf26,hm_a0f8ed47a107,0.4545454680919647,False
0.01,0.0007,100,sol_832283c994cd6e97,ev_7c9d5a15de4a,hm_b46918a75620,0.4545454680919647,False
0.05,0.0003,200,sol_f2fe33a6d7ec7cfa,ev_7cbf3932b14c,hm_a0f8ed47a107,0.5669013261795044,False
0.01,0.0001,200,sol_288abc7feea6c666,ev_7ce0914670ec,hm_a00ad2a2c52a,0.45454469323158264,False
0.01,0.0007,400,sol_aec8ef84d4428945,ev_7cf40100cc5f,hm_b46918a75620,0.8482969999313354,False
0.02,0.0007,100,sol_06ff8b76cefda434,ev_7d00ee1e3a6d,hm_b46918a75620,0.4545454680919647,False
0.1,0.001,100,sol_4a453be39158a00d,ev_7d01333797d9,hm_8de6b26636d5,0.5669629573822021,False
0.05,0.0007,700,sol_fff31577835b779c,ev_7d1f57691eb1,hm_b46918a75620,1.216320514678955,False
0.02,0.0001,400,sol_a4590943d242f41a,ev_7d23288524f3,hm_a00ad2a2c52a,0.566896915435791,False
0.02,0.001,20,sol_5103dc04d2866fe5,ev_7d3e4a95350e,hm_8de6b26636d5,0.4545454680919647,False
0.0,0.0005,20,sol_4fafd9184515c1a0,ev_7d5abd38203d,hm_7a9cff01f511,0.4545454680919647,False
0.1,0.0005,1000,sol_2550ef4a61e62a0a,ev_7d5f91a30561,hm_7a9cff01f511,0.8902714848518372,False
0.02,0.0007,50,sol_5094c7caffe30eaa,ev_7d79ea8c7163,hm_b46918a75620,0.4545454680919647,False
0.01,0.0003,400,sol_50b1984a18d7f906,ev_7d85cabb4448,hm_a0f8ed47a107,0.5669141411781311,False
0.01,0.0007,10,sol_d10275fb9bd2bf81,ev_7d8af87fd9a2,hm_b46918a75620,0.4545454680919647,False
0.0,0.001,1000,sol_7f5527a439f63ec6,ev_7d9ae200ec9e,hm_8de6b26636d5,1.4996440410614014,False
0.1,0.0001,700,sol_87653c11dcf3c21f,ev_7d9c0c7f82ea,hm_a00ad2a2c52a,0.4545454680919647,False
0.01,0.0005,400,sol_156e08941e981fd4,ev_7db53c097d68,hm_7a9cff01f511,0.9797812700271606,False
0.05,0.0003,1000,sol_0ae704ae1499ac82,ev_7dc14fc28252,hm_a0f8ed47a107,0.8333095908164978,False
0.05,0.0007,50,sol_0746b0f895f8be36,ev_7dd2484d5d46,hm_b46918a75620,0.4545454680919647,False
0.1,0.0001,400,sol_0e58b26f5a7d26f4,ev_7dd580282fed,hm_a00ad2a2c52a,0.4545454680919647,False
0.0,0.0003,100,sol_2f128abaee440d84,ev_7dd6354a2b90,hm_a0f8ed47a107,0.4545454680919647,False
0.1,0.0003,20,sol_5fea6b75ac692d35,ev_7deef70fb00f,hm_a0f8ed47a107,0.4545454680919647,False
0.05,0.0005,10,sol_017c33d95f83d295,ev_7df82737e2e0,hm_7a9cff01f511,0.4545454680919647,False
0.02,0.0005,100,sol_067a50cdc4dfb012,ev_7e267a014c53,hm_7a9cff01f511,0.4545454680919647,False
0.0,0.0003,20,sol_29e916609e0addc3,ev_7e2869ed7459,hm_a0f8ed47a107,0.4545454680919647,False
0.0,0.001,20,sol_ae9c438eeab2f0cb,ev_7e56367281f8,hm_8de6b26636d5,0.4545454680919647,False
0.05,0.0007,1000,sol_de6b9a29af4632e8,ev_7e5fecdcb9ac,hm_b46918a75620,0.97248774766922,False
0.1,0.0007,200,sol_1edf621629bec376,ev_7e6d2d97d6ad,hm_b46918a75620,0.5668655633926392,False
0.01,0.001,700,sol_b5b7af60d16603f1,ev_7e6eeee8ab76,hm_8de6b26636d5,2.389232635498047,False
0.05,0.0007,20,sol_a98a207743d6e16d,ev_7e796cc3a10e,hm_b46918a75620,0.4545454680919647,False
0.02,0.001,10,sol_1cf7f344de7901c2,ev_7e84db680e68,hm_8de6b26636d5,0.4545454680919647,False
0.05,0.0005,100,sol_949dbb7f428721a1,ev_7e8bf2299762,hm_7a9cff01f511,0.4545454680919647,False
0.0,0.0001,50,sol_f63921c4f829af3f,ev_7e90fe896867,hm_a00ad2a2c52a,0.4545454680919647,False
0.01,0.0003,200,sol_470291b78a99e308,ev_7e965638afa8,hm_a0f8ed47a107,0.5669518113136292,False
0.05,0.0005,20,sol_55c194f45d697615,ev_7eaf5cb3fb3f,hm_7a9cff01f511,0.4545454680919647,False
0.0,0.0007,50,sol_b2aaa1207e90d7fb,ev_7eb64e1d7e59,hm_b46918a75620,0.5999727845191956,False
0.01,0.0007,400,sol_7fd3dde1ba57c632,ev_7ebaa3d7b8ea,hm_b46918a75620,0.8387722969055176,False
0.1,0.0007,400,sol_083a603705c7aaff,ev_7ebec318ffa8,hm_b46918a75620,0.9086324572563171,False
0.02,0.0005,20,sol_4ea0ad4c0129df92,ev_7ec9913191cf,hm_7a9cff01f511,0.4545454680919647,False
0.01,0.0001,700,sol_c1e1b4cf00e973f9,ev_7ed0a7f8d41f,hm_a00ad2a2c52a,0.5998877882957458,False
0.1,0.0005,50,sol_2586c1ef5bd0df5a,ev_7eeb537f1e64,hm_7a9cff01f511,0.4545454680919647,False
0.02,0.0007,700,sol_d49860776caed5dc,ev_7eed6e763f81,hm_b46918a75620,1.4351285696029663,False
0.01,0.0001,20,sol_a0a5783a8055f507,ev_7f1717945c55,hm_a00ad2a2c52a,0.4545454680919647,False
0.01,0.001,10,sol_a1d20d376475fcc6,ev_7f2041425109,hm_8de6b26636d5,0.4545454680919647,False
0.1,0.0003,400,sol_068a4b526c7759bc,ev_7f321417e860,hm_a0f8ed47a107,0.846373975276947,False
0.0,0.0001,700,sol_d9a7e7c148be4692,ev_7f393c2b360d,hm_a00ad2a2c52a,0.5641646385192871,False
0.02,0.0003,700,sol_8a3cc7e55bbfa897,ev_7f66f401123d,hm_a0f8ed47a107,0.6722131371498108,False
0.0,0.001,20,sol_bd1abe1fbc1c92fe,ev_7f69490f0d97,hm_8de6b26636d5,0.4545454680919647,False
0.05,0.0003,400,sol_871816b391d3976e,ev_7f6eee17a56c,hm_a0f8ed47a107,0.5669164061546326,False
0.1,0.0003,50,sol_73d97662bf1e42f9,ev_7f6f04b88672,hm_a0f8ed47a107,0.4545454680919647,False
0.1,0.0007,1000,sol_30e8f02fdfbe5017,ev_7f750e7ef360,hm_b46918a75620,1.1914504766464233,False
0.0,0.0001,400,sol_04fc7a4397a308dc,ev_7f776a17fb6a,hm_a00ad2a2c52a,0.454545259475708,False
0.05,0.001,10,sol_23483d0f32c59992,ev_7f88bfeff42d,hm_8de6b26636d5,0.4545454680919647,False
0.05,0.0001,20,sol_28c897b0c58c7946,ev_7f964e9fe822,hm_a00ad2a2c52a,0.4545454680919647,False
0.0,0.0003,1000,sol_1efc8b9c4e16316b,ev_7f97c35aedf8,hm_a0f8ed47a107,1.4999796152114868,False
0.01,0.0005,200,sol_2e320386597ad540,ev_7f9f84ef3866,hm_7a9cff01f511,0.5669925212860107,False
0.0,0.0005,50,sol_315cb3d61efa22bd,ev_7fb25fb68550,hm_7a9cff01f511,0.4545454680919647,False
0.0,0.0007,700,sol_e824079ff366e255,ev_7fc6d56e05b8,hm_b46918a75620,1.4349195957183838,False
0.02,0.0005,400,sol_d4be8ce8136764e0,ev_7fd61e9036ea,hm_7a9cff01f511,0.599872887134552,False
0.05,0.0001,700,sol_d4003345f6de744f,ev_7feba4f07d6b,hm_a00ad2a2c52a,0.45453891158103943,False
0.02,0.0001,50,sol_4e51627ff88dae8b,ev_8017388c340f,hm_a00ad2a2c52a,0.4545454680919647,False
0.01,0.0001,1000,sol_247869ff6a4b2a10,ev_8030781a072f,hm_a00ad2a2c52a,0.6978288292884827,False
0.01,0.0003,200,sol_8f222f75276fa498,ev_80321f874c38,hm_a0f8ed47a107,0.4545445740222931,False
0.02,0.0003,50,sol_3705a31aeb48981f,ev_805275419f6e,hm_a0f8ed47a107,0.4545454680919647,False
0.01,0.0003,200,sol_a34ab409d831f2ee,ev_80529263f027,hm_a0f8ed47a107,0.4545454680919647,False
0.05,0.001,200,sol_3474f2c975b18bb3,ev_8064e4cb78ed,hm_8de6b26636d5,0.5744912624359131,False
0.0,0.001,400,sol_e8c355ffbd326acc,ev_8069574598bf,hm_8de6b26636d5,1.939148187637329,False
0.0,0.0005,10,sol_b52c533f1a3413f6,ev_806983f2fabc,hm_7a9cff01f511,0.4545454680919647,False
0.01,0.0003,50,sol_e363580268bb0bf3,ev_807bfae8cfc1,hm_a0f8ed47a107,0.4545454680919647,False
0.02,0.0007,700,sol_ef1266dd6dcca5ea,ev_80a70114c6d9,hm_b46918a75620,1.3163325786590576,False
0.01,0.001,200,sol_37379bd4283e1e95,ev_80bb95c9ff76,hm_8de6b26636d5,1.4352344274520874,False
0.02,0.0005,20,sol_6d5da1ecfa7d1aa8,ev_80c565f0c241,hm_7a9cff01f511,0.4545454680919647,False
0.0,0.0001,700,sol_210a8c8f59e0e37c,ev_80de27f6c7a0,hm_a00ad2a2c52a,0.5641724467277527,False
0.0,0.001,100,sol_28bdcad3259ebdfb,ev_80e93307a086,hm_8de6b26636d5,1.5000245571136475,False
0.1,0.0001,700,sol_f341f2a6be4338f4,ev_8100395ff0fd,hm_a00ad2a2c52a,0.4545454680919647,False
0.02,0.0003,20,sol_9509f1ee1bc91990,ev_8104ee4ccdc1,hm_a0f8ed47a107,0.4545454680919647,False
0.05,0.0003,200,sol_f3d7e92b1c6c6157,ev_810c11a502f7,hm_a0f8ed47a107,0.6291562914848328,False
0.01,0.0005,700,sol_6019b9821919b472,ev_8116aa1c2016,hm_7a9cff01f511,0.9938579797744751,False
0.02,0.0007,50,sol_b1910b0dacf5ac68,ev_8125ec5ce214,hm_b46918a75620,0.4545454680919647,False
0.1,0.0001,50,sol_c0884ef8c175b905,ev_813932c79a58,hm_a00ad2a2c52a,0.4545454680919647,False
0.1,0.0003,100,sol_a040a6c7ee459ece,ev_8148ddb8801c,hm_a0f8ed47a107,0.4545454680919647,False
0.02,0.0005,100,sol_6fa7359fb9b4e82f,ev_814c4b186895,hm_7a9cff01f511,0.4545454680919647,False
0.01,0.0005,1000,sol_8b0afa1e10f8545e,ev_81571de2ec7f,hm_7a9cff01f511,1.2814855575561523,False
0.01,0.0007,400,sol_4c0a8c253c7df4ea,ev_81656e658cea,hm_b46918a75620,0.9594093561172485,False
0.05,0.0003,20,sol_2d75a1420ae79f6d,ev_8172cb3f0ce1,hm_a0f8ed47a107,0.4545454680919647,False
0.0,0.0005,200,sol_c8cdd9b80b5dae6e,ev_819bcd68fd6b,hm_7a9cff01f511,0.7814410924911499,False
0.05,0.0001,700,sol_9b3a2557591ebf1a,ev_819cb8e42fbc,hm_a00ad2a2c52a,0.5669003129005432,False
0.01,0.0007,200,sol_7bbd63cd78c96a48,ev_819e3a8f7b91,hm_b46918a75620,0.5999591946601868,False
0.05,0.0003,100,sol_60c74d3ad92e719a,ev_81a90a038d93,hm_a0f8ed47a107,0.4545454680919647,False
0.0,0.0007,50,sol_21f4370a51638cba,ev_81abd977b42b,hm_b46918a75620,0.4545454680919647,False
0.01,0.0007,1000,sol_85a7810543f409d7,ev_81b2ce1409d1,hm_b46918a75620,1.4997860193252563,False
0.05,0.0003,400,sol_e1569a139b4b7b92,ev_81b519da0056,hm_a0f8ed47a107,0.5667805075645447,False
0.02,0.001,20,sol_f657673a12e8f061,ev_81d4e90d3a80,hm_8de6b26636d5,0.5670102834701538,False
0.01,0.0001,200,sol_fb35b7c07fbe940f,ev_81e7779afa20,hm_a00ad2a2c52a,1.03850257396698,False
0.0,0.0005,400,sol_ba7ec3c52b255663,ev_81f5dbcab4b2,hm_7a9cff01f511,0.7823344469070435,False
0.02,0.0007,100,sol_5b5fd6ebaab1615d,ev_8204cc621dcd,hm_b46918a75620,0.4545454680919647,False
0.01,0.0001,700,sol_2e8646c85149b130,ev_82082a6756cc,hm_a00ad2a2c52a,0.4545440971851349,False
0.05,0.0001,1000,sol_fcd7d3f0ab023e66,ev_822f24e5c4ce,hm_a00ad2a2c52a,0.7540469169616699,False
0.1,0.001,400,sol_6a9e007bf87578e7,ev_8230391f7823,hm_8de6b26636d5,1.05161714553833,False
0.0,0.0007,20,sol_685ef01974fab816,ev_823cda552d32,hm_b46918a75620,0.4545454680919647,False
0.0,0.0003,700,sol_b7773b08f2e93e21,ev_824cacbe9752,hm_a0f8ed47a107,0.6290050148963928,False
0.1,0.0007,200,sol_9ea0d1ff62f4e582,ev_825dc09d9b3e,hm_b46918a75620,0.6290351748466492,False
0.05,0.0001,20,sol_4dc731aa352723da,ev_826802635a0f,hm_a00ad2a2c52a,0.4545454680919647,False
0.1,0.0003,20,sol_c8a73d0bd51f0aea,ev_827ba344b5df,hm_a0f8ed47a107,0.4545454680919647,False
0.05,0.0003,100,sol_f18617426904db79,ev_82848695b520,hm_a0f8ed47a107,0.4545454680919647,False
0.0,0.0003,10,sol_b5229f14745ef72e,ev_829064a52dfe,hm_a0f8ed47a107,0.4545454680919647,False
0.02,0.0005,20,sol_7b5d4c7ae8dc46a5,ev_829cf4a62997,hm_7a9cff01f511,0.4545454680919647,False
0.05,0.0007,400,sol_32e6c770e3615c8c,ev_82a2ecc5729b,hm_b46918a75620,0.959643542766571,False
0.02,0.0005,200,sol_97e0b42d44741c53,ev_82b00a86fad7,hm_7a9cff01f511,0.4545454680919647,False
0.02,0.0007,400,sol_ff8c7c113d4de162,ev_82bb2f8d2ea8,hm_b46918a75620,0.7291114330291748,False
0.05,0.001,50,sol_f5ca8a3f59877e3f,ev_82d5643a79f7,hm_8de6b26636d5,0.4545454680919647,False
0.02,0.0001,700,sol_ef3425a3f5152103,ev_82e66d01b231,hm_a00ad2a2c52a,0.5668973922729492,False
0.0,0.001,200,sol_4236837cbd707a06,ev_82ee59b42e4e,hm_8de6b26636d5,0.698022186756134,False
0.02,0.0005,10,sol_dadbea9bd2dc765c,ev_82f2ce1d7538,hm_7a9cff01f511,0.4545454680919647,False
0.1,0.001,200,sol_2ffdec3af4cda361,ev_82f6558f9165,hm_8de6b26636d5,0.698440670967102,False
0.05,0.0005,1000,sol_4fb02a057d2d54dd,ev_830dd36d360f,hm_7a9cff01f511,1.4340829849243164,False
0.02,0.0007,700,sol_008b57467eb6be87,ev_831520347a37,hm_b46918a75620,0.8577576875686646,False
0.0,0.0001,20,sol_a019508d6a9fb7d3,ev_83210ac59144,hm_a00ad2a2c52a,0.4545454680919647,False
0.01,0.0007,700,sol_338a7c6f807b530f,ev_834ee6dc936d,hm_b46918a75620,1.1528226137161255,False
0.0,0.0007,200,sol_b029f0e8f1be644c,ev_83522959e4fa,hm_b46918a75620,0.4545446038246155,False
0.1,0.0005,400,sol_d179818b0f410ab3,ev_835ed176e1f9,hm_7a9cff01f511,1.2459174394607544,False
0.05,0.0007,200,sol_3c01aa66507cea2a,ev_8368b642149f,hm_b46918a75620,0.5669901371002197,False
0.01,0.0001,10,sol_bf4d15560f313291,ev_836f397ef932,hm_a00ad2a2c52a,0.4545454680919647,False
0.1,0.0005,10,sol_a030fba8f93e892c,ev_8378bdce3b97,hm_7a9cff01f511,0.4545454680919647,False
0.01,0.0003,700,sol_0e92c7c1e604f140,ev_8379a4ef05fc,hm_a0f8ed47a107,0.684667706489563,False
0.1,0.0001,200,sol_03706c6e383e5ae3,ev_839563a56d2a,hm_a00ad2a2c52a,0.4545454680919647,False
0.05,0.001,1000,sol_16b8a30960e727ad,ev_83a0037b02c5,hm_8de6b26636d5,1.4340920448303223,False
0.1,0.0005,700,sol_eb3e159777b5d4ba,ev_83b0a83183ad,hm_7a9cff01f511,1.0380809307098389,False
0.01,0.0001,100,sol_037da27ceeafd800,ev_83bf6972dbce,hm_a00ad2a2c52a,0.4545454680919647,False
0.02,0.0003,20,sol_d2734e4e91e6561c,ev_83d1356b7235,hm_a0f8ed47a107,0.4545454680919647,False
0.1,0.0007,400,sol_8bc514c6c3a55018,ev_83d4967e53f4,hm_b46918a75620,0.8274213671684265,False
0.01,0.0005,400,sol_c3bfdab6a3174b6f,ev_83e9081d2567,hm_7a9cff01f511,0.6290051341056824,False
0.0,0.0007,1000,sol_2060ee168c00ab3f,ev_83f4345d73f4,hm_b46918a75620,1.6979756355285645,False
0.02,0.0007,20,sol_c42f11d330976a4b,ev_83f7842e3e55,hm_b46918a75620,0.4545454680919647,False
0.05,0.0007,700,sol_3c227bde18b88376,ev_842f69f288fc,hm_b46918a75620,1.095523715019226,False
0.02,0.0001,700,sol_9f889a2deaca7825,ev_846cd004a8e2,hm_a00ad2a2c52a,0.4545424282550812,False
0.05,0.0003,50,sol_f0fa718029ab9447,ev_84705eae6b1b,hm_a0f8ed47a107,0.4545454680919647,False
0.0,0.0005,100,sol_503ddc3723f768c1,ev_8489cd0190b9,hm_7a9cff01f511,0.4545454680919647,False
0.01,0.0001,200,sol_a84bca6c96ec4839,ev_848d37da1074,hm_a00ad2a2c52a,0.4545438885688782,False
0.0,0.0007,100,sol_1cb461fcc2dabc7f,ev_84b7e119700a,hm_b46918a75620,0.4545454680919647,False
0.02,0.0005,10,sol_c1f3600099b8c15a,ev_84c08ae21820,hm_7a9cff01f511,0.4545454680919647,False
0.02,0.0001,400,sol_ab16cdc4768b7606,ev_84c540eee946,hm_a00ad2a2c52a,0.4545428454875946,False
0.1,0.0007,50,sol_512714a9aa6c22fa,ev_84d65a947cdb,hm_b46918a75620,0.4545454680919647,False
0.0,0.0005,20,sol_cf8b3d32a70cbb01,ev_84d8f8fb76e2,hm_7a9cff01f511,0.4545454680919647,False
0.05,0.0001,400,sol_2116d718694a8bf8,ev_84eba4118558,hm_a00ad2a2c52a,0.4545454680919647,False
0.01,0.0007,1000,sol_f3ab517451a0e6ac,ev_84f0dcb43ab0,hm_b46918a75620,1.281061053276062,False
0.0,0.0007,400,sol_8881beec65593962,ev_84fb6c6c713a,hm_b46918a75620,0.9796826243400574,False
0.0,0.0005,400,sol_4e11c85c10f8ede0,ev_85013f402c84,hm_7a9cff01f511,0.7663027048110962,False
0.02,0.0001,400,sol_4e8f809869740267,ev_850bc765f6bf,hm_a00ad2a2c52a,0.45454326272010803,False
0.0,0.001,10,sol_8fdebac9ccd4d1ef,ev_852d04e8521e,hm_8de6b26636d5,0.4545454680919647,False
0.0,0.0007,1000,sol_37a3e790fe544bca,ev_853a2edc818b,hm_b46918a75620,1.6589387655258179,False
0.1,0.0001,100,sol_2ff69e669e90fc63,ev_856e2d189f45,hm_a00ad2a2c52a,0.4545454680919647,False
0.0,0.0005,20,sol_d738020fb5c24ceb,ev_856ee6cfdc29,hm_7a9cff01f511,0.4545454680919647,False
0.1,0.0005,400,sol_30ecb1781a63ef7d,ev_8574b8d637d4,hm_7a9cff01f511,0.566917896270752,False
0.02,0.001,100,sol_ffe779bba6e8538e,ev_857d4ec73a14,hm_8de6b26636d5,0.5669570565223694,False
0.02,0.0003,700,sol_34b3b22e160b1fb6,ev_858103dd08b4,hm_a0f8ed47a107,0.5994651913642883,False
0.05,0.001,100,sol_a9b4426a90a9c7d7,ev_85a724a4562b,hm_8de6b26636d5,0.5669836401939392,False
0.05,0.0007,100,sol_6af01d27fa6e9f34,ev_85acda966d69,hm_b46918a75620,0.4545454680919647,False
0.05,0.001,1000,sol_53d9be852d8b19c5,ev_85badedf3bfd,hm_8de6b26636d5,1.7000844478607178,False
0.1,0.0001,20,sol_14c1bf4675bac183,ev_85ca76576a59,hm_a00ad2a2c52a,0.4545454680919647,False
0.1,0.001,50,sol_cd72391f71b17cc2,ev_85d4ef4ca793,hm_8de6b26636d5,0.4545454680919647,False
0.01,0.0001,50,sol_b7f6694b1881dd72,ev_8601cbec9deb,hm_a00ad2a2c52a,0.4545454680919647,False
0.0,0.0005,200,sol_9d1c3c82152a4117,ev_86197d584030,hm_7a9cff01f511,0.5996919870376587,False
0.0,0.0001,20,sol_b20388379e580d25,ev_861e2910cda5,hm_a00ad2a2c52a,0.4545454680919647,False
0.05,0.0007,20,sol_f9691a0c0d0f9d71,ev_8623f1cb4bc2,hm_b46918a75620,0.4545454680919647,False
0.1,0.0003,200,sol_00bb85563bb8ff41,ev_864355a48a4a,hm_a0f8ed47a107,0.5999231934547424,False
0.01,0.001,700,sol_339d426374030bef,ev_866feb172016,hm_8de6b26636d5,1.6089245080947876,False
0.01,0.0005,1000,sol_d460c48830145982,ev_867ef83fa5d3,hm_7a9cff01f511,1.1918226480484009,False
0.02,0.0001,20,sol_781cbebdb87289b2,ev_86a5fd967683,hm_a00ad2a2c52a,0.4545454680919647,False
0.02,0.0005,1000,sol_068dc2edc22c2a4b,ev_86aacb519597,hm_7a9cff01f511,1.0701838731765747,False
0.0,0.001,10,sol_39a0ebcab6dbdf7b,ev_86b87f23fd6a,hm_8de6b26636d5,0.4545454680919647,False
0.05,0.0003,100,sol_32c1d534ad3b5e95,ev_86c407bdff3c,hm_a0f8ed47a107,0.4545454680919647,False
0.02,0.0003,700,sol_4902709b934a4b72,ev_86db2e7bc846,hm_a0f8ed47a107,0.6479780673980713,False
0.02,0.0007,50,sol_20ece10779e28b27,ev_86e0c2d84f2d,hm_b46918a75620,0.4545454680919647,False
0.01,0.0005,50,sol_9849c1bc9bf5d0f4,ev_86fc944dbc7e,hm_7a9cff01f511,0.4545454680919647,False
0.01,0.0003,700,sol_f2796abd324c5ead,ev_87088251d6bb,hm_a0f8ed47a107,1.1923422813415527,False
0.1,0.0003,10,sol_24fc1e695b901bc8,ev_8742c483ef9f,hm_a0f8ed47a107,0.4545454680919647,False
0.01,0.0001,700,sol_1da0c905452bfe38,ev_875ac01e6c6b,hm_a00ad2a2c52a,0.45454472303390503,False
0.01,0.0007,200,sol_d3d6f1ec5ee6e93c,ev_875d8647b8ea,hm_b46918a75620,1.1922965049743652,False
0.05,0.0007,20,sol_514c0e2f6b540240,ev_876a56afe35d,hm_b46918a75620,0.4545454680919647,False
0.02,0.0001,400,sol_0b2cd0c9f9111ebe,ev_8776df8ebbac,hm_a00ad2a2c52a,0.4545425474643707,False
0.02,0.001,50,sol_d8c0c4ed9e311353,ev_8799a2d69628,hm_8de6b26636d5,0.4545454680919647,False
0.0,0.0005,100,sol_dd219d84b78e1c68,ev_879d60687c7d,hm_7a9cff01f511,0.4545454680919647,False
0.1,0.0001,10,sol_6d77a06823bed854,ev_87cff27e7a9c,hm_a00ad2a2c52a,0.4545454680919647,False
0.05,0.0001,400,sol_ab3ff50d80be377e,ev_87ee7396d478,hm_a00ad2a2c52a,0.4545454680919647,False
0.02,0.0003,400,sol_f83565776d23e69f,ev_880ea2f6e46f,hm_a0f8ed47a107,0.85542893409729,False
0.0,0.0007,20,sol_f005ff2907e6f81d,ev_88163d00784b,hm_b46918a75620,0.4545454680919647,False
0.0,0.0001,400,sol_0b8f19845492bc79,ev_8819793a7ec4,hm_a00ad2a2c52a,0.5669739246368408,False
0.0,0.0003,700,sol_f313eb9beee63099,ev_884b3471eef8,hm_a0f8ed47a107,0.9595451354980469,False
0.02,0.0005,50,sol_8956d6a2efeee25d,ev_88617d8d9c5f,hm_7a9cff01f511,0.4545454680919647,False
0.05,0.0005,200,sol_1c4e0d8cbc61b626,ev_886396cd291e,hm_7a9cff01f511,0.5669355988502502,False
0.0,0.0005,20,sol_b5a9c8a1acd8bf5f,ev_886cfea2e997,hm_7a9cff01f511,0.4545454680919647,False
0.01,0.0003,200,sol_ce6fe4efdfe79f76,ev_8871945e5247,hm_a0f8ed47a107,0.5669332146644592,False
0.02,0.0005,20,sol_27c90d10dabffea9,ev_887ea682d75e,hm_7a9cff01f511,0.4545454680919647,False
0.0,0.001,20,sol_6a472bd8237e28f8,ev_888f52f4cfdd,hm_8de6b26636d5,0.4545454680919647,False
0.1,0.0005,10,sol_43d20ddc0316a4b0,ev_88b4ff86b7ad,hm_7a9cff01f511,0.4545454680919647,False
0.0,0.0007,1000,sol_83f5c4d2ae0d4e7d,ev_88b9ca56f3fb,hm_b46918a75620,1.499788761138916,False
0.05,0.0001,10,sol_40ccd0bc938dda8f,ev_88c28fd5da18,hm_a00ad2a2c52a,0.4545454680919647,False
0.05,0.0001,200,sol_2e647895f8424e21,ev_88cd139212f8,hm_a00ad2a2c52a,0.4545454680919647,False
0.0,0.0001,50,sol_bf75f16e9a3d724c,ev_88e3f0ff926c,hm_a00ad2a2c52a,0.4545454680919647,False
0.1,0.0005,50,sol_78be3e9a7792fae4,ev_88f6ed644725,hm_7a9cff01f511,0.4545454680919647,False
0.05,0.0003,200,sol_18ba3c7bf5983348,ev_88fc695dcfc5,hm_a0f8ed47a107,0.4545454680919647,False
0.05,0.001,100,sol_580d18da67a694b3,ev_890938dccaf7,hm_8de6b26636d5,0.566972017288208,False
0.0,0.001,200,sol_2fe98a3d9fbad6d5,ev_890a8fb3d97d,hm_8de6b26636d5,0.6721500754356384,False
0.02,0.0003,50,sol_fd4474cc2d8800fe,ev_891be9c724f8,hm_a0f8ed47a107,0.4545454680919647,False
0.02,0.0001,10,sol_b565470bc5903f18,ev_8920b55367b9,hm_a00ad2a2c52a,0.4545454680919647,False
0.0,0.001,20,sol_1eb85edc6e69d1c2,ev_892d51eeed16,hm_8de6b26636d5,0.4545454680919647,False
0.01,0.0007,1000,sol_9299b285176feb4c,ev_893c910c067b,hm_b46918a75620,1.6636995077133179,False
0.05,0.001,200,sol_b427ff0afb10a69e,ev_893d3f85d6ee,hm_8de6b26636d5,0.6724233627319336,False
0.0,0.0007,200,sol_2e372c07833aa439,ev_894ae420216a,hm_b46918a75620,0.6851791143417358,False
0.05,0.0007,10,sol_d33845beb4cbe1ea,ev_894cc7041965,hm_b46918a75620,0.4545454680919647,False
0.05,0.0001,100,sol_04283d289fa6cdf1,ev_897529eaa848,hm_a00ad2a2c52a,0.4545454680919647,False
0.1,0.001,400,sol_d77110f3f8410fb9,ev_898cdcdef247,hm_8de6b26636d5,0.8713615536689758,False
0.1,0.0007,400,sol_836c43d9d497c9e6,ev_899b68d64ef2,hm_b46918a75620,0.7902839183807373,False
0.02,0.0005,20,sol_c5d947cd1f7bdf67,ev_89a5edf47d22,hm_7a9cff01f511,0.4545454680919647,False
0.0,0.0007,50,sol_83519f0d809f0955,ev_89b8b5af0fa6,hm_b46918a75620,0.4545454680919647,False
0.02,0.0005,200,sol_50b781eeedafd26f,ev_8a00e9e874fa,hm_7a9cff01f511,0.5998661518096924,False
0.05,0.0001,10,sol_a3cca8164c209409,ev_8a044e188453,hm_a00ad2a2c52a,0.4545454680919647,False
0.0,0.0003,700,sol_2bbcd1f2a1daca84,ev_8a19a5cb2fc5,hm_a0f8ed47a107,0.7605007886886597,False
0.01,0.001,1000,sol_595b75957c271cf5,ev_8a1a6d28a98d,hm_8de6b26636d5,3.249643087387085,False
0.02,0.0003,200,sol_5d26d26a19939153,ev_8a1ff648bf47,hm_a0f8ed47a107,0.6981649398803711,False
0.01,0.001,50,sol_57741d4fced46b69,ev_8a2371dfb253,hm_8de6b26636d5,0.4545454680919647,False
0.1,0.0001,1000,sol_38629d2e3a4f2fb3,ev_8a30666a5b11,hm_a00ad2a2c52a,0.566938579082489,False
0.0,0.0005,700,sol_a177d0f15f7e7d17,ev_8a43439a71d7,hm_7a9cff01f511,1.4351840019226074,False
0.01,0.0007,200,sol_96fc2b0c4635f843,ev_8a5292c98fb4,hm_b46918a75620,0.5669640302658081,False
0.05,0.0001,700,sol_4229533f27fed830,ev_8a5529931b55,hm_a00ad2a2c52a,0.45453914999961853,False
0.0,0.0007,10,sol_2539391afcf58494,ev_8a61eaf9812c,hm_b46918a75620,0.4545454680919647,False
0.0,0.0003,50,sol_33f9c2865cacd760,ev_8a690bc6413e,hm_a0f8ed47a107,0.4545454680919647,False
0.05,0.001,700,sol_309682d916ec4178,ev_8a6b295cae1d,hm_8de6b26636d5,1.718504786491394,False
0.05,0.0005,700,sol_57ce6a0ede979f1e,ev_8a6c21e64961,hm_7a9cff01f511,1.15342116355896,False
0.01,0.0001,50,sol_37eed196f38887e7,ev_8a70a44ec153,hm_a00ad2a2c52a,0.4545454680919647,False
0.01,0.0005,1000,sol_bdc4271218b1ad29,ev_8a773f4f5117,hm_7a9cff01f511,1.8690015077590942,False
0.0,0.001,20,sol_c2c9d9081e09b512,ev_8a8bc505971e,hm_8de6b26636d5,0.5670102834701538,False
0.0,0.0005,1000,sol_40165830e5047845,ev_8a9ed4d3bb66,hm_7a9cff01f511,1.4996291399002075,False
0.01,0.0007,20,sol_47fb7d1ee2f1ff7c,ev_8a9f1c8efea7,hm_b46918a75620,0.4545454680919647,False
0.1,0.001,1000,sol_a4e0426730778904,ev_8ab2cf1804c9,hm_8de6b26636d5,2.9929513931274414,False
0.02,0.0005,200,sol_ee3bce3a6b39a7ec,ev_8ac3647df8ff,hm_7a9cff01f511,0.4545454680919647,False
0.0,0.0005,200,sol_e61d892c66d50f28,ev_8acba70e275b,hm_7a9cff01f511,0.5669742822647095,False
0.02,0.0005,700,sol_804caf9c8e786ed5,ev_8ad9c736bbc1,hm_7a9cff01f511,0.7937943935394287,False
0.02,0.0001,1000,sol_36e1cb937b70c6aa,ev_8af74f84ac79,hm_a00ad2a2c52a,0.683820366859436,False
0.1,0.0001,1000,sol_ae613e6079f6305f,ev_8b27d197d30b,hm_a00ad2a2c52a,0.45452937483787537,False
0.1,0.0007,400,sol_32f160327ba274e8,ev_8b3d7d6b5e8e,hm_b46918a75620,1.0706595182418823,False
0.05,0.0007,200,sol_73bf5f1efa7d7e7b,ev_8b62c3327726,hm_b46918a75620,0.8903916478157043,False
0.05,0.0005,20,sol_c2629b5de0f23123,ev_8b63ef3adf3c,hm_7a9cff01f511,0.4545454680919647,False
0.1,0.0005,200,sol_e059ce8da3dd6d9d,ev_8b70fa601c7a,hm_7a9cff01f511,0.5669301748275757,False
0.1,0.0003,400,sol_b7a8c3bfa16c4766,ev_8b7348e18729,hm_a0f8ed47a107,0.5995665192604065,False
0.01,0.0007,10,sol_5fd0a73f89f432a5,ev_8b7c9798610c,hm_b46918a75620,0.4545454680919647,False
0.0,0.0003,50,sol_814c3c4c920f1dff,ev_8bc35603a4bb,hm_a0f8ed47a107,0.4545454680919647,False
0.0,0.0001,400,sol_a855a19b337f4456,ev_8bd7529b9446,hm_a00ad2a2c52a,0.4545454680919647,False
0.1,0.001,20,sol_9889b2305f1e12fe,ev_8bfce13e8769,hm_8de6b26636d5,0.4545454680919647,False
0.01,0.0003,50,sol_f2aee42ef7a2c896,ev_8c05e3c985a6,hm_a0f8ed47a107,0.4545454680919647,False
0.1,0.0001,1000,sol_f402bff27c6919e9,ev_8c1396160b37,hm_a00ad2a2c52a,0.650296688079834,False
0.05,0.0007,50,sol_252df4ec0ec59271,ev_8c1fc230de51,hm_b46918a75620,0.4545454680919647,False
0.05,0.0003,1000,sol_89f4d89eb91d9adc,ev_8c351c1ee421,hm_a0f8ed47a107,1.1922844648361206,False
0.05,0.0003,50,sol_73e8ab6f355d9bed,ev_8c3ff578134c,hm_a0f8ed47a107,0.4545454680919647,False
0.1,0.0005,20,sol_9a831209708467b7,ev_8c6923582906,hm_7a9cff01f511,0.4545454680919647,False
0.05,0.0005,1000,sol_68c997ef7f98ce44,ev_8c9c59eb8b47,hm_7a9cff01f511,0.9933795928955078,False
0.0,0.0001,200,sol_67e0a7db8fc52e16,ev_8ca587c1d22b,hm_a00ad2a2c52a,0.4545454680919647,False
0.1,0.001,20,sol_02341b1ecd5baa4d,ev_8ca9ff3c6042,hm_8de6b26636d5,0.4545454680919647,False
0.05,0.0007,100,sol_356d846a2c863240,ev_8cb5fe51b91a,hm_b46918a75620,0.4545454680919647,False
0.02,0.0007,20,sol_0119069df156cae6,ev_8cb690c344a9,hm_b46918a75620,0.4545454680919647,False
0.02,0.0007,400,sol_778cb32b5f588d29,ev_8cbed1ac570c,hm_b46918a75620,0.69769287109375,False
0.05,0.0005,50,sol_3ac8550318609fad,ev_8cda368ac12f,hm_7a9cff01f511,0.4545454680919647,False
0.05,0.0007,20,sol_2f2e8dbcea77e9cb,ev_8d0823948b75,hm_b46918a75620,0.4545454680919647,False
0.1,0.0007,20,sol_c1b05562e7c67e5a,ev_8d3447b6cda9,hm_b46918a75620,0.4545454680919647,False
0.02,0.0003,20,sol_229e276a895a7152,ev_8d34c3131a6f,hm_a0f8ed47a107,0.4545454680919647,False
0.0,0.0005,400,sol_46e22ef88d831ab5,ev_8d3a7b2963aa,hm_7a9cff01f511,0.6506848931312561,False
0.0,0.0001,10,sol_874fc1b056a02ef9,ev_8d55c23834e3,hm_a00ad2a2c52a,0.4545454680919647,False
0.0,0.0001,700,sol_e58727452c79f456,ev_8d5af771cb7d,hm_a00ad2a2c52a,0.6717831492424011,False
0.02,0.001,400,sol_5874951cda43f799,ev_8d5d04fb6944,hm_8de6b26636d5,0.9053317308425903,False
0.0,0.0003,20,sol_1f408d8b53db2bc2,ev_8d846d1c4e30,hm_a0f8ed47a107,0.4545454680919647,False
0.02,0.0005,50,sol_5b56930a1ee1d2c8,ev_8d8e68d5c252,hm_7a9cff01f511,0.4545454680919647,False
0.02,0.0001,200,sol_ec91247bf0d4227b,ev_8d9d8259eb6c,hm_a00ad2a2c52a,0.45454302430152893,False
0.01,0.0003,50,sol_75f3f14196f83f43,ev_8db25e58c4cf,hm_a0f8ed47a107,0.4545454680919647,False
0.0,0.001,100,sol_881d8b64808fb217,ev_8dbe6641d13e,hm_8de6b26636d5,0.637482225894928,False
0.0,0.0005,200,sol_88841f3fe30c45f1,ev_8dc30474b502,hm_7a9cff01f511,0.5669864416122437,False
0.01,0.001,100,sol_82ee4ebd5646d93d,ev_8dc481e020b6,hm_8de6b26636d5,0.5670021176338196,False
0.02,0.0007,10,sol_4202a48181b64344,ev_8dc88c183018,hm_b46918a75620,0.4545454680919647,False
0.02,0.0005,10,sol_d768ac501053441e,ev_8dc92f4e5225,hm_7a9cff01f511,0.4545454680919647,False
0.02,0.001,10,sol_1804d9182e6771ff,ev_8dd7492a1f20,hm_8de6b26636d5,0.4545454680919647,False
0.01,0.0003,700,sol_b6dc0a4b7149d81b,ev_8deb8cc098aa,hm_a0f8ed47a107,0.5994364023208618,False
0.05,0.0003,400,sol_9eed8950adc5c504,ev_8e0629bc80f3,hm_a0f8ed47a107,0.5669106841087341,False
0.05,0.0005,400,sol_b447dab1da7ab53d,ev_8e2908c8ad71,hm_7a9cff01f511,0.7341850399971008,False
0.01,0.001,10,sol_8159b00af97d1834,ev_8e2998592e43,hm_8de6b26636d5,0.4545454680919647,False
0.02,0.0005,1000,sol_0ae90cf9161e0e66,ev_8e3d34f64980,hm_7a9cff01f511,1.0925794839859009,False
0.02,0.0005,400,sol_c954e6f8eaa59847,ev_8e58aa9114ee,hm_7a9cff01f511,1.340198278427124,False
0.01,0.0005,20,sol_7b5fc5203d1a379a,ev_8e59db82c1a3,hm_7a9cff01f511,0.4545454680919647,False
0.05,0.0007,400,sol_177c4d5ffe2a9bb0,ev_8e623a605552,hm_b46918a75620,1.155677318572998,False
0.02,0.0007,100,sol_02b5e9d24c03c2de,ev_8e683be1ce93,hm_b46918a75620,0.4545454680919647,False
0.0,0.001,200,sol_8bd89d4d38f229f0,ev_8ea2239521f4,hm_8de6b26636d5,0.698301374912262,False
0.05,0.0003,700,sol_2a76952ebf954994,ev_8ea4e42d7962,hm_a0f8ed47a107,0.599052369594574,False
0.05,0.0007,1000,sol_64c505c5cd1eab37,ev_8ea8fc28af4a,hm_b46918a75620,1.1917914152145386,False
0.05,0.0001,10,sol_fd21ba6b22e72125,ev_8eaf2f4198b0,hm_a00ad2a2c52a,0.4545454680919647,False
0.02,0.0007,1000,sol_1d56787bbd08cb87,ev_8ec9f4401497,hm_b46918a75620,1.5209277868270874,False
0.05,0.001,1000,sol_2dbb22ae9262ad6e,ev_8ec9fe5cbef7,hm_8de6b26636d5,2.1896371841430664,False
0.01,0.0001,1000,sol_5dd8f314528bc9f7,ev_8f0a178061d7,hm_a00ad2a2c52a,0.5641193985939026,False
0.1,0.001,50,sol_ea79391740dfd8c3,ev_8f0b61c1137c,hm_8de6b26636d5,0.5669774413108826,False
0.02,0.001,100,sol_a470c4ac2219b2b9,ev_8f10e145090d,hm_8de6b26636d5,0.5669955611228943,False
0.0,0.0001,100,sol_9da21af68b7bbbc8,ev_8f30492cded6,hm_a00ad2a2c52a,0.4545454680919647,False
0.05,0.0005,50,sol_f5ad5cb969933ca8,ev_8f3a66c53094,hm_7a9cff01f511,0.4545454680919647,False
0.1,0.001,10,sol_5958f18e7458f0f3,ev_8f3b6402a088,hm_8de6b26636d5,0.4545454680919647,False
0.05,0.0003,100,sol_3be90e2a7522ed01,ev_8f60514aa22a,hm_a0f8ed47a107,0.4545454680919647,False
0.05,0.0003,10,sol_c0e86f2c75ecc2f3,ev_8f6660a1cd72,hm_a0f8ed47a107,0.4545454680919647,False
0.1,0.0005,20,sol_3f6ba8278f12535b,ev_8f69b02f1a30,hm_7a9cff01f511,0.4545454680919647,False
0.05,0.0003,1000,sol_67ab43f430ac6926,ev_8f6e023f5ee9,hm_a0f8ed47a107,1.1909751892089844,False
0.02,0.0003,400,sol_4527731db7eb2103,ev_8f900b2b5415,hm_a0f8ed47a107,0.6424254775047302,False
0.02,0.0007,50,sol_e6dff4d4e1433ce8,ev_8fd19c83f8f4,hm_b46918a75620,0.4545454680919647,False
0.02,0.0001,1000,sol_74782f414fb5774a,ev_8fea73c85bb4,hm_a00ad2a2c52a,0.8421147465705872,False
0.1,0.001,1000,sol_ab4d4fe699dd5a35,ev_8ff14e5226bb,hm_8de6b26636d5,2.1547529697418213,False
0.01,0.0007,1000,sol_c4b627ab3d0088bc,ev_8ff1c134c9a2,hm_b46918a75620,2.3569998741149902,False
0.02,0.001,1000,sol_17fa4d4e336f9926,ev_8ff68ba898af,hm_8de6b26636d5,2.5032663345336914,False
0.02,0.0003,700,sol_ad80516b7d0b001d,ev_900c930c4fb3,hm_a0f8ed47a107,0.840246319770813,False
0.1,0.0007,1000,sol_1addcfae8c407675,ev_9024591b2c21,hm_b46918a75620,1.499929428100586,False
0.0,0.0007,100,sol_ebdb92ea7ed9284e,ev_9029a3f38e9c,hm_b46918a75620,0.5669742822647095,False
0.05,0.001,700,sol_3f72a24dc0764395,ev_902a9782d1d5,hm_8de6b26636d5,1.7704124450683594,False
0.01,0.0003,20,sol_5fffe8b6529c697c,ev_902f2dc70723,hm_a0f8ed47a107,0.4545454680919647,False
0.02,0.0007,200,sol_dd8d9592d2d6e4f5,ev_9049ee17cd92,hm_b46918a75620,1.0935567617416382,False
0.01,0.0005,100,sol_a78c92fa6812c153,ev_90580637cc59,hm_7a9cff01f511,0.4545445740222931,False
0.1,0.0001,400,sol_b09226db0c885736,ev_9068d9479e91,hm_a00ad2a2c52a,0.5669008493423462,False
0.1,0.001,100,sol_3007957376cff098,ev_907381b48d5c,hm_8de6b26636d5,0.4545454680919647,False
0.02,0.0003,1000,sol_e5eb20aaa2addafd,ev_907502088444,hm_a0f8ed47a107,1.3909474611282349,False
0.1,0.0003,700,sol_3ade038cdf5901e0,ev_909e1322fc53,hm_a0f8ed47a107,0.5669358968734741,False
0.01,0.0001,20,sol_09fef5c8046f356a,ev_90ab6587f692,hm_a00ad2a2c52a,0.4545454680919647,False
0.01,0.0001,100,sol_cf35e0174bd2524f,ev_91122c44d325,hm_a00ad2a2c52a,0.4545454680919647,False
0.1,0.0007,200,sol_e130088dcfccf23f,ev_9116974dd76e,hm_b46918a75620,0.6374441981315613,False
0.02,0.0003,400,sol_ec2cc1f4209e9ac5,ev_915538ff8731,hm_a0f8ed47a107,0.5669147372245789,False
0.02,0.0007,10,sol_13c1d47b09a64606,ev_915ccb346012,hm_b46918a75620,0.4545454680919647,False
0.0,0.0007,20,sol_51b6f8abeee2e062,ev_916bf0cefab5,hm_b46918a75620,0.4545454680919647,False
0.01,0.0001,400,sol_be7b0dbe951f5898,ev_917355883db1,hm_a00ad2a2c52a,0.45454445481300354,False
0.02,0.0007,10,sol_284081d91755719a,ev_9178fd5fb63e,hm_b46918a75620,0.4545454680919647,False
0.01,0.0005,50,sol_56fba423b5a121f3,ev_9179359eb5c5,hm_7a9cff01f511,0.5669882297515869,False
0.02,0.0003,1000,sol_c8b5c749daffaaa6,ev_91795c017d27,hm_a0f8ed47a107,1.844030499458313,False
0.01,0.0001,700,sol_3b3e8512345a9d09,ev_91cad7bdf016,hm_a00ad2a2c52a,0.5669093132019043,False
0.05,0.001,400,sol_7e2775f2f5f2da69,ev_91d04b73618f,hm_8de6b26636d5,0.9593386054039001,False
0.05,0.0003,50,sol_de4c635ed0d05f24,ev_91d9d350d10f,hm_a0f8ed47a107,0.4545454680919647,False
0.1,0.0003,10,sol_81d404478b467b61,ev_91fcf5def040,hm_a0f8ed47a107,0.4545454680919647,False
0.1,0.0007,50,sol_658471114445edc4,ev_920e825b63c5,hm_b46918a75620,0.4545454680919647,False
0.02,0.001,400,sol_69f7ec9c4e283581,ev_922f16a3a64a,hm_8de6b26636d5,0.9594905376434326,False
0.01,0.0001,1000,sol_1ec9d0a62241083a,ev_9237febe5dc0,hm_a00ad2a2c52a,0.5641466975212097,False
0.01,0.001,20,sol_1ff1d5b18005554b,ev_923ccbd103b5,hm_8de6b26636d5,0.4545454680919647,False
0.0,0.0005,20,sol_35bd3cb99fba3c41,ev_923d77befe09,hm_7a9cff01f511,0.4545454680919647,False
0.0,0.001,10,sol_d7b1f3bbe467ebca,ev_9241aec3894f,hm_8de6b26636d5,0.4545454680919647,False
0.1,0.0007,400,sol_9b0a5df1cdd76f0c,ev_9259dc6b52e3,hm_b46918a75620,0.6841360926628113,False
0.0,0.0003,700,sol_85bb172fb0733f3e,ev_925a067a7a84,hm_a0f8ed47a107,0.5998678803443909,False
0.05,0.0003,10,sol_b08a62fa50d62f48,ev_9263985ee6da,hm_a0f8ed47a107,0.4545454680919647,False
0.0,0.001,50,sol_ef19c353f17fbe00,ev_927dda3f398f,hm_8de6b26636d5,0.5999542474746704,False
0.01,0.0007,400,sol_6e8a8cd472b6f28d,ev_928ef5a4a99b,hm_b46918a75620,1.4353002309799194,False
0.1,0.001,100,sol_c68fe6fcbf9e9130,ev_92933ca2ebe3,hm_8de6b26636d5,0.5669244527816772,False
0.01,0.0005,700,sol_b96494cd70469551,ev_92aadb0f9b73,hm_7a9cff01f511,1.0253384113311768,False
0.0,0.0003,400,sol_e20aeeb48f72383a,ev_92c5be6fcf8a,hm_a0f8ed47a107,0.9677245020866394,False
0.0,0.0003,20,sol_dc949c7ba8e32e36,ev_92e5470c6946,hm_a0f8ed47a107,0.4545454680919647,False
0.02,0.0001,1000,sol_478089030c6d73a9,ev_92fde5ae6594,hm_a00ad2a2c52a,0.8886398673057556,False
0.0,0.0005,200,sol_f77d473e4bcdcc01,ev_92ff94975522,hm_7a9cff01f511,0.4545454680919647,False
0.02,0.001,50,sol_93bef4329242d585,ev_931cc6534261,hm_8de6b26636d5,0.4545454680919647,False
0.02,0.0003,700,sol_7c50946ae2e6dbea,ev_931e3c2d412a,hm_a0f8ed47a107,0.9551596641540527,False
0.02,0.0007,10,sol_01bc18adc1341abc,ev_932321130f82,hm_b46918a75620,0.4545454680919647,False
0.05,0.001,400,sol_ff3ebc49f0656a4f,ev_934403f73635,hm_8de6b26636d5,1.0879195928573608,False
0.1,0.0001,100,sol_d009275149111b18,ev_9346d4d7a9bb,hm_a00ad2a2c52a,0.4545454680919647,False
0.02,0.0003,20,sol_a1f87d2474c75af7,ev_934d982879cc,hm_a0f8ed47a107,0.4545454680919647,False
0.1,0.0005,1000,sol_72b7b36c021c2b09,ev_93530167fc35,hm_7a9cff01f511,0.8332211375236511,False
0.1,0.0001,50,sol_549c426a3f16489d,ev_936dc252b8d1,hm_a00ad2a2c52a,0.4545454680919647,False
0.05,0.001,100,sol_fd83aca68882ecdc,ev_9376f9781abf,hm_8de6b26636d5,0.7304008603096008,False
0.05,0.0003,700,sol_73519c715cb6cc64,ev_938fcffad932,hm_a0f8ed47a107,1.1211193799972534,False
0.1,0.0005,10,sol_1aa46455f2d3110c,ev_93923bf5734e,hm_7a9cff01f511,0.4545454680919647,False
0.05,0.0003,100,sol_b230b11ffa4e73f8,ev_93aadab8e54f,hm_a0f8ed47a107,0.4545454680919647,False
0.01,0.0007,20,sol_600d477dbaa0971d,ev_93e75a7186fe,hm_b46918a75620,0.4545454680919647,False
0.02,0.0003,400,sol_1f82dd9731f8f25e,ev_93fd876027e8,hm_a0f8ed47a107,0.5669421553611755,False
0.0,0.0001,20,sol_0b5a11a18d041ac5,ev_93fe09e68d56,hm_a00ad2a2c52a,0.4545454680919647,False
0.02,0.001,50,sol_44012f4b6b4550cd,ev_941641120304,hm_8de6b26636d5,0.4545454680919647,False
0.05,0.0003,100,sol_6409606a399afe5d,ev_94404eba5fc4,hm_a0f8ed47a107,0.4545454680919647,False
0.02,0.0003,100,sol_b6f5e85650200a65,ev_944a2f697867,hm_a0f8ed47a107,0.4545454680919647,False
0.01,0.0005,200,sol_cb528193cbb1b316,ev_945b13583550,hm_7a9cff01f511,0.5998450517654419,False
0.05,0.001,10,sol_14055925326c19d1,ev_946c2d34a76c,hm_8de6b26636d5,0.4545454680919647,False
0.01,0.001,20,sol_80e45066092454bd,ev_947298507cff,hm_8de6b26636d5,0.4545454680919647,False
0.01,0.0003,100,sol_a3e3719324c39e74,ev_949b2df281a1,hm_a0f8ed47a107,0.4545454680919647,False
0.0,0.0007,700,sol_1bc0c1920835a890,ev_94a9a9ac9d0e,hm_b46918a75620,5.17367696762085,False
0.01,0.0007,50,sol_3664c6171bcb9a1d,ev_94bdd5294662,hm_b46918a75620,0.4545454680919647,False
0.02,0.001,1000,sol_e4caf5951bf7114c,ev_94be96f20309,hm_8de6b26636d5,1.9414108991622925,False
0.01,0.0003,20,sol_b9f95e0e13a1672e,ev_94c4cfd5a8b2,hm_a0f8ed47a107,0.4545454680919647,False
0.1,0.0003,200,sol_0c5bd5ed886275ea,ev_94dd00a5aa22,hm_a0f8ed47a107,0.4545454680919647,False
0.02,0.0007,200,sol_aae827d6acf18bfb,ev_94f410de522e,hm_b46918a75620,1.1688343286514282,False
0.02,0.001,200,sol_528ef4f1a0afb376,ev_9543c331f006,hm_8de6b26636d5,0.9617975950241089,False
0.01,0.001,200,sol_b012c974ecfd13a5,ev_95475b9f76db,hm_8de6b26636d5,1.3628944158554077,False
0.0,0.0005,200,sol_40e9b77786693273,ev_954e3685a976,hm_7a9cff01f511,0.5669726133346558,False
0.02,0.0005,400,sol_478774b2d3318bf6,ev_955f4666b42f,hm_7a9cff01f511,0.6290565729141235,False
0.01,0.0007,1000,sol_88b11f7a9309c684,ev_9563aee87548,hm_b46918a75620,1.529952049255371,False
0.02,0.0001,10,sol_b7796e4607ca979a,ev_95968f18e641,hm_a00ad2a2c52a,0.4545454680919647,False
0.02,0.001,10,sol_ba55272a105f06ac,ev_95a61ded6335,hm_8de6b26636d5,0.4545454680919647,False
0.05,0.0007,10,sol_b38381f059a7cf5c,ev_95f4d4fd14eb,hm_b46918a75620,0.4545454680919647,False
0.1,0.001,700,sol_8bd2d2e33a0399e9,ev_95fbebbe9714,hm_8de6b26636d5,1.027853012084961,False
0.0,0.0001,20,sol_0061bfea96212a57,ev_9612023c2233,hm_a00ad2a2c52a,0.4545454680919647,False
0.0,0.0001,200,sol_da8c4567bd1c0dc1,ev_9631bb117fa4,hm_a00ad2a2c52a,0.4545454680919647,False
0.05,0.0003,50,sol_258c437abc70539f,ev_9645a1da46f4,hm_a0f8ed47a107,0.4545454680919647,False
0.1,0.0001,200,sol_7fa7f5684f16b9ee,ev_964c56ede8b4,hm_a00ad2a2c52a,0.4545454680919647,False
0.01,0.0007,100,sol_17760d402c7ddaab,ev_96582a24a5be,hm_b46918a75620,0.4545454680919647,False
0.05,0.0005,1000,sol_7b0af505cbaf8978,ev_965b43b47ea5,hm_7a9cff01f511,4.44797945022583,False
0.05,0.0003,400,sol_ea78993aada4df3c,ev_966bc278b127,hm_a0f8ed47a107,0.5669108033180237,False
0.02,0.0003,1000,sol_e28153dc2f8f64aa,ev_96703b84e1c3,hm_a0f8ed47a107,1.4999793767929077,False
0.05,0.0005,200,sol_f8b59fe6adc69b4b,ev_96722974ae56,hm_7a9cff01f511,0.9597007036209106,False
0.05,0.0003,50,sol_69a2a8d33a2203dd,ev_967fd3c9023d,hm_a0f8ed47a107,0.4545454680919647,False
0.02,0.001,50,sol_6a3e502ed0ad3933,ev_96871dfdd47e,hm_8de6b26636d5,0.4545454680919647,False
0.01,0.0003,200,sol_be51035b976f4a2e,ev_9690b84592ea,hm_a0f8ed47a107,0.5669362545013428,False
0.01,0.0003,400,sol_9ad667bb964a93e5,ev_9698de2e613e,hm_a0f8ed47a107,0.8185172080993652,False
0.02,0.0005,50,sol_da87664ec3da92e8,ev_96a617b170dc,hm_7a9cff01f511,0.4545454680919647,False
0.05,0.0007,1000,sol_e6b9595e3b1bcc8f,ev_96ad6970fd78,hm_b46918a75620,1.210903525352478,False
0.02,0.001,200,sol_00ca99bf4e79b749,ev_96ad6f49733c,hm_8de6b26636d5,0.599798858165741,False
0.01,0.0001,700,sol_bfd14bbcf26d4cec,ev_96e29f09ea35,hm_a00ad2a2c52a,0.4545438289642334,False
0.05,0.0005,400,sol_3657c4350b26a9e4,ev_96fae54b53f8,hm_7a9cff01f511,0.5997817516326904,False
0.0,0.0001,1000,sol_9f6f31bc9c034563,ev_96fafc545528,hm_a00ad2a2c52a,1.1539121866226196,False
0.1,0.0007,1000,sol_64c8d54d30486880,ev_96fb3ae3e904,hm_b46918a75620,2.5952930450439453,False
0.1,0.0003,200,sol_466cd81617d3a994,ev_96fe7baded6f,hm_a0f8ed47a107,0.4545454680919647,False
0.02,0.0005,50,sol_eee82733995c29d9,ev_9706c3b37184,hm_7a9cff01f511,0.4545454680919647,False
0.05,0.0005,50,sol_6077ea4558c8af6c,ev_9712667f49d7,hm_7a9cff01f511,0.4545454680919647,False
0.02,0.0003,50,sol_11504c5b905b5bfb,ev_9715de822816,hm_a0f8ed47a107,0.4545454680919647,False
0.1,0.0007,100,sol_db61c1822109fb5e,ev_97317b1c27af,hm_b46918a75620,0.4545454680919647,False
0.01,0.001,20,sol_4972cb3069892e1d,ev_973faab46f17,hm_8de6b26636d5,0.4545454680919647,False
0.05,0.0003,1000,sol_09da0a1e3d66d8dc,ev_97470b4ee381,hm_a0f8ed47a107,0.5994777679443359,False
0.02,0.0003,700,sol_a2ab3b8fbc3835c1,ev_97474af1a2cc,hm_a0f8ed47a107,0.8720253109931946,False
0.1,0.0003,700,sol_fe18b0d1a43e93ab,ev_975ce7cdf03c,hm_a0f8ed47a107,0.5669214725494385,False
0.1,0.0001,10,sol_8e43e349df0f0a28,ev_976d2b3aa1ea,hm_a00ad2a2c52a,0.4545454680919647,False
0.1,0.0007,700,sol_294a21954392e949,ev_97857b2dbb48,hm_b46918a75620,0.8910292387008667,False
0.1,0.001,700,sol_d9dec330093a8f2e,ev_97945d879676,hm_8de6b26636d5,1.0713956356048584,False
0.05,0.0003,10,sol_48508d0b91b5108c,ev_97c73bb21921,hm_a0f8ed47a107,0.4545454680919647,False
0.1,0.0003,50,sol_773256b76cb64a49,ev_97ef56e18caf,hm_a0f8ed47a107,0.4545454680919647,False
0.02,0.0007,700,sol_5b0425e922801280,ev_97ef8ffc2646,hm_b46918a75620,5.082294464111328,False
0.02,0.0005,400,sol_536834f954833316,ev_9806edfd68d5,hm_7a9cff01f511,0.684768795967102,False
0.01,0.0001,1000,sol_98846234d5edae9a,ev_9818540e1265,hm_a00ad2a2c52a,0.5641769766807556,False
0.02,0.0007,50,sol_0e12467488a15251,ev_981ead2e0098,hm_b46918a75620,0.4545454680919647,False
0.01,0.0007,50,sol_df333063331f4bca,ev_9836cdd55a17,hm_b46918a75620,0.4545454680919647,False
0.05,0.001,400,sol_bde1926f133f7c5c,ev_98415b1bb2e8,hm_8de6b26636d5,1.391857624053955,False
0.05,0.0005,20,sol_698c4d5b29565886,ev_98485274984d,hm_7a9cff01f511,0.4545454680919647,False
0.1,0.0001,400,sol_66dfd52913ba1f34,ev_98a72dbb42fa,hm_a00ad2a2c52a,0.4545454680919647,False
0.0,0.0005,700,sol_69839edfd7135a6c,ev_98bbce235d0e,hm_7a9cff01f511,0.7607239484786987,False
0.01,0.0001,400,sol_9101b22a552c337b,ev_98d217edd5f2,hm_a00ad2a2c52a,0.45454370975494385,False
0.05,0.0001,700,sol_a7435769b96fd5e0,ev_98e2b35550b3,hm_a00ad2a2c52a,0.45453712344169617,False
0.05,0.001,700,sol_fad6ca445bbe5926,ev_990b435985b7,hm_8de6b26636d5,1.423143744468689,False
0.1,0.0005,50,sol_cd8be30751878eed,ev_9920f38469c4,hm_7a9cff01f511,0.4545454680919647,False
0.01,0.0003,700,sol_710530a1e462d823,ev_992243c3d6bf,hm_a0f8ed47a107,1.045718789100647,False
0.05,0.001,200,sol_c32795da9c6c1ca0,ev_99350cffb708,hm_8de6b26636d5,0.6356180310249329,False
0.01,0.0003,100,sol_f0a6865ba405aa33,ev_9936f7787336,hm_a0f8ed47a107,0.4545454680919647,False
0.1,0.001,20,sol_64995063023013da,ev_994ced9ff50e,hm_8de6b26636d5,0.4545454680919647,False
0.05,0.0007,1000,sol_badeffa1e5ce0fc9,ev_995d5ef0ffb3,hm_b46918a75620,1.2478642463684082,False
0.02,0.0007,200,sol_788e90de130a421b,ev_998456b1cdbe,hm_b46918a75620,0.5669069886207581,False
0.02,0.001,20,sol_e4306404b12eb907,ev_998ec6c12edf,hm_8de6b26636d5,0.4545454680919647,False
0.1,0.0007,10,sol_8ea5e79b5a74c600,ev_9993b37a0f0d,hm_b46918a75620,0.4545454680919647,False
0.02,0.0003,10,sol_3c694f075b9ab50d,ev_9997f08e1d0b,hm_a0f8ed47a107,0.4545454680919647,False
0.01,0.0001,50,sol_ca2d2bb0ff4ef948,ev_99c707d066c2,hm_a00ad2a2c52a,0.4545454680919647,False
0.01,0.0005,20,sol_e9817c6c4381eab5,ev_99f16d7fb288,hm_7a9cff01f511,0.4545454680919647,False
0.1,0.0003,400,sol_5784c5153bbe00b8,ev_99f7691fa1a7,hm_a0f8ed47a107,0.566912055015564,False
0.05,0.001,50,sol_144cfe772cea6e31,ev_99f8b81dfa94,hm_8de6b26636d5,0.5669877529144287,False
0.0,0.0005,50,sol_758b9c4b1a291b51,ev_9a00494e3c85,hm_7a9cff01f511,0.4545454680919647,False
0.01,0.001,10,sol_58dae051951c2ab2,ev_9a033cd0ad28,hm_8de6b26636d5,0.4545454680919647,False
0.01,0.001,400,sol_823ba95999da80b9,ev_9a046053762e,hm_8de6b26636d5,1.1418215036392212,False
0.05,0.0007,700,sol_96a59587974211df,ev_9a314c3e523b,hm_b46918a75620,1.1886459589004517,False
0.01,0.0005,10,sol_3b1c4b257ad85159,ev_9a46c4c61bad,hm_7a9cff01f511,0.4545454680919647,False
0.05,0.0005,400,sol_391949c2f778ebd0,ev_9a4e0f0f0089,hm_7a9cff01f511,0.7342709898948669,False
0.05,0.0003,50,sol_6c2b14d280bfff8b,ev_9a4e5ee6cae5,hm_a0f8ed47a107,0.4545454680919647,False
0.01,0.001,200,sol_f4c66116673026ce,ev_9a60ce89ca64,hm_8de6b26636d5,1.0948600769042969,False
0.01,0.001,10,sol_3770d71cf8a96ef8,ev_9a61ebc6247f,hm_8de6b26636d5,0.4545454680919647,False
0.05,0.0001,1000,sol_fd5f409b5dd9d255,ev_9a66f1e10913,hm_a00ad2a2c52a,1.5000232458114624,False
0.02,0.0001,100,sol_c028f11851d718ed,ev_9a6b332e55f6,hm_a00ad2a2c52a,0.4545454680919647,False
0.05,0.0007,50,sol_76da3748422370d9,ev_9a7a26096204,hm_b46918a75620,0.5669801235198975,False
0.01,0.0001,1000,sol_27020a3576a61a90,ev_9a8148120206,hm_a00ad2a2c52a,0.5997701287269592,False
0.05,0.001,10,sol_9c1d82ef7b3fc1f7,ev_9a96df937022,hm_8de6b26636d5,0.4545454680919647,False
0.1,0.0001,100,sol_8c677d6293c47405,ev_9aaa499bd21e,hm_a00ad2a2c52a,0.4545454680919647,False
0.01,0.001,200,sol_f841e1df2fdc3959,ev_9ac35c209bb9,hm_8de6b26636d5,0.566997766494751,False
0.02,0.0003,50,sol_db46231ffa637d87,ev_9ad95a99487e,hm_a0f8ed47a107,0.5383321046829224,False
0.05,0.0007,10,sol_835576f60022fd25,ev_9b13785f1e7b,hm_b46918a75620,0.4545454680919647,False
0.02,0.0001,1000,sol_85b44b3943bb3ce7,ev_9b1d1350c7ec,hm_a00ad2a2c52a,0.9392238259315491,False
0.0,0.0003,1000,sol_19f51e1094e5a88d,ev_9b2d9a63206c,hm_a0f8ed47a107,1.221336841583252,False
0.01,0.0003,1000,sol_e318e95942bb4940,ev_9b3f1dc23574,hm_a0f8ed47a107,1.2037246227264404,False
0.01,0.001,20,sol_05fe30f1d3ca97f9,ev_9b46aee677d1,hm_8de6b26636d5,0.4545454680919647,False
0.01,0.0003,400,sol_99ff92f0e447ce09,ev_9b4b603e23fa,hm_a0f8ed47a107,0.5669398307800293,False
0.1,0.0007,700,sol_f312257a885c5a4a,ev_9b4f7b80887d,hm_b46918a75620,1.4999864101409912,False
0.1,0.0007,100,sol_baf9468be9380745,ev_9b5c86080145,hm_b46918a75620,0.5669631958007812,False
0.05,0.001,50,sol_bb2a40fd305dc5a3,ev_9b64c3c6f0e8,hm_8de6b26636d5,0.4545454680919647,False
0.01,0.0001,100,sol_0b0f460640a04ae2,ev_9b88e916104f,hm_a00ad2a2c52a,0.4545454680919647,False
0.01,0.0003,700,sol_acaa7e2f0a2b4b3c,ev_9b8b03609f85,hm_a0f8ed47a107,0.5995067358016968,False
0.01,0.0001,200,sol_2f456bc2a31677cd,ev_9bafc0160e87,hm_a00ad2a2c52a,0.4545437693595886,False
0.0,0.0005,10,sol_cad63045c602e1b8,ev_9bcf45d4d18e,hm_7a9cff01f511,0.4545454680919647,False
0.01,0.001,1000,sol_2eec609520ed1d3b,ev_9bd9505703ac,hm_8de6b26636d5,4.147147178649902,False
0.05,0.0003,50,sol_832e513b484f7169,ev_9bf812455313,hm_a0f8ed47a107,0.4545454680919647,False
0.1,0.0005,400,sol_3021387df5def9e3,ev_9bfd9ba6c2ba,hm_7a9cff01f511,0.7435933947563171,False
0.0,0.0007,10,sol_8175646460abe5e1,ev_9c3201e47cc9,hm_b46918a75620,0.4545454680919647,False
0.02,0.0007,1000,sol_94c9d23b6cb4df59,ev_9c3ce3850415,hm_b46918a75620,1.4999181032180786,False
0.02,0.0007,400,sol_eb49e1a8b7f18f48,ev_9c40ffcfa91c,hm_b46918a75620,1.1210143566131592,False
0.1,0.0001,1000,sol_aa405a81e373410d,ev_9c68d6594ac8,hm_a00ad2a2c52a,0.6276989579200745,False
0.01,0.0001,100,sol_334300d8d3c13268,ev_9c89960572f0,hm_a00ad2a2c52a,0.4545454680919647,False
0.05,0.001,200,sol_a599c8d3348715c6,ev_9c8bf9135f80,hm_8de6b26636d5,1.2814191579818726,False
0.01,0.0001,50,sol_3e41d61712680a42,ev_9c8ddb79c6d5,hm_a00ad2a2c52a,0.4545454680919647,False
0.0,0.0005,50,sol_8cac8e9a98f7a8ac,ev_9c8fd3371079,hm_7a9cff01f511,0.4545454680919647,False
0.01,0.0007,1000,sol_240e5b37d368b400,ev_9c93ef8ce760,hm_b46918a75620,1.1973387002944946,False
0.01,0.0007,20,sol_3cc82297c8777997,ev_9ccf5c033d00,hm_b46918a75620,0.4545454680919647,False
0.02,0.0001,50,sol_a6505f77e7098210,ev_9cdd5c788ac8,hm_a00ad2a2c52a,0.4545454680919647,False
0.1,0.0001,200,sol_08febf26091ec0dd,ev_9ce9bf7587f1,hm_a00ad2a2c52a,0.4545454680919647,False
0.05,0.0003,20,sol_f4794f3870754f88,ev_9cff9c269135,hm_a0f8ed47a107,0.4545454680919647,False
0.02,0.0001,400,sol_66f8aabae738c5d0,ev_9d06b828eb45,hm_a00ad2a2c52a,0.4545435607433319,False
0.01,0.0001,1000,sol_3f493dd7a3bd9546,ev_9d080487fa9e,hm_a00ad2a2c52a,0.4545440673828125,False
0.05,0.001,10,sol_4f3e0e70e9b7d922,ev_9d0e34a51738,hm_8de6b26636d5,0.4545454680919647,False
0.05,0.0005,50,sol_3c17e59da425635e,ev_9d5924eb14cf,hm_7a9cff01f511,0.4545454680919647,False
0.1,0.0007,1000,sol_26df6a558c492c1d,ev_9d771e7d8902,hm_b46918a75620,1.4998043775558472,False
0.0,0.0005,100,sol_e4834f04cabf9b1d,ev_9d83d198d13c,hm_7a9cff01f511,0.4545454680919647,False
0.0,0.001,50,sol_b2959ef0a67a6367,ev_9da2804f56f4,hm_8de6b26636d5,0.5669789910316467,False
0.0,0.0003,50,sol_5e6335623da1b48f,ev_9da9ff5f9696,hm_a0f8ed47a107,0.4545454680919647,False
0.01,0.0007,10,sol_d2e2024b9fe42e83,ev_9dd429fe58bc,hm_b46918a75620,0.5670102834701538,False
0.02,0.0005,700,sol_5ca56744f0102d83,ev_9dffd56bafb8,hm_7a9cff01f511,1.1409605741500854,False
0.1,0.001,200,sol_867be77be173d14e,ev_9e0333abc2a3,hm_8de6b26636d5,0.7379227876663208,False
0.01,0.0005,50,sol_a239b557eeff5e91,ev_9e1e9291f73f,hm_7a9cff01f511,0.4545454680919647,False
0.0,0.0001,200,sol_a974725abbd4da74,ev_9e2dce60dff1,hm_a00ad2a2c52a,0.4545454680919647,False
0.01,0.0001,20,sol_7fe4526c9bded617,ev_9e308548bc64,hm_a00ad2a2c52a,0.4545454680919647,False
0.1,0.0007,200,sol_f97e9bce8b6f4811,ev_9e3e7723c042,hm_b46918a75620,0.5668822526931763,False
0.05,0.0001,200,sol_90194b75302d8986,ev_9e5a912e1961,hm_a00ad2a2c52a,0.4545454680919647,False
0.05,0.0003,700,sol_0d060914d757b7d3,ev_9e6e89d7defa,hm_a0f8ed47a107,0.5995064973831177,False
0.1,0.0001,1000,sol_84b5ce492b57f353,ev_9e956b2269ae,hm_a00ad2a2c52a,0.5670116543769836,False
0.0,0.0001,200,sol_a8f8973bdac7e042,ev_9ebaaeb7f8f1,hm_a00ad2a2c52a,0.4545454680919647,False
0.0,0.0003,10,sol_f1d5d242f69e26a4,ev_9ec547288502,hm_a0f8ed47a107,0.4545454680919647,False
0.1,0.001,10,sol_7da594861363ace8,ev_9ecdf1108ed6,hm_8de6b26636d5,0.4545454680919647,False
0.01,0.0007,200,sol_0ba771ea4c353449,ev_9ee972736262,hm_b46918a75620,0.7303088307380676,False
0.1,0.0001,1000,sol_da8550dc1ab872a3,ev_9ef5eb13be73,hm_a00ad2a2c52a,0.5669430494308472,False
0.01,0.001,20,sol_8f92e89750c73e29,ev_9efbde25cb2a,hm_8de6b26636d5,0.4545454680919647,False
0.1,0.001,100,sol_edf57cef4b50226e,ev_9f14645dc37a,hm_8de6b26636d5,0.5998916029930115,False
0.1,0.0005,200,sol_33370c09777e1e43,ev_9f2f9678adf4,hm_7a9cff01f511,0.566874086856842,False
0.02,0.001,400,sol_8b27fa8000d6376b,ev_9f31ce212f00,hm_8de6b26636d5,2.478513240814209,False
0.05,0.0003,400,sol_f756910beaa121bd,ev_9f3804000ed3,hm_a0f8ed47a107,0.5669061541557312,False
0.05,0.001,200,sol_3727ea8d72f4f39a,ev_9f4224fb621c,hm_8de6b26636d5,0.6980345845222473,False
0.1,0.0007,100,sol_4d0a0a6d93cd13bd,ev_9f70692d9cbb,hm_b46918a75620,0.5669613480567932,False
0.0,0.0003,1000,sol_d65fda3584a26dc5,ev_9f7a6ddbbf19,hm_a0f8ed47a107,1.2456120252609253,False
0.02,0.0005,50,sol_208139320ea41129,ev_9f84b2e1ba1e,hm_7a9cff01f511,0.4545454680919647,False
0.05,0.0003,100,sol_fa888742847ed55b,ev_9f8c8d589f2f,hm_a0f8ed47a107,0.6833651661872864,False
0.02,0.0005,400,sol_ac80ffcd94898082,ev_9f92dcfe106c,hm_7a9cff01f511,0.566931962966919,False
0.1,0.001,400,sol_c0f1f70bc5c189b0,ev_9fb0a92ad095,hm_8de6b26636d5,0.8591430187225342,False
0.05,0.0005,700,sol_352f46ce716e484d,ev_9fd787f0593f,hm_7a9cff01f511,0.8050642609596252,False
0.02,0.0003,50,sol_c3b672991f414364,ev_9fdede43ac45,hm_a0f8ed47a107,0.4545454680919647,False
0.0,0.0005,1000,sol_7191734d8edfa7b6,ev_9fe54d01a9d4,hm_7a9cff01f511,1.4999855756759644,False
0.05,0.0007,50,sol_b1747ebfd4bbe12a,ev_9fea89fb03d8,hm_b46918a75620,0.4545454680919647,False
0.01,0.001,100,sol_895149ca350d4d0a,ev_9ff74b0748e5,hm_8de6b26636d5,0.5669909119606018,False
0.1,0.0001,400,sol_56869edd21187af6,ev_a019fab353d9,hm_a00ad2a2c52a,0.5669010877609253,False
0.0,0.0007,400,sol_ac7a21f9a89fda19,ev_a050601c92e6,hm_b46918a75620,0.5997841358184814,False
0.0,0.0007,10,sol_c3aaa837772a89d3,ev_a0654fa3471c,hm_b46918a75620,0.4545454680919647,False
0.02,0.0007,700,sol_e4f81dc39505c504,ev_a065f12e7090,hm_b46918a75620,3.936647891998291,False
0.01,0.0007,10,sol_9cc114e3df4c888b,ev_a078e4c90e09,hm_b46918a75620,0.4545454680919647,False
0.01,0.0005,50,sol_48a8331ce7da7588,ev_a079c2798d45,hm_7a9cff01f511,0.4545454680919647,False
0.01,0.001,200,sol_0b4a76e4e009792a,ev_a07c912fb581,hm_8de6b26636d5,0.6661550998687744,False
0.1,0.0001,700,sol_6935a237cfa77eec,ev_a09ef3635392,hm_a00ad2a2c52a,0.5669806599617004,False
0.02,0.001,100,sol_3304f3a754bfd775,ev_a0b4b6317f3e,hm_8de6b26636d5,0.5669510960578918,False
0.02,0.001,20,sol_cc624979440c6389,ev_a0c86935de88,hm_8de6b26636d5,0.5670102834701538,False
0.0,0.0007,700,sol_5607c478ab815df1,ev_a0ceaec41b5d,hm_b46918a75620,1.0527229309082031,False
0.1,0.0007,20,sol_b55bf42bd279dce0,ev_a0cf9883a36d,hm_b46918a75620,0.4545454680919647,False
0.02,0.0003,400,sol_76b3392ba67ebb02,ev_a0d4be80f952,hm_a0f8ed47a107,0.5669271945953369,False
0.05,0.0005,100,sol_7e5ef7cc7798ae4e,ev_a0d6d2838946,hm_7a9cff01f511,0.4545454680919647,False
0.05,0.0005,200,sol_b41049933a6e4cac,ev_a0dad311ac55,hm_7a9cff01f511,0.6981037259101868,False
0.1,0.0003,400,sol_17497956844fd6c3,ev_a0e354a62c1e,hm_a0f8ed47a107,1.192325472831726,False
0.0,0.0007,400,sol_5543517aec73600f,ev_a0e9e7f3936e,hm_b46918a75620,1.4997926950454712,False
0.1,0.0001,700,sol_7ef89eb7001ec5de,ev_a10f224525e9,hm_a00ad2a2c52a,0.4545454680919647,False
0.1,0.0003,200,sol_973b821d39a9001e,ev_a11b635acab9,hm_a0f8ed47a107,0.4545454680919647,False
0.02,0.0005,200,sol_1d9738b44564a912,ev_a121a67cf6ed,hm_7a9cff01f511,0.6387465596199036,False
0.02,0.001,1000,sol_bf5fef25acd865bd,ev_a126ca60887b,hm_8de6b26636d5,2.4693470001220703,False
0.02,0.0003,1000,sol_2cb1e10302628b09,ev_a135c1aac6ba,hm_a0f8ed47a107,0.6718125939369202,False
0.0,0.001,100,sol_d5361779a696cec2,ev_a136843b1c3d,hm_8de6b26636d5,0.5669752359390259,False
0.02,0.0001,100,sol_6d315b23b69904fd,ev_a13d95b8e5d9,hm_a00ad2a2c52a,0.4545454680919647,False
0.02,0.0005,400,sol_a501400e32dc8af5,ev_a14749f98bbd,hm_7a9cff01f511,1.0533307790756226,False
0.1,0.0003,200,sol_db714579cb2dfaa4,ev_a172752c9e62,hm_a0f8ed47a107,0.4545454680919647,False
0.1,0.0001,200,sol_c19d29de72eef5b3,ev_a187af35af87,hm_a00ad2a2c52a,0.4545454680919647,False
0.05,0.0001,20,sol_5664159b4ef959dd,ev_a18b2a163970,hm_a00ad2a2c52a,0.4545454680919647,False
0.0,0.001,700,sol_0c31a7c6aa350ca2,ev_a18d49a7bce2,hm_8de6b26636d5,2.346619129180908,False
0.01,0.0001,10,sol_11b261ad85c766c4,ev_a190a1eb226f,hm_a00ad2a2c52a,0.4545454680919647,False
0.05,0.0001,700,sol_7b844e12b07ea098,ev_a1a96564c4ef,hm_a00ad2a2c52a,0.5669006109237671,False
0.01,0.0005,100,sol_91b044658fa22c46,ev_a1ae07da315b,hm_7a9cff01f511,0.4545454680919647,False
0.01,0.0005,50,sol_7f5d7110d09d4661,ev_a1b62bbb7a1c,hm_7a9cff01f511,0.4545454680919647,False
0.02,0.0003,1000,sol_43e138ad93534364,ev_a1c8396e7317,hm_a0f8ed47a107,0.5991986393928528,False
0.1,0.0007,20,sol_bc4f4ef98030e74a,ev_a1dcdb8f3098,hm_b46918a75620,0.4545454680919647,False
0.1,0.001,400,sol_53887dda56bb4abd,ev_a1e4799e2cc7,hm_8de6b26636d5,0.7939296364784241,False
0.1,0.0005,1000,sol_b908f3dd810d0339,ev_a1e7adfb0984,hm_7a9cff01f511,1.1418448686599731,False
0.0,0.001,700,sol_bdc0635c5de28798,ev_a1e8f7ccce40,hm_8de6b26636d5,1.8073697090148926,False
0.0,0.0007,100,sol_6184e60860d3f984,ev_a1eeb8b1238f,hm_b46918a75620,0.5669771432876587,False
0.02,0.0007,100,sol_fc9b225c92b60b4d,ev_a2034df0e1e0,hm_b46918a75620,0.5669591426849365,False
0.02,0.0003,700,sol_c0d8d03c05cce2cf,ev_a21d9ab90eca,hm_a0f8ed47a107,0.7370109558105469,False
0.02,0.0005,20,sol_74287fb4aca1afd7,ev_a22c9beea852,hm_7a9cff01f511,0.4545454680919647,False
0.02,0.0007,10,sol_e424e8467ecca947,ev_a22eb2077fa2,hm_b46918a75620,0.4545454680919647,False
0.0,0.0001,100,sol_338158da4323d356,ev_a22f39fc4fbb,hm_a00ad2a2c52a,0.4545454680919647,False
0.02,0.001,10,sol_3af6f9cb47e56b72,ev_a232f976edd1,hm_8de6b26636d5,0.4545454680919647,False
0.02,0.0003,400,sol_2a4cfed37afb8025,ev_a2339cab1b1e,hm_a0f8ed47a107,0.5668997764587402,False
0.02,0.001,100,sol_ff113e461e3f4838,ev_a236148388bc,hm_8de6b26636d5,0.7608713507652283,False
0.02,0.0001,200,sol_d560646849ec04de,ev_a243f23b43af,hm_a00ad2a2c52a,0.4545438885688782,False
0.02,0.001,700,sol_9070ef3a8fa58574,ev_a249b0913796,hm_8de6b26636d5,1.1417090892791748,False
0.01,0.0007,1000,sol_cb7a726b15f8eed9,ev_a24f65947b73,hm_b46918a75620,16.05437469482422,False
0.01,0.0005,700,sol_9676c535f5e74288,ev_a253015229ae,hm_7a9cff01f511,0.7597192525863647,False
0.0,0.0007,200,sol_60d429cab1925de0,ev_a2567e8b6a57,hm_b46918a75620,0.5745178461074829,False
0.02,0.0001,10,sol_01c97f7dd2b2a30f,ev_a25ccae8c9ea,hm_a00ad2a2c52a,0.4545454680919647,False
0.0,0.0005,50,sol_83754b99b0b38760,ev_a28ee93e91a0,hm_7a9cff01f511,0.4545454680919647,False
0.05,0.0001,20,sol_c3582c0962d13914,ev_a29bc1d94343,hm_a00ad2a2c52a,0.4545454680919647,False
0.0,0.001,100,sol_beca85e100284b23,ev_a2c6ea8b9842,hm_8de6b26636d5,0.9596568942070007,False
0.01,0.0005,50,sol_01790faa53b1ce66,ev_a2d8a424dc1f,hm_7a9cff01f511,0.5745829939842224,False
0.0,0.001,20,sol_735b21a60a9d45ec,ev_a2e9a89a5fd7,hm_8de6b26636d5,0.4545454680919647,False
0.02,0.0001,1000,sol_121da191ad0e33c3,ev_a2ea9f01a9c5,hm_a00ad2a2c52a,0.566908597946167,False
0.1,0.0007,100,sol_1892db2472208f40,ev_a3138a1d61ce,hm_b46918a75620,0.4545454680919647,False
0.0,0.0007,100,sol_d4f0e71a85950e22,ev_a32a599afd66,hm_b46918a75620,0.5669743418693542,False
0.05,0.001,10,sol_8886a3870c550d0e,ev_a342cdfb5ccc,hm_8de6b26636d5,0.4545454680919647,False
0.02,0.0007,20,sol_0244de96033cafe1,ev_a35342f68396,hm_b46918a75620,0.4545454680919647,False
0.0,0.0005,100,sol_d3a05b11ba73ddf0,ev_a359cf9812b5,hm_7a9cff01f511,1.258220911026001,False
0.1,0.0005,700,sol_4bf61d3cfb68c0fe,ev_a3e10f8035df,hm_7a9cff01f511,0.890392005443573,False
0.05,0.0007,200,sol_b2da320814b3c09d,ev_a3f8c1fe3df0,hm_b46918a75620,0.5669580698013306,False
0.1,0.0007,100,sol_fb3fb5dc8a149d25,ev_a3fb55d50766,hm_b46918a75620,0.4545454680919647,False
0.01,0.0005,1000,sol_3af3ff4b28464a0d,ev_a3fd34bbeaee,hm_7a9cff01f511,1.8085525035858154,False
0.02,0.0001,100,sol_4cd3e96de991bfb6,ev_a40b6d0103c6,hm_a00ad2a2c52a,0.4545454680919647,False
0.02,0.001,20,sol_4db53f4067352464,ev_a419628ba802,hm_8de6b26636d5,0.4545454680919647,False
0.0,0.001,200,sol_959fd2fa0570cc56,ev_a439b40ae667,hm_8de6b26636d5,0.8553345203399658,False
0.0,0.0003,10,sol_f18876c67d52aa09,ev_a469caeb6b26,hm_a0f8ed47a107,0.4545454680919647,False
0.05,0.001,200,sol_49f7fa15c48818ba,ev_a46f123a4bd5,hm_8de6b26636d5,0.5669806599617004,False
0.05,0.0003,1000,sol_8b0e80c663f55a10,ev_a46f5e74dd16,hm_a0f8ed47a107,0.6718479990959167,False
0.02,0.0003,700,sol_03d9da26a36858b6,ev_a47a7404a1be,hm_a0f8ed47a107,0.830388069152832,False
0.1,0.0003,1000,sol_6bc16ad78befa6ca,ev_a4959ab68839,hm_a0f8ed47a107,0.5992043614387512,False
0.1,0.0003,400,sol_86ef763baa85a7cd,ev_a4aebab17458,hm_a0f8ed47a107,0.4545454680919647,False
0.02,0.0005,50,sol_47a257892a385f55,ev_a4ba36092dab,hm_7a9cff01f511,0.4545454680919647,False
0.02,0.0001,50,sol_423b207201228bb9,ev_a4dbc1484767,hm_a00ad2a2c52a,0.4545454680919647,False
0.1,0.001,200,sol_9f59e5ca45cfa477,ev_a4f2471c025a,hm_8de6b26636d5,0.951840877532959,False
0.02,0.0003,10,sol_97609095fe85cc03,ev_a50a01395a70,hm_a0f8ed47a107,0.4545454680919647,False
0.01,0.0005,50,sol_80a50f3d0bc72c3b,ev_a52d5e9a9d1c,hm_7a9cff01f511,0.4545454680919647,False
0.01,0.0001,50,sol_e580a56aebdc0df1,ev_a541d0b2b128,hm_a00ad2a2c52a,0.4545454680919647,False
0.05,0.0003,20,sol_4a9914600c850073,ev_a54ad30c578a,hm_a0f8ed47a107,0.4545454680919647,False
0.0,0.0001,50,sol_d9fc5554bcfcd171,ev_a56ad78a3e23,hm_a00ad2a2c52a,0.4545454680919647,False
0.1,0.0003,50,sol_1409ba42d6af3848,ev_a5758f374507,hm_a0f8ed47a107,0.4545454680919647,False
0.1,0.001,20,sol_5b54bf8d9ef9f260,ev_a582eb5de8d1,hm_8de6b26636d5,0.4545454680919647,False
0.0,0.001,10,sol_9f614658740e1358,ev_a5987dfd5c92,hm_8de6b26636d5,0.4545454680919647,False
0.0,0.0007,1000,sol_64b570997deb2419,ev_a59f8694b663,hm_b46918a75620,1.4997644424438477,False
0.0,0.0005,50,sol_6cd821f4faa1f8eb,ev_a5a456cec92d,hm_7a9cff01f511,0.4545454680919647,False
0.05,0.0007,100,sol_4d49e3df9eecb345,ev_a5d4ce95396c,hm_b46918a75620,0.5384097099304199,False
0.1,0.001,1000,sol_1e208db39f9f120d,ev_a5da8a053fd3,hm_8de6b26636d5,1.370280146598816,False
0.0,0.001,100,sol_37e1fa593534b109,ev_a5dd76a5817b,hm_8de6b26636d5,0.5669761300086975,False
0.1,0.0003,10,sol_3f8d54ba66719f9b,ev_a5df36c5cc10,hm_a0f8ed47a107,0.4545454680919647,False
0.02,0.001,10,sol_b306a3e6e35b681d,ev_a5e7600f7bb7,hm_8de6b26636d5,0.4545454680919647,False
0.0,0.0001,20,sol_adf285028eb6b0c9,ev_a61993a36eab,hm_a00ad2a2c52a,0.4545454680919647,False
0.0,0.0001,10,sol_6191795b2a76e145,ev_a61f522e8f3a,hm_a00ad2a2c52a,0.4545454680919647,False
0.02,0.0001,50,sol_7339e7d9a7e534aa,ev_a6320e2ebca2,hm_a00ad2a2c52a,0.4545454680919647,False
0.0,0.0001,200,sol_e32109be36d82b1f,ev_a648167a83d6,hm_a00ad2a2c52a,0.4545454680919647,False
0.0,0.0007,10,sol_d87beaafc25e6026,ev_a663a0680f2c,hm_b46918a75620,0.4545454680919647,False
0.01,0.0001,400,sol_810d538581606507,ev_a66a051581f5,hm_a00ad2a2c52a,1.0386062860488892,False
0.1,0.0005,10,sol_99112dd3063ccbb2,ev_a66e066263fa,hm_7a9cff01f511,0.4545454680919647,False
0.01,0.0007,200,sol_1128275ece509e3d,ev_a67e46a9f8af,hm_b46918a75620,0.6290296912193298,False
0.1,0.001,50,sol_4659bfc6893afc54,ev_a67e490b5115,hm_8de6b26636d5,0.4545454680919647,False
0.05,0.0001,200,sol_6a0623cd3e56ec20,ev_a681874b870f,hm_a00ad2a2c52a,0.6537418961524963,False
0.01,0.0001,700,sol_24e72bd7e7811c2b,ev_a688b1876135,hm_a00ad2a2c52a,0.5669402480125427,False
0.02,0.0003,1000,sol_c68ee607d24e0fe6,ev_a68a4ab1b6ae,hm_a0f8ed47a107,1.1921216249465942,False
0.01,0.0001,50,sol_3721aff0bb2c16a4,ev_a6a355d04b98,hm_a00ad2a2c52a,0.4545454680919647,False
0.0,0.0001,200,sol_7cc55e82220511ce,ev_a6a71710f01c,hm_a00ad2a2c52a,0.4545454680919647,False
0.05,0.0007,100,sol_b0faa74ef9555300,ev_a6b055331772,hm_b46918a75620,0.7160478234291077,False
0.05,0.0003,20,sol_105f6c0821a6453c,ev_a6c412a353c2,hm_a0f8ed47a107,0.4545454680919647,False
0.01,0.0001,20,sol_ce1ce71ad6af9a45,ev_a6cf98dad6d7,hm_a00ad2a2c52a,0.4545454680919647,False
0.1,0.0007,700,sol_57591fbcfe196c51,ev_a6d55e5631b7,hm_b46918a75620,1.1272757053375244,False
0.01,0.0005,100,sol_ed7ab4a8828a0cec,ev_a6f5a1fc0728,hm_7a9cff01f511,0.4545454680919647,False
0.01,0.0007,700,sol_3333aa4ca357ab92,ev_a6fd2727a9ef,hm_b46918a75620,1.2783676385879517,False
0.0,0.0007,100,sol_1bb410b63e220893,ev_a7088f364621,hm_b46918a75620,0.4545454680919647,False
0.05,0.0005,400,sol_627df1030982203b,ev_a72fcef38043,hm_7a9cff01f511,0.6722292304039001,False
0.0,0.0005,700,sol_873795a832f259d8,ev_a7319d5effa8,hm_7a9cff01f511,1.145696997642517,False
0.1,0.0003,20,sol_71a9efbe79388720,ev_a735573e6042,hm_a0f8ed47a107,0.4545454680919647,False
0.1,0.001,20,sol_0a8f35d7c97923a4,ev_a74a1ccf340d,hm_8de6b26636d5,0.6721629500389099,False
0.0,0.0005,20,sol_24e37817dc61604f,ev_a76047f0861f,hm_7a9cff01f511,0.4545454680919647,False
0.05,0.0003,20,sol_bca5f962931ca7ac,ev_a7643f548a89,hm_a0f8ed47a107,0.4545454680919647,False
0.05,0.0005,400,sol_9f75c421b652b569,ev_a7763914f098,hm_7a9cff01f511,1.1923080682754517,False
0.0,0.001,700,sol_7b736a72a3bc92ac,ev_a776ffe80342,hm_8de6b26636d5,6.4697651863098145,False
0.02,0.0001,50,sol_00ebce7d9e0e0423,ev_a78a29757cd4,hm_a00ad2a2c52a,0.4545454680919647,False
0.1,0.0001,100,sol_874f9156d1f39ce7,ev_a796a5ce1cb7,hm_a00ad2a2c52a,0.4545454680919647,False
0.0,0.0001,20,sol_526f6678a6503531,ev_a7a6ac3a7e21,hm_a00ad2a2c52a,0.4545454680919647,False
0.1,0.0003,1000,sol_760c794e3056e0dd,ev_a7ab233c9f62,hm_a0f8ed47a107,0.6980082392692566,False
0.05,0.0001,200,sol_2fff706dfc145ae0,ev_a7c41314ca7a,hm_a00ad2a2c52a,0.4545454680919647,False
0.0,0.001,400,sol_ae8e3cbbc3b01c54,ev_a7cf6acd51ba,hm_8de6b26636d5,1.36812162399292,False
0.02,0.0003,200,sol_22328ff41ba5c07c,ev_a7de93861c80,hm_a0f8ed47a107,0.4545454680919647,False
0.1,0.0005,400,sol_79d313c931f89756,ev_a80ab2efe7e0,hm_7a9cff01f511,0.5669402480125427,False
0.01,0.0003,10,sol_721eb0887ff4d0c5,ev_a813a99fb88f,hm_a0f8ed47a107,0.4545454680919647,False
0.0,0.001,200,sol_b4d4f7f90a8ed8a4,ev_a8141dcdba69,hm_8de6b26636d5,0.6290946006774902,False
0.01,0.0003,20,sol_cf33cabd9e72fcda,ev_a82b3d423d7d,hm_a0f8ed47a107,0.4545454680919647,False
0.02,0.0005,400,sol_b0dc61541bc2c87d,ev_a82d03767ae7,hm_7a9cff01f511,0.7607689499855042,False
0.02,0.0005,100,sol_d0b8b0a1b2ac8d63,ev_a871a30a1209,hm_7a9cff01f511,0.5669718384742737,False
0.02,0.001,100,sol_8196b8d581a243d2,ev_a879a787ea9d,hm_8de6b26636d5,0.5669635534286499,False
0.05,0.0007,1000,sol_3a4929a93f912b40,ev_a88c04897769,hm_b46918a75620,1.2146501541137695,False
0.0,0.001,50,sol_e00adb9f6822b25a,ev_a8937684f17c,hm_8de6b26636d5,0.4545454680919647,False
0.02,0.0001,200,sol_352b246c623458fa,ev_a89d8ac66841,hm_a00ad2a2c52a,0.4545454680919647,False
0.1,0.0005,50,sol_5f2579e48cd6a73c,ev_a8a614a0329b,hm_7a9cff01f511,0.4545454680919647,False
0.1,0.001,700,sol_2f6ff4cd0f8546fc,ev_a8bc8abc1e23,hm_8de6b26636d5,1.281211018562317,False
0.0,0.0001,400,sol_10158749cc0c1b88,ev_a8beb8fa4118,hm_a00ad2a2c52a,0.4545454680919647,False
0.05,0.0007,200,sol_b10f96d886cfc86d,ev_a8bf59150d1e,hm_b46918a75620,0.672118067741394,False
0.0,0.0001,1000,sol_6244cf1c0915936e,ev_a8d5e43928a0,hm_a00ad2a2c52a,0.4545454680919647,False
0.02,0.0003,1000,sol_7b2e0ef2135d07fd,ev_a8df869fa55a,hm_a0f8ed47a107,0.8723418116569519,False
0.02,0.0001,50,sol_de01cc486850e093,ev_a906dff3c404,hm_a00ad2a2c52a,0.4545454680919647,False
0.05,0.0005,1000,sol_21bc752a42f87cd0,ev_a908d2c4d5b2,hm_7a9cff01f511,1.434372067451477,False
0.0,0.0001,20,sol_353476a2285d2727,ev_a92538ae2818,hm_a00ad2a2c52a,0.4545454680919647,False
0.0,0.0003,700,sol_7cd8f6c2be1b7959,ev_a928ca84825c,hm_a0f8ed47a107,0.7435176968574524,False
0.01,0.0003,100,sol_95edaa6344cde0a4,ev_a932b7208b8d,hm_a0f8ed47a107,0.45454463362693787,False
0.02,0.0007,20,sol_f403f869bfd794f8,ev_a93f58076d31,hm_b46918a75620,0.4545454680919647,False
0.05,0.0001,200,sol_77028338b21ea265,ev_a95dc52a58bc,hm_a00ad2a2c52a,0.4545454680919647,False
0.0,0.001,50,sol_815f67f74eaa3929,ev_a96f23b092ef,hm_8de6b26636d5,0.4545454680919647,False
0.1,0.001,100,sol_785341113f20fc92,ev_a96f23c5960a,hm_8de6b26636d5,0.5669658780097961,False
0.1,0.0005,200,sol_857b67838d98af5a,ev_a989f497cdd2,hm_7a9cff01f511,0.5669175386428833,False
0.01,0.0007,400,sol_d098a083401066f6,ev_a9a03f4d1aec,hm_b46918a75620,1.0455530881881714,False
0.05,0.0001,400,sol_c90ae0322e62f914,ev_a9a1cd680b38,hm_a00ad2a2c52a,0.4545454680919647,False
0.0,0.0001,700,sol_f4a698233b0700dd,ev_a9a61c272fd7,hm_a00ad2a2c52a,0.4545453190803528,False
0.05,0.0005,100,sol_20c6de7aa5f8c6a8,ev_a9ad76ff67fd,hm_7a9cff01f511,0.5998890995979309,False
0.01,0.0003,10,sol_400a0cbd84679f6f,ev_a9c3a87640bc,hm_a0f8ed47a107,0.4545454680919647,False
0.01,0.0005,20,sol_769c0bb515cb7a7e,ev_a9d56996e328,hm_7a9cff01f511,0.4545454680919647,False
0.05,0.0003,1000,sol_25d468b2589b1153,ev_aa155df5ec62,hm_a0f8ed47a107,0.7868474721908569,False
0.02,0.0005,200,sol_625520591e653c04,ev_aa23e50734c8,hm_7a9cff01f511,0.5999369025230408,False
0.0,0.0007,100,sol_605ad51d76a0c217,ev_aa31dca5ae64,hm_b46918a75620,0.5669742822647095,False
0.01,0.0005,1000,sol_fc1ffe618ba05220,ev_aa3dc4121dbe,hm_7a9cff01f511,1.1922571659088135,False
0.02,0.001,10,sol_3afc07cbf349e2c0,ev_aa593365adeb,hm_8de6b26636d5,0.4545454680919647,False
0.02,0.0003,100,sol_b6135c538f599ce6,ev_aa5f06c8cc67,hm_a0f8ed47a107,0.4545454680919647,False
0.1,0.0001,1000,sol_c9c0815f2fd528d3,ev_aa6e474498ac,hm_a00ad2a2c52a,0.5669572949409485,False
0.05,0.0005,20,sol_25e7da4e59f115ca,ev_aa8178efbf98,hm_7a9cff01f511,0.4545454680919647,False
0.01,0.0003,400,sol_02a77f18b7845571,ev_aab72a264a9c,hm_a0f8ed47a107,0.5996494293212891,False
0.1,0.0005,50,sol_27b7ebe1d4d3789c,ev_aaca80a6e0c4,hm_7a9cff01f511,0.4545454680919647,False
0.05,0.001,200,sol_d9eeaed3a5c65f85,ev_aae8cc5db2e1,hm_8de6b26636d5,0.7349473237991333,False
0.0,0.0007,200,sol_1eddafcd833569a1,ev_aaefeb7827e0,hm_b46918a75620,0.650689423084259,False
0.0,0.0005,50,sol_ce3bdd5d20b89c91,ev_ab056c7c5f6c,hm_7a9cff01f511,0.5669757127761841,False
0.01,0.001,100,sol_2a163465542fb030,ev_ab117bff77ef,hm_8de6b26636d5,0.5669994354248047,False
0.02,0.001,200,sol_15bd725da1e0d46d,ev_ab24f26aabdd,hm_8de6b26636d5,0.7432740926742554,False
0.1,0.0007,400,sol_d4c29a86b0322ef5,ev_ab372278cd94,hm_b46918a75620,0.7304620742797852,False
0.01,0.0005,20,sol_1fcd6eb9316c8b1f,ev_ab4165954858,hm_7a9cff01f511,0.4545454680919647,False
0.1,0.001,1000,sol_1f6a2826a0157ca9,ev_ab43a5074dd1,hm_8de6b26636d5,2.0026583671569824,False
0.02,0.0007,50,sol_d390702b1461d467,ev_ab4463ac37e1,hm_b46918a75620,0.4545454680919647,False
0.01,0.0007,1000,sol_f0abcbe680410a31,ev_ab73f7221ad6,hm_b46918a75620,1.3961176872253418,False
0.01,0.0005,20,sol_2f410a4294d1fde7,ev_ab838021b2f8,hm_7a9cff01f511,0.4545454680919647,False
0.0,0.0005,100,sol_fb544c29ca0225f2,ev_ab866f79962e,hm_7a9cff01f511,0.6000000238418579,False
0.02,0.0001,1000,sol_255e30b6b6bf4a73,ev_ab8c7dffcbe3,hm_a00ad2a2c52a,0.7352486252784729,False
0.01,0.001,700,sol_d95c8521eefe9696,ev_abafa491fb74,hm_8de6b26636d5,1.1099470853805542,False
0.1,0.0003,50,sol_920eaa61f752e81e,ev_abb6dcb01d22,hm_a0f8ed47a107,0.4545454680919647,False
0.01,0.0005,400,sol_7e9fff34011c4514,ev_abc412d62e6c,hm_7a9cff01f511,1.0074899196624756,False
0.1,0.001,700,sol_889d342a9bc5e3e9,ev_abc74ea115d0,hm_8de6b26636d5,1.7059884071350098,False
0.01,0.0001,50,sol_3a1f9c1242d2e7e1,ev_abe61eb3513e,hm_a00ad2a2c52a,0.4545454680919647,False
0.05,0.0003,200,sol_cec5382ad86f00f7,ev_ac02ee2642b0,hm_a0f8ed47a107,0.4545454680919647,False
0.05,0.0007,700,sol_2f68a52e0937969a,ev_ac2019cbfacf,hm_b46918a75620,1.3917895555496216,False
0.1,0.001,100,sol_65fce4995bbb2a64,ev_ac2152883ed5,hm_8de6b26636d5,0.5999254584312439,False
0.05,0.0005,50,sol_8d39c834a409d62e,ev_ac3f4b8e9c2c,hm_7a9cff01f511,0.5669734477996826,False
0.01,0.0003,1000,sol_85e4feb315eda959,ev_ac609a6353df,hm_a0f8ed47a107,0.5995070338249207,False
0.01,0.0003,1000,sol_645b99f3591f2b54,ev_ac6c6885a112,hm_a0f8ed47a107,0.7439481019973755,False
0.1,0.0001,100,sol_3847e7722675f632,ev_ac7ab4c96037,hm_a00ad2a2c52a,0.4545454680919647,False
0.05,0.0003,400,sol_29cbc6dd3c972525,ev_ac95997c1256,hm_a0f8ed47a107,0.5997950434684753,False
0.0,0.0003,200,sol_ab83eb78eae60b3f,ev_ac9ebc024993,hm_a0f8ed47a107,0.5996930003166199,False
0.02,0.0007,700,sol_01fcdce82ad0bbfd,ev_ac9f932830bc,hm_b46918a75620,1.141661286354065,False
0.1,0.0007,200,sol_5f934aa1fbac3fc4,ev_aca3f8ac4e88,hm_b46918a75620,0.6548279523849487,False
0.05,0.0005,20,sol_fac6c86871dedd26,ev_acdc778f3c48,hm_7a9cff01f511,0.4545454680919647,False
0.1,0.0007,700,sol_16cc6c8f6949b654,ev_ace1ae950483,hm_b46918a75620,0.7877288460731506,False
0.02,0.0005,200,sol_38beb24f5cc3bf86,ev_ace77398f326,hm_7a9cff01f511,0.5669010281562805,False
0.05,0.0007,50,sol_1132f8d1f2a0acaa,ev_aceb1c315f7a,hm_b46918a75620,0.4545454680919647,False
0.01,0.0005,400,sol_defa7b4afdee76a8,ev_acee3b822dba,hm_7a9cff01f511,1.0318267345428467,False
0.0,0.0003,1000,sol_ca574b0889cc2678,ev_ad21d48e2cca,hm_a0f8ed47a107,0.6980133652687073,False
0.01,0.001,20,sol_ce816538d2d1cae2,ev_ad2e8e7ad507,hm_8de6b26636d5,0.5670102834701538,False
0.0,0.0001,10,sol_f0f250d38d5a1130,ev_ad2f01d32e9e,hm_a00ad2a2c52a,0.4545454680919647,False
0.05,0.001,400,sol_a80528c5c8946c86,ev_ad4a880f1767,hm_8de6b26636d5,0.762556254863739,False
0.01,0.0005,1000,sol_dfd80c137bfdc349,ev_ad5a754a53d8,hm_7a9cff01f511,1.7864112854003906,False
0.05,0.0005,700,sol_ebbc55ceb379369d,ev_ad7332063c11,hm_7a9cff01f511,1.1921800374984741,False
0.05,0.0005,20,sol_9e231068d23dcfe7,ev_ad81297eff9f,hm_7a9cff01f511,0.4545454680919647,False
0.01,0.0003,50,sol_6f9e711c08992deb,ev_ad87145f4536,hm_a0f8ed47a107,0.4545454680919647,False
0.0,0.0005,200,sol_565d85a8452d6830,ev_ad93672c1c25,hm_7a9cff01f511,0.6000000238418579,False
0.0,0.001,400,sol_660a71c1163f8232,ev_ad9513d2bd2a,hm_8de6b26636d5,1.4016773700714111,False
0.01,0.0003,20,sol_166407eb681443c8,ev_adab9303e628,hm_a0f8ed47a107,0.4545454680919647,False
0.0,0.001,20,sol_6145d478c2d9d158,ev_adaf29a3ebc9,hm_8de6b26636d5,0.4545454680919647,False
0.02,0.0001,700,sol_8874a65ac43b1864,ev_adb1861e25e4,hm_a00ad2a2c52a,0.5993275046348572,False
0.01,0.0005,10,sol_f5d5f3159ff711e9,ev_adb3a396240b,hm_7a9cff01f511,0.4545454680919647,False
0.02,0.0005,100,sol_acfcc8a1370ecf61,ev_adc75a6ad764,hm_7a9cff01f511,0.4545454680919647,False
0.1,0.001,700,sol_a264b81447f0d30b,ev_adcfa484ff32,hm_8de6b26636d5,1.6822394132614136,False
0.05,0.0007,700,sol_c63e3f3852759f4a,ev_add23c794b0f,hm_b46918a75620,1.0709799528121948,False
0.0,0.0005,400,sol_6a827b59525c56eb,ev_adec4fcb3634,hm_7a9cff01f511,0.5994473099708557,False
0.05,0.0007,1000,sol_914871ede7a802ed,ev_adedf2b37635,hm_b46918a75620,1.2152165174484253,False
0.02,0.0003,50,sol_466966299431eec5,ev_adf909e60c1d,hm_a0f8ed47a107,0.4545454680919647,False
0.02,0.001,700,sol_7a804b474f026e04,ev_ae06201929da,hm_8de6b26636d5,2.679158926010132,False
0.1,0.0007,700,sol_0f0d5835fa074d5e,ev_ae0aaaa2cda1,hm_b46918a75620,1.9577884674072266,False
0.0,0.0005,700,sol_3b54d628527860ac,ev_ae194820582e,hm_7a9cff01f511,0.9265111088752747,False
0.05,0.0005,200,sol_4945d17af7b51dbc,ev_ae53d4b1c92e,hm_7a9cff01f511,0.4545454680919647,False
0.1,0.0003,20,sol_a364a0a16fa2964e,ev_ae61b5b64be2,hm_a0f8ed47a107,0.4545454680919647,False
0.1,0.0003,20,sol_90e4628b6830671e,ev_ae628cd610c5,hm_a0f8ed47a107,0.4545454680919647,False
0.01,0.001,50,sol_21b6217f485032ac,ev_ae7b7474588c,hm_8de6b26636d5,0.5669867396354675,False
0.0,0.001,1000,sol_3b7c3c71dcf259af,ev_ae8f17047978,hm_8de6b26636d5,6.592620849609375,False
0.05,0.0001,100,sol_027f39f7fef43c18,ev_aeb35cc47d7c,hm_a00ad2a2c52a,0.4545454680919647,False
0.05,0.0001,700,sol_db94ba18701af624,ev_aeee2b406a20,hm_a00ad2a2c52a,0.5669196248054504,False
0.02,0.0005,1000,sol_9b95875dd3aac36b,ev_aefd1afe69ca,hm_7a9cff01f511,1.2581188678741455,False
0.01,0.0001,200,sol_cd5befe638e1e092,ev_af0147850d9d,hm_a00ad2a2c52a,0.45454466342926025,False
0.1,0.0003,100,sol_6d0e4f46468ad1c1,ev_af0b887a6c07,hm_a0f8ed47a107,0.4545454680919647,False
0.01,0.0007,10,sol_c0678de4dcb87b3b,ev_af15f5522a56,hm_b46918a75620,0.4545454680919647,False
0.02,0.0003,1000,sol_d9e0fa45df41661c,ev_af368f6b37d9,hm_a0f8ed47a107,0.7597162127494812,False
0.01,0.001,20,sol_946e0933ba0090b5,ev_af40fc2aada5,hm_8de6b26636d5,0.4545454680919647,False
0.02,0.0003,400,sol_b46251ddb841ed2e,ev_af4f1403dcdf,hm_a0f8ed47a107,0.5669025182723999,False
0.1,0.0003,100,sol_453cc6cbcc0a6ef8,ev_af52e9b7320e,hm_a0f8ed47a107,0.4545454680919647,False
0.01,0.0003,400,sol_bd35252c99748055,ev_af655aef666e,hm_a0f8ed47a107,0.5669184923171997,False
0.02,0.001,200,sol_c2e97ac8f4dff60c,ev_af664d83f102,hm_8de6b26636d5,0.5669875144958496,False
0.01,0.0005,400,sol_d599bd3a1568c8e3,ev_af682f4c9561,hm_7a9cff01f511,1.192260503768921,False
0.01,0.001,50,sol_d4e348e7e7af2a04,ev_af8e561e679b,hm_8de6b26636d5,0.4545454680919647,False
0.05,0.0001,50,sol_d4d783779eee7085,ev_af91dafbb576,hm_a00ad2a2c52a,0.4545454680919647,False
0.1,0.001,10,sol_2ed5d9bcd4fb4913,ev_afaa99bcc34b,hm_8de6b26636d5,0.4545454680919647,False
0.1,0.0005,700,sol_de417ecb7953cf44,ev_afdbe77914b2,hm_7a9cff01f511,0.6813768148422241,False
0.01,0.0007,700,sol_f690beeb9be5a135,ev_afe9d681f3af,hm_b46918a75620,1.4999840259552002,False
0.01,0.0001,100,sol_eb7619e470fd61a0,ev_afea12844672,hm_a00ad2a2c52a,0.4545454680919647,False
0.02,0.0001,200,sol_4f959e452f0ac7f2,ev_afedd6e2c7f2,hm_a00ad2a2c52a,0.4545454680919647,False
0.02,0.0005,10,sol_48895ad339a37bdd,ev_aff979b9045c,hm_7a9cff01f511,0.4545454680919647,False
0.1,0.0003,20,sol_2d8a37b9ee44bb68,ev_b009e7017105,hm_a0f8ed47a107,0.4545454680919647,False
0.02,0.0003,200,sol_22715f1b08587073,ev_b00e5b681aba,hm_a0f8ed47a107,1.3917944431304932,False
0.02,0.0005,10,sol_d674b196912d0b94,ev_b01f4ce3fd67,hm_7a9cff01f511,0.4545454680919647,False
0.02,0.0005,1000,sol_c8ee048f10c8865b,ev_b0249af20e27,hm_7a9cff01f511,1.499274492263794,False
0.02,0.0003,20,sol_98f8f9297edda7e7,ev_b037176c9571,hm_a0f8ed47a107,0.4545454680919647,False
0.1,0.0003,100,sol_713327527c9deb7b,ev_b04f89bb1bb8,hm_a0f8ed47a107,0.4545454680919647,False
0.0,0.0005,20,sol_213832223910c83a,ev_b050a1d7ab19,hm_7a9cff01f511,0.4545454680919647,False
0.02,0.0001,10,sol_3634e4e544b99db3,ev_b05c64addf15,hm_a00ad2a2c52a,0.4545454680919647,False
0.0,0.0005,1000,sol_c65fa99218079ab6,ev_b06e503544c1,hm_7a9cff01f511,0.989678144454956,False
0.0,0.0007,700,sol_20e12115e6e338d4,ev_b0730440a74d,hm_b46918a75620,1.092730164527893,False
0.1,0.0005,20,sol_5c68e742e3fd3883,ev_b07533246491,hm_7a9cff01f511,0.4545454680919647,False
0.02,0.0001,20,sol_86172a9293430327,ev_b0997315bcd2,hm_a00ad2a2c52a,0.4545454680919647,False
0.05,0.001,20,sol_038b6007b9c466bc,ev_b0b5b15d2c44,hm_8de6b26636d5,0.4545454680919647,False
0.02,0.0001,200,sol_a0c51136b7dad0ee,ev_b0d976a65d0f,hm_a00ad2a2c52a,0.4545454680919647,False
0.01,0.001,700,sol_ed80e318f6414a6c,ev_b0ea4a7efdeb,hm_8de6b26636d5,2.8600106239318848,False
0.01,0.0007,50,sol_739d680075b6da8e,ev_b0ebe8f1d522,hm_b46918a75620,0.4545454680919647,False
0.05,0.0005,20,sol_721ae975ece99f00,ev_b0f2011d12d7,hm_7a9cff01f511,0.4545454680919647,False
0.0,0.0001,50,sol_ca0edd8046beff9c,ev_b107ab39de1a,hm_a00ad2a2c52a,0.4545454680919647,False
0.0,0.0003,10,sol_72a180fea980714f,ev_b10e0c2b5ad1,hm_a0f8ed47a107,0.4545454680919647,False
0.0,0.0001,100,sol_bc24797b156aa04d,ev_b1222590de9a,hm_a00ad2a2c52a,0.4545454680919647,False
0.01,0.0007,100,sol_aaa994ec653dd798,ev_b123ed0ed8f6,hm_b46918a75620,0.567001461982727,False
0.1,0.0003,700,sol_964bf5f4f1ea082b,ev_b17e6272c849,hm_a0f8ed47a107,0.574338436126709,False
0.01,0.0001,20,sol_929a95791b7a563a,ev_b17e7e803cf4,hm_a00ad2a2c52a,0.4545454680919647,False
0.02,0.0007,20,sol_c623decac1e3850d,ev_b18c3efa14b7,hm_b46918a75620,0.6418886184692383,False
0.0,0.0003,20,sol_e0f589817c12fefe,ev_b1b52d07a35a,hm_a0f8ed47a107,0.4545454680919647,False
0.05,0.001,20,sol_d8bb76b69b3cb80e,ev_b1c0b6b0df35,hm_8de6b26636d5,0.4545454680919647,False
0.05,0.0005,10,sol_42fe9a315cd0243c,ev_b1d3c3329d53,hm_7a9cff01f511,0.4545454680919647,False
0.01,0.0005,200,sol_0078b6bfe31980fe,ev_b1d46df18254,hm_7a9cff01f511,0.5669098496437073,False
0.02,0.0005,400,sol_89a2e5c228bd7746,ev_b1d53fbfdaa0,hm_7a9cff01f511,1.5202263593673706,False
0.0,0.0007,50,sol_6203b1b82948b49a,ev_b1d5a981896e,hm_b46918a75620,0.4545454680919647,False
0.1,0.0001,200,sol_ca5b892e14555478,ev_b1d804fcf9ea,hm_a00ad2a2c52a,0.4545454680919647,False
0.05,0.0007,100,sol_847c79007bdfa2bf,ev_b1ffa974512a,hm_b46918a75620,0.6722936630249023,False
0.02,0.001,200,sol_57ca0a1f5cc69110,ev_b218d48c9635,hm_8de6b26636d5,1.1922961473464966,False
0.02,0.0007,50,sol_45d3e0f436252d3a,ev_b21d9b8f8003,hm_b46918a75620,0.4545454680919647,False
0.05,0.0003,200,sol_3185c2ceb0811d7d,ev_b22920ac2521,hm_a0f8ed47a107,0.4545454680919647,False
0.1,0.001,100,sol_bdf1ddad368857e8,ev_b22e6d644022,hm_8de6b26636d5,0.8581194877624512,False
0.01,0.0005,400,sol_1dae626860488f6b,ev_b22f1f4746c4,hm_7a9cff01f511,1.1922935247421265,False
0.01,0.0007,700,sol_e1cd23f9fa704380,ev_b254396939c5,hm_b46918a75620,1.4995551109313965,False
0.0,0.0005,100,sol_e7106cabacd0876a,ev_b255fc65245b,hm_7a9cff01f511,0.5669754147529602,False
0.05,0.001,10,sol_a62c67cbf2bafc8d,ev_b2564b0ba4b8,hm_8de6b26636d5,0.4545454680919647,False
0.05,0.001,20,sol_3a875a9a83b99560,ev_b2b96d476f40,hm_8de6b26636d5,0.4545454680919647,False
0.01,0.0007,700,sol_c53d1f572d784f0d,ev_b2bd0cba16ba,hm_b46918a75620,1.8063380718231201,False
0.0,0.0007,400,sol_0eaa85e9d1be8296,ev_b2d63c09320f,hm_b46918a75620,1.3449037075042725,False
0.05,0.0007,400,sol_f4643f5244459293,ev_b2d6c19f4464,hm_b46918a75620,0.9596467614173889,False
0.0,0.0005,200,sol_3567c66032d18146,ev_b2d83822220b,hm_7a9cff01f511,0.5995640158653259,False
0.0,0.0007,20,sol_7ecec5a1be6120e9,ev_b2e92b499274,hm_b46918a75620,0.4545454680919647,False
0.0,0.0003,100,sol_b001d3c45cdf229d,ev_b2fc8bbc998a,hm_a0f8ed47a107,0.4545454680919647,False
0.0,0.0001,100,sol_319b37cbca330008,ev_b30f2553ae3e,hm_a00ad2a2c52a,0.4545454680919647,False
0.1,0.0001,200,sol_d091588aa84ff67c,ev_b314774942e1,hm_a00ad2a2c52a,0.4545454680919647,False
0.05,0.0007,100,sol_77e2fce3aef308bc,ev_b3216a2c413f,hm_b46918a75620,0.5669863224029541,False
0.02,0.0007,20,sol_71cdd68f0e4565c3,ev_b337956d72ab,hm_b46918a75620,0.4545454680919647,False
0.05,0.0005,10,sol_f58e600a5f91b02b,ev_b34bf15e265e,hm_7a9cff01f511,0.4545454680919647,False
0.02,0.0007,400,sol_816f8168cb976ae7,ev_b354dc8b8896,hm_b46918a75620,1.0932387113571167,False
0.0,0.0005,100,sol_ef1ee6ea7ee379d1,ev_b36fe4b842c6,hm_7a9cff01f511,1.258220911026001,False
0.05,0.0007,100,sol_73966cfbebfc9db0,ev_b370c5683954,hm_b46918a75620,0.566993236541748,False
0.1,0.001,20,sol_72143cd11b30e5dc,ev_b399f7b79ab1,hm_8de6b26636d5,0.4545454680919647,False
0.05,0.0001,400,sol_7dc1643ce37f6712,ev_b39fe520a658,hm_a00ad2a2c52a,0.5669187307357788,False
0.02,0.0005,10,sol_1ce7ce55dd767ff0,ev_b3c52531c5e2,hm_7a9cff01f511,0.4545454680919647,False
0.01,0.001,400,sol_d3172c07a649e9a1,ev_b3cd7fe4ea98,hm_8de6b26636d5,1.1922943592071533,False
0.05,0.0003,10,sol_74643e0e585e73fa,ev_b3ded0c71fc5,hm_a0f8ed47a107,0.4545454680919647,False
0.1,0.0007,50,sol_ff0705920725e5bb,ev_b3ebb8b9b9d5,hm_b46918a75620,0.4545454680919647,False
0.05,0.001,1000,sol_768fb26989b735d0,ev_b3f9143245d5,hm_8de6b26636d5,1.815512776374817,False
0.0,0.0001,10,sol_02d144421647e019,ev_b4086c4068b8,hm_a00ad2a2c52a,0.4545454680919647,False
0.0,0.0003,700,sol_3257a0b832e71a9c,ev_b41098231764,hm_a0f8ed47a107,0.7172465920448303,False
0.1,0.0001,100,sol_23f576742c7fd575,ev_b41747c79446,hm_a00ad2a2c52a,0.4545454680919647,False
0.05,0.0007,50,sol_17c6c9a6639632e1,ev_b4351875b20f,hm_b46918a75620,0.4545454680919647,False
0.1,0.0005,50,sol_6a82da9f10045bd1,ev_b439581519b8,hm_7a9cff01f511,0.4545454680919647,False
0.02,0.0007,200,sol_52939562dff93fb1,ev_b43e57adb1f5,hm_b46918a75620,0.5999569296836853,False
0.01,0.0003,200,sol_f98012102aa4f5b9,ev_b43fb0adf90e,hm_a0f8ed47a107,0.45454418659210205,False
0.05,0.001,400,sol_e880d0dcf486df2d,ev_b46c7e247c79,hm_8de6b26636d5,1.3915562629699707,False
0.02,0.0001,400,sol_3bff2e8b6d93f72d,ev_b46f37efbf54,hm_a00ad2a2c52a,0.454541951417923,False
0.0,0.0003,20,sol_cebdb75e68489090,ev_b4780f258436,hm_a0f8ed47a107,0.4545454680919647,False
0.01,0.0001,100,sol_6d0c7084e95ced0c,ev_b47f22f629ba,hm_a00ad2a2c52a,0.45454466342926025,False
0.02,0.001,200,sol_838d8e92d13ad0fb,ev_b4b5ccd0f9b2,hm_8de6b26636d5,0.5669889450073242,False
0.0,0.001,1000,sol_8789e2c9e61242cb,ev_b4c794788dea,hm_8de6b26636d5,1.4923491477966309,False
0.0,0.0005,200,sol_88ec23bfd2f50d7b,ev_b4cb8370e39f,hm_7a9cff01f511,0.9595153331756592,False
0.01,0.001,400,sol_6b34296704c9079b,ev_b4d65a2901bd,hm_8de6b26636d5,1.6068440675735474,False
0.01,0.0007,50,sol_7c5517f756e4feac,ev_b4f25be96491,hm_b46918a75620,0.4545454680919647,False
0.0,0.0005,10,sol_491b8fdf78972d87,ev_b5140afc59d8,hm_7a9cff01f511,0.4545454680919647,False
0.05,0.0003,200,sol_70c1d5f15c679a60,ev_b517c68c0136,hm_a0f8ed47a107,0.4545454680919647,False
0.01,0.0003,700,sol_fb58071cfe912b76,ev_b51bf5e0c64a,hm_a0f8ed47a107,0.8429288864135742,False
0.01,0.001,20,sol_3f88bca60a7836c5,ev_b522b764fd4a,hm_8de6b26636d5,0.4545454680919647,False
0.01,0.0001,400,sol_44164eba5dc5087b,ev_b537f19c64f9,hm_a00ad2a2c52a,0.4545442461967468,False
0.01,0.0001,10,sol_6ade4bbe007c009a,ev_b538c3e94913,hm_a00ad2a2c52a,0.4545454680919647,False
0.05,0.001,400,sol_6ddf2af773bf0858,ev_b553fb02532b,hm_8de6b26636d5,1.6639087200164795,False
0.05,0.0001,50,sol_52b71ba3024d687f,ev_b56c3ad295e2,hm_a00ad2a2c52a,0.4545454680919647,False
0.05,0.0003,700,sol_062e7c9d5fa8696c,ev_b57e54413616,hm_a0f8ed47a107,0.5669169425964355,False
0.1,0.0003,1000,sol_7afecf54f7bfef36,ev_b587bae4a715,hm_a0f8ed47a107,0.9206828474998474,False
0.0,0.0007,50,sol_592c98c32ee8eddd,ev_b59157e14f99,hm_b46918a75620,0.4545454680919647,False
0.02,0.0005,200,sol_9581b9a24c0a0628,ev_b5a128a22aed,hm_7a9cff01f511,0.5669955611228943,False
0.0,0.0007,10,sol_b29e11e34b067e9a,ev_b5e0b34f5b6a,hm_b46918a75620,0.4545454680919647,False
0.01,0.0005,700,sol_b4543288b3a2ad18,ev_b5ed064b61df,hm_7a9cff01f511,0.6503217816352844,False
0.01,0.0007,100,sol_0d2a5d0e5a104e5c,ev_b6081767b5eb,hm_b46918a75620,0.5669517517089844,False
0.1,0.0003,20,sol_4155ed73cc99a07e,ev_b619fa133b1c,hm_a0f8ed47a107,0.4545454680919647,False
0.1,0.0005,200,sol_a75f3b1c94618b9c,ev_b63d4c0f1604,hm_7a9cff01f511,0.4545454680919647,False
0.01,0.001,20,sol_716132d7669d0951,ev_b64a023f8e1b,hm_8de6b26636d5,0.4545454680919647,False
0.1,0.001,100,sol_60750c5cedc86012,ev_b6604c3975b7,hm_8de6b26636d5,0.5745105743408203,False
0.0,0.0001,100,sol_ce62c5c725d8b29e,ev_b670147fa15a,hm_a00ad2a2c52a,0.4545454680919647,False
0.0,0.0003,50,sol_ba22204d821b9096,ev_b67d2e77cf9b,hm_a0f8ed47a107,0.5670135021209717,False
0.0,0.0001,10,sol_64913ba24a7ea7c9,ev_b681676006db,hm_a00ad2a2c52a,0.4545454680919647,False
0.05,0.0003,1000,sol_ebf5fcd795603c96,ev_b6a4c12a2583,hm_a0f8ed47a107,0.9762474298477173,False
0.1,0.0007,200,sol_24c65863d931c09e,ev_b6a7d337dd07,hm_b46918a75620,0.599861741065979,False
0.0,0.0007,200,sol_0e0b1ed9acf6d71b,ev_b6ed1a2940ba,hm_b46918a75620,0.7434661984443665,False
0.01,0.001,200,sol_a236d20ee0920a91,ev_b70abe4e42c6,hm_8de6b26636d5,0.7392388582229614,False
0.02,0.0003,1000,sol_69a54c9acae891a3,ev_b71017f3fffa,hm_a0f8ed47a107,1.1921483278274536,False
0.0,0.0003,50,sol_ad58a409bee82b18,ev_b71b7ba564c2,hm_a0f8ed47a107,0.4545454680919647,False
0.02,0.001,100,sol_2842e36f780f8128,ev_b73236fe64d2,hm_8de6b26636d5,0.5669844746589661,False
0.02,0.0001,700,sol_60d8b03ef556a75a,ev_b738b3d1ed96,hm_a00ad2a2c52a,0.45454391837120056,False
0.0,0.001,200,sol_b0ad1a73bdf8f1f2,ev_b7423674ce1a,hm_8de6b26636d5,0.7379242777824402,False
0.0,0.0001,1000,sol_62230faf8dc1d672,ev_b745f60f84b9,hm_a00ad2a2c52a,0.5642270445823669,False
0.01,0.0005,400,sol_7ca1556488ec2d1c,ev_b74ec96e8d1a,hm_7a9cff01f511,1.4352842569351196,False
0.05,0.0005,100,sol_80d0e748e29d3235,ev_b7607db24619,hm_7a9cff01f511,0.4545454680919647,False
0.1,0.0003,400,sol_6245417e26b165b9,ev_b77636f36965,hm_a0f8ed47a107,0.5669604539871216,False
0.05,0.0001,100,sol_b2e4179d3b704b99,ev_b78a395009fd,hm_a00ad2a2c52a,0.4545454680919647,False
0.01,0.0001,10,sol_3824ac6573d74b44,ev_b78eb22c1401,hm_a00ad2a2c52a,0.4545454680919647,False
0.01,0.0001,700,sol_5cfe355eb6c112cc,ev_b797e1d8a189,hm_a00ad2a2c52a,1.500015377998352,False
0.0,0.0001,10,sol_f41965085c8f7967,ev_b7a82955749f,hm_a00ad2a2c52a,0.4545454680919647,False
0.02,0.0005,50,sol_5dd5582684d6e207,ev_b7b5f85180f6,hm_7a9cff01f511,0.4545454680919647,False
0.1,0.0003,200,sol_fdf2649bab08f17d,ev_b7d2439df3b6,hm_a0f8ed47a107,0.4545454680919647,False
0.01,0.001,1000,sol_28cda86f0f264083,ev_b7ec8bc08d35,hm_8de6b26636d5,3.116649627685547,False
0.1,0.0001,50,sol_92a39442db9ed8f7,ev_b8019019e313,hm_a00ad2a2c52a,0.4545454680919647,False
0.05,0.0005,1000,sol_e31d1d31eb6a6083,ev_b82cc1fc1e59,hm_7a9cff01f511,1.300670862197876,False
0.02,0.0001,1000,sol_0b51957b7fff0d9f,ev_b831b55e1f0b,hm_a00ad2a2c52a,0.5669008493423462,False
0.05,0.001,50,sol_92d0ea133a70554c,ev_b83d43135715,hm_8de6b26636d5,0.4545454680919647,False
0.02,0.0001,400,sol_1e258b0720783a3c,ev_b83ff88e8904,hm_a00ad2a2c52a,0.5997456908226013,False
0.0,0.0007,20,sol_f12ad98229487fc5,ev_b84cd767dfc7,hm_b46918a75620,0.4545454680919647,False
0.05,0.0001,20,sol_7c7a5b2eaa0d027b,ev_b8516edd9667,hm_a00ad2a2c52a,0.4545454680919647,False
0.1,0.0005,1000,sol_849ba7eddc551899,ev_b858e536d664,hm_7a9cff01f511,1.499942660331726,False
0.05,0.0007,700,sol_07f82680ba965e89,ev_b89aa5e28a76,hm_b46918a75620,1.2213952541351318,False
0.0,0.0007,200,sol_da312ca9052cb963,ev_b8a28fe4f151,hm_b46918a75620,0.7297947406768799,False
0.05,0.0005,10,sol_691694ca0f3e9b78,ev_b8ab697da5a3,hm_7a9cff01f511,0.4545454680919647,False
0.1,0.0007,700,sol_694f5c00b5cf4d74,ev_b8c268bda9b9,hm_b46918a75620,1.4996830224990845,False
0.1,0.0007,400,sol_855f48820e48478e,ev_b8c54a7d81c7,hm_b46918a75620,1.093511700630188,False
0.02,0.001,1000,sol_34c03ba5b2f60aa7,ev_b8d688516f23,hm_8de6b26636d5,3.094820261001587,False
0.05,0.0001,10,sol_09d52672d658ce19,ev_b925da3f65d8,hm_a00ad2a2c52a,0.4545454680919647,False
0.0,0.0003,200,sol_fee5208cc8b92506,ev_b945cd6932e8,hm_a0f8ed47a107,0.5669738054275513,False
0.05,0.0005,1000,sol_4d392171633ddb39,ev_b94874c56820,hm_7a9cff01f511,1.4353492259979248,False
0.0,0.0003,1000,sol_7ab7be2db3514bc7,ev_b94cfdd2467e,hm_a0f8ed47a107,1.4378381967544556,False
0.0,0.0005,700,sol_ae05f764b702781a,ev_b95dc0be443f,hm_7a9cff01f511,1.2581435441970825,False
0.02,0.0007,700,sol_b0b15c1567bac0c9,ev_b96a1b26bb9c,hm_b46918a75620,1.9341261386871338,False
0.01,0.0007,10,sol_036a71a44d2f8309,ev_b996d55844b4,hm_b46918a75620,0.4545454680919647,False
0.05,0.0001,400,sol_605ba5c0542cc43b,ev_b99e312daa46,hm_a00ad2a2c52a,0.4545454680919647,False
0.01,0.0007,100,sol_19cc5269e1927095,ev_b9c7954d8c4b,hm_b46918a75620,0.6723119616508484,False
0.02,0.001,700,sol_216ceb1a4b1b7fb1,ev_b9db1b7d967b,hm_8de6b26636d5,1.230720043182373,False
0.01,0.0001,400,sol_ecfee2b59218522e,ev_b9dc9cb25831,hm_a00ad2a2c52a,0.45454344153404236,False
0.05,0.0001,1000,sol_729eba8e943d1345,ev_b9e4becf2708,hm_a00ad2a2c52a,0.5669218897819519,False
0.01,0.0007,400,sol_4b5f8decd149390b,ev_b9e916d79ae4,hm_b46918a75620,0.9509086608886719,False
0.01,0.0007,20,sol_b9d08fcce279e6d9,ev_b9eaf5685c81,hm_b46918a75620,0.4545454680919647,False
0.0,0.0003,10,sol_85a89af15335ad50,ev_b9ffd8ac788e,hm_a0f8ed47a107,0.4545454680919647,False
0.0,0.0003,1000,sol_0e1482e21b093c74,ev_ba111bb3aaa3,hm_a0f8ed47a107,0.9735715985298157,False
0.05,0.0005,100,sol_23b3d57f5228c54a,ev_ba304069b285,hm_7a9cff01f511,0.4545454680919647,False
0.1,0.0007,50,sol_2a43ebb3538b57d2,ev_ba502f489bdd,hm_b46918a75620,0.566979706287384,False
0.02,0.0005,700,sol_d374b96cd704ef48,ev_ba538e053b8f,hm_7a9cff01f511,1.645114779472351,False
0.01,0.0005,10,sol_d0b5adac90f86586,ev_baa7a6dbb6e4,hm_7a9cff01f511,0.4545454680919647,False
0.05,0.0001,1000,sol_d22807d8df8efbb7,ev_bab4b9a53cde,hm_a00ad2a2c52a,0.7608218193054199,False
0.0,0.0003,50,sol_ca412d1bd6f96c85,ev_babd08af816a,hm_a0f8ed47a107,0.4545454680919647,False
0.01,0.0003,10,sol_e3502468b21112b8,ev_bac982b188e4,hm_a0f8ed47a107,0.4545454680919647,False
0.1,0.0005,700,sol_b6d9573ae8dcf5c3,ev_bad2fff4a6e6,hm_7a9cff01f511,1.1935796737670898,False
0.05,0.0001,100,sol_b194dd502952bcb3,ev_bb0194648676,hm_a00ad2a2c52a,0.4545454680919647,False
0.02,0.001,700,sol_442b896633d3d98a,ev_bb0b8efcb835,hm_8de6b26636d5,4.042054176330566,False
0.0,0.0007,10,sol_310fcd62114efd3f,ev_bb33f83c4685,hm_b46918a75620,0.5670102834701538,False
0.1,0.0001,20,sol_c2dd9723a27f7c28,ev_bb3b223fa747,hm_a00ad2a2c52a,0.4545454680919647,False
0.1,0.0005,10,sol_a0e130563f1e347c,ev_bb6c18f6d4c2,hm_7a9cff01f511,0.4545454680919647,False
0.01,0.0005,50,sol_ff2be3df7d83f4ea,ev_bb81e66f1cef,hm_7a9cff01f511,0.4545454680919647,False
0.01,0.001,1000,sol_9a58325ac101caea,ev_bb81fa71bb74,hm_8de6b26636d5,6.01783561706543,False
0.01,0.0007,700,sol_573f63fedfd91653,ev_bb860b937610,hm_b46918a75620,1.3918379545211792,False
0.05,0.0001,50,sol_065fca2979fd33bb,ev_bb8d4037eba7,hm_a00ad2a2c52a,0.4545454680919647,False
0.02,0.0001,50,sol_25b61bf7c77078ed,ev_bba615d7a320,hm_a00ad2a2c52a,0.4545454680919647,False
0.01,0.0001,700,sol_d172ce20ca3ab4c6,ev_bbabb7d9a243,hm_a00ad2a2c52a,0.6851471066474915,False
0.02,0.001,200,sol_d951b8560245a432,ev_bbad09999add,hm_8de6b26636d5,1.258225440979004,False
0.02,0.0003,1000,sol_0df0d591ebbd4348,ev_bbaf8002172a,hm_a0f8ed47a107,0.6980009078979492,False
0.1,0.0003,1000,sol_cc06cfe4faffefc4,ev_bbb5d693f7c4,hm_a0f8ed47a107,1.0704121589660645,False
0.05,0.0005,200,sol_2c642eabbfdfdffe,ev_bbc3bd616f77,hm_7a9cff01f511,0.6723113059997559,False
0.1,0.001,700,sol_22e95c721728adf7,ev_bbd27bcfbe78,hm_8de6b26636d5,1.783837914466858,False
0.02,0.001,50,sol_e5a8118cf7822283,ev_bbdba2b112b0,hm_8de6b26636d5,0.5670003890991211,False
0.02,0.0003,50,sol_1b37883119aa1fb4,ev_bbe4791eb8bb,hm_a0f8ed47a107,0.4545454680919647,False
0.1,0.001,1000,sol_592bed19d8c3909d,ev_bbe81fce7447,hm_8de6b26636d5,2.1734886169433594,False
0.1,0.0007,400,sol_b278d8dc2b25fde0,ev_bbfe48e8541f,hm_b46918a75620,1.1923081874847412,False
0.02,0.0001,1000,sol_798f155ff9c54422,ev_bc0ccab92f81,hm_a00ad2a2c52a,0.7608217597007751,False
0.02,0.0003,50,sol_43003bd83d9ac7cf,ev_bc10100afd7c,hm_a0f8ed47a107,0.4545454680919647,False
0.1,0.001,1000,sol_cfd9863a8a0ac9ac,ev_bc1a1dbecaf1,hm_8de6b26636d5,1.7616711854934692,False
0.02,0.0001,20,sol_a9fd13fe4367130c,ev_bc3883281305,hm_a00ad2a2c52a,0.4545454680919647,False
0.01,0.0005,100,sol_6e68efb0c793c960,ev_bc3ecea999bb,hm_7a9cff01f511,0.4545454680919647,False
0.0,0.0005,100,sol_735af7939702ea9b,ev_bc413018d7f1,hm_7a9cff01f511,0.5669755935668945,False
0.02,0.0007,50,sol_4c9d210fc9630c9b,ev_bc54886b2dc5,hm_b46918a75620,0.5670003294944763,False
0.05,0.0003,1000,sol_d2bde710705237a2,ev_bc67ed23ec9d,hm_a0f8ed47a107,1.5000195503234863,False
0.01,0.0001,400,sol_e28c04eaf4fe6de4,ev_bc6c000a9f6e,hm_a00ad2a2c52a,0.45454463362693787,False
0.0,0.0005,700,sol_c2ebc9606d7c0c22,ev_bc77b3d3b279,hm_7a9cff01f511,0.9596554040908813,False
0.0,0.0003,20,sol_18bf46929bf49ca6,ev_bc9d6dff238c,hm_a0f8ed47a107,0.4545454680919647,False
0.05,0.0005,20,sol_ae7918960ed40614,ev_bca06ec1f06b,hm_7a9cff01f511,0.4545454680919647,False
0.05,0.0007,200,sol_c67a5b4a076b63fe,ev_bcafee502505,hm_b46918a75620,0.5998535752296448,False
0.01,0.0001,700,sol_bbfdb7061aca14a8,ev_bcc21fa24c2a,hm_a00ad2a2c52a,0.5666417479515076,False
0.0,0.0003,1000,sol_a0c86f02a4462820,ev_bccdb40f2187,hm_a0f8ed47a107,0.9511505365371704,False
0.02,0.0001,1000,sol_7fa39ae74b4ce68c,ev_bcd01bb73c79,hm_a00ad2a2c52a,0.5669033527374268,False
0.1,0.0005,400,sol_1511a7229db0f8ae,ev_bce6907bd051,hm_7a9cff01f511,0.5669636130332947,False
0.1,0.0007,200,sol_bb619ce7f02f00a8,ev_bcefd3e10df2,hm_b46918a75620,0.5998179316520691,False
0.02,0.0005,700,sol_7f4aa9f4b17dec5f,ev_bcf4d0a45e4e,hm_7a9cff01f511,1.0075331926345825,False
0.05,0.0005,400,sol_2d6bd2cf1c07daa7,ev_bcf7e5463a2a,hm_7a9cff01f511,0.5668869018554688,False
0.01,0.001,1000,sol_b429b196aa37b7be,ev_bd0b747ba80b,hm_8de6b26636d5,2.6558611392974854,False
0.01,0.0003,10,sol_22df4b784d810b81,ev_bd2707221cc4,hm_a0f8ed47a107,0.4545454680919647,False
0.05,0.001,700,sol_e8541029d81ea3a6,ev_bd2d8ca5a340,hm_8de6b26636d5,1.2761174440383911,False
0.01,0.0001,50,sol_48817e9dc46351d1,ev_bd37bc1b642a,hm_a00ad2a2c52a,0.4545454680919647,False
0.1,0.0007,400,sol_f38e752df7554d4c,ev_bd41191f2d1e,hm_b46918a75620,0.6979504227638245,False
0.1,0.0001,100,sol_d39e1b07dfc6d3ac,ev_bd49b15bb588,hm_a00ad2a2c52a,0.4545454680919647,False
0.0,0.0001,400,sol_54b6df9d89f74f8b,ev_bd8722e45cf9,hm_a00ad2a2c52a,0.4545454680919647,False
0.01,0.0001,400,sol_71d21cff3c7aa962,ev_bd8ee28f7296,hm_a00ad2a2c52a,0.45454442501068115,False
0.01,0.0005,20,sol_9254f06f1a90224c,ev_bda811c07a2c,hm_7a9cff01f511,0.5670102834701538,False
0.1,0.0007,100,sol_4b40a7f3d283d564,ev_bdbec755c8f0,hm_b46918a75620,0.4545454680919647,False
0.1,0.0003,400,sol_69cd5d2702a6649e,ev_bdc755236161,hm_a0f8ed47a107,0.5669193863868713,False
0.01,0.0007,50,sol_c4053bab47641852,ev_bdc97645cea8,hm_b46918a75620,0.4545454680919647,False
0.1,0.0003,10,sol_a75f3397ffc0d2bb,ev_bde68f4e205a,hm_a0f8ed47a107,0.4545454680919647,False
0.0,0.001,100,sol_8106ee00efd30e61,ev_bded0b600cc0,hm_8de6b26636d5,0.5670003294944763,False
0.1,0.001,50,sol_1f000225cfa7fd12,ev_bdee934c5d25,hm_8de6b26636d5,0.4545454680919647,False
0.05,0.001,20,sol_eb651dce20c9aebd,ev_bdf50f804f99,hm_8de6b26636d5,0.4545454680919647,False
0.02,0.0005,20,sol_e3d1d6933fd69cd6,ev_be104f1a2498,hm_7a9cff01f511,0.4545454680919647,False
0.01,0.0007,200,sol_1e5196715099e71d,ev_be1b4c7840c4,hm_b46918a75620,0.5998855829238892,False
0.05,0.0007,700,sol_3f32271659c4855b,ev_be1bcbc16e14,hm_b46918a75620,1.1922193765640259,False
0.02,0.0001,20,sol_336382ca58fbce0a,ev_be37b62b1cf2,hm_a00ad2a2c52a,0.4545454680919647,False
0.05,0.0007,50,sol_244df8760782bd86,ev_be5063e8c339,hm_b46918a75620,0.4545454680919647,False
0.0,0.0005,700,sol_64734b7bb5a751fa,ev_be544e973136,hm_7a9cff01f511,1.2048251628875732,False
0.1,0.001,50,sol_e0c814445727992e,ev_be5581fe9963,hm_8de6b26636d5,0.4545454680919647,False
0.1,0.0007,400,sol_5f19e2d3ba41bc33,ev_be5eff12bf60,hm_b46918a75620,0.7433070540428162,False
0.01,0.001,200,sol_b2fba7271634d538,ev_be9456bf7a93,hm_8de6b26636d5,0.955353319644928,False
0.02,0.0005,50,sol_e92514167155a5ed,ev_be99bbbcb1b5,hm_7a9cff01f511,0.4545454680919647,False
0.0,0.0003,1000,sol_b44fbcd26ead4c6d,ev_bea9827ba140,hm_a0f8ed47a107,1.0934171676635742,False
0.0,0.0003,200,sol_2c3b4b01324dd239,ev_bec11b380b8b,hm_a0f8ed47a107,0.4545454680919647,False
0.1,0.0003,1000,sol_823eecadd1de5313,ev_bed59aa3355d,hm_a0f8ed47a107,1.4998875856399536,False
0.05,0.0001,50,sol_d7a04a2abce3108b,ev_bef4abaf89e5,hm_a00ad2a2c52a,0.4545454680919647,False
0.02,0.0005,20,sol_b42d6b6b65ab6db9,ev_bf190d4e06f4,hm_7a9cff01f511,0.4545454680919647,False
0.01,0.0005,100,sol_af9a3cff88ec13e2,ev_bf529f64fa79,hm_7a9cff01f511,0.4545454680919647,False
0.02,0.001,400,sol_dd20c7e49ae3c75a,ev_bf53448b94fe,hm_8de6b26636d5,1.9061949253082275,False
0.0,0.001,200,sol_c66cf1e375690acf,ev_bf5357626b66,hm_8de6b26636d5,0.6424488425254822,False
0.1,0.0007,1000,sol_b4ae7cd49c03077d,ev_bf5426537314,hm_b46918a75620,1.4998691082000732,False
0.01,0.0007,1000,sol_a01ac852e7490ac9,ev_bf62cc2edd08,hm_b46918a75620,0.9677176475524902,False
0.01,0.0001,200,sol_6702b0dce77a902b,ev_bf6faff56d48,hm_a00ad2a2c52a,0.4545448124408722,False
0.0,0.001,700,sol_b30ff4ad8b665b8f,ev_bf8b6f59dd31,hm_8de6b26636d5,2.965555191040039,False
0.05,0.0003,10,sol_bc3e4eaa18324e59,ev_bfa385731d6d,hm_a0f8ed47a107,0.4545454680919647,False
0.01,0.0003,700,sol_37fdff8ad01fda21,ev_bfa43f958335,hm_a0f8ed47a107,0.7341899275779724,False
0.0,0.0005,400,sol_0d386d12273f8714,ev_bfbb2707eb83,hm_7a9cff01f511,0.566963255405426,False
0.01,0.001,200,sol_a75a4a3e6ffcd826,ev_bfc634671dae,hm_8de6b26636d5,0.8554227948188782,False
0.01,0.0001,700,sol_111a6023c0d58963,ev_bfcb4b7f00e2,hm_a00ad2a2c52a,0.4545454680919647,False
0.01,0.0001,100,sol_f3138a5e1498e5b5,ev_bfd4c48e7160,hm_a00ad2a2c52a,0.4545454680919647,False
0.1,0.0005,400,sol_4ff45b4c21637fb4,ev_c001af6dff92,hm_7a9cff01f511,0.5669251084327698,False
0.0,0.001,400,sol_7ca4afd817138f2f,ev_c00eab71d1a8,hm_8de6b26636d5,1.1418366432189941,False
0.01,0.001,10,sol_fde8a376ca3e7f58,ev_c051f65e83b2,hm_8de6b26636d5,0.4545454680919647,False
0.05,0.001,700,sol_9ee655ba95d3b5c9,ev_c059fc7f0ec9,hm_8de6b26636d5,1.2451131343841553,False
0.0,0.0001,100,sol_b3504c6f76149694,ev_c05fe4e1ea17,hm_a00ad2a2c52a,0.4545454680919647,False
0.1,0.0001,100,sol_b1ae7df18356b55c,ev_c0697c64293e,hm_a00ad2a2c52a,0.4545454680919647,False
0.1,0.0005,10,sol_d78142b6c24958ba,ev_c093ef0d0228,hm_7a9cff01f511,0.4545454680919647,False
0.05,0.0005,200,sol_21e84db458d73f28,ev_c0986d26f0ad,hm_7a9cff01f511,0.5669430494308472,False
0.0,0.0003,50,sol_ae3341b28e114797,ev_c0b3708185f0,hm_a0f8ed47a107,0.4545454680919647,False
0.0,0.0005,700,sol_ba1d426467634604,ev_c0c9294f5465,hm_7a9cff01f511,1.1688477993011475,False
0.02,0.0005,100,sol_cae8538c6e0ab752,ev_c0f4aa26a336,hm_7a9cff01f511,1.5000102519989014,False
0.01,0.0003,100,sol_9e4675a7a47349d0,ev_c10e12ab7a1f,hm_a0f8ed47a107,0.4545454680919647,False
0.01,0.0001,400,sol_a3690859ec9c5f25,ev_c111978b1e13,hm_a00ad2a2c52a,0.4545440375804901,False
0.05,0.0005,50,sol_2a96f6c18cc197a1,ev_c1374cd859bf,hm_7a9cff01f511,0.4545454680919647,False
0.01,0.0001,700,sol_a92bdd50124b9939,ev_c14630687fce,hm_a00ad2a2c52a,0.5669630765914917,False
0.0,0.0003,200,sol_40fc1d53b1f48b2c,ev_c177de350e9d,hm_a0f8ed47a107,0.4545454680919647,False
0.02,0.001,20,sol_4342f60ef5ac3363,ev_c19f24c59cbc,hm_8de6b26636d5,0.4545454680919647,False
0.1,0.001,10,sol_59eedf48f6ef3878,ev_c1a766297ecb,hm_8de6b26636d5,0.4545454680919647,False
0.05,0.0003,200,sol_752f44ab45539304,ev_c1f8265791ae,hm_a0f8ed47a107,0.5668963193893433,False
0.0,0.0005,200,sol_cc359674b20182a5,ev_c1fb4cd7b28d,hm_7a9cff01f511,0.5669712424278259,False
0.0,0.0003,700,sol_6724da55c8b0f8c5,ev_c20c9859d5ac,hm_a0f8ed47a107,0.5669916868209839,False
0.0,0.001,200,sol_11672d6b9881382d,ev_c2148b906c74,hm_8de6b26636d5,0.8733484745025635,False
0.02,0.0005,700,sol_3e31bf6e65d389c0,ev_c21b109e8e1e,hm_7a9cff01f511,0.9555493593215942,False
0.05,0.0007,10,sol_355a03057d32d7e7,ev_c22a2f1eb9e2,hm_b46918a75620,0.4545454680919647,False
0.05,0.0005,1000,sol_cae80f15242cb100,ev_c22c82abfcad,hm_7a9cff01f511,1.1405922174453735,False
0.05,0.0003,100,sol_862842431ef2196b,ev_c23666f831d7,hm_a0f8ed47a107,0.4545454680919647,False
0.0,0.001,1000,sol_d4dc5c55e71b0945,ev_c23c034926f5,hm_8de6b26636d5,1.6595923900604248,False
0.1,0.0001,100,sol_af53ea128af6ff6a,ev_c2408a914f37,hm_a00ad2a2c52a,0.4545454680919647,False
0.0,0.0003,100,sol_93442614514ca085,ev_c249ba43f0c2,hm_a0f8ed47a107,0.4545454680919647,False
0.01,0.0003,10,sol_d1456b40dc8fcaca,ev_c26d3570be99,hm_a0f8ed47a107,0.4545454680919647,False
0.1,0.0007,10,sol_f25c764a88256568,ev_c283f947e5d7,hm_b46918a75620,0.4545454680919647,False
0.1,0.0003,10,sol_42a76dffb8c42b59,ev_c289f238c3d7,hm_a0f8ed47a107,0.4545454680919647,False
0.0,0.001,700,sol_a1df66ca688b2b15,ev_c2be006985fa,hm_8de6b26636d5,1.43482506275177,False
0.1,0.0005,20,sol_51624debc72ed24c,ev_c2be889581c5,hm_7a9cff01f511,0.4545454680919647,False
0.02,0.001,1000,sol_e54948562ec7e5fc,ev_c2e728988ea3,hm_8de6b26636d5,2.2019124031066895,False
0.1,0.0007,20,sol_023dab6c007ef928,ev_c2f2e19ecbd3,hm_b46918a75620,0.4545454680919647,False
0.0,0.0001,200,sol_308f97a3479b2f6f,ev_c2f989c5a567,hm_a00ad2a2c52a,0.4545454680919647,False
0.02,0.001,200,sol_c7efaf6bf1e4bb99,ev_c31eb3c53f21,hm_8de6b26636d5,0.5669925212860107,False
0.0,0.001,400,sol_c004ed34ca6eb9bb,ev_c340634b2146,hm_8de6b26636d5,0.7427259683609009,False
0.02,0.0003,100,sol_3db5b45df6d12b9c,ev_c35a86cf073a,hm_a0f8ed47a107,0.4545454680919647,False
0.0,0.0007,10,sol_9527278302d9100e,ev_c375c0811f87,hm_b46918a75620,0.4545454680919647,False
0.1,0.0001,700,sol_451596deba4a81ad,ev_c3908a7a2832,hm_a00ad2a2c52a,0.5994669795036316,False
0.02,0.001,400,sol_887bc63616d39f2e,ev_c39d609acd39,hm_8de6b26636d5,1.0935343503952026,False
0.1,0.001,700,sol_213b641552d905f8,ev_c3bc7b3e3eb9,hm_8de6b26636d5,1.4987068176269531,False
0.0,0.0003,50,sol_6e7d7367f3b12070,ev_c3c6d8fe99a4,hm_a0f8ed47a107,0.4545454680919647,False
0.01,0.0001,10,sol_06e091787771678a,ev_c44440a8eaab,hm_a00ad2a2c52a,0.4545454680919647,False
0.1,0.001,50,sol_47be50da1c5a5636,ev_c44c1424ec68,hm_8de6b26636d5,0.4545454680919647,False
0.05,0.0007,200,sol_fd02aabe7cd17408,ev_c4522984d2f1,hm_b46918a75620,1.3973010778427124,False
0.01,0.0005,200,sol_fe4e725e32a65807,ev_c45b708f078a,hm_7a9cff01f511,0.566909909248352,False
0.0,0.001,50,sol_99313ab24bcdf590,ev_c473b93a5cb8,hm_8de6b26636d5,0.566979706287384,False
0.0,0.001,20,sol_b2e254bd10283f60,ev_c47727c70846,hm_8de6b26636d5,0.4545454680919647,False
0.01,0.0003,100,sol_adb6c5b6f0432b8a,ev_c47795da7cd7,hm_a0f8ed47a107,0.45454463362693787,False
0.05,0.0005,50,sol_dabf0ef586c4e114,ev_c482f0b33959,hm_7a9cff01f511,0.4545454680919647,False
0.02,0.0005,20,sol_42764990e552b750,ev_c499ca2cc184,hm_7a9cff01f511,0.4545454680919647,False
0.02,0.0005,20,sol_705e1546475b3fd2,ev_c49ae389d48c,hm_7a9cff01f511,0.4545454680919647,False
0.01,0.0007,100,sol_2a9cb366c55843ca,ev_c4b7fdb5f29f,hm_b46918a75620,0.5670003294944763,False
0.02,0.0003,10,sol_182da5df6307c378,ev_c4e652ed7883,hm_a0f8ed47a107,0.4545454680919647,False
0.05,0.0007,400,sol_22f2dbc64a8ca1ab,ev_c4e8a3ab2736,hm_b46918a75620,0.7607694268226624,False
0.01,0.0003,700,sol_d9cfcebb23c68398,ev_c4efa35d0bed,hm_a0f8ed47a107,0.5669510364532471,False
0.1,0.0003,700,sol_68a2899d362d6a82,ev_c4f4ef65a7eb,hm_a0f8ed47a107,0.7344158887863159,False
0.1,0.0005,20,sol_31315e6b20afa2b5,ev_c51db7a59b2c,hm_7a9cff01f511,0.4545454680919647,False
0.0,0.0007,20,sol_ba1fc088956b3dc1,ev_c52cf07f40d2,hm_b46918a75620,0.4545454680919647,False
0.0,0.0001,1000,sol_ddddc75bf2fb4926,ev_c54e1ea88735,hm_a00ad2a2c52a,0.5641940236091614,False
0.1,0.0007,200,sol_dc50f4095a37d0c4,ev_c54e23865f49,hm_b46918a75620,0.5669676661491394,False
0.0,0.0007,100,sol_d74478bdc69bde57,ev_c566388b0a63,hm_b46918a75620,0.4545454680919647,False
0.02,0.0003,10,sol_ebb7473d90dfed81,ev_c567416fbf0f,hm_a0f8ed47a107,0.4545454680919647,False
0.05,0.0007,50,sol_6e29cc125d2375bf,ev_c594924cd11b,hm_b46918a75620,0.4545454680919647,False
0.05,0.001,20,sol_4fc77e8b4cf293f2,ev_c59c162459ed,hm_8de6b26636d5,0.4545454680919647,False
0.1,0.0005,200,sol_e5ddeb583597ea62,ev_c5c60c383da5,hm_7a9cff01f511,0.5669160485267639,False
0.02,0.001,50,sol_855fa13e71d9cfe5,ev_c5c69c49e51b,hm_8de6b26636d5,0.4545454680919647,False
0.01,0.001,20,sol_a5a3042acdaca7d2,ev_c5c8a6e65b2c,hm_8de6b26636d5,0.4545454680919647,False
0.01,0.0007,10,sol_5f27c8d58643a487,ev_c5cb8717cfc2,hm_b46918a75620,0.4545454680919647,False
0.1,0.0007,50,sol_f48c91cc1253b632,ev_c5e6c39aa11e,hm_b46918a75620,0.4545454680919647,False
0.05,0.001,400,sol_8fb9739377cf9542,ev_c607e2f5e005,hm_8de6b26636d5,1.1921981573104858,False
0.01,0.0003,1000,sol_7c3e8f7a988b1b08,ev_c615264477d1,hm_a0f8ed47a107,1.3917784690856934,False
0.05,0.0007,20,sol_a96e77c097c2fe08,ev_c61b38db7576,hm_b46918a75620,0.4545454680919647,False
0.02,0.0005,200,sol_48f9f50aee49e17d,ev_c62c7562c687,hm_7a9cff01f511,0.4545454680919647,False
0.02,0.0003,20,sol_f4ab4b8f07bd98f5,ev_c6544a767aa0,hm_a0f8ed47a107,0.4545454680919647,False
0.1,0.0007,700,sol_1ff72b411b99f83e,ev_c6707a69d7ed,hm_b46918a75620,1.499914526939392,False
0.02,0.0007,20,sol_6f4419645b1236b4,ev_c67a926f652a,hm_b46918a75620,0.4545454680919647,False
0.02,0.0003,1000,sol_3a0bf85a10e87592,ev_c682823b9f04,hm_a0f8ed47a107,0.9514842629432678,False
0.01,0.0001,50,sol_bb740fd27b7987d6,ev_c6a0339207d8,hm_a00ad2a2c52a,0.4545454680919647,False
0.0,0.0003,100,sol_9d1729d010887798,ev_c6a480deaa2a,hm_a0f8ed47a107,0.4545454680919647,False
0.1,0.0007,50,sol_647739582cbbde82,ev_c6aa2257e568,hm_b46918a75620,1.0000286102294922,False
0.0,0.0001,10,sol_edaa709f436f175f,ev_c6aa3fb1789a,hm_a00ad2a2c52a,0.4545454680919647,False
0.02,0.001,200,sol_e002c80ad37912fe,ev_c6d21b809421,hm_8de6b26636d5,0.9596938490867615,False
0.01,0.001,400,sol_6d072ee3b5b04ada,ev_c71851479731,hm_8de6b26636d5,1.434981107711792,False
0.0,0.0001,100,sol_46478e52a2b447f0,ev_c71ade5c520d,hm_a00ad2a2c52a,0.4545454680919647,False
0.0,0.0003,50,sol_990093f0f09a1b4f,ev_c7396b681fbf,hm_a0f8ed47a107,0.4545454680919647,False
0.02,0.0005,100,sol_c2bc27c272102274,ev_c73e51249428,hm_7a9cff01f511,0.5669955015182495,False
0.02,0.0001,400,sol_295004af8ab9176d,ev_c74472b73fa2,hm_a00ad2a2c52a,0.4545412063598633,False
0.01,0.0007,20,sol_ca1ac7f45f33bfcb,ev_c75352fa745b,hm_b46918a75620,0.4545454680919647,False
0.05,0.0001,10,sol_6315943341d6b025,ev_c767d27d8367,hm_a00ad2a2c52a,0.4545454680919647,False
0.0,0.0007,50,sol_737267c5ac348056,ev_c76a314eb9c3,hm_b46918a75620,0.5669783353805542,False
0.01,0.0003,400,sol_0bb13bacb8167968,ev_c7735237e217,hm_a0f8ed47a107,0.8732008934020996,False
0.0,0.001,400,sol_30e06af54b2f8db1,ev_c785b89107d0,hm_8de6b26636d5,1.1920946836471558,False
0.01,0.0005,1000,sol_cd8a35c85db88363,ev_c78ade301ce5,hm_7a9cff01f511,1.0389206409454346,False
0.01,0.0005,10,sol_6707ce9ade052254,ev_c7968cfe41ac,hm_7a9cff01f511,0.4545454680919647,False
0.1,0.0005,20,sol_80edc0636f7108b1,ev_c7a3cfc0ac2c,hm_7a9cff01f511,0.4545454680919647,False
0.0,0.001,10,sol_2c61ee367761e48d,ev_c7ae206e510c,hm_8de6b26636d5,0.4545454680919647,False
0.02,0.0003,100,sol_7eadbe3eb1c1799e,ev_c7b54bf2b8b4,hm_a0f8ed47a107,0.4545454680919647,False
0.0,0.0001,200,sol_f8726da2b1e64f3a,ev_c7be1e7d361b,hm_a00ad2a2c52a,0.566974937915802,False
0.05,0.0007,50,sol_9cc516f1e1f53293,ev_c7e52d9b5840,hm_b46918a75620,0.4545454680919647,False
0.01,0.0005,100,sol_19d0e9aea1b9ddef,ev_c7f26fee1230,hm_7a9cff01f511,0.4545454680919647,False
0.02,0.001,1000,sol_f1eec8e793fec860,ev_c8008cd1ba03,hm_8de6b26636d5,5.232276439666748,False
0.01,0.0005,100,sol_73144aa21ee7fca8,ev_c806d2c69f3a,hm_7a9cff01f511,0.4545454680919647,False
0.01,0.0001,50,sol_9fbcffdf107d493f,ev_c810d0503149,hm_a00ad2a2c52a,0.4545454680919647,False
0.0,0.001,400,sol_8b657a98f243eab5,ev_c812410bbe4c,hm_8de6b26636d5,0.5997915267944336,False
0.02,0.001,1000,sol_2f7671958b6a3f74,ev_c81e63cc175d,hm_8de6b26636d5,2.424039840698242,False
0.1,0.0001,400,sol_8ed8cdd4ab6e2fd2,ev_c8328edca258,hm_a00ad2a2c52a,0.4545454680919647,False
0.1,0.0001,10,sol_306881f8fc1f117e,ev_c84e51c310fa,hm_a00ad2a2c52a,0.4545454680919647,False
0.05,0.0007,20,sol_29289a3e93f0f3e9,ev_c85ee1e28864,hm_b46918a75620,0.4545454680919647,False
0.02,0.0007,200,sol_940e5116c8c03885,ev_c86cd8f12db3,hm_b46918a75620,0.8900429606437683,False
0.0,0.0001,50,sol_5d8bdc97ca3a640a,ev_c872305d9a47,hm_a00ad2a2c52a,0.4545454680919647,False
0.02,0.0007,200,sol_5bf8dad73bea323d,ev_c873957412e9,hm_b46918a75620,1.0012322664260864,False
0.0,0.0001,20,sol_1aeb0cdecf39c7a2,ev_c87808fcadad,hm_a00ad2a2c52a,0.4545454680919647,False
0.01,0.001,10,sol_2d388f7331bf6619,ev_c889788bcadf,hm_8de6b26636d5,0.4545454680919647,False
0.02,0.0003,200,sol_15a19656e5522349,ev_c89c8df9025d,hm_a0f8ed47a107,0.5999213457107544,False
0.1,0.0005,400,sol_cb582ac37a2b3d12,ev_c8aa4a3e32b1,hm_7a9cff01f511,0.5997227430343628,False
0.0,0.0007,200,sol_b9c4406baa1abe89,ev_c8d022accf27,hm_b46918a75620,1.2582041025161743,False
0.05,0.0001,10,sol_0aa48feb2b69dd3f,ev_c8f2c60829be,hm_a00ad2a2c52a,0.4545454680919647,False
0.01,0.001,400,sol_86fba20cbcfba95d,ev_c8f3a3f64aab,hm_8de6b26636d5,0.8952438831329346,False
0.02,0.0001,700,sol_db9a3166486dcaa9,ev_c91842d93f14,hm_a00ad2a2c52a,0.4545423984527588,False
0.01,0.0003,50,sol_12dd09d741a66732,ev_c920fd94a752,hm_a0f8ed47a107,0.4545454680919647,False
0.01,0.0005,700,sol_a013936300820920,ev_c92330175904,hm_7a9cff01f511,1.42483389377594,False
0.02,0.0003,200,sol_613709ba20ba9ca6,ev_c92ef563c353,hm_a0f8ed47a107,0.5669441819190979,False
0.02,0.0005,700,sol_61884b3c9ac82a67,ev_c93a2b92655d,hm_7a9cff01f511,0.8102144598960876,False
0.02,0.0007,50,sol_67baf6aef0d3ace1,ev_c96ab66f983f,hm_b46918a75620,0.4545454680919647,False
0.0,0.0007,700,sol_c6cbf03dc60e07ee,ev_c98e13df0f6e,hm_b46918a75620,1.181742787361145,False
0.02,0.0003,200,sol_455625e55d45377a,ev_c98efc09bbb2,hm_a0f8ed47a107,0.4545454680919647,False
0.02,0.001,200,sol_01e3503c0d2f07be,ev_c9cb546bad0a,hm_8de6b26636d5,0.6845994591712952,False
0.01,0.0007,100,sol_2f9d0c1ccbcb2a0e,ev_c9dbf0304305,hm_b46918a75620,0.5669753551483154,False
0.0,0.0001,200,sol_b987b1f44d9a7569,ev_c9e3ee6a5a24,hm_a00ad2a2c52a,0.4545454680919647,False
0.1,0.0003,200,sol_c5854cb82715a15e,ev_c9f2b4401aae,hm_a0f8ed47a107,0.6065930128097534,False
0.05,0.001,400,sol_e055c0e30e47ceb3,ev_ca012f7369d5,hm_8de6b26636d5,1.2581963539123535,False
0.05,0.0007,50,sol_24a8d2b6383cb3cd,ev_ca2b04299a4b,hm_b46918a75620,0.4545454680919647,False
0.02,0.0007,700,sol_4ccad9056b1232c0,ev_ca31e29946c1,hm_b46918a75620,1.2322815656661987,False
0.01,0.0003,10,sol_6d94e292da420415,ev_ca53628a3177,hm_a0f8ed47a107,0.4545454680919647,False
0.1,0.0001,400,sol_04b93d7de2e18ee1,ev_ca573690abd8,hm_a00ad2a2c52a,0.4545454680919647,False
0.05,0.0007,400,sol_3a9d47c18e19945d,ev_ca65919ec2eb,hm_b46918a75620,0.7599271535873413,False
0.1,0.0003,100,sol_f368c87298d7719c,ev_ca6bf1b9de30,hm_a0f8ed47a107,0.4545454680919647,False
0.05,0.0001,20,sol_158adb9d88987508,ev_ca702b8e3200,hm_a00ad2a2c52a,0.4545454680919647,False
0.05,0.001,10,sol_49c30e475c5d3c3a,ev_ca83b5db2d5c,hm_8de6b26636d5,0.4545454680919647,False
0.05,0.0007,50,sol_faac09a7c63cde07,ev_ca978b2ddd99,hm_b46918a75620,0.5669823288917542,False
0.1,0.0001,20,sol_20291dc15339fa37,ev_caa566a776ea,hm_a00ad2a2c52a,0.4545454680919647,False
0.0,0.001,400,sol_a130789c17128578,ev_caad443b8b30,hm_8de6b26636d5,1.221492886543274,False
0.05,0.0005,700,sol_90da8ce0461a1485,ev_cab183b81cf5,hm_7a9cff01f511,0.6976802349090576,False
0.02,0.0005,400,sol_5063d02d7de351d3,ev_cab4c7572011,hm_7a9cff01f511,0.888096809387207,False
0.1,0.0007,10,sol_f6d27a190c87f03c,ev_cac758a4786a,hm_b46918a75620,0.4545454680919647,False
0.02,0.001,10,sol_e55100e746e288be,ev_cacff875fb92,hm_8de6b26636d5,0.4545454680919647,False
0.05,0.0005,10,sol_732742448e27447c,ev_cae7081bc93b,hm_7a9cff01f511,0.4545454680919647,False
0.02,0.0005,100,sol_9d522325fde91aa4,ev_cb159d9ca366,hm_7a9cff01f511,0.4545454680919647,False
0.02,0.0005,1000,sol_6a56637dadf67531,ev_cb1d8d28dff3,hm_7a9cff01f511,1.1919219493865967,False
0.0,0.0001,100,sol_5924d9a7a06234ba,ev_cb53e34d89f7,hm_a00ad2a2c52a,0.4545454680919647,False
0.05,0.0007,700,sol_1382f38ccf59e707,ev_cb56faf34d1c,hm_b46918a75620,1.2044273614883423,False
0.1,0.0003,700,sol_c1cc137a3cf02923,ev_cb838f391194,hm_a0f8ed47a107,0.6776513457298279,False
0.1,0.0001,400,sol_9aea4759086b9cfc,ev_cb884ca33b60,hm_a00ad2a2c52a,0.4545454680919647,False
0.02,0.0007,10,sol_c8d0b0013620cbeb,ev_cb8e42728c8f,hm_b46918a75620,0.4545454680919647,False
0.05,0.0005,400,sol_d2372ea9bca3b65b,ev_cb9a69bed13c,hm_7a9cff01f511,0.6849250793457031,False
0.05,0.0005,400,sol_8b3cfa5cf2b6ef26,ev_cba2d4d020c9,hm_7a9cff01f511,0.5998216867446899,False
0.0,0.001,20,sol_35391a5b1de89c72,ev_cbbb7da89425,hm_8de6b26636d5,0.4545454680919647,False
0.05,0.0001,10,sol_bc8799b5ad2709ff,ev_cbbd06c97ceb,hm_a00ad2a2c52a,0.4545454680919647,False
0.0,0.0003,1000,sol_e3b8f09085570799,ev_cbd126c29b57,hm_a0f8ed47a107,0.8551318049430847,False
0.0,0.0005,10,sol_0ca1cf1b33dea868,ev_cc058bb32324,hm_7a9cff01f511,0.4545454680919647,False
0.05,0.0001,200,sol_75603dcd42e66cf0,ev_cc0a5c789315,hm_a00ad2a2c52a,0.4545454680919647,False
0.02,0.0007,20,sol_bcc38dc116e3b8e6,ev_cc0f5256ad94,hm_b46918a75620,0.4545454680919647,False
0.01,0.0005,700,sol_7a6ec7817ca0409b,ev_cc17b8385ce1,hm_7a9cff01f511,0.8946289420127869,False
0.0,0.0005,1000,sol_50d5a78e1fab6d9a,ev_cc2810042d1e,hm_7a9cff01f511,0.9403877258300781,False
0.01,0.0003,10,sol_95780bd47dcb918e,ev_cc3e5a42a829,hm_a0f8ed47a107,0.4545454680919647,False
0.05,0.0005,200,sol_5ef8d77bc0f7259e,ev_cc4e080fb5f7,hm_7a9cff01f511,1.0925931930541992,False
0.05,0.0003,20,sol_31567ec1846d7beb,ev_cc736bf3519c,hm_a0f8ed47a107,0.4545454680919647,False
0.05,0.0007,400,sol_4ccb39316e49b571,ev_cc7b754b5b41,hm_b46918a75620,0.6980165839195251,False
0.05,0.001,100,sol_c10a5979ed2f1da9,ev_cc7bdfafd352,hm_8de6b26636d5,0.5669772624969482,False
0.02,0.0003,1000,sol_e25e66b61084df52,ev_cc8119b95ed2,hm_a0f8ed47a107,1.4999977350234985,False
0.1,0.0005,100,sol_9bc2c0261df41cac,ev_cc811d98db79,hm_7a9cff01f511,0.4545454680919647,False
0.01,0.0005,200,sol_7913c0c9dc15e7ee,ev_cca4518d9cea,hm_7a9cff01f511,0.7435827255249023,False
0.01,0.0007,1000,sol_633f8c8f0206bc82,ev_ccca77ba3c0d,hm_b46918a75620,1.410780906677246,False
0.02,0.001,700,sol_3f95228ecb8c3cab,ev_cccd8efe9138,hm_8de6b26636d5,1.563448429107666,False
0.02,0.001,10,sol_b74cb84bd421e083,ev_ccd8d50c7884,hm_8de6b26636d5,0.4545454680919647,False
0.0,0.0003,50,sol_894afebb1803c0e9,ev_cce9e0303da4,hm_a0f8ed47a107,0.4545454680919647,False
0.05,0.0001,1000,sol_1fc415895efbc75c,ev_cced9cccf8ed,hm_a00ad2a2c52a,0.5640339255332947,False
0.05,0.001,400,sol_bf01aaf1bb407be9,ev_ccef0a3179ae,hm_8de6b26636d5,1.0708715915679932,False
0.05,0.001,10,sol_c67c3034120e499c,ev_ccf2b3328a3e,hm_8de6b26636d5,0.4545454680919647,False
0.1,0.0007,20,sol_40200bcebdc4739a,ev_ccf881844832,hm_b46918a75620,0.4545454680919647,False
0.05,0.0005,100,sol_c15ba9a1d6ee1915,ev_cd06667ef4b7,hm_7a9cff01f511,0.4545454680919647,False
0.02,0.0001,20,sol_3b0a2baaab8b6b3d,ev_cd148ccc9900,hm_a00ad2a2c52a,0.4545454680919647,False
0.1,0.0005,20,sol_4bb7db7d2fd155f8,ev_cd164c80daca,hm_7a9cff01f511,0.4545454680919647,False
0.05,0.001,400,sol_7d90101a3e70ac7f,ev_cd2fdc34534b,hm_8de6b26636d5,0.8900021314620972,False
0.02,0.0005,100,sol_6bfbf68f4c9df480,ev_cd3b3ba1ffaf,hm_7a9cff01f511,0.6000000238418579,False
0.01,0.001,20,sol_d9b0c574eb51a2d5,ev_cd3ef330e77d,hm_8de6b26636d5,0.4545454680919647,False
0.0,0.0001,10,sol_7f009f4be99f1070,ev_cd410e3a70f9,hm_a00ad2a2c52a,0.4545454680919647,False
0.05,0.0001,1000,sol_cd80d806b6a997ad,ev_cd456f4bdf7a,hm_a00ad2a2c52a,0.5640314817428589,False
0.1,0.001,200,sol_70b4a0a59921184e,ev_cd5f619324ad,hm_8de6b26636d5,0.6424773335456848,False
0.05,0.0001,50,sol_f1d36809ccaebc38,ev_cd7bfab0dac4,hm_a00ad2a2c52a,0.4545454680919647,False
0.05,0.0005,1000,sol_01ab91028eab7cea,ev_cd8a980521da,hm_7a9cff01f511,1.4995170831680298,False
0.1,0.001,100,sol_a5f567d2decd0121,ev_cd8e4d3494ff,hm_8de6b26636d5,0.7019105553627014,False
0.1,0.0007,200,sol_022b691ff0e3ca5f,ev_cd92cd37e822,hm_b46918a75620,0.599872350692749,False
0.02,0.0003,400,sol_47196aea1aeab3c3,ev_cd9a8ac9db36,hm_a0f8ed47a107,0.676911473274231,False
0.0,0.0007,200,sol_a1cd539266f71cfb,ev_cdae9ba6995d,hm_b46918a75620,1.132582187652588,False
0.05,0.0003,100,sol_8fd75be0279ea48a,ev_cdb86f8d5f3b,hm_a0f8ed47a107,0.4545454680919647,False
0.01,0.0003,1000,sol_c16f8b2e82e01df5,ev_cddd7047f77f,hm_a0f8ed47a107,0.7418428659439087,False
0.02,0.001,10,sol_06297ddf41be4902,ev_cde2e4ac0b55,hm_8de6b26636d5,0.4545454680919647,False
0.01,0.0003,400,sol_45bb5245606136b0,ev_cdf239ea1de2,hm_a0f8ed47a107,1.0260242223739624,False
0.05,0.0001,700,sol_74988cca56152046,ev_ce0be77a097d,hm_a00ad2a2c52a,0.4545387625694275,False
0.02,0.0001,50,sol_31cd6b73c0a1d666,ev_ce0cfeea71f3,hm_a00ad2a2c52a,0.4545454680919647,False
0.05,0.0001,10,sol_bab9088a55cb74fe,ev_ce10d5b02af9,hm_a00ad2a2c52a,0.4545454680919647,False
0.05,0.0007,1000,sol_54cf356643e23297,ev_ce20cd4d088e,hm_b46918a75620,1.0758616924285889,False
0.02,0.0007,400,sol_14dbc23d08d2f3ab,ev_ce2a84996fe5,hm_b46918a75620,0.9592258930206299,False
0.05,0.0007,400,sol_4f0aeb82e56c931f,ev_ce36026a2c7c,hm_b46918a75620,1.4352264404296875,False
0.01,0.001,1000,sol_28e181fafca26511,ev_ce39c9654d33,hm_8de6b26636d5,2.2875287532806396,False
0.05,0.001,20,sol_f79a7e9cf3286dc9,ev_ce462585a8c4,hm_8de6b26636d5,0.4545454680919647,False
0.02,0.001,100,sol_6d0d5c027bdb169e,ev_ce4934e4f2a2,hm_8de6b26636d5,0.5669844746589661,False
0.02,0.0005,400,sol_0bdc1baa3588f56c,ev_ce5527018236,hm_7a9cff01f511,0.7285255789756775,False
0.0,0.0003,100,sol_853fc6bf94a7d51a,ev_ce62b6de7204,hm_a0f8ed47a107,0.4545454680919647,False
0.1,0.0007,10,sol_fd4c4899da12e306,ev_ce6f706edc1c,hm_b46918a75620,0.4545454680919647,False
0.01,0.0007,400,sol_c9fe909d63e8a2ab,ev_ce7886d16615,hm_b46918a75620,1.2212775945663452,False
0.1,0.0007,1000,sol_dd5909b98234f319,ev_ce9e254110c8,hm_b46918a75620,1.4997977018356323,False
0.1,0.0007,20,sol_48f7e1df46070781,ev_cea1bf9c4684,hm_b46918a75620,0.4545454680919647,False
0.1,0.0003,700,sol_e99c32a9fe91aa54,ev_cea1ea66e3d4,hm_a0f8ed47a107,1.1415001153945923,False
0.05,0.0001,100,sol_7ccae47ab37e86b3,ev_ceb428916d94,hm_a00ad2a2c52a,0.4545454680919647,False
0.05,0.0005,400,sol_18c16156afcdcbe2,ev_ced99980ef24,hm_7a9cff01f511,0.6373178362846375,False
0.1,0.0001,700,sol_927f99e43db4924c,ev_cefaee385328,hm_a00ad2a2c52a,0.6626145243644714,False
0.0,0.001,10,sol_0403265fe8e69c62,ev_cf000b63ccb6,hm_8de6b26636d5,0.4545454680919647,False
0.1,0.0007,400,sol_1fe3cda9dbba20a8,ev_cf00b3022a2f,hm_b46918a75620,0.7050952315330505,False
0.1,0.0007,700,sol_c403894e3c43fb36,ev_cf1ddea490b6,hm_b46918a75620,0.9847073554992676,False
0.0,0.0003,1000,sol_9447fe501905b597,ev_cf201266e218,hm_a0f8ed47a107,1.4999369382858276,False
0.01,0.0003,50,sol_5d9ccd0fc61eb243,ev_cf4470563d91,hm_a0f8ed47a107,0.4545454680919647,False
0.01,0.001,400,sol_66a1c2a2a6aeacdf,ev_cf592ac6ec82,hm_8de6b26636d5,0.9869551658630371,False
0.01,0.0003,100,sol_41077595aa6f1920,ev_cf7fc985e575,hm_a0f8ed47a107,0.566987156867981,False
0.0,0.0003,10,sol_0e0ed74648bee788,ev_cf8cd52da625,hm_a0f8ed47a107,0.4545454680919647,False
0.0,0.0001,50,sol_98551a4a0d11bfe2,ev_cf9463f6c806,hm_a00ad2a2c52a,0.4545454680919647,False
0.05,0.0003,100,sol_a74cfcaced45019a,ev_cfb2e4c4aea8,hm_a0f8ed47a107,0.4545454680919647,False
0.1,0.0007,1000,sol_d0c2aa9f042fb413,ev_cfd7bb8637c8,hm_b46918a75620,1.4996864795684814,False
0.05,0.0007,200,sol_e0cf0b40904c29c6,ev_cfe1f01d7373,hm_b46918a75620,0.5999217629432678,False
0.1,0.0001,50,sol_d7dfd17c4d7fa0ca,ev_cfeabbc3c1d0,hm_a00ad2a2c52a,0.4545454680919647,False
0.02,0.0005,200,sol_a52b8e6beceb5cde,ev_d009e366d404,hm_7a9cff01f511,0.5999004244804382,False
0.02,0.0001,20,sol_2485f48d3a6e36e3,ev_d018648bbcc3,hm_a00ad2a2c52a,0.4545454680919647,False
0.01,0.0007,10,sol_9a1a6e98ff12487d,ev_d02b6fce94d7,hm_b46918a75620,0.4545454680919647,False
0.1,0.0001,1000,sol_952cb88d71fc212e,ev_d02f8c08b57a,hm_a00ad2a2c52a,0.4545297622680664,False
0.01,0.0003,200,sol_96642f1a0c7d8b20,ev_d02fad5d4d33,hm_a0f8ed47a107,1.19233238697052,False
0.01,0.0001,100,sol_6d85417ec9afc055,ev_d035fe0170cd,hm_a00ad2a2c52a,0.45454490184783936,False
0.05,0.0001,200,sol_6303c1a60e14dde5,ev_d03876efb867,hm_a00ad2a2c52a,0.4545454680919647,False
0.0,0.0005,1000,sol_0bc27ad4ddda20db,ev_d04126961362,hm_7a9cff01f511,1.3257511854171753,False
0.0,0.0001,20,sol_5f6e96aeb047f600,ev_d082c098b229,hm_a00ad2a2c52a,0.4545454680919647,False
0.0,0.0005,1000,sol_bf2d8aebfcbd2258,ev_d08f2423c063,hm_7a9cff01f511,1.4351550340652466,False
0.02,0.0005,100,sol_ccc1bbce4eeb2644,ev_d0a191a5a319,hm_7a9cff01f511,0.4545454680919647,False
0.05,0.0007,100,sol_f38a9a26e756e5bd,ev_d0a775a17225,hm_b46918a75620,0.4545454680919647,False
0.02,0.001,200,sol_6c3fde6150c10d8f,ev_d0b781116786,hm_8de6b26636d5,0.5669942498207092,False
0.0,0.001,20,sol_23d1da0310d3e26d,ev_d0be8120fb17,hm_8de6b26636d5,0.4545454680919647,False
0.02,0.0003,10,sol_f2c00321455a6568,ev_d0be8fb24794,hm_a0f8ed47a107,0.4545454680919647,False
0.0,0.001,1000,sol_1dc46750524c07e5,ev_d0c33e217460,hm_8de6b26636d5,1.6367460489273071,False
0.1,0.0003,700,sol_91bff005c3a93f6f,ev_d0d11084f6c8,hm_a0f8ed47a107,0.8139762878417969,False
0.0,0.0005,10,sol_5f1f368e662df8f6,ev_d0fde5cef816,hm_7a9cff01f511,0.4545454680919647,False
0.1,0.0005,10,sol_35e6e0a8d11508e1,ev_d11846b3a41b,hm_7a9cff01f511,0.4545454680919647,False
0.02,0.0005,50,sol_6840cf88bc80261e,ev_d123b084c03f,hm_7a9cff01f511,0.4545454680919647,False
0.1,0.0003,1000,sol_9c2a149a22f967cc,ev_d12f3fbb19cf,hm_a0f8ed47a107,0.8727337718009949,False
0.01,0.0005,100,sol_3b2600e726437631,ev_d12fd54d5f65,hm_7a9cff01f511,0.4545454680919647,False
0.1,0.0003,50,sol_99a3baa3ca343461,ev_d143717c7cb0,hm_a0f8ed47a107,0.4545454680919647,False
0.05,0.001,400,sol_4c49f8dac5ab8b3b,ev_d14c909d5e5b,hm_8de6b26636d5,0.9737465977668762,False
0.01,0.0003,400,sol_d047984fc7367691,ev_d14cbb5c1bc1,hm_a0f8ed47a107,0.5669081807136536,False
0.01,0.0003,10,sol_66724e5916088e4e,ev_d15485e8e89f,hm_a0f8ed47a107,0.4545454680919647,False
0.02,0.001,700,sol_afb9af6dd5b91294,ev_d1610f2881ee,hm_8de6b26636d5,1.6396794319152832,False
0.02,0.0007,10,sol_36d38188cc7aafae,ev_d168d6cf6c7d,hm_b46918a75620,0.4545454680919647,False
0.0,0.001,1000,sol_98a8e875a3ca9d85,ev_d17262f1a177,hm_8de6b26636d5,2.2686855792999268,False
0.02,0.0001,50,sol_610e7f7b5c006f8a,ev_d180304f4792,hm_a00ad2a2c52a,0.4545454680919647,False
0.02,0.001,10,sol_884c15afaf91e62d,ev_d18639cde896,hm_8de6b26636d5,0.4545454680919647,False
0.01,0.0003,100,sol_079dadfc01990e4e,ev_d18e19310278,hm_a0f8ed47a107,0.599951982498169,False
0.02,0.0003,400,sol_917959b3e2e04d3b,ev_d1a491ab2f3a,hm_a0f8ed47a107,0.7608256936073303,False
0.0,0.0005,50,sol_75e70175f97ce60d,ev_d1ae5a402fa3,hm_7a9cff01f511,0.4545454680919647,False
0.02,0.0003,20,sol_6d2a5fbea8f99b53,ev_d1daead80ce5,hm_a0f8ed47a107,0.4545454680919647,False
0.0,0.0003,400,sol_cd37e34d16507cdb,ev_d1f0e80895f3,hm_a0f8ed47a107,0.5669674873352051,False
0.1,0.0005,1000,sol_c4cc73dd6409633e,ev_d1fbf59521e6,hm_7a9cff01f511,1.1921536922454834,False
0.0,0.0003,700,sol_c640a27dfb7ad680,ev_d206f229e7bb,hm_a0f8ed47a107,0.5997785329818726,False
0.1,0.0005,10,sol_0121621a3ceb103f,ev_d2082834a9b9,hm_7a9cff01f511,0.4545454680919647,False
0.01,0.0005,200,sol_89f85c9d92b57b42,ev_d224dcf2d577,hm_7a9cff01f511,0.9405258893966675,False
0.05,0.001,1000,sol_22a1ed0ad8712512,ev_d24cdd95ccd3,hm_8de6b26636d5,5.3117289543151855,False
0.1,0.0005,700,sol_cac81202250451a6,ev_d2517d36172e,hm_7a9cff01f511,0.9151893258094788,False
0.01,0.0001,100,sol_1eec3cf1f251491a,ev_d2539ca41c6f,hm_a00ad2a2c52a,0.4545454680919647,False
0.1,0.0005,700,sol_4e7001f4df2218df,ev_d2615960147b,hm_7a9cff01f511,1.1921160221099854,False
0.02,0.0003,50,sol_5045f6c99838e3b3,ev_d275cf3fc983,hm_a0f8ed47a107,0.4545454680919647,False
0.02,0.0005,20,sol_1a8986dfcf348084,ev_d2810c9607c1,hm_7a9cff01f511,0.4545454680919647,False
0.05,0.0007,20,sol_7e0070f2a7911725,ev_d2844b867250,hm_b46918a75620,0.4545454680919647,False
0.01,0.0001,50,sol_2189dedc69a55661,ev_d284da021411,hm_a00ad2a2c52a,0.4545454680919647,False
0.02,0.0007,700,sol_1ce4f122772d6fdb,ev_d2853992418e,hm_b46918a75620,0.9730222225189209,False
0.01,0.0003,20,sol_01b9513eeda4cbf2,ev_d292f40eb08b,hm_a0f8ed47a107,0.4545454680919647,False
0.0,0.0005,20,sol_528162889c164297,ev_d29a1efc5cdd,hm_7a9cff01f511,0.4545454680919647,False
0.05,0.0003,20,sol_15134358e9b28ef4,ev_d2a0154fa5af,hm_a0f8ed47a107,0.4545454680919647,False
0.01,0.001,700,sol_c6a1eb36f14efa0f,ev_d2a5b9fb173c,hm_8de6b26636d5,1.309026837348938,False
0.05,0.0005,700,sol_71d831f86ddc5fc9,ev_d2b698edc23a,hm_7a9cff01f511,1.4350872039794922,False
0.0,0.001,700,sol_f4dc1eb24745be89,ev_d2bf12f347f2,hm_8de6b26636d5,2.010962724685669,False
0.05,0.0007,20,sol_396e14df8e6387ce,ev_d2e8c1a5b3f9,hm_b46918a75620,0.4545454680919647,False
0.01,0.0005,400,sol_0590b267c392d525,ev_d2e918a09ab2,hm_7a9cff01f511,0.628993809223175,False
0.1,0.0007,700,sol_47d56f119daef380,ev_d3078a844ff7,hm_b46918a75620,1.4999431371688843,False
0.01,0.0005,100,sol_456a310c0e5eac10,ev_d3230974d2e1,hm_7a9cff01f511,0.5669790506362915,False
0.05,0.0001,700,sol_be4cff064183bf57,ev_d32681d10903,hm_a00ad2a2c52a,0.5992749929428101,False
0.1,0.0007,20,sol_6f4e1a6246808858,ev_d33981c4c271,hm_b46918a75620,0.4545454680919647,False
0.1,0.001,1000,sol_f31d60e4cdc1ab89,ev_d341c535d766,hm_8de6b26636d5,1.7608369588851929,False
0.01,0.001,100,sol_c9cd3ceadab0d465,ev_d344e8a7109f,hm_8de6b26636d5,0.5669862031936646,False
0.0,0.0007,400,sol_54b1b4cd574fa611,ev_d355315141d5,hm_b46918a75620,0.9896729588508606,False
0.05,0.0005,200,sol_d8577bcae0fcf8f5,ev_d389c4df4ca4,hm_7a9cff01f511,0.5669484734535217,False
0.1,0.001,400,sol_df9bcbf2c86c7b61,ev_d394ab8471a5,hm_8de6b26636d5,0.7644428610801697,False
0.1,0.0001,700,sol_7d75e22229add2b4,ev_d3a3525564bb,hm_a00ad2a2c52a,0.4545454680919647,False
0.05,0.001,1000,sol_d16aaa5897f39de8,ev_d3a7764f89a2,hm_8de6b26636d5,2.226125955581665,False
0.02,0.0007,100,sol_37cd7083ae851824,ev_d3cbf28256f8,hm_b46918a75620,0.5669806599617004,False
0.1,0.0007,10,sol_2cf482f8487af6f2,ev_d3d0334ae235,hm_b46918a75620,0.4545454680919647,False
0.1,0.0003,700,sol_1caa2b2ad0c054d0,ev_d3d2e9ff123e,hm_a0f8ed47a107,0.5992397665977478,False
0.02,0.0001,400,sol_77dfa9bb49cb3482,ev_d3f5951f3041,hm_a00ad2a2c52a,0.45454323291778564,False
0.1,0.0001,700,sol_1db14adee83013ee,ev_d4028d068a11,hm_a00ad2a2c52a,0.5669082403182983,False
0.01,0.0003,700,sol_e33fad9a398e2362,ev_d40c01b66075,hm_a0f8ed47a107,1.187059760093689,False
0.1,0.0003,200,sol_3b475896b591662a,ev_d4120e5aad4c,hm_a0f8ed47a107,0.5669359564781189,False
0.01,0.0001,400,sol_2b0e9531a42e3013,ev_d416e77a2c1c,hm_a00ad2a2c52a,0.4545448124408722,False
0.0,0.0005,1000,sol_f170cc4e325a86da,ev_d43334ce8d6f,hm_7a9cff01f511,2.624661922454834,False
0.05,0.0003,1000,sol_8c4dc3d0e1c14bbb,ev_d4379b72a78d,hm_a0f8ed47a107,0.6626800894737244,False
0.1,0.0001,700,sol_cabd5cfa27d960e4,ev_d448e76b2520,hm_a00ad2a2c52a,0.6379171013832092,False
0.0,0.0001,700,sol_693cb4dfdaed348c,ev_d4565e4d7a5e,hm_a00ad2a2c52a,0.5642531514167786,False
0.02,0.0007,1000,sol_3353f09dbf2d7a8c,ev_d4679173446f,hm_b46918a75620,1.4997692108154297,False
0.1,0.0005,20,sol_60c691bfede26444,ev_d4721e3caa32,hm_7a9cff01f511,0.4545454680919647,False
0.02,0.0003,400,sol_50c8ecc835db4f87,ev_d473917e9284,hm_a0f8ed47a107,0.5669249296188354,False
0.02,0.0001,100,sol_0b0f55f1fac0412c,ev_d473b707afef,hm_a00ad2a2c52a,0.4545454680919647,False
0.05,0.001,700,sol_b81accc3865765fe,ev_d4e652b8b075,hm_8de6b26636d5,1.2003018856048584,False
0.01,0.0007,10,sol_20384175f744428a,ev_d4f7b025e481,hm_b46918a75620,0.4545454680919647,False
0.1,0.0001,100,sol_f344e9e46161bf90,ev_d52ad03a6ec7,hm_a00ad2a2c52a,0.4545454680919647,False
0.1,0.0007,1000,sol_d0db0a29883f1e9c,ev_d55976c734bf,hm_b46918a75620,1.6393104791641235,False
0.0,0.0007,100,sol_e35f08a89eda04a4,ev_d560bab57bae,hm_b46918a75620,0.56695157289505,False
0.01,0.0003,400,sol_d189b7ff658f8e95,ev_d56f126f4165,hm_a0f8ed47a107,0.566936194896698,False
0.01,0.0003,100,sol_c16910ae21275712,ev_d5873e710040,hm_a0f8ed47a107,0.566955029964447,False
0.05,0.0007,50,sol_6afab000f34302be,ev_d5c0badd91e5,hm_b46918a75620,0.4545454680919647,False
0.0,0.0007,1000,sol_bc0e130e9f4d7909,ev_d5c5ba941b76,hm_b46918a75620,3.3938522338867188,False
0.02,0.0007,400,sol_3ee43554274140d4,ev_d5c6b8557f72,hm_b46918a75620,0.7392611503601074,False
0.05,0.001,20,sol_ea774b42868ce499,ev_d5d2e4ad14f2,hm_8de6b26636d5,0.4545454680919647,False
0.01,0.001,200,sol_8a5d249621578764,ev_d5eb53c52613,hm_8de6b26636d5,0.5669944286346436,False
0.02,0.0005,100,sol_33cabdcfe54b6f3b,ev_d5fcbdb01b49,hm_7a9cff01f511,0.5669910311698914,False
0.0,0.0001,700,sol_9c70da2697c05742,ev_d617018fe14b,hm_a00ad2a2c52a,0.5641376376152039,False
0.0,0.0001,50,sol_9272f1ec792744be,ev_d61f6b6aa377,hm_a00ad2a2c52a,0.4545454680919647,False
0.01,0.001,10,sol_ce742886d10b3c25,ev_d627302f105b,hm_8de6b26636d5,0.4545454680919647,False
0.02,0.0003,10,sol_ff32c0f34abdd273,ev_d6329623ac7c,hm_a0f8ed47a107,0.4545454680919647,False
0.05,0.001,100,sol_dc32d1fe851e8f77,ev_d63d07f78d75,hm_8de6b26636d5,0.8695060014724731,False
0.0,0.0003,100,sol_d1b7dca0ca101de9,ev_d6425f939f44,hm_a0f8ed47a107,0.4545454680919647,False
0.0,0.001,20,sol_82e2b303c18aa534,ev_d65efcb04c31,hm_8de6b26636d5,0.4545454680919647,False
0.05,0.0003,50,sol_b0806b733565b278,ev_d680c6ab910f,hm_a0f8ed47a107,0.4545454680919647,False
0.05,0.0001,50,sol_c8f29ea967b77717,ev_d682e2528b3e,hm_a00ad2a2c52a,0.4545454680919647,False
0.02,0.0001,1000,sol_bfeb14cf62fab073,ev_d6a68c32f6f8,hm_a00ad2a2c52a,0.5640698075294495,False
0.05,0.0001,50,sol_29080a76ad83f420,ev_d6a89e880670,hm_a00ad2a2c52a,0.4545454680919647,False
0.05,0.001,100,sol_7f227bcb6bc23d17,ev_d6caa35a30fd,hm_8de6b26636d5,0.7567017674446106,False
0.0,0.0003,200,sol_1b8ee79b7c2b85e8,ev_d6cf12c7ce6e,hm_a0f8ed47a107,0.4545454680919647,False
0.0,0.0007,700,sol_9b47a318762639c6,ev_d6d61338c988,hm_b46918a75620,1.6629477739334106,False
0.01,0.0005,10,sol_d31f5052d093b3d7,ev_d6f8ca23b863,hm_7a9cff01f511,0.4545454680919647,False
0.0,0.0007,700,sol_623d991320eab83d,ev_d6ffb13407f3,hm_b46918a75620,1.2290334701538086,False
0.05,0.0001,10,sol_b6e86cd37cc267f1,ev_d706554d3491,hm_a00ad2a2c52a,0.4545454680919647,False
0.01,0.0003,700,sol_614dab013e342a6e,ev_d70afdbb887b,hm_a0f8ed47a107,1.4999200105667114,False
0.05,0.0007,50,sol_a72390ea2065d164,ev_d70bb458c3d9,hm_b46918a75620,0.4545454680919647,False
0.02,0.001,200,sol_182ea6a203da39d2,ev_d727e8306ceb,hm_8de6b26636d5,1.0136313438415527,False
0.01,0.0007,400,sol_21ae1f32e39a1043,ev_d72d5e17d95d,hm_b46918a75620,0.744891881942749,False
0.1,0.0005,400,sol_1c08378ffc688834,ev_d730b6c24034,hm_7a9cff01f511,0.5669350028038025,False
0.05,0.0003,200,sol_a65db2d8e8dbfa0d,ev_d73d4549042b,hm_a0f8ed47a107,0.7432708740234375,False
0.0,0.0007,1000,sol_f892978ddaf102d1,ev_d761d9730c86,hm_b46918a75620,1.384827971458435,False
0.0,0.0001,20,sol_451ca50b5d0b1d57,ev_d761eefd20b4,hm_a00ad2a2c52a,0.4545454680919647,False
0.1,0.0003,10,sol_b51f811cbd5fc725,ev_d7632ab2b3d8,hm_a0f8ed47a107,0.4545454680919647,False
0.02,0.0001,200,sol_1eb935eb47e84731,ev_d76627475362,hm_a00ad2a2c52a,0.4545436501502991,False
0.05,0.0005,50,sol_cf4207cc4ad0bb06,ev_d79d268f00b4,hm_7a9cff01f511,0.4545454680919647,False
0.02,0.0003,20,sol_47ccb0d1bf59bd23,ev_d7ccf5b0332a,hm_a0f8ed47a107,0.4545454680919647,False
0.01,0.0007,200,sol_e20f13bf0cae618a,ev_d7dc8f9fdd97,hm_b46918a75620,0.5999182462692261,False
0.05,0.0007,400,sol_86936e81e5113cf5,ev_d7ed68ed81ab,hm_b46918a75620,0.9061404466629028,False
0.05,0.001,1000,sol_f5eaa186697a1d0c,ev_d80637342f38,hm_8de6b26636d5,1.6581615209579468,False
0.0,0.0001,20,sol_0e25c39f8acad391,ev_d81871236592,hm_a00ad2a2c52a,0.4545454680919647,False
0.02,0.001,700,sol_cea70dd8ce216a72,ev_d8189173df7b,hm_8de6b26636d5,1.1532995700836182,False
0.1,0.0001,700,sol_de59257efb4ecc89,ev_d827222569fa,hm_a00ad2a2c52a,0.5669743418693542,False
0.1,0.0005,50,sol_947bdf24a535a436,ev_d828743980f3,hm_7a9cff01f511,0.4545454680919647,False
0.1,0.0007,10,sol_722dd8567ad49640,ev_d83ddc054a86,hm_b46918a75620,0.4545454680919647,False
0.05,0.0001,50,sol_6e36885e1892ab2a,ev_d85032b4acb1,hm_a00ad2a2c52a,0.4545454680919647,False
0.02,0.001,50,sol_d09b99e2f4a01001,ev_d8558b2dc258,hm_8de6b26636d5,0.4545454680919647,False
0.1,0.0007,10,sol_eb8082f5332c384a,ev_d858ef7b803e,hm_b46918a75620,0.4545454680919647,False
0.05,0.0007,1000,sol_d7496368507608e7,ev_d85fc244951d,hm_b46918a75620,1.1912938356399536,False
0.0,0.0003,1000,sol_07618443cb798b63,ev_d86dcd0d76db,hm_a0f8ed47a107,0.8754594326019287,False
0.05,0.0001,400,sol_8ec3c3f1e75121da,ev_d87547944e38,hm_a00ad2a2c52a,0.4545454680919647,False
0.05,0.001,50,sol_9635d409984d535e,ev_d87f4d1ba0ae,hm_8de6b26636d5,0.5669736266136169,False
0.02,0.0001,700,sol_3612f51dfded9308,ev_d8b2f6729a5c,hm_a00ad2a2c52a,0.5641079545021057,False
0.1,0.0001,50,sol_2fc04638d8b0bca4,ev_d8d631d9517f,hm_a00ad2a2c52a,0.4545454680919647,False
0.02,0.0001,20,sol_8b871a479afc54e9,ev_d8dfa23138db,hm_a00ad2a2c52a,0.4545454680919647,False
0.02,0.0001,200,sol_4eacfefd43829bcd,ev_d8e79b2531ab,hm_a00ad2a2c52a,0.45454373955726624,False
0.01,0.0001,1000,sol_38e05e7a006e5516,ev_d8ed8a178f7a,hm_a00ad2a2c52a,0.640102207660675,False
0.01,0.0005,200,sol_e95c11f2ec9be9c9,ev_d8f26a06c518,hm_7a9cff01f511,0.599944531917572,False
0.0,0.0005,1000,sol_b43df651bcd9547d,ev_d8f49cd3042f,hm_7a9cff01f511,0.8646733164787292,False
0.02,0.0001,200,sol_1d89bf4cbf3d7b59,ev_d8f9bb95c70e,hm_a00ad2a2c52a,0.5959376692771912,False
0.02,0.0001,200,sol_bccb177dbb8e96c4,ev_d9223344c480,hm_a00ad2a2c52a,0.4545446038246155,False
0.02,0.0007,10,sol_8fa8bc8f91baa6e8,ev_d934edd9f7a8,hm_b46918a75620,0.4545454680919647,False
0.01,0.0007,50,sol_8583f209301c5ab1,ev_d93a80b26bfd,hm_b46918a75620,0.4545454680919647,False
0.1,0.001,100,sol_4ef21051f5f97725,ev_d93cc626b860,hm_8de6b26636d5,0.5669434666633606,False
0.05,0.0007,700,sol_3aaa8e327a0ba763,ev_d9478ee454e9,hm_b46918a75620,1.1922293901443481,False
0.1,0.0001,20,sol_96672bc1a870cc12,ev_d96a7e03283c,hm_a00ad2a2c52a,0.4545454680919647,False
0.0,0.0007,200,sol_90693484d45138b6,ev_d96c8a387977,hm_b46918a75620,0.8400887250900269,False
0.02,0.0001,700,sol_b9922ec24682c8ef,ev_d97a1908c2fb,hm_a00ad2a2c52a,0.4545428454875946,False
0.01,0.0001,20,sol_d0a96b19b07027b1,ev_d9821c1d92ba,hm_a00ad2a2c52a,0.4545454680919647,False
0.02,0.0001,20,sol_0e9b3dc67b241424,ev_d99b6fe5be72,hm_a00ad2a2c52a,0.4545454680919647,False
0.05,0.001,200,sol_d9104f882f7a9e5b,ev_d9a41c924d5a,hm_8de6b26636d5,0.5997924208641052,False
0.0,0.0005,400,sol_240b99945a28d3f8,ev_d9eb6e56984c,hm_7a9cff01f511,0.685021698474884,False
0.05,0.0003,400,sol_05639cb025f4ee22,ev_d9fd0c1d7d3e,hm_a0f8ed47a107,0.5669311881065369,False
0.1,0.0003,100,sol_c9e747d7b668aab7,ev_da007ca6cf4f,hm_a0f8ed47a107,0.4545454680919647,False
0.05,0.0007,10,sol_5e06a34a075300e8,ev_da0bfab81322,hm_b46918a75620,0.4545454680919647,False
0.02,0.0007,10,sol_c871e0bd51789645,ev_da1f7e3379cc,hm_b46918a75620,0.4545454680919647,False
0.0,0.0003,200,sol_bcb154849d48cdc6,ev_da3fbb1bbbb6,hm_a0f8ed47a107,0.5669743418693542,False
0.0,0.0007,10,sol_e3abeb27453e6312,ev_da6012c8536d,hm_b46918a75620,0.4545454680919647,False
0.01,0.001,100,sol_2ac29699e0d66857,ev_da78e135fb7b,hm_8de6b26636d5,0.5999512672424316,False
0.02,0.0001,100,sol_2e7c657cb30887d0,ev_da98b8e385c8,hm_a00ad2a2c52a,0.4545454680919647,False
0.0,0.0001,10,sol_7205d3a459f97986,ev_daa7a322f358,hm_a00ad2a2c52a,0.4545454680919647,False
0.05,0.0005,50,sol_62e43ff17c110b03,ev_daae579030f3,hm_7a9cff01f511,0.4545454680919647,False
0.0,0.0007,200,sol_c23ed75466e9810c,ev_dab9fe8ba01a,hm_b46918a75620,0.5669533014297485,False
0.01,0.0007,200,sol_c4d1fb543eda2613,ev_dae2a35a5c5b,hm_b46918a75620,0.5998561382293701,False
0.02,0.0003,700,sol_cb747f031e9c1be6,ev_db0e3d8c7e34,hm_a0f8ed47a107,1.3970776796340942,False
0.05,0.0003,20,sol_115e046a89ffbd64,ev_db13ba58c81a,hm_a0f8ed47a107,0.4545454680919647,False
0.01,0.0005,1000,sol_9e79446d718d0ee8,ev_db17ab838357,hm_7a9cff01f511,1.3970277309417725,False
0.02,0.0007,700,sol_8bee3e22d0770082,ev_db20df854094,hm_b46918a75620,0.8810743093490601,False
0.02,0.001,1000,sol_144c6643b816964a,ev_db217796ca8a,hm_8de6b26636d5,1.4917911291122437,False
0.05,0.0003,1000,sol_b6fe55f0192708ac,ev_db21c71e99c0,hm_a0f8ed47a107,0.7671156525611877,False
0.01,0.0007,400,sol_069fd9ba2dc60e80,ev_db414f1de987,hm_b46918a75620,1.3918877840042114,False
0.05,0.0001,400,sol_3f637a25dfe7b516,ev_db83a7268f2a,hm_a00ad2a2c52a,0.4545454680919647,False
0.02,0.0005,1000,sol_ab8120f3fc54e413,ev_db8789bb74ce,hm_7a9cff01f511,1.8716282844543457,False
0.01,0.0007,10,sol_038003fce05cb366,ev_db9c8030bd0f,hm_b46918a75620,0.4545454680919647,False
0.02,0.001,1000,sol_3986ccc60185ee09,ev_dbae5d0e0915,hm_8de6b26636d5,6.440946102142334,False
0.01,0.0001,400,sol_bffa3adcf3a3a5e5,ev_dbed899b35fb,hm_a00ad2a2c52a,0.4545438587665558,False
0.02,0.001,400,sol_00d6dc83d98a75b2,ev_dc1e9cb3141b,hm_8de6b26636d5,0.7346858978271484,False
0.1,0.0005,10,sol_9edb8d005fcf9a2e,ev_dc2273b73f70,hm_7a9cff01f511,0.4545454680919647,False
0.1,0.0007,200,sol_8f05c129bde0bb8b,ev_dc2577fe1924,hm_b46918a75620,0.599824070930481,False
0.02,0.0007,400,sol_e9088336f41ca122,ev_dc53031aeeff,hm_b46918a75620,1.1922006607055664,False
0.01,0.0001,100,sol_40b0af3e7a06e956,ev_dc63bcf2a25a,hm_a00ad2a2c52a,0.4545454680919647,False
0.02,0.0003,100,sol_6efa5b75f3facc06,ev_dc6b843b2932,hm_a0f8ed47a107,0.4545454680919647,False
0.0,0.001,50,sol_05548f57eb86b480,ev_dc7058b942cd,hm_8de6b26636d5,0.566977322101593,False
0.01,0.0007,20,sol_f3cf2a12df1207ab,ev_dc757c3ef8c4,hm_b46918a75620,0.4545454680919647,False
0.05,0.0003,200,sol_10bae112ee6dbf04,ev_dc97356e8784,hm_a0f8ed47a107,0.4545454680919647,False
0.1,0.0001,50,sol_e0b3f334851bb8fd,ev_dcab34ea436d,hm_a00ad2a2c52a,0.4545454680919647,False
0.02,0.001,700,sol_d279c8a16099305e,ev_dcadc29f8719,hm_8de6b26636d5,1.1745073795318604,False
0.1,0.001,700,sol_28cb7192e7a17eaf,ev_dcb7842ce8d2,hm_8de6b26636d5,0.9629600644111633,False
0.1,0.0007,1000,sol_cf5b70c2afd7f0e3,ev_dcc350c5cc31,hm_b46918a75620,1.3951725959777832,False
0.01,0.001,400,sol_ccb0a4144e4382e4,ev_dccfbd2a76b4,hm_8de6b26636d5,1.3299305438995361,False
0.05,0.0003,50,sol_53c3d1f404065590,ev_dcd6367f40ac,hm_a0f8ed47a107,0.4545454680919647,False
0.1,0.0007,100,sol_ed0ba01750a35ef5,ev_dcfd02d36d30,hm_b46918a75620,0.4545454680919647,False
0.1,0.0003,700,sol_12d09451ba982620,ev_dd0f4b8e9d86,hm_a0f8ed47a107,0.7347497940063477,False
0.01,0.001,200,sol_441722e100838ae6,ev_dd1a10fa770e,hm_8de6b26636d5,0.5669634342193604,False
0.05,0.0003,100,sol_d5f182b849c780e8,ev_dd27477d8f8d,hm_a0f8ed47a107,0.4545454680919647,False
0.05,0.0001,20,sol_88fc3a2ebbf1f11e,ev_dd3021604d3f,hm_a00ad2a2c52a,0.4545454680919647,False
0.0,0.0003,100,sol_6b363fa3d726918c,ev_dd5f59989ba7,hm_a0f8ed47a107,0.4545454680919647,False
0.0,0.0007,100,sol_cf39dc374e1b5ba2,ev_dd600b143b0a,hm_b46918a75620,0.5999806523323059,False
0.0,0.0007,100,sol_613242ecc5b21f3b,ev_dd6380d95903,hm_b46918a75620,0.5669752955436707,False
0.0,0.0005,20,sol_c4cb5944cb4a840d,ev_dd6e0b28e0ba,hm_7a9cff01f511,0.4545454680919647,False
0.01,0.0003,200,sol_c918936677776e7b,ev_dd6e7e02c51a,hm_a0f8ed47a107,0.5999459624290466,False
0.0,0.0005,20,sol_48394f4290d57a61,ev_dd757177b9d7,hm_7a9cff01f511,0.4545454680919647,False
0.01,0.0005,200,sol_8dda4fffb4e18b47,ev_dd8f62e3be44,hm_7a9cff01f511,0.45454415678977966,False
0.01,0.0007,700,sol_5fec48ca407ee9ce,ev_dda738a62f93,hm_b46918a75620,1.417590618133545,False
0.02,0.0007,1000,sol_1e31df5e38969639,ev_ddac2e3283c7,hm_b46918a75620,1.3616918325424194,False
0.02,0.0007,700,sol_63b363226583041d,ev_ddafb7706259,hm_b46918a75620,1.4999690055847168,False
0.1,0.001,700,sol_dd8098be9693e684,ev_ddcd2a88e791,hm_8de6b26636d5,1.4999279975891113,False
0.05,0.0005,400,sol_6161d6ee4e9ac834,ev_dddfa320239e,hm_7a9cff01f511,0.6979511380195618,False
0.1,0.0005,20,sol_f884d75cdb9eedc7,ev_de054c61d6b5,hm_7a9cff01f511,0.4545454680919647,False
0.02,0.0001,700,sol_58f25dff84264ac6,ev_de27161c9e4e,hm_a00ad2a2c52a,0.5668975710868835,False
0.05,0.0007,1000,sol_e7ab527f8cfef300,ev_de4acb75c4ae,hm_b46918a75620,3.43200945854187,False
0.01,0.001,100,sol_d00f1dd082e5c97d,ev_de5ed0eeac57,hm_8de6b26636d5,0.5669975280761719,False
0.01,0.0005,10,sol_3194a95e02b6d517,ev_dea93314bbc2,hm_7a9cff01f511,0.4545454680919647,False
0.05,0.0005,1000,sol_6708ab94defd4036,ev_deac7e28906e,hm_7a9cff01f511,0.895641565322876,False
0.02,0.0003,1000,sol_d547593c521ca72e,ev_ded140864c1d,hm_a0f8ed47a107,0.7797403931617737,False
0.0,0.0003,20,sol_455d8866a1aa43f3,ev_ded897820273,hm_a0f8ed47a107,0.4545454680919647,False
0.0,0.001,50,sol_6c3060f80f1a0393,ev_dedcf9a72a35,hm_8de6b26636d5,0.4545454680919647,False
0.02,0.001,10,sol_1bf459eb0bd26e77,ev_deebd7f1704c,hm_8de6b26636d5,0.4545454680919647,False
0.01,0.0007,400,sol_a5b378e3bedca683,ev_def6812349d7,hm_b46918a75620,1.192010760307312,False
0.02,0.001,10,sol_7602853780a66a67,ev_df1bf84083a3,hm_8de6b26636d5,0.4545454680919647,False
0.05,0.0005,400,sol_c1400d57ecad6298,ev_df341cb30a8f,hm_7a9cff01f511,0.7010555267333984,False
0.05,0.0007,1000,sol_08c6ffe8e0e01d06,ev_df3786ba9fdc,hm_b46918a75620,1.5335257053375244,False
0.1,0.0007,1000,sol_662532bc52e305cd,ev_df3bf5df45e7,hm_b46918a75620,0.8271605372428894,False
0.1,0.0001,20,sol_41bc0bcddf8583fe,ev_df408aa726c0,hm_a00ad2a2c52a,0.4545454680919647,False
0.02,0.0001,200,sol_0a20675fe158d141,ev_df41a5513988,hm_a00ad2a2c52a,0.4545454680919647,False
0.05,0.001,1000,sol_c68ad12d4d7e49ac,ev_df585b62da32,hm_8de6b26636d5,1.4996726512908936,False
0.02,0.0007,1000,sol_7b12e8ad04f0972c,ev_df6063902bbf,hm_b46918a75620,1.527794599533081,False
0.01,0.0005,700,sol_cd344c8fadfb50d1,ev_df688d735423,hm_7a9cff01f511,1.1441161632537842,False
0.1,0.0007,200,sol_b7bdfd3e6ec8861e,ev_df7960c23f97,hm_b46918a75620,0.5999207496643066,False
0.0,0.0003,10,sol_6f6ab388ab7e6f29,ev_df915e55d1f1,hm_a0f8ed47a107,0.4545454680919647,False
0.01,0.0005,20,sol_b899eebf13af2451,ev_df9b0474167a,hm_7a9cff01f511,0.4545454680919647,False
0.01,0.0005,20,sol_749d56217320cc3b,ev_df9db7e8f97f,hm_7a9cff01f511,0.4545454680919647,False
0.02,0.001,100,sol_bd8910e8b71e8a64,ev_dfd1dea69c49,hm_8de6b26636d5,0.873344361782074,False
0.02,0.0007,50,sol_22012381c68c744f,ev_e002fb4f4835,hm_b46918a75620,0.599936842918396,False
0.1,0.0003,20,sol_3b313aef05a0ed5c,ev_e019742623af,hm_a0f8ed47a107,0.4545454680919647,False
0.1,0.0003,400,sol_38c38343bf67640a,ev_e02375d4c47c,hm_a0f8ed47a107,0.5669100880622864,False
0.05,0.001,10,sol_b76d82f9af360ad9,ev_e0597a44adab,hm_8de6b26636d5,0.4545454680919647,False
0.01,0.0007,200,sol_1ed60a1b1a65b241,ev_e0622eb883ab,hm_b46918a75620,0.5669865012168884,False
0.05,0.0007,400,sol_360432af87c22bd1,ev_e08d25f14aff,hm_b46918a75620,0.9596216678619385,False
0.0,0.0005,400,sol_e7f477faf25b7f12,ev_e09598cfa73f,hm_7a9cff01f511,1.411612629890442,False
0.1,0.001,10,sol_0737e42a7bf7e39b,ev_e09a8b2aaac3,hm_8de6b26636d5,0.4545454680919647,False
0.02,0.0001,200,sol_0827c9803397a478,ev_e09b1a5bd14f,hm_a00ad2a2c52a,0.45454418659210205,False
0.02,0.0001,20,sol_7357879021f1603b,ev_e0ac882eabab,hm_a00ad2a2c52a,0.4545454680919647,False
0.01,0.0007,20,sol_978169fe6ad4eaf3,ev_e0c711e92af1,hm_b46918a75620,0.4545454680919647,False
0.1,0.0003,50,sol_2a59eaf6a058abd2,ev_e0ee3ab4e47c,hm_a0f8ed47a107,0.4545454680919647,False
0.0,0.0005,20,sol_e19bbc43a9900ebf,ev_e10d44c2e525,hm_7a9cff01f511,0.4545454680919647,False
0.02,0.0005,400,sol_ba7a7fd76869d792,ev_e13c412250d8,hm_7a9cff01f511,0.741051197052002,False
0.1,0.0007,50,sol_6020824912e9ea27,ev_e16f94dbadb6,hm_b46918a75620,0.4545454680919647,False
0.02,0.0005,20,sol_884852029157d039,ev_e18908a9b2b3,hm_7a9cff01f511,0.4545454680919647,False
0.0,0.0001,20,sol_1663593a0ed93548,ev_e1b4527f8c8c,hm_a00ad2a2c52a,0.4545454680919647,False
0.05,0.0001,200,sol_eb23de3b638523ee,ev_e1efaf3c17c1,hm_a00ad2a2c52a,0.4545454680919647,False
0.1,0.0001,20,sol_8f370f73ccf7d797,ev_e1fcdd058aac,hm_a00ad2a2c52a,0.4545454680919647,False
0.02,0.0001,100,sol_efe69267e7db482f,ev_e1ff71bd9516,hm_a00ad2a2c52a,0.4545454680919647,False
0.0,0.0005,400,sol_510c12be0b1fff15,ev_e201c5784121,hm_7a9cff01f511,0.599399209022522,False
0.0,0.0005,50,sol_b889819d5d49ba55,ev_e228a50ddd33,hm_7a9cff01f511,0.4545454680919647,False
0.02,0.0003,20,sol_e22bef0aabb338a2,ev_e23997a5714c,hm_a0f8ed47a107,0.4545454680919647,False
0.0,0.0001,200,sol_4a6653938fc2b73b,ev_e23be380178e,hm_a00ad2a2c52a,0.4545454680919647,False
0.02,0.0005,50,sol_918f3a53e85cb533,ev_e24361eab6d6,hm_7a9cff01f511,0.4545454680919647,False
0.1,0.001,700,sol_11614350d9c58e91,ev_e24e75381f89,hm_8de6b26636d5,2.5467123985290527,False
0.01,0.001,100,sol_29ca043b281be11d,ev_e25322c721ed,hm_8de6b26636d5,0.5669770836830139,False
0.1,0.0005,10,sol_896b85c65186e636,ev_e257aaab7146,hm_7a9cff01f511,0.4545454680919647,False
0.01,0.001,50,sol_0f36219cf2760aec,ev_e26137272809,hm_8de6b26636d5,0.4545454680919647,False
0.01,0.0005,50,sol_e889cca35d577a1e,ev_e26da3df1e72,hm_7a9cff01f511,0.4545454680919647,False
0.01,0.0003,1000,sol_c95c91f9cf40c886,ev_e27129e22c0e,hm_a0f8ed47a107,1.143102765083313,False
0.1,0.0003,200,sol_86a02d5861c123f7,ev_e27e0cd02dc4,hm_a0f8ed47a107,0.5744736790657043,False
0.1,0.0005,1000,sol_f64a55ee10923427,ev_e284906c5192,hm_7a9cff01f511,1.6149711608886719,False
0.05,0.001,50,sol_7fb9ba5b1af5ef69,ev_e29eeb8037fa,hm_8de6b26636d5,0.4545454680919647,False
0.1,0.0005,1000,sol_18253551bba1d81b,ev_e2ae12e078e3,hm_7a9cff01f511,0.821977436542511,False
0.1,0.0005,1000,sol_6a05457cde0cc1c9,ev_e2bf32c6c8e4,hm_7a9cff01f511,1.1417546272277832,False
0.05,0.0007,200,sol_1f7187e33eb7aa7e,ev_e2bf8331fc81,hm_b46918a75620,0.5669057369232178,False
0.1,0.0001,1000,sol_c7b6fb571b1b836f,ev_e2c6f44569fc,hm_a00ad2a2c52a,0.8203326463699341,False
0.02,0.0003,400,sol_3278c80e4bf30732,ev_e2e674258a52,hm_a0f8ed47a107,0.5669031143188477,False
0.02,0.0003,400,sol_81cc2a153f15c66d,ev_e2e845ede0a9,hm_a0f8ed47a107,0.5669180750846863,False
0.0,0.001,700,sol_98aece67b2d19e4c,ev_e2f4e75859db,hm_8de6b26636d5,2.10831618309021,False
0.05,0.0005,10,sol_c2e63950c8e3fae5,ev_e2f4eba62ace,hm_7a9cff01f511,0.4545454680919647,False
0.01,0.0007,400,sol_7459f292eea1b297,ev_e322158ffd84,hm_b46918a75620,0.9337818026542664,False
0.01,0.0003,400,sol_9ad0f231ade2128b,ev_e33170b12c97,hm_a0f8ed47a107,0.4545443654060364,False
0.01,0.0005,20,sol_f775f7c3102ccb0b,ev_e33b9ced2bf4,hm_7a9cff01f511,0.4545454680919647,False
0.01,0.0005,100,sol_47dae98384fe7c2b,ev_e34228eb9153,hm_7a9cff01f511,0.45454463362693787,False
0.01,0.0005,700,sol_74b0d352c8ce3f60,ev_e350fcabd25e,hm_7a9cff01f511,1.141301155090332,False
0.05,0.0003,700,sol_16ca6d97850d2cf7,ev_e35168d5c059,hm_a0f8ed47a107,0.5990335941314697,False
0.01,0.001,200,sol_6c1fe875ecea458b,ev_e355f4db3d6d,hm_8de6b26636d5,0.9752376079559326,False
0.0,0.001,1000,sol_4c56901862e4a43c,ev_e358e294e2cd,hm_8de6b26636d5,11.820093154907227,False
0.05,0.0007,700,sol_7d8e27f495477242,ev_e36764110fee,hm_b46918a75620,0.9256505966186523,False
0.1,0.0001,50,sol_e56f36f41bbcbfc1,ev_e3804d8906ec,hm_a00ad2a2c52a,0.4545454680919647,False
0.05,0.001,400,sol_7ab3362cdd30e52f,ev_e398284137eb,hm_8de6b26636d5,1.1077518463134766,False
0.05,0.001,1000,sol_6be978e9b9ca12ed,ev_e3a967c01127,hm_8de6b26636d5,2.345665216445923,False
0.01,0.0001,50,sol_6ad80a2fb6bde2ed,ev_e3bf78c8134c,hm_a00ad2a2c52a,0.4545454680919647,False
0.05,0.0003,100,sol_cc503c1493998068,ev_e3bf99659821,hm_a0f8ed47a107,0.4545454680919647,False
0.01,0.0001,200,sol_22417d75f7fc65ff,ev_e3cb531dbb40,hm_a00ad2a2c52a,0.5669152140617371,False
0.0,0.0001,20,sol_1d7b5d8b3fc70e97,ev_e3cf23a61837,hm_a00ad2a2c52a,0.4545454680919647,False
0.0,0.0003,20,sol_74cd0c99c49a3824,ev_e3db35d0256a,hm_a0f8ed47a107,0.4545454680919647,False
0.0,0.0007,700,sol_6fb2da4f4d56a950,ev_e3f580f9ce40,hm_b46918a75620,1.9646960496902466,False
0.1,0.0007,10,sol_a4966a5016606968,ev_e43f5fc9902a,hm_b46918a75620,0.4545454680919647,False
0.05,0.001,400,sol_e894fa066caba95d,ev_e4481900682c,hm_8de6b26636d5,0.7826922535896301,False
0.1,0.0007,700,sol_061b38620660e1aa,ev_e45b5d4d9af2,hm_b46918a75620,0.901836633682251,False
0.02,0.0003,50,sol_68c89f04f9b281ae,ev_e46093960db4,hm_a0f8ed47a107,0.4545454680919647,False
0.0,0.0003,700,sol_ed088af085e8dab6,ev_e472220b0968,hm_a0f8ed47a107,0.5999192595481873,False
0.01,0.0007,400,sol_9014e2ca09d4dddc,ev_e47aa90730ab,hm_b46918a75620,0.5998507738113403,False
0.01,0.0007,10,sol_3713f65edaf055b6,ev_e48ab8029a7e,hm_b46918a75620,0.4545454680919647,False
0.05,0.0001,100,sol_7a492a9375784fc3,ev_e48e09ca633e,hm_a00ad2a2c52a,0.4545454680919647,False
0.01,0.0001,200,sol_8bced5ecec5ff5e9,ev_e4ac90d73224,hm_a00ad2a2c52a,0.4545435309410095,False
0.02,0.0007,100,sol_df8635e71f0fd5fd,ev_e4b96cd8ca1a,hm_b46918a75620,0.6000038981437683,False
0.02,0.0001,700,sol_526af6faa7e80c6e,ev_e4cd8ce1d0b4,hm_a00ad2a2c52a,0.4545423984527588,False
0.1,0.0005,700,sol_89ff3517823e7121,ev_e4d8321565e8,hm_7a9cff01f511,1.4999479055404663,False
0.1,0.0005,1000,sol_1f05977c63c83676,ev_e4ea61caf5f9,hm_7a9cff01f511,1.2205891609191895,False
0.1,0.0003,700,sol_75dbcbd6c51183be,ev_e54e0c1f26b9,hm_a0f8ed47a107,1.3848683834075928,False
0.0,0.0007,100,sol_d6a2d0ddd3bf41bf,ev_e54f6d2f5850,hm_b46918a75620,1.2212103605270386,False
0.05,0.0007,200,sol_67ab859fa5af42e1,ev_e561b40e9484,hm_b46918a75620,0.7608523368835449,False
0.1,0.0005,700,sol_9c6df0a8aef1dddc,ev_e56866e32de2,hm_7a9cff01f511,1.3971611261367798,False
0.05,0.0007,20,sol_d3b241cc7d3198ea,ev_e56dccd8e686,hm_b46918a75620,0.4545454680919647,False
0.05,0.0001,1000,sol_96bb7c73021f88f9,ev_e5a7aaca7337,hm_a00ad2a2c52a,0.6416754722595215,False
0.1,0.0005,50,sol_7949645893f94ffe,ev_e5b1510c08bd,hm_7a9cff01f511,0.4545454680919647,False
0.02,0.0005,200,sol_17e1d08c5e7e82ef,ev_e5c1c323bb5f,hm_7a9cff01f511,0.6290082335472107,False
0.05,0.0003,700,sol_6bed0e1b4726b5b7,ev_e5c2bb5a6cba,hm_a0f8ed47a107,1.3078792095184326,False
0.01,0.001,1000,sol_90477e9dbe17aee7,ev_e5d96f0e91d1,hm_8de6b26636d5,3.834523916244507,False
0.05,0.001,700,sol_26497320ed7b2288,ev_e5f66983cf05,hm_8de6b26636d5,1.2779279947280884,False
0.02,0.0007,1000,sol_10d73037a37f3a0b,ev_e5f7cec6af27,hm_b46918a75620,1.1921730041503906,False
0.02,0.0003,1000,sol_36722a3b1fa743d5,ev_e60febdeadf6,hm_a0f8ed47a107,0.7938412427902222,False
0.02,0.0007,200,sol_78aea4ac6512a12a,ev_e610c4a35ccc,hm_b46918a75620,0.5999442338943481,False
0.0,0.0007,50,sol_abacef5d3b17cff9,ev_e61cdb591c5c,hm_b46918a75620,0.5669804215431213,False
0.02,0.0003,200,sol_00d97cbc48e81087,ev_e67c60d2dfa2,hm_a0f8ed47a107,0.9669650197029114,False
0.0,0.0007,200,sol_a41c699bb2ed6208,ev_e6a04de4153f,hm_b46918a75620,0.5999154448509216,False
0.02,0.0007,400,sol_2a8672812e902258,ev_e6b2f6f9a6c3,hm_b46918a75620,0.5997424125671387,False
0.01,0.0003,700,sol_42140b6cbe33aef8,ev_e6b7aadfbb47,hm_a0f8ed47a107,0.6844863295555115,False
0.05,0.001,400,sol_2e4c01f55d6389a8,ev_e6ce55922288,hm_8de6b26636d5,1.1921957731246948,False
0.02,0.0005,200,sol_c59977cfb62f1869,ev_e6e3203d5b0a,hm_7a9cff01f511,0.4545454680919647,False
0.05,0.0001,20,sol_d616a5462df20d06,ev_e6f6a50e209c,hm_a00ad2a2c52a,0.4545454680919647,False
0.0,0.0007,10,sol_1c9fd67268b88d4c,ev_e6f78ff429ef,hm_b46918a75620,0.4545454680919647,False
0.0,0.0005,200,sol_1226b4f10ee4c48b,ev_e6f855b56819,hm_7a9cff01f511,0.5669615268707275,False
0.01,0.0001,200,sol_91f8cc54140a0104,ev_e6fce187cf8b,hm_a00ad2a2c52a,0.4545443654060364,False
0.0,0.0005,700,sol_13532e55501acbca,ev_e70389340ca1,hm_7a9cff01f511,0.7339133024215698,False
0.1,0.001,1000,sol_2fd5a16e19f7fce8,ev_e70e42d0a9cc,hm_8de6b26636d5,2.356804609298706,False
0.02,0.0007,1000,sol_4e049194a8a85205,ev_e731abbc5d87,hm_b46918a75620,1.2572792768478394,False
0.01,0.0005,10,sol_8d1971446d60430f,ev_e73823aac572,hm_7a9cff01f511,0.4545454680919647,False
0.01,0.0003,700,sol_ac94f9f3a91214ea,ev_e73ebed0059e,hm_a0f8ed47a107,1.1533862352371216,False
0.0,0.0003,20,sol_7bb03202d8686086,ev_e765dcf13501,hm_a0f8ed47a107,0.4545454680919647,False
0.02,0.0007,1000,sol_a24b6a4e1210e018,ev_e76ac67ac303,hm_b46918a75620,2.3571152687072754,False
0.02,0.0001,400,sol_dcf7be597f5b7bdc,ev_e77d683690bd,hm_a00ad2a2c52a,0.4545433819293976,False
0.1,0.001,10,sol_cbe3f85c2cb342c8,ev_e7af5acc728f,hm_8de6b26636d5,0.4545454680919647,False
0.01,0.0007,700,sol_f742fc659f9680a6,ev_e7d2d7b1eabb,hm_b46918a75620,1.662938117980957,False
0.02,0.001,400,sol_cab1800931a0948d,ev_e7f45545554f,hm_8de6b26636d5,1.1922825574874878,False
0.02,0.0003,100,sol_231f5f723ef9504b,ev_e7fa1868cb15,hm_a0f8ed47a107,0.4545454680919647,False
0.02,0.0001,50,sol_3df61db50d870fe7,ev_e8019e3945a9,hm_a00ad2a2c52a,0.4545454680919647,False
0.05,0.0003,20,sol_e6f49c5f3041ad54,ev_e805820813e9,hm_a0f8ed47a107,0.4545454680919647,False
0.05,0.0003,20,sol_e31ba8c66213ca6a,ev_e808232b622d,hm_a0f8ed47a107,0.4545454680919647,False
0.0,0.0001,50,sol_1b91a9de297972c0,ev_e816354ac9c3,hm_a00ad2a2c52a,0.4545454680919647,False
0.1,0.0003,400,sol_f64e9026a03f32d6,ev_e8190bea348e,hm_a0f8ed47a107,1.0317742824554443,False
0.01,0.0005,700,sol_39ff69eda7e09266,ev_e82ba1cd1a43,hm_7a9cff01f511,0.9590426087379456,False
0.05,0.0005,700,sol_4b5504d420ed13a6,ev_e83f807ee437,hm_7a9cff01f511,1.008042335510254,False
0.0,0.001,100,sol_4bd36baf1d19e354,ev_e84274100af8,hm_8de6b26636d5,0.5669742822647095,False
0.0,0.0005,700,sol_1b74f999848ddfee,ev_e864db6e0eca,hm_7a9cff01f511,0.7285503149032593,False
0.05,0.0003,100,sol_8c3ece0bf1fd106a,ev_e872637f0fa6,hm_a0f8ed47a107,0.4545454680919647,False
0.0,0.0001,50,sol_3d0676469cf13d53,ev_e87a2d28194e,hm_a00ad2a2c52a,0.4545454680919647,False
0.0,0.0003,20,sol_ade0f1f5660bc682,ev_e8a7abc11582,hm_a0f8ed47a107,0.4545454680919647,False
0.01,0.0003,1000,sol_95f1f77b3d59aaa9,ev_e8a9b369768f,hm_a0f8ed47a107,0.7274895310401917,False
0.05,0.0003,10,sol_c4ea5b6faf7554ee,ev_e8aa3def8841,hm_a0f8ed47a107,0.4545454680919647,False
0.01,0.001,400,sol_57f6254a0fd0e90c,ev_e8b1c4d1a384,hm_8de6b26636d5,2.876911163330078,False
0.01,0.0005,400,sol_9bf67bffb2f61ae7,ev_e8ddaf8c0f8a,hm_7a9cff01f511,0.5669457316398621,False
0.0,0.0005,700,sol_7a3c8acaecdeebc3,ev_e8f993265764,hm_7a9cff01f511,1.3094466924667358,False
0.02,0.0007,1000,sol_48e86bb18c7271f2,ev_e909ac0e92e3,hm_b46918a75620,1.362330436706543,False
0.1,0.001,50,sol_6a9e00de5a04c472,ev_e9117b02b531,hm_8de6b26636d5,0.6000097990036011,False
0.01,0.001,700,sol_b5bc5ed1441fa79d,ev_e92d7efe1f48,hm_8de6b26636d5,1.677675724029541,False
0.01,0.0005,20,sol_17a3a75d84d9c66a,ev_e9385e316736,hm_7a9cff01f511,0.5670102834701538,False
0.02,0.0003,50,sol_ccb6388b03022043,ev_e93a3da74714,hm_a0f8ed47a107,0.4545454680919647,False
0.02,0.0007,400,sol_fefc73febe1fa7e7,ev_e9459200907f,hm_b46918a75620,1.4352216720581055,False
0.05,0.001,50,sol_5350b367c9cc5f02,ev_e9468f8e353f,hm_8de6b26636d5,0.4545454680919647,False
0.02,0.0007,700,sol_8bc9f2d5bca9f11e,ev_e946c1bff1f0,hm_b46918a75620,1.4350600242614746,False
0.1,0.001,10,sol_e942ba2d457da681,ev_e94c5add3378,hm_8de6b26636d5,0.4545454680919647,False
0.05,0.0005,700,sol_224658558e5301d5,ev_e95e4baf8778,hm_7a9cff01f511,0.9494804739952087,False
0.0,0.0005,100,sol_aa7d1bbd0d154ab1,ev_e9690135dda9,hm_7a9cff01f511,0.5669754147529602,False
0.02,0.0001,20,sol_60d46ab4135c2493,ev_e96e90e4b784,hm_a00ad2a2c52a,0.4545454680919647,False
0.1,0.0001,1000,sol_55f40bd97344d5ea,ev_e990aabd3699,hm_a00ad2a2c52a,0.9998717308044434,False
0.05,0.0007,10,sol_88f2f1170e2a3ab3,ev_e99281ddea68,hm_b46918a75620,0.4545454680919647,False
0.0,0.0005,50,sol_dfe0650f9495ccca,ev_e9928bc84dbd,hm_7a9cff01f511,0.566979706287384,False
0.01,0.0003,100,sol_8f6e3c2d519f0a8f,ev_e9956c5b8077,hm_a0f8ed47a107,0.45454463362693787,False
0.05,0.0003,10,sol_0d34d799c236e7d5,ev_e9a4c0d41e25,hm_a0f8ed47a107,0.4545454680919647,False
0.01,0.0007,50,sol_51053ebec19485ee,ev_e9b75b1a61f5,hm_b46918a75620,0.4545454680919647,False
0.01,0.0005,100,sol_b701519ba9582012,ev_e9c99f245509,hm_7a9cff01f511,0.5669714212417603,False
0.01,0.0001,50,sol_a7ac3d2645c33684,ev_e9d8b9613bb4,hm_a00ad2a2c52a,0.4545454680919647,False
0.01,0.0005,50,sol_ccf0816412664983,ev_e9ffac61653f,hm_7a9cff01f511,0.4545454680919647,False
0.1,0.0005,20,sol_2c80a1ac3b50398b,ev_ea3a536671df,hm_7a9cff01f511,0.4545454680919647,False
0.0,0.001,20,sol_2575863661e0f6f5,ev_ea40cc596b6d,hm_8de6b26636d5,0.4545454680919647,False
0.05,0.0005,50,sol_ccae81d2e917b5c7,ev_ea54164a7bc5,hm_7a9cff01f511,0.5669806003570557,False
0.1,0.0005,10,sol_abba0e434397ae0f,ev_ea6c039c0da5,hm_7a9cff01f511,0.4545454680919647,False
0.0,0.0003,20,sol_9a98a6113582669a,ev_ea6edfe0443e,hm_a0f8ed47a107,0.4545454680919647,False
0.01,0.0007,400,sol_bbbdf494b062ab6d,ev_eaa5caff8c1f,hm_b46918a75620,0.7303831577301025,False
0.1,0.0007,10,sol_7eebbc23912c0bb1,ev_eaaca69c7e99,hm_b46918a75620,0.4545454680919647,False
0.0,0.0003,400,sol_22c20f65979ff035,ev_eadb5b9537ea,hm_a0f8ed47a107,0.5995621085166931,False
0.0,0.001,20,sol_ab35a5646897fe37,ev_eadbb7759209,hm_8de6b26636d5,0.4545454680919647,False
0.0,0.001,20,sol_33de30a479d87073,ev_eaeea2c0760c,hm_8de6b26636d5,0.4545454680919647,False
0.01,0.001,400,sol_e1acfaa3dda1dccf,ev_eb0d80454bcf,hm_8de6b26636d5,1.192283272743225,False
0.05,0.001,400,sol_04cd751a34b8f025,ev_eb171393141e,hm_8de6b26636d5,0.8646603226661682,False
0.01,0.001,700,sol_b38f7b062f9cd5f4,ev_eb56d153aef9,hm_8de6b26636d5,1.10635507106781,False
0.0,0.0005,50,sol_f7ff4bc7d064c123,ev_eb591f86a42d,hm_7a9cff01f511,0.4545454680919647,False
0.0,0.0001,1000,sol_cac72b00931450bb,ev_eb6bce4b297c,hm_a00ad2a2c52a,0.4545399844646454,False
0.05,0.0003,1000,sol_02d4226a7a1c3490,ev_eb6d1a69994a,hm_a0f8ed47a107,0.8723786473274231,False
0.02,0.0001,50,sol_e5c72bdac4dfd29f,ev_eb7b0c0e6f14,hm_a00ad2a2c52a,0.4545454680919647,False
0.1,0.0005,100,sol_25c0fb9ecf69d7b9,ev_eb902f01bbf8,hm_7a9cff01f511,0.4545454680919647,False
0.05,0.0007,200,sol_f5e7f5efb4444b16,ev_eb99a593e69c,hm_b46918a75620,0.5669791102409363,False
0.05,0.0001,100,sol_e9a0989ef22eb283,ev_ebaf487af652,hm_a00ad2a2c52a,0.4545454680919647,False
0.1,0.001,20,sol_152b1fec821f4c98,ev_ebbd4b8c10b1,hm_8de6b26636d5,0.4545454680919647,False
0.0,0.0001,100,sol_240b8afcfcfd8eff,ev_ebc8737b8a16,hm_a00ad2a2c52a,0.4545454680919647,False
0.05,0.0003,50,sol_a202df75e1a7b537,ev_ebdc0224fc2a,hm_a0f8ed47a107,0.4545454680919647,False
0.01,0.001,200,sol_3671b842312dd0f2,ev_ebdde8d5b8d9,hm_8de6b26636d5,0.7296182513237,False
0.05,0.001,20,sol_0a908080c12eb771,ev_ebe29844e5c1,hm_8de6b26636d5,0.5670102834701538,False
0.02,0.0007,100,sol_885c82efbebbf634,ev_ebe8fff77d40,hm_b46918a75620,0.5670022368431091,False
0.05,0.0005,400,sol_87b44d29fc5a8209,ev_ebf310128df2,hm_7a9cff01f511,0.5998446941375732,False
0.02,0.0001,20,sol_216d4b02a1312b85,ev_ec1e4cd95dda,hm_a00ad2a2c52a,0.4545454680919647,False
0.05,0.0005,1000,sol_61cc1207f01ed2ae,ev_ec26ac580949,hm_7a9cff01f511,1.1920315027236938,False
0.02,0.0003,700,sol_bba21d279cdbe0c3,ev_ec398c483791,hm_a0f8ed47a107,0.8041667342185974,False
0.05,0.0003,1000,sol_e3bdd664eda53d0d,ev_ec3dfbe2ea68,hm_a0f8ed47a107,1.3525505065917969,False
0.02,0.001,400,sol_814a0ef6d57254c3,ev_ec4b90172973,hm_8de6b26636d5,0.9593611359596252,False
0.0,0.0005,400,sol_faefa89970ff5c79,ev_ec5a1417e1d0,hm_7a9cff01f511,0.599490761756897,False
0.1,0.0007,20,sol_37a98a536c85494b,ev_ec605b2d2ee6,hm_b46918a75620,0.4545454680919647,False
0.1,0.001,10,sol_460712f0bd7e18a5,ev_ec6d14e84c26,hm_8de6b26636d5,0.4545454680919647,False
0.05,0.001,200,sol_78e4d72810d5010a,ev_ec83397d9f75,hm_8de6b26636d5,0.7705487012863159,False
0.0,0.0003,400,sol_5897d0f4f109f45f,ev_ec8d6e51e8c2,hm_a0f8ed47a107,0.6286669969558716,False
0.05,0.0003,20,sol_7f3b8388c07e1fb5,ev_ec914e35e3cb,hm_a0f8ed47a107,0.4545454680919647,False
0.0,0.0007,1000,sol_ed900f4ac4309088,ev_ecaa1c29eee1,hm_b46918a75620,1.4855328798294067,False
0.05,0.0005,100,sol_9a0162d5cbed1095,ev_ecb6fb7b3cb4,hm_7a9cff01f511,0.4545454680919647,False
0.01,0.001,1000,sol_ebe8a36269896482,ev_ecbf5a1eb42e,hm_8de6b26636d5,4.381674766540527,False
0.05,0.0007,100,sol_48717c3a67283ba8,ev_ecc4dadd9a2f,hm_b46918a75620,0.4545454680919647,False
0.1,0.001,200,sol_0d91b6a1cd2eed13,ev_eccb0fc51006,hm_8de6b26636d5,0.5999425053596497,False
0.02,0.0005,700,sol_a47aa3e83242f65a,ev_ecdb43d96387,hm_7a9cff01f511,1.258025050163269,False
0.01,0.0005,50,sol_28ba5bdcf689688a,ev_ece540f3edba,hm_7a9cff01f511,0.4545454680919647,False
0.1,0.0001,200,sol_5f6f49dc0a14f76b,ev_ecf7f65b4447,hm_a00ad2a2c52a,0.4545454680919647,False
0.05,0.0007,700,sol_695249b1682821dd,ev_ecf9318f9ed2,hm_b46918a75620,0.7772438526153564,False
0.0,0.0001,700,sol_5d996b851ef610c2,ev_ecfb2e321236,hm_a00ad2a2c52a,0.4545454680919647,False
0.02,0.0001,50,sol_79b93cf4b183ad7b,ev_ecfec1d11863,hm_a00ad2a2c52a,0.4545454680919647,False
0.1,0.001,400,sol_ef25eebff736cd3e,ev_ed608b59ff0f,hm_8de6b26636d5,0.9349421858787537,False
0.02,0.0005,50,sol_291c754c46485338,ev_ed6944218b83,hm_7a9cff01f511,0.4545454680919647,False
0.05,0.001,200,sol_6ec216a242b4e23d,ev_ed74bfc2ebaa,hm_8de6b26636d5,0.7941790819168091,False
0.05,0.0007,20,sol_3c2c08b191a242c4,ev_ed7819f1e772,hm_b46918a75620,0.4545454680919647,False
0.02,0.0003,100,sol_ad31a8342dc95077,ev_ed82d4e752b3,hm_a0f8ed47a107,0.4545454680919647,False
0.05,0.0007,10,sol_9d5bada03eaa48df,ev_ed948932cf55,hm_b46918a75620,0.4545454680919647,False
0.0,0.0007,50,sol_af86815ff3e4f689,ev_ed99251ac44d,hm_b46918a75620,0.5669755339622498,False
0.01,0.0007,20,sol_d5077836ce2d716c,ev_ed9a4791d167,hm_b46918a75620,0.5670102834701538,False
0.01,0.0007,200,sol_c567edd1900a36aa,ev_edc43b51819e,hm_b46918a75620,1.0180031061172485,False
0.01,0.0007,100,sol_eb8043fba3197e0f,ev_edc4b1c7c3b3,hm_b46918a75620,0.5669517517089844,False
0.05,0.0005,50,sol_8c1aa86f683ebbf8,ev_edcda32b819d,hm_7a9cff01f511,0.5669811367988586,False
0.02,0.001,200,sol_62c73ec2dce1c2e7,ev_edda543df489,hm_8de6b26636d5,0.73923659324646,False
0.05,0.0001,400,sol_5100374b23d14829,ev_ee3fa5f25ef1,hm_a00ad2a2c52a,0.6475300788879395,False
0.1,0.0003,200,sol_db6f4fea4b02aec5,ev_ee6782abee62,hm_a0f8ed47a107,0.4545454680919647,False
0.0,0.0007,700,sol_bf395b61e2c97fb4,ev_ee6d62591021,hm_b46918a75620,1.1922370195388794,False
0.05,0.0003,100,sol_fef84b17790736de,ev_ee6eb896ddbb,hm_a0f8ed47a107,0.4545454680919647,False
0.05,0.0003,100,sol_417e8d36e957ebea,ev_ee79a5a42b81,hm_a0f8ed47a107,0.4545454680919647,False
0.02,0.0001,1000,sol_c55b5605b831d75a,ev_ee8f20fa8d36,hm_a00ad2a2c52a,0.5641194581985474,False
0.1,0.001,400,sol_f5dc0e95380ec12d,ev_eeaa20023844,hm_8de6b26636d5,0.9314265847206116,False
0.01,0.0005,20,sol_7c4834665d94fd36,ev_eeabddb4e6e0,hm_7a9cff01f511,0.4545454680919647,False
0.1,0.0001,200,sol_c8b447166771e980,ev_eeb4ed2bbdea,hm_a00ad2a2c52a,0.4545454680919647,False
0.0,0.0007,1000,sol_854d648454e1584e,ev_eed0d3b374b6,hm_b46918a75620,1.661892294883728,False
0.02,0.0005,700,sol_aea35890852faf5e,ev_eefdea0b1fa8,hm_7a9cff01f511,1.4342968463897705,False
0.0,0.0001,1000,sol_0fca948daa24fb12,ev_ef0485ae7c1f,hm_a00ad2a2c52a,0.599595308303833,False
0.0,0.0003,100,sol_6dfcefe085c04eb4,ev_ef0fd34f3b0d,hm_a0f8ed47a107,0.4545454680919647,False
0.1,0.001,50,sol_d8e5592bbf59b6a1,ev_ef4ba5846f37,hm_8de6b26636d5,0.48770081996917725,False
0.0,0.0003,400,sol_72bada0748b9f711,ev_ef52862bda8a,hm_a0f8ed47a107,0.5669742822647095,False
0.01,0.001,20,sol_8a2217eabe99a1e8,ev_ef6476bc492c,hm_8de6b26636d5,0.4545454680919647,False
0.05,0.0005,20,sol_ae10ed6f259a3608,ev_ef64b6d47c14,hm_7a9cff01f511,0.4545454680919647,False
0.01,0.0001,100,sol_6b0de717b8443de1,ev_ef726b8bfdcb,hm_a00ad2a2c52a,0.4545454680919647,False
0.1,0.0003,200,sol_d2134ebac97c9f58,ev_ef72a6d9b9ab,hm_a0f8ed47a107,0.4545454680919647,False
0.0,0.0003,700,sol_65611cacfdfa3051,ev_efa044a05d22,hm_a0f8ed47a107,0.7606915235519409,False
0.0,0.0001,1000,sol_3ad82a5570d23374,ev_efe13c9055e9,hm_a00ad2a2c52a,0.5641965270042419,False
0.1,0.001,1000,sol_6b68032eebb673d7,ev_efef72522eb7,hm_8de6b26636d5,1.236439824104309,False
0.02,0.0003,20,sol_2e16c99cd540341e,ev_eff368ab9584,hm_a0f8ed47a107,0.4545454680919647,False
0.05,0.0007,700,sol_b756643fb3c0a554,ev_eff9bbd18531,hm_b46918a75620,1.3682422637939453,False
0.0,0.0003,400,sol_4b60fbb1e2e6a15a,ev_f01b4e66b7c1,hm_a0f8ed47a107,0.5669751763343811,False
0.1,0.0007,1000,sol_dc78ba17110bde5e,ev_f0291ccd7027,hm_b46918a75620,1.5878335237503052,False
0.0,0.001,400,sol_cfdedbef0c9101f7,ev_f061a09e1266,hm_8de6b26636d5,1.1922060251235962,False
0.02,0.001,400,sol_aee3fd194a05bdba,ev_f06dc98c23c6,hm_8de6b26636d5,1.43511164188385,False
0.0,0.0007,20,sol_4fb6b4b75c4e33e6,ev_f0836aed732e,hm_b46918a75620,0.4545454680919647,False
0.05,0.0003,400,sol_ca783932e3c238de,ev_f09e6937f14c,hm_a0f8ed47a107,0.7358027100563049,False
0.0,0.001,20,sol_6059d85cf5dcb88c,ev_f09e91b6b37e,hm_8de6b26636d5,0.6000000238418579,False
0.01,0.0001,700,sol_d0288fd6be5ded7a,ev_f0c3c98dbf70,hm_a00ad2a2c52a,0.5641026496887207,False
0.0,0.0003,700,sol_347e0954635362ae,ev_f0e6c0d3757f,hm_a0f8ed47a107,0.5668882131576538,False
0.0,0.0007,400,sol_64c69f99a140c556,ev_f0f59757a7de,hm_b46918a75620,0.7806124687194824,False
0.1,0.0003,100,sol_3e13c781f2fc167b,ev_f0f5a5ec41fa,hm_a0f8ed47a107,0.5669328570365906,False
0.05,0.0007,10,sol_c11e9305bb4f5914,ev_f1034ba10558,hm_b46918a75620,0.4545454680919647,False
0.01,0.001,100,sol_e431107f8ae58991,ev_f118a7bd32d1,hm_8de6b26636d5,0.5670037865638733,False
0.02,0.0003,700,sol_b4809610667dba61,ev_f12611413f95,hm_a0f8ed47a107,0.59952712059021,False
0.1,0.001,50,sol_f5bc4c80f75b7571,ev_f128b255f79e,hm_8de6b26636d5,0.4545454680919647,False
0.01,0.0001,400,sol_a1aabc144b622ace,ev_f13e6f972ef3,hm_a00ad2a2c52a,0.4545450210571289,False
0.05,0.0005,100,sol_bc4ac12336f4a4a0,ev_f152d533f280,hm_7a9cff01f511,0.4545454680919647,False
0.0,0.0001,1000,sol_b4d6ac8df831d697,ev_f15764386d1e,hm_a00ad2a2c52a,0.5669698715209961,False
0.1,0.0007,100,sol_a17f7bccf8806f8c,ev_f17cc0fe7256,hm_b46918a75620,0.5669345259666443,False
0.05,0.0005,700,sol_04d19946bd3c5176,ev_f180b8138314,hm_7a9cff01f511,1.663993239402771,False
0.1,0.0001,10,sol_0f4012d94f2eb2e9,ev_f184fa8cc8bd,hm_a00ad2a2c52a,0.4545454680919647,False
0.01,0.0001,10,sol_e2aa20a7526aa0d6,ev_f19d23cdbbb6,hm_a00ad2a2c52a,0.4545454680919647,False
0.01,0.0007,100,sol_c6000a2211b5ace9,ev_f19ef659c557,hm_b46918a75620,0.5669987201690674,False
0.02,0.0001,200,sol_6379ffc52cc08efb,ev_f1b987613129,hm_a00ad2a2c52a,0.4545430541038513,False
0.05,0.0005,1000,sol_dd58c10a84ee92e8,ev_f1bb2d287f6e,hm_7a9cff01f511,0.9111762642860413,False
0.01,0.0003,20,sol_19bec63e1c7fe8f6,ev_f1c02a9213e0,hm_a0f8ed47a107,0.4545454680919647,False
0.05,0.0001,1000,sol_c7178c19e0112e4c,ev_f1c9f3dadfa0,hm_a00ad2a2c52a,0.7343271970748901,False
0.1,0.0007,100,sol_653d6e37227171ea,ev_f1e6f1ce67cb,hm_b46918a75620,0.5669230818748474,False
0.0,0.0007,20,sol_d24d15492bc08dba,ev_f1ea5d006799,hm_b46918a75620,0.4545454680919647,False
0.05,0.0001,100,sol_bec666ff2c9becd4,ev_f1ed885b3092,hm_a00ad2a2c52a,0.4545454680919647,False
0.1,0.0001,50,sol_7c124f14ac748521,ev_f1f3b97d8888,hm_a00ad2a2c52a,0.4545454680919647,False
0.02,0.001,400,sol_bf62f6f99dab6c66,ev_f1f65d22a562,hm_8de6b26636d5,1.3626412153244019,False
0.1,0.0007,100,sol_6b3a1dd1bff96657,ev_f20d6fdb7f19,hm_b46918a75620,0.4545454680919647,False
0.0,0.0005,100,sol_2d6fe68c49331131,ev_f2233ce7573e,hm_7a9cff01f511,0.6425935626029968,False
0.01,0.0005,700,sol_02f72769b2d9fd46,ev_f23128308192,hm_7a9cff01f511,1.4999724626541138,False
0.0,0.0003,200,sol_7346f83432c0e6b1,ev_f2372719d153,hm_a0f8ed47a107,0.4545450210571289,False
0.0,0.0003,400,sol_948ee78fe156703c,ev_f251c7808da8,hm_a0f8ed47a107,0.7953097224235535,False
0.1,0.001,1000,sol_cffafdebfb7cad86,ev_f25a7894846a,hm_8de6b26636d5,1.6073368787765503,False
0.05,0.001,700,sol_6febee7de0ad3f70,ev_f26ad8405c45,hm_8de6b26636d5,2.0829925537109375,False
0.05,0.0005,1000,sol_2ba686b7b5bb1b4c,ev_f2797298a112,hm_7a9cff01f511,1.091970443725586,False
0.01,0.0005,10,sol_039a0d61ae0dbc55,ev_f2874dbccd66,hm_7a9cff01f511,0.4545454680919647,False
0.02,0.0005,10,sol_4164dfa0ca2c80d9,ev_f2a11db3f5c5,hm_7a9cff01f511,0.4545454680919647,False
0.0,0.0007,100,sol_13790728c442c609,ev_f2aa912965d3,hm_b46918a75620,0.5669742822647095,False
0.05,0.0005,1000,sol_939ed8cd3d752fa1,ev_f2d7581384e9,hm_7a9cff01f511,2.3875327110290527,False
0.01,0.0007,700,sol_01b5e9634cf7c4aa,ev_f2d9a0e5ab5a,hm_b46918a75620,1.1922428607940674,False
0.02,0.0001,100,sol_5f7f67307df6fc1e,ev_f2e7a4bc30db,hm_a00ad2a2c52a,0.4545454680919647,False
0.01,0.0007,1000,sol_7d3834c722319a0b,ev_f31b91d7d6aa,hm_b46918a75620,1.0394811630249023,False
0.1,0.0003,1000,sol_16a3ca9fc0a059cc,ev_f34c611b57f0,hm_a0f8ed47a107,0.6061614155769348,False
0.1,0.0005,20,sol_bcd92752f87c6c1f,ev_f351abe3be10,hm_7a9cff01f511,0.4545454680919647,False
0.1,0.0005,700,sol_9af0f5204ff52af0,ev_f35d0b4b0e76,hm_7a9cff01f511,0.8037359714508057,False
0.0,0.001,50,sol_b6b0cb2cb3423292,ev_f380c5814b1c,hm_8de6b26636d5,0.4545454680919647,False
0.02,0.0003,20,sol_f99dc2d2f8caa69b,ev_f38ca2d8826a,hm_a0f8ed47a107,0.4545454680919647,False
0.0,0.001,10,sol_7ec0ed37efb5da74,ev_f39df1d59fc3,hm_8de6b26636d5,0.4545454680919647,False
0.1,0.0003,400,sol_0b7ac0a27806e2b6,ev_f39e03ac1373,hm_a0f8ed47a107,0.4545454680919647,False
0.02,0.0005,50,sol_94f43f5ccffd36ac,ev_f3b60790b7d2,hm_7a9cff01f511,0.4545454680919647,False
0.02,0.0007,10,sol_674d68f91dbfe33e,ev_f3bab10b9155,hm_b46918a75620,0.4545454680919647,False
0.05,0.0007,50,sol_ba4a5859489abda0,ev_f3bcd8881b69,hm_b46918a75620,0.4545454680919647,False
0.02,0.001,10,sol_4fa2b18e8b42b76a,ev_f3bfed4d928c,hm_8de6b26636d5,0.4545454680919647,False
0.1,0.0003,10,sol_9b59e888027621c4,ev_f3c698b9c35b,hm_a0f8ed47a107,0.4545454680919647,False
0.05,0.001,100,sol_99f8023c01253e6e,ev_f3d32ff2dacc,hm_8de6b26636d5,0.6000088453292847,False
0.1,0.001,20,sol_7be878d749b106d7,ev_f3f41f113ad3,hm_8de6b26636d5,0.4545454680919647,False
0.01,0.0005,50,sol_9ba3dcb4f6fff6ad,ev_f403371cfee2,hm_7a9cff01f511,0.4545454680919647,False
0.1,0.0005,200,sol_f68ccf3fe4db9649,ev_f4254bb98106,hm_7a9cff01f511,0.5744951963424683,False
0.1,0.0003,200,sol_820a618581c9fc93,ev_f4331ab4975b,hm_a0f8ed47a107,0.4545454680919647,False
0.01,0.001,200,sol_4c32932356a3f2ec,ev_f4335947fd02,hm_8de6b26636d5,0.9595653414726257,False
0.0,0.0001,100,sol_bf7f9350d1d48fb8,ev_f44680302ebe,hm_a00ad2a2c52a,0.4545454680919647,False
0.02,0.0005,1000,sol_afd4cde93774a973,ev_f45173833874,hm_7a9cff01f511,0.7604976296424866,False
0.01,0.0005,100,sol_d2745227df77c6f5,ev_f45d28f41f09,hm_7a9cff01f511,0.5999521017074585,False
0.0,0.0003,1000,sol_38b777a2c4706354,ev_f4680237f080,hm_a0f8ed47a107,1.0934334993362427,False
0.0,0.0003,10,sol_b3e0d7e1930aee8a,ev_f46af04d19f6,hm_a0f8ed47a107,0.4545454680919647,False
0.05,0.001,1000,sol_621f8b5f139f5ca4,ev_f47725880ed1,hm_8de6b26636d5,2.1079893112182617,False
0.01,0.001,50,sol_57d20e7f5d7fc5ea,ev_f479e0054850,hm_8de6b26636d5,0.4545454680919647,False
0.1,0.0001,100,sol_72ae8f298446332a,ev_f48683a49eb0,hm_a00ad2a2c52a,0.4545454680919647,False
0.01,0.0007,10,sol_a3e76b33f2a0a7c9,ev_f4a037c43606,hm_b46918a75620,0.4545454680919647,False
0.05,0.001,1000,sol_66745a29a000b624,ev_f4c75ddbaf82,hm_8de6b26636d5,15.994749069213867,False
0.0,0.0001,100,sol_62e29bdcc32c55cb,ev_f4cf3f20509d,hm_a00ad2a2c52a,0.4545454680919647,False
0.01,0.0005,50,sol_4e39e0da9ce2131a,ev_f4d530be143a,hm_7a9cff01f511,0.4545454680919647,False
0.05,0.001,1000,sol_8b54542b918c5175,ev_f4e2cb3f9417,hm_8de6b26636d5,1.8707988262176514,False
0.01,0.0003,10,sol_f02708d5e9561fe8,ev_f4eaea1e7b21,hm_a0f8ed47a107,0.4545454680919647,False
0.05,0.001,100,sol_7b978e7db078914b,ev_f53112da90e4,hm_8de6b26636d5,0.5669752359390259,False
0.01,0.001,700,sol_887c3e8d3951dca2,ev_f537cd7ea6d4,hm_8de6b26636d5,9.104676246643066,False
0.02,0.0003,100,sol_712ffca1cf9c619c,ev_f5394d33b025,hm_a0f8ed47a107,0.4545454680919647,False
0.0,0.0005,100,sol_2aa65a7549320356,ev_f53e1e98d47a,hm_7a9cff01f511,0.566974401473999,False
0.1,0.0007,10,sol_2f69fc1282ca4410,ev_f54812f6cfc7,hm_b46918a75620,0.4545454680919647,False
0.02,0.0001,100,sol_008bd9e70703995d,ev_f5492bb05822,hm_a00ad2a2c52a,0.4545443654060364,False
0.05,0.001,100,sol_0f1e9f4089e2dbbf,ev_f54b840be78a,hm_8de6b26636d5,0.5669234991073608,False
0.01,0.0003,1000,sol_17532e7e0d0494f9,ev_f54fb051f098,hm_a0f8ed47a107,0.6848267316818237,False
0.01,0.001,100,sol_b8ad04f82148b9ee,ev_f554c4b5b63c,hm_8de6b26636d5,1.022348403930664,False
0.0,0.0005,200,sol_49c69e125eabfbdf,ev_f5594d6c36ab,hm_7a9cff01f511,0.5669756531715393,False
0.02,0.0007,1000,sol_b2782265470a7f86,ev_f55cfee0ea54,hm_b46918a75620,1.499281883239746,False
0.02,0.0005,700,sol_582b3d316f47b048,ev_f55e0add1e7b,hm_7a9cff01f511,0.7597407698631287,False
0.02,0.0001,100,sol_9d03729964e50107,ev_f5919021498c,hm_a00ad2a2c52a,0.4545454680919647,False
0.02,0.0003,10,sol_bb6d82b5aff88ef5,ev_f5a281311e66,hm_a0f8ed47a107,0.4545454680919647,False
0.02,0.0005,1000,sol_9f7a068e064f3916,ev_f5ab651993d8,hm_7a9cff01f511,1.5248137712478638,False
0.01,0.0001,1000,sol_e5d97008dd731150,ev_f5d45cfd0722,hm_a00ad2a2c52a,0.5640183091163635,False
0.0,0.0003,100,sol_ba6bad4317f00b0f,ev_f5df589b74ed,hm_a0f8ed47a107,0.4545454680919647,False
0.0,0.0007,400,sol_f9354425e8928ca5,ev_f5e1011fec79,hm_b46918a75620,1.4999395608901978,False
0.0,0.0005,1000,sol_e3a605860ced3241,ev_f6199b7e72ae,hm_7a9cff01f511,1.5764497518539429,False
0.0,0.0001,1000,sol_a0912638bbc91cbe,ev_f62ea4cb8626,hm_a00ad2a2c52a,1.4351879358291626,False
0.05,0.0003,10,sol_d5f067fc4bb24d1f,ev_f64f5a20a0d8,hm_a0f8ed47a107,0.4545454680919647,False
0.0,0.0005,50,sol_48cd196beb060f5c,ev_f66af2674f45,hm_7a9cff01f511,0.4545454680919647,False
0.05,0.0003,200,sol_783f66ccda34e739,ev_f671d2161607,hm_a0f8ed47a107,0.6290592551231384,False
0.01,0.0007,10,sol_1aed1e1f1860d6f0,ev_f678d31c0fc1,hm_b46918a75620,0.4545454680919647,False
0.02,0.0005,1000,sol_ca275194691b976e,ev_f689e002540a,hm_7a9cff01f511,1.1922607421875,False
0.02,0.001,1000,sol_8409d74f5c833408,ev_f68ac1ba3ad8,hm_8de6b26636d5,4.6860737800598145,False
0.0,0.0005,200,sol_6da918ee6dbe7721,ev_f6987fd96d8f,hm_7a9cff01f511,0.5669738054275513,False
0.1,0.0001,20,sol_71e07f0b996fcdc0,ev_f69e4002785a,hm_a00ad2a2c52a,0.4545454680919647,False
0.0,0.0003,100,sol_1c6378a9ad2cabad,ev_f6ac50141c60,hm_a0f8ed47a107,0.4545454680919647,False
0.1,0.0003,20,sol_9a42aab12bae5fb6,ev_f6c2c585e2e3,hm_a0f8ed47a107,0.4545454680919647,False
0.1,0.0005,50,sol_9fd3d4b8748358bf,ev_f6d012395af8,hm_7a9cff01f511,0.4545454680919647,False
0.1,0.0003,10,sol_b488341909f74fb6,ev_f6e75a4dcf25,hm_a0f8ed47a107,0.4545454680919647,False
0.02,0.001,1000,sol_5cd70f554acd1360,ev_f6ea5fd5d247,hm_8de6b26636d5,1.7609957456588745,False
0.05,0.0005,700,sol_a88e9077cf9956f2,ev_f70d8a0c5aad,hm_7a9cff01f511,0.6623554825782776,False
0.1,0.001,100,sol_14439f03e002e560,ev_f73ebd1c2864,hm_8de6b26636d5,0.5669824481010437,False
0.1,0.001,50,sol_ea657b5a037e5df5,ev_f747f41bb6ce,hm_8de6b26636d5,0.4545454680919647,False
0.01,0.0003,1000,sol_2e2c619a2af7389d,ev_f7546b4984fa,hm_a0f8ed47a107,1.191896677017212,False
0.02,0.001,50,sol_0e81bef2a8eaa113,ev_f75f20c54889,hm_8de6b26636d5,0.4545454680919647,False
0.0,0.0005,10,sol_cad7a80e0435019f,ev_f762acbd69ed,hm_7a9cff01f511,0.4545454680919647,False
0.01,0.0003,10,sol_55fbbc212702cd74,ev_f77083bf195e,hm_a0f8ed47a107,0.4545454680919647,False
0.1,0.0001,1000,sol_66fca9132816d5d0,ev_f7708f885721,hm_a00ad2a2c52a,0.6468979120254517,False
0.01,0.0003,200,sol_d21a7d8ada961ede,ev_f787ea73c448,hm_a0f8ed47a107,0.5669220685958862,False
0.01,0.0005,200,sol_b2b3b71ff4815b70,ev_f79857c8b0a9,hm_7a9cff01f511,0.5669536590576172,False
0.02,0.001,1000,sol_01b39490d09728bf,ev_f79966ec27d7,hm_8de6b26636d5,2.356766939163208,False
0.02,0.001,100,sol_2bbfef057e14e738,ev_f7ac3218ef1e,hm_8de6b26636d5,0.6425874829292297,False
0.05,0.0001,700,sol_f4c8edf9a0c2d851,ev_f7ac98021206,hm_a00ad2a2c52a,0.5669509768486023,False
0.0,0.001,100,sol_c559b925949cd061,ev_f7cca390ee3b,hm_8de6b26636d5,0.7828992009162903,False
0.02,0.0005,700,sol_2c1a0e8988b245dc,ev_f7ce154f9743,hm_7a9cff01f511,0.5669463276863098,False
0.05,0.0003,20,sol_8dcc2b12e7df1d6c,ev_f7d336041fa3,hm_a0f8ed47a107,0.4545454680919647,False
0.0,0.0003,400,sol_09143a647c50408f,ev_f7f58c41bf6b,hm_a0f8ed47a107,0.5669674873352051,False
0.01,0.0007,50,sol_0fd67a8a3642299a,ev_f7f989d840bc,hm_b46918a75620,0.4545454680919647,False
0.1,0.0003,100,sol_4afbebdd800d177c,ev_f80d71ecda0f,hm_a0f8ed47a107,0.5669538378715515,False
0.02,0.0007,10,sol_0cf18ed8c9332d36,ev_f80ebca7949f,hm_b46918a75620,0.4545454680919647,False
0.0,0.0007,50,sol_66538826ab9dbcea,ev_f83cd71083e5,hm_b46918a75620,0.4545454680919647,False
0.02,0.0007,20,sol_e065ae2afaa3a733,ev_f8493e40ef89,hm_b46918a75620,0.4545454680919647,False
0.01,0.0003,200,sol_cbf76adb84daa5bf,ev_f851c7c1a853,hm_a0f8ed47a107,0.5669330954551697,False
0.01,0.001,10,sol_e8163aa34252e8e6,ev_f8697a4ca0ee,hm_8de6b26636d5,0.4545454680919647,False
0.01,0.001,50,sol_3b79d0f8286ed2d7,ev_f86dad3793b6,hm_8de6b26636d5,0.4545454680919647,False
0.02,0.0003,200,sol_9c25a342e7f5130f,ev_f86dc87d2310,hm_a0f8ed47a107,0.45454370975494385,False
0.0,0.0001,400,sol_6e22ba02362a9f2a,ev_f87719412995,hm_a00ad2a2c52a,0.566973865032196,False
0.01,0.001,1000,sol_febfb242ede99318,ev_f88b714c0c28,hm_8de6b26636d5,1.662967562675476,False
0.1,0.001,200,sol_468e2612557edee1,ev_f88ddc93a16a,hm_8de6b26636d5,0.566977322101593,False
0.02,0.0005,700,sol_047366e855071bb2,ev_f8926257c975,hm_7a9cff01f511,0.848707377910614,False
0.01,0.0005,20,sol_b4b35a78d729769e,ev_f892b07e3a4f,hm_7a9cff01f511,0.4545454680919647,False
0.1,0.0005,200,sol_4a53a9f3d053c2d1,ev_f89b5e155049,hm_7a9cff01f511,0.566874623298645,False
0.05,0.0005,10,sol_bff070065d906081,ev_f8ba30d0aaa1,hm_7a9cff01f511,0.4545454680919647,False
0.01,0.0005,1000,sol_e8267217b3531d43,ev_f8c76a60837a,hm_7a9cff01f511,1.192287564277649,False
0.0,0.0001,100,sol_8c79930c76abfa7e,ev_f8e04e10f22a,hm_a00ad2a2c52a,0.4545454680919647,False
0.05,0.0001,1000,sol_937f3967dd4adc12,ev_f918c9171283,hm_a00ad2a2c52a,0.454537570476532,False
0.01,0.0005,200,sol_53da8728cb7872ae,ev_f91c64fb4061,hm_7a9cff01f511,0.797507643699646,False
0.0,0.0005,400,sol_843ce655eeeed636,ev_f925915d9c2d,hm_7a9cff01f511,0.855117917060852,False
0.05,0.0005,200,sol_919aac714a220ab8,ev_f926c876a8c3,hm_7a9cff01f511,0.7545843124389648,False
0.02,0.0003,1000,sol_6dc2b2e6da1472e2,ev_f92e2e55f2f3,hm_a0f8ed47a107,0.9385128021240234,False
0.1,0.001,200,sol_31ed35017f29eaa7,ev_f9368d6e3dfe,hm_8de6b26636d5,0.599889874458313,False
0.05,0.0007,200,sol_8c60001da1219d7b,ev_f93ef9bf45f0,hm_b46918a75620,0.5669479966163635,False
0.1,0.0005,100,sol_1fa26450246ad620,ev_f9409cb1324b,hm_7a9cff01f511,0.4545454680919647,False
0.05,0.0001,100,sol_c59ce991ba8be2b5,ev_f98e4628379a,hm_a00ad2a2c52a,0.4545454680919647,False
0.05,0.0007,50,sol_89037e4d9faaea62,ev_f9918310733d,hm_b46918a75620,0.4545454680919647,False
0.01,0.0001,1000,sol_6d37ce6b9d53b9ba,ev_f9b6c067d4c8,hm_a00ad2a2c52a,0.5669296383857727,False
0.05,0.0007,200,sol_8535a8b6291fd49d,ev_f9d693a44083,hm_b46918a75620,0.5999472141265869,False
0.02,0.0007,400,sol_230fb010232f6cb5,ev_f9ed226f30cb,hm_b46918a75620,0.7599131464958191,False
0.1,0.0001,200,sol_d7e6f7ffed3df958,ev_f9fbd19061df,hm_a00ad2a2c52a,0.5668793320655823,False
0.05,0.0005,400,sol_5583a1aae0de8e8c,ev_fa00a5ae75d4,hm_7a9cff01f511,0.9118702411651611,False
0.01,0.0005,200,sol_f04134d213fdce3f,ev_fa011fcb3ace,hm_7a9cff01f511,0.5669637322425842,False
0.01,0.0003,100,sol_0bf0734b7eb4530d,ev_fa0f6644b4f7,hm_a0f8ed47a107,0.4545454680919647,False
0.05,0.001,10,sol_65cb3a34bc2498a7,ev_fa0fdae448cc,hm_8de6b26636d5,0.4545454680919647,False
0.0,0.0003,10,sol_f71338a7e0c341b9,ev_fa423bc9e08a,hm_a0f8ed47a107,0.4545454680919647,False
0.02,0.0005,200,sol_29ec743991b2b5f2,ev_fa4cfcdb2321,hm_7a9cff01f511,0.566986620426178,False
0.05,0.0001,400,sol_098d6140704f5509,ev_fa5156c2db86,hm_a00ad2a2c52a,0.4545454680919647,False
0.02,0.001,1000,sol_5672275de02c06ee,ev_fa5b46a9c503,hm_8de6b26636d5,4.093822956085205,False
0.02,0.0007,400,sol_546fabbf0e508402,ev_fa72066b8e16,hm_b46918a75620,1.258018136024475,False
0.1,0.001,20,sol_684bac95297f2440,ev_fa7562f0d22c,hm_8de6b26636d5,0.4545454680919647,False
0.02,0.0001,700,sol_889a889d99aa0eb9,ev_fa983c66af12,hm_a00ad2a2c52a,0.5669024586677551,False
0.1,0.0007,20,sol_50f6d1c407e2dfde,ev_fab5375ec2fa,hm_b46918a75620,0.4545454680919647,False
0.0,0.0001,400,sol_6eafc0aaf72b77b6,ev_fad321195906,hm_a00ad2a2c52a,0.5669607520103455,False
0.0,0.0001,20,sol_7f077f41d4ada6d1,ev_fadd59ee0856,hm_a00ad2a2c52a,0.4545454680919647,False
0.1,0.001,50,sol_0a1b37033b105713,ev_fae46e5c1ff4,hm_8de6b26636d5,0.4545454680919647,False
0.1,0.0003,100,sol_345b96d727d569f1,ev_faf634f61872,hm_a0f8ed47a107,0.4545454680919647,False
0.1,0.0003,50,sol_d63d7d7b24ee623b,ev_fafeef94fd3a,hm_a0f8ed47a107,0.4545454680919647,False
0.0,0.0005,400,sol_24ef2411090698de,ev_fb0a43c3ef3d,hm_7a9cff01f511,0.8283126354217529,False
0.02,0.001,700,sol_ff2d33294d8fca0a,ev_fb16fae6441b,hm_8de6b26636d5,2.083629846572876,False
0.1,0.0003,20,sol_b6e57bc293bc0629,ev_fb1881b995ef,hm_a0f8ed47a107,0.4545454680919647,False
0.01,0.0003,400,sol_29e240c5823fe592,ev_fb225f8e90a0,hm_a0f8ed47a107,0.5669519901275635,False
0.1,0.0001,400,sol_d1803e89a6caa85b,ev_fb3a5c71982e,hm_a00ad2a2c52a,0.4545454680919647,False
0.1,0.0005,700,sol_1d70a4040fb3ac87,ev_fb463e91ddc9,hm_7a9cff01f511,0.7342326641082764,False
0.0,0.0001,1000,sol_688bb7b900588f5b,ev_fb60665b517e,hm_a00ad2a2c52a,0.5641608238220215,False
0.05,0.0003,700,sol_a8370c20c0cfb1bb,ev_fb7ce9fd04af,hm_a0f8ed47a107,0.5994472503662109,False
0.05,0.0005,10,sol_731cfd510146afa5,ev_fb7d210cbc2e,hm_7a9cff01f511,0.4545454680919647,False
0.1,0.0003,100,sol_4af06203efad9082,ev_fb7f49ab1612,hm_a0f8ed47a107,0.4545454680919647,False
0.1,0.0003,20,sol_e6e0b583c396c40c,ev_fbce75d521a4,hm_a0f8ed47a107,0.4545454680919647,False
0.1,0.0007,50,sol_88b741edff00e4ef,ev_fbd46e071dd3,hm_b46918a75620,0.4545454680919647,False
0.02,0.001,400,sol_22e760dce226eb04,ev_fbdb8a7cbf01,hm_8de6b26636d5,0.8182090520858765,False
0.02,0.0003,100,sol_21a0f0ed730fedf2,ev_fbfa4d5cb410,hm_a0f8ed47a107,0.5669740438461304,False
0.01,0.0001,20,sol_e1a724672cfe449f,ev_fc056b31e8e4,hm_a00ad2a2c52a,0.4545454680919647,False
0.05,0.0003,50,sol_e504dae8fe95f61f,ev_fc0de1f39c91,hm_a0f8ed47a107,0.4545454680919647,False
0.02,0.0007,100,sol_014679089943959e,ev_fc11b84648b3,hm_b46918a75620,0.4545454680919647,False
0.01,0.0003,1000,sol_ddb2fb937ce085a3,ev_fc15ef820d66,hm_a0f8ed47a107,1.7611624002456665,False
0.05,0.0005,10,sol_b6931df95c6e14cf,ev_fc1a6e2fe636,hm_7a9cff01f511,0.4545454680919647,False
0.02,0.0003,10,sol_73782109c559c2e6,ev_fc3bc40d212c,hm_a0f8ed47a107,0.4545454680919647,False
0.05,0.0007,700,sol_e4c8bf6f9d129443,ev_fc4723866762,hm_b46918a75620,1.4344861507415771,False
0.01,0.0001,10,sol_f37ca4150058bdbf,ev_fc4d70220265,hm_a00ad2a2c52a,0.4545454680919647,False
0.02,0.0001,100,sol_c33a59397e076713,ev_fc530f11893e,hm_a00ad2a2c52a,0.5669751763343811,False
0.02,0.0005,400,sol_308b8a3a2e0e704e,ev_fc53581e025c,hm_7a9cff01f511,0.5998697280883789,False
0.05,0.0003,400,sol_6adf48ab8e08e6c7,ev_fc5918234a9b,hm_a0f8ed47a107,0.5669094920158386,False
0.01,0.0003,400,sol_4a0c87f3907cc252,ev_fc6166e4908d,hm_a0f8ed47a107,0.5668997764587402,False
0.1,0.0003,50,sol_3ec740347320083d,ev_fc6ca9011775,hm_a0f8ed47a107,0.4545454680919647,False
0.0,0.0007,400,sol_c5796dbc48656ee1,ev_fc728e6f87ab,hm_b46918a75620,1.2582063674926758,False
0.1,0.001,1000,sol_33225c9f164840ab,ev_fc7ba76b4a0a,hm_8de6b26636d5,1.0588818788528442,False
0.0,0.001,1000,sol_d8c5d94194fd66b9,ev_fc8263c17d22,hm_8de6b26636d5,1.2460473775863647,False
0.01,0.001,20,sol_eaf804579922f834,ev_fcb119b88113,hm_8de6b26636d5,0.4545454680919647,False
0.02,0.0005,20,sol_a5b1087062268e05,ev_fcb3a38a9218,hm_7a9cff01f511,0.4545454680919647,False
0.01,0.0007,50,sol_6cd3cda51c53ed23,ev_fcc19da4b416,hm_b46918a75620,0.4545454680919647,False
0.01,0.001,10,sol_03e2002c850ee638,ev_fcc291af4e4f,hm_8de6b26636d5,0.4545454680919647,False
0.05,0.0007,100,sol_b7c2772c738e764b,ev_fcc6d0969fd6,hm_b46918a75620,0.5669828653335571,False
0.02,0.0007,400,sol_234dc9d9d39d5ff7,ev_fcd214009a3c,hm_b46918a75620,1.1922887563705444,False
0.05,0.0007,100,sol_c9f7b74122acc572,ev_fce3318d0088,hm_b46918a75620,0.5669793486595154,False
0.02,0.0001,10,sol_13a9f2969be635d3,ev_fceb32874256,hm_a00ad2a2c52a,0.4545454680919647,False
0.05,0.0001,50,sol_2ec06b26f71971af,ev_fcf3cc4906fc,hm_a00ad2a2c52a,0.4545454680919647,False
0.05,0.001,200,sol_db6f6b28b018ad34,ev_fcfb68e777b6,hm_8de6b26636d5,0.6769124865531921,False
0.1,0.0001,50,sol_2d61563d508b03e8,ev_fd0ce11c2fc0,hm_a00ad2a2c52a,0.4545454680919647,False
0.02,0.0003,100,sol_794b494c7ef617d2,ev_fd1c5d0362a1,hm_a0f8ed47a107,0.4545454680919647,False
0.05,0.0007,700,sol_e39c71320c82dc31,ev_fd37a097e29f,hm_b46918a75620,1.3134784698486328,False
0.02,0.001,50,sol_d491ee3e7cc2f309,ev_fd454559bcb4,hm_8de6b26636d5,0.5999371409416199,False
0.01,0.0005,10,sol_be5855fb9d1653b4,ev_fd541bf5268b,hm_7a9cff01f511,0.4545454680919647,False
0.02,0.0005,200,sol_347ad5aa9f1387dd,ev_fd72ca79a533,hm_7a9cff01f511,0.7390795946121216,False
0.01,0.0007,400,sol_a5ab7310a0aac315,ev_fd73cb8785de,hm_b46918a75620,1.3918921947479248,False
0.02,0.0005,700,sol_e3cce1aeb8cb860a,ev_fd7beb87f58d,hm_7a9cff01f511,1.1690441370010376,False
0.05,0.0005,10,sol_28cad27e6e6657b8,ev_fd83f8521de3,hm_7a9cff01f511,0.4545454680919647,False
0.05,0.001,50,sol_4ed6088ff8110373,ev_fd8472d95594,hm_8de6b26636d5,0.4545454680919647,False
0.0,0.0001,20,sol_34064088970a6122,ev_fd91b4bf6212,hm_a00ad2a2c52a,0.4545454680919647,False
0.0,0.0005,1000,sol_ed1e37c1f9cf5784,ev_fda8fca5cadb,hm_7a9cff01f511,1.243443489074707,False
0.02,0.001,700,sol_302a856c9b8391e8,ev_fdaba137d4ab,hm_8de6b26636d5,3.666646957397461,False
0.05,0.0001,400,sol_c3fbfc74269c407c,ev_fdbc1a9e049f,hm_a00ad2a2c52a,0.4545454680919647,False
0.05,0.0003,20,sol_86c36dc541791675,ev_fdc531bf1c4c,hm_a0f8ed47a107,0.4545454680919647,False
0.05,0.001,10,sol_eb9ea4d44e7221f0,ev_fdd9f905171a,hm_8de6b26636d5,0.4545454680919647,False
0.02,0.0007,1000,sol_b87fa13c8521be96,ev_fe00b3a20ea9,hm_b46918a75620,1.434130072593689,False
0.02,0.0007,1000,sol_1990dbcb4f46b7ab,ev_fe241d0dc52c,hm_b46918a75620,1.1911678314208984,False
0.02,0.0005,50,sol_376fb74e10cd4ecd,ev_fea8deefdcdb,hm_7a9cff01f511,0.5669881701469421,False
0.1,0.0005,400,sol_84a40116bb8e7ac5,ev_feb2890d1de5,hm_7a9cff01f511,0.5668874979019165,False
0.05,0.0003,200,sol_0e91c6d2daf93f54,ev_feef1edab1c1,hm_a0f8ed47a107,0.5669747591018677,False
0.1,0.0005,400,sol_300a3c02d17aebe0,ev_ff056d95551b,hm_7a9cff01f511,0.5669177174568176,False
0.02,0.0003,20,sol_aa475200435a4b45,ev_ff0d49e9c4c1,hm_a0f8ed47a107,0.4545454680919647,False
0.0,0.0007,20,sol_fabb644cea5a07ef,ev_ff0f5219221d,hm_b46918a75620,0.4545454680919647,False
0.02,0.0001,1000,sol_37c2d4a7bae5e42d,ev_ff428cf0d115,hm_a00ad2a2c52a,0.5640184879302979,False
0.0,0.0001,200,sol_6857eaf63be3306f,ev_ff47c55886b6,hm_a00ad2a2c52a,0.4545454680919647,False
0.02,0.0005,10,sol_efa5eb4d7b04813b,ev_ff49534cf877,hm_7a9cff01f511,0.4545454680919647,False
0.05,0.0003,200,sol_04137e76beb8f1da,ev_ff573f4d73c6,hm_a0f8ed47a107,0.4545454680919647,False
0.02,0.0003,100,sol_a3e550a70c176835,ev_ff5ff3687db3,hm_a0f8ed47a107,0.4545454680919647,False
0.02,0.0003,20,sol_de5e9712b731f145,ev_ff663aaf369e,hm_a0f8ed47a107,0.4545454680919647,False
0.01,0.0007,700,sol_22fd850e9911ce1b,ev_ff700fdc2a49,hm_b46918a75620,1.0074702501296997,False
0.1,0.0003,50,sol_de396926a7808c67,ev_ff74db88fc32,hm_a0f8ed47a107,0.4545454680919647,False
0.02,0.001,10,sol_28263b0a68a10e7d,ev_ff7b07d53f71,hm_8de6b26636d5,0.4545454680919647,False
0.01,0.0007,50,sol_7e7f3c562ddc537a,ev_ff9217b67fb8,hm_b46918a75620,0.4545454680919647,False
0.0,0.0003,20,sol_71449bc8d629eed0,ev_ffe3678898f5,hm_a0f8ed47a107,0.4545454680919647,False
0.05,0.0007,200,sol_1a1031e472998a9f,ev_ffed04538ef5,hm_b46918a75620,0.606032133102417,False
0.05,0.0003,10,sol_283be1a84b4927b2,ev_ffee011d1a6c,hm_a0f8ed47a107,0.4545454680919647,False
0.1,0.0005,700,sol_7d0cfe3d0a4b0e3c,ev_fff65ccf432d,hm_7a9cff01f511,0.7335994839668274,False
0.0,0.0001,10,sol_ef5a6ae4ff0f4ac7,ev_fffb9dda5d63,hm_a00ad2a2c52a,0.4545454680919647,False
