pair,sigma_scatt,sigma_res,theta_d,n_trk,solver,n_true,n_false,auc,youden_J,tau_J,eer,tau_EER,tau_wp99,eff_abs,far_abs,eff_J,far_J,eff_EER,far_EER,eff_wp99,far_wp99,tau_m99,eff_m99,far_m99,tau_m999,eff_m999,far_m999,n_solves,n_excluded,excluded_frac
clean,0.0001,0.0,1e-06,10,classical,800,7200,1.0,1.0,0.25049999999999994,0.0,0.25049999999999994,1.0,1.0,0.0,1.0,0.0,1.0,0.0,1.0,0.0,1.0,1.0,0.0,1.0,1.0,0.0,20,0,0.0
clean,0.0001,0.0,1e-06,10,quantum,800,7200,1.0,1.0,0.0004999999999999449,0.0,0.0004999999999999449,0.558,1.0,0.0,1.0,0.0,1.0,0.0,1.0,0.0,0.558,1.0,0.0,0.558,1.0,0.0,20,0,0.0
clean,0.0001,0.0,1e-06,20,classical,1600,30400,1.0,1.0,0.25049999999999994,0.0,0.25049999999999994,1.0,1.0,0.0,1.0,0.0,1.0,0.0,1.0,0.0,1.0,1.0,0.0,1.0,1.0,0.0,20,0,0.0
clean,0.0001,0.0,1e-06,20,quantum,1600,30400,1.0,1.0,0.0004999999999999449,0.0,0.0004999999999999449,0.558,1.0,0.0,1.0,0.0,1.0,0.0,1.0,0.0,0.558,1.0,0.0,0.558,1.0,0.0,20,0,0.0
clean,0.0001,0.0,1e-06,50,classical,4000,196000,0.9998750000000001,0.99975,0.25049999999999994,0.00012499999999998623,0.25049999999999994,1.0,0.99975,0.0,0.99975,0.0,0.99975,0.0,0.99925,0.0,1.0,0.99925,0.0,1.0,0.99925,0.0,20,0,0.0
clean,0.0001,0.0,1e-06,50,quantum,4000,196000,0.9998750000000001,0.99975,0.0004999999999999449,0.00012499999999998623,0.0004999999999999449,0.5555000000000001,0.99975,0.0,0.99975,0.0,0.99975,0.0,0.99975,0.0,0.5555000000000001,0.99975,0.0,0.5555000000000001,0.99975,0.0,20,0,0.0
clean,0.0001,0.0,1e-06,100,classical,8000,792000,1.0,1.0,0.5005,0.0,0.5005,1.0,1.0,0.002742458239840439,1.0,0.0,1.0,0.0,1.0,0.0,1.0,1.0,0.0,1.0,1.0,0.0,20,0,0.0
clean,0.0001,0.0,1e-06,100,quantum,8000,792000,0.9999930555555556,0.9999722222222223,0.0004999999999999449,1.3888888888868856e-05,0.0004999999999999449,0.5569999999999999,1.0,0.002742458239840439,1.0,0.002742458239840439,1.0,0.002742458239840439,1.0,0.002742458239840439,0.5569999999999999,1.0,0.002742458239840439,0.5569999999999999,1.0,0.002742458239840439,20,0,0.0
clean,0.0001,0.0,1e-06,200,classical,15194,3024796,0.9998673721338427,0.9998230767824412,0.4990000000000001,8.879220958685208e-05,0.25049999999999994,1.0,0.9998683690930631,0.009066597090861652,0.9998683690930631,0.008937308369756671,0.9998683690930631,0.009066597090861652,0.9996051072791892,0.00019748535316963992,1.0,0.9996051072791892,0.00019748535316963995,1.0,0.9996051072791892,0.00019748535316963995,20,1,0.05
clean,0.0001,0.0,1e-06,200,quantum,15200,3024800,0.9999870192809616,0.9999504099444592,0.0004999999999999449,5.768976461251185e-05,0.5295000000000001,0.556,1.0,0.009771986970684038,1.0,0.009771986970684038,0.9999342105263158,0.00977262362368884,0.9998026315789473,0.00977389717860168,0.556,0.9998026315789473,0.00977389717860168,0.556,0.9998026315789473,0.00977389717860168,20,1,0.05
clean,0.0001,0.0,1e-06,400,classical,30397,12129598,0.9998840798264618,0.9997886857212942,0.4990000000000001,0.00010672889787283202,0.25049999999999994,0.9995,0.9998684080665855,0.031329678735339116,0.9998684080665855,0.030835459183673468,0.9998684080665855,0.03163831007455553,0.9996052241997565,0.0003290014805066623,0.9995,0.9996052241997565,0.0003290014805066623,0.9995,0.9996052241997565,0.0003290014805066623,20,1,0.05
clean,0.0001,0.0,1e-06,400,quantum,30400,12129600,0.9999623232425875,0.9998830134546893,0.22799999999999998,7.494064107638199e-05,0.5245,0.5535000000000001,0.9999671052631579,0.032464432349852,0.9999671052631579,0.032464432349852,0.9999342105263158,0.03246546565662996,0.999671052631579,0.03247373447946514,0.5535000000000001,0.999671052631579,0.03247373447946514,0.5535000000000001,0.999671052631579,0.03247373447946514,20,1,0.05
clean,0.0001,0.0,1e-06,700,classical,55984,39143990,0.9998206102730426,0.9996954220785135,0.5,0.00018428620987398503,0.25049999999999994,0.9995,0.9997856530437268,0.0962637646526948,0.9997856530437268,0.05935735412745362,0.9997856530437268,0.0973568352981019,0.9995534438410975,0.0006250669714612279,0.9995,0.9995534438410975,0.0006250669714612279,0.9995,0.9995534438410975,0.0006250669714612279,20,0,0.0
clean,0.0001,0.0,1e-06,700,quantum,56000,39144000,0.999924648891638,0.9997713570406703,0.0004999999999999449,0.00015896433680773203,0.5150000000000001,0.5455000000000001,0.9999285714285714,0.09901850362027353,0.9999285714285714,0.09901850362027353,0.9998392857142857,0.09902647035159708,0.9995535714285714,0.09902296907946626,0.5455000000000001,0.9995535714285714,0.09902296907946627,0.5455000000000001,0.9995535714285714,0.09902296907946627,20,0,0.0
clean,0.0001,0.0,1e-06,1000,classical,79992,79919997,0.9997801859304501,0.9996233859196139,0.5035000000000001,0.00023385885168231146,0.25049999999999994,0.9995,0.9997374737473748,0.17700754340286712,0.9996249624962497,0.0015732694036559784,0.9997499749974997,0.17867926466057307,0.9994124412441244,0.0011744274666100275,0.9995,0.9994124412441244,0.0011744274666100275,0.9995,0.9994124412441244,0.0011744274666100275,20,0,0.0
clean,0.0001,0.0,1e-06,1000,quantum,80000,79920000,0.9999191657072698,0.9997283908908909,0.0004999999999999449,0.0002108045545545778,0.5085,0.5369999999999999,0.99995,0.18126643945674312,0.99995,0.18126643945674312,0.9998,0.18128870464199806,0.99925,0.1813620071684588,0.5369999999999999,0.99925,0.1813620071684588,0.5369999999999999,0.99925,0.1813620071684588,20,0,0.0
clean,0.0001,0.0,1e-05,10,classical,800,7200,1.0,1.0,0.25049999999999994,0.0,0.25049999999999994,1.0,1.0,0.0,1.0,0.0,1.0,0.0,1.0,0.0,1.0,1.0,0.0,1.0,1.0,0.0,20,0,0.0
clean,0.0001,0.0,1e-05,10,quantum,800,7200,1.0,1.0,0.0004999999999999449,0.0,0.0004999999999999449,0.558,1.0,0.0,1.0,0.0,1.0,0.0,1.0,0.0,0.558,1.0,0.0,0.558,1.0,0.0,20,0,0.0
clean,0.0001,0.0,1e-05,20,classical,1600,30400,1.0,1.0,0.25049999999999994,0.0,0.25049999999999994,1.0,1.0,0.0,1.0,0.0,1.0,0.0,0.9975,0.0,1.0,0.9975,0.0,0.9995,1.0,0.0,20,0,0.0
clean,0.0001,0.0,1e-05,20,quantum,1600,30400,1.0,1.0,0.0004999999999999449,0.0,0.0004999999999999449,0.558,1.0,0.0,1.0,0.0,1.0,0.0,1.0,0.0,0.558,1.0,0.0,0.558,1.0,0.0,20,0,0.0
clean,0.0001,0.0,1e-05,50,classical,4000,196000,0.9998749987244899,0.99975,0.2849999999999999,0.0001301020408162601,0.25049999999999994,1.0,0.99975,0.0,0.99975,0.0,0.99975,0.0004998750312421895,0.99875,0.0,1.0,0.99875,0.0,0.9995,0.99925,0.0,20,0,0.0
clean,0.0001,0.0,1e-05,50,quantum,4000,196000,0.9999974489795919,0.9999897959183673,0.0004999999999999449,5.102040816273856e-06,0.0004999999999999449,0.554,1.0,0.0004997501249375312,1.0,0.0004997501249375312,1.0,0.0004997501249375312,1.0,0.0004997501249375312,0.554,1.0,0.0004997501249375312,0.554,1.0,0.0004997501249375312,20,0,0.0
clean,0.0001,0.0,1e-05,100,classical,8000,792000,1.0,1.0,0.5005,0.0,0.5005,1.0,1.0,0.002742458239840439,1.0,0.0,1.0,0.0,0.99925,0.0,1.0,0.99925,0.0,1.0,0.99925,0.0,20,0,0.0
clean,0.0001,0.0,1e-05,100,quantum,8000,792000,0.9999924242424242,0.999969696969697,0.0004999999999999449,1.5151515151523576e-05,0.0004999999999999449,0.5569999999999999,1.0,0.0029910269192422734,1.0,0.0029910269192422734,1.0,0.0029910269192422734,1.0,0.0029910269192422734,0.5569999999999999,1.0,0.0029910269192422734,0.5569999999999999,1.0,0.0029910269192422734,20,0,0.0
clean,0.0001,0.0,1e-05,200,classical,15195,3024796,0.9998015715024856,0.9997704983554375,0.5,0.00012367704408267066,0.25049999999999994,0.9995,0.9998025666337611,0.009066597090861652,0.9998025666337611,0.006344430636405259,0.9998025666337611,0.009841621586391187,0.9989470220467259,0.0001976024239230668,0.9995,0.9989470220467259,0.00019760242392306683,0.9990000000000001,0.9990128331688055,0.0001975894092076665,20,1,0.05
clean,0.0001,0.0,1e-05,200,quantum,15200,3024800,0.9999839618365373,0.9999385083311293,0.0004999999999999449,3.0745834435297326e-05,0.0004999999999999449,0.5555000000000001,1.0,0.012088911997920187,1.0,0.012088911997920187,1.0,0.012088911997920187,0.999671052631579,0.01209284181782719,0.5555000000000001,0.999671052631579,0.01209284181782719,0.5555000000000001,0.999671052631579,0.01209284181782719,20,1,0.05
clean,0.0001,0.0,1e-05,400,classical,31997,12767998,0.9999052955738496,0.9998196183895272,0.26350000000000007,9.301035455022699e-05,0.25049999999999994,0.9995,0.9998749882801513,0.03124905374716124,0.9999062412101134,0.03341389728096677,0.9999062412101134,0.03551187748703726,0.9993124355408319,0.0003751524056648013,0.9995,0.9993124355408319,0.0003751524056648013,0.9995,0.9993124355408319,0.0003751524056648013,20,0,0.0
clean,0.0001,0.0,1e-05,400,quantum,32000,12768000,0.999973710895892,0.9998958333333333,0.22799999999999998,0.00013020833333327042,0.5265,0.5535000000000001,1.0,0.039903990399039906,1.0,0.039903990399039906,0.99984375,0.03990997749437359,0.99971875,0.039914768464331805,0.5535000000000001,0.99971875,0.039914768464331805,0.5535000000000001,0.99971875,0.039914768464331805,20,0,0.0
clean,0.0001,0.0,1e-05,700,classical,50395,35229597,0.9999199532807013,0.9997607741152684,0.546,0.0001388957848158512,0.49,0.9995,0.9998610973310844,0.0964872958094999,0.9997618811390019,0.0007734718971877355,0.9998610973310844,0.08851142345471319,0.999027681317591,0.0005161597713015167,0.9995,0.999027681317591,0.0005161597713015167,0.9995,0.999027681317591,0.0005161597713015167,20,2,0.1
clean,0.0001,0.0,1e-05,700,quantum,50400,35229600,0.9999495708914824,0.9997998274178531,0.0004999999999999449,0.00022905454504162925,0.5145,0.5449999999999999,1.0,0.12274594444057649,1.0,0.12274594444057649,0.9997420634920635,0.12277372516931005,0.9992460317460318,0.12279662788267261,0.5449999999999999,0.9992460317460318,0.12279662788267261,0.5449999999999999,0.9992460317460318,0.12279662788267261,20,2,0.1
clean,0.0001,0.0,1e-05,1000,classical,71992,71927996,0.9997908193682119,0.999665072512759,0.5010000000000001,0.00022226933243330027,0.28049999999999997,0.9995,0.9997360817868652,0.1748770449516778,0.9996666296255139,0.0015538290788013318,0.999777753083676,0.18176547490479167,0.9989859984442716,0.0009584930821803634,0.9995,0.9989859984442716,0.0009584930821803634,0.9984999999999999,0.9990415601733525,0.0009584398266474053,20,2,0.1
clean,0.0001,0.0,1e-05,1000,quantum,72000,71928000,0.9999261439048037,0.9997200950950951,0.4265000000000001,0.00028578578578580816,0.5075000000000001,0.5369999999999999,1.0,0.218538014869485,1.0,0.2185210510891863,0.9997083333333333,0.21857087024491922,0.9992083333333334,0.2186393553011708,0.5369999999999999,0.9992083333333334,0.2186393553011708,0.5369999999999999,0.9992083333333334,0.2186393553011708,20,2,0.1
clean,0.0001,0.0,5e-05,10,classical,800,7200,1.0,1.0,0.25049999999999994,0.0,0.25049999999999994,0.9910000000000001,1.0,0.0,1.0,0.0,1.0,0.0,0.99125,0.0,0.9910000000000001,0.99125,0.0,0.9545000000000001,1.0,0.0,20,0,0.0
clean,0.0001,0.0,5e-05,10,quantum,800,7200,1.0,1.0,0.0004999999999999449,0.0,0.0004999999999999449,0.5545,1.0,0.0,1.0,0.0,1.0,0.0,1.0,0.0,0.5545,1.0,0.0,0.5545,1.0,0.0,20,0,0.0
clean,0.0001,0.0,5e-05,20,classical,1600,30400,1.0,1.0,0.25049999999999994,0.0,0.25049999999999994,0.986,1.0,0.0,1.0,0.0,1.0,0.0,0.990625,0.0,0.9884999999999999,0.99,0.0,0.8095000000000001,1.0,0.0,20,0,0.0
clean,0.0001,0.0,5e-05,20,quantum,1600,30400,1.0,1.0,0.0004999999999999449,0.0,0.0004999999999999449,0.5515000000000001,1.0,0.0,1.0,0.0,1.0,0.0,1.0,0.0,0.5515000000000001,1.0,0.0,0.5515000000000001,1.0,0.0,20,0,0.0
clean,0.0001,0.0,5e-05,50,classical,4000,196000,1.0,1.0,0.32200000000000006,0.0,0.32200000000000006,0.9875,0.99975,0.0,1.0,0.0,1.0,0.0,0.9905,0.0,0.9875,0.9905,0.0,0.8095000000000001,0.99925,0.0,20,0,0.0
clean,0.0001,0.0,5e-05,50,quantum,4000,196000,0.9999948979591836,0.9999795918367347,0.0004999999999999449,1.0204081632658735e-05,0.0004999999999999449,0.5535000000000001,1.0,0.000999000999000999,1.0,0.000999000999000999,1.0,0.000999000999000999,1.0,0.000999000999000999,0.5535000000000001,1.0,0.000999000999000999,0.5535000000000001,1.0,0.000999000999000999,20,0,0.0
clean,0.0001,0.0,5e-05,100,classical,8000,792000,0.9999999999999999,1.0,0.5005,0.0,0.5005,0.9815,1.0,0.002742458239840439,1.0,0.0,1.0,0.0,0.99025,0.0,0.982,0.99,0.0,0.8714999999999999,0.999,0.0,20,0,0.0
clean,0.0001,0.0,5e-05,100,quantum,8000,792000,0.9999835858585858,0.9999343434343434,0.0004999999999999449,3.282828282824557e-05,0.0004999999999999449,0.5555000000000001,1.0,0.006458022851465474,1.0,0.006458022851465474,1.0,0.006458022851465474,1.0,0.006458022851465474,0.5555000000000001,1.0,0.0064580228514654735,0.5555000000000001,1.0,0.0064580228514654735,20,0,0.0
clean,0.0001,0.0,5e-05,200,classical,15996,3183996,0.999935596677499,0.9998922581836227,0.3560000000000001,6.26648890856285e-05,0.26049999999999995,0.9825000000000002,0.9999374843710928,0.009106678230702514,0.9999374843710928,0.008922485903711506,0.9999374843710928,0.01234949058351343,0.990060015003751,0.0003787161522438932,0.9825000000000002,0.990060015003751,0.0003787161522438932,0.7875000000000001,0.9991247811952988,0.0004378009881793733,20,0,0.0
clean,0.0001,0.0,5e-05,200,quantum,16000,3184000,0.9999644550094221,0.9998693467336683,0.0004999999999999449,0.000190326633165816,0.5195000000000001,0.554,1.0,0.025341130604288498,1.0,0.025341130604288498,0.99975,0.02534730684864733,0.9991875,0.025361214411997804,0.554,0.9991875,0.025361214411997807,0.554,0.9991875,0.025361214411997807,20,0,0.0
clean,0.0001,0.0,5e-05,400,classical,30397,12129598,0.9999005571756211,0.9998116905490791,0.3045,9.873030991092158e-05,0.272,0.984,0.9998684080665855,0.030278859038989216,0.9999013060499391,0.034528763381087006,0.9999013060499391,0.0379209926563687,0.9902292989439747,0.00029891394599621375,0.984,0.9902292989439747,0.00029891394599621375,0.8355000000000001,0.9990130604993914,0.0002962865420068475,20,1,0.05
clean,0.0001,0.0,5e-05,400,quantum,30400,12129600,0.9999381263087818,0.9997548146682496,0.0004999999999999449,0.0002541716132436478,0.5230000000000001,0.5525,1.0,0.08911128423323546,1.0,0.08911128423323546,0.9997368421052631,0.08913265000299707,0.9994407894736842,0.08912939201343087,0.5525,0.9994407894736842,0.08912939201343087,0.5525,0.9994407894736842,0.08912939201343087,20,1,0.05
clean,0.0001,0.0,5e-05,700,classical,53186,37186792,0.9999241249019515,0.9998668536151866,0.5095000000000001,0.00011279681065573532,0.4485000000000001,0.9844999999999999,0.9999059902981988,0.09245891568115497,0.9998683864174783,0.001070704034863626,0.9998871883578385,0.07309931327779133,0.9900349716090701,0.0005314706552273935,0.9844999999999999,0.9900349716090701,0.0005314706552273935,0.7615000000000001,0.999003497160907,0.0006206974382123914,20,1,0.05
clean,0.0001,0.0,5e-05,700,quantum,53200,37186800,0.9998816017013192,0.9995519108931126,0.0004999999999999449,0.0004120144782557289,0.512,0.5435000000000001,1.0,0.2385096546097362,1.0,0.2385096546097362,0.999624060150376,0.23857795340979052,0.9984398496240602,0.23873880329630956,0.5435000000000001,0.9984398496240602,0.23873880329630956,0.5135000000000001,0.9991165413533835,0.23867021886100606,20,1,0.05
clean,0.0001,0.0,5e-05,1000,classical,75992,75923996,0.9998149631475055,0.9997350494786055,0.532,0.00019899227080272253,0.361,0.9844999999999999,0.9998157700810612,0.17098931794127595,0.999736814401516,0.0017607021785404568,0.999802610801137,0.16698279737300864,0.9901436993367723,0.0009029225478349776,0.9844999999999999,0.9901436993367723,0.0009029225478349776,0.7870000000000001,0.999026213285609,0.0010789473684210526,20,1,0.05
clean,0.0001,0.0,5e-05,1000,quantum,76000,75924000,0.9998326170541214,0.9993648648648649,0.24750000000000005,0.000685988620199196,0.5045,0.536,1.0,0.38819210767818907,1.0,0.38819210767818907,0.9992631578947369,0.3883671858640852,0.9983026315789474,0.38852666446376904,0.536,0.9983026315789474,0.38852666446376904,0.5055000000000001,0.9991315789473684,0.3883984664454396,20,1,0.05
clean,0.0001,0.0,0.0001,10,classical,800,7200,1.0,1.0,0.25049999999999994,0.0,0.25049999999999994,0.839,1.0,0.0,1.0,0.0,1.0,0.0,0.99125,0.0,0.845,0.99,0.0,0.8005,1.0,0.0,20,0,0.0
clean,0.0001,0.0,0.0001,10,quantum,800,7200,1.0,1.0,0.0004999999999999449,0.0,0.0004999999999999449,0.5305,1.0,0.0,1.0,0.0,1.0,0.0,1.0,0.0,0.5305,1.0,0.0,0.5305,1.0,0.0,20,0,0.0
clean,0.0001,0.0,0.0001,20,classical,1600,30400,1.0,1.0,0.25049999999999994,0.0,0.25049999999999994,0.8345,1.0,0.0,1.0,0.0,1.0,0.0,0.990625,0.0,0.8405,0.99,0.0,0.7085000000000001,0.999375,0.0,20,0,0.0
clean,0.0001,0.0,0.0001,20,quantum,1600,30400,0.9999671052631579,0.9998684210526316,0.0004999999999999449,6.578947368418575e-05,0.0004999999999999449,0.5369999999999999,1.0,0.0024937655860349127,1.0,0.0024937655860349127,1.0,0.0024937655860349127,1.0,0.0024937655860349127,0.5369999999999999,1.0,0.0024937655860349127,0.5369999999999999,1.0,0.0024937655860349127,20,0,0.0
clean,0.0001,0.0,0.0001,50,classical,4000,196000,1.0,1.0,0.3275000000000001,0.0,0.3275000000000001,0.8540000000000001,1.0,0.0,1.0,0.0,1.0,0.0,0.99025,0.0,0.8545,0.99,0.0,0.7085000000000001,0.99925,0.0,20,0,0.0
clean,0.0001,0.0,0.0001,50,quantum,4000,196000,0.9999859693877551,0.9999438775510204,0.0004999999999999449,2.8061224489839276e-05,0.0004999999999999449,0.5389999999999999,1.0,0.002742458239840439,1.0,0.002742458239840439,1.0,0.002742458239840439,0.99975,0.002743142144638404,0.5389999999999999,0.99975,0.002743142144638404,0.5389999999999999,0.99975,0.002743142144638404,20,0,0.0
clean,0.0001,0.0,0.0001,100,classical,8000,792000,0.9999999984217172,0.9999873737373738,0.472,6.313131313162579e-06,0.472,0.8335000000000001,1.0,0.002742458239840439,1.0,0.0012484394506866417,1.0,0.0012484394506866417,0.990125,0.0,0.8365,0.99,0.0,0.6965000000000001,0.999,0.0,20,0,0.0
clean,0.0001,0.0,0.0001,100,quantum,8000,792000,0.9999658768939393,0.9998661616161616,0.0004999999999999449,0.0001919191919191321,0.506,0.5369999999999999,1.0,0.01307673328398717,1.0,0.01307673328398717,0.99975,0.013079960513326752,0.9995,0.013083189335966429,0.5369999999999999,0.9995,0.01308318933596643,0.5369999999999999,0.9995,0.01308318933596643,20,0,0.0
clean,0.0001,0.0,0.0001,200,classical,15996,3183996,0.9999974781175398,0.9999846105334304,0.47950000000000004,7.694733284879796e-06,0.47950000000000004,0.8375000000000001,1.0,0.008676251859196828,1.0,0.0030539108756622003,1.0,0.0030539108756622003,0.9901225306326582,0.0005679308386445384,0.8375000000000001,0.9901225306326582,0.0005679308386445384,0.663,0.9990622655663915,0.0006253517603652054,20,0,0.0
clean,0.0001,0.0,0.0001,200,quantum,16000,3184000,0.9999318911746231,0.9997405778894473,0.0004999999999999449,0.0003172110552763785,0.5050000000000001,0.5389999999999999,1.0,0.049090692975157495,1.0,0.049090692975157495,0.999625,0.04910820451843044,0.9993125,0.04900969487896271,0.5389999999999999,0.9993125,0.04900969487896271,0.5389999999999999,0.9993125,0.04900969487896271,20,0,0.0
clean,0.0001,0.0,0.0001,400,classical,31996,12767998,0.99987410782542,0.9998425556540942,0.5005,0.00012496866285965913,0.2695000000000001,0.8355000000000001,0.9998749843730467,0.02954559242856276,0.9998437304663083,0.0004686621258514029,0.9998749843730467,0.047488611665227616,0.9900300037504688,0.00044176580101606136,0.8355000000000001,0.9900300037504688,0.0004417658010160614,0.6839999999999999,0.9990311288911113,0.0004377872979142563,20,0,0.0
clean,0.0001,0.0,0.0001,400,quantum,32000,12768000,0.9998664766065555,0.9994953007518796,0.21849999999999992,0.0005023496240601499,0.506,0.538,1.0,0.16762043491832276,1.0,0.16762043491832276,0.9995,0.16769022587696472,0.9986875,0.16771706859732277,0.538,0.9986875,0.16771706859732277,0.5065,0.9994375,0.16769895383334202,20,0,0.0
clean,0.0001,0.0,0.0001,700,classical,55988,39143993,0.9999278068535244,0.9998097665476305,0.49950000000000006,0.0001072309888869305,0.403,0.8400000000000001,0.9999285561191684,0.08935048880068969,0.9998213902979209,0.008062658373646624,0.9998928341787526,0.06978830879665016,0.9900157176537829,0.0006670753254245845,0.8400000000000001,0.9900157176537829,0.0006670753254245845,0.6540000000000001,0.9990176466385654,0.0008931282710822929,20,0,0.0
clean,0.0001,0.0,0.0001,700,quantum,56000,39144000,0.9997582723050057,0.9990983292458614,0.42999999999999994,0.0009240496627835326,0.49950000000000006,0.5310000000000001,1.0,0.38662402243203575,1.0,0.386603866586341,0.9990535714285714,0.38682843427368974,0.9970714285714286,0.3871785584932995,0.5310000000000001,0.9970714285714286,0.3871785584932995,0.49950000000000006,0.9990535714285714,0.38682843427368974,20,0,0.0
clean,0.0001,0.0,0.0001,1000,classical,79992,79919992,0.9998742142731235,0.9997728253453823,0.5055000000000001,0.00014707332377972282,0.4099999999999999,0.8405,0.9998749874987499,0.16593321792812898,0.9997749774977498,0.002146083397799017,0.9998499849984999,0.12589208625230877,0.990011501150115,0.0010343740145064648,0.8405,0.990011501150115,0.0010343740145064648,0.655,0.999012401240124,0.0014120410866468398,20,0,0.0
clean,0.0001,0.0,0.0001,1000,quantum,80000,79920000,0.9996739759933371,0.9987196446446447,0.39050000000000007,0.0011964276776776361,0.49049999999999994,0.522,1.0,0.5612303102101707,1.0,0.5612254971863585,0.9988875,0.5614995857043301,0.9968,0.5619376174205386,0.522,0.9968,0.5619376174205386,0.49,0.9996,0.5613240150526073,20,0,0.0
clean,0.0001,0.0,0.00014159802,10,classical,800,7200,1.0,1.0,0.25049999999999994,0.0,0.25049999999999994,0.7190000000000001,1.0,0.0,1.0,0.0,1.0,0.0,0.99125,0.0,0.7230000000000001,0.99,0.0,0.6839999999999999,1.0,0.0,20,0,0.0
clean,0.0001,0.0,0.00014159802,10,quantum,800,7200,1.0,1.0,0.0004999999999999449,0.0,0.0004999999999999449,0.48550000000000004,1.0,0.0,1.0,0.0,1.0,0.0,1.0,0.0,0.48550000000000004,1.0,0.0,0.48550000000000004,1.0,0.0,20,0,0.0
clean,0.0001,0.0,0.00014159802,20,classical,1600,30400,1.0,1.0,0.25049999999999994,0.0,0.25049999999999994,0.7090000000000001,1.0,0.0,1.0,0.0,1.0,0.0,0.990625,0.0,0.7095,0.99,0.0,0.6565000000000001,0.999375,0.0,20,0,0.0
clean,0.0001,0.0,0.00014159802,20,quantum,1600,30400,0.9999506578947368,0.9998026315789473,0.0004999999999999449,9.868421052627863e-05,0.0004999999999999449,0.492,1.0,0.0037359900373599006,1.0,0.0037359900373599006,1.0,0.0037359900373599006,1.0,0.0037359900373599006,0.492,1.0,0.0037359900373599006,0.492,1.0,0.0037359900373599006,20,0,0.0
clean,0.0001,0.0,0.00014159802,50,classical,4000,196000,1.0,1.0,0.3295000000000001,0.0,0.3295000000000001,0.7304999999999999,1.0,0.0,1.0,0.0,1.0,0.0,0.99025,0.0,0.7304999999999999,0.99025,0.0,0.6325000000000001,0.999,0.0,20,0,0.0
clean,0.0001,0.0,0.00014159802,50,quantum,4000,196000,0.9999757295918368,0.9999132653061225,0.0004999999999999449,4.336734693877187e-05,0.0004999999999999449,0.49750000000000005,1.0,0.004232013940751805,1.0,0.004232013940751805,1.0,0.004232013940751805,0.99925,0.004235176880916791,0.49750000000000005,0.99925,0.004235176880916791,0.49750000000000005,0.99925,0.004235176880916791,20,0,0.0
clean,0.0001,0.0,0.00014159802,100,classical,8000,792000,0.9999999971590908,0.9999873737373738,0.4405000000000001,6.313131313162579e-06,0.4405000000000001,0.7210000000000001,1.0,0.002742458239840439,1.0,0.0012484394506866417,1.0,0.0012484394506866417,0.990125,0.0,0.7210000000000001,0.990125,0.0,0.6120000000000001,0.999,0.0,20,0,0.0
clean,0.0001,0.0,0.00014159802,100,quantum,8000,792000,0.99994186489899,0.9997702020202021,0.0004999999999999449,0.00023989898989901226,0.4690000000000001,0.49249999999999994,1.0,0.022243950134441456,1.0,0.022243950134441456,0.99975,0.022249388753056234,0.9995,0.022254830031792613,0.49249999999999994,0.9995,0.022254830031792613,0.49249999999999994,0.9995,0.022254830031792613,20,0,0.0
clean,0.0001,0.0,0.00014159802,200,classical,15996,3183997,0.9999359203204724,0.999921466768061,0.44700000000000006,6.282191454537456e-05,0.29699999999999993,0.7210000000000001,0.9999374843710928,0.008430971421486579,0.9999374843710928,0.0031783622086501307,0.9999374843710928,0.012410471721412695,0.990060015003751,0.0004418076243372886,0.7210000000000001,0.990060015003751,0.0004418076243372886,0.5875000000000001,0.9990622655663915,0.00043782837127845885,20,0,0.0
clean,0.0001,0.0,0.00014159802,200,quantum,16000,3184000,0.9998997759009893,0.9996127512562815,0.37250000000000005,0.00038112437185933157,0.4710000000000001,0.49849999999999994,1.0,0.07165651290977662,1.0,0.07154877270353392,0.999625,0.07157369245951123,0.999375,0.07142857142857142,0.49849999999999994,0.999375,0.07142857142857142,0.49849999999999994,0.999375,0.07142857142857142,20,0,0.0
clean,0.0001,0.0,0.00014159802,400,classical,31992,12767997,0.9999992910793093,0.9999602052161221,0.49049999999999994,3.129307130828041e-05,0.45500000000000007,0.7225000000000001,1.0,0.02883856475016696,0.9999687421855464,0.003395638629283489,0.9999687421855464,0.01234910932049026,0.9900287571892973,0.00041027583159755095,0.7225000000000001,0.9900287571892973,0.000410275831597551,0.6100000000000001,0.999031007751938,0.00043784206411258793,20,0,0.0
clean,0.0001,0.0,0.00014159802,400,quantum,32000,12768000,0.9997995217303512,0.9992102913533835,0.46050000000000013,0.0008479793233083233,0.46950000000000003,0.49950000000000006,1.0,0.23963407389806343,1.0,0.23959793740940522,0.99909375,0.23976316164930803,0.997625,0.23995905054400876,0.49950000000000006,0.997625,0.23995905054400876,0.46950000000000003,0.99909375,0.23976316164930803,20,0,0.0
clean,0.0001,0.0,0.00014159802,700,classical,53195,37186798,0.9999429478500657,0.999850959786311,0.44900000000000007,9.408350135881038e-05,0.40000000000000013,0.7284999999999999,0.9999436037221543,0.08783482525637068,0.9999060062035906,0.03705849340116226,0.9999060062035906,0.06177238411063289,0.9900742550991635,0.0007209942130727635,0.7284999999999999,0.9900742550991635,0.0007209942130727635,0.5965,0.99900366575806,0.0011090017104941636,20,1,0.05
clean,0.0001,0.0,0.00014159802,700,quantum,53200,37186800,0.9996407290787899,0.9985975399873073,0.39050000000000007,0.0013403277507072486,0.46250000000000013,0.492,1.0,0.4950549554851079,1.0,0.49503099104913956,0.9987218045112782,0.49535071472669423,0.9957706766917294,0.49595623215984774,0.492,0.9957706766917294,0.49595623215984774,0.46199999999999997,0.9991165413533835,0.49525193246348737,20,1,0.05
clean,0.0001,0.0,0.00014159802,1000,classical,79993,79919994,0.9997868517215692,0.9996830328973964,0.48750000000000004,0.00021236541176056223,0.3360000000000001,0.7255,0.9997874814046229,0.16085911842781747,0.9997124748415487,0.028582534650097784,0.9997874814046229,0.17496079887760996,0.9900491292988136,0.0010595224580921027,0.7255,0.9900491292988136,0.0010595224580921027,0.5880000000000001,0.9990124135861888,0.0015367892349788222,20,0,0.0
clean,0.0001,0.0,0.00014159802,1000,quantum,80000,79920000,0.9994909878042104,0.9980161786786786,0.37650000000000006,0.0019794106606605966,0.4555,0.484,1.0,0.6646574056220186,1.0,0.6646363190482378,0.998025,0.6650768282093553,0.9948,0.6657286145109668,0.484,0.9948,0.6657286145109668,0.4535,0.999275,0.6647979571384843,20,0,0.0
clean,0.0001,0.0,0.0005,10,classical,800,7200,1.0,1.0,0.25049999999999994,0.0,0.25049999999999994,0.4375,1.0,0.0,1.0,0.0,1.0,0.0,0.99125,0.0,0.43900000000000006,0.99,0.0,0.42700000000000005,1.0,0.0,20,0,0.0
clean,0.0001,0.0,0.0005,10,quantum,800,7200,0.9998260416666667,0.9994444444444445,0.0004999999999999449,0.0002777777777778212,0.0004999999999999449,0.24950000000000006,0.75,0.006622516556291391,1.0,0.004975124378109453,1.0,0.004975124378109453,0.9975,0.004987531172069825,0.24950000000000006,0.9975,0.004987531172069825,0.23350000000000004,1.0,0.004975124378109453,20,0,0.0
clean,0.0001,0.0,0.0005,20,classical,1600,30400,1.0,1.0,0.26550000000000007,0.0,0.26550000000000007,0.4375,1.0,0.0,1.0,0.0,1.0,0.0,0.990625,0.0,0.43799999999999994,0.99,0.0,0.4245000000000001,0.999375,0.0,20,0,0.0
clean,0.0001,0.0,0.0005,20,quantum,1600,30400,0.9998848684210526,0.9995394736842105,0.0004999999999999449,0.00023026315789476115,0.0004999999999999449,0.25449999999999995,0.75,0.011532125205930808,1.0,0.008674101610904586,1.0,0.008674101610904586,1.0,0.008674101610904586,0.25449999999999995,1.0,0.008674101610904586,0.25449999999999995,1.0,0.008674101610904586,20,0,0.0
clean,0.0001,0.0,0.0005,50,classical,4000,196000,1.0,1.0,0.3325,0.0,0.3325,0.43999999999999995,1.0,0.0,1.0,0.0,1.0,0.0,0.9905,0.0,0.43999999999999995,0.9905,0.0,0.41999999999999993,0.999,0.0,20,0,0.0
clean,0.0001,0.0,0.0005,50,quantum,4000,196000,0.9997833724489796,0.9992040816326531,0.1865000000000001,0.0006403061224489193,0.24649999999999994,0.25150000000000006,0.75175,0.04841772151898734,1.0,0.03753609239653513,0.9995,0.036858588291977835,0.9995,0.036858588291977835,0.25150000000000006,0.9995,0.036858588291977835,0.25150000000000006,0.9995,0.036858588291977835,20,0,0.0
clean,0.0001,0.0,0.0005,100,classical,8000,792000,0.9999999981060606,0.9999924242424243,0.381,3.7878787878531384e-06,0.381,0.4385000000000001,1.0,0.0022449488650536295,1.0,0.0007494379215588309,1.0,0.0007494379215588309,0.99025,0.0,0.4385000000000001,0.99025,0.0,0.41500000000000004,0.999,0.0,20,0,0.0
clean,0.0001,0.0,0.0005,100,quantum,8000,792000,0.9996193514046717,0.998534090909091,0.1905000000000001,0.0014204545454545303,0.24049999999999994,0.2550000000000001,0.750625,0.16178112786152987,1.0,0.12673288942255212,0.998625,0.12688524590163935,0.997125,0.126956331399803,0.2550000000000001,0.997125,0.126956331399803,0.24,0.999875,0.1267467248908297,20,0,0.0
clean,0.0001,0.0,0.0005,200,classical,16000,3184000,0.9999959344476288,0.9999846105527638,0.381,7.694723618056898e-06,0.381,0.4405000000000001,1.0,0.007074593521161723,1.0,0.003053149728955075,1.0,0.003053149728955075,0.9901875,0.0010718789407313997,0.4405000000000001,0.9901875,0.0010718789407313997,0.4155,0.999,0.0013120899718837863,20,0,0.0
clean,0.0001,0.0,0.0005,200,quantum,16000,3184000,0.9992025894119032,0.9970917085427136,0.20050000000000012,0.002797895728643196,0.23950000000000005,0.25350000000000006,0.7526875,0.4342024900164435,1.0,0.3665874901029295,0.9973125,0.3672125946781933,0.9919375,0.3682429742854868,0.25350000000000006,0.9919375,0.3682429742854868,0.23750000000000004,1.0,0.3665874901029295,20,0,0.0
clean,0.0001,0.0,0.0005,400,classical,32000,12768000,0.9999988070077537,0.9999746240601504,0.3740000000000001,2.7803884711852245e-05,0.37450000000000006,0.4395,1.0,0.021047479197258932,1.0,0.010023511941591387,0.99996875,0.009625502940266172,0.99003125,0.000788494291301331,0.4395,0.99003125,0.000788494291301331,0.4159999999999999,0.99903125,0.0007813965118459712,20,0,0.0
clean,0.0001,0.0,0.0005,400,quantum,32000,12768000,0.9984736334292763,0.9942890037593985,0.21750000000000003,0.004839638157894732,0.23849999999999993,0.23849999999999993,0.7554375,0.7507860743703673,1.0,0.6949999046874702,0.99603125,0.6958247840816911,0.99603125,0.6958247840816911,0.2390000000000001,0.99,0.6971087654887563,0.2370000000000001,0.9999375,0.6949957106090935,20,0,0.0
clean,0.0001,0.0,0.0005,700,classical,56000,39144000,0.99999880386111,0.9999625996321275,0.37650000000000006,2.200848150418766e-05,0.3840000000000001,0.4405000000000001,1.0,0.065763571452404,1.0,0.025476820270082138,0.9999821428571428,0.017957666204864702,0.9902857142857143,0.001817952733228936,0.4405000000000001,0.9902857142857143,0.001817952733228936,0.4159999999999999,0.999,0.002353948213139311,20,0,0.0
clean,0.0001,0.0,0.0005,700,quantum,56000,39144000,0.9971522414242924,0.9901533823829961,0.15450000000000008,0.009699251481708526,0.23350000000000004,0.23350000000000004,0.7600535714285714,0.9004518642910267,1.0,0.873141293415127,0.9904464285714286,0.8741819501627593,0.9904464285714286,0.8741819501627593,0.23350000000000004,0.9904464285714286,0.8741819501627593,0.23249999999999993,0.9998928571428571,0.873134480531986,20,0,0.0
clean,0.0001,0.0,0.0005,1000,classical,79992,79919993,0.9999990559048666,0.9999463088041062,0.37650000000000006,2.7879129349817067e-05,0.38850000000000007,0.4405000000000001,1.0,0.12225952992297057,1.0,0.05091180902435841,0.9999749974997499,0.029812730448282553,0.9900615061506151,0.00243103665449049,0.4405000000000001,0.9900615061506151,0.00243103665449049,0.4155,0.999062406240624,0.00357837514338437,20,0,0.0
clean,0.0001,0.0,0.0005,1000,quantum,80000,79920000,0.9959069613913132,0.986103978978979,0.15850000000000009,0.014528559809809827,0.22999999999999998,0.2290000000000001,0.763275,0.9478275580405814,1.0,0.9328052949427585,0.9848375,0.9337504046685081,0.991725,0.9333183168291868,0.2290000000000001,0.991725,0.9333183168291868,0.2270000000000001,0.9998125,0.9328112911639519,20,0,0.0
clean,0.0001,0.0,0.001,10,classical,800,7200,1.0,1.0,0.262,0.0,0.262,0.395,1.0,0.0,1.0,0.0,1.0,0.0,0.99125,0.0,0.39600000000000013,0.99,0.0,0.3920000000000001,1.0,0.0,20,0,0.0
clean,0.0001,0.0,0.001,10,quantum,800,7200,0.9997473958333333,0.9993055555555556,0.19300000000000006,0.0003472222222222765,0.19300000000000006,0.20199999999999996,0.75,0.0033222591362126247,1.0,0.006211180124223602,1.0,0.006211180124223602,1.0,0.006211180124223602,0.21100000000000008,0.99,0.006273525721455458,0.20199999999999996,1.0,0.006211180124223602,20,0,0.0
clean,0.0001,0.0,0.001,20,classical,1600,30400,1.0,1.0,0.29000000000000004,0.0,0.29000000000000004,0.39600000000000013,1.0,0.0,1.0,0.0,1.0,0.0,0.99125,0.0,0.39600000000000013,0.99125,0.0,0.39050000000000007,0.999375,0.0,20,0,0.0
clean,0.0001,0.0,0.001,20,quantum,1600,30400,0.9995319490131579,0.9983881578947369,0.0004999999999999449,0.0014309210526315397,0.1975,0.21050000000000013,0.746875,0.018883415435139574,1.0,0.02971497877501516,0.99875,0.029751062537947785,0.99375,0.02989627821842587,0.21050000000000013,0.99375,0.02989627821842587,0.19700000000000006,1.0,0.02971497877501516,20,0,0.0
clean,0.0001,0.0,0.001,50,classical,4000,196000,1.0,1.0,0.33750000000000013,0.0,0.33750000000000013,0.397,1.0,0.0,1.0,0.0,1.0,0.0,0.99075,0.0,0.397,0.99075,0.0,0.3880000000000001,0.99925,0.0,20,0,0.0
clean,0.0001,0.0,0.001,50,quantum,4000,196000,0.9992706779336734,0.9974336734693877,0.1955,0.0022831632653060874,0.19850000000000012,0.20500000000000007,0.74675,0.031138501459617256,1.0,0.11170330890517433,0.998,0.11190211345939934,0.991,0.11260353704947391,0.20500000000000007,0.991,0.11260353704947391,0.19799999999999995,0.999,0.1118026228050678,20,0,0.0
clean,0.0001,0.0,0.001,100,classical,8000,792000,1.0,1.0,0.36850000000000005,0.0,0.36850000000000005,0.39600000000000013,1.0,0.0013731119710398202,1.0,0.0,1.0,0.0,0.990875,0.0,0.3965000000000001,0.99,0.0,0.38650000000000007,0.999125,0.0,20,0,0.0
clean,0.0001,0.0,0.001,100,quantum,8000,792000,0.9986036575126264,0.994905303030303,0.08499999999999996,0.005357954545454513,0.19650000000000012,0.19799999999999995,0.74425,0.042765273311897105,1.0,0.33527212297465725,0.994375,0.33636439476099106,0.990375,0.33726474278544544,0.19799999999999995,0.990375,0.33726474278544544,0.19450000000000012,0.999875,0.33513423655556485,20,0,0.0
clean,0.0001,0.0,0.001,200,classical,16000,3184000,0.999992983364086,0.9999871231155779,0.3700000000000001,6.438442211043061e-06,0.3700000000000001,0.397,1.0,0.005222581447401144,1.0,0.0025559503771585314,1.0,0.0025559503771585314,0.991375,0.00201333836667925,0.39749999999999996,0.99,0.001953248062503938,0.38650000000000007,0.9991875,0.0022467702677401234,20,0,0.0
clean,0.0001,0.0,0.001,200,quantum,16000,3184000,0.9971765317701791,0.9899462939698492,0.12749999999999995,0.009336840452261297,0.19500000000000006,0.19500000000000006,0.742125,0.25526843953838435,1.0,0.6667430380537793,0.991375,0.6685542344902522,0.991375,0.6685542344902522,0.19500000000000006,0.991375,0.6685542344902523,0.1905000000000001,0.999875,0.6667013896122835,20,0,0.0
clean,0.0001,0.0,0.001,400,classical,32000,12768000,0.999997792041138,0.9999926378446116,0.3680000000000001,3.6810776942175494e-06,0.3680000000000001,0.397,1.0,0.01483898774705991,1.0,0.002928896366922166,1.0,0.002928896366922166,0.99003125,0.0014498691965833517,0.397,0.99003125,0.0014498691965833517,0.387,0.99915625,0.001654905389371136,20,0,0.0
clean,0.0001,0.0,0.001,400,quantum,32000,12768000,0.9942804549887904,0.980811951754386,0.10149999999999992,0.016575109649122843,0.1885000000000001,0.1875,0.73178125,0.5812710106573207,1.0,0.8844736148566932,0.98603125,0.8858685823006417,0.990375,0.8854242361796509,0.1875,0.990375,0.8854242361796508,0.1865000000000001,0.99953125,0.8844877337060351,20,0,0.0
clean,0.0001,0.0,0.001,700,classical,56000,39144000,0.999997034571071,0.9999879419578991,0.36949999999999994,1.4740445534455748e-05,0.3700000000000001,0.39749999999999996,1.0,0.0429150074344995,1.0,0.008358124380223828,0.9999821428571428,0.008059659191554186,0.9906785714285714,0.004414614887660613,0.39749999999999996,0.9906785714285714,0.004414614887660613,0.38650000000000007,0.999125,0.005067928017639946,20,0,0.0
clean,0.0001,0.0,0.001,700,quantum,56000,39144000,0.9898112605485059,0.9680471336603311,0.09699999999999998,0.03190640966687103,0.18100000000000005,0.1775,0.7218571428571429,0.870262914655438,1.0,0.9571460165309241,0.968125,0.9584364786884894,0.9986071428571428,0.9571886373275396,0.1775,0.9986071428571428,0.9571886373275396,0.16799999999999993,0.999,0.9571748113422754,20,0,0.0
clean,0.0001,0.0,0.001,1000,classical,80000,79920000,0.9999971236982295,0.9999831331331331,0.369,1.2962962962936864e-05,0.37149999999999994,0.39749999999999996,1.0,0.08325216295192804,1.0,0.016570782317942664,0.9999875,0.013235149003355042,0.9905625,0.006705941338681374,0.39749999999999996,0.9905625,0.006705941338681374,0.387,0.9990875,0.008140674832160629,20,0,0.0
clean,0.0001,0.0,0.001,1000,quantum,80000,79920000,0.9851316842931213,0.9560445445445446,0.06699999999999995,0.04588014264264262,0.1735,0.1705000000000001,0.71435,0.9480312569055372,1.0,0.9777339879540875,0.9521625,0.9787610811932138,0.99155,0.9779056922561852,0.1705000000000001,0.99155,0.9779056922561852,0.14749999999999996,0.999,0.9777485868737823,20,0,0.0
clean,0.0001,0.0,0.0011322446,10,classical,800,7200,1.0,1.0,0.26750000000000007,0.0,0.26750000000000007,0.391,1.0,0.0,1.0,0.0,1.0,0.0,0.99125,0.0,0.3920000000000001,0.99,0.0,0.3880000000000001,1.0,0.0,20,0,0.0
clean,0.0001,0.0,0.0011322446,10,quantum,800,7200,0.999303125,0.9979166666666667,0.14400000000000013,0.0010416666666667185,0.14400000000000013,0.19399999999999995,0.7475,0.006644518272425249,1.0,0.018404907975460124,1.0,0.018404907975460124,0.995,0.018495684340320593,0.19399999999999995,0.995,0.018495684340320593,0.1905000000000001,1.0,0.018404907975460124,20,0,0.0
clean,0.0001,0.0,0.0011322446,20,classical,1600,30400,0.9999999999999999,1.0,0.29400000000000004,0.0,0.29400000000000004,0.39149999999999996,1.0,0.0,1.0,0.0,1.0,0.0,0.991875,0.0,0.3920000000000001,0.99,0.0,0.387,0.999375,0.0,20,0,0.0
clean,0.0001,0.0,0.0011322446,20,quantum,1600,30400,0.9994488898026316,0.998092105263158,0.0004999999999999449,0.0018914473684210065,0.19199999999999995,0.20450000000000013,0.74625,0.0066555740432612314,1.0,0.03498190591073583,0.998125,0.035045317220543805,0.991875,0.03525835866261398,0.20450000000000013,0.991875,0.03525835866261398,0.1915,1.0,0.03498190591073583,20,0,0.0
clean,0.0001,0.0,0.0011322446,50,classical,4000,196000,1.0,1.0,0.3440000000000001,0.0,0.3440000000000001,0.39250000000000007,1.0,0.0,1.0,0.0,1.0,0.0,0.99125,0.0,0.39250000000000007,0.99125,0.0,0.385,0.999,0.0,20,0,0.0
clean,0.0001,0.0,0.0011322446,50,quantum,4000,196000,0.9991007716836735,0.9968214285714285,0.1825000000000001,0.003089285714285739,0.19300000000000006,0.1955,0.746,0.020354563361785948,1.0,0.13476097772009518,0.997,0.1351116894382997,0.9905,0.13587786259541984,0.1955,0.9905,0.13587786259541984,0.1915,1.0,0.13476097772009518,20,0,0.0
clean,0.0001,0.0,0.0011322446,100,classical,8000,792000,0.9999999999999999,1.0,0.36450000000000005,0.0,0.36450000000000005,0.3920000000000001,1.0,0.0014977533699450823,1.0,0.0,1.0,0.0,0.9905,0.0,0.3920000000000001,0.9905,0.0,0.38349999999999995,0.999125,0.0,20,0,0.0
clean,0.0001,0.0,0.0011322446,100,quantum,8000,792000,0.9982246140309343,0.9936111111111111,0.15200000000000014,0.00569255050505052,0.19100000000000006,0.19199999999999995,0.741625,0.05870220529906394,1.0,0.3874425727411945,0.995,0.38849197203656755,0.99075,0.38950935839174305,0.19199999999999995,0.99075,0.38950935839174305,0.1895,0.999875,0.3873314950980392,20,0,0.0
clean,0.0001,0.0,0.0011322446,200,classical,16000,3184000,0.99999214680826,0.9999868090452261,0.369,6.5954773869059125e-06,0.369,0.393,1.0,0.004727544165215228,1.0,0.0026181274155342225,1.0,0.0026181274155342225,0.9901875,0.0023927964233990302,0.393,0.9901875,0.0023927964233990302,0.38349999999999995,0.9991875,0.002433545488581056,20,0,0.0
clean,0.0001,0.0,0.0011322446,200,quantum,16000,3184000,0.9963950423406093,0.9874629396984924,0.1260000000000001,0.01207836055276379,0.1895,0.18900000000000006,0.737,0.32663316582914576,1.0,0.7138667334310955,0.988375,0.7161626132998294,0.9906875,0.7156873296025255,0.18900000000000006,0.9906875,0.7156873296025255,0.18500000000000005,0.999875,0.7138257338604368,20,0,0.0
clean,0.0001,0.0,0.0011322446,400,classical,32000,12768000,0.9999974504314986,0.9999933427318296,0.36749999999999994,3.3286340852534124e-06,0.36749999999999994,0.39250000000000007,1.0,0.01286362093963044,1.0,0.002649213027894655,1.0,0.002649213027894655,0.99046875,0.0017322834645669292,0.39250000000000007,0.99046875,0.0017322834645669292,0.3840000000000001,0.99915625,0.0018730683982143414,20,0,0.0
clean,0.0001,0.0,0.0011322446,400,quantum,32000,12768000,0.9926938679621417,0.9761481829573935,0.10000000000000009,0.02143652098997495,0.18199999999999994,0.1805000000000001,0.725,0.6782960785401297,1.0,0.9049147203898497,0.98096875,0.9065195963109323,0.99340625,0.905447569191416,0.1805000000000001,0.99340625,0.905447569191416,0.1795,0.999125,0.9049555575373822,20,0,0.0
clean,0.0001,0.0,0.0011322446,700,classical,56000,39144000,0.999996381372305,0.9999877120376047,0.369,1.5021459227437806e-05,0.36949999999999994,0.393,1.0,0.03950054028094609,1.0,0.008516138170358173,0.9999821428571428,0.0084460655853814,0.991,0.005198436883805973,0.393,0.991,0.005198436883805973,0.38349999999999995,0.999125,0.0061106670219380045,20,0,0.0
clean,0.0001,0.0,0.0011322446,700,quantum,56000,39144000,0.9872106405433418,0.9606982423870836,0.0004999999999999449,0.03973454424688333,0.1735,0.16949999999999998,0.7110178571428571,0.902343491323809,1.0,0.9648776865433873,0.9598035714285714,0.9662176516211429,0.9951785714285715,0.9650227418078341,0.16949999999999998,0.9951785714285715,0.9650227418078341,0.15999999999999992,0.999,0.96489627446465,20,0,0.0
clean,0.0001,0.0,0.0011322446,1000,classical,80000,79920000,0.9999963214213432,0.9999839714714714,0.36850000000000005,1.373248248248693e-05,0.37050000000000005,0.393,1.0,0.07715023994093761,1.0,0.015760140746299875,0.9999875,0.014729971057331117,0.9909875,0.008330727375070361,0.393,0.9909875,0.008330727375070361,0.3840000000000001,0.9990875,0.01006935843448105,20,0,0.0
clean,0.0001,0.0,0.0011322446,1000,quantum,80000,79920000,0.9817621405567287,0.9463472847847848,0.06899999999999995,0.05367078953953952,0.16549999999999998,0.16149999999999998,0.641175,0.9563252742761537,1.0,0.9816846672046796,0.94625,0.9826325916738763,0.99055,0.981839523946372,0.16149999999999998,0.99055,0.981839523946372,0.12349999999999994,0.9990125,0.9817003823134302,20,0,0.0
clean,0.0001,0.0,0.0022153451,10,classical,800,7200,1.0000000000000002,1.0,0.3085,0.0,0.3085,0.37650000000000006,1.0,0.0,1.0,0.0,1.0,0.0,0.99375,0.0,0.377,0.99,0.0,0.37549999999999994,1.0,0.0,20,0,0.0
clean,0.0001,0.0,0.0022153451,10,quantum,800,7200,0.9987850694444443,0.9963888888888889,0.1755,0.0018055555555555047,0.1755,0.17599999999999993,0.73875,0.01335559265442404,1.0,0.031476997578692496,1.0,0.031476997578692496,1.0,0.031476997578692496,0.1765000000000001,0.99,0.03178484107579462,0.17599999999999993,1.0,0.031476997578692496,20,0,0.0
clean,0.0001,0.0,0.0022153451,20,classical,1600,30400,1.0,1.0,0.31400000000000006,0.0,0.31400000000000006,0.377,1.0,0.0,1.0,0.0,1.0,0.0,0.991875,0.0,0.377,0.991875,0.0,0.375,0.999375,0.0,20,0,0.0
clean,0.0001,0.0,0.0022153451,20,quantum,1600,30400,0.9980494757401316,0.9937171052631579,0.11949999999999994,0.006266447368421024,0.1745000000000001,0.1745000000000001,0.735,0.030502885408079144,1.0,0.10664433277498604,0.99375,0.10724312184166199,0.99375,0.10724312184166199,0.17500000000000004,0.99,0.1076056338028169,0.17149999999999999,1.0,0.10664433277498604,20,0,0.0
clean,0.0001,0.0,0.0022153451,50,classical,4000,196000,0.9999999043367347,0.9999897959183673,0.353,5.102040816273856e-06,0.353,0.37749999999999995,1.0,0.000999000999000999,1.0,0.0004997501249375312,1.0,0.0004997501249375312,0.99125,0.0002521432173474534,0.37749999999999995,0.99125,0.0002521432173474534,0.37349999999999994,0.99975,0.00025,20,0,0.0
clean,0.0001,0.0,0.0022153451,50,quantum,4000,196000,0.9965107123724489,0.9881530612244898,0.0004999999999999449,0.01353316326530607,0.1755,0.17500000000000004,0.7335,0.09051456912585244,1.0,0.36728883264789625,0.98475,0.37026378896882495,0.99225,0.3684964200477327,0.17500000000000004,0.99225,0.3684964200477327,0.17300000000000004,0.9995,0.3668039277795375,20,0,0.0
clean,0.0001,0.0,0.0022153451,100,classical,8000,792000,0.9999972278251261,0.9999924242424243,0.3580000000000001,3.7878787878531384e-06,0.3580000000000001,0.377,1.0,0.0012484394506866417,1.0,0.0007494379215588309,1.0,0.0007494379215588309,0.991375,0.0007559531309058839,0.377,0.991375,0.0007559531309058839,0.37349999999999994,0.999,0.0007501875468867217,20,0,0.0
clean,0.0001,0.0,0.0022153451,100,quantum,8000,792000,0.9932367414772727,0.9779166666666667,0.11349999999999993,0.021841540404040405,0.16999999999999993,0.16700000000000004,0.71125,0.3225383974282653,1.0,0.6861514319340918,0.978375,0.6905957228129818,0.99275,0.6875319667938781,0.16700000000000004,0.99275,0.6875319667938781,0.16399999999999992,0.999,0.6861944400816711,20,0,0.0
clean,0.0001,0.0,0.0022153451,200,classical,16000,3184000,0.9999850466198179,0.9999789572864322,0.36749999999999994,1.0521356783921298e-05,0.36749999999999994,0.3780000000000001,1.0,0.0052844264843021444,1.0,0.004170037966017302,1.0,0.004170037966017302,0.990125,0.0037104584617319667,0.3780000000000001,0.990125,0.0037104584617319667,0.373,0.9993125,0.004048835181263237,20,0,0.0
clean,0.0001,0.0,0.0022153451,200,quantum,16000,3184000,0.9865299039926194,0.9589488065326633,0.0004999999999999449,0.04325172738693467,0.16149999999999998,0.15549999999999997,0.5998125,0.7015858208955223,1.0,0.890939082661359,0.9545,0.8952731661489299,0.995125,0.891331499668985,0.15549999999999997,0.995125,0.8913314996689848,0.14650000000000007,0.999,0.8909671346130235,20,0,0.0
clean,0.0001,0.0,0.0022153451,400,classical,32000,12768000,0.9999917001341244,0.9999813596491228,0.36650000000000005,2.4906015037629015e-05,0.36749999999999994,0.37749999999999995,1.0,0.011857707509881422,1.0,0.007382591972206713,0.99996875,0.007352028787690781,0.99159375,0.006076742364917776,0.37749999999999995,0.99159375,0.006076742364917776,0.37349999999999994,0.99925,0.006586305455449235,20,0,0.0
clean,0.0001,0.0,0.0022153451,400,quantum,32000,12768000,0.9750301434090598,0.9269140820802005,0.05800000000000005,0.07354957706766918,0.15200000000000014,0.14200000000000013,0.6080625,0.9206786625683839,1.0,0.9668449098129742,0.92578125,0.9691458316409106,0.99253125,0.9670347463177331,0.14200000000000013,0.99253125,0.9670347463177331,0.10299999999999998,0.9990625,0.9668672045434524,20,0,0.0
clean,0.0001,0.0,0.0022153451,700,classical,56000,39144000,0.9999859826202611,0.9999621653382383,0.3680000000000001,3.644236664618328e-05,0.36850000000000005,0.3780000000000001,1.0,0.050010178462373614,1.0,0.02576503540300273,0.9999642857142857,0.025325048300349852,0.991625,0.019700955037336487,0.3780000000000001,0.991625,0.019700955037336487,0.37349999999999994,0.9991607142857143,0.02202296680824288,20,0,0.0
clean,0.0001,0.0,0.0022153451,700,quantum,56000,39144000,0.96227249510986,0.8882809115062333,0.028999999999999915,0.10918647813202531,0.19500000000000006,0.12349999999999994,0.4850357142857143,0.9767499191100566,1.0,0.9873564391397682,0.8907857142857143,0.9884602332150687,0.991875,0.9874177949008827,0.12349999999999994,0.991875,0.9874177949008827,0.07750000000000012,0.9990178571428572,0.987364982946284,20,0,0.0
clean,0.0001,0.0,0.0022153451,1000,classical,80000,79920000,0.9999832119089404,0.9999404904904905,0.367,5.243993993991891e-05,0.369,0.37850000000000006,1.0,0.11166385360220307,1.0,0.05611402142621171,0.99995,0.051977909980801595,0.99045,0.037334920847051964,0.37850000000000006,0.99045,0.037334920847051964,0.3740000000000001,0.9990875,0.043237290367373324,20,0,0.0
clean,0.0001,0.0,0.0022153451,1000,quantum,80000,79920000,0.9526039923944256,0.8554529154154153,0.03200000000000003,0.11838681806806811,0.19599999999999995,0.11050000000000004,0.4540625,0.985630950596182,1.0,0.9931225409322723,0.8811625,0.9925765186818084,0.9906625,0.993154486634436,0.11050000000000004,0.9906625,0.993154486634436,0.06800000000000006,0.999,0.9931260630325914,20,0,0.0
heavy,0.0005,0.02,1e-06,10,classical,800,7200,1.0,1.0,0.5005,0.0,0.5005,1.0,1.0,0.004975124378109453,1.0,0.0,1.0,0.0,1.0,0.0,1.0,1.0,0.0,1.0,1.0,0.0,20,0,0.0
heavy,0.0005,0.02,1e-06,10,quantum,800,7200,0.9998611111111111,0.9994444444444445,0.0004999999999999449,0.0002777777777778212,0.0004999999999999449,0.5529999999999999,1.0,0.004975124378109453,1.0,0.004975124378109453,1.0,0.004975124378109453,1.0,0.004975124378109453,0.5529999999999999,1.0,0.004975124378109453,0.5529999999999999,1.0,0.004975124378109453,20,0,0.0
heavy,0.0005,0.02,1e-06,20,classical,1440,27360,0.9999271544022093,0.9999269005847953,0.5005,3.6549707602362425e-05,0.5005,1.0,1.0,0.01907356948228883,1.0,0.0013869625520110957,1.0,0.0013869625520110957,1.0,0.0013869625520110957,1.0,1.0,0.0013869625520110957,1.0,1.0,0.0013869625520110957,20,2,0.1
heavy,0.0005,0.02,1e-06,20,quantum,1440,27360,0.9997177550357375,0.9989766081871345,0.0004999999999999449,0.0005116959064327409,0.0004999999999999449,0.5505,1.0,0.01907356948228883,1.0,0.01907356948228883,1.0,0.01907356948228883,1.0,0.01907356948228883,0.5505,1.0,0.019073569482288832,0.5505,1.0,0.019073569482288832,20,2,0.1
heavy,0.0005,0.02,1e-06,50,classical,3384,166590,0.9966798211219715,0.99637123502343,0.6005,0.003065958213118447,0.25049999999999994,1.0,0.9967494089834515,0.12457825071372956,0.9967494089834515,0.018335273573923165,0.9967494089834515,0.12457825071372956,0.9958628841607565,0.012888107791446984,1.0,0.9958628841607565,0.012888107791446984,-0.917,0.9994089834515366,0.9801026051349634,20,3,0.15
heavy,0.0005,0.02,1e-06,50,quantum,3400,166600,0.9989724224984111,0.9967226890756303,0.371,0.0016386554621848903,0.371,0.5330000000000001,0.9997058823529412,0.12779060816012316,0.9997058823529412,0.12756673511293634,0.9997058823529412,0.12756673511293634,0.9997058823529412,0.12756673511293634,0.5330000000000001,0.9997058823529412,0.12756673511293634,0.5330000000000001,0.9997058823529412,0.12756673511293634,20,3,0.15
heavy,0.0005,0.02,1e-06,100,classical,3955,395974,0.9937677231448305,0.9930724844165885,0.75,0.005702238479091015,0.25049999999999994,0.9995,0.9939317319848293,0.3490644146381851,0.9934260429835651,0.03440648808060948,0.9939317319848293,0.349602911978822,0.9929203539823008,0.023134328358208955,0.9995,0.9929203539823008,0.023134328358208955,-0.7050000000000001,0.9992414664981036,0.9901180977338138,20,10,0.5
heavy,0.0005,0.02,1e-06,100,quantum,4000,396000,0.9984727102272728,0.9945454545454545,0.47050000000000014,0.0031022727272727035,0.51,0.5155000000000001,1.0,0.35086011035378123,1.0,0.35064935064935066,0.99925,0.35082020464511937,0.99925,0.35082020464511937,0.5155000000000001,0.99925,0.35082020464511937,0.5155000000000001,0.99925,0.35082020464511937,20,10,0.5
heavy,0.0005,0.02,1e-06,200,classical,10066,2069397,0.9894697670309767,0.9883571413789775,0.8,0.010481986403750199,0.5,0.15749999999999997,0.9897675342737929,0.6845754448173241,0.9889727796542818,0.11345622940600232,0.9894695012914763,0.6843206237520205,0.9900655672561097,0.9952069808981404,0.15749999999999997,0.9900655672561097,0.9952069808981404,-1.0,1.0,0.9951593271916837,20,7,0.35
heavy,0.0005,0.02,1e-06,200,quantum,10400,2069600,0.9962147928994083,0.9893936026285273,0.22550000000000003,0.008282759953614216,0.516,0.5175000000000001,0.9998076923076923,0.6785581797947323,1.0,0.6785261661154215,0.9940384615384615,0.6797794573163177,0.9940384615384615,0.6797794573163177,0.5175000000000001,0.9940384615384615,0.6797794573163177,0.48449999999999993,0.9997115384615385,0.6785493445461291,20,7,0.35
heavy,0.0005,0.02,1e-06,400,classical,11888,5106280,0.9755207312853279,0.9706808880661463,0.808,0.021694577424314576,0.25049999999999994,-0.5005,0.9756056527590848,0.8955887648541592,0.9724091520861373,0.43291636006867795,0.9761103633916555,0.8956230773382265,0.9910834454912517,0.9976978910947346,-0.5005,0.9910834454912517,0.9976978910947346,-0.971,0.9990746971736204,0.9976794231636436,20,12,0.6
heavy,0.0005,0.02,1e-06,400,quantum,12800,5107200,0.99339107416674,0.9802333959899749,0.2370000000000001,0.01847460447994992,0.45399999999999996,0.45100000000000007,0.9996875,0.8875017583345055,1.0,0.8874745059427527,0.9828125,0.889169830935537,0.994921875,0.8879582625832505,0.45100000000000007,0.994921875,0.8879582625832505,0.43999999999999995,0.999296875,0.8875259399950758,20,12,0.6
heavy,0.0005,0.02,1e-06,700,classical,9749,7825210,0.9480953470365203,0.9415173504410363,0.7630000000000001,0.04123663360773805,0.25049999999999994,-0.6255,0.9491229869730229,0.9646724190592547,0.9462508975279516,0.800609518869148,0.9498410093342907,0.964673477640524,0.9905631346804801,0.9987673852983542,-0.6255,0.9905631346804801,0.9987673852983542,-1.0,1.0,0.9987557050394265,20,16,0.8
heavy,0.0005,0.02,1e-06,700,quantum,11200,7828800,0.9861309503451998,0.9670088647046802,0.0004999999999999449,0.03202502299202942,0.46650000000000014,0.44599999999999995,0.9996428571428572,0.9583424801777031,0.9999107142857143,0.9583341084377244,0.9688392857142857,0.9595617418525351,0.9996428571428572,0.9583365894501814,0.44599999999999995,0.9996428571428572,0.9583365894501815,0.44599999999999995,0.9996428571428572,0.9583365894501815,20,16,0.8
heavy,0.0005,0.02,1e-06,1000,classical,0,0,,,,,,,,,,,,,,,,,,,,,20,20,1.0
heavy,0.0005,0.02,1e-06,1000,quantum,0,0,,,,,,,,,,,,,,,,,,,,,20,20,1.0
heavy,0.0005,0.02,1e-05,10,classical,800,7200,1.0,1.0,0.5005,0.0,0.5005,1.0,1.0,0.004975124378109453,1.0,0.0,1.0,0.0,1.0,0.0,1.0,1.0,0.0,1.0,1.0,0.0,20,0,0.0
heavy,0.0005,0.02,1e-05,10,quantum,800,7200,0.9998611111111111,0.9994444444444445,0.0004999999999999449,0.0002777777777778212,0.0004999999999999449,0.5529999999999999,1.0,0.004975124378109453,1.0,0.004975124378109453,1.0,0.004975124378109453,1.0,0.004975124378109453,0.5529999999999999,1.0,0.004975124378109453,0.5529999999999999,1.0,0.004975124378109453,20,0,0.0
heavy,0.0005,0.02,1e-05,20,classical,1440,27360,0.9999271544022093,0.9999269005847953,0.5005,3.6549707602362425e-05,0.5005,1.0,1.0,0.01907356948228883,1.0,0.0013869625520110957,1.0,0.0013869625520110957,1.0,0.0013869625520110957,1.0,1.0,0.0013869625520110957,1.0,1.0,0.0013869625520110957,20,2,0.1
heavy,0.0005,0.02,1e-05,20,quantum,1440,27360,0.9997177550357375,0.9989766081871345,0.0004999999999999449,0.0005116959064327409,0.0004999999999999449,0.5505,1.0,0.01907356948228883,1.0,0.01907356948228883,1.0,0.01907356948228883,1.0,0.01907356948228883,0.5505,1.0,0.019073569482288832,0.5505,1.0,0.019073569482288832,20,2,0.1
heavy,0.0005,0.02,1e-05,50,classical,3384,166590,0.9966791000455955,0.99637123502343,0.6005,0.003074962355023747,0.25049999999999994,0.9995,0.9967494089834515,0.12457825071372956,0.9967494089834515,0.018335273573923165,0.9967494089834515,0.12525933609958506,0.9958628841607565,0.012888107791446984,0.9995,0.9958628841607565,0.012888107791446984,-0.917,0.9994089834515366,0.9801026051349634,20,3,0.15
heavy,0.0005,0.02,1e-05,50,quantum,3400,166600,0.9989617170397571,0.9966926770708284,0.0004999999999999449,0.0018007202881152318,0.4930000000000001,0.5330000000000001,0.9997058823529412,0.1286849525762625,0.9997058823529412,0.1286849525762625,0.9994117647058823,0.12871794871794873,0.9994117647058823,0.12871794871794873,0.5330000000000001,0.9994117647058823,0.1287179487179487,0.5330000000000001,0.9994117647058823,0.1287179487179487,20,3,0.15
heavy,0.0005,0.02,1e-05,100,classical,3956,395976,0.9935149145525318,0.9928440960348263,0.75,0.005843000759531702,0.25049999999999994,0.9995,0.993680485338726,0.3493876199933797,0.9931749241658241,0.03226600985221675,0.993680485338726,0.35089167767503304,0.9924165824064712,0.022896963663514187,0.9995,0.9924165824064712,0.022896963663514187,-0.8335,0.9992416582406471,0.9901155972524711,20,10,0.5
heavy,0.0005,0.02,1e-05,100,quantum,4000,396000,0.9984402424242425,0.9944166666666666,0.47050000000000014,0.003166666666666651,0.51,0.5150000000000001,1.0,0.3561886367294383,1.0,0.3559813234583803,0.99925,0.35615335051546393,0.99925,0.35615335051546393,0.5150000000000001,0.99925,0.35615335051546393,0.5150000000000001,0.99925,0.35615335051546393,20,10,0.5
heavy,0.0005,0.02,1e-05,200,classical,11685,2387821,0.9926512418112218,0.9915265293720683,0.8,0.00883512307923734,0.5,1.0,0.992811296534018,0.6806155879195,0.9921266581086864,0.11001074773529863,0.9925545571245186,0.6779496293005304,0.991099700470689,0.10433101314771849,1.0,0.991099700470689,0.10433101314771849,-0.7224999999999999,0.999058622165169,0.9951347852849968,20,5,0.25
heavy,0.0005,0.02,1e-05,200,quantum,12000,2388000,0.9960676666143216,0.9893517587939699,0.22449999999999992,0.007614321608040209,0.5035000000000001,0.514,0.9998333333333334,0.6794121576486306,1.0,0.6793844180827188,0.9954166666666666,0.6803243590429803,0.9954166666666666,0.6803243590429803,0.514,0.9954166666666666,0.6803243590429803,0.4810000000000001,0.9998333333333334,0.6793778894203789,20,5,0.25
heavy,0.0005,0.02,1e-05,400,classical,1469,638295,0.9788864353043661,0.9745026273539493,0.8660000000000001,0.020139822589719025,0.25049999999999994,-0.5005,0.9788972089857045,0.897351702476979,0.9761742682096665,0.4266293482606957,0.9795779441797141,0.8980444948278306,0.9904697072838666,0.9977256065440006,-0.5005,0.9904697072838666,0.9977256065440006,-1.0,1.0,0.9977038407912918,20,19,0.95
heavy,0.0005,0.02,1e-05,400,quantum,1600,638400,0.9940300649083647,0.9797540726817042,0.1885000000000001,0.011997180451127798,0.4159999999999999,0.43900000000000006,0.9975,0.8900902141725776,1.0,0.8898450946643718,0.99625,0.890205262432842,0.99625,0.890205262432842,0.43900000000000006,0.99625,0.890205262432842,0.264,0.999375,0.8899063618837786,20,19,0.95
heavy,0.0005,0.02,1e-05,700,classical,0,0,,,,,,,,,,,,,,,,,,,,,20,20,1.0
heavy,0.0005,0.02,1e-05,700,quantum,0,0,,,,,,,,,,,,,,,,,,,,,20,20,1.0
heavy,0.0005,0.02,1e-05,1000,classical,0,0,,,,,,,,,,,,,,,,,,,,,20,20,1.0
heavy,0.0005,0.02,1e-05,1000,quantum,0,0,,,,,,,,,,,,,,,,,,,,,20,20,1.0
heavy,0.0005,0.02,5e-05,10,classical,800,7200,1.0,1.0,0.5005,0.0,0.5005,1.0,1.0,0.004975124378109453,1.0,0.0,1.0,0.0,1.0,0.0,1.0,1.0,0.0,1.0,1.0,0.0,20,0,0.0
heavy,0.0005,0.02,5e-05,10,quantum,800,7200,0.9998611111111111,0.9994444444444445,0.0004999999999999449,0.0002777777777778212,0.0004999999999999449,0.5529999999999999,1.0,0.004975124378109453,1.0,0.004975124378109453,1.0,0.004975124378109453,1.0,0.004975124378109453,0.5529999999999999,1.0,0.004975124378109453,0.5529999999999999,1.0,0.004975124378109453,20,0,0.0
heavy,0.0005,0.02,5e-05,20,classical,1520,28880,0.9998278037979297,0.9998268698060941,0.5005,8.656509695292858e-05,0.5005,1.0,1.0,0.021249195106245976,1.0,0.003278688524590164,1.0,0.003278688524590164,1.0,0.003278688524590164,1.0,1.0,0.003278688524590164,1.0,1.0,0.003278688524590164,20,1,0.05
heavy,0.0005,0.02,5e-05,20,quantum,1520,28880,0.9995639283240998,0.9987880886426593,0.0004999999999999449,0.000605955678670389,0.0004999999999999449,0.5505,1.0,0.022508038585209004,1.0,0.022508038585209004,1.0,0.022508038585209004,1.0,0.022508038585209004,0.5505,1.0,0.022508038585209004,0.5505,1.0,0.022508038585209004,20,1,0.05
heavy,0.0005,0.02,5e-05,50,classical,3382,166590,0.9972908563959527,0.9970327119250727,0.75,0.002729217001026907,0.494,1.0,0.9973388527498521,0.12480539699014011,0.9973388527498521,0.014894859813084112,0.9973388527498521,0.121385777546236,0.9958604376108812,0.010866372980910427,1.0,0.9958604376108812,0.010866372980910427,-0.7755,0.9991129509166173,0.9801195533224292,20,3,0.15
heavy,0.0005,0.02,5e-05,50,quantum,3400,166600,0.9989266621354425,0.9965786314525811,0.0004999999999999449,0.00215186074429774,0.5265,0.532,0.9997058823529412,0.13290816326530613,0.9997058823529412,0.13290816326530613,0.9988235294117647,0.13300995659943834,0.9988235294117647,0.13300995659943834,0.532,0.9988235294117647,0.13300995659943834,0.526,0.9991176470588236,0.13297600816743235,20,3,0.15
heavy,0.0005,0.02,5e-05,100,classical,4348,435571,0.9940817663536782,0.9936046927008819,0.5310000000000001,0.005641368540005021,0.25049999999999994,0.9995,0.9942502299908004,0.3475701780863266,0.9940202391904324,0.04019542527204086,0.9942502299908004,0.35793851180751524,0.9931002759889604,0.022855849739760126,0.9995,0.9931002759889604,0.022855849739760126,-0.871,0.9990800367985281,0.9901252753397847,20,9,0.45
heavy,0.0005,0.02,5e-05,100,quantum,4400,435600,0.9983652089072543,0.9940909090909091,0.47350000000000003,0.003522727272727233,0.51,0.5150000000000001,1.0,0.36926605504587157,1.0,0.36908517350157727,0.9988636363636364,0.36934997847610845,0.9988636363636364,0.36934997847610845,0.5150000000000001,0.9988636363636364,0.36934997847610845,0.5095000000000001,0.9995454545454545,0.36919104991394147,20,9,0.45
heavy,0.0005,0.02,5e-05,200,classical,5455,1114327,0.9916618590574987,0.9912140406594978,0.9995,0.008359499372277535,0.5,0.9995,0.9919340054995417,0.6780891189243857,0.9917506874427131,0.09953395472703062,0.9917506874427131,0.6356411637931034,0.9917506874427131,0.09953395472703062,0.9995,0.9917506874427131,0.09953395472703062,-0.723,0.999083409715857,0.9951329377766188,20,13,0.65
heavy,0.0005,0.02,5e-05,200,quantum,5600,1114400,0.9963861232982514,0.9886629576453697,0.24249999999999994,0.009149766690595862,0.5015000000000001,0.5145,1.0,0.6928814302950532,1.0,0.6928814302950532,0.9930357142857142,0.6943329852140934,0.9930357142857142,0.6943329852140934,0.5145,0.9930357142857142,0.6943329852140934,0.48150000000000004,0.9996428571428572,0.6929405956886622,20,13,0.65
heavy,0.0005,0.02,5e-05,400,classical,0,0,,,,,,,,,,,,,,,,,,,,,20,20,1.0
heavy,0.0005,0.02,5e-05,400,quantum,0,0,,,,,,,,,,,,,,,,,,,,,20,20,1.0
heavy,0.0005,0.02,5e-05,700,classical,0,0,,,,,,,,,,,,,,,,,,,,,20,20,1.0
heavy,0.0005,0.02,5e-05,700,quantum,0,0,,,,,,,,,,,,,,,,,,,,,20,20,1.0
heavy,0.0005,0.02,5e-05,1000,classical,0,0,,,,,,,,,,,,,,,,,,,,,20,20,1.0
heavy,0.0005,0.02,5e-05,1000,quantum,0,0,,,,,,,,,,,,,,,,,,,,,20,20,1.0
heavy,0.0005,0.02,0.0001,10,classical,800,7200,1.0,1.0,0.5005,0.0,0.5005,1.0,1.0,0.004975124378109453,1.0,0.0,1.0,0.0,1.0,0.0,1.0,1.0,0.0,1.0,1.0,0.0,20,0,0.0
heavy,0.0005,0.02,0.0001,10,quantum,800,7200,0.9997916666666666,0.9991666666666666,0.0004999999999999449,0.0004166666666666208,0.0004999999999999449,0.5525,1.0,0.007444168734491315,1.0,0.007444168734491315,1.0,0.007444168734491315,1.0,0.007444168734491315,0.5525,1.0,0.007444168734491315,0.5525,1.0,0.007444168734491315,20,0,0.0
heavy,0.0005,0.02,0.0001,20,classical,1520,28880,0.9998278379683628,0.9998268698060941,0.5005,8.656509695292858e-05,0.5005,1.0,1.0,0.021249195106245976,1.0,0.003278688524590164,1.0,0.003278688524590164,1.0,0.003278688524590164,1.0,1.0,0.003278688524590164,1.0,1.0,0.003278688524590164,20,1,0.05
heavy,0.0005,0.02,0.0001,20,quantum,1520,28880,0.999515349358507,0.9984764542936289,0.0004999999999999449,0.0010907202216066114,0.516,0.5505,1.0,0.028132992327365727,1.0,0.028132992327365727,0.9993421052631579,0.02815099168266155,0.9993421052631579,0.02815099168266155,0.5505,0.9993421052631579,0.02815099168266155,0.5505,0.9993421052631579,0.02815099168266155,20,1,0.05
heavy,0.0005,0.02,0.0001,50,classical,3382,166590,0.9973089365638057,0.9970207064025324,0.75,0.002675192149595218,0.49950000000000006,0.9995,0.9973388527498521,0.12480539699014011,0.9973388527498521,0.015469935785172213,0.9973388527498521,0.11724679403297567,0.9952690715552928,0.01145374449339207,0.9995,0.9952690715552928,0.01145374449339207,-0.3005,0.9991129509166173,0.9801197872540713,20,3,0.15
heavy,0.0005,0.02,0.0001,50,quantum,3400,166600,0.9989684008897677,0.9965186074429772,0.0004999999999999449,0.002623049219687812,0.5255000000000001,0.53,1.0,0.1457286432160804,1.0,0.1457286432160804,0.9982352941176471,0.1459486663311525,0.9982352941176471,0.1459486663311525,0.53,0.9982352941176471,0.1459486663311525,0.512,0.9991176470588236,0.14583857178777973,20,3,0.15
heavy,0.0005,0.02,0.0001,100,classical,4340,435569,0.9965935783262178,0.9960846093017182,0.5275000000000001,0.0029540931644124746,0.5,0.9995,0.9967741935483871,0.3486901535682023,0.9965437788018433,0.04419889502762431,0.9965437788018433,0.19803448915260524,0.9963133640552996,0.023486901535682024,0.9995,0.9963133640552996,0.023486901535682024,-0.7484999999999999,0.9990783410138249,0.9901432591804539,20,9,0.45
heavy,0.0005,0.02,0.0001,100,quantum,4400,435600,0.9981973604850154,0.993528466483012,0.27900000000000014,0.003917584940312191,0.5095000000000001,0.5270000000000001,1.0,0.39049729879484696,1.0,0.39049729879484696,0.9986363636363637,0.3908221267156523,0.9986363636363637,0.3908221267156523,0.5270000000000001,0.9986363636363637,0.3908221267156523,0.5090000000000001,0.9993181818181818,0.390659645232816,20,9,0.45
heavy,0.0005,0.02,0.0001,200,classical,4699,955146,0.992293601959468,0.9914284303688613,0.9995,0.008124047550427227,0.5,0.9995,0.9925516067248351,0.673320725642642,0.9919131730155352,0.09035909445745512,0.9925516067248351,0.6431249521769072,0.9919131730155352,0.09035909445745512,0.9995,0.9919131730155352,0.09035909445745512,-0.8005,0.9991487550542668,0.9951085444716135,20,14,0.7
heavy,0.0005,0.02,0.0001,200,quantum,4800,955200,0.995152081588498,0.9877721943048576,0.0004999999999999449,0.0081967127303183,0.5245,0.532,1.0,0.7087378640776699,1.0,0.7087378640776699,0.9958333333333333,0.7095813840452032,0.9958333333333333,0.7095813840452032,0.532,0.9958333333333333,0.7095813840452032,0.498,0.9997916666666666,0.7087808726257662,20,14,0.7
heavy,0.0005,0.02,0.0001,400,classical,0,0,,,,,,,,,,,,,,,,,,,,,20,20,1.0
heavy,0.0005,0.02,0.0001,400,quantum,0,0,,,,,,,,,,,,,,,,,,,,,20,20,1.0
heavy,0.0005,0.02,0.0001,700,classical,0,0,,,,,,,,,,,,,,,,,,,,,20,20,1.0
heavy,0.0005,0.02,0.0001,700,quantum,0,0,,,,,,,,,,,,,,,,,,,,,20,20,1.0
heavy,0.0005,0.02,0.0001,1000,classical,0,0,,,,,,,,,,,,,,,,,,,,,20,20,1.0
heavy,0.0005,0.02,0.0001,1000,quantum,0,0,,,,,,,,,,,,,,,,,,,,,20,20,1.0
heavy,0.0005,0.02,0.00014159802,10,classical,800,7200,1.0,1.0,0.5005,0.0,0.5005,1.0,1.0,0.004975124378109453,1.0,0.0,1.0,0.0,1.0,0.0,1.0,1.0,0.0,1.0,1.0,0.0,20,0,0.0
heavy,0.0005,0.02,0.00014159802,10,quantum,800,7200,0.9997916666666666,0.9991666666666666,0.0004999999999999449,0.0004166666666666208,0.0004999999999999449,0.5525,1.0,0.007444168734491315,1.0,0.007444168734491315,1.0,0.007444168734491315,1.0,0.007444168734491315,0.5525,1.0,0.007444168734491315,0.5525,1.0,0.007444168734491315,20,0,0.0
heavy,0.0005,0.02,0.00014159802,20,classical,1520,28880,0.9998279404796618,0.9998268698060941,0.5005,8.656509695292858e-05,0.5005,1.0,1.0,0.021249195106245976,1.0,0.003278688524590164,1.0,0.003278688524590164,1.0,0.003278688524590164,1.0,1.0,0.003278688524590164,1.0,1.0,0.003278688524590164,20,1,0.05
heavy,0.0005,0.02,0.00014159802,20,quantum,1520,28880,0.9994819762356029,0.998303324099723,0.0004999999999999449,0.00117728531855954,0.516,0.5505,1.0,0.03123008285532186,1.0,0.03123008285532186,0.9993421052631579,0.03125,0.9993421052631579,0.03125,0.5505,0.9993421052631579,0.03125,0.5505,0.9993421052631579,0.03125,20,1,0.05
heavy,0.0005,0.02,0.00014159802,50,classical,3782,186190,0.9976047472758662,0.9972765718215607,0.7505,0.0024869087828122693,0.49950000000000006,0.9995,0.9976203067160233,0.1258109360518999,0.9976203067160233,0.01667969768047954,0.9976203067160233,0.11348684210526316,0.9952406134320465,0.015175300889586603,0.9995,0.9952406134320465,0.015175300889586605,-0.3005,0.9992067689053411,0.9801071759454224,20,1,0.05
heavy,0.0005,0.02,0.00014159802,50,quantum,3800,186200,0.9987548723783142,0.9963211600429646,0.0004999999999999449,0.002760472610096709,0.518,0.53,1.0,0.1527313266443701,1.0,0.1527313266443701,0.9981578947368421,0.15297007592675302,0.9981578947368421,0.15297007592675302,0.53,0.9981578947368421,0.15297007592675302,0.512,0.9992105263157894,0.15283355644801427,20,1,0.05
heavy,0.0005,0.02,0.00014159802,100,classical,5934,593964,0.9949275275500045,0.9941778685214647,0.7850000000000001,0.005083516311607417,0.42599999999999993,0.9995,0.9951129086619481,0.3459962343559641,0.9944388270980788,0.02559445178335535,0.9949443882709808,0.3395973154362416,0.9942703067071116,0.02301705580394105,0.9995,0.9942703067071116,0.02301705580394105,-0.7635,0.9991573980451635,0.9901164884111701,20,5,0.25
heavy,0.0005,0.02,0.00014159802,100,quantum,6000,594000,0.9978597926487093,0.9931498316498316,0.48449999999999993,0.003925084175084137,0.5095000000000001,0.5275000000000001,1.0,0.40428911834789516,1.0,0.4041116297546926,0.999,0.4043525787538507,0.999,0.4043525787538507,0.5275000000000001,0.999,0.4043525787538507,0.5275000000000001,0.999,0.4043525787538507,20,5,0.25
heavy,0.0005,0.02,0.00014159802,200,classical,3122,636759,0.9914853317503572,0.9912542646611023,0.9970000000000001,0.00877563229468381,0.49950000000000006,1.0,0.9916720051249199,0.6793371310201968,0.9916720051249199,0.07911957168352171,0.9916720051249199,0.6548110157208161,0.9903907751441384,0.06359781950333132,1.0,0.9903907751441384,0.06359781950333132,-0.75,0.9990390775144138,0.9951256104707951,20,16,0.8
heavy,0.0005,0.02,0.00014159802,200,quantum,3200,636800,0.9957054584445666,0.9865059673366834,0.0004999999999999449,0.013464981155778877,0.5165,0.516,1.0,0.7286525905197999,1.0,0.7286525905197999,0.9865625,0.7312962805345136,0.993125,0.7299915038232795,0.516,0.993125,0.7299915038232795,0.4950000000000001,1.0,0.7286525905197999,20,16,0.8
heavy,0.0005,0.02,0.00014159802,400,classical,0,0,,,,,,,,,,,,,,,,,,,,,20,20,1.0
heavy,0.0005,0.02,0.00014159802,400,quantum,0,0,,,,,,,,,,,,,,,,,,,,,20,20,1.0
heavy,0.0005,0.02,0.00014159802,700,classical,0,0,,,,,,,,,,,,,,,,,,,,,20,20,1.0
heavy,0.0005,0.02,0.00014159802,700,quantum,0,0,,,,,,,,,,,,,,,,,,,,,20,20,1.0
heavy,0.0005,0.02,0.00014159802,1000,classical,0,0,,,,,,,,,,,,,,,,,,,,,20,20,1.0
heavy,0.0005,0.02,0.00014159802,1000,quantum,0,0,,,,,,,,,,,,,,,,,,,,,20,20,1.0
heavy,0.0005,0.02,0.0005,10,classical,800,7200,1.0,1.0,0.5005,0.0,0.5005,0.9995,1.0,0.004975124378109453,1.0,0.0,1.0,0.0,0.9925,0.0,0.9995,0.9925,0.0,0.9975,1.0,0.0,20,0,0.0
heavy,0.0005,0.02,0.0005,10,quantum,800,7200,0.9997222222222223,0.9988888888888889,0.0004999999999999449,0.0005555555555555314,0.0004999999999999449,0.552,1.0,0.009900990099009901,1.0,0.009900990099009901,1.0,0.009900990099009901,1.0,0.009900990099009901,0.552,1.0,0.009900990099009901,0.552,1.0,0.009900990099009901,20,0,0.0
heavy,0.0005,0.02,0.0005,20,classical,1520,28880,0.9998281910628373,0.9998268698060941,0.5005,8.656509695292858e-05,0.5005,0.9995,1.0,0.021879021879021878,1.0,0.003278688524590164,1.0,0.003278688524590164,0.9921052631578947,0.003304692663582287,0.9995,0.9921052631578947,0.003304692663582287,0.9750000000000001,0.9993421052631579,0.0032808398950131233,20,1,0.05
heavy,0.0005,0.02,0.0005,20,quantum,1520,28880,0.9991431194416096,0.9972645429362881,0.3285,0.003341412742382255,0.5155000000000001,0.5469999999999999,1.0,0.04940587867417136,1.0,0.04940587867417136,0.9960526315789474,0.04959196484620213,0.9953947368421052,0.04962311557788945,0.5469999999999999,0.9953947368421052,0.04962311557788945,0.512,1.0,0.04940587867417136,20,1,0.05
heavy,0.0005,0.02,0.0005,50,classical,3388,166592,0.9968550612563448,0.9964050907793705,0.651,0.002952458474714259,0.345,0.9935,0.9970484061393152,0.1266804550155119,0.9967532467532467,0.016885007278020378,0.9970484061393152,0.12713178294573643,0.9902597402597403,0.011490866234531527,0.9935,0.9902597402597403,0.011490866234531527,-0.5155000000000001,0.9991145218417946,0.9800855409849568,20,3,0.15
heavy,0.0005,0.02,0.0005,50,quantum,3400,166600,0.998106589400466,0.9939975990396158,0.2670000000000001,0.005789315726290489,0.5245,0.528,0.9997058823529412,0.22732439190725165,1.0,0.22727272727272727,0.9944117647058823,0.2279059145923727,0.9944117647058823,0.2279059145923727,0.528,0.9944117647058823,0.2279059145923727,0.5065,0.9991176470588236,0.22707622298065985,20,3,0.15
heavy,0.0005,0.02,0.0005,100,classical,4730,475163,0.9970955109967627,0.9967160698241132,0.7404999999999999,0.0031677572897773065,0.49950000000000006,0.9995,0.9970401691331924,0.3459991679378727,0.9970401691331924,0.03162217659137577,0.9970401691331924,0.2537974683544304,0.9911205073995771,0.01945199749006484,0.9995,0.9911205073995771,0.01945199749006484,-0.723,0.999154334038055,0.9901518482476083,20,8,0.4
heavy,0.0005,0.02,0.0005,100,quantum,4800,475200,0.996493928433642,0.9886889730639731,0.4225000000000001,0.007843013468013527,0.49849999999999994,0.5195000000000001,1.0,0.528348236218925,1.0,0.5282555282555282,0.995625,0.5293480401812094,0.995625,0.5293480401812094,0.5195000000000001,0.995625,0.5293480401812094,0.48649999999999993,1.0,0.5282555282555282,20,8,0.4
heavy,0.0005,0.02,0.0005,200,classical,1579,318387,0.9954305373499864,0.9951930554606658,0.7630000000000001,0.004671152796824285,0.5,0.9944999999999999,0.9955668144395187,0.6752737037802107,0.9955668144395187,0.0703725606150207,0.9955668144395187,0.49856459330143543,0.9905003166561115,0.04575960951799878,0.9944999999999999,0.9905003166561115,0.04575960951799878,-0.8634999999999999,0.999366687777074,0.9950682105855327,20,18,0.9
heavy,0.0005,0.02,0.0005,200,quantum,1600,318400,0.9932630643451633,0.9774403266331658,0.3620000000000001,0.025029836683417017,0.45850000000000013,0.45799999999999996,1.0,0.8178506375227687,1.0,0.8178298986678811,0.9725,0.821947591257581,0.999375,0.8179230243680256,0.45799999999999996,0.999375,0.8179230243680256,0.45799999999999996,0.999375,0.8179230243680256,20,18,0.9
heavy,0.0005,0.02,0.0005,400,classical,0,0,,,,,,,,,,,,,,,,,,,,,20,20,1.0
heavy,0.0005,0.02,0.0005,400,quantum,0,0,,,,,,,,,,,,,,,,,,,,,20,20,1.0
heavy,0.0005,0.02,0.0005,700,classical,0,0,,,,,,,,,,,,,,,,,,,,,20,20,1.0
heavy,0.0005,0.02,0.0005,700,quantum,0,0,,,,,,,,,,,,,,,,,,,,,20,20,1.0
heavy,0.0005,0.02,0.0005,1000,classical,0,0,,,,,,,,,,,,,,,,,,,,,20,20,1.0
heavy,0.0005,0.02,0.0005,1000,quantum,0,0,,,,,,,,,,,,,,,,,,,,,20,20,1.0
heavy,0.0005,0.02,0.001,10,classical,800,7200,1.0,1.0,0.5,0.0,0.5,0.95,1.0,0.0024937655860349127,1.0,0.0,1.0,0.0,0.99125,0.0,0.9535,0.99,0.0,0.8680000000000001,1.0,0.0,20,0,0.0
heavy,0.0005,0.02,0.001,10,quantum,800,7200,0.9996513888888889,0.99875,0.0004999999999999449,0.0012499999999999734,0.5135000000000001,0.5475000000000001,1.0,0.011124845488257108,1.0,0.011124845488257108,0.99875,0.011138613861386138,0.99875,0.011138613861386138,0.5475000000000001,0.99875,0.011138613861386138,0.5130000000000001,1.0,0.011124845488257108,20,0,0.0
heavy,0.0005,0.02,0.001,20,classical,1600,30400,0.9997394428453947,0.9997368421052631,0.506,0.0001315789473683715,0.506,0.9335,1.0,0.024984765386959172,1.0,0.004975124378109453,1.0,0.004975124378109453,0.990625,0.005021971123666039,0.9335,0.990625,0.005021971123666039,0.7765,0.999375,0.004978220286247666,20,0,0.0
heavy,0.0005,0.02,0.001,20,quantum,1600,30400,0.9982589226973685,0.994703947368421,0.0004999999999999449,0.004835526315789429,0.5130000000000001,0.542,1.0,0.09142532651902328,1.0,0.09142532651902328,0.995625,0.09179019384264538,0.991875,0.09210526315789473,0.542,0.991875,0.09210526315789473,0.5075000000000001,1.0,0.09142532651902328,20,0,0.0
heavy,0.0005,0.02,0.001,50,classical,3586,176391,0.9980797339321174,0.9975547418623111,0.563,0.0019511242868543999,0.48,0.9000000000000001,0.9983268265476855,0.1272549975621648,0.998047964305633,0.023731587561374796,0.998047964305633,0.08768799388223299,0.990239821528165,0.016615895873719193,0.9000000000000001,0.990239821528165,0.016615895873719193,-0.15849999999999997,0.9991634132738427,0.9800913475429511,20,2,0.1
heavy,0.0005,0.02,0.001,50,quantum,3600,176400,0.9967106938145628,0.9898526077097506,0.47,0.010629251700680298,0.5090000000000001,0.5085,1.0,0.33246801409234195,1.0,0.3320964749536178,0.9888888888888889,0.33457943925233646,0.9908333333333333,0.3341422437931678,0.5085,0.9908333333333333,0.3341422437931678,0.4950000000000001,1.0,0.3320964749536178,20,2,0.1
heavy,0.0005,0.02,0.001,100,classical,7120,712758,0.9957468885857568,0.9953557956273732,0.6085,0.004213347181108218,0.4195,0.9445000000000001,0.9957865168539326,0.34107806691449816,0.9957865168539326,0.04150331215357577,0.9957865168539326,0.29753294362429406,0.9900280898876405,0.023548968001108186,0.9445000000000001,0.9900280898876405,0.023548968001108186,-0.7895,0.9990168539325842,0.9901189394633971,20,2,0.1
heavy,0.0005,0.02,0.001,100,quantum,7200,712800,0.9929597983110424,0.981242985409652,0.393,0.021111111111111136,0.5030000000000001,0.498,1.0,0.650009721952168,1.0,0.6499756927564414,0.9765277777777778,0.6552755442243577,0.9913888888888889,0.6518558259766863,0.498,0.9913888888888889,0.6518558259766863,0.47050000000000014,0.9998611111111111,0.6499562384518137,20,2,0.1
heavy,0.0005,0.02,0.001,200,classical,7061,1432710,0.9945606885661189,0.9926917410814616,0.673,0.0058093027188240165,0.48950000000000005,0.9120000000000001,0.9944767030165699,0.676733265813461,0.993485342019544,0.13947497546614326,0.9941934570174197,0.5425816120414413,0.9900863900297409,0.06649752971024168,0.9120000000000001,0.9900863900297409,0.0664975297102417,-0.501,0.9990086390029741,0.9951005382878972,20,11,0.55
heavy,0.0005,0.02,0.001,200,quantum,7200,1432800,0.9870440642157547,0.9639900893355667,0.43399999999999994,0.0364653126744835,0.5589999999999999,0.53,1.0,0.8775551851977824,1.0,0.8775406071944893,0.9630555555555556,0.8814599538422088,0.9918055555555556,0.8783931065018221,0.53,0.9918055555555556,0.8783931065018221,0.5225,0.9991666666666666,0.8776031033074725,20,11,0.55
heavy,0.0005,0.02,0.001,400,classical,1525,638352,0.9806205461645706,0.9782515715672775,0.6295,0.019021756638097187,0.367,-0.27649999999999997,0.980983606557377,0.8950028074115666,0.980983606557377,0.5382716049382716,0.980983606557377,0.8903386600205249,0.9901639344262295,0.997640057138749,-0.27649999999999997,0.9901639344262295,0.997640057138749,-0.965,0.999344262295082,0.9976182885434053,20,19,0.95
heavy,0.0005,0.02,0.001,400,quantum,1600,638400,0.9775547163807958,0.9347149122807017,0.27300000000000013,0.06791744987468679,0.48849999999999993,0.488,0.998125,0.9630947704111108,1.0,0.9630297148666759,0.929375,0.965512442887956,0.994375,0.9632036634441926,0.488,0.994375,0.9632036634441926,0.30099999999999993,0.999375,0.9630519675578252,20,19,0.95
heavy,0.0005,0.02,0.001,700,classical,0,0,,,,,,,,,,,,,,,,,,,,,20,20,1.0
heavy,0.0005,0.02,0.001,700,quantum,0,0,,,,,,,,,,,,,,,,,,,,,20,20,1.0
heavy,0.0005,0.02,0.001,1000,classical,0,0,,,,,,,,,,,,,,,,,,,,,20,20,1.0
heavy,0.0005,0.02,0.001,1000,quantum,0,0,,,,,,,,,,,,,,,,,,,,,20,20,1.0
heavy,0.0005,0.02,0.0011322446,10,classical,800,7200,1.0,1.0,0.5,0.0,0.5,0.9199999999999999,1.0,0.0024937655860349127,1.0,0.0,1.0,0.0,0.9925,0.0,0.9215,0.99,0.0,0.8175000000000001,1.0,0.0,20,0,0.0
heavy,0.0005,0.02,0.0011322446,10,quantum,800,7200,0.9995815972222222,0.9984722222222222,0.0004999999999999449,0.001388888888888884,0.5115000000000001,0.5445,1.0,0.013563501849568433,1.0,0.013563501849568433,0.99875,0.013580246913580247,0.99875,0.013580246913580247,0.5445,0.99875,0.013580246913580247,0.5110000000000001,1.0,0.013563501849568433,20,0,0.0
heavy,0.0005,0.02,0.0011322446,20,classical,1600,30400,0.9997395148026316,0.9997368421052631,0.5745,0.0001315789473683715,0.5745,0.9060000000000001,1.0,0.026171637248934874,1.0,0.004975124378109453,1.0,0.004975124378109453,0.99125,0.005018820577164366,0.9060000000000001,0.99125,0.005018820577164366,0.7284999999999999,0.999375,0.004978220286247666,20,0,0.0
heavy,0.0005,0.02,0.0011322446,20,quantum,1600,30400,0.9979949835526315,0.9941118421052632,0.0004999999999999449,0.006069078947368356,0.5115000000000001,0.5150000000000001,1.0,0.10061832490163013,1.0,0.10061832490163013,0.99375,0.10118711136235162,0.990625,0.10147392290249434,0.5375000000000001,0.99,0.10153148043108338,0.5035000000000001,1.0,0.10061832490163013,20,0,0.0
heavy,0.0005,0.02,0.0011322446,50,classical,3786,186192,0.9976429798610377,0.9966004452980527,0.558,0.002644557253375257,0.3860000000000001,0.8475000000000001,0.9976228209191759,0.1281163434903047,0.997094558901215,0.02379105249547453,0.9973586899101955,0.11548371984071211,0.9902271526677232,0.017042475091767175,0.8475000000000001,0.9902271526677232,0.017042475091767175,-0.2905,0.9992076069730587,0.9800865390689154,20,1,0.05
heavy,0.0005,0.02,0.0011322446,50,quantum,3800,186200,0.9960568326361016,0.9885123523093448,0.46650000000000014,0.011530612244897986,0.5050000000000001,0.5045,1.0,0.36048468529114774,1.0,0.36016164337430545,0.988421052631579,0.3627417712928402,0.9907894736842106,0.36218871760121973,0.5045,0.9907894736842106,0.36218871760121973,0.4910000000000001,1.0,0.36016164337430545,20,1,0.05
heavy,0.0005,0.02,0.0011322446,100,classical,6726,673159,0.995506507534714,0.994839763666264,0.6455,0.00446067965335456,0.39800000000000013,0.909,0.9955396966993756,0.3417223751474636,0.9952423431460006,0.038908829863603736,0.9955396966993756,0.30961954840705225,0.9900386559619387,0.02417936694021102,0.909,0.9900386559619387,0.02417936694021102,-0.7605,0.9991079393398751,0.9901157865009884,20,3,0.15
heavy,0.0005,0.02,0.0011322446,100,quantum,6800,673200,0.9925208266706862,0.9789156268568033,0.35650000000000004,0.02156491384432563,0.4990000000000001,0.49849999999999994,1.0,0.6761133603238867,1.0,0.6760979327426884,0.9779411764705882,0.6808255339572834,0.9904411764705883,0.6780592734225621,0.49849999999999994,0.9904411764705883,0.6780592734225621,0.4670000000000001,0.9997058823529412,0.6760851955972745,20,3,0.15
heavy,0.0005,0.02,0.0011322446,200,classical,5525,1114354,0.9945573009257712,0.9935351091183101,0.692,0.005615578165421631,0.48550000000000004,0.8825000000000001,0.9945701357466064,0.6739065930805294,0.9942081447963801,0.12013455069678039,0.9943891402714932,0.5327039210682998,0.9900452488687783,0.06909462219196733,0.8825000000000001,0.9900452488687783,0.06909462219196733,-0.536,0.9990950226244344,0.9950708476356142,20,13,0.65
heavy,0.0005,0.02,0.0011322446,200,quantum,5600,1114400,0.9851997126897242,0.9599757717157215,0.32600000000000007,0.03812230796841348,0.5095000000000001,0.476,0.9998214285714285,0.8884705788613999,1.0,0.8884528813019142,0.96375,0.8919887125502832,0.9991071428571429,0.8885080604985752,0.476,0.9991071428571429,0.8885080604985752,0.476,0.9991071428571429,0.8885080604985752,20,13,0.65
heavy,0.0005,0.02,0.0011322446,400,classical,3039,1276698,0.9861761025311074,0.9813948738507295,0.6360000000000001,0.014477818617284866,0.44100000000000006,-0.1735,0.9858506087528792,0.8925008970218873,0.9838762750904902,0.5144527443975316,0.9855215531424811,0.8605549864978117,0.9901283316880553,0.9976486033454068,-0.1735,0.9901283316880553,0.9976486033454068,-0.8165,0.9990128331688055,0.9976276208694348,20,18,0.9
heavy,0.0005,0.02,0.0011322446,400,quantum,3200,1276800,0.9755141533031798,0.9293029448621554,0.22449999999999992,0.0689313126566416,0.44300000000000006,0.379,0.99625,0.9658683339935548,1.0,0.9657629512336037,0.9325,0.9678527951046616,0.994375,0.9659183411164903,0.379,0.994375,0.9659183411164903,0.2795000000000001,0.9990625,0.9657902903063572,20,18,0.9
heavy,0.0005,0.02,0.0011322446,700,classical,0,0,,,,,,,,,,,,,,,,,,,,,20,20,1.0
heavy,0.0005,0.02,0.0011322446,700,quantum,0,0,,,,,,,,,,,,,,,,,,,,,20,20,1.0
heavy,0.0005,0.02,0.0011322446,1000,classical,0,0,,,,,,,,,,,,,,,,,,,,,20,20,1.0
heavy,0.0005,0.02,0.0011322446,1000,quantum,0,0,,,,,,,,,,,,,,,,,,,,,20,20,1.0
heavy,0.0005,0.02,0.0022153451,10,classical,800,7200,1.0,1.0,0.494,0.0,0.494,0.6675,1.0,0.0024937655860349127,1.0,0.0,1.0,0.0,0.9925,0.0,0.688,0.99,0.0,0.573,1.0,0.0,20,0,0.0
heavy,0.0005,0.02,0.0022153451,10,quantum,800,7200,0.9984819444444445,0.9948611111111111,0.0004999999999999449,0.006319444444444378,0.4365000000000001,0.44900000000000007,1.0,0.04420549581839905,1.0,0.04420549581839905,0.9925,0.044524669073405534,0.9925,0.044524669073405534,0.4650000000000001,0.99,0.04463208685162847,0.43599999999999994,1.0,0.04420549581839905,20,0,0.0
heavy,0.0005,0.02,0.0022153451,20,classical,1600,30400,0.9997854646381578,0.9995394736842105,0.49649999999999994,0.0005427631578947545,0.5245,0.6855,1.0,0.02971497877501516,1.0,0.008674101610904586,0.999375,0.008679479231246125,0.990625,0.0056461731493099125,0.6895,0.99,0.005649717514124294,0.5250000000000001,0.999375,0.008679479231246125,20,0,0.0
heavy,0.0005,0.02,0.0022153451,20,quantum,1600,30400,0.9963033203125,0.9887828947368421,0.32000000000000006,0.011529605263157883,0.45399999999999996,0.4535,1.0,0.17568263781555898,1.0,0.17568263781555898,0.988125,0.17699115044247787,0.991875,0.17644006227296316,0.4535,0.991875,0.17644006227296316,0.4355,1.0,0.17568263781555898,20,0,0.0
heavy,0.0005,0.02,0.0022153451,50,classical,3990,195996,0.9982329686437772,0.9971990528577612,0.49550000000000005,0.0017573129849052238,0.44199999999999995,0.6735,0.9984962406015038,0.13013100436681221,0.9979949874686717,0.037699371677138716,0.9982456140350877,0.07971349353049907,0.9902255639097745,0.022755379668562947,0.6735,0.9902255639097745,0.022755379668562947,-0.5795,0.9992481203007518,0.98006300630063,20,0,0.0
heavy,0.0005,0.02,0.0022153451,50,quantum,4000,196000,0.9911902755102041,0.9755561224489796,0.1735,0.023443877551020398,0.43700000000000006,0.4275,0.99975,0.5448440701115411,1.0,0.5449891934933455,0.9775,0.5500575373993095,0.99275,0.5462751371115173,0.4275,0.99275,0.5462751371115173,0.4145000000000001,0.9995,0.5446987814599704,20,0,0.0
heavy,0.0005,0.02,0.0022153451,100,classical,7932,791956,0.9952931686663357,0.9946686467733107,0.49849999999999994,0.004537723061052157,0.36949999999999994,0.6859999999999999,0.9954614220877458,0.33930215044766127,0.9953353504790721,0.06268550397720526,0.9954614220877458,0.31273391940116635,0.9900403429147756,0.03073315230807208,0.6859999999999999,0.9900403429147756,0.030733152308072085,-0.806,0.9991174987392839,0.9900922638395759,20,0,0.0
heavy,0.0005,0.02,0.0022153451,100,quantum,8000,792000,0.9843650018150253,0.9569179292929293,0.22350000000000003,0.04244760101010098,0.41300000000000003,0.3860000000000001,0.999125,0.8101380080286943,1.0,0.8100709859689941,0.958125,0.8163500011979778,0.9925,0.8111187763161025,0.3860000000000001,0.9925,0.8111187763161025,0.377,0.999,0.8101211689237349,20,0,0.0
heavy,0.0005,0.02,0.0022153451,200,classical,10178,2069456,0.9926465820169106,0.9912994243705727,0.5565,0.007269580237211581,0.397,0.6355,0.9927294163882885,0.6706541934222107,0.9923364118687364,0.17524089498611792,0.9927294163882885,0.5981865903125746,0.9900766358813127,0.12160041841004184,0.6355,0.9900766358813127,0.12160041841004184,-0.8395,0.9990174887011201,0.9951106217031078,20,7,0.35
heavy,0.0005,0.02,0.0022153451,200,quantum,10400,2069600,0.9722797141913339,0.9232614998067259,0.13850000000000007,0.07670709315809815,0.3820000000000001,0.30499999999999994,0.9567307692307693,0.94084704651384,1.0,0.9385408171707501,0.9228846153846154,0.9427005599799411,0.9926923076923077,0.9389072661534182,0.30499999999999994,0.9926923076923077,0.9389072661534182,0.24049999999999994,0.9990384615384615,0.9385806756716815,20,7,0.35
heavy,0.0005,0.02,0.0022153451,400,classical,3115,1276739,0.9917472281852212,0.9890567285524897,0.536,0.008030890199415386,0.46599999999999997,0.6034999999999999,0.9919743178170144,0.8845765940756789,0.9919743178170144,0.5465884079236977,0.9919743178170144,0.7685393258426966,0.9900481540930979,0.43057607090103395,0.6034999999999999,0.9900481540930979,0.43057607090103395,-0.843,0.9990369181380417,0.9975684574550375,20,18,0.9
heavy,0.0005,0.02,0.0022153451,400,quantum,3200,1276800,0.957586786424068,0.874343671679198,0.08650000000000002,0.11576676065162911,0.381,0.21849999999999992,0.918125,0.9809998059884887,1.0,0.9804446399980444,0.8846875,0.981279178955443,0.9953125,0.9804800019611929,0.21849999999999992,0.9953125,0.9804800019611929,0.14749999999999996,0.9990625,0.9804550901132223,20,18,0.9
heavy,0.0005,0.02,0.0022153451,700,classical,0,0,,,,,,,,,,,,,,,,,,,,,20,20,1.0
heavy,0.0005,0.02,0.0022153451,700,quantum,0,0,,,,,,,,,,,,,,,,,,,,,20,20,1.0
heavy,0.0005,0.02,0.0022153451,1000,classical,0,0,,,,,,,,,,,,,,,,,,,,,20,20,1.0
heavy,0.0005,0.02,0.0022153451,1000,quantum,0,0,,,,,,,,,,,,,,,,,,,,,20,20,1.0
moderate,0.0003,0.01,1e-06,10,classical,793,7197,0.9987389659520808,0.9987389659520807,0.5005,0.0007694638073416638,0.25049999999999994,1.0,0.9987389659520807,0.0025188916876574307,0.9987389659520807,0.0,0.9987389659520807,0.0025188916876574307,0.9987389659520807,0.0,1.0,0.9987389659520807,0.0,-0.667,1.0,0.9007509386733417,20,0,0.0
moderate,0.0003,0.01,1e-06,10,quantum,800,7200,0.9997578125,0.9991666666666666,0.0004999999999999449,0.0004166666666666208,0.0004999999999999449,0.5529999999999999,1.0,0.007444168734491315,1.0,0.007444168734491315,1.0,0.007444168734491315,1.0,0.007444168734491315,0.5529999999999999,1.0,0.007444168734491315,0.5529999999999999,1.0,0.007444168734491315,20,0,0.0
moderate,0.0003,0.01,1e-06,20,classical,1600,30400,0.9999343338815789,0.9998684210526316,0.25049999999999994,6.578947368418575e-05,0.25049999999999994,1.0,1.0,0.0024937655860349127,1.0,0.0024937655860349127,1.0,0.0024937655860349127,0.9975,0.0012515644555694619,1.0,0.9975,0.0012515644555694619,0.5,1.0,0.0024937655860349127,20,0,0.0
moderate,0.0003,0.01,1e-06,20,quantum,1600,30400,0.9999430715460527,0.9998684210526316,0.0004999999999999449,6.578947368418575e-05,0.0004999999999999449,0.5525,1.0,0.0024937655860349127,1.0,0.0024937655860349127,1.0,0.0024937655860349127,1.0,0.0024937655860349127,0.5525,1.0,0.0024937655860349127,0.5525,1.0,0.0024937655860349127,20,0,0.0
moderate,0.0003,0.01,1e-06,50,classical,3793,186197,0.9997256321257288,0.9997256151344633,0.5005,0.00013719243276827386,0.5005,1.0,0.9997363564460849,0.03560528992878942,0.9997363564460849,0.0005271481286241434,0.9997363564460849,0.0005271481286241434,0.9997363564460849,0.0005271481286241434,1.0,0.9997363564460849,0.0005271481286241434,1.0,0.9997363564460849,0.0005271481286241434,20,1,0.05
moderate,0.0003,0.01,1e-06,50,quantum,3800,186200,0.9998055189665894,0.9992266380236305,0.0004999999999999449,0.0006498388829215829,0.5489999999999999,0.55,1.0,0.036511156186612576,1.0,0.036511156186612576,0.9994736842105263,0.0365296803652968,0.9994736842105263,0.0365296803652968,0.55,0.9994736842105263,0.0365296803652968,0.55,0.9994736842105263,0.0365296803652968,20,1,0.05
moderate,0.0003,0.01,1e-06,100,classical,7975,791986,0.9991305094711032,0.9988121288708699,0.7505,0.001121333032018168,0.5,0.9995,0.9991222570532915,0.12294991744634012,0.998871473354232,0.005865468613503058,0.9991222570532915,0.11946071389103768,0.9987460815047022,0.005866200698951573,0.9995,0.9987460815047022,0.005866200698951573,0.5,0.9991222570532915,0.11946071389103768,20,0,0.0
moderate,0.0003,0.01,1e-06,100,quantum,8000,792000,0.9996174775094696,0.9985555555555555,0.0004999999999999449,0.0014097222222221872,0.5389999999999999,0.5409999999999999,1.0,0.12510936132983377,1.0,0.12510936132983377,0.998625,0.12526004598707982,0.998125,0.1253149304414503,0.5409999999999999,0.998125,0.1253149304414503,0.5365,0.999125,0.12520520958739192,20,0,0.0
moderate,0.0003,0.01,1e-06,200,classical,9557,1910377,0.9960765675489066,0.9955309845974216,0.9964999999999999,0.0032684751354118413,0.25049999999999994,1.0,0.9961284922046667,0.3479005411329543,0.9956053154755676,0.01470435953194574,0.9961284922046667,0.34848070079386806,0.9956053154755676,0.01470435953194574,1.0,0.9956053154755676,0.01470435953194574,-0.5005,0.9993721879250811,0.9950253213279907,20,8,0.4
moderate,0.0003,0.01,1e-06,200,quantum,9600,1910400,0.999217673109471,0.9972984715242881,0.33750000000000013,0.0027570142378559592,0.5225,0.534,1.0,0.3496375584310006,1.0,0.3496375584310006,0.9971875,0.3502782679516764,0.9964583333333333,0.35044476132274055,0.534,0.9964583333333333,0.35044476132274055,0.5090000000000001,0.9992708333333333,0.34980344313406536,20,8,0.4
moderate,0.0003,0.01,1e-06,400,classical,25329,10214255,0.9941434781933719,0.9938089191918352,0.7750000000000001,0.005646358866449819,0.25049999999999994,0.9995,0.9941963756958427,0.6897010621780811,0.9939594930711833,0.05757280826532904,0.9941963756958427,0.6900638777092641,0.99392001263374,0.05743382380471002,0.9995,0.99392001263374,0.05743382380471002,-0.917,0.9990129890639188,0.997528795480188,20,4,0.2
moderate,0.0003,0.01,1e-06,400,quantum,25600,10214400,0.9981986073601515,0.9944334468984963,0.276,0.00543893914473681,0.4790000000000001,0.486,0.9998828125,0.6880583009371535,0.9999609375,0.6880415310934815,0.9946484375,0.6891382109850935,0.9934375,0.6893915337453285,0.486,0.9934375,0.6893915337453285,0.46399999999999997,0.9991015625,0.6881956381279792,20,4,0.2
moderate,0.0003,0.01,1e-06,700,classical,24742,17614503,0.9879018986411106,0.9864544977996844,0.577,0.010753225731184424,0.25049999999999994,-0.16700000000000004,0.9878748686444103,0.872864120342677,0.9873898633901868,0.4027770987141251,0.9880365370624848,0.8730348341392223,0.9900573922884165,0.9986112418993126,-0.16700000000000004,0.9900573922884165,0.9986112418993126,-0.929,0.9990299894915529,0.9985986896007325,20,11,0.55
moderate,0.0003,0.01,1e-06,700,quantum,25200,17614800,0.996417964307206,0.9903670209142312,0.18700000000000006,0.009181001203533434,0.4415,0.44199999999999995,0.9998809523809524,0.8702376170317956,0.9999603174603174,0.8702306587085378,0.9912301587301587,0.8712044260427033,0.9912301587301587,0.8712044260427033,0.44199999999999995,0.9912301587301587,0.8712044260427033,0.4139999999999999,0.9998412698412699,0.87023742081681,20,11,0.55
moderate,0.0003,0.01,1e-06,1000,classical,19169,19979303,0.980572746741187,0.9775094413530372,0.784,0.016165345014868604,0.25049999999999994,-0.368,0.9806458344201575,0.9332874339901198,0.9783504616829256,0.47256517703968276,0.9808545046689968,0.9333812842580421,0.9900359956179248,0.9990510075681371,-0.368,0.9900359956179248,0.9990510075681371,-0.9005,0.9992174865668527,0.9990422245751853,20,15,0.75
moderate,0.0003,0.01,1e-06,1000,quantum,20000,19980000,0.9952418095858359,0.9867309309309309,0.20050000000000012,0.009958658658658637,0.4615,0.474,0.9999,0.9298574209501762,1.0,0.9298531124174021,0.99335,0.9302785069556551,0.99335,0.9302785069556551,0.474,0.99335,0.9302785069556551,0.4435,0.9998,0.9298622218480792,20,15,0.75
moderate,0.0003,0.01,1e-05,10,classical,793,7197,0.9987389659520808,0.9987389659520807,0.5005,0.0007694638073416638,0.25049999999999994,1.0,0.9987389659520807,0.0025188916876574307,0.9987389659520807,0.0,0.9987389659520807,0.0025188916876574307,0.9987389659520807,0.0,1.0,0.9987389659520807,0.0,-0.6659999999999999,1.0,0.9007509386733417,20,0,0.0
moderate,0.0003,0.01,1e-05,10,quantum,800,7200,0.9995854166666667,0.9990277777777777,0.0004999999999999449,0.0004861111111110761,0.0004999999999999449,0.5529999999999999,1.0,0.008674101610904586,1.0,0.008674101610904586,1.0,0.008674101610904586,1.0,0.008674101610904586,0.5529999999999999,1.0,0.008674101610904586,0.5529999999999999,1.0,0.008674101610904586,20,0,0.0
moderate,0.0003,0.01,1e-05,20,classical,1600,30400,0.9999343338815789,0.9998684210526316,0.25049999999999994,6.578947368418575e-05,0.25049999999999994,1.0,1.0,0.0024937655860349127,1.0,0.0024937655860349127,1.0,0.0024937655860349127,0.9975,0.0012515644555694619,1.0,0.9975,0.0012515644555694619,0.5,1.0,0.0024937655860349127,20,0,0.0
moderate,0.0003,0.01,1e-05,20,quantum,1600,30400,0.9999430715460527,0.9998684210526316,0.0004999999999999449,6.578947368418575e-05,0.0004999999999999449,0.5525,1.0,0.0024937655860349127,1.0,0.0024937655860349127,1.0,0.0024937655860349127,1.0,0.0024937655860349127,0.5525,1.0,0.0024937655860349127,0.5525,1.0,0.0024937655860349127,20,0,0.0
moderate,0.0003,0.01,1e-05,50,classical,3793,186197,0.9997256321257288,0.9997256151344633,0.5005,0.00013719243276827386,0.5005,1.0,0.9997363564460849,0.03560528992878942,0.9997363564460849,0.0005271481286241434,0.9997363564460849,0.0005271481286241434,0.9997363564460849,0.0005271481286241434,1.0,0.9997363564460849,0.0005271481286241434,1.0,0.9997363564460849,0.0005271481286241434,20,1,0.05
moderate,0.0003,0.01,1e-05,50,quantum,3800,186200,0.9998028365085647,0.9992158968850698,0.0004999999999999449,0.000655209452201988,0.5489999999999999,0.55,1.0,0.036999493157627975,1.0,0.036999493157627975,0.9994736842105263,0.03701825557809331,0.9994736842105263,0.03701825557809331,0.55,0.9994736842105263,0.03701825557809331,0.55,0.9994736842105263,0.03701825557809331,20,1,0.05
moderate,0.0003,0.01,1e-05,100,classical,7975,791986,0.9991303660278912,0.9988121288708699,0.7505,0.001151394913593895,0.5,0.9995,0.9991222570532915,0.12294991744634012,0.998871473354232,0.005865468613503058,0.998871473354232,0.10454136690647482,0.9987460815047022,0.005866200698951573,0.9995,0.9987460815047022,0.005866200698951573,0.49950000000000006,0.9991222570532915,0.12159629588799471,20,0,0.0
moderate,0.0003,0.01,1e-05,100,quantum,8000,792000,0.9996108209438131,0.9985277777777778,0.0004999999999999449,0.0014236111111111671,0.5389999999999999,0.5409999999999999,1.0,0.12720925158193322,1.0,0.12720925158193322,0.998625,0.12736209721463682,0.998125,0.12741776854988526,0.5409999999999999,0.998125,0.12741776854988526,0.5365,0.999125,0.12730647450595042,20,0,0.0
moderate,0.0003,0.01,1e-05,200,classical,11157,2228777,0.9965390690418573,0.9961561314387758,0.7865,0.003048099077755051,0.25049999999999994,1.0,0.996594066505333,0.34667136729537573,0.9962355471901049,0.01567481402763018,0.996594066505333,0.3503359626059013,0.9960562875324908,0.014105748757984387,1.0,0.9960562875324908,0.014105748757984388,-0.5,0.9991037017119297,0.9950234785380536,20,6,0.3
moderate,0.0003,0.01,1e-05,200,quantum,11200,2228800,0.9991232533442083,0.9972321428571429,0.33750000000000013,0.002633928571428523,0.5225,0.534,1.0,0.35517300938453567,1.0,0.35517300938453567,0.9975,0.35574649674182574,0.996875,0.35589015807084345,0.534,0.996875,0.3558901580708434,0.5105,0.9990178571428572,0.35539808733725076,20,6,0.3
moderate,0.0003,0.01,1e-05,400,classical,22200,8937486,0.9943245401754784,0.9939101657167744,0.81,0.0056073196888046795,0.25049999999999994,0.9995,0.9943693693693694,0.6898968898378894,0.994054054054054,0.055065513402415,0.9943693693693694,0.6933261093051041,0.9939639639639639,0.05401697676412587,0.9995,0.9939639639639639,0.05401697676412587,-0.667,0.9990990990990991,0.997524456870525,20,6,0.3
moderate,0.0003,0.01,1e-05,400,quantum,22400,8937600,0.9980051635885793,0.9942310016111707,0.2905,0.005584776673827452,0.4784999999999999,0.48550000000000004,0.9999107142857143,0.6955138662316477,0.9999553571428571,0.6955044113049034,0.9945535714285715,0.6966048836290839,0.9935267857142858,0.6968190177780805,0.48550000000000004,0.9935267857142858,0.6968190177780805,0.4545000000000001,0.9999107142857143,0.695484888447786,20,6,0.3
moderate,0.0003,0.01,1e-05,700,classical,24697,17614456,0.9853100902773463,0.983809504324334,0.782,0.01209120157615895,0.25049999999999994,-0.25,0.9852208770295987,0.87294989948568,0.984208608332996,0.2243354501069024,0.9854638215167835,0.8747084957091598,0.9904846742519334,0.9986131627870903,-0.25,0.9904846742519334,0.9986131627870903,-0.885,0.9990282220512613,0.9986012332028789,20,11,0.55
moderate,0.0003,0.01,1e-05,700,quantum,25200,17614800,0.9965288818333591,0.9901323886731612,0.26900000000000013,0.006203221154937932,0.44300000000000006,0.4445000000000001,0.9999206349206349,0.873383883302933,1.0,0.8733770149133738,0.9974603174603175,0.8736484414663939,0.9974603174603175,0.8736484414663939,0.4445000000000001,0.9974603174603175,0.8736484414663939,0.4165000000000001,0.9998412698412699,0.873387570916729,20,11,0.55
moderate,0.0003,0.01,1e-05,1000,classical,0,0,,,,,,,,,,,,,,,,,,,,,20,20,1.0
moderate,0.0003,0.01,1e-05,1000,quantum,0,0,,,,,,,,,,,,,,,,,,,,,20,20,1.0
moderate,0.0003,0.01,5e-05,10,classical,793,7197,0.9987389659520807,0.9987389659520807,0.5005,0.0007694638073416638,0.25049999999999994,1.0,0.9987389659520807,0.0025188916876574307,0.9987389659520807,0.0,0.9987389659520807,0.0025188916876574307,0.9987389659520807,0.0,1.0,0.9987389659520807,0.0,-0.6695,1.0,0.9007509386733417,20,0,0.0
moderate,0.0003,0.01,5e-05,10,quantum,800,7200,0.9995854166666667,0.9990277777777777,0.0004999999999999449,0.0004861111111110761,0.0004999999999999449,0.5529999999999999,1.0,0.008674101610904586,1.0,0.008674101610904586,1.0,0.008674101610904586,1.0,0.008674101610904586,0.5529999999999999,1.0,0.008674101610904586,0.5529999999999999,1.0,0.008674101610904586,20,0,0.0
moderate,0.0003,0.01,5e-05,20,classical,1600,30400,0.999934416118421,0.9999342105263158,0.5,3.2894736842092875e-05,0.5,1.0,1.0,0.0024937655860349127,1.0,0.0012484394506866417,1.0,0.0012484394506866417,0.9975,0.0012515644555694619,1.0,0.9975,0.0012515644555694619,0.5,1.0,0.0012484394506866417,20,0,0.0
moderate,0.0003,0.01,5e-05,20,quantum,1600,30400,0.9999265008223684,0.9998026315789473,0.0004999999999999449,9.868421052627863e-05,0.0004999999999999449,0.5525,1.0,0.0037359900373599006,1.0,0.0037359900373599006,1.0,0.0037359900373599006,1.0,0.0037359900373599006,0.5525,1.0,0.0037359900373599006,0.5525,1.0,0.0037359900373599006,20,0,0.0
moderate,0.0003,0.01,5e-05,50,classical,3793,186197,0.9997256328336982,0.9997256151344633,0.5005,0.00013719243276827386,0.5005,1.0,0.9997363564460849,0.03560528992878942,0.9997363564460849,0.0005271481286241434,0.9997363564460849,0.0005271481286241434,0.9986817822304245,0.0005277044854881266,1.0,0.9986817822304245,0.0005277044854881266,0.9995,0.9997363564460849,0.0005271481286241434,20,1,0.05
moderate,0.0003,0.01,5e-05,50,quantum,3800,186200,0.999754666742043,0.9990494092373792,0.0004999999999999449,0.0010016111707841224,0.5489999999999999,0.5489999999999999,1.0,0.04450590897661554,1.0,0.04450590897661554,0.9989473684210526,0.0445507173420589,0.9989473684210526,0.0445507173420589,0.5489999999999999,0.9989473684210526,0.0445507173420589,0.5485,0.9992105263157894,0.044539506794162055,20,1,0.05
moderate,0.0003,0.01,5e-05,100,classical,7975,791986,0.998945607450219,0.9988121288708699,0.7505,0.001050383027020152,0.5,0.9995,0.998871473354232,0.12288042281435807,0.998871473354232,0.005865468613503058,0.998871473354232,0.08814102564102565,0.9987460815047022,0.005866200698951573,0.9995,0.9987460815047022,0.005866200698951573,0.24950000000000006,0.9991222570532915,0.990039340106282,20,0,0.0
moderate,0.0003,0.01,5e-05,100,quantum,8000,792000,0.999554938683712,0.9983232323232323,0.0004999999999999449,0.0016508838383838542,0.5335000000000001,0.5409999999999999,1.0,0.1423670668953688,1.0,0.1423670668953688,0.998375,0.14256575415995706,0.99775,0.14264232008592911,0.5409999999999999,0.99775,0.14264232008592911,0.5285,0.999,0.1424892703862661,20,0,0.0
moderate,0.0003,0.01,5e-05,200,classical,9577,1910385,0.9964048276068216,0.9963294331320771,0.518,0.0032334309277912143,0.25049999999999994,0.9995,0.9964498277122272,0.3513899272751988,0.9964498277122272,0.023534226951805997,0.9964498277122272,0.3686404234204433,0.9958233267202673,0.012119328775637041,0.9995,0.9958233267202673,0.01211932877563704,-0.5,0.9994779158400334,0.9950144664848916,20,8,0.4
moderate,0.0003,0.01,5e-05,200,quantum,9600,1910400,0.9988488919750663,0.9967849664991625,0.4205000000000001,0.003065588358458937,0.5165,0.532,1.0,0.3902051705519914,1.0,0.390166433744124,0.9970833333333333,0.39082288550881433,0.995625,0.39113262836030066,0.532,0.995625,0.39113262836030066,0.5045,0.9994791666666667,0.3902903984240961,20,8,0.4
moderate,0.0003,0.01,5e-05,400,classical,11133,4468763,0.9950839961882528,0.9947384362925489,0.9000000000000001,0.0051262151537237455,0.49950000000000006,0.9995,0.9951495553759094,0.6911604828143729,0.9948800862301267,0.054060978734306944,0.9948800862301267,0.6743502293308244,0.9945207940357496,0.049532148682290326,0.9995,0.9945207940357496,0.049532148682290326,-0.563,0.999011946465463,0.9975173425520388,20,13,0.65
moderate,0.0003,0.01,5e-05,400,quantum,11200,4468800,0.9977264469768171,0.9933984514858575,0.357,0.005890059971356942,0.46050000000000013,0.47150000000000003,1.0,0.7248292467200629,1.0,0.7248224859340066,0.9948214285714285,0.7258568511182738,0.9919642857142857,0.7264288000787964,0.48249999999999993,0.99,0.7268158076278703,0.45199999999999996,1.0,0.7248224859340066,20,13,0.65
moderate,0.0003,0.01,5e-05,700,classical,2745,1957163,0.9915054242294041,0.9905691045479088,0.901,0.008686503794081868,0.42500000000000004,0.966,0.9916211293260474,0.863599919823612,0.9908925318761385,0.18878616164628692,0.9912568306010929,0.861251338534496,0.9901639344262295,0.18525179856115107,0.966,0.9901639344262295,0.18525179856115107,-0.7124999999999999,0.9992714025500911,0.9986004430824743,20,19,0.95
moderate,0.0003,0.01,5e-05,700,quantum,2800,1957200,0.9970502514525124,0.9895370938074801,0.28,0.0052314530962599415,0.28,0.40900000000000003,1.0,0.8797147521264713,1.0,0.8797147521264713,1.0,0.8797147521264713,1.0,0.8797147521264713,0.40900000000000003,1.0,0.8797147521264713,0.40900000000000003,1.0,0.8797147521264713,20,19,0.95
moderate,0.0003,0.01,5e-05,1000,classical,0,0,,,,,,,,,,,,,,,,,,,,,20,20,1.0
moderate,0.0003,0.01,5e-05,1000,quantum,0,0,,,,,,,,,,,,,,,,,,,,,20,20,1.0
moderate,0.0003,0.01,0.0001,10,classical,793,7197,0.9987389659520807,0.9987389659520807,0.5005,0.0007694638073416638,0.25049999999999994,1.0,0.9987389659520807,0.0025188916876574307,0.9987389659520807,0.0,0.9987389659520807,0.0025188916876574307,0.9911727616645649,0.0,1.0,0.9911727616645649,0.0,-0.7070000000000001,1.0,0.9007509386733417,20,0,0.0
moderate,0.0003,0.01,0.0001,10,quantum,800,7200,0.9995506944444444,0.99875,0.0004999999999999449,0.0006249999999999867,0.0004999999999999449,0.5529999999999999,1.0,0.011124845488257108,1.0,0.011124845488257108,1.0,0.011124845488257108,1.0,0.011124845488257108,0.5529999999999999,1.0,0.011124845488257108,0.5529999999999999,1.0,0.011124845488257108,20,0,0.0
moderate,0.0003,0.01,0.0001,20,classical,1600,30400,0.9999344161184209,0.9999342105263158,0.48550000000000004,3.2894736842092875e-05,0.48550000000000004,1.0,1.0,0.0024937655860349127,1.0,0.0012484394506866417,1.0,0.0012484394506866417,0.99625,0.0012531328320802004,1.0,0.99625,0.0012531328320802004,0.49950000000000006,1.0,0.0012484394506866417,20,0,0.0
moderate,0.0003,0.01,0.0001,20,quantum,1600,30400,0.9998941817434212,0.999703947368421,0.0004999999999999449,0.00014802631578947345,0.0004999999999999449,0.546,1.0,0.005593536357986327,1.0,0.005593536357986327,1.0,0.005593536357986327,0.999375,0.005597014925373134,0.546,0.999375,0.005597014925373134,0.546,0.999375,0.005597014925373134,20,0,0.0
moderate,0.0003,0.01,0.0001,50,classical,3793,186197,0.9997256328336982,0.9997256151344633,0.5005,0.00013719243276827386,0.5005,0.9995,0.9997363564460849,0.03560528992878942,0.9997363564460849,0.0005271481286241434,0.9997363564460849,0.0005271481286241434,0.9992090693382547,0.0005274261603375527,0.9995,0.9992090693382547,0.0005274261603375527,0.9995,0.9992090693382547,0.0005274261603375527,20,1,0.05
moderate,0.0003,0.01,0.0001,50,quantum,3800,186200,0.9997130872293516,0.9988829215896885,0.0004999999999999449,0.0012164339419977743,0.548,0.5489999999999999,1.0,0.05189620758483034,1.0,0.05189620758483034,0.9986842105263158,0.051961029228078943,0.9986842105263158,0.051961029228078943,0.5489999999999999,0.9986842105263158,0.051961029228078943,0.5475000000000001,0.9992105263157894,0.051935081148564294,20,1,0.05
moderate,0.0003,0.01,0.0001,100,classical,7975,791986,0.9988268178674226,0.9988121288708699,0.7505,0.0011539202107582747,0.49950000000000006,0.9995,0.998871473354232,0.12249394139678343,0.998871473354232,0.005865468613503058,0.998871473354232,0.1049438202247191,0.9982445141065831,0.005620784411691232,0.9995,0.9982445141065831,0.005620784411691232,0.20550000000000002,0.9991222570532915,0.990039340106282,20,0,0.0
moderate,0.0003,0.01,0.0001,100,quantum,8000,792000,0.9994837299558081,0.9980593434343434,0.3700000000000001,0.001970328282828282,0.528,0.5409999999999999,1.0,0.1612497378905431,1.0,0.1611617909195764,0.998,0.16143262262367397,0.997125,0.16155139793987808,0.5409999999999999,0.997125,0.16155139793987808,0.5210000000000001,0.999375,0.1612463281577843,20,0,0.0
moderate,0.0003,0.01,0.0001,200,classical,8782,1751189,0.9971084753369844,0.9968067530493946,0.5469999999999999,0.00284639912647916,0.272,1.0,0.9970393987702117,0.3480268056589724,0.996925529492143,0.02320651567555506,0.9971532680482805,0.36271013754457465,0.9916875427009793,0.010340909090909092,1.0,0.9916875427009793,0.010340909090909092,-0.5,0.9993167843315873,0.9950135202013228,20,9,0.45
moderate,0.0003,0.01,0.0001,200,quantum,8800,1751200,0.9987608335128639,0.9962488579259936,0.0004999999999999449,0.003977558245774282,0.5195000000000001,0.53,1.0,0.42741883011256426,1.0,0.42741883011256426,0.9957954545454546,0.4284130193725132,0.9945454545454545,0.428608735392048,0.53,0.9945454545454545,0.428608735392048,0.49649999999999994,1.0,0.42741883011256426,20,9,0.45
moderate,0.0003,0.01,0.0001,400,classical,7941,3191956,0.9925025366572644,0.9919392699080477,0.5215000000000001,0.006953977104777798,0.25049999999999994,0.9995,0.9924442765394786,0.690492086556965,0.9923183478151366,0.1331133113311331,0.9925702052638207,0.7240196078431372,0.9904294169500063,0.046897721764420745,0.9995,0.9904294169500063,0.046897721764420745,-0.8240000000000001,0.9991184989296058,0.9975205351193981,20,15,0.75
moderate,0.0003,0.01,0.0001,400,quantum,8000,3192000,0.9978834888392857,0.9922684837092732,0.43500000000000005,0.008365758145363389,0.45399999999999996,0.4635,1.0,0.7552319177579244,1.0,0.7551944673949631,0.991,0.7568620234918882,0.991,0.7568471093390584,0.4635,0.991,0.7568471093390584,0.44700000000000006,1.0,0.7551944673949631,20,15,0.75
moderate,0.0003,0.01,0.0001,700,classical,0,0,,,,,,,,,,,,,,,,,,,,,20,20,1.0
moderate,0.0003,0.01,0.0001,700,quantum,0,0,,,,,,,,,,,,,,,,,,,,,20,20,1.0
moderate,0.0003,0.01,0.0001,1000,classical,0,0,,,,,,,,,,,,,,,,,,,,,20,20,1.0
moderate,0.0003,0.01,0.0001,1000,quantum,0,0,,,,,,,,,,,,,,,,,,,,,20,20,1.0
moderate,0.0003,0.01,0.00014159802,10,classical,793,7197,0.9987389659520807,0.9987389659520807,0.5,0.0009084105907235518,0.25049999999999994,0.9995,0.9987389659520807,0.0025188916876574307,0.9987389659520807,0.0,0.9987389659520807,0.005025125628140704,0.9924337957124842,0.0,0.9995,0.9924337957124842,0.0,-0.7424999999999999,1.0,0.9007509386733417,20,0,0.0
moderate,0.0003,0.01,0.00014159802,10,quantum,800,7200,0.9995506944444444,0.99875,0.0004999999999999449,0.0006249999999999867,0.0004999999999999449,0.5529999999999999,1.0,0.011124845488257108,1.0,0.011124845488257108,1.0,0.011124845488257108,1.0,0.011124845488257108,0.5529999999999999,1.0,0.011124845488257108,0.5529999999999999,1.0,0.011124845488257108,20,0,0.0
moderate,0.0003,0.01,0.00014159802,20,classical,1600,30400,0.9999344161184209,0.9999342105263158,0.45799999999999996,3.2894736842092875e-05,0.45799999999999996,1.0,1.0,0.0024937655860349127,1.0,0.0012484394506866417,1.0,0.0012484394506866417,0.99375,0.001256281407035176,1.0,0.99375,0.001256281407035176,0.49950000000000006,1.0,0.0012484394506866417,20,0,0.0
moderate,0.0003,0.01,0.00014159802,20,quantum,1600,30400,0.9998614720394737,0.9996052631578948,0.0004999999999999449,0.00019736842105266827,0.0004999999999999449,0.546,1.0,0.007444168734491315,1.0,0.007444168734491315,1.0,0.007444168734491315,0.99875,0.007453416149068323,0.546,0.99875,0.007453416149068323,0.5195000000000001,1.0,0.007444168734491315,20,0,0.0
moderate,0.0003,0.01,0.00014159802,50,classical,3793,186197,0.9997256342496369,0.9997256151344633,0.5005,0.000346648009388717,0.5,0.9995,0.9997363564460849,0.03560528992878942,0.9997363564460849,0.0005271481286241434,0.9997363564460849,0.02066115702479339,0.9986817822304245,0.0005277044854881266,0.9995,0.9986817822304245,0.0005277044854881266,0.9915,0.9992090693382547,0.0005274261603375527,20,1,0.05
moderate,0.0003,0.01,0.00014159802,50,quantum,3800,186200,0.9996621318333427,0.9986788399570354,0.0004999999999999449,0.0013184747583243617,0.5305,0.5489999999999999,1.0,0.060800790904597134,1.0,0.060800790904597134,0.9986842105263158,0.06087602078693393,0.9981578947368421,0.06090616489230007,0.5489999999999999,0.9981578947368421,0.06090616489230007,0.5185,0.9992105263157894,0.06084590650507049,20,1,0.05
moderate,0.0003,0.01,0.00014159802,100,classical,7579,752389,0.9991629825800689,0.9991511875435479,0.7505,0.0009487360629259478,0.49950000000000006,0.9995,0.9992083388309804,0.12369821800509141,0.9992083388309804,0.005646008403361344,0.9992083388309804,0.09898869720404521,0.9981527906056208,0.005259697567389875,0.9995,0.9981527906056208,0.005259697567389875,0.873,0.9990763953028104,0.005646749835850296,20,1,0.05
moderate,0.0003,0.01,0.00014159802,100,quantum,7600,752400,0.9994069028232464,0.9977631578947368,0.3700000000000001,0.0022368421052632037,0.5230000000000001,0.5405,1.0,0.18138733304610083,1.0,0.18129914898201013,0.9977631578947368,0.18163177206993308,0.9960526315789474,0.1818869555819734,0.5405,0.9960526315789474,0.1818869555819734,0.5165,0.9990789473684211,0.18143596377749027,20,1,0.05
moderate,0.0003,0.01,0.00014159802,200,classical,7188,1432792,0.9971807143559374,0.9969737734050541,0.5700000000000001,0.0027825469949666615,0.29600000000000004,0.9995,0.9972175848636616,0.3455674244499224,0.9970784641068448,0.02050020500205002,0.9972175848636616,0.35741819811743614,0.9930439621591541,0.009848800110972396,0.9995,0.9930439621591541,0.009848800110972396,-0.5,0.9995826377295493,0.9950103300404521,20,11,0.55
moderate,0.0003,0.01,0.00014159802,200,quantum,7200,1432800,0.9986718723342795,0.9956979341150195,0.0004999999999999449,0.004025683975432737,0.508,0.526,1.0,0.4612391499551033,1.0,0.4612391499551033,0.99625,0.46213257348530296,0.9927777777777778,0.4628794709948903,0.526,0.9927777777777778,0.4628794709948903,0.49249999999999994,0.9998611111111111,0.4612736660929432,20,11,0.55
moderate,0.0003,0.01,0.00014159802,400,classical,6375,2553584,0.9942927740222461,0.9936027459260949,0.716,0.005664634305905636,0.30699999999999994,0.9995,0.9940392156862745,0.6875554679025737,0.9938823529411764,0.10127659574468086,0.9943529411764706,0.695956640606264,0.991686274509804,0.038479087452471486,0.9995,0.991686274509804,0.038479087452471486,-0.855,0.9990588235294118,0.9975120598105666,20,16,0.8
moderate,0.0003,0.01,0.00014159802,400,quantum,6400,2553600,0.9976289621147596,0.9913698308270676,0.42900000000000005,0.007361959586466127,0.44300000000000006,0.4475,1.0,0.7749569253489926,1.0,0.7749490118855054,0.99390625,0.7760132399028135,0.99390625,0.7760132399028135,0.4475,0.99390625,0.7760132399028135,0.4425000000000001,1.0,0.7749490118855054,20,16,0.8
moderate,0.0003,0.01,0.00014159802,700,classical,0,0,,,,,,,,,,,,,,,,,,,,,20,20,1.0
moderate,0.0003,0.01,0.00014159802,700,quantum,0,0,,,,,,,,,,,,,,,,,,,,,20,20,1.0
moderate,0.0003,0.01,0.00014159802,1000,classical,0,0,,,,,,,,,,,,,,,,,,,,,20,20,1.0
moderate,0.0003,0.01,0.00014159802,1000,quantum,0,0,,,,,,,,,,,,,,,,,,,,,20,20,1.0
moderate,0.0003,0.01,0.0005,10,classical,792,7195,1.0,1.0,0.4425000000000001,0.0,0.4425000000000001,0.8900000000000001,1.0,0.0025188916876574307,1.0,0.0,1.0,0.0,0.9911616161616161,0.0,0.8900000000000001,0.9911616161616161,0.0,0.7225000000000001,1.0,0.0,20,0,0.0
moderate,0.0003,0.01,0.0005,10,quantum,800,7200,0.9994034722222221,0.9986111111111111,0.0004999999999999449,0.000694444444444442,0.0004999999999999449,0.5415000000000001,1.0,0.012345679012345678,1.0,0.012345679012345678,1.0,0.012345679012345678,1.0,0.012345679012345678,0.5415000000000001,1.0,0.012345679012345678,0.5415000000000001,1.0,0.012345679012345678,20,0,0.0
moderate,0.0003,0.01,0.0005,20,classical,1600,30400,0.9999344572368422,0.9999342105263158,0.37850000000000006,3.2894736842092875e-05,0.37850000000000006,0.9359999999999999,1.0,0.003115264797507788,1.0,0.0012484394506866417,1.0,0.0012484394506866417,0.990625,0.001260239445494644,0.9395,0.99,0.0012610340479192938,0.48150000000000004,0.999375,0.0012492192379762648,20,0,0.0
moderate,0.0003,0.01,0.0005,20,quantum,1600,30400,0.999580859375,0.9986513157894736,0.0004999999999999449,0.0012993421052631682,0.502,0.536,1.0,0.024984765386959172,1.0,0.024984765386959172,0.99875,0.025015253203172667,0.995625,0.025091799265605876,0.536,0.995625,0.025091799265605876,0.5015000000000001,1.0,0.024984765386959172,20,0,0.0
moderate,0.0003,0.01,0.0005,50,classical,3992,195997,0.9999541882890256,0.9999336724541702,0.5155000000000001,3.316377291484596e-05,0.5155000000000001,0.9510000000000001,1.0,0.038072289156626506,1.0,0.0032459425717852684,1.0,0.0032459425717852684,0.9902304609218436,0.002271580010095911,0.9510000000000001,0.9902304609218436,0.002271580010095911,0.7570000000000001,0.999248496993988,0.00275,20,0,0.0
moderate,0.0003,0.01,0.0005,50,quantum,4000,196000,0.9991358131377551,0.9971632653061224,0.3380000000000001,0.0029183673469387883,0.5095000000000001,0.5435000000000001,1.0,0.12203687445127305,1.0,0.12203687445127305,0.997,0.12235915492957747,0.99225,0.12287292817679558,0.5435000000000001,0.99225,0.12287292817679558,0.5085,1.0,0.12203687445127305,20,0,0.0
moderate,0.0003,0.01,0.0005,100,classical,7585,752391,0.9996883406147258,0.9996552468208828,0.629,0.00023816685020761064,0.5,0.948,0.9997363216875412,0.12152455977757183,0.9997363216875412,0.007980115122972265,0.9997363216875412,0.020663825390675447,0.9902439024390244,0.005692348424675669,0.948,0.9902439024390244,0.005692348424675669,0.7810000000000001,0.9990771259063942,0.007075471698113207,20,1,0.05
moderate,0.0003,0.01,0.0005,100,quantum,7600,752400,0.9985987597582474,0.9949136097820308,0.4655,0.005370813397129137,0.51,0.5330000000000001,1.0,0.3350249365648788,1.0,0.33490854992561475,0.9943421052631579,0.3360569319978914,0.9914473684210526,0.33647411060232474,0.5330000000000001,0.9914473684210526,0.33647411060232474,0.5015000000000001,0.9990789473684211,0.33511383537653233,20,1,0.05
moderate,0.0003,0.01,0.0005,200,classical,10349,2069573,0.9985943080787321,0.9981911113482198,0.5589999999999999,0.0016434856643690599,0.478,0.9239999999999999,0.9985505845975456,0.3466110268082954,0.9983573292105518,0.03222180591982016,0.9983573292105518,0.24776119402985075,0.9900473475698135,0.014428626394767219,0.9239999999999999,0.9900473475698135,0.014428626394767219,-0.21899999999999997,0.9990337230650305,0.9950290831569625,20,7,0.35
moderate,0.0003,0.01,0.0005,200,quantum,10400,2069600,0.9964500318484063,0.9900536335523773,0.40900000000000003,0.00977845960572088,0.49849999999999994,0.49849999999999994,1.0,0.6643862140183296,1.0,0.6643537195417137,0.9903846153846154,0.6663967611336032,0.9903846153846154,0.6663967611336032,0.49849999999999994,0.9903846153846154,0.6663967611336032,0.47,0.9999038461538462,0.6643426616313224,20,7,0.35
moderate,0.0003,0.01,0.0005,400,classical,11120,4468753,0.9961885538491693,0.9956245402820413,0.613,0.003955143211881451,0.44399999999999995,0.9265000000000001,0.996043165467626,0.6817058451635152,0.995863309352518,0.08788402932213162,0.996043165467626,0.6146540027137042,0.9900179856115108,0.027301643399893973,0.9265000000000001,0.9900179856115108,0.027301643399893973,-0.5715,0.9990107913669065,0.997520228364891,20,13,0.65
moderate,0.0003,0.01,0.0005,400,quantum,11200,4468800,0.9939861280373287,0.980891290726817,0.2650000000000001,0.01995289563193703,0.4205000000000001,0.40200000000000014,0.9999107142857143,0.8840515188536641,1.0,0.884049568809334,0.9791964285714285,0.8861529518016007,0.9925,0.8848070964465953,0.40200000000000014,0.9925,0.8848070964465953,0.40149999999999997,0.9997321428571428,0.8840650238144543,20,13,0.65
moderate,0.0003,0.01,0.0005,700,classical,11014,7828684,0.9930342560015107,0.9918302872243532,0.579,0.007261406380303037,0.4255,0.8625,0.9928273106954785,0.8667341019328735,0.9925549300889777,0.3416440831074977,0.9927365171599782,0.8386482697557737,0.99001271109497,0.1270514770634857,0.8625,0.99001271109497,0.1270514770634857,-0.7949999999999999,0.999001271109497,0.9985964965093543,20,16,0.8
moderate,0.0003,0.01,0.0005,700,quantum,11200,7828800,0.9900720908410977,0.9683609237686491,0.0004999999999999449,0.03054567749846715,0.38949999999999996,0.381,0.999375,0.9567574041307052,1.0,0.956739385699277,0.9705357142857143,0.9579451546008853,0.9990178571428572,0.9567700183521685,0.381,0.9990178571428572,0.9567700183521685,0.381,0.9990178571428572,0.9567700183521685,20,16,0.8
moderate,0.0003,0.01,0.0005,1000,classical,0,0,,,,,,,,,,,,,,,,,,,,,20,20,1.0
moderate,0.0003,0.01,0.0005,1000,quantum,0,0,,,,,,,,,,,,,,,,,,,,,20,20,1.0
moderate,0.0003,0.01,0.001,10,classical,800,7200,0.9993109375,0.9993055555555556,0.4465000000000001,0.0009722222222222632,0.548,0.6405000000000001,1.0,0.009900990099009901,1.0,0.006211180124223602,0.99875,0.006218905472636816,0.99125,0.006265664160401002,0.655,0.99,0.006273525721455458,0.5475000000000001,1.0,0.006211180124223602,20,0,0.0
moderate,0.0003,0.01,0.001,10,quantum,800,7200,0.998501388888889,0.9972222222222222,0.0004999999999999449,0.0026388888888888573,0.4710000000000001,0.49,1.0,0.024390243902439025,1.0,0.024390243902439025,0.9975,0.02444987775061125,0.995,0.024509803921568627,0.49,0.995,0.024509803921568627,0.47050000000000014,1.0,0.024390243902439025,20,0,0.0
moderate,0.0003,0.01,0.001,20,classical,1600,30400,0.9999342516447368,0.9998355263157894,0.351,8.22368421052877e-05,0.351,0.7304999999999999,1.0,0.0043559427504667085,1.0,0.003115264797507788,1.0,0.003115264797507788,0.990625,0.001260239445494644,0.742,0.99,0.0012610340479192938,0.44799999999999995,0.999375,0.002495321272613849,20,0,0.0
moderate,0.0003,0.01,0.001,20,quantum,1600,30400,0.9992014185855262,0.9973355263157895,0.4355,0.0025822368421052344,0.48,0.504,1.0,0.04875148632580262,1.0,0.04818560380725759,0.9975,0.04830053667262969,0.99125,0.04801920768307323,0.504,0.99125,0.04801920768307323,0.472,1.0,0.04818560380725759,20,0,0.0
moderate,0.0003,0.01,0.001,50,classical,4000,196000,0.9999288239795917,0.99975,0.488,0.0002448979591836431,0.49,0.74,1.0,0.03776762088044263,1.0,0.012101753519387503,0.99975,0.011616411270390509,0.99025,0.003522012578616352,0.74,0.99025,0.0035220125786163525,0.6145,0.999,0.00423623224520309,20,0,0.0
moderate,0.0003,0.01,0.001,50,quantum,4000,196000,0.9980373667091837,0.9938775510204082,0.0004999999999999449,0.0059362244897959715,0.478,0.48750000000000004,1.0,0.23076923076923078,1.0,0.23076923076923078,0.99425,0.23179447556499905,0.99025,0.23221554564838148,0.48750000000000004,0.99025,0.23221554564838148,0.4744999999999999,1.0,0.23076923076923078,20,0,0.0
moderate,0.0003,0.01,0.001,100,classical,7982,791988,0.9997123023240369,0.9996357981460954,0.5,0.00025280906899483035,0.4950000000000001,0.738,0.9997494362315209,0.11852424610626312,0.9997494362315209,0.011152416356877323,0.9997494362315209,0.024688340259105355,0.990228013029316,0.007035175879396985,0.738,0.990228013029316,0.007035175879396985,0.597,0.9991230268103233,0.009193688656976022,20,0,0.0
moderate,0.0003,0.01,0.001,100,quantum,8000,792000,0.9968819102746211,0.9894545454545455,0.4085000000000001,0.010458964646464675,0.4690000000000001,0.46850000000000014,1.0,0.5109426580266536,1.0,0.5107632093933464,0.989625,0.5133091535009529,0.991125,0.5129307697032988,0.46850000000000014,0.991125,0.5129307697032988,0.45999999999999996,1.0,0.5107632093933464,20,0,0.0
moderate,0.0003,0.01,0.001,200,classical,15127,3024755,0.9982972377313887,0.9978075180203675,0.5015000000000001,0.0018515228685105356,0.40349999999999997,0.7175,0.998281219012362,0.34002010401643284,0.99801679116811,0.04024157660521297,0.998149005090236,0.27061494613786774,0.99008395584055,0.01712823205145032,0.7175,0.99008395584055,0.01712823205145032,-0.25949999999999995,0.999008395584055,0.9950286873556874,20,1,0.05
moderate,0.0003,0.01,0.001,200,quantum,15200,3024800,0.9932011223773821,0.9792882174028035,0.26849999999999996,0.018835294895530263,0.44700000000000006,0.43900000000000006,0.9998026315789473,0.804768695160648,1.0,0.8047502215828077,0.9830263157894736,0.8073143682459444,0.9900657894736842,0.806229398434281,0.43900000000000006,0.9900657894736842,0.8062293984342811,0.4185000000000001,0.999671052631579,0.8047517475328947,20,1,0.05
moderate,0.0003,0.01,0.001,400,classical,26961,10852655,0.9966231363097653,0.9959479870377148,0.5045,0.003376518344911039,0.4159999999999999,0.7030000000000001,0.9966618448870591,0.6752003481161838,0.996365119988131,0.14421790379101626,0.9966247542746931,0.5770368971162322,0.9900597158859092,0.047223015419760137,0.7030000000000001,0.9900597158859092,0.047223015419760137,-0.6415,0.9990356440784838,0.9975242546751925,20,3,0.15
moderate,0.0003,0.01,0.001,400,quantum,27200,10852800,0.9864056537117556,0.9613339414713253,0.21450000000000014,0.03863892267433294,0.357,0.347,0.9826102941176471,0.9400985694210672,1.0,0.9391274183982902,0.961360294117647,0.9413016492285866,0.9908455882352941,0.93963035886684,0.347,0.9908455882352941,0.93963035886684,0.3285,0.9994485294117647,0.939144644795899,20,3,0.15
moderate,0.0003,0.01,0.001,700,classical,11032,7828689,0.9912406199497524,0.9898524050876941,0.5325,0.008792120686870686,0.35250000000000004,0.5885,0.9912073966642495,0.8646155750897611,0.9906635242929659,0.36749811910411484,0.9912073966642495,0.862904641307891,0.9900290065264684,0.2868429644139732,0.5885,0.9900290065264684,0.2868429644139732,-0.8995,0.9990029006526469,0.9985942067695941,20,16,0.8
moderate,0.0003,0.01,0.001,700,quantum,11200,7828800,0.9783341327796543,0.9380051859799714,0.14749999999999996,0.059593871346821925,0.2835000000000001,0.2630000000000001,0.8541071428571428,0.9805473819492881,1.0,0.9774441390004934,0.9426785714285715,0.9786662679304987,0.9984821428571429,0.9774593096497859,0.2630000000000001,0.9984821428571429,0.9774593096497859,0.24649999999999994,0.9990178571428572,0.9774509428524789,20,16,0.8
moderate,0.0003,0.01,0.001,1000,classical,0,0,,,,,,,,,,,,,,,,,,,,,20,20,1.0
moderate,0.0003,0.01,0.001,1000,quantum,0,0,,,,,,,,,,,,,,,,,,,,,20,20,1.0
moderate,0.0003,0.01,0.0011322446,10,classical,800,7200,0.9993109375,0.9993055555555556,0.44399999999999995,0.0009722222222222632,0.5235000000000001,0.599,1.0,0.009900990099009901,1.0,0.006211180124223602,0.99875,0.006218905472636816,0.99125,0.006265664160401002,0.6194999999999999,0.99,0.006273525721455458,0.5230000000000001,1.0,0.006211180124223602,20,0,0.0
moderate,0.0003,0.01,0.0011322446,10,quantum,800,7200,0.9985753472222222,0.9972222222222222,0.0004999999999999449,0.0026388888888888573,0.4555,0.47,1.0,0.024390243902439025,1.0,0.024390243902439025,0.9975,0.02444987775061125,0.995,0.024509803921568627,0.47,0.995,0.024509803921568627,0.45500000000000007,1.0,0.024390243902439025,20,0,0.0
moderate,0.0003,0.01,0.0011322446,20,classical,1600,30400,0.9999342310855261,0.9998355263157894,0.35450000000000004,8.22368421052877e-05,0.35450000000000004,0.6815,1.0,0.0037359900373599006,1.0,0.003115264797507788,1.0,0.003115264797507788,0.990625,0.001260239445494644,0.6955,0.99,0.0012610340479192938,0.43900000000000006,0.999375,0.003117206982543641,20,0,0.0
moderate,0.0003,0.01,0.0011322446,20,quantum,1600,30400,0.9989902138157895,0.9967105263157895,0.0004999999999999449,0.003207236842105332,0.45999999999999996,0.4744999999999999,1.0,0.058823529411764705,1.0,0.058823529411764705,0.996875,0.058997050147492625,0.99125,0.05819477434679335,0.48750000000000004,0.99,0.05826397146254459,0.45650000000000013,1.0,0.058823529411764705,20,0,0.0
moderate,0.0003,0.01,0.0011322446,50,classical,4000,196000,0.9999288354591837,0.999704081632653,0.4730000000000001,0.000250000000000028,0.4804999999999999,0.6965000000000001,1.0,0.03776762088044263,1.0,0.01429275505174963,0.99975,0.012104743083003952,0.99025,0.003522012578616352,0.6975,0.99,0.003522898842476095,0.5825,0.999,0.004732254047322541,20,0,0.0
moderate,0.0003,0.01,0.0011322446,50,quantum,4000,196000,0.9977245682397959,0.9927755102040816,0.0004999999999999449,0.007237244897959183,0.4615,0.46650000000000014,1.0,0.2614475627769572,1.0,0.2614475627769572,0.99275,0.2628550213476889,0.9905,0.26288372093023255,0.46650000000000014,0.9905,0.26288372093023255,0.45650000000000013,0.9995,0.2615441448097525,20,0,0.0
moderate,0.0003,0.01,0.0011322446,100,classical,7981,791987,0.9997152921681275,0.9993839087970752,0.49950000000000006,0.0003767120973249827,0.48,0.696,0.9997494048364867,0.11736725663716814,0.9994988096729733,0.011279127416955874,0.9996241072547299,0.036124199589223145,0.9901014910412229,0.007036943955767781,0.696,0.9901014910412229,0.007036943955767781,0.5429999999999999,0.9991229169277033,0.009564029313128804,20,0,0.0
moderate,0.0003,0.01,0.0011322446,100,quantum,8000,792000,0.996320603219697,0.9876830808080808,0.3820000000000001,0.01190782828282827,0.4495,0.44799999999999995,1.0,0.5496763298620884,1.0,0.5494226978315967,0.9885,0.5522590873060809,0.991125,0.5516032347452355,0.44900000000000007,0.99,0.5518841235713478,0.43999999999999995,0.999875,0.5494536442491833,20,0,0.0
moderate,0.0003,0.01,0.0011322446,200,classical,15128,3024754,0.9978385625305688,0.9973200985262689,0.49449999999999994,0.0021165705493157994,0.37650000000000006,0.6679999999999999,0.9978847170809095,0.3380979523830403,0.9976864093072448,0.06839084007160051,0.9978847170809095,0.2979257743465724,0.9900185087255421,0.018673830428515267,0.6679999999999999,0.9900185087255421,0.018673830428515267,-0.31399999999999995,0.9990084611316764,0.9950283583911133,20,1,0.05
moderate,0.0003,0.01,0.0011322446,200,quantum,15200,3024800,0.9920977271768294,0.9758539407564136,0.1835,0.02104271356783921,0.4275,0.4175,0.9996052631578948,0.8277539082427362,1.0,0.8277366637578341,0.9820394736842105,0.8301820250284414,0.9921052631578947,0.8287647900438307,0.4175,0.9921052631578947,0.8287647900438307,0.40000000000000013,0.9995394736842105,0.8277379049174008,20,1,0.05
moderate,0.0003,0.01,0.0011322446,400,classical,26964,10852647,0.9968087112501303,0.995939729663615,0.5,0.0032233301595314123,0.41300000000000003,0.6659999999999999,0.9968476487168076,0.6736836993602118,0.9963655244029076,0.14675897989646522,0.9967734757454384,0.5652659161490683,0.9900237353508382,0.051721075627864016,0.6659999999999999,0.9900237353508382,0.051721075627864016,-0.625,0.9990357513722,0.9975239777906194,20,3,0.15
moderate,0.0003,0.01,0.0011322446,400,quantum,27200,10852800,0.9843204485281922,0.9554937896211116,0.20399999999999996,0.04323870337608726,0.34099999999999997,0.3195000000000001,0.9412867647058824,0.9495881876911142,1.0,0.9466893498256624,0.9579779411764706,0.94875934571169,0.990735294117647,0.947131032561461,0.3195000000000001,0.990735294117647,0.947131032561461,0.3075000000000001,0.9991544117647059,0.9467106153269973,20,3,0.15
moderate,0.0003,0.01,0.0011322446,700,classical,22102,15657389,0.992111069791524,0.9909088057033152,0.5325,0.007917879229574876,0.3660000000000001,0.6140000000000001,0.9920821645099991,0.8625800629222496,0.9916749615419419,0.35371822846022294,0.9920821645099991,0.8497131616644162,0.9900009048954845,0.23578513551271305,0.6140000000000001,0.9900009048954845,0.23578513551271305,-0.88,0.9990046149669713,0.9985917872496668,20,12,0.6
moderate,0.0003,0.01,0.0011322446,700,quantum,22400,15657600,0.9746912117957095,0.9300315501737175,0.121,0.06901067213366036,0.32000000000000006,0.23950000000000005,0.8898660714285714,0.9820231670538665,1.0,0.9799631106555104,0.9316964285714285,0.9812401627710267,0.9979464285714286,0.9799927682547865,0.23950000000000005,0.9979464285714286,0.9799927682547865,0.1975,0.9990178571428572,0.9799786348109432,20,12,0.6
moderate,0.0003,0.01,0.0011322446,1000,classical,3916,3995943,0.9914886849421142,0.9888945489878328,0.5270000000000001,0.008678939041399769,0.40200000000000014,0.5310000000000001,0.991317671092952,0.9265607264472191,0.9902962206332993,0.590885114463551,0.991317671092952,0.8992969986251265,0.9900408580183861,0.5824448034464189,0.5310000000000001,0.9900408580183861,0.5824448034464189,-0.878,0.9992339121552605,0.9990217142925717,20,19,0.95
moderate,0.0003,0.01,0.0011322446,1000,quantum,4000,3996000,0.9689796615052554,0.9080047547547547,0.08250000000000002,0.09178566066066068,0.25150000000000006,0.2350000000000001,0.863,0.9905365543407937,1.0,0.9892361139142064,0.90775,0.9901479035465919,0.99375,0.9892754522521551,0.2350000000000001,0.99375,0.9892754522521551,0.14500000000000002,0.999,0.9892449676622338,20,19,0.95
moderate,0.0003,0.01,0.0022153451,10,classical,800,7200,0.9993806423611111,0.9991666666666666,0.35749999999999993,0.0010416666666666075,0.43399999999999994,0.4764999999999999,1.0,0.009900990099009901,1.0,0.007444168734491315,0.99875,0.007453416149068323,0.99125,0.007509386733416771,0.4770000000000001,0.99,0.007518796992481203,0.4335,1.0,0.007444168734491315,20,0,0.0
moderate,0.0003,0.01,0.0022153451,10,quantum,800,7200,0.9983339409722222,0.9958333333333333,0.0004999999999999449,0.004583333333333328,0.31699999999999995,0.3245,0.9025,0.03861517976031957,1.0,0.03614457831325301,0.995,0.03631961259079903,0.995,0.03515151515151515,0.3245,0.995,0.03515151515151515,0.31299999999999994,1.0,0.03614457831325301,20,0,0.0
moderate,0.0003,0.01,0.0022153451,20,classical,1600,30400,0.9999610505756579,0.9998026315789473,0.3760000000000001,9.868421052627863e-05,0.3760000000000001,0.5015000000000001,1.0,0.005593536357986327,1.0,0.0037359900373599006,1.0,0.0037359900373599006,0.990625,0.0025173064820641915,0.502,0.99,0.0025188916876574307,0.4025000000000001,0.999375,0.003738317757009346,20,0,0.0
moderate,0.0003,0.01,0.0022153451,20,quantum,1600,30400,0.997411328125,0.9918092105263158,0.252,0.007532894736842044,0.31400000000000006,0.3145,0.816875,0.15786082474226804,1.0,0.13466738777717685,0.993125,0.13547334058759522,0.993125,0.13547334058759522,0.3145,0.993125,0.13547334058759522,0.31099999999999994,1.0,0.13466738777717685,20,0,0.0
moderate,0.0003,0.01,0.0022153451,50,classical,4000,196000,0.9999372219387753,0.9996836734693878,0.4139999999999999,0.0002448979591836431,0.42500000000000004,0.5050000000000001,1.0,0.037999037999038,1.0,0.015263417035942885,0.99975,0.011616411270390509,0.9905,0.0047726701833710125,0.5075000000000001,0.99,0.004775069112842423,0.4590000000000001,0.999,0.005970149253731343,20,0,0.0
moderate,0.0003,0.01,0.0022153451,50,quantum,4000,196000,0.9944768061224489,0.9818673469387755,0.27300000000000013,0.018176020408163296,0.31699999999999995,0.31200000000000006,0.786,0.5292708489294805,1.0,0.4704792163092401,0.98175,0.4746488294314381,0.99275,0.4722222222222222,0.31200000000000006,0.99275,0.4722222222222222,0.30000000000000004,0.99975,0.4704713983050847,20,0,0.0
moderate,0.0003,0.01,0.0022153451,100,classical,7994,791996,0.9997042081658717,0.9992763251194349,0.41700000000000004,0.00039344985079592387,0.4225000000000001,0.508,0.9997498123592694,0.11298557158712541,0.9997498123592694,0.04481893151667264,0.9996247185389042,0.03919682577852591,0.9901175881911434,0.011489946296990133,0.508,0.9901175881911434,0.011489946296990133,0.44700000000000006,0.999124343257443,0.02072094163805787,20,0,0.0
moderate,0.0003,0.01,0.0022153451,100,quantum,8000,792000,0.9899208167613637,0.9692411616161616,0.1775,0.031288510101010136,0.2965,0.2865,0.8105,0.7889941097985617,1.0,0.7527888507771701,0.968125,0.7584292442531424,0.990375,0.7543331989705746,0.2865,0.990375,0.7543331989705746,0.2695000000000001,0.999,0.7527457228598831,20,0,0.0
moderate,0.0003,0.01,0.0022153451,200,classical,15175,3024779,0.9984204379029685,0.9974468169853953,0.42100000000000004,0.0015809146704210408,0.3800000000000001,0.5,0.998484349258649,0.3246869011008602,0.9982207578253707,0.1338555663559952,0.9984184514003295,0.2398274045456826,0.9900494233937397,0.03276894353956093,0.5,0.9900494233937397,0.03276894353956093,-0.515,0.9990115321252059,0.9950130348610574,20,1,0.05
moderate,0.0003,0.01,0.0022153451,200,quantum,15200,3024800,0.9793102806166394,0.9425928987040465,0.16149999999999998,0.0581497950277704,0.2735000000000001,0.256,0.8446710526315789,0.9306697050532977,1.0,0.9195107098414044,0.9409868421052632,0.9237510861858484,0.99125,0.9200854995518168,0.256,0.99125,0.9200854995518168,0.21950000000000003,0.9990131578947369,0.9195547832720569,20,1,0.05
moderate,0.0003,0.01,0.0022153451,400,classical,27033,10852652,0.9984276901802543,0.9968173705308514,0.42700000000000005,0.0016622514509012642,0.41700000000000004,0.5050000000000001,0.9984833351829245,0.663575630671054,0.9981504087596641,0.3490229191797346,0.9983353678836977,0.4002933202968757,0.9900122073021862,0.0947742262810756,0.5050000000000001,0.9900122073021862,0.0947742262810756,-0.5740000000000001,0.9990012207302186,0.9975177450985439,20,3,0.15
moderate,0.0003,0.01,0.0022153451,400,quantum,27200,10852800,0.9640508088824733,0.8993734335839599,0.06499999999999995,0.09950920499778854,0.26350000000000007,0.1845000000000001,0.8311764705882353,0.9728809005153205,1.0,0.9756986634264885,0.9002205882352942,0.977770454477366,0.9914338235294118,0.9758563791641636,0.1845000000000001,0.9914338235294118,0.9758563791641636,0.139,0.9990073529411765,0.9757135209004222,20,3,0.15
moderate,0.0003,0.01,0.0022153451,700,classical,41490,29357572,0.9959878975597248,0.9938873359689463,0.4535,0.0040202775139264735,0.4065000000000001,0.504,0.9960472402988672,0.8631013704438621,0.9954446854663774,0.5253904230013445,0.9959749337189684,0.7404464599768856,0.9900939985538684,0.32789594240837694,0.504,0.9900939985538684,0.32789594240837694,-0.856,0.9990118100747168,0.9985901207222525,20,5,0.25
moderate,0.0003,0.01,0.0022153451,700,quantum,42000,29358000,0.9489587118101175,0.8508714830710539,0.04499999999999993,0.11717116288575519,0.28049999999999997,0.14650000000000007,0.7716190476190476,0.9865360543177646,1.0,0.990497984780939,0.8828095238095238,0.9893344363831549,0.9905238095238095,0.9905512190158478,0.14650000000000007,0.9905238095238095,0.9905512190158478,0.08899999999999997,0.9990238095238095,0.9905038080727703,20,5,0.25
moderate,0.0003,0.01,0.0022153451,1000,classical,35389,35963413,0.993216480744929,0.9898660081985782,0.45500000000000007,0.006733677822816864,0.4025000000000001,0.48950000000000005,0.9933595184944475,0.9301900243661717,0.9926813416598378,0.7424090219168641,0.9932747463901213,0.8733844823859952,0.9900251490576167,0.6344209438943206,0.48950000000000005,0.9900251490576167,0.6344209438943206,-0.8845,0.9990109921161943,0.9990179096075158,20,11,0.55
moderate,0.0003,0.01,0.0022153451,1000,quantum,36000,35964000,0.9392597133240493,0.8147895951507063,0.03750000000000009,0.13428504893782678,0.2925,0.14100000000000001,0.77125,0.9923430849494255,1.0,0.9946243840626725,0.8656388888888888,0.9935850287832798,0.9901111111111112,0.9946432269523051,0.14100000000000001,0.9901111111111112,0.9946432269523051,0.08200000000000007,0.9990555555555556,0.9946264030875995,20,11,0.55
