{
  "gate_count_complexity": {
    "model": "G = a*N^b*log(N) + d (c=1.0 constrained, b fitted)",
    "qiskit_3L": {
      "R2": 0.9998535323287978,
      "b": 0.5276576227047507,
      "b_err": 0.00822441331695295
    },
    "qiskit_5L": {
      "R2": 0.9997557691256088,
      "b": 0.5766387286549097,
      "b_err": 0.01340655787988344
    },
    "tket_3L": {
      "R2": 0.9999922986279121,
      "b": 0.5236409204445259,
      "b_err": 0.0018726682108191903
    },
    "tket_5L": {
      "R2": 0.9999905586238299,
      "b": 0.5182841811992834,
      "b_err": 0.0023964450450588842
    }
  },
  "success_probability": {
    "model": "P = a * N^b (both fitted)",
    "3_layers": {
      "a": 0.3533743165457555,
      "a_err": 0.000112657337342245,
      "b": -0.4998029962685718,
      "b_err": 0.00010706421906479455,
      "c_filter_derived": 0.5005663228622467,
      "c_filter_err": 0.00047347572526846947,
      "c_filter_theory": 0.4999999999999999,
      "R2": 0.9999771288244876
    },
    "5_layers": {
      "a": 0.8123514877154425,
      "a_err": 0.00017875882808533001,
      "b": -0.49993079813320324,
      "b_err": 6.120856344577921e-05,
      "c_filter_derived": 0.8128582053488427,
      "c_filter_err": 0.0004826929948551892,
      "c_filter_theory": 0.8230568193622758,
      "R2": 0.9999998537883839
    }
  }
}