noise,T,rep,config,beta,alpha,n_seg,epsilon,valid,tau_att,p_anc,emu_cos_dense,solver,cls,n,frac_wp,frac_e1,med,q99,mx,auc,tau_wp,eff_wp,far_wp,pur_wp,tau_e1,far_e1,gap
moderate,50,0,base,0.0,0.0,9900,0.0031777035588293387,True,0.35,,,classical,ALL,9900,0.02,0.02,0.2500000000000001,0.36363636363636376,0.4545454545454546,,0.3571428561428572,1.0,0.0,1.0,0.35714285714185723,0.0,0.02380952380952378
moderate,50,0,base,0.0,0.0,9900,0.0031777035588293387,True,0.35,,,classical,cohit-true,9702,0.0,0.0,0.2500000000000001,0.2500000000000001,0.3333333333333334,1.0,0.3571428561428572,,,,0.35714285714185723,,
moderate,50,0,base,0.0,0.0,9900,0.0031777035588293387,True,0.35,,,classical,TRUE-coupled,198,1.0,1.0,0.36363636363636376,0.4545454545454546,0.4545454545454546,,0.3571428561428572,,,,0.35714285714185723,,
moderate,50,0,base,0.0,0.0,9900,0.0031777035588293387,True,0.35,0.0040653514658930325,1.0,1bqf_emu,ALL,9900,0.02,0.02,4.783776559169349e-19,0.003292723969109358,0.005638985101417881,,0.0030500130997596115,1.0,0.0,1.0,0.0030500140987596114,0.0,6.0299784407347005e-05
moderate,50,0,base,0.0,0.0,9900,0.0031777035588293387,True,0.35,0.0040653514658930325,1.0,1bqf_emu,cohit-true,9702,0.0,0.0,4.783776559169349e-19,4.783776559169349e-19,0.0029897143153522644,1.0,0.0030500130997596115,,,,0.0030500140987596114,,
moderate,50,0,base,0.0,0.0,9900,0.0031777035588293387,True,0.35,0.0040653514658930325,1.0,1bqf_emu,TRUE-coupled,198,1.0,1.0,0.003292723969109358,0.005638985101417881,0.005638985101417881,,0.0030500130997596115,,,,0.0030500140987596114,,
moderate,50,0,fork,1.0,0.0,9900,0.0031777035588293387,True,0.35,,,classical,ALL,9900,0.02,0.02,0.2500000000000001,0.36363636363636376,0.4545454545454546,,0.3571428561428572,1.0,0.0,1.0,0.35714285714185723,0.0,0.02380952380952378
moderate,50,0,fork,1.0,0.0,9900,0.0031777035588293387,True,0.35,,,classical,cohit-true,9702,0.0,0.0,0.2500000000000001,0.2500000000000001,0.3333333333333334,1.0,0.3571428561428572,,,,0.35714285714185723,,
moderate,50,0,fork,1.0,0.0,9900,0.0031777035588293387,True,0.35,,,classical,TRUE-coupled,198,1.0,1.0,0.36363636363636376,0.4545454545454546,0.4545454545454546,,0.3571428561428572,,,,0.35714285714185723,,
moderate,50,0,fork,1.0,0.0,9900,0.0031777035588293387,True,0.35,0.0040653514658930325,,1bqf_emu,ALL,9900,0.02,0.02,4.783776559169349e-19,0.003292723969109358,0.005638985101417881,,0.0030500130997596115,1.0,0.0,1.0,0.0030500140987596114,0.0,6.0299784407347005e-05
moderate,50,0,fork,1.0,0.0,9900,0.0031777035588293387,True,0.35,0.0040653514658930325,,1bqf_emu,cohit-true,9702,0.0,0.0,4.783776559169349e-19,4.783776559169349e-19,0.0029897143153522644,1.0,0.0030500130997596115,,,,0.0030500140987596114,,
moderate,50,0,fork,1.0,0.0,9900,0.0031777035588293387,True,0.35,0.0040653514658930325,,1bqf_emu,TRUE-coupled,198,1.0,1.0,0.003292723969109358,0.005638985101417881,0.005638985101417881,,0.0030500130997596115,,,,0.0030500140987596114,,
moderate,50,0,occ,0.0,0.3,9900,0.0031777035588293387,True,0.5230769230769231,,,classical,ALL,9900,0.0198989898989899,0.02,0.03421175646730519,0.049845807984178855,0.06174741362779893,,0.04893449781413439,0.9949494949494949,0.0,1.0,0.04893178432562108,0.0,0.003731499434775784
moderate,50,0,occ,0.0,0.3,9900,0.0031777035588293387,True,0.5230769230769231,,,classical,cohit-true,9702,0.0,0.0,0.03408447079213343,0.03468253301377727,0.04520028489184529,1.0,0.04893449781413439,,,,0.04893178432562108,,
moderate,50,0,occ,0.0,0.3,9900,0.0031777035588293387,True,0.5230769230769231,,,classical,TRUE-coupled,198,0.9949494949494949,1.0,0.049845807984178876,0.06174741362779882,0.06174741362779893,,0.04893449781413439,,,,0.04893178432562108,,
moderate,50,0,occ,0.0,0.3,9900,0.0031777035588293387,True,0.5230769230769231,0.5158116610479089,,1bqf_emu,ALL,9900,0.99989898989899,1.0,0.006954192148993764,0.0074803595039351295,0.0074808125794373955,,0.0068640155472099165,0.9949494949494949,0.9800989998989798,0.019901000101020305,0.006863701639907294,0.98,-0.0006171109385301014
moderate,50,0,occ,0.0,0.3,9900,0.0031777035588293387,True,0.5230769230769231,0.5158116610479089,,1bqf_emu,cohit-true,9702,1.0,1.0,0.0069541921489960235,0.007480360201155996,0.0074808125794373955,0.2500265487278474,0.0068640155472099165,,,,0.006863701639907294,,
moderate,50,0,occ,0.0,0.3,9900,0.0031777035588293387,True,0.5230769230769231,0.5158116610479089,,1bqf_emu,TRUE-coupled,198,0.9949494949494949,1.0,0.006946424648096101,0.00746908338919369,0.007469083389195756,,0.0068640155472099165,,,,0.006863701639907294,,
moderate,50,0,both,1.0,0.3,9900,0.0031777035588293387,True,0.5230769230769231,,,classical,ALL,9900,0.0198989898989899,0.02,0.03421175646730519,0.049845807984178855,0.06174741362779893,,0.04893449781413439,0.9949494949494949,0.0,1.0,0.04893178432562108,0.0,0.003731499434775784
moderate,50,0,both,1.0,0.3,9900,0.0031777035588293387,True,0.5230769230769231,,,classical,cohit-true,9702,0.0,0.0,0.03408447079213343,0.03468253301377727,0.04520028489184529,1.0,0.04893449781413439,,,,0.04893178432562108,,
moderate,50,0,both,1.0,0.3,9900,0.0031777035588293387,True,0.5230769230769231,,,classical,TRUE-coupled,198,0.9949494949494949,1.0,0.049845807984178876,0.06174741362779882,0.06174741362779893,,0.04893449781413439,,,,0.04893178432562108,,
moderate,50,0,both,1.0,0.3,9900,0.0031777035588293387,True,0.5230769230769231,0.5158116610479089,,1bqf_emu,ALL,9900,0.99989898989899,1.0,0.006954192148993764,0.0074803595039351295,0.0074808125794373955,,0.0068640155472099165,0.9949494949494949,0.9800989998989798,0.019901000101020305,0.006863701639907294,0.98,-0.0006171109385301014
moderate,50,0,both,1.0,0.3,9900,0.0031777035588293387,True,0.5230769230769231,0.5158116610479089,,1bqf_emu,cohit-true,9702,1.0,1.0,0.0069541921489960235,0.007480360201155996,0.0074808125794373955,0.2500265487278474,0.0068640155472099165,,,,0.006863701639907294,,
moderate,50,0,both,1.0,0.3,9900,0.0031777035588293387,True,0.5230769230769231,0.5158116610479089,,1bqf_emu,TRUE-coupled,198,0.9949494949494949,1.0,0.006946424648096101,0.00746908338919369,0.007469083389195756,,0.0068640155472099165,,,,0.006863701639907294,,
moderate,50,1,base,0.0,0.0,9900,0.0031777035588293387,True,0.35,,,classical,ALL,9900,0.020404040404040404,0.020404040404040404,0.24999999999999994,0.3636363636363637,0.45454545454545464,,0.33333333233333323,1.0,0.019801980198019802,0.9801980198019802,0.3333333333323333,0.019801980198019802,0.0
moderate,50,1,base,0.0,0.0,9900,0.0031777035588293387,True,0.35,,,classical,cohit-true,9702,0.00041228612657184083,0.00041228612657184083,0.24999999999999994,0.24999999999999994,0.33333333333333326,0.9999984383101266,0.33333333233333323,,,,0.3333333333323333,,
moderate,50,1,base,0.0,0.0,9900,0.0031777035588293387,True,0.35,,,classical,TRUE-coupled,198,1.0,1.0,0.3636363636363637,0.45454545454545464,0.45454545454545464,,0.33333333233333323,,,,0.3333333333323333,,
moderate,50,1,base,0.0,0.0,9900,0.0031777035588293387,True,0.35,0.004081502770433568,,1bqf_emu,ALL,9900,0.020404040404040404,0.020404040404040404,4.783776559169349e-19,0.0030500140997596114,0.005638985101417881,,0.0029897133153522644,1.0,0.019801980198019802,0.9801980198019802,0.0029897143143522644,0.019801980198019802,0.0
moderate,50,1,base,0.0,0.0,9900,0.0031777035588293387,True,0.35,0.004081502770433568,,1bqf_emu,cohit-true,9702,0.00041228612657184083,0.00041228612657184083,4.783776559169349e-19,4.783776559169349e-19,0.0029897143153522644,0.9999984383101266,0.0029897133153522644,,,,0.0029897143143522644,,
moderate,50,1,base,0.0,0.0,9900,0.0031777035588293387,True,0.35,0.004081502770433568,,1bqf_emu,TRUE-coupled,198,1.0,1.0,0.0030500140997596114,0.005638985101417881,0.005638985101417881,,0.0029897133153522644,,,,0.0029897143143522644,,
moderate,50,1,fork,1.0,0.0,9900,0.0031777035588293387,True,0.35,,,classical,ALL,9900,0.020404040404040404,0.020404040404040404,0.24999999999999994,0.3636363636363637,0.45454545454545464,,0.33333333233333323,1.0,0.019801980198019802,0.9801980198019802,0.3333333333323333,0.019801980198019802,0.0
moderate,50,1,fork,1.0,0.0,9900,0.0031777035588293387,True,0.35,,,classical,cohit-true,9702,0.00041228612657184083,0.00041228612657184083,0.24999999999999994,0.24999999999999994,0.33333333333333326,0.9999984383101266,0.33333333233333323,,,,0.3333333333323333,,
moderate,50,1,fork,1.0,0.0,9900,0.0031777035588293387,True,0.35,,,classical,TRUE-coupled,198,1.0,1.0,0.3636363636363637,0.45454545454545464,0.45454545454545464,,0.33333333233333323,,,,0.3333333333323333,,
moderate,50,1,fork,1.0,0.0,9900,0.0031777035588293387,True,0.35,0.004081502770433568,,1bqf_emu,ALL,9900,0.020404040404040404,0.020404040404040404,4.783776559169349e-19,0.0030500140997596114,0.005638985101417881,,0.0029897133153522644,1.0,0.019801980198019802,0.9801980198019802,0.0029897143143522644,0.019801980198019802,0.0
moderate,50,1,fork,1.0,0.0,9900,0.0031777035588293387,True,0.35,0.004081502770433568,,1bqf_emu,cohit-true,9702,0.00041228612657184083,0.00041228612657184083,4.783776559169349e-19,4.783776559169349e-19,0.0029897143153522644,0.9999984383101266,0.0029897133153522644,,,,0.0029897143143522644,,
moderate,50,1,fork,1.0,0.0,9900,0.0031777035588293387,True,0.35,0.004081502770433568,,1bqf_emu,TRUE-coupled,198,1.0,1.0,0.0030500140997596114,0.005638985101417881,0.005638985101417881,,0.0029897133153522644,,,,0.0029897143143522644,,
moderate,50,1,occ,0.0,0.3,9900,0.0031777035588293387,True,0.5230769230769231,,,classical,ALL,9900,0.0198989898989899,0.02,0.03414451438991212,0.0499276732316273,0.06209607353401964,,0.045857868233542445,0.9949494949494949,0.0,1.0,0.04568868953518889,0.0,0.0007358028732350058
moderate,50,1,occ,0.0,0.3,9900,0.0031777035588293387,True,0.5230769230769231,,,classical,cohit-true,9702,0.0,0.0,0.03408535177904216,0.034676081838108,0.044952886662953884,1.0,0.045857868233542445,,,,0.04568868953518889,,
moderate,50,1,occ,0.0,0.3,9900,0.0031777035588293387,True,0.5230769230769231,,,classical,TRUE-coupled,198,0.9949494949494949,1.0,0.049927673231627306,0.062096073534019545,0.06209607353401964,,0.045857868233542445,,,,0.04568868953518889,,
moderate,50,1,occ,0.0,0.3,9900,0.0031777035588293387,True,0.5230769230769231,0.5155934584339722,,1bqf_emu,ALL,9900,1.0,1.0,0.006955157123027134,0.007496205921633853,0.007496348879925641,,0.006894326747431149,1.0,0.98,0.02,0.006894327746413248,0.98,-0.0006020211325123929
moderate,50,1,occ,0.0,0.3,9900,0.0031777035588293387,True,0.5230769230769231,0.5155934584339722,,1bqf_emu,cohit-true,9702,1.0,1.0,0.006955157123027406,0.007496205921634017,0.007496348879925641,0.2500775639303778,0.006894326747431149,,,,0.006894327746413248,,
moderate,50,1,occ,0.0,0.3,9900,0.0031777035588293387,True,0.5230769230769231,0.5155934584339722,,1bqf_emu,TRUE-coupled,198,1.0,1.0,0.006931872254703892,0.007449408329640534,0.007449408329644401,,0.006894326747431149,,,,0.006894327746413248,,
moderate,50,1,both,1.0,0.3,9900,0.0031777035588293387,True,0.5230769230769231,,,classical,ALL,9900,0.0198989898989899,0.02,0.03414451438991212,0.0499276732316273,0.06209607353401964,,0.045857868233542445,0.9949494949494949,0.0,1.0,0.04568868953518889,0.0,0.0007358028732350058
moderate,50,1,both,1.0,0.3,9900,0.0031777035588293387,True,0.5230769230769231,,,classical,cohit-true,9702,0.0,0.0,0.03408535177904216,0.034676081838108,0.044952886662953884,1.0,0.045857868233542445,,,,0.04568868953518889,,
moderate,50,1,both,1.0,0.3,9900,0.0031777035588293387,True,0.5230769230769231,,,classical,TRUE-coupled,198,0.9949494949494949,1.0,0.049927673231627306,0.062096073534019545,0.06209607353401964,,0.045857868233542445,,,,0.04568868953518889,,
moderate,50,1,both,1.0,0.3,9900,0.0031777035588293387,True,0.5230769230769231,0.5155934584339722,,1bqf_emu,ALL,9900,1.0,1.0,0.006955157123027134,0.007496205921633853,0.007496348879925641,,0.006894326747431149,1.0,0.98,0.02,0.006894327746413248,0.98,-0.0006020211325123929
moderate,50,1,both,1.0,0.3,9900,0.0031777035588293387,True,0.5230769230769231,0.5155934584339722,,1bqf_emu,cohit-true,9702,1.0,1.0,0.006955157123027406,0.007496205921634017,0.007496348879925641,0.2500775639303778,0.006894326747431149,,,,0.006894327746413248,,
moderate,50,1,both,1.0,0.3,9900,0.0031777035588293387,True,0.5230769230769231,0.5155934584339722,,1bqf_emu,TRUE-coupled,198,1.0,1.0,0.006931872254703892,0.007449408329640534,0.007449408329644401,,0.006894326747431149,,,,0.006894327746413248,,
moderate,50,2,base,0.0,0.0,9800,0.0031777035588293387,True,0.35,,,classical,ALL,9800,0.02,0.02,0.24999999999999992,0.3636363636363641,0.4545454545454551,,0.33333333233333334,1.0,0.0,1.0,0.3333333333323334,0.0,0.08333333333333345
moderate,50,2,base,0.0,0.0,9800,0.0031777035588293387,True,0.35,,,classical,cohit-true,9604,0.0,0.0,0.24999999999999992,0.24999999999999992,0.24999999999999992,1.0,0.33333333233333334,,,,0.3333333333323334,,
moderate,50,2,base,0.0,0.0,9800,0.0031777035588293387,True,0.35,,,classical,TRUE-coupled,196,1.0,1.0,0.3636363636363641,0.4545454545454551,0.4545454545454551,,0.33333333233333334,,,,0.3333333333323334,,
moderate,50,2,base,0.0,0.0,9800,0.0031777035588293387,True,0.35,0.003981424509093234,,1bqf_emu,ALL,9800,0.02,0.02,4.783776559169349e-19,0.0030500140997596114,0.005638985101417881,,0.0029897133153522644,1.0,0.0,1.0,0.0029897143143522644,0.0,0.002989714315352264
moderate,50,2,base,0.0,0.0,9800,0.0031777035588293387,True,0.35,0.003981424509093234,,1bqf_emu,cohit-true,9604,0.0,0.0,4.783776559169349e-19,4.783776559169349e-19,4.783776559169349e-19,1.0,0.0029897133153522644,,,,0.0029897143143522644,,
moderate,50,2,base,0.0,0.0,9800,0.0031777035588293387,True,0.35,0.003981424509093234,,1bqf_emu,TRUE-coupled,196,1.0,1.0,0.0030500140997596114,0.005638985101417881,0.005638985101417881,,0.0029897133153522644,,,,0.0029897143143522644,,
moderate,50,2,fork,1.0,0.0,9800,0.0031777035588293387,True,0.35,,,classical,ALL,9800,0.02,0.02,0.24999999999999992,0.3636363636363641,0.4545454545454551,,0.33333333233333334,1.0,0.0,1.0,0.3333333333323334,0.0,0.08333333333333345
moderate,50,2,fork,1.0,0.0,9800,0.0031777035588293387,True,0.35,,,classical,cohit-true,9604,0.0,0.0,0.24999999999999992,0.24999999999999992,0.24999999999999992,1.0,0.33333333233333334,,,,0.3333333333323334,,
moderate,50,2,fork,1.0,0.0,9800,0.0031777035588293387,True,0.35,,,classical,TRUE-coupled,196,1.0,1.0,0.3636363636363641,0.4545454545454551,0.4545454545454551,,0.33333333233333334,,,,0.3333333333323334,,
moderate,50,2,fork,1.0,0.0,9800,0.0031777035588293387,True,0.35,0.003981424509093234,,1bqf_emu,ALL,9800,0.02,0.02,4.783776559169349e-19,0.0030500140997596114,0.005638985101417881,,0.0029897133153522644,1.0,0.0,1.0,0.0029897143143522644,0.0,0.002989714315352264
moderate,50,2,fork,1.0,0.0,9800,0.0031777035588293387,True,0.35,0.003981424509093234,,1bqf_emu,cohit-true,9604,0.0,0.0,4.783776559169349e-19,4.783776559169349e-19,4.783776559169349e-19,1.0,0.0029897133153522644,,,,0.0029897143143522644,,
moderate,50,2,fork,1.0,0.0,9800,0.0031777035588293387,True,0.35,0.003981424509093234,,1bqf_emu,TRUE-coupled,196,1.0,1.0,0.0030500140997596114,0.005638985101417881,0.005638985101417881,,0.0029897133153522644,,,,0.0029897143143522644,,
moderate,50,2,occ,0.0,0.3,9800,0.0031777035588293387,True,0.5230769230769231,,,classical,ALL,9800,0.02,0.02,0.03440202709106736,0.04995105525759632,0.06219611247703865,,0.046112594567822,1.0,0.0,1.0,0.04611259556682175,0.0,0.011158291166533822
moderate,50,2,occ,0.0,0.3,9800,0.0031777035588293387,True,0.5230769230769231,,,classical,cohit-true,9604,0.0,0.0,0.03440202709106736,0.03468135090711013,0.034954304401287925,1.0,0.046112594567822,,,,0.04611259556682175,,
moderate,50,2,occ,0.0,0.3,9800,0.0031777035588293387,True,0.5230769230769231,,,classical,TRUE-coupled,196,1.0,1.0,0.04995105525759633,0.062196112477038636,0.06219611247703865,,0.046112594567822,,,,0.04611259556682175,,
moderate,50,2,occ,0.0,0.3,9800,0.0031777035588293387,True,0.5230769230769231,0.548135615990049,,1bqf_emu,ALL,9800,1.0,1.0,0.007473047400596662,0.0074878771956392145,0.0074894139745271026,,0.007406717714117421,1.0,0.98,0.02,0.007406718713114339,0.98,-8.269526041276322e-05
moderate,50,2,occ,0.0,0.3,9800,0.0031777035588293387,True,0.5230769230769231,0.548135615990049,,1bqf_emu,cohit-true,9604,1.0,1.0,0.007480419610422444,0.007488723375832065,0.0074894139745271026,0.0,0.007406717714117421,,,,0.007406718713114339,,
moderate,50,2,occ,0.0,0.3,9800,0.0031777035588293387,True,0.5230769230769231,0.548135615990049,,1bqf_emu,TRUE-coupled,196,1.0,1.0,0.007422559635272534,0.007450145388372112,0.007450145388373338,,0.007406717714117421,,,,0.007406718713114339,,
moderate,50,2,both,1.0,0.3,9800,0.0031777035588293387,True,0.5230769230769231,,,classical,ALL,9800,0.02,0.02,0.03440202709106736,0.04995105525759632,0.06219611247703865,,0.046112594567822,1.0,0.0,1.0,0.04611259556682175,0.0,0.011158291166533822
moderate,50,2,both,1.0,0.3,9800,0.0031777035588293387,True,0.5230769230769231,,,classical,cohit-true,9604,0.0,0.0,0.03440202709106736,0.03468135090711013,0.034954304401287925,1.0,0.046112594567822,,,,0.04611259556682175,,
moderate,50,2,both,1.0,0.3,9800,0.0031777035588293387,True,0.5230769230769231,,,classical,TRUE-coupled,196,1.0,1.0,0.04995105525759633,0.062196112477038636,0.06219611247703865,,0.046112594567822,,,,0.04611259556682175,,
moderate,50,2,both,1.0,0.3,9800,0.0031777035588293387,True,0.5230769230769231,0.548135615990049,,1bqf_emu,ALL,9800,1.0,1.0,0.007473047400596662,0.0074878771956392145,0.0074894139745271026,,0.007406717714117421,1.0,0.98,0.02,0.007406718713114339,0.98,-8.269526041276322e-05
moderate,50,2,both,1.0,0.3,9800,0.0031777035588293387,True,0.5230769230769231,0.548135615990049,,1bqf_emu,cohit-true,9604,1.0,1.0,0.007480419610422444,0.007488723375832065,0.0074894139745271026,0.0,0.007406717714117421,,,,0.007406718713114339,,
moderate,50,2,both,1.0,0.3,9800,0.0031777035588293387,True,0.5230769230769231,0.548135615990049,,1bqf_emu,TRUE-coupled,196,1.0,1.0,0.007422559635272534,0.007450145388372112,0.007450145388373338,,0.007406717714117421,,,,0.007406718713114339,,
moderate,100,0,base,0.0,0.0,39800,0.0031777035588293387,True,0.35,,,classical,ALL,39800,0.009949748743718593,0.011105527638190955,0.25000000000000006,0.33333333333333337,0.45454545454545464,,0.3636363626363637,0.9949748743718593,0.0,1.0,0.3333333333323334,0.09954751131221719,0.0
moderate,100,0,base,0.0,0.0,39800,0.0031777035588293387,True,0.35,,,classical,cohit-true,39402,0.0,0.0011166945840312675,0.25000000000000006,0.25000000000000006,0.33333333333333337,0.9999944522368198,0.3636363626363637,,,,0.3333333333323334,,
moderate,100,0,base,0.0,0.0,39800,0.0031777035588293387,True,0.35,,,classical,TRUE-coupled,398,0.9949748743718593,1.0,0.3636363636363637,0.45454545454545464,0.45454545454545464,,0.3636363626363637,,,,0.3333333333323334,,
moderate,100,0,base,0.0,0.0,39800,0.0031777035588293387,True,0.35,0.0021372780840512467,,1bqf_emu,ALL,39800,0.009949748743718593,0.011105527638190955,2.391888279584674e-19,0.0014948571576761322,0.002819492550708941,,0.001525006049879806,0.9949748743718593,0.0,1.0,0.0014948571566761322,0.09954751131221719,0.0
moderate,100,0,base,0.0,0.0,39800,0.0031777035588293387,True,0.35,0.0021372780840512467,,1bqf_emu,cohit-true,39402,0.0,0.0011166945840312675,2.391888279584674e-19,2.391888279584674e-19,0.0014948571576761322,0.9999944522368198,0.001525006049879806,,,,0.0014948571566761322,,
moderate,100,0,base,0.0,0.0,39800,0.0031777035588293387,True,0.35,0.0021372780840512467,,1bqf_emu,TRUE-coupled,398,0.9949748743718593,1.0,0.001525007049879806,0.002819492550708941,0.002819492550708941,,0.001525006049879806,,,,0.0014948571566761322,,
moderate,100,0,fork,1.0,0.0,39800,0.0031777035588293387,True,0.35,,,classical,ALL,39800,0.009949748743718593,0.011105527638190955,0.25000000000000006,0.33333333333333337,0.45454545454545464,,0.3636363626363637,0.9949748743718593,0.0,1.0,0.3333333333323334,0.09954751131221719,0.0
moderate,100,0,fork,1.0,0.0,39800,0.0031777035588293387,True,0.35,,,classical,cohit-true,39402,0.0,0.0011166945840312675,0.25000000000000006,0.25000000000000006,0.33333333333333337,0.9999944522368198,0.3636363626363637,,,,0.3333333333323334,,
moderate,100,0,fork,1.0,0.0,39800,0.0031777035588293387,True,0.35,,,classical,TRUE-coupled,398,0.9949748743718593,1.0,0.3636363636363637,0.45454545454545464,0.45454545454545464,,0.3636363626363637,,,,0.3333333333323334,,
moderate,100,0,fork,1.0,0.0,39800,0.0031777035588293387,True,0.35,0.0021372780840512467,,1bqf_emu,ALL,39800,0.009949748743718593,0.011105527638190955,2.391888279584674e-19,0.0014948571576761322,0.002819492550708941,,0.001525006049879806,0.9949748743718593,0.0,1.0,0.0014948571566761322,0.09954751131221719,0.0
moderate,100,0,fork,1.0,0.0,39800,0.0031777035588293387,True,0.35,0.0021372780840512467,,1bqf_emu,cohit-true,39402,0.0,0.0011166945840312675,2.391888279584674e-19,2.391888279584674e-19,0.0014948571576761322,0.9999944522368198,0.001525006049879806,,,,0.0014948571566761322,,
moderate,100,0,fork,1.0,0.0,39800,0.0031777035588293387,True,0.35,0.0021372780840512467,,1bqf_emu,TRUE-coupled,398,0.9949748743718593,1.0,0.001525007049879806,0.002819492550708941,0.002819492550708941,,0.001525006049879806,,,,0.0014948571566761322,,
moderate,100,0,occ,0.0,0.3,39800,0.0031777035588293387,True,0.5230769230769231,,,classical,ALL,39800,0.00992462311557789,0.010025125628140704,0.017665783101991506,0.02360840756516519,0.03216316540936846,,0.02560436048322372,0.992462311557789,0.0,1.0,0.023608385312323902,0.002506265664160401,-2.2251841285056417e-06
moderate,100,0,occ,0.0,0.3,39800,0.0031777035588293387,True,0.5230769230769231,,,classical,cohit-true,39402,0.0,2.5379422364346987e-05,0.017665761452122092,0.01775754183775952,0.023610610497452406,0.9999999362326071,0.02560436048322372,,,,0.023608385312323902,,
moderate,100,0,occ,0.0,0.3,39800,0.0031777035588293387,True,0.5230769230769231,,,classical,TRUE-coupled,398,0.992462311557789,1.0,0.025797867970496012,0.03216316540936839,0.03216316540936846,,0.02560436048322372,,,,0.023608385312323902,,
moderate,100,0,occ,0.0,0.3,39800,0.0031777035588293387,True,0.5230769230769231,0.5371349568196794,,1bqf_emu,ALL,39800,0.9999246231155778,1.0,0.0037617660612394533,0.0037900356662472256,0.0037901607722118542,,0.003512525461169569,0.992462311557789,0.9900746287408598,0.009925371259140137,0.0035124129688974813,0.99,-0.000277747802314373
moderate,100,0,occ,0.0,0.3,39800,0.0031777035588293387,True,0.5230769230769231,0.5371349568196794,,1bqf_emu,cohit-true,39402,1.0,1.0,0.0037852155232105085,0.0037900357053362948,0.0037901607722118542,0.25027235053497016,0.003512525461169569,,,,0.0035124129688974813,,
moderate,100,0,occ,0.0,0.3,39800,0.0031777035588293387,True,0.5230769230769231,0.5371349568196794,,1bqf_emu,TRUE-coupled,398,0.992462311557789,1.0,0.003750894755364594,0.003775062861954647,0.003775083420411401,,0.003512525461169569,,,,0.0035124129688974813,,
moderate,100,0,both,1.0,0.3,39800,0.0031777035588293387,True,0.5230769230769231,,,classical,ALL,39800,0.00992462311557789,0.010025125628140704,0.017665783101991506,0.02360840756516519,0.03216316540936846,,0.02560436048322372,0.992462311557789,0.0,1.0,0.023608385312323902,0.002506265664160401,-2.2251841285056417e-06
moderate,100,0,both,1.0,0.3,39800,0.0031777035588293387,True,0.5230769230769231,,,classical,cohit-true,39402,0.0,2.5379422364346987e-05,0.017665761452122092,0.01775754183775952,0.023610610497452406,0.9999999362326071,0.02560436048322372,,,,0.023608385312323902,,
moderate,100,0,both,1.0,0.3,39800,0.0031777035588293387,True,0.5230769230769231,,,classical,TRUE-coupled,398,0.992462311557789,1.0,0.025797867970496012,0.03216316540936839,0.03216316540936846,,0.02560436048322372,,,,0.023608385312323902,,
moderate,100,0,both,1.0,0.3,39800,0.0031777035588293387,True,0.5230769230769231,0.5371349568196794,,1bqf_emu,ALL,39800,0.9999246231155778,1.0,0.0037617660612394533,0.0037900356662472256,0.0037901607722118542,,0.003512525461169569,0.992462311557789,0.9900746287408598,0.009925371259140137,0.0035124129688974813,0.99,-0.000277747802314373
moderate,100,0,both,1.0,0.3,39800,0.0031777035588293387,True,0.5230769230769231,0.5371349568196794,,1bqf_emu,cohit-true,39402,1.0,1.0,0.0037852155232105085,0.0037900357053362948,0.0037901607722118542,0.25027235053497016,0.003512525461169569,,,,0.0035124129688974813,,
moderate,100,0,both,1.0,0.3,39800,0.0031777035588293387,True,0.5230769230769231,0.5371349568196794,,1bqf_emu,TRUE-coupled,398,0.992462311557789,1.0,0.003750894755364594,0.003775062861954647,0.003775083420411401,,0.003512525461169569,,,,0.0035124129688974813,,
moderate,100,1,base,0.0,0.0,39800,0.0031777035588293387,True,0.35,,,classical,ALL,39800,0.010050251256281407,0.010050251256281407,0.24999999989193153,0.35713954718923996,0.5670115395538149,,0.35713954618923993,1.0,0.005,0.995,0.35713954718824,0.005,-0.034610239547597954
moderate,100,1,base,0.0,0.0,39800,0.0031777035588293387,True,0.35,,,classical,C-true,2,1.0,1.0,0.3917497867368379,0.3917497867368379,0.3917497867368379,0.49748743718592964,0.35713954618923993,,,,0.35713954718824,,
moderate,100,1,base,0.0,0.0,39800,0.0031777035588293387,True,0.35,,,classical,cohit-true,39400,0.0,0.0,0.24999999989193153,0.24999999989193153,0.33333359236898524,1.0,0.35713954618923993,,,,0.35713954718824,,
moderate,100,1,base,0.0,0.0,39800,0.0031777035588293387,True,0.35,,,classical,TRUE-coupled,398,1.0,1.0,0.3917497867368379,0.4554452334794434,0.5670115395538149,,0.35713954618923993,,,,0.35713954718824,,
moderate,100,1,base,0.0,0.0,39800,0.0031777035588293387,True,0.35,0.0021463182993766844,,1bqf_emu,ALL,39800,0.01,0.011005025125628141,2.391888279584674e-19,0.0014951586565982303,0.0037614440799735452,,0.001525006049879806,0.9949748743718593,0.005025125628140704,0.9949748743718593,0.0014143454114517238,0.091324200913242,-0.00038630484335973195
moderate,100,1,base,0.0,0.0,39800,0.0031777035588293387,True,0.35,0.0021463182993766844,,1bqf_emu,C-true,2,1.0,1.0,0.0018006502558114558,0.0018006502558114558,0.0018006502558114558,0.49748743718592964,0.001525006049879806,,,,0.0014143454114517238,,
moderate,100,1,base,0.0,0.0,39800,0.0031777035588293387,True,0.35,0.0021463182993766844,,1bqf_emu,cohit-true,39400,0.0,0.0009644670050761421,2.391888279584674e-19,2.391888279584674e-19,0.0014948571576761322,0.9999951534321353,0.001525006049879806,,,,0.0014143454114517238,,
moderate,100,1,base,0.0,0.0,39800,0.0031777035588293387,True,0.35,0.0021463182993766844,,1bqf_emu,TRUE-coupled,398,0.9949748743718593,1.0,0.0018006502558114558,0.002824532335435316,0.0037614440799735452,,0.001525006049879806,,,,0.0014143454114517238,,
moderate,100,1,fork,1.0,0.0,39800,0.0031777035588293387,True,0.35,,,classical,ALL,39800,0.009949748743718593,0.011005025125628141,0.24999999993533834,0.33333352595357696,0.5199937025244796,,0.35713917932826456,0.9949748743718593,0.0,1.0,0.3039977425510484,0.091324200913242,-0.029335783401528592
moderate,100,1,fork,1.0,0.0,39800,0.0031777035588293387,True,0.35,,,classical,C-true,2,0.0,1.0,0.30399774255204837,0.30399774255204837,0.30399774255204837,0.9949748743718593,0.35713917932826456,,,,0.3039977425510484,,
moderate,100,1,fork,1.0,0.0,39800,0.0031777035588293387,True,0.35,,,classical,cohit-true,39400,0.0,0.0009644670050761421,0.24999999993533834,0.24999999993533834,0.33333352595357696,0.9999951534321353,0.35713917932826456,,,,0.3039977425510484,,
moderate,100,1,fork,1.0,0.0,39800,0.0031777035588293387,True,0.35,,,classical,TRUE-coupled,398,0.9949748743718593,1.0,0.36799576050754973,0.4550690750983686,0.5199937025244796,,0.35713917932826456,,,,0.3039977425510484,,
moderate,100,1,fork,1.0,0.0,39800,0.0031777035588293387,True,0.35,0.0033194370641809363,,1bqf_emu,ALL,39800,0.01,0.024271356783919597,2.391888279584674e-19,0.001494893672668123,0.0033865585262527467,,0.0014985076568744694,0.9949748743718593,0.005025125628140704,0.9949748743718593,0.0014537451329607858,0.587991718426501,-4.4763522913683455e-05
moderate,100,1,fork,1.0,0.0,39800,0.0031777035588293387,True,0.35,0.0033194370641809363,,1bqf_emu,C-true,2,1.0,1.0,0.0014985086568744693,0.0014985086568744693,0.0014985086568744693,0.9899497487437185,0.0014985076568744694,,,,0.0014537451329607858,,
moderate,100,1,fork,1.0,0.0,39800,0.0031777035588293387,True,0.35,0.0033194370641809363,,1bqf_emu,cohit-true,39400,0.0,0.014365482233502537,2.391888279584674e-19,0.0014948571576761315,0.0014948571576761322,0.9999278116470678,0.0014985076568744694,,,,0.0014537451329607858,,
moderate,100,1,fork,1.0,0.0,39800,0.0031777035588293387,True,0.35,0.0033194370641809363,,1bqf_emu,TRUE-coupled,398,0.9949748743718593,1.0,0.0016463619845546794,0.0028303007321443664,0.0033865585262527467,,0.0014985076568744694,,,,0.0014537451329607858,,
moderate,100,1,occ,0.0,0.3,39800,0.0031777035588293387,True,0.5230769230769231,,,classical,ALL,39800,0.009974874371859297,0.010050251256281407,0.01762001065341349,0.025242549492972624,0.039754599062756,,0.025307146373019635,0.992462311557789,0.005037783375314861,0.9949622166246851,0.025238755870727013,0.005,-0.002320773687671123
moderate,100,1,occ,0.0,0.3,39800,0.0031777035588293387,True,0.5230769230769231,,,classical,C-true,2,1.0,1.0,0.027559529559398072,0.027559529559398135,0.027559529559398135,0.5012562814070352,0.025307146373019635,,,,0.025238755870727013,,
moderate,100,1,occ,0.0,0.3,39800,0.0031777035588293387,True,0.5230769230769231,,,classical,cohit-true,39400,0.0,0.0,0.017612051949287624,0.01784570834374219,0.02358433118550891,1.0,0.025307146373019635,,,,0.025238755870727013,,
moderate,100,1,occ,0.0,0.3,39800,0.0031777035588293387,True,0.5230769230769231,,,classical,TRUE-coupled,398,0.992462311557789,1.0,0.027559529559398256,0.03214734307473366,0.039754599062756,,0.025307146373019635,,,,0.025238755870727013,,
moderate,100,1,occ,0.0,0.3,39800,0.0031777035588293387,True,0.5230769230769231,0.5311923048861117,,1bqf_emu,ALL,39800,0.9996231155778894,0.9996733668341709,0.0037829900224916942,0.003789989664248345,0.0037900273248663067,,0.0031898915537677546,0.9949748743718593,0.9900464999371622,0.009953500062837753,0.003189827704795117,0.9899967326011009,-0.0006001996190711898
moderate,100,1,occ,0.0,0.3,39800,0.0031777035588293387,True,0.5230769230769231,0.5311923048861117,,1bqf_emu,C-true,2,1.0,1.0,0.0031931550671299115,0.0031931550671394963,0.003193155067139692,0.7562814070351759,0.0031898915537677546,,,,0.003189827704795117,,
moderate,100,1,occ,0.0,0.3,39800,0.0031777035588293387,True,0.5230769230769231,0.5311923048861117,,1bqf_emu,cohit-true,39400,0.9996700507614213,0.9996700507614213,0.003787314308205403,0.003789989664248722,0.0037900273248663067,0.18581422340127032,0.0031898915537677546,,,,0.003189827704795117,,
moderate,100,1,occ,0.0,0.3,39800,0.0031777035588293387,True,0.5230769230769231,0.5311923048861117,,1bqf_emu,TRUE-coupled,398,0.9949748743718593,1.0,0.003752603126386511,0.0037750155255784025,0.003776838666908375,,0.0031898915537677546,,,,0.003189827704795117,,
moderate,100,1,both,1.0,0.3,39800,0.0031777035588293387,True,0.5230769230769231,,,classical,ALL,39800,0.009974874371859297,0.010050251256281407,0.017653228373681034,0.025316201551028913,0.042644932903339455,,0.025355630251729717,0.992462311557789,0.005037783375314861,0.9949622166246851,0.025297202352797366,0.005,-0.0020989715186460027
moderate,100,1,both,1.0,0.3,39800,0.0031777035588293387,True,0.5230769230769231,,,classical,C-true,2,1.0,1.0,0.027396173872443343,0.027396173872443367,0.027396173872443367,0.5025125628140703,0.025355630251729717,,,,0.025297202352797366,,
moderate,100,1,both,1.0,0.3,39800,0.0031777035588293387,True,0.5230769230769231,,,classical,cohit-true,39400,0.0,0.0,0.017653202408173158,0.01833394426559947,0.02363308921234316,1.0,0.025355630251729717,,,,0.025297202352797366,,
moderate,100,1,both,1.0,0.3,39800,0.0031777035588293387,True,0.5230769230769231,,,classical,TRUE-coupled,398,0.992462311557789,1.0,0.027396173872443672,0.03226682435531918,0.042644932903339455,,0.025355630251729717,,,,0.025297202352797366,,
moderate,100,1,both,1.0,0.3,39800,0.0031777035588293387,True,0.5230769230769231,0.5330116384996704,,1bqf_emu,ALL,39800,0.9995979899497487,0.9996733668341709,0.003786906073705959,0.0037910925585780387,0.0038215647168105683,,0.003209478723210227,0.992462311557789,0.9900713854816007,0.009928614518399357,0.003209430334947284,0.9899967326011009,-0.0006121343808632843
moderate,100,1,both,1.0,0.3,39800,0.0031777035588293387,True,0.5230769230769231,0.5330116384996704,,1bqf_emu,C-true,2,1.0,1.0,0.0032477646896217605,0.003247764689628948,0.0032477646896290945,0.7562814070351759,0.003209478723210227,,,,0.003209430334947284,,
moderate,100,1,both,1.0,0.3,39800,0.0031777035588293387,True,0.5230769230769231,0.5330116384996704,,1bqf_emu,cohit-true,39400,0.9996700507614213,0.9996700507614213,0.0037887427884286144,0.0037910925676016586,0.0038215647168105683,0.1870143866540826,0.003209478723210227,,,,0.003209430334947284,,
moderate,100,1,both,1.0,0.3,39800,0.0031777035588293387,True,0.5230769230769231,0.5330116384996704,,1bqf_emu,TRUE-coupled,398,0.992462311557789,1.0,0.0037559338651150845,0.00377615859982288,0.0037786911999766136,,0.003209478723210227,,,,0.003209430334947284,,
moderate,100,2,base,0.0,0.0,38808,0.0031777035588293387,True,0.35,,,classical,ALL,38808,0.011337868480725623,0.011337868480725623,0.2500000000366324,0.3333332145256788,0.5999968458848237,,0.3333332135256788,1.0,0.11818181818181818,0.8818181818181818,0.33333321452467884,0.11818181818181818,-0.0952416556713288
moderate,100,2,base,0.0,0.0,38808,0.0031777035588293387,True,0.35,,,classical,C-true,5,1.0,1.0,0.3917555703969312,0.39999916384617135,0.39999916384617135,0.5881443298969072,0.3333332135256788,,,,0.33333321452467884,,
moderate,100,2,base,0.0,0.0,38808,0.0031777035588293387,True,0.35,,,classical,fork-true,1,0.0,0.0,0.2500000000366324,0.2500000000366324,0.2500000000366324,1.0,0.3333332135256788,,,,0.33333321452467884,,
moderate,100,2,base,0.0,0.0,38808,0.0031777035588293387,True,0.35,,,classical,cohit-true,38406,0.001223767119720877,0.001223767119720877,0.2500000000366324,0.2500000000366324,0.42857487019700763,0.9999619502107435,0.3333332135256788,,,,0.33333321452467884,,
moderate,100,2,base,0.0,0.0,38808,0.0031777035588293387,True,0.35,,,classical,cohit-false,8,0.0,0.0,0.2500000000366324,0.2500000000366324,0.2500000000366324,1.0,0.3333332135256788,,,,0.33333321452467884,,
moderate,100,2,base,0.0,0.0,38808,0.0031777035588293387,True,0.35,,,classical,TRUE-coupled,388,1.0,1.0,0.3711350401545271,0.4952613076624067,0.5999968458848237,,0.3333332135256788,,,,0.33333321452467884,,
moderate,100,2,base,0.0,0.0,38808,0.0031777035588293387,True,0.35,0.002121931224492657,,1bqf_emu,ALL,38808,0.011286332714904144,0.011337868480725623,2.3918882795846747e-19,0.0014948571576761322,0.0039007934402576078,,0.0014948561576761323,0.9948453608247423,0.1187214611872146,0.8812785388127854,0.0014143454114517238,0.11818181818181818,-0.0012883295501467762
moderate,100,2,base,0.0,0.0,38808,0.0031777035588293387,True,0.35,0.002121931224492657,,1bqf_emu,C-true,5,1.0,1.0,0.0017137281864006912,0.0018006502558114556,0.0018006502558114556,0.493298969072165,0.0014948561576761323,,,,0.0014143454114517238,,
moderate,100,2,base,0.0,0.0,38808,0.0031777035588293387,True,0.35,0.002121931224492657,,1bqf_emu,fork-true,1,0.0,0.0,2.3918882795846747e-19,2.3918882795846747e-19,2.3918882795846747e-19,1.0,0.0014948561576761323,,,,0.0014143454114517238,,
moderate,100,2,base,0.0,0.0,38808,0.0031777035588293387,True,0.35,0.002121931224492657,,1bqf_emu,cohit-true,38406,0.001223767119720877,0.001223767119720877,2.3918882795846747e-19,2.3918882795846747e-19,0.0027026749625985,0.999931886179726,0.0014948561576761323,,,,0.0014143454114517238,,
moderate,100,2,base,0.0,0.0,38808,0.0031777035588293387,True,0.35,0.002121931224492657,,1bqf_emu,cohit-false,8,0.0,0.0,2.3918882795846747e-19,2.3918882795846747e-19,2.3918882795846747e-19,1.0,0.0014948561576761323,,,,0.0014143454114517238,,
moderate,100,2,base,0.0,0.0,38808,0.0031777035588293387,True,0.35,0.002121931224492657,,1bqf_emu,TRUE-coupled,388,0.9948453608247423,1.0,0.001646361984554679,0.0030881000065783423,0.0039007934402576078,,0.0014948561576761323,,,,0.0014143454114517238,,
moderate,100,2,fork,1.0,0.0,38808,0.0031777035588293387,True,0.35,,,classical,ALL,38808,0.011054421768707483,0.9787414965986394,0.249999999822091,0.33333349773491744,0.5209179087820922,,0.3040010326227293,0.9922680412371134,0.10256410256410256,0.8974358974358975,0.23769054433395337,0.9897849037727404,-0.1511987195175993
moderate,100,2,fork,1.0,0.0,38808,0.0031777035588293387,True,0.35,,,classical,C-true,5,0.2,1.0,0.2724929504380282,0.30295210154251145,0.30400103362272934,0.9953608247422681,0.3040010326227293,,,,0.23769054433395337,,
moderate,100,2,fork,1.0,0.0,38808,0.0031777035588293387,True,0.35,,,classical,fork-true,1,0.0,0.0,0.13743980524033717,0.13743980524033717,0.13743980524033717,1.0,0.3040010326227293,,,,0.23769054433395337,,
moderate,100,2,fork,1.0,0.0,38808,0.0031777035588293387,True,0.35,,,classical,cohit-true,38406,0.0011196167265531427,0.9785450190074467,0.249999999822091,0.249999999822091,0.3888892638525527,0.9949150852181065,0.3040010326227293,,,,0.23769054433395337,,
moderate,100,2,fork,1.0,0.0,38808,0.0031777035588293387,True,0.35,,,classical,cohit-false,8,0.0,1.0,0.249999999822091,0.249999999822091,0.249999999822091,0.9948453608247423,0.3040010326227293,,,,0.23769054433395337,,
moderate,100,2,fork,1.0,0.0,38808,0.0031777035588293387,True,0.35,,,classical,TRUE-coupled,388,0.9922680412371134,1.0,0.3636364690921059,0.45454534125837803,0.5209179087820922,,0.3040010326227293,,,,0.23769054433395337,,
moderate,100,2,fork,1.0,0.0,38808,0.0031777035588293387,True,0.35,0.003949550212114456,,1bqf_emu,ALL,38808,0.03233869305297877,0.032519068233353945,2.3918882795846747e-19,0.0014948571576761322,0.0040294620848827555,,0.0014948561576761323,0.9948453608247423,0.6924302788844622,0.3075697211155379,0.0010670514318744373,0.6925515055467512,-0.0016950844311355146
moderate,100,2,fork,1.0,0.0,38808,0.0031777035588293387,True,0.35,0.003949550212114456,,1bqf_emu,C-true,5,0.6,0.8,0.0014985086568744693,0.0019048154626256097,0.0019079696969703456,0.790721649484536,0.0014948561576761323,,,,0.0010670514318744373,,
moderate,100,2,fork,1.0,0.0,38808,0.0031777035588293387,True,0.35,0.003949550212114456,,1bqf_emu,fork-true,1,1.0,1.0,0.0015847358474693563,0.0015847358474693563,0.0015847358474693563,0.5051546391752577,0.0014948561576761323,,,,0.0010670514318744373,,
moderate,100,2,fork,1.0,0.0,38808,0.0031777035588293387,True,0.35,0.003949550212114456,,1bqf_emu,cohit-true,38406,0.02252252252252252,0.022626672915690257,2.3918882795846747e-19,0.0014948571576761313,0.002762135864009952,0.999801429759418,0.0014948561576761323,,,,0.0010670514318744373,,
moderate,100,2,fork,1.0,0.0,38808,0.0031777035588293387,True,0.35,0.003949550212114456,,1bqf_emu,cohit-false,8,0.0,0.0,2.3918882795846747e-19,2.3918882795846747e-19,2.3918882795846747e-19,1.0,0.0014948561576761323,,,,0.0010670514318744373,,
moderate,100,2,fork,1.0,0.0,38808,0.0031777035588293387,True,0.35,0.003949550212114456,,1bqf_emu,TRUE-coupled,388,0.9948453608247423,1.0,0.001646361984554679,0.002831613900258151,0.0040294620848827555,,0.0014948561576761323,,,,0.0010670514318744373,,
moderate,100,2,occ,0.0,0.3,38808,0.0031777035588293387,True,0.5230769230769231,,,classical,ALL,38808,0.010410224695938981,0.010461760461760462,0.01779707156678309,0.024271554649226215,0.0423770847380172,,0.023749407298470315,0.9948453608247423,0.04455445544554455,0.9554455445544554,0.023734868118099245,0.04433497536945813,-0.006407017421230319
moderate,100,2,occ,0.0,0.3,38808,0.0031777035588293387,True,0.5230769230769231,,,classical,C-true,5,1.0,1.0,0.027474807271697686,0.02799740535079031,0.02800570804931655,0.5907216494845361,0.023749407298470315,,,,0.023734868118099245,,
moderate,100,2,occ,0.0,0.3,38808,0.0031777035588293387,True,0.5230769230769231,,,classical,fork-true,1,0.0,0.0,0.01745897505462785,0.01745897505462785,0.01745897505462785,1.0,0.023749407298470315,,,,0.023734868118099245,,
moderate,100,2,occ,0.0,0.3,38808,0.0031777035588293387,True,0.5230769230769231,,,classical,cohit-true,38406,0.0003384887777951362,0.0003384887777951362,0.017780217932671254,0.01827116014670966,0.030141885540329563,0.9999815455166745,0.023749407298470315,,,,0.023734868118099245,,
moderate,100,2,occ,0.0,0.3,38808,0.0031777035588293387,True,0.5230769230769231,,,classical,cohit-false,8,0.0,0.0,0.018349056869865425,0.01834905686986576,0.018349056869865772,1.0,0.023749407298470315,,,,0.023734868118099245,,
moderate,100,2,occ,0.0,0.3,38808,0.0031777035588293387,True,0.5230769230769231,,,classical,TRUE-coupled,388,0.9948453608247423,1.0,0.026822125306656716,0.03524733918268429,0.0423770847380172,,0.023749407298470315,,,,0.023734868118099245,,
moderate,100,2,occ,0.0,0.3,38808,0.0031777035588293387,True,0.5230769230769231,0.3044097872302168,,1bqf_emu,ALL,38808,0.9997938569367141,1.0,0.003547211758768638,0.0035567833744763514,0.003556983449296811,,0.0008954781969042092,0.9922680412371134,0.9900773195876289,0.009922680412371133,0.0008951599861682431,0.9900020614306329,-0.002661823462128568
moderate,100,2,occ,0.0,0.3,38808,0.0031777035588293387,True,0.5230769230769231,0.3044097872302168,,1bqf_emu,C-true,5,1.0,1.0,0.0035436080743365384,0.003550182010125698,0.0035503788388255787,0.05154639175257732,0.0008954781969042092,,,,0.0008951599861682431,,
moderate,100,2,occ,0.0,0.3,38808,0.0031777035588293387,True,0.5230769230769231,0.3044097872302168,,1bqf_emu,fork-true,1,1.0,1.0,0.003547442413370861,0.003547442413370861,0.003547442413370861,0.0,0.0008954781969042092,,,,0.0008951599861682431,,
moderate,100,2,occ,0.0,0.3,38808,0.0031777035588293387,True,0.5230769230769231,0.3044097872302168,,1bqf_emu,cohit-true,38406,0.9998698120085403,1.0,0.0035473022197284407,0.0035567835989562657,0.003556983449296811,0.3101292699647982,0.0008954781969042092,,,,0.0008951599861682431,,
moderate,100,2,occ,0.0,0.3,38808,0.0031777035588293387,True,0.5230769230769231,0.3044097872302168,,1bqf_emu,cohit-false,8,1.0,1.0,0.0009249813531786473,0.0009249813531804945,0.0009249813531806025,0.7577319587628866,0.0008954781969042092,,,,0.0008951599861682431,,
moderate,100,2,occ,0.0,0.3,38808,0.0031777035588293387,True,0.5230769230769231,0.3044097872302168,,1bqf_emu,TRUE-coupled,388,0.9922680412371134,1.0,0.0035125881396966194,0.003539420747304353,0.003545458121341454,,0.0008954781969042092,,,,0.0008951599861682431,,
moderate,100,2,both,1.0,0.3,38808,0.0031777035588293387,True,0.5230769230769231,,,classical,ALL,38808,0.01030715316429602,0.011260564831993404,0.017786589741397726,0.02382630504155573,0.040767606407778455,,0.023741508826650295,0.9922680412371134,0.0375,0.9625,0.02323272145595608,0.11212814645308924,-0.0060031444937430345
moderate,100,2,both,1.0,0.3,38808,0.0031777035588293387,True,0.5230769230769231,,,classical,C-true,5,0.4,0.8,0.023518901254656218,0.025014094231916712,0.025065588195813383,0.9896907216494846,0.023741508826650295,,,,0.02323272145595608,,
moderate,100,2,both,1.0,0.3,38808,0.0031777035588293387,True,0.5230769230769231,,,classical,fork-true,1,0.0,0.0,0.011841238154734283,0.011841238154734283,0.011841238154734283,1.0,0.023741508826650295,,,,0.02323272145595608,,
moderate,100,2,both,1.0,0.3,38808,0.0031777035588293387,True,0.5230769230769231,,,classical,cohit-true,38406,0.0003384887777951362,0.0011716919231370099,0.017786254575881302,0.01826976950395357,0.029235865950699113,0.9999769151190402,0.023741508826650295,,,,0.02323272145595608,,
moderate,100,2,both,1.0,0.3,38808,0.0031777035588293387,True,0.5230769230769231,,,classical,cohit-false,8,0.0,0.0,0.018347621375537165,0.018347621375537495,0.018347621375537505,1.0,0.023741508826650295,,,,0.02323272145595608,,
moderate,100,2,both,1.0,0.3,38808,0.0031777035588293387,True,0.5230769230769231,,,classical,TRUE-coupled,388,0.9922680412371134,1.0,0.026399206843860788,0.03567292122717959,0.040767606407778455,,0.023741508826650295,,,,0.02323272145595608,,
moderate,100,2,both,1.0,0.3,38808,0.0031777035588293387,True,0.5230769230769231,0.30739545334478136,,1bqf_emu,ALL,38808,0.9999226963512677,1.0,0.003556334887032769,0.0036152708511253346,0.00366011928527389,,0.0008955262689966844,0.9922680412371134,0.9900785981187992,0.009921401881200876,0.0008944534918260641,0.9900020614306329,-0.0027656657924478257
moderate,100,2,both,1.0,0.3,38808,0.0031777035588293387,True,0.5230769230769231,0.30739545334478136,,1bqf_emu,C-true,5,1.0,1.0,0.0035951985042269327,0.003637403574660527,0.003637429670035384,0.005670103092783505,0.0008955262689966844,,,,0.0008944534918260641,,
moderate,100,2,both,1.0,0.3,38808,0.0031777035588293387,True,0.5230769230769231,0.30739545334478136,,1bqf_emu,fork-true,1,1.0,1.0,0.0035809170308142456,0.0035809170308142456,0.0035809170308142456,0.010309278350515464,0.0008955262689966844,,,,0.0008944534918260641,,
moderate,100,2,both,1.0,0.3,38808,0.0031777035588293387,True,0.5230769230769231,0.30739545334478136,,1bqf_emu,cohit-true,38406,1.0,1.0,0.003556351172540126,0.0036152756902956044,0.00366011928527389,0.37636543044444837,0.0008955262689966844,,,,0.0008944534918260641,,
moderate,100,2,both,1.0,0.3,38808,0.0031777035588293387,True,0.5230769230769231,0.30739545334478136,,1bqf_emu,cohit-false,8,1.0,1.0,0.0009254909436480034,0.0009254909436505002,0.0009254909436505053,0.7577319587628866,0.0008955262689966844,,,,0.0008944534918260641,,
moderate,100,2,both,1.0,0.3,38808,0.0031777035588293387,True,0.5230769230769231,0.30739545334478136,,1bqf_emu,TRUE-coupled,388,0.9922680412371134,1.0,0.0035281271379962098,0.0035698755679978433,0.003637429670026221,,0.0008955262689966844,,,,0.0008944534918260641,,
moderate,200,0,base,0.0,0.0,157012,0.0031777035588293387,True,0.35,,,classical,ALL,157012,0.007196902147606553,1.0,0.24999999957507535,0.24999999957507535,0.5999920619630309,,0.3333336695549463,0.9974522292993631,0.3070796460176991,0.6929203539823009,0.24999999957407534,0.9950003821363972,-0.17855982337806542
moderate,200,0,base,0.0,0.0,157012,0.0031777035588293387,True,0.35,,,classical,C-true,12,1.0,1.0,0.3968171809331811,0.39998292531188884,0.39998292531188884,0.4996815286624204,0.3333336695549463,,,,0.24999999957407534,,
moderate,200,0,base,0.0,0.0,157012,0.0031777035588293387,True,0.35,,,classical,fork-true,2,0.0,1.0,0.24999999957507535,0.24999999957507535,0.24999999957507535,1.0,0.3333336695549463,,,,0.24999999957407534,,
moderate,200,0,base,0.0,0.0,157012,0.0031777035588293387,True,0.35,,,classical,cohit-true,156201,0.002144672569317738,1.0,0.24999999957507535,0.24999999957507535,0.42855982295314077,0.9982653332059456,0.3333336695549463,,,,0.24999999957407534,,
moderate,200,0,base,0.0,0.0,157012,0.0031777035588293387,True,0.35,,,classical,cohit-false,12,0.0,1.0,0.24999999957507535,0.24999999957507535,0.24999999957507535,1.0,0.3333336695549463,,,,0.24999999957407534,,
moderate,200,0,base,0.0,0.0,157012,0.0031777035588293387,True,0.35,,,classical,TRUE-coupled,785,0.9974522292993631,1.0,0.39365143655447327,0.567032826898759,0.5999920619630309,,0.3333336695549463,,,,0.24999999957407534,,
moderate,200,0,base,0.0,0.0,157012,0.0031777035588293387,True,0.35,0.0012199108982416452,,1bqf_emu,ALL,157012,0.007165057447838382,1.0,1.195944139792337e-19,1.195944139792337e-19,0.001950396720128804,,0.0007474275788380661,0.9923566878980892,0.3075555555555556,0.6924444444444444,-9.99999880405586e-13,0.9950003821363972,-0.00135133748129925
moderate,200,0,base,0.0,0.0,157012,0.0031777035588293387,True,0.35,0.0012199108982416452,,1bqf_emu,C-true,12,0.9166666666666666,1.0,0.0008568640932003456,0.0009003251279057279,0.0009003251279057279,0.5400212314225054,0.0007474275788380661,,,,-9.99999880405586e-13,,
moderate,200,0,base,0.0,0.0,157012,0.0031777035588293387,True,0.35,0.0012199108982416452,,1bqf_emu,fork-true,2,0.0,1.0,1.195944139792337e-19,1.195944139792337e-19,1.195944139792337e-19,1.0,0.0007474275788380661,,,,-9.99999880405586e-13,,
moderate,200,0,base,0.0,0.0,157012,0.0031777035588293387,True,0.35,0.0012199108982416452,,1bqf_emu,cohit-true,156201,0.002144672569317738,1.0,1.195944139792337e-19,1.195944139792337e-19,0.0013513374812992502,0.9982368463106718,0.0007474275788380661,,,,-9.99999880405586e-13,,
moderate,200,0,base,0.0,0.0,157012,0.0031777035588293387,True,0.35,0.0012199108982416452,,1bqf_emu,cohit-false,12,0.0,1.0,1.195944139792337e-19,1.195944139792337e-19,1.195944139792337e-19,1.0,0.0007474275788380661,,,,-9.99999880405586e-13,,
moderate,200,0,base,0.0,0.0,157012,0.0031777035588293387,True,0.35,0.0012199108982416452,,1bqf_emu,TRUE-coupled,785,0.9923566878980892,1.0,0.0008568640932003456,0.0018807220399867726,0.001950396720128804,,0.0007474275788380661,,,,-9.99999880405586e-13,,
moderate,200,0,fork,1.0,0.0,157012,0.0031777035588293387,True,0.35,,,classical,ALL,157012,0.007056785468626601,0.9742440068275037,0.2499999997329624,0.2499999997329624,0.5861853969995796,,0.3103370839536334,0.9910828025477707,0.29783393501805056,0.7021660649819494,0.23857340415561762,0.9948682077297213,-0.18998294948231345
moderate,200,0,fork,1.0,0.0,157012,0.0031777035588293387,True,0.35,,,classical,C-true,12,0.4166666666666667,1.0,0.30473434578211295,0.3960128536433623,0.3965394923234379,0.8281316348195329,0.3103370839536334,,,,0.23857340415561762,,
moderate,200,0,fork,1.0,0.0,157012,0.0031777035588293387,True,0.35,,,classical,fork-true,2,0.0,0.0,0.17050910086554683,0.17050910086554683,0.17050910086554683,1.0,0.3103370839536334,,,,0.23857340415561762,,
moderate,200,0,fork,1.0,0.0,157012,0.0031777035588293387,True,0.35,,,classical,cohit-true,156201,0.002080652492621686,0.9741230849994559,0.2499999997329624,0.2499999997329624,0.4285563536389311,0.9966440920458643,0.3103370839536334,,,,0.23857340415561762,,
moderate,200,0,fork,1.0,0.0,157012,0.0031777035588293387,True,0.35,,,classical,cohit-false,12,0.0,1.0,0.2499999997329624,0.2499999997329624,0.2499999997329624,0.9955414012738854,0.3103370839536334,,,,0.23857340415561762,,
moderate,200,0,fork,1.0,0.0,157012,0.0031777035588293387,True,0.35,,,classical,TRUE-coupled,785,0.9910828025477707,1.0,0.3711351697289757,0.5200088072621629,0.5861853969995796,,0.3103370839536334,,,,0.23857340415561762,,
moderate,200,0,fork,1.0,0.0,157012,0.0031777035588293387,True,0.35,0.0034909023292527576,,1bqf_emu,ALL,157012,0.03275545818154026,1.0,1.195944139792337e-19,0.0007474285788380658,0.0020476291032575774,,0.0007469455569165288,0.9910828025477707,0.8487264242659927,0.15127357573400738,-9.99999880405586e-13,0.9950003821363972,-0.0013810679320049755
moderate,200,0,fork,1.0,0.0,157012,0.0031777035588293387,True,0.35,0.0034909023292527576,,1bqf_emu,C-true,12,0.6666666666666666,1.0,0.0007492543284372346,0.0009503999496085446,0.0009503999496085446,0.7837579617834395,0.0007469455569165288,,,,-9.99999880405586e-13,,
moderate,200,0,fork,1.0,0.0,157012,0.0031777035588293387,True,0.35,0.0034909023292527576,,1bqf_emu,fork-true,2,0.0,1.0,0.0005521159559073401,0.0005521159559073401,0.0005521159559073401,0.9974522292993631,0.0007469455569165288,,,,-9.99999880405586e-13,,
moderate,200,0,fork,1.0,0.0,157012,0.0031777035588293387,True,0.35,0.0034909023292527576,,1bqf_emu,cohit-true,156201,0.027893547416469804,1.0,1.195944139792337e-19,0.0007474285788380658,0.0013810679320049757,0.9979712975568756,0.0007469455569165288,,,,-9.99999880405586e-13,,
moderate,200,0,fork,1.0,0.0,157012,0.0031777035588293387,True,0.35,0.0034909023292527576,,1bqf_emu,cohit-false,12,0.0,1.0,1.195944139792337e-19,1.195944139792337e-19,1.195944139792337e-19,0.9980891719745223,0.0007469455569165288,,,,-9.99999880405586e-13,,
moderate,200,0,fork,1.0,0.0,157012,0.0031777035588293387,True,0.35,0.0034909023292527576,,1bqf_emu,TRUE-coupled,785,0.9910828025477707,1.0,0.0008797717675980636,0.0016932792631263733,0.0020476291032575774,,0.0007469455569165288,,,,-9.99999880405586e-13,,
moderate,200,0,occ,0.0,0.3,157012,0.0031777035588293387,True,0.5230769230769231,,,classical,ALL,157012,0.005095151962907294,0.007368863526354673,0.009065835612123221,0.009113927105696615,0.021586869605928927,,0.012112979773840188,0.9910828025477707,0.0275,0.9725,0.009119242983557726,0.32152117545375974,-0.006315232872139077
moderate,200,0,occ,0.0,0.3,157012,0.0031777035588293387,True,0.5230769230769231,,,classical,C-true,12,1.0,1.0,0.01426511587601656,0.014425229081014953,0.014425933665716388,0.525583864118896,0.012112979773840188,,,,0.009119242983557726,,
moderate,200,0,occ,0.0,0.3,157012,0.0031777035588293387,True,0.5230769230769231,,,classical,fork-true,2,0.0,0.0,0.009064521007017896,0.009088282431263613,0.009088767358289037,1.0,0.012112979773840188,,,,0.009119242983557726,,
moderate,200,0,occ,0.0,0.3,157012,0.0031777035588293387,True,0.5230769230769231,,,classical,cohit-true,156201,6.402007669605188e-05,0.002247104692031421,0.009065800916707835,0.009107116508715757,0.015434475856696803,0.9999840479910805,0.012112979773840188,,,,0.009119242983557726,,
moderate,200,0,occ,0.0,0.3,157012,0.0031777035588293387,True,0.5230769230769231,,,classical,cohit-false,12,0.0,0.75,0.009125258876474302,0.00913812230420019,0.00913812230420019,0.998832271762208,0.012112979773840188,,,,0.009119242983557726,,
moderate,200,0,occ,0.0,0.3,157012,0.0031777035588293387,True,0.5230769230769231,,,classical,TRUE-coupled,785,0.9910828025477707,1.0,0.014203504045886989,0.02049564023981995,0.021586869605928927,,0.012112979773840188,,,,0.009119242983557726,,
moderate,200,0,occ,0.0,0.3,157012,0.0031777035588293387,True,0.5230769230769231,0.3102694282435504,,1bqf_emu,ALL,157012,0.9995095916235702,1.0,0.0014645755124123683,0.00146784277949863,0.0014714182648620754,,0.0012084083688221343,0.9910828025477707,0.9950425335329913,0.004957466467008634,0.0012066946654385748,0.9950003821363972,-0.00026472359842350055
moderate,200,0,occ,0.0,0.3,157012,0.0031777035588293387,True,0.5230769230769231,0.3102694282435504,,1bqf_emu,C-true,12,1.0,1.0,0.001467465766846286,0.0014714143460000158,0.0014714182648620754,0.22802547770700637,0.0012084083688221343,,,,0.0012066946654385748,,
moderate,200,0,occ,0.0,0.3,157012,0.0031777035588293387,True,0.5230769230769231,0.3102694282435504,,1bqf_emu,fork-true,2,1.0,1.0,0.0014648640932497258,0.001464945985286028,0.001464947656552075,0.7414012738853503,0.0012084083688221343,,,,0.0012066946654385748,,
moderate,200,0,occ,0.0,0.3,157012,0.0031777035588293387,True,0.5230769230769231,0.3102694282435504,,1bqf_emu,cohit-true,156201,0.9995518594631276,1.0,0.0014645320808474385,0.0014678427767811602,0.0014679771426782129,0.6215661455636309,0.0012084083688221343,,,,0.0012066946654385748,,
moderate,200,0,occ,0.0,0.3,157012,0.0031777035588293387,True,0.5230769230769231,0.3102694282435504,,1bqf_emu,cohit-false,12,1.0,1.0,0.0014647760453901572,0.0014679771327496193,0.0014679771327496343,0.6194267515923567,0.0012084083688221343,,,,0.0012066946654385748,,
moderate,200,0,occ,0.0,0.3,157012,0.0031777035588293387,True,0.5230769230769231,0.3102694282435504,,1bqf_emu,TRUE-coupled,785,0.9910828025477707,1.0,0.0014664489005786231,0.001468490358418624,0.0014699364873888832,,0.0012084083688221343,,,,0.0012066946654385748,,
moderate,200,0,both,1.0,0.3,157012,0.0031777035588293387,True,0.5230769230769231,,,classical,ALL,157012,0.00519705500216544,0.06616691717830485,0.009071865988972323,0.00998718500677596,0.02590618905424638,,0.012126740832298285,0.9910828025477707,0.04656862745098039,0.9534313725490197,0.009111164602185773,0.92443931080951,-0.009258058604284518
moderate,200,0,both,1.0,0.3,157012,0.0031777035588293387,True,0.5230769230769231,,,classical,C-true,12,0.8333333333333334,1.0,0.013634069599302873,0.018068042713534006,0.01836922320747029,0.7012738853503184,0.012126740832298285,,,,0.009111164602185773,,
moderate,200,0,both,1.0,0.3,157012,0.0031777035588293387,True,0.5230769230769231,,,classical,fork-true,2,0.0,0.0,0.007907488096078344,0.007915210201882048,0.007915367795878042,1.0,0.012126740832298285,,,,0.009111164602185773,,
moderate,200,0,both,1.0,0.3,157012,0.0031777035588293387,True,0.5230769230769231,,,classical,cohit-true,156201,0.00017925621474894528,0.061331233474817705,0.009070983113225623,0.009342042943545742,0.015485303758854355,0.9998668137742008,0.012126740832298285,,,,0.009111164602185773,,
moderate,200,0,both,1.0,0.3,157012,0.0031777035588293387,True,0.5230769230769231,,,classical,cohit-false,12,0.0,1.0,0.009125844489633914,0.009151338277468835,0.009151779336281828,0.9984076433121019,0.012126740832298285,,,,0.009111164602185773,,
moderate,200,0,both,1.0,0.3,157012,0.0031777035588293387,True,0.5230769230769231,,,classical,TRUE-coupled,785,0.9910828025477707,1.0,0.014287317443303813,0.02011700787851843,0.02590618905424638,,0.012126740832298285,,,,0.009111164602185773,,
moderate,200,0,both,1.0,0.3,157012,0.0031777035588293387,True,0.5230769230769231,0.3055610044997641,,1bqf_emu,ALL,157012,0.9995414363233384,1.0,0.0014499106025314488,0.0014618394869959186,0.0014684942927145341,,0.0012011252815837304,0.9910828025477707,0.9950426914744488,0.004957308525551166,0.0011993675325865684,0.9950003821363972,-0.00026828996525481304
moderate,200,0,both,1.0,0.3,157012,0.0031777035588293387,True,0.5230769230769231,0.3055610044997641,,1bqf_emu,C-true,12,1.0,1.0,0.001450458630614895,0.0014643151821435944,0.0014650400624880615,0.4432059447983015,0.0012011252815837304,,,,0.0011993675325865684,,
moderate,200,0,both,1.0,0.3,157012,0.0031777035588293387,True,0.5230769230769231,0.3055610044997641,,1bqf_emu,fork-true,2,1.0,1.0,0.0014477853505823679,0.001447883707504473,0.0014478857147885976,0.5095541401273885,0.0012011252815837304,,,,0.0011993675325865684,,
moderate,200,0,both,1.0,0.3,157012,0.0031777035588293387,True,0.5230769230769231,0.3055610044997641,,1bqf_emu,cohit-true,156201,0.9995838695014757,1.0,0.0014499105900534067,0.0014617586845528739,0.0014676574988413814,0.5567382252093365,0.0012011252815837304,,,,0.0011993675325865684,,
moderate,200,0,both,1.0,0.3,157012,0.0031777035588293387,True,0.5230769230769231,0.3055610044997641,,1bqf_emu,cohit-false,12,1.0,1.0,0.0014575240733112763,0.0014617915341035902,0.0014617937567009255,0.5187898089171975,0.0012011252815837304,,,,0.0011993675325865684,,
moderate,200,0,both,1.0,0.3,157012,0.0031777035588293387,True,0.5230769230769231,0.3055610044997641,,1bqf_emu,TRUE-coupled,785,0.9910828025477707,1.0,0.0014527021362323023,0.0014638345067889131,0.0014684942927145341,,0.0012011252815837304,,,,0.0011993675325865684,,
heavy,50,0,base,0.0,0.0,9950,0.006312668537322595,True,0.35,,,classical,ALL,9950,0.020402010050251256,0.020402010050251256,0.25000000000899486,0.39175279404844515,0.5670104511487332,,0.35714267048303294,1.0,0.019704433497536946,0.9802955665024631,0.357142671482033,0.019704433497536946,-0.03461012256541218
heavy,50,0,base,0.0,0.0,9950,0.006312668537322595,True,0.35,,,classical,C-true,4,1.0,1.0,0.39175279404844515,0.39175279404844515,0.39175279404844515,0.507537688442211,0.35714267048303294,,,,0.357142671482033,,
heavy,50,0,base,0.0,0.0,9950,0.006312668537322595,True,0.35,,,classical,cohit-true,9747,0.0,0.0,0.25000000000899486,0.25000000000899486,0.33333336160786753,1.0,0.35714267048303294,,,,0.357142671482033,,
heavy,50,0,base,0.0,0.0,9950,0.006312668537322595,True,0.35,,,classical,TRUE-coupled,199,1.0,1.0,0.39175279404844515,0.5670104511487332,0.5670104511487332,,0.35714267048303294,,,,0.357142671482033,,
heavy,50,0,base,0.0,0.0,9950,0.006312668537322595,True,0.35,0.004451550372703596,,1bqf_emu,ALL,9950,0.022613065326633167,0.022613065326633167,4.783776559169348e-19,0.0036013005116229116,0.0075228881599470904,,0.0028286898249034477,1.0,0.11555555555555555,0.8844444444444445,0.0028286908239034477,0.11555555555555555,-0.0007726096867194639
heavy,50,0,base,0.0,0.0,9950,0.006312668537322595,True,0.35,0.004451550372703596,,1bqf_emu,C-true,4,1.0,1.0,0.0036013005116229116,0.0036013005116229116,0.0036013005116229116,0.507537688442211,0.0028286898249034477,,,,0.0028286908239034477,,
heavy,50,0,base,0.0,0.0,9950,0.006312668537322595,True,0.35,0.004451550372703596,,1bqf_emu,cohit-true,9747,0.0022571047501795424,0.0022571047501795424,4.783776559169348e-19,4.783776559169348e-19,0.0029897143153522644,0.9999546310602979,0.0028286898249034477,,,,0.0028286908239034477,,
heavy,50,0,base,0.0,0.0,9950,0.006312668537322595,True,0.35,0.004451550372703596,,1bqf_emu,TRUE-coupled,199,1.0,1.0,0.0036013005116229116,0.0075228881599470904,0.0075228881599470904,,0.0028286898249034477,,,,0.0028286908239034477,,
heavy,50,0,fork,1.0,0.0,9950,0.006312668537322595,True,0.35,,,classical,ALL,9950,0.020402010050251256,0.020402010050251256,0.2499999999966006,0.391752650775758,0.5670105749468548,,0.3571424964084334,1.0,0.019704433497536946,0.9802955665024631,0.3571424974074334,0.019704433497536946,-0.03461015336732459
heavy,50,0,fork,1.0,0.0,9950,0.006312668537322595,True,0.35,,,classical,C-true,4,1.0,1.0,0.391752650775758,0.391752650775758,0.391752650775758,0.507537688442211,0.3571424964084334,,,,0.3571424974074334,,
heavy,50,0,fork,1.0,0.0,9950,0.006312668537322595,True,0.35,,,classical,cohit-true,9747,0.0,0.0,0.2499999999966006,0.2499999999966006,0.3333333699391013,1.0,0.3571424964084334,,,,0.3571424974074334,,
heavy,50,0,fork,1.0,0.0,9950,0.006312668537322595,True,0.35,,,classical,TRUE-coupled,199,1.0,1.0,0.391752650775758,0.5670105749468548,0.5670105749468548,,0.3571424964084334,,,,0.3571424974074334,,
heavy,50,0,fork,1.0,0.0,9950,0.006312668537322595,True,0.35,0.00466607177320173,,1bqf_emu,ALL,9950,0.025025125628140705,0.025025125628140705,4.783776559169348e-19,0.0036013005116229116,0.0075228881599470904,,0.0028286898249034477,1.0,0.20080321285140562,0.7991967871485943,0.0028286908239034477,0.20080321285140562,-0.0007726096867194639
heavy,50,0,fork,1.0,0.0,9950,0.006312668537322595,True,0.35,0.00466607177320173,,1bqf_emu,C-true,4,1.0,1.0,0.0036013005116229116,0.0036013005116229116,0.0036013005116229116,0.507537688442211,0.0028286898249034477,,,,0.0028286908239034477,,
heavy,50,0,fork,1.0,0.0,9950,0.006312668537322595,True,0.35,0.00466607177320173,,1bqf_emu,cohit-true,9747,0.004719400841284498,0.004719400841284498,4.783776559169348e-19,4.783776559169348e-19,0.0029897143153522644,0.999905137671532,0.0028286898249034477,,,,0.0028286908239034477,,
heavy,50,0,fork,1.0,0.0,9950,0.006312668537322595,True,0.35,0.00466607177320173,,1bqf_emu,TRUE-coupled,199,1.0,1.0,0.0036013005116229116,0.0075228881599470904,0.0075228881599470904,,0.0028286898249034477,,,,0.0028286908239034477,,
heavy,50,0,occ,0.0,0.3,9950,0.006312668537322595,True,0.5230769230769231,,,classical,ALL,9950,0.020301507537688442,0.020402010050251256,0.033905162029573076,0.053001390076917655,0.07615780765595846,,0.04875837119068224,0.9949748743718593,0.019801980198019802,0.9801980198019802,0.04872313965888507,0.019704433497536946,-0.0040292538020346505
heavy,50,0,occ,0.0,0.3,9950,0.006312668537322595,True,0.5230769230769231,,,classical,C-true,4,1.0,1.0,0.05266055507344758,0.05274963831026556,0.05275239346191972,0.5125628140703518,0.04875837119068224,,,,0.04872313965888507,,
heavy,50,0,occ,0.0,0.3,9950,0.006312668537322595,True,0.5230769230769231,,,classical,cohit-true,9747,0.0,0.0,0.0338985265617135,0.03445684626874431,0.04526048043166322,1.0,0.04875837119068224,,,,0.04872313965888507,,
heavy,50,0,occ,0.0,0.3,9950,0.006312668537322595,True,0.5230769230769231,,,classical,TRUE-coupled,199,0.9949748743718593,1.0,0.053023620154527745,0.07604091054225226,0.07615780765595846,,0.04875837119068224,,,,0.04872313965888507,,
heavy,50,0,occ,0.0,0.3,9950,0.006312668537322595,True,0.5230769230769231,0.49975929169437716,,1bqf_emu,ALL,9950,0.9998994974874372,1.0,0.006957003357650424,0.007484359771131154,0.0075004305383038405,,0.006846511354015212,0.9949748743718593,0.9800985023620464,0.019901497637953562,0.006845381468268457,0.98,-0.0006537532699702831
heavy,50,0,occ,0.0,0.3,9950,0.006312668537322595,True,0.5230769230769231,0.49975929169437716,,1bqf_emu,C-true,4,1.0,1.0,0.007498654083070582,0.0074991203195537105,0.007499134739238741,0.01507537688442211,0.006846511354015212,,,,0.006845381468268457,,
heavy,50,0,occ,0.0,0.3,9950,0.006312668537322595,True,0.5230769230769231,0.49975929169437716,,1bqf_emu,cohit-true,9747,1.0,1.0,0.006957505928698911,0.007484358917395739,0.007484767090099057,0.1967764337229391,0.006846511354015212,,,,0.006845381468268457,,
heavy,50,0,occ,0.0,0.3,9950,0.006312668537322595,True,0.5230769230769231,0.49975929169437716,,1bqf_emu,TRUE-coupled,199,0.9949748743718593,1.0,0.006931990926796842,0.0074986876786757315,0.0075004305383038405,,0.006846511354015212,,,,0.006845381468268457,,
heavy,50,0,both,1.0,0.3,9950,0.006312668537322595,True,0.5230769230769231,,,classical,ALL,9950,0.020301507537688442,0.020402010050251256,0.03390082800610895,0.054174183814530125,0.07682726062846604,,0.048758888085022906,0.9949748743718593,0.019801980198019802,0.9801980198019802,0.048718389427817005,0.019704433497536946,-0.005455794385713107
heavy,50,0,both,1.0,0.3,9950,0.006312668537322595,True,0.5230769230769231,,,classical,C-true,4,1.0,1.0,0.05343344898196633,0.05417418381453011,0.05417418381453011,0.5100502512562815,0.048758888085022906,,,,0.048718389427817005,,
heavy,50,0,both,1.0,0.3,9950,0.006312668537322595,True,0.5230769230769231,,,classical,cohit-true,9747,0.0,0.0,0.03389959814568595,0.03468071563342386,0.045204727172373435,1.0,0.048758888085022906,,,,0.048718389427817005,,
heavy,50,0,both,1.0,0.3,9950,0.006312668537322595,True,0.5230769230769231,,,classical,TRUE-coupled,199,0.9949748743718593,1.0,0.05417418381453014,0.07614132065214155,0.07682726062846604,,0.048758888085022906,,,,0.048718389427817005,,
heavy,50,0,both,1.0,0.3,9950,0.006312668537322595,True,0.5230769230769231,0.4994961188808167,,1bqf_emu,ALL,9950,0.9998994974874372,1.0,0.006957232829034177,0.007477270077449185,0.007594375209028051,,0.006846935483043295,0.9949748743718593,0.9800985023620464,0.019901497637953562,0.006845254166939866,0.98,-0.0007491210410881851
heavy,50,0,both,1.0,0.3,9950,0.006312668537322595,True,0.5230769230769231,0.4994961188808167,,1bqf_emu,C-true,4,1.0,1.0,0.007493188271747801,0.007494448014219546,0.007494448014219689,0.011306532663316583,0.006846935483043295,,,,0.006845254166939866,,
heavy,50,0,both,1.0,0.3,9950,0.006312668537322595,True,0.5230769230769231,0.4994961188808167,,1bqf_emu,cohit-true,9747,1.0,1.0,0.0069576651127740375,0.007477269739297525,0.007594375209028051,0.19782146600448636,0.006846935483043295,,,,0.006845254166939866,,
heavy,50,0,both,1.0,0.3,9950,0.006312668537322595,True,0.5230769230769231,0.4994961188808167,,1bqf_emu,TRUE-coupled,199,0.9949748743718593,1.0,0.006931089340918363,0.007493247737535176,0.007494448014218905,,0.006846935483043295,,,,0.006845254166939866,,
heavy,50,1,base,0.0,0.0,9950,0.006312668537322595,True,0.35,,,classical,ALL,9950,0.02,0.02,0.25,0.36363636363636354,0.4545454545454545,,0.357142856142857,1.0,0.0,1.0,0.35714285714185706,0.0,0.02380952380952378
heavy,50,1,base,0.0,0.0,9950,0.006312668537322595,True,0.35,,,classical,cohit-true,9751,0.0,0.0,0.25,0.25,0.33333333333333326,1.0,0.357142856142857,,,,0.35714285714185706,,
heavy,50,1,base,0.0,0.0,9950,0.006312668537322595,True,0.35,,,classical,TRUE-coupled,199,1.0,1.0,0.36363636363636354,0.4545454545454545,0.4545454545454545,,0.357142856142857,,,,0.35714285714185706,,
heavy,50,1,base,0.0,0.0,9950,0.006312668537322595,True,0.35,0.004346926041019026,,1bqf_emu,ALL,9950,0.02,0.02,4.783776559169348e-19,0.0032927239691093587,0.005638985101417882,,0.003050013099759612,1.0,0.0,1.0,0.003050014098759612,0.0,6.029978440734744e-05
heavy,50,1,base,0.0,0.0,9950,0.006312668537322595,True,0.35,0.004346926041019026,,1bqf_emu,cohit-true,9751,0.0,0.0,4.783776559169348e-19,4.783776559169348e-19,0.0029897143153522644,1.0,0.003050013099759612,,,,0.003050014098759612,,
heavy,50,1,base,0.0,0.0,9950,0.006312668537322595,True,0.35,0.004346926041019026,,1bqf_emu,TRUE-coupled,199,1.0,1.0,0.0032927239691093587,0.005638985101417882,0.005638985101417882,,0.003050013099759612,,,,0.003050014098759612,,
heavy,50,1,fork,1.0,0.0,9950,0.006312668537322595,True,0.35,,,classical,ALL,9950,0.02,0.02,0.24999999999999997,0.36363636363636365,0.4545454545454545,,0.3571428561428571,1.0,0.0,1.0,0.3571428571418572,0.0,0.023809523809523836
heavy,50,1,fork,1.0,0.0,9950,0.006312668537322595,True,0.35,,,classical,cohit-true,9751,0.0,0.0,0.24999999999999997,0.24999999999999997,0.3333333333333333,1.0,0.3571428561428571,,,,0.3571428571418572,,
heavy,50,1,fork,1.0,0.0,9950,0.006312668537322595,True,0.35,,,classical,TRUE-coupled,199,1.0,1.0,0.36363636363636365,0.4545454545454545,0.4545454545454545,,0.3571428561428571,,,,0.3571428571418572,,
heavy,50,1,fork,1.0,0.0,9950,0.006312668537322595,True,0.35,0.004489940308017783,,1bqf_emu,ALL,9950,0.02,0.02,4.783776559169348e-19,0.0032927239691093587,0.005638985101417882,,0.003050013099759612,1.0,0.0,1.0,0.003050014098759612,0.0,6.029978440734744e-05
heavy,50,1,fork,1.0,0.0,9950,0.006312668537322595,True,0.35,0.004489940308017783,,1bqf_emu,cohit-true,9751,0.0,0.0,4.783776559169348e-19,4.783776559169348e-19,0.0029897143153522644,1.0,0.003050013099759612,,,,0.003050014098759612,,
heavy,50,1,fork,1.0,0.0,9950,0.006312668537322595,True,0.35,0.004489940308017783,,1bqf_emu,TRUE-coupled,199,1.0,1.0,0.0032927239691093587,0.005638985101417882,0.005638985101417882,,0.003050013099759612,,,,0.003050014098759612,,
heavy,50,1,occ,0.0,0.3,9950,0.006312668537322595,True,0.5230769230769231,,,classical,ALL,9950,0.019899497487437186,0.02,0.03390563474166518,0.04988166698459597,0.06178790378990995,,0.04887539202452794,0.9949748743718593,0.0,1.0,0.04873079522777561,0.0,0.003491561726541241
heavy,50,1,occ,0.0,0.3,9950,0.006312668537322595,True,0.5230769230769231,,,classical,cohit-true,9751,0.0,0.0,0.03390158241645235,0.034439310071624006,0.04523923350223437,1.0,0.04887539202452794,,,,0.04873079522777561,,
heavy,50,1,occ,0.0,0.3,9950,0.006312668537322595,True,0.5230769230769231,,,classical,TRUE-coupled,199,0.9949748743718593,1.0,0.04988166698459598,0.06178790378990988,0.06178790378990995,,0.04887539202452794,,,,0.04873079522777561,,
heavy,50,1,occ,0.0,0.3,9950,0.006312668537322595,True,0.5230769230769231,0.4997663383182367,,1bqf_emu,ALL,9950,0.9995979899497487,1.0,0.00695780125279624,0.007484199478572999,0.007484376952623029,,0.006894481305759808,0.9949748743718593,0.9800924994972854,0.01990750050271466,0.006882879004459608,0.98,-0.0006014979471634209
heavy,50,1,occ,0.0,0.3,9950,0.006312668537322595,True,0.5230769230769231,0.4997663383182367,,1bqf_emu,cohit-true,9751,0.9996923392472566,1.0,0.006958115193842679,0.00748419947857324,0.007484376952623029,0.1880951264372318,0.006894481305759808,,,,0.006882879004459608,,
heavy,50,1,occ,0.0,0.3,9950,0.006312668537322595,True,0.5230769230769231,0.4997663383182367,,1bqf_emu,TRUE-coupled,199,0.9949748743718593,1.0,0.006929324233745291,0.0074722081174835005,0.00747224727701859,,0.006894481305759808,,,,0.006882879004459608,,
heavy,50,1,both,1.0,0.3,9950,0.006312668537322595,True,0.5230769230769231,,,classical,ALL,9950,0.019899497487437186,0.02,0.033905415227491,0.050773182688233255,0.062017309813110676,,0.048874454930209636,0.9949748743718593,0.0,1.0,0.04873040091632262,0.0,0.0035319597545890383
heavy,50,1,both,1.0,0.3,9950,0.006312668537322595,True,0.5230769230769231,,,classical,cohit-true,9751,0.0,0.0,0.03390132913373646,0.03501833221255962,0.04519844116273358,1.0,0.048874454930209636,,,,0.04873040091632262,,
heavy,50,1,both,1.0,0.3,9950,0.006312668537322595,True,0.5230769230769231,,,classical,TRUE-coupled,199,0.9949748743718593,1.0,0.05077318268823329,0.0618505445046167,0.062017309813110676,,0.048874454930209636,,,,0.04873040091632262,,
heavy,50,1,both,1.0,0.3,9950,0.006312668537322595,True,0.5230769230769231,0.4995976682515697,,1bqf_emu,ALL,9950,0.9995979899497487,1.0,0.0069579139936762225,0.007479128138725321,0.007599070667024081,,0.006894510983370829,0.9949748743718593,0.9800924994972854,0.01990750050271466,0.006882877318306574,0.98,-0.0007161933477175071
heavy,50,1,both,1.0,0.3,9950,0.006312668537322595,True,0.5230769230769231,0.4995976682515697,,1bqf_emu,cohit-true,9751,0.9996923392472566,1.0,0.0069582366710670834,0.007479128329422102,0.007599070667024081,0.1880951264372318,0.006894510983370829,,,,0.006882877318306574,,
heavy,50,1,both,1.0,0.3,9950,0.006312668537322595,True,0.5230769230769231,0.4995976682515697,,1bqf_emu,TRUE-coupled,199,0.9949748743718593,1.0,0.006929336890351955,0.007467149497294383,0.0074671494972951,,0.006894510983370829,,,,0.006882877318306574,,
heavy,50,2,base,0.0,0.0,9850,0.006312668537322595,True,0.35,,,classical,ALL,9850,0.02030456852791878,0.02030456852791878,0.25,0.3636363636363636,0.45454545454545453,,0.35714285614285707,1.0,0.015,0.985,0.3571428571418571,0.015,-0.0714285714285714
heavy,50,2,base,0.0,0.0,9850,0.006312668537322595,True,0.35,,,classical,cohit-true,9653,0.00031078421216202215,0.00031078421216202215,0.25,0.25,0.4285714285714285,0.9999411034995564,0.35714285614285707,,,,0.3571428571418571,,
heavy,50,2,base,0.0,0.0,9850,0.006312668537322595,True,0.35,,,classical,TRUE-coupled,197,1.0,1.0,0.3636363636363636,0.45454545454545453,0.45454545454545453,,0.35714285614285707,,,,0.3571428571418571,,
heavy,50,2,base,0.0,0.0,9850,0.006312668537322595,True,0.35,0.004245844778475787,,1bqf_emu,ALL,9850,0.02030456852791878,0.02030456852791878,4.783776559169349e-19,0.003292723969109358,0.005638985101417881,,0.0030500130997596115,1.0,0.015,0.985,0.0030500140987596114,0.015,-0.0023553358254373886
heavy,50,2,base,0.0,0.0,9850,0.006312668537322595,True,0.35,0.004245844778475787,,1bqf_emu,cohit-true,9653,0.00031078421216202215,0.00031078421216202215,4.783776559169349e-19,4.783776559169349e-19,0.005405349925197,0.9998443449631135,0.0030500130997596115,,,,0.0030500140987596114,,
heavy,50,2,base,0.0,0.0,9850,0.006312668537322595,True,0.35,0.004245844778475787,,1bqf_emu,TRUE-coupled,197,1.0,1.0,0.003292723969109358,0.005638985101417881,0.005638985101417881,,0.0030500130997596115,,,,0.0030500140987596114,,
heavy,50,2,fork,1.0,0.0,9850,0.006312668537322595,True,0.35,,,classical,ALL,9850,0.02030456852791878,0.02030456852791878,0.25,0.3636363636363636,0.45454545454545453,,0.35714285614285707,1.0,0.015,0.985,0.3571428571418571,0.015,-0.0714285714285714
heavy,50,2,fork,1.0,0.0,9850,0.006312668537322595,True,0.35,,,classical,cohit-true,9653,0.00031078421216202215,0.00031078421216202215,0.25,0.25,0.4285714285714285,0.9999411034995564,0.35714285614285707,,,,0.3571428571418571,,
heavy,50,2,fork,1.0,0.0,9850,0.006312668537322595,True,0.35,,,classical,TRUE-coupled,197,1.0,1.0,0.3636363636363636,0.45454545454545453,0.45454545454545453,,0.35714285614285707,,,,0.3571428571418571,,
heavy,50,2,fork,1.0,0.0,9850,0.006312668537322595,True,0.35,0.004245844778475787,,1bqf_emu,ALL,9850,0.02030456852791878,0.02030456852791878,4.783776559169349e-19,0.003292723969109358,0.005638985101417881,,0.0030500130997596115,1.0,0.015,0.985,0.0030500140987596114,0.015,-0.0023553358254373886
heavy,50,2,fork,1.0,0.0,9850,0.006312668537322595,True,0.35,0.004245844778475787,,1bqf_emu,cohit-true,9653,0.00031078421216202215,0.00031078421216202215,4.783776559169349e-19,4.783776559169349e-19,0.005405349925197,0.9998443449631135,0.0030500130997596115,,,,0.0030500140987596114,,
heavy,50,2,fork,1.0,0.0,9850,0.006312668537322595,True,0.35,0.004245844778475787,,1bqf_emu,TRUE-coupled,197,1.0,1.0,0.003292723969109358,0.005638985101417881,0.005638985101417881,,0.0030500130997596115,,,,0.0030500140987596114,,
heavy,50,2,occ,0.0,0.3,9850,0.006312668537322595,True,0.5230769230769231,,,classical,ALL,9850,0.020101522842639594,0.020101522842639594,0.03421605105257895,0.050236940380011745,0.061880544524984205,,0.04875080139121438,1.0,0.005050505050505051,0.9949494949494949,0.048750802390214364,0.005050505050505051,-0.008365735465071737
heavy,50,2,occ,0.0,0.3,9850,0.006312668537322595,True,0.5230769230769231,,,classical,cohit-true,9653,0.00010359473738734072,0.00010359473738734072,0.034109980459906805,0.034841978548011854,0.0571165378562861,0.9999474138388896,0.04875080139121438,,,,0.048750802390214364,,
heavy,50,2,occ,0.0,0.3,9850,0.006312668537322595,True,0.5230769230769231,,,classical,TRUE-coupled,197,1.0,1.0,0.05023694038001173,0.061880544524984066,0.061880544524984205,,0.04875080139121438,,,,0.048750802390214364,,
heavy,50,2,occ,0.0,0.3,9850,0.006312668537322595,True,0.5230769230769231,0.5238143472283523,,1bqf_emu,ALL,9850,0.9997969543147208,0.9998984771573604,0.0069548668366648005,0.007781699621435294,0.007782984956087273,,0.00686432900953251,0.9949238578680203,0.9800974817221771,0.019902518277822908,0.0068573121982841035,0.9799979693369886,-0.0009256727568031694
heavy,50,2,occ,0.0,0.3,9850,0.006312668537322595,True,0.5230769230769231,0.5238143472283523,,1bqf_emu,cohit-true,9653,0.9998964052626127,0.9998964052626127,0.006954866836664976,0.007781704034919232,0.007782984956087273,0.312372314227554,0.00686432900953251,,,,0.0068573121982841035,,
heavy,50,2,occ,0.0,0.3,9850,0.006312668537322595,True,0.5230769230769231,0.5238143472283523,,1bqf_emu,TRUE-coupled,197,0.9949238578680203,1.0,0.006938488717625371,0.0077663594458268655,0.0077669471886355436,,0.00686432900953251,,,,0.0068573121982841035,,
heavy,50,2,both,1.0,0.3,9850,0.006312668537322595,True,0.5230769230769231,,,classical,ALL,9850,0.020101522842639594,0.020101522842639594,0.03421605105257895,0.050236940380011745,0.061880544524984205,,0.04875080139121438,1.0,0.005050505050505051,0.9949494949494949,0.048750802390214364,0.005050505050505051,-0.008365735465071737
heavy,50,2,both,1.0,0.3,9850,0.006312668537322595,True,0.5230769230769231,,,classical,cohit-true,9653,0.00010359473738734072,0.00010359473738734072,0.034109980459906805,0.034841978548011854,0.0571165378562861,0.9999474138388896,0.04875080139121438,,,,0.048750802390214364,,
heavy,50,2,both,1.0,0.3,9850,0.006312668537322595,True,0.5230769230769231,,,classical,TRUE-coupled,197,1.0,1.0,0.05023694038001173,0.061880544524984066,0.061880544524984205,,0.04875080139121438,,,,0.048750802390214364,,
heavy,50,2,both,1.0,0.3,9850,0.006312668537322595,True,0.5230769230769231,0.5238143472283523,,1bqf_emu,ALL,9850,0.9997969543147208,0.9998984771573604,0.0069548668366648005,0.007781699621435294,0.007782984956087273,,0.00686432900953251,0.9949238578680203,0.9800974817221771,0.019902518277822908,0.0068573121982841035,0.9799979693369886,-0.0009256727568031694
heavy,50,2,both,1.0,0.3,9850,0.006312668537322595,True,0.5230769230769231,0.5238143472283523,,1bqf_emu,cohit-true,9653,0.9998964052626127,0.9998964052626127,0.006954866836664976,0.007781704034919232,0.007782984956087273,0.312372314227554,0.00686432900953251,,,,0.0068573121982841035,,
heavy,50,2,both,1.0,0.3,9850,0.006312668537322595,True,0.5230769230769231,0.5238143472283523,,1bqf_emu,TRUE-coupled,197,0.9949238578680203,1.0,0.006938488717625371,0.0077663594458268655,0.0077669471886355436,,0.00686432900953251,,,,0.0068573121982841035,,
heavy,100,0,base,0.0,0.0,39006,0.006312668537322595,True,0.35,,,classical,ALL,39006,1.0,1.0,0.24999999995230235,0.36363632079833075,0.6983134098822062,,0.24999999895230235,1.0,0.9900015382248885,0.009998461775111522,0.24999999995130234,0.9900015382248885,-0.288458009501122
heavy,100,0,base,0.0,0.0,39006,0.006312668537322595,True,0.35,,,classical,C-true,13,1.0,1.0,0.39175331436423755,0.42457621734686773,0.42457621734686773,0.5005917159763313,0.24999999895230235,,,,0.24999999995130234,,
heavy,100,0,base,0.0,0.0,39006,0.006312668537322595,True,0.35,,,classical,cohit-true,38597,1.0,1.0,0.24999999995230235,0.24999999995230235,0.5384580094534244,0.9929771345321776,0.24999999895230235,,,,0.24999999995130234,,
heavy,100,0,base,0.0,0.0,39006,0.006312668537322595,True,0.35,,,classical,cohit-false,6,1.0,1.0,0.24999999995230235,0.24999999995230235,0.24999999995230235,1.0,0.24999999895230235,,,,0.24999999995130234,,
heavy,100,0,base,0.0,0.0,39006,0.006312668537322595,True,0.35,,,classical,TRUE-coupled,390,1.0,1.0,0.3958773131089731,0.6000059512509234,0.6983134098822062,,0.24999999895230235,,,,0.24999999995130234,,
heavy,100,0,base,0.0,0.0,39006,0.006312668537322595,True,0.35,0.002587906559778783,,1bqf_emu,ALL,39006,0.015254063477413732,1.0,2.391888279584674e-19,0.001525007049879806,0.00447842909440841,,1e-06,0.9897435897435898,0.35126050420168065,0.6487394957983194,-9.99999760811172e-13,0.9900015382248885,-0.003651315062640801
heavy,100,0,base,0.0,0.0,39006,0.006312668537322595,True,0.35,0.002587906559778783,,1bqf_emu,C-true,13,1.0,1.0,0.0018006502558114558,0.0021049527517283512,0.0021049527517283512,0.5005917159763313,1e-06,,,,-9.99999760811172e-13,,
heavy,100,0,base,0.0,0.0,39006,0.006312668537322595,True,0.35,0.002587906559778783,,1bqf_emu,cohit-true,38597,0.005078114879394771,1.0,2.391888279584674e-19,2.391888279584674e-19,0.0036513150626408014,0.9927816895560503,1e-06,,,,-9.99999760811172e-13,,
heavy,100,0,base,0.0,0.0,39006,0.006312668537322595,True,0.35,0.002587906559778783,,1bqf_emu,cohit-false,6,0.0,1.0,2.391888279584674e-19,2.391888279584674e-19,2.391888279584674e-19,1.0,1e-06,,,,-9.99999760811172e-13,,
heavy,100,0,base,0.0,0.0,39006,0.006312668537322595,True,0.35,0.002587906559778783,,1bqf_emu,TRUE-coupled,390,0.9897435897435898,1.0,0.0018006502558114558,0.003900793440257608,0.00447842909440841,,1e-06,,,,-9.99999760811172e-13,,
heavy,100,0,fork,1.0,0.0,39006,0.006312668537322595,True,0.35,,,classical,ALL,39006,0.9546480028713531,0.9547505511972517,0.2499999992700898,0.3333335008237706,0.6432330884992667,,0.2499999982700898,0.9948717948717949,0.9895802561967935,0.010419743803206488,0.2385744206530044,0.9895276711151688,-0.2539592460177189
heavy,100,0,fork,1.0,0.0,39006,0.006312668537322595,True,0.35,,,classical,C-true,13,0.8461538461538461,1.0,0.30400052882282896,0.3917549954113296,0.3917549954113296,0.8704142011834319,0.2499999982700898,,,,0.2385744206530044,,
heavy,100,0,fork,1.0,0.0,39006,0.006312668537322595,True,0.35,,,classical,cohit-true,38597,0.9542710573360624,0.9542710573360624,0.2499999992700898,0.2499999992700898,0.4925336666717233,0.9891915340836241,0.2499999982700898,,,,0.2385744206530044,,
heavy,100,0,fork,1.0,0.0,39006,0.006312668537322595,True,0.35,,,classical,cohit-false,6,1.0,1.0,0.2499999992700898,0.2499999992700898,0.2499999992700898,0.9931623931623932,0.2499999982700898,,,,0.2385744206530044,,
heavy,100,0,fork,1.0,0.0,39006,0.006312668537322595,True,0.35,,,classical,TRUE-coupled,390,0.9948717948717949,1.0,0.3802548512512594,0.5260809263945491,0.6432330884992667,,0.2499999982700898,,,,0.2385744206530044,,
heavy,100,0,fork,1.0,0.0,39006,0.006312668537322595,True,0.35,0.007023582520550095,,1bqf_emu,ALL,39006,0.06050351228016203,1.0,2.391888279584674e-19,0.0016463619845546794,0.0041265187162983115,,1e-06,0.9897435897435898,0.8364406779661017,0.1635593220338983,-9.99999760811172e-13,0.9900015382248885,-0.0038900810784837283
heavy,100,0,fork,1.0,0.0,39006,0.006312668537322595,True,0.35,0.007023582520550095,,1bqf_emu,C-true,13,1.0,1.0,0.0018006502558114558,0.001907536829155772,0.001907536829155772,0.7140039447731755,1e-06,,,,-9.99999760811172e-13,,
heavy,100,0,fork,1.0,0.0,39006,0.006312668537322595,True,0.35,0.007023582520550095,,1bqf_emu,cohit-true,38597,0.05080705754333238,1.0,2.391888279584674e-19,0.0014948571576761322,0.0038900810784837287,0.9893832588290706,1e-06,,,,-9.99999760811172e-13,,
heavy,100,0,fork,1.0,0.0,39006,0.006312668537322595,True,0.35,0.007023582520550095,,1bqf_emu,cohit-false,6,0.0,1.0,2.391888279584674e-19,2.391888279584674e-19,2.391888279584674e-19,1.0,1e-06,,,,-9.99999760811172e-13,,
heavy,100,0,fork,1.0,0.0,39006,0.006312668537322595,True,0.35,0.007023582520550095,,1bqf_emu,TRUE-coupled,390,0.9897435897435898,1.0,0.0018507250775142725,0.0037614440799735452,0.0041265187162983115,,1e-06,,,,-9.99999760811172e-13,,
heavy,100,0,occ,0.0,0.3,39006,0.006312668537322595,True,0.5230769230769231,,,classical,ALL,39006,0.02855970876275445,0.8445623750192278,0.017840837561136063,0.02575503658281484,0.048823855209909235,,0.01799926246300057,0.9923076923076923,0.6526032315978456,0.3473967684021544,0.017719872382847824,0.9881613696384665,-0.01928102893462708
heavy,100,0,occ,0.0,0.3,39006,0.006312668537322595,True,0.5230769230769231,,,classical,C-true,13,1.0,1.0,0.02762034034932891,0.02934175525996452,0.029341755259964547,0.5035502958579882,0.01799926246300057,,,,0.017719872382847824,,
heavy,100,0,occ,0.0,0.3,39006,0.006312668537322595,True,0.5230769230769231,,,classical,cohit-true,38597,0.018369303313729046,0.8429152524807627,0.01784060147632209,0.018059064382641755,0.0370009013184749,0.9970839370404103,0.01799926246300057,,,,0.017719872382847824,,
heavy,100,0,occ,0.0,0.3,39006,0.006312668537322595,True,0.5230769230769231,,,classical,cohit-false,6,0.8333333333333334,1.0,0.01819748989939017,0.018253959645763086,0.01825395964576309,0.9901709401709402,0.01799926246300057,,,,0.017719872382847824,,
heavy,100,0,occ,0.0,0.3,39006,0.006312668537322595,True,0.5230769230769231,,,classical,TRUE-coupled,390,0.9923076923076923,1.0,0.027792993987688704,0.04190512611277453,0.048823855209909235,,0.01799926246300057,,,,0.017719872382847824,,
heavy,100,0,occ,0.0,0.3,39006,0.006312668537322595,True,0.5230769230769231,0.34471980053918616,,1bqf_emu,ALL,39006,0.9998974516741014,1.0,0.003203430744582381,0.0035494473792161544,0.003549792469114808,,0.002147348725766828,0.9923076923076923,0.9900774319265678,0.009922568073432132,0.0021297119903546796,0.9900015382248885,-0.0014200804777601285
heavy,100,0,occ,0.0,0.3,39006,0.006312668537322595,True,0.5230769230769231,0.34471980053918616,,1bqf_emu,C-true,13,1.0,1.0,0.0035442601475564016,0.003548420822995869,0.0035484208229958755,0.09092702169625247,0.002147348725766828,,,,0.0021297119903546796,,
heavy,100,0,occ,0.0,0.3,39006,0.006312668537322595,True,0.5230769230769231,0.34471980053918616,,1bqf_emu,cohit-true,38597,0.9999740912506153,1.0,0.003203433201618273,0.0035494476482342487,0.003549792469114808,0.3765394945668024,0.002147348725766828,,,,0.0021297119903546796,,
heavy,100,0,occ,0.0,0.3,39006,0.006312668537322595,True,0.5230769230769231,0.34471980053918616,,1bqf_emu,cohit-false,6,1.0,1.0,0.002200823728916619,0.0027426263496508506,0.0027426363725483525,0.6709401709401709,0.002147348725766828,,,,0.0021297119903546796,,
heavy,100,0,occ,0.0,0.3,39006,0.006312668537322595,True,0.5230769230769231,0.34471980053918616,,1bqf_emu,TRUE-coupled,390,0.9923076923076923,1.0,0.0031937276212873774,0.0035459690532626737,0.003549282137581602,,0.002147348725766828,,,,0.0021297119903546796,,
heavy,100,0,both,1.0,0.3,39006,0.006312668537322595,True,0.5230769230769231,,,classical,ALL,39006,0.15320719889247808,0.8622519612367328,0.017830840206358195,0.025302535475441496,0.048428087121484394,,0.017981623082325413,0.9923076923076923,0.9352409638554217,0.06475903614457831,0.017692016589976486,0.9884042458299884,-0.01891572862761121
heavy,100,0,both,1.0,0.3,39006,0.006312668537322595,True,0.5230769230769231,,,classical,C-true,13,1.0,1.0,0.026314808113457638,0.03049966444845725,0.030743030965816785,0.7242603550295857,0.017981623082325413,,,,0.017692016589976486,,
heavy,100,0,both,1.0,0.3,39006,0.006312668537322595,True,0.5230769230769231,,,classical,cohit-true,38597,0.14433764282198097,0.8607922895561831,0.017828015284571674,0.019266463378018683,0.036607745218587694,0.9960847229391416,0.017981623082325413,,,,0.017692016589976486,,
heavy,100,0,both,1.0,0.3,39006,0.006312668537322595,True,0.5230769230769231,,,classical,cohit-false,6,0.8333333333333334,1.0,0.0182373956510922,0.018337977227132003,0.018340806375532356,0.9905982905982906,0.017981623082325413,,,,0.017692016589976486,,
heavy,100,0,both,1.0,0.3,39006,0.006312668537322595,True,0.5230769230769231,,,classical,TRUE-coupled,390,0.9923076923076923,1.0,0.028545299680364906,0.043281863977849,0.048428087121484394,,0.017981623082325413,,,,0.017692016589976486,,
heavy,100,0,both,1.0,0.3,39006,0.006312668537322595,True,0.5230769230769231,0.3520704506793398,,1bqf_emu,ALL,39006,0.9998974516741014,1.0,0.0032088125561412217,0.0036391953578910194,0.0037005495919044396,,0.0021638786634956245,0.9923076923076923,0.9900774319265678,0.009922568073432132,0.0021290679567202175,0.9900015382248885,-0.001571481634184222
heavy,100,0,both,1.0,0.3,39006,0.006312668537322595,True,0.5230769230769231,0.3520704506793398,,1bqf_emu,C-true,13,1.0,1.0,0.0036174997349195316,0.003659741104004735,0.0036597509168636907,0.08915187376725839,0.0021638786634956245,,,,0.0021290679567202175,,
heavy,100,0,both,1.0,0.3,39006,0.006312668537322595,True,0.5230769230769231,0.3520704506793398,,1bqf_emu,cohit-true,38597,0.9999740912506153,1.0,0.0032114713196010466,0.0036391951006292176,0.0037005495919044396,0.38102715569098966,0.0021638786634956245,,,,0.0021290679567202175,,
heavy,100,0,both,1.0,0.3,39006,0.006312668537322595,True,0.5230769230769231,0.3520704506793398,,1bqf_emu,cohit-false,6,1.0,1.0,0.002217838073865202,0.002783871452026602,0.002783885400121344,0.6709401709401709,0.0021638786634956245,,,,0.0021290679567202175,,
heavy,100,0,both,1.0,0.3,39006,0.006312668537322595,True,0.5230769230769231,0.3520704506793398,,1bqf_emu,TRUE-coupled,390,0.9923076923076923,1.0,0.00320208695375589,0.0036190647082724845,0.0036597509168671033,,0.0021638786634956245,,,,0.0021290679567202175,,
heavy,100,1,base,0.0,0.0,38909,0.006312668537322595,True,0.35,,,classical,ALL,38909,1.0,1.0,0.2500000000053162,0.35714274926787437,0.5670104558236924,,0.2499999990053162,1.0,0.9900023130895166,0.009997686910483436,0.2500000000043162,0.9900023130895166,-0.1785712874988274
heavy,100,1,base,0.0,0.0,38909,0.006312668537322595,True,0.35,,,classical,C-true,9,1.0,1.0,0.3917528011901646,0.3917528011901646,0.3917528011901646,0.4987146529562982,0.2499999990053162,,,,0.2500000000043162,,
heavy,100,1,base,0.0,0.0,38909,0.006312668537322595,True,0.35,,,classical,cohit-true,38502,1.0,1.0,0.2500000000053162,0.2500000000053162,0.4285712875041436,0.9929953226480807,0.2499999990053162,,,,0.2500000000043162,,
heavy,100,1,base,0.0,0.0,38909,0.006312668537322595,True,0.35,,,classical,cohit-false,9,1.0,1.0,0.2500000000053162,0.2500000000053162,0.2500000000053162,1.0,0.2499999990053162,,,,0.2500000000043162,,
heavy,100,1,base,0.0,0.0,38909,0.006312668537322595,True,0.35,,,classical,TRUE-coupled,389,1.0,1.0,0.3917528011901646,0.5670104558236924,0.5670104558236924,,0.2499999990053162,,,,0.2500000000043162,,
heavy,100,1,base,0.0,0.0,38909,0.006312668537322595,True,0.35,0.002685051990343322,,1bqf_emu,ALL,38909,0.017142563417204246,1.0,2.3918882795846747e-19,0.0014948571576761322,0.0037614440799735452,,1e-06,0.9897172236503856,0.42278860569715143,0.5772113943028486,-9.99999760811172e-13,0.9900023130895166,-0.0027026749625984996
heavy,100,1,base,0.0,0.0,38909,0.006312668537322595,True,0.35,0.002685051990343322,,1bqf_emu,C-true,9,1.0,1.0,0.0018006502558114556,0.0018006502558114556,0.0018006502558114556,0.4987146529562982,1e-06,,,,-9.99999760811172e-13,,
heavy,100,1,base,0.0,0.0,38909,0.006312668537322595,True,0.35,0.002685051990343322,,1bqf_emu,cohit-true,38502,0.007090540751129811,1.0,2.3918882795846747e-19,2.3918882795846747e-19,0.0027026749625985,0.9927709828181062,1e-06,,,,-9.99999760811172e-13,,
heavy,100,1,base,0.0,0.0,38909,0.006312668537322595,True,0.35,0.002685051990343322,,1bqf_emu,cohit-false,9,0.0,1.0,2.3918882795846747e-19,2.3918882795846747e-19,2.3918882795846747e-19,1.0,1e-06,,,,-9.99999760811172e-13,,
heavy,100,1,base,0.0,0.0,38909,0.006312668537322595,True,0.35,0.002685051990343322,,1bqf_emu,TRUE-coupled,389,0.9897172236503856,1.0,0.0018006502558114556,0.0037614440799735452,0.0037614440799735452,,1e-06,,,,-9.99999760811172e-13,,
heavy,100,1,fork,1.0,0.0,38909,0.006312668537322595,True,0.35,,,classical,ALL,38909,0.9749415302372202,0.9749415302372202,0.24999999955157934,0.33333342521899406,0.5670143361790089,,0.24999999855157934,1.0,0.9897453471819476,0.010254652818052407,0.24999999955057933,0.9897453471819476,-0.17856438914474318
heavy,100,1,fork,1.0,0.0,38909,0.006312668537322595,True,0.35,,,classical,C-true,9,1.0,1.0,0.3040012419587275,0.391755756269231,0.391755756269231,0.8180519851471009,0.24999999855157934,,,,0.24999999955057933,,
heavy,100,1,fork,1.0,0.0,38909,0.006312668537322595,True,0.35,,,classical,cohit-true,38502,0.9747026128512805,0.9747026128512805,0.24999999955157934,0.24999999955157934,0.4285643886963225,0.9930895987909152,0.24999999855157934,,,,0.24999999955057933,,
heavy,100,1,fork,1.0,0.0,38909,0.006312668537322595,True,0.35,,,classical,cohit-false,9,0.8888888888888888,0.8888888888888888,0.24999999955157934,0.24999999955157934,0.24999999955157934,1.0,0.24999999855157934,,,,0.24999999955057933,,
heavy,100,1,fork,1.0,0.0,38909,0.006312668537322595,True,0.35,,,classical,TRUE-coupled,389,1.0,1.0,0.3711356646976271,0.5241293164792975,0.5670143361790089,,0.24999999855157934,,,,0.24999999955057933,,
heavy,100,1,fork,1.0,0.0,38909,0.006312668537322595,True,0.35,0.004831334525828679,,1bqf_emu,ALL,38909,0.04220103317998407,1.0,2.3918882795846747e-19,0.0014948571576761322,0.0037614440799735452,,1e-06,0.9897172236503856,0.7655298416565165,0.23447015834348356,-9.99999760811172e-13,0.9900023130895166,-0.0027026749625984996
heavy,100,1,fork,1.0,0.0,38909,0.006312668537322595,True,0.35,0.004831334525828679,,1bqf_emu,C-true,9,1.0,1.0,0.0014985086568744693,0.00200345981373499,0.0020210954274674712,0.7403598971722365,1e-06,,,,-9.99999760811172e-13,,
heavy,100,1,fork,1.0,0.0,38909,0.006312668537322595,True,0.35,0.004831334525828679,,1bqf_emu,cohit-true,38502,0.03238792789984936,1.0,2.3918882795846747e-19,0.0014948571576761313,0.0027026749625985,0.992230163585132,1e-06,,,,-9.99999760811172e-13,,
heavy,100,1,fork,1.0,0.0,38909,0.006312668537322595,True,0.35,0.004831334525828679,,1bqf_emu,cohit-false,9,0.1111111111111111,1.0,2.3918882795846747e-19,0.0013752685850620407,0.0014948571576761313,0.9962867752070836,1e-06,,,,-9.99999760811172e-13,,
heavy,100,1,fork,1.0,0.0,38909,0.006312668537322595,True,0.35,0.004831334525828679,,1bqf_emu,TRUE-coupled,389,0.9897172236503856,1.0,0.001646361984554679,0.0033882445734253045,0.0037614440799735452,,1e-06,,,,-9.99999760811172e-13,,
heavy,100,1,occ,0.0,0.3,38909,0.006312668537322595,True,0.5230769230769231,,,classical,ALL,38909,0.022025752396617748,0.466524454496389,0.017807999121702174,0.025559366345722975,0.040518303499323706,,0.018156631852227285,0.9922879177377892,0.5495915985997666,0.45040840140023336,0.017824339775965797,0.9785698545614808,-0.012719034247266652
heavy,100,1,occ,0.0,0.3,38909,0.006312668537322595,True,0.5230769230769231,,,classical,C-true,9,1.0,1.0,0.027892316573746672,0.02795406547996056,0.02795508398215969,0.5004284490145673,0.018156631852227285,,,,0.017824339775965797,,
heavy,100,1,occ,0.0,0.3,38909,0.006312668537322595,True,0.5230769230769231,,,classical,cohit-true,38502,0.011843540595293751,0.46088514882343773,0.017807875603021484,0.01818965603495744,0.030543374024232448,0.9974009963626235,0.018156631852227285,,,,0.017824339775965797,,
heavy,100,1,occ,0.0,0.3,38909,0.006312668537322595,True,0.5230769230769231,,,classical,cohit-false,9,0.6666666666666666,1.0,0.01815875044431113,0.01833033807572516,0.01833033807572516,0.9911453870322765,0.018156631852227285,,,,0.017824339775965797,,
heavy,100,1,occ,0.0,0.3,38909,0.006312668537322595,True,0.5230769230769231,,,classical,TRUE-coupled,389,0.9922879177377892,1.0,0.027837542378187894,0.0403837757119679,0.040518303499323706,,0.018156631852227285,,,,0.017824339775965797,,
heavy,100,1,occ,0.0,0.3,38909,0.006312668537322595,True,0.5230769230769231,0.31350358098207737,,1bqf_emu,ALL,38909,0.9999228970161145,1.0,0.0031964068380030135,0.003785319964128758,0.003785534071420777,,0.0015041552757169866,0.9922879177377892,0.9900786511077982,0.009921348892201717,0.0015039421029619821,0.9900023130895166,-0.002281591967458795
heavy,100,1,occ,0.0,0.3,38909,0.006312668537322595,True,0.5230769230769231,0.31350358098207737,,1bqf_emu,C-true,9,1.0,1.0,0.0021858649173987633,0.002186049274492854,0.0021860622656135536,0.5227077977720651,0.0015041552757169866,,,,0.0015039421029619821,,
heavy,100,1,occ,0.0,0.3,38909,0.006312668537322595,True,0.5230769230769231,0.31350358098207737,,1bqf_emu,cohit-true,38502,1.0,1.0,0.0031964362588034648,0.003785322520396659,0.003785534071420777,0.37582990714334075,0.0015041552757169866,,,,0.0015039421029619821,,
heavy,100,1,occ,0.0,0.3,38909,0.006312668537322595,True,0.5230769230769231,0.31350358098207737,,1bqf_emu,cohit-false,9,1.0,1.0,0.0015771772281558368,0.0022006977379596805,0.002200748089802434,0.6740931162524992,0.0015041552757169866,,,,0.0015039421029619821,,
heavy,100,1,occ,0.0,0.3,38909,0.006312668537322595,True,0.5230769230769231,0.31350358098207737,,1bqf_emu,TRUE-coupled,389,0.9922879177377892,1.0,0.0031670481316466914,0.003778538137703348,0.0037850964069267258,,0.0015041552757169866,,,,0.0015039421029619821,,
heavy,100,1,both,1.0,0.3,38909,0.006312668537322595,True,0.5230769230769231,,,classical,ALL,38909,0.029736050785165388,0.4557814387416793,0.017803073747571015,0.025205865082199724,0.041848054547055646,,0.018296559336126665,0.9922879177377892,0.6663785652549697,0.33362143474503025,0.017816610486587222,0.9780647344084809,-0.012805672278358719
heavy,100,1,both,1.0,0.3,38909,0.006312668537322595,True,0.5230769230769231,,,classical,C-true,9,1.0,1.0,0.026205269425055563,0.030533197397555868,0.03062228276594594,0.6869465866895172,0.018296559336126665,,,,0.017816610486587222,,
heavy,100,1,both,1.0,0.3,38909,0.006312668537322595,True,0.5230769230769231,,,classical,cohit-true,38502,0.019739234325489585,0.4500545426211625,0.017802898140249837,0.020068042082256057,0.03000681033886756,0.9976157883962626,0.018296559336126665,,,,0.017816610486587222,,
heavy,100,1,both,1.0,0.3,38909,0.006312668537322595,True,0.5230769230769231,,,classical,cohit-false,9,0.2222222222222222,0.8888888888888888,0.018107821972862828,0.018429448623091104,0.018429545294267182,0.9937160811196801,0.018296559336126665,,,,0.017816610486587222,,
heavy,100,1,both,1.0,0.3,38909,0.006312668537322595,True,0.5230769230769231,,,classical,TRUE-coupled,389,0.9922879177377892,1.0,0.027531203410778218,0.040766622906541046,0.041848054547055646,,0.018296559336126665,,,,0.017816610486587222,,
heavy,100,1,both,1.0,0.3,38909,0.006312668537322595,True,0.5230769230769231,0.31768287722445687,,1bqf_emu,ALL,38909,0.9999228970161145,1.0,0.0031972170037848414,0.003785979208124927,0.003817779273201042,,0.0015134828098608594,0.9922879177377892,0.9900786511077982,0.009921348892201717,0.0015121267420507296,0.9900023130895166,-0.0023056525301503126
heavy,100,1,both,1.0,0.3,38909,0.006312668537322595,True,0.5230769230769231,0.31768287722445687,,1bqf_emu,C-true,9,1.0,1.0,0.0022761678276431068,0.002283839115562396,0.0022842656865428375,0.5944015995429878,0.0015134828098608594,,,,0.0015121267420507296,,
heavy,100,1,both,1.0,0.3,38909,0.006312668537322595,True,0.5230769230769231,0.31768287722445687,,1bqf_emu,cohit-true,38502,1.0,1.0,0.0031972307610039583,0.003785980070576786,0.003817779273201042,0.37611807699636746,0.0015134828098608594,,,,0.0015121267420507296,,
heavy,100,1,both,1.0,0.3,38909,0.006312668537322595,True,0.5230769230769231,0.31768287722445687,,1bqf_emu,cohit-false,9,1.0,1.0,0.0015928385667603742,0.0022952951507441283,0.002296400985164183,0.6740931162524992,0.0015134828098608594,,,,0.0015121267420507296,,
heavy,100,1,both,1.0,0.3,38909,0.006312668537322595,True,0.5230769230769231,0.31768287722445687,,1bqf_emu,TRUE-coupled,389,0.9922879177377892,1.0,0.003167782116581981,0.0037793320404477418,0.0037857605600414893,,0.0015134828098608594,,,,0.0015121267420507296,,
heavy,100,2,base,0.0,0.0,38810,0.006312668537322595,True,0.35,,,classical,ALL,38810,0.01489306879670188,1.0,0.24999999979594184,0.33333344006273413,0.5670103659789921,,0.3333334390627341,0.9948586118251928,0.3304498269896194,0.6695501730103807,0.24999999979494184,0.9899768101004895,-0.14174747526625336
heavy,100,2,base,0.0,0.0,38810,0.006312668537322595,True,0.35,,,classical,C-true,3,1.0,1.0,0.3917474750621952,0.3917474750621952,0.3917474750621952,0.49271636675235647,0.3333334390627341,,,,0.24999999979494184,,
heavy,100,2,base,0.0,0.0,38810,0.006312668537322595,True,0.35,,,classical,fork-true,1,0.0,1.0,0.24999999979594184,0.24999999979594184,0.24999999979594184,1.0,0.3333334390627341,,,,0.24999999979494184,,
heavy,100,2,base,0.0,0.0,38810,0.006312668537322595,True,0.35,,,classical,cohit-true,38408,0.004894813580504062,1.0,0.24999999979594184,0.24999999979594184,0.33333344006273413,0.9974117030031768,0.3333334390627341,,,,0.24999999979494184,,
heavy,100,2,base,0.0,0.0,38810,0.006312668537322595,True,0.35,,,classical,cohit-false,9,0.0,1.0,0.24999999979594184,0.24999999979594184,0.24999999979594184,1.0,0.3333334390627341,,,,0.24999999979494184,,
heavy,100,2,base,0.0,0.0,38810,0.006312668537322595,True,0.35,,,classical,TRUE-coupled,389,0.9948586118251928,1.0,0.37113033600024103,0.4845343142298884,0.5670103659789921,,0.3333334390627341,,,,0.24999999979494184,,
heavy,100,2,base,0.0,0.0,38810,0.006312668537322595,True,0.35,0.002416306279402379,,1bqf_emu,ALL,38810,0.01489306879670188,1.0,2.391888279584674e-19,0.0014948571576761322,0.0037614440799735452,,0.001414344412451724,0.9948586118251928,0.3304498269896194,0.6695501730103807,-9.99999760811172e-13,0.9899768101004895,-0.0018982843119004576
heavy,100,2,base,0.0,0.0,38810,0.006312668537322595,True,0.35,0.002416306279402379,,1bqf_emu,C-true,3,1.0,1.0,0.0018006502558114558,0.0018963316307786778,0.0018982843119004578,0.4944301628106255,0.001414344412451724,,,,-9.99999760811172e-13,,
heavy,100,2,base,0.0,0.0,38810,0.006312668537322595,True,0.35,0.002416306279402379,,1bqf_emu,fork-true,1,0.0,1.0,2.391888279584674e-19,2.391888279584674e-19,2.391888279584674e-19,1.0,0.001414344412451724,,,,-9.99999760811172e-13,,
heavy,100,2,base,0.0,0.0,38810,0.006312668537322595,True,0.35,0.002416306279402379,,1bqf_emu,cohit-true,38408,0.004894813580504062,1.0,2.391888279584674e-19,2.391888279584674e-19,0.0014948571576761322,0.998253496888234,0.001414344412451724,,,,-9.99999760811172e-13,,
heavy,100,2,base,0.0,0.0,38810,0.006312668537322595,True,0.35,0.002416306279402379,,1bqf_emu,cohit-false,9,0.0,1.0,2.391888279584674e-19,2.391888279584674e-19,2.391888279584674e-19,1.0,0.001414344412451724,,,,-9.99999760811172e-13,,
heavy,100,2,base,0.0,0.0,38810,0.006312668537322595,True,0.35,0.002416306279402379,,1bqf_emu,TRUE-coupled,389,0.9948586118251928,1.0,0.0016463619845546794,0.0029874853749215927,0.0037614440799735452,,0.001414344412451724,,,,-9.99999760811172e-13,,
heavy,100,2,fork,1.0,0.0,38810,0.006312668537322595,True,0.35,,,classical,ALL,38810,0.01484153568667869,0.9877093532594692,0.24999999993154448,0.33333335461849317,0.5670105487258603,,0.31795031151952946,0.9922879177377892,0.3298611111111111,0.6701388888888888,0.24999999993054448,0.9898520856703101,-0.14175053476372695
heavy,100,2,fork,1.0,0.0,38810,0.006312668537322595,True,0.35,,,classical,C-true,3,0.6666666666666666,1.0,0.38461699407568983,0.3916078638828798,0.39175053469527144,0.6580976863753213,0.31795031151952946,,,,0.24999999993054448,,
heavy,100,2,fork,1.0,0.0,38810,0.006312668537322595,True,0.35,,,classical,fork-true,1,0.0,0.0,0.17051213296456008,0.17051213296456008,0.17051213296456008,1.0,0.31795031151952946,,,,0.24999999993054448,,
heavy,100,2,fork,1.0,0.0,38810,0.006312668537322595,True,0.35,,,classical,cohit-true,38408,0.004894813580504062,0.987606748594043,0.24999999993154448,0.24999999993154448,0.33333335461849317,0.9980077923997196,0.31795031151952946,,,,0.24999999993054448,,
heavy,100,2,fork,1.0,0.0,38810,0.006312668537322595,True,0.35,,,classical,cohit-false,9,0.0,1.0,0.24999999993154448,0.24999999993154448,0.24999999993154448,1.0,0.31795031151952946,,,,0.24999999993054448,,
heavy,100,2,fork,1.0,0.0,38810,0.006312668537322595,True,0.35,,,classical,TRUE-coupled,389,0.9922879177377892,1.0,0.36363641931756735,0.4735052233333039,0.5670105487258603,,0.31795031151952946,,,,0.24999999993054448,,
heavy,100,2,fork,1.0,0.0,38810,0.006312668537322595,True,0.35,0.0034766142820389493,,1bqf_emu,ALL,38810,0.02713218242720948,1.0,2.391888279584674e-19,0.0014948571576761322,0.0037614440799735452,,0.001453744133960786,0.9922879177377892,0.6334283000949668,0.36657169990503324,-9.99999760811172e-13,0.9899768101004895,-0.0018982843119004576
heavy,100,2,fork,1.0,0.0,38810,0.006312668537322595,True,0.35,0.0034766142820389493,,1bqf_emu,C-true,3,1.0,1.0,0.0018006502558114558,0.0018963316307786778,0.0018982843119004578,0.6520994001713796,0.001453744133960786,,,,-9.99999760811172e-13,,
heavy,100,2,fork,1.0,0.0,38810,0.006312668537322595,True,0.35,0.0034766142820389493,,1bqf_emu,fork-true,1,0.0,1.0,0.0011042319118146802,0.0011042319118146802,0.0011042319118146802,0.9948586118251928,0.001453744133960786,,,,-9.99999760811172e-13,,
heavy,100,2,fork,1.0,0.0,38810,0.006312668537322595,True,0.35,0.0034766142820389493,,1bqf_emu,cohit-true,38408,0.017288064986461155,1.0,2.391888279584674e-19,0.0014948571576761315,0.0014948571576761322,0.9981555765213866,0.001453744133960786,,,,-9.99999760811172e-13,,
heavy,100,2,fork,1.0,0.0,38810,0.006312668537322595,True,0.35,0.0034766142820389493,,1bqf_emu,cohit-false,9,0.0,1.0,2.391888279584674e-19,2.391888279584674e-19,2.391888279584674e-19,1.0,0.001453744133960786,,,,-9.99999760811172e-13,,
heavy,100,2,fork,1.0,0.0,38810,0.006312668537322595,True,0.35,0.0034766142820389493,,1bqf_emu,TRUE-coupled,389,0.9922879177377892,1.0,0.0016463619845546794,0.003010558961757817,0.0037614440799735452,,0.001453744133960786,,,,-9.99999760811172e-13,,
heavy,100,2,occ,0.0,0.3,38810,0.006312668537322595,True,0.5230769230769231,,,classical,ALL,38810,0.010383921669672764,0.2734862148930688,0.017821712716468215,0.023929815355722684,0.040027747583286595,,0.02383282462675681,0.9922879177377892,0.04218362282878412,0.9578163771712159,0.017925863944846816,0.9633502920670812,-0.00981755850591317
heavy,100,2,occ,0.0,0.3,38810,0.006312668537322595,True,0.5230769230769231,,,classical,C-true,3,1.0,1.0,0.027665126727143063,0.027741856537267646,0.027743422451759984,0.4910025706940874,0.02383282462675681,,,,0.017925863944846816,,
heavy,100,2,occ,0.0,0.3,38810,0.006312668537322595,True,0.5230769230769231,,,classical,fork-true,1,0.0,0.0,0.017849177070957855,0.017849177070957855,0.017849177070957855,1.0,0.02383282462675681,,,,0.017925863944846816,,
heavy,100,2,occ,0.0,0.3,38810,0.006312668537322595,True,0.5230769230769231,,,classical,cohit-true,38408,0.00036450739429285566,0.2659081441366382,0.01782158281236245,0.018184635111409633,0.02401192102048799,0.9992998325648738,0.02383282462675681,,,,0.017925863944846816,,
heavy,100,2,occ,0.0,0.3,38810,0.006312668537322595,True,0.5230769230769231,,,classical,cohit-false,9,0.0,1.0,0.01820548369574564,0.01826225060628843,0.018262250606288444,0.9965724078834619,0.02383282462675681,,,,0.017925863944846816,,
heavy,100,2,occ,0.0,0.3,38810,0.006312668537322595,True,0.5230769230769231,,,classical,TRUE-coupled,389,0.9922879177377892,1.0,0.026713482842583076,0.034465873917682265,0.040027747583286595,,0.02383282462675681,,,,0.017925863944846816,,
heavy,100,2,occ,0.0,0.3,38810,0.006312668537322595,True,0.5230769230769231,0.2977272938118332,,1bqf_emu,ALL,38810,0.9995619685648028,1.0,0.0031790205372180724,0.003204907035259547,0.0032055061321295663,,0.0015650879703217992,0.9922879177377892,0.9900497512437811,0.009950248756218905,0.001563253811386652,0.9899768101004895,-0.0016422523197429143
heavy,100,2,occ,0.0,0.3,38810,0.006312668537322595,True,0.5230769230769231,0.2977272938118332,,1bqf_emu,C-true,3,1.0,1.0,0.0031885249307510763,0.0031885643530249986,0.003188565157561201,0.006855184233076264,0.0015650879703217992,,,,0.001563253811386652,,
heavy,100,2,occ,0.0,0.3,38810,0.006312668537322595,True,0.5230769230769231,0.2977272938118332,,1bqf_emu,fork-true,1,1.0,1.0,0.0032044344733253836,0.0032044344733253836,0.0032044344733253836,0.0,0.0015650879703217992,,,,0.001563253811386652,,
heavy,100,2,occ,0.0,0.3,38810,0.006312668537322595,True,0.5230769230769231,0.2977272938118332,,1bqf_emu,cohit-true,38408,0.9996354926057072,1.0,0.00319438539865692,0.0032049085000610735,0.0032055061321295663,0.31331639348914564,0.0015650879703217992,,,,0.001563253811386652,,
heavy,100,2,occ,0.0,0.3,38810,0.006312668537322595,True,0.5230769230769231,0.2977272938118332,,1bqf_emu,cohit-false,9,1.0,1.0,0.00159417592655721,0.0031580988018680483,0.0031942831258136434,0.6166809483004856,0.0015650879703217992,,,,0.001563253811386652,,
heavy,100,2,occ,0.0,0.3,38810,0.006312668537322595,True,0.5230769230769231,0.2977272938118332,,1bqf_emu,TRUE-coupled,389,0.9922879177377892,1.0,0.003140061315310242,0.0031857178642763135,0.0032043997990576843,,0.0015650879703217992,,,,0.001563253811386652,,
heavy,100,2,both,1.0,0.3,38810,0.006312668537322595,True,0.5230769230769231,,,classical,ALL,38810,0.010435454779695954,0.017830456068023706,0.017840916996797743,0.02394007819451963,0.04150609338707564,,0.02384603505932824,0.9922879177377892,0.04691358024691358,0.9530864197530864,0.018296633905444667,0.43786127167630057,-0.012306092099771515
heavy,100,2,both,1.0,0.3,38810,0.006312668537322595,True,0.5230769230769231,,,classical,C-true,3,1.0,1.0,0.030485616081168176,0.03060038380771522,0.03060272600621618,0.6495287060839761,0.02384603505932824,,,,0.018296633905444667,,
heavy,100,2,both,1.0,0.3,38810,0.006312668537322595,True,0.5230769230769231,,,classical,fork-true,1,0.0,0.0,0.015496952367143607,0.015496952367143607,0.015496952367143607,1.0,0.02384603505932824,,,,0.018296633905444667,,
heavy,100,2,both,1.0,0.3,38810,0.006312668537322595,True,0.5230769230769231,,,classical,cohit-true,38408,0.00041657987919183504,0.007810872734846907,0.017840553636002753,0.01821844091759193,0.025866550144071097,0.999957900266065,0.02384603505932824,,,,0.018296633905444667,,
heavy,100,2,both,1.0,0.3,38810,0.006312668537322595,True,0.5230769230769231,,,classical,cohit-false,9,0.0,0.0,0.018204796368841484,0.0182615640743876,0.018261564074387615,1.0,0.02384603505932824,,,,0.018296633905444667,,
heavy,100,2,both,1.0,0.3,38810,0.006312668537322595,True,0.5230769230769231,,,classical,TRUE-coupled,389,0.9922879177377892,1.0,0.026631699634280165,0.03422363472621063,0.04150609338707564,,0.02384603505932824,,,,0.018296633905444667,,
heavy,100,2,both,1.0,0.3,38810,0.006312668537322595,True,0.5230769230769231,0.299820668123505,,1bqf_emu,ALL,38810,0.9995619685648028,1.0,0.003194486212012495,0.0032641122409541755,0.003271103773326325,,0.0015653180002092098,0.9922879177377892,0.9900497512437811,0.009950248756218905,0.0015634846923991965,0.9899768101004895,-0.0017076190799271283
heavy,100,2,both,1.0,0.3,38810,0.006312668537322595,True,0.5230769230769231,0.299820668123505,,1bqf_emu,C-true,3,1.0,1.0,0.0032213481261868207,0.0032481984028979033,0.003248746367728742,0.007712082262210797,0.0015653180002092098,,,,0.0015634846923991965,,
heavy,100,2,both,1.0,0.3,38810,0.006312668537322595,True,0.5230769230769231,0.299820668123505,,1bqf_emu,fork-true,1,1.0,1.0,0.00326409554660994,0.00326409554660994,0.00326409554660994,0.0,0.0015653180002092098,,,,0.0015634846923991965,,
heavy,100,2,both,1.0,0.3,38810,0.006312668537322595,True,0.5230769230769231,0.299820668123505,,1bqf_emu,cohit-true,38408,0.9996354926057072,1.0,0.003194610934671387,0.0032641136548937156,0.003271103773326325,0.37764505466673876,0.0015653180002092098,,,,0.0015634846923991965,,
heavy,100,2,both,1.0,0.3,38810,0.006312668537322595,True,0.5230769230769231,0.299820668123505,,1bqf_emu,cohit-false,9,1.0,1.0,0.0015944064229867628,0.0031583285419501026,0.003194532803182423,0.644672950585547,0.0015653180002092098,,,,0.0015634846923991965,,
heavy,100,2,both,1.0,0.3,38810,0.006312668537322595,True,0.5230769230769231,0.299820668123505,,1bqf_emu,TRUE-coupled,389,0.9922879177377892,1.0,0.0031397111609250826,0.0032211938329633617,0.003253707168841958,,0.0015653180002092098,,,,0.0015634846923991965,,
heavy,200,0,base,0.0,0.0,157609,0.006312668537322595,True,0.35,,,classical,ALL,157609,0.014199696717827028,1.0,0.249999999899858,0.3333333350290553,2.10871013617554,,0.3333333340290553,0.9949238578680203,0.6496872207327972,0.35031277926720283,0.249999999898858,0.9950002855166901,-1.8587101362756822
heavy,200,0,base,0.0,0.0,157609,0.006312668537322595,True,0.35,,,classical,C-true,51,1.0,1.0,0.39175575338298224,1.9347868916105484,2.10871013617554,0.3759082313128297,0.3333333340290553,,,,0.249999999898858,,
heavy,200,0,base,0.0,0.0,157609,0.006312668537322595,True,0.35,,,classical,fork-true,6,0.0,1.0,0.249999999899858,0.249999999899858,0.249999999899858,0.9983079526226735,0.3333333340290553,,,,0.249999999898858,,
heavy,200,0,base,0.0,0.0,157609,0.006312668537322595,True,0.35,,,classical,cohit-true,156755,0.008950272718573571,1.0,0.249999999899858,0.249999999899858,0.4999950550411358,0.9986231626287393,0.3333333340290553,,,,0.249999999898858,,
heavy,200,0,base,0.0,0.0,157609,0.006312668537322595,True,0.35,,,classical,cohit-false,9,0.0,1.0,0.249999999899858,0.249999999899858,0.249999999899858,0.9994359842075579,0.3333333340290553,,,,0.249999999898858,,
heavy,200,0,base,0.0,0.0,157609,0.006312668537322595,True,0.35,,,classical,TRUE-coupled,788,0.9949238578680203,1.0,0.4415583295393972,1.0904106584258149,2.10871013617554,,0.3333333340290553,,,,0.249999999898858,,
heavy,200,0,base,0.0,0.0,157609,0.006312668537322595,True,0.35,0.002050106197269508,,1bqf_emu,ALL,157609,0.014193351902492877,1.0,1.1959441397923374e-19,0.0007474285788380661,0.0022827272969002275,,0.0007071717062258619,0.9949238578680203,0.6495306213679034,0.35046937863209654,-9.99999880405586e-13,0.9950002855166901,-0.0022827272969002275
heavy,200,0,base,0.0,0.0,157609,0.006312668537322595,True,0.35,0.002050106197269508,,1bqf_emu,C-true,51,1.0,1.0,0.0009003251279057278,0.0022390114850690634,0.0022827272969002275,0.42191699014631234,0.0007071717062258619,,,,-9.99999880405586e-13,,
heavy,200,0,base,0.0,0.0,157609,0.006312668537322595,True,0.35,0.002050106197269508,,1bqf_emu,fork-true,6,0.0,1.0,1.1959441397923374e-19,1.1959441397923374e-19,1.1959441397923374e-19,1.0,0.0007071717062258619,,,,-9.99999880405586e-13,,
heavy,200,0,base,0.0,0.0,157609,0.006312668537322595,True,0.35,0.002050106197269508,,1bqf_emu,cohit-true,156755,0.00894389333673567,1.0,1.1959441397923374e-19,1.1959441397923374e-19,0.0014097462753544703,0.9975547618928111,0.0007071717062258619,,,,-9.99999880405586e-13,,
heavy,200,0,base,0.0,0.0,157609,0.006312668537322595,True,0.35,0.002050106197269508,,1bqf_emu,cohit-false,9,0.0,1.0,1.1959441397923374e-19,1.1959441397923374e-19,1.1959441397923374e-19,0.9995769881556683,0.0007071717062258619,,,,-9.99999880405586e-13,,
heavy,200,0,base,0.0,0.0,157609,0.006312668537322595,True,0.35,0.002050106197269508,,1bqf_emu,TRUE-coupled,788,0.9949238578680203,1.0,0.00135133748129925,0.002003309964914012,0.0022827272969002275,,0.0007071717062258619,,,,-9.99999880405586e-13,,
heavy,200,0,fork,1.0,0.0,157609,0.006312668537322595,True,0.35,,,classical,ALL,157609,0.013749214829102399,0.8903235221338883,0.2500000002425059,0.3333333783326382,0.6152725335711153,,0.27724533850770183,0.9911167512690355,0.6395939086294417,0.3604060913705584,0.23768469539823892,0.9943843845983908,-0.29593955262287147
heavy,200,0,fork,1.0,0.0,157609,0.006312668537322595,True,0.35,,,classical,C-true,51,0.9019607843137255,1.0,0.3039988746775818,0.5155190926057098,0.5336242480221104,0.8050413058624465,0.27724533850770183,,,,0.23768469539823892,,
heavy,200,0,fork,1.0,0.0,157609,0.006312668537322595,True,0.35,,,classical,fork-true,6,0.0,0.0,0.15458859739184982,0.18620735722032697,0.18703333856246526,1.0,0.27724533850770183,,,,0.23768469539823892,,
heavy,200,0,fork,1.0,0.0,157609,0.006312668537322595,True,0.35,,,classical,cohit-true,156755,0.008548371662785876,0.8897642818410896,0.2500000002425059,0.2500000002425059,0.45454437656934527,0.9957327764381256,0.27724533850770183,,,,0.23768469539823892,,
heavy,200,0,fork,1.0,0.0,157609,0.006312668537322595,True,0.35,,,classical,cohit-false,9,0.0,1.0,0.2500000002425059,0.2500000002425059,0.2500000002425059,0.996897913141568,0.27724533850770183,,,,0.23768469539823892,,
heavy,200,0,fork,1.0,0.0,157609,0.006312668537322595,True,0.35,,,classical,TRUE-coupled,788,0.9911167512690355,1.0,0.39051544065655,0.5670130465276751,0.6152725335711153,,0.27724533850770183,,,,0.23768469539823892,,
heavy,200,0,fork,1.0,0.0,157609,0.006312668537322595,True,0.35,0.012616405487240029,,1bqf_emu,ALL,157609,0.12211866073637927,1.0,1.1959441397923374e-19,0.0008231809922773395,0.0021447638144949073,,0.0007071717062258619,0.9923857868020305,0.959370291473996,0.04062970852600405,-9.99999880405586e-13,0.9950002855166901,-0.0019450405392418644
heavy,200,0,fork,1.0,0.0,157609,0.006312668537322595,True,0.35,0.012616405487240029,,1bqf_emu,C-true,51,0.9019607843137255,1.0,0.0007492543284372346,0.0014935376805708096,0.0015843423720061194,0.7301930924654125,0.0007071717062258619,,,,-9.99999880405586e-13,,
heavy,200,0,fork,1.0,0.0,157609,0.006312668537322595,True,0.35,0.012616405487240029,,1bqf_emu,fork-true,6,0.3333333333333333,1.0,0.0006028801091801662,0.0011272458849903475,0.001144871040845909,0.8299492385786802,0.0007071717062258619,,,,-9.99999880405586e-13,,
heavy,200,0,fork,1.0,0.0,157609,0.006312668537322595,True,0.35,0.012616405487240029,,1bqf_emu,cohit-true,156755,0.1174890753086026,1.0,1.1959441397923374e-19,0.0007474285788380661,0.0019450405392418646,0.9889666081458229,0.0007071717062258619,,,,-9.99999880405586e-13,,
heavy,200,0,fork,1.0,0.0,157609,0.006312668537322595,True,0.35,0.012616405487240029,,1bqf_emu,cohit-false,9,0.0,1.0,1.1959441397923374e-19,1.1959441397923374e-19,1.1959441397923374e-19,0.9991539763113367,0.0007071717062258619,,,,-9.99999880405586e-13,,
heavy,200,0,fork,1.0,0.0,157609,0.006312668537322595,True,0.35,0.012616405487240029,,1bqf_emu,TRUE-coupled,788,0.9923857868020305,1.0,0.000944954164780635,0.0018807220399867726,0.0021447638144949073,,0.0007071717062258619,,,,-9.99999880405586e-13,,
heavy,200,0,occ,0.0,0.3,157609,0.006312668537322595,True,0.5230769230769231,,,classical,ALL,157609,0.006275022365474053,0.5028266152313637,0.00903583883904698,0.011999623560136913,0.06877518962765565,,0.012141202056590996,0.9911167512690355,0.2103134479271992,0.7896865520728008,0.009034786705848568,0.9900567823343849,-0.05971952071627397
heavy,200,0,occ,0.0,0.3,157609,0.006312668537322595,True,0.5230769230769231,,,classical,C-true,51,1.0,1.0,0.014134638604039703,0.06323044152327516,0.06875430742312254,0.3746391957798348,0.012141202056590996,,,,0.009034786705848568,,
heavy,200,0,occ,0.0,0.3,157609,0.006312668537322595,True,0.5230769230769231,,,classical,fork-true,6,0.0,0.0,0.00893310133048748,0.009022096177306529,0.009026231953040652,1.0,0.012141202056590996,,,,0.009034786705848568,,
heavy,200,0,occ,0.0,0.3,157609,0.006312668537322595,True,0.5230769230769231,,,classical,cohit-true,156755,0.0010015629485502855,0.5001562948550285,0.009034816740256822,0.00912391611241916,0.017511882096231113,0.9988727357039915,0.012141202056590996,,,,0.009034786705848568,,
heavy,200,0,occ,0.0,0.3,157609,0.006312668537322595,True,0.5230769230769231,,,classical,cohit-false,9,0.0,1.0,0.009122784247679771,0.009128203130123871,0.00912867282346247,0.9950648618161309,0.012141202056590996,,,,0.009034786705848568,,
heavy,200,0,occ,0.0,0.3,157609,0.006312668537322595,True,0.5230769230769231,,,classical,TRUE-coupled,788,0.9911167512690355,1.0,0.015886913299551858,0.03616492095763651,0.06877518962765565,,0.012141202056590996,,,,0.009034786705848568,,
heavy,200,0,occ,0.0,0.3,157609,0.006312668537322595,True,0.5230769230769231,0.23383868187765994,,1bqf_emu,ALL,157609,0.7499635173118286,0.9535622965693583,0.0012115114167600691,0.0014743985266508224,0.0014800321135712655,,0.0009126046482596505,0.9911167512690355,0.9933926108916168,0.006607389108383177,0.0009114796697370843,0.9947568035132078,-0.0005685524428341812
heavy,200,0,occ,0.0,0.3,157609,0.006312668537322595,True,0.5230769230769231,0.23383868187765994,,1bqf_emu,C-true,51,1.0,1.0,0.0012132385786685711,0.00147985143604137,0.0014800321135712655,0.4258733950432965,0.0009126046482596505,,,,0.0009114796697370843,,
heavy,200,0,occ,0.0,0.3,157609,0.006312668537322595,True,0.5230769230769231,0.23383868187765994,,1bqf_emu,fork-true,6,0.6666666666666666,0.6666666666666666,0.0012105473576715768,0.0014608928855425701,0.0014740541329099155,0.748942470389171,0.0009126046482596505,,,,0.0009114796697370843,,
heavy,200,0,occ,0.0,0.3,157609,0.006312668537322595,True,0.5230769230769231,0.23383868187765994,,1bqf_emu,cohit-true,156755,0.7486651143504195,0.9533220630920863,0.001211041816334238,0.001474396952649682,0.0014769290831953374,0.6340419925238179,0.0009126046482596505,,,,0.0009114796697370843,,
heavy,200,0,occ,0.0,0.3,157609,0.006312668537322595,True,0.5230769230769231,0.23383868187765994,,1bqf_emu,cohit-false,9,0.8888888888888888,1.0,0.0012131035126527225,0.0014744162422792582,0.0014744162461414107,0.5032430908065426,0.0009126046482596505,,,,0.0009114796697370843,,
heavy,200,0,occ,0.0,0.3,157609,0.006312668537322595,True,0.5230769230769231,0.23383868187765994,,1bqf_emu,TRUE-coupled,788,0.9911167512690355,1.0,0.0012136755139604204,0.001476536220246692,0.0014800021153083187,,0.0009126046482596505,,,,0.0009114796697370843,,
heavy,200,0,both,1.0,0.3,157609,0.006312668537322595,True,0.5230769230769231,,,classical,ALL,157609,0.006484401271500993,0.32054007068124285,0.009034684216083817,0.011994237464818154,0.028407853366315076,,0.012152151701938247,0.9911167512690355,0.23581213307240703,0.764187866927593,0.009059809205867821,0.9844022169437846,-0.01875227881534009
heavy,200,0,both,1.0,0.3,157609,0.006312668537322595,True,0.5230769230769231,,,classical,C-true,51,1.0,1.0,0.0140101862091594,0.02621834582539216,0.02781208802220791,0.6069473474669056,0.012152151701938247,,,,0.009059809205867821,,
heavy,200,0,both,1.0,0.3,157609,0.006312668537322595,True,0.5230769230769231,,,classical,fork-true,6,0.0,0.0,0.007860439900541987,0.008273810641917371,0.00828654754224566,1.0,0.012152151701938247,,,,0.009059809205867821,,
heavy,200,0,both,1.0,0.3,157609,0.006312668537322595,True,0.5230769230769231,,,classical,cohit-true,156755,0.0012120825492009824,0.3168766546521642,0.00903399334825463,0.01052805656235625,0.01764158052934395,0.9984517045983523,0.012152151701938247,,,,0.009059809205867821,,
heavy,200,0,both,1.0,0.3,157609,0.006312668537322595,True,0.5230769230769231,,,classical,cohit-false,9,0.0,1.0,0.009177343377223878,0.009265457264011491,0.009266742033505441,0.9949238578680203,0.012152151701938247,,,,0.009059809205867821,,
heavy,200,0,both,1.0,0.3,157609,0.006312668537322595,True,0.5230769230769231,,,classical,TRUE-coupled,788,0.9911167512690355,1.0,0.016125890053486226,0.022131489231120592,0.028407853366315076,,0.012152151701938247,,,,0.009059809205867821,,
heavy,200,0,both,1.0,0.3,157609,0.006312668537322595,True,0.5230769230769231,0.21374781060859527,,1bqf_emu,ALL,157609,0.7705460982558102,0.8779194081556256,0.0011080447416737169,0.0014425777734094498,0.0014508996513139796,,0.0008762251722913704,0.9911167512690355,0.9935691053563341,0.006430894643665857,0.0008751917117789759,0.994305041628122,-0.0005756533005686243
heavy,200,0,both,1.0,0.3,157609,0.006312668537322595,True,0.5230769230769231,0.21374781060859527,,1bqf_emu,C-true,51,1.0,1.0,0.0011048865584207645,0.0014496830564327513,0.001450523928668155,0.42895889320195085,0.0008762251722913704,,,,0.0008751917117789759,,
heavy,200,0,both,1.0,0.3,157609,0.006312668537322595,True,0.5230769230769231,0.21374781060859527,,1bqf_emu,fork-true,6,0.6666666666666666,0.6666666666666666,0.0010998900305737407,0.001419280330128488,0.001435739458974088,0.6730118443316413,0.0008762251722913704,,,,0.0008751917117789759,,
heavy,200,0,both,1.0,0.3,157609,0.006312668537322595,True,0.5230769230769231,0.21374781060859527,,1bqf_emu,cohit-true,156755,0.7693598290325667,0.8772670728206436,0.0011080568842761482,0.0014425744689407793,0.0014508450133476002,0.5990094552477458,0.0008762251722913704,,,,0.0008751917117789759,,
heavy,200,0,both,1.0,0.3,157609,0.006312668537322595,True,0.5230769230769231,0.21374781060859527,,1bqf_emu,cohit-false,9,0.8888888888888888,1.0,0.0011783561976956708,0.0014377338532895526,0.001437735533375044,0.49774393683023127,0.0008762251722913704,,,,0.0008751917117789759,,
heavy,200,0,both,1.0,0.3,157609,0.006312668537322595,True,0.5230769230769231,0.21374781060859527,,1bqf_emu,TRUE-coupled,788,0.9911167512690355,1.0,0.0011087119685884556,0.0014445381009980751,0.0014508996513139796,,0.0008762251722913704,,,,0.0008751917117789759,,
clean,100,0,base,0.0,0.0,40000,0.0004247940677551889,True,0.35,,,classical,ALL,40000,0.01,0.01,0.24999999999999997,0.3336363636364253,0.45454545454545453,,0.36363636263636356,1.0,0.0,1.0,0.3636363636353636,0.0,0.03030303030303033
clean,100,0,base,0.0,0.0,40000,0.0004247940677551889,True,0.35,,,classical,cohit-true,39600,0.0,0.0,0.24999999999999997,0.24999999999999997,0.33333333333333326,1.0,0.36363636263636356,,,,0.3636363636353636,,
clean,100,0,base,0.0,0.0,40000,0.0004247940677551889,True,0.35,,,classical,TRUE-coupled,400,1.0,1.0,0.40909090909090906,0.45454545454545453,0.45454545454545453,,0.36363636263636356,,,,0.3636363636353636,,
clean,100,0,base,0.0,0.0,40000,0.0004247940677551889,True,0.35,0.002059506144980975,,1bqf_emu,ALL,40000,0.01,0.01,2.3918882795846738e-19,0.0014951586565982301,0.002819492550708941,,0.001525006049879806,1.0,0.0,1.0,0.001525007048879806,0.0,3.0149892203673936e-05
clean,100,0,base,0.0,0.0,40000,0.0004247940677551889,True,0.35,0.002059506144980975,,1bqf_emu,cohit-true,39600,0.0,0.0,2.3918882795846738e-19,2.3918882795846738e-19,0.001494857157676132,1.0,0.001525006049879806,,,,0.001525007048879806,,
clean,100,0,base,0.0,0.0,40000,0.0004247940677551889,True,0.35,0.002059506144980975,,1bqf_emu,TRUE-coupled,400,1.0,1.0,0.0021722498002943735,0.002819492550708941,0.002819492550708941,,0.001525006049879806,,,,0.001525007048879806,,
clean,100,0,fork,1.0,0.0,40000,0.0004247940677551889,True,0.35,,,classical,ALL,40000,0.01,0.01,0.24999999999999997,0.3336363636364253,0.45454545454545453,,0.36363636263636356,1.0,0.0,1.0,0.3636363636353636,0.0,0.03030303030303033
clean,100,0,fork,1.0,0.0,40000,0.0004247940677551889,True,0.35,,,classical,cohit-true,39600,0.0,0.0,0.24999999999999997,0.24999999999999997,0.33333333333333326,1.0,0.36363636263636356,,,,0.3636363636353636,,
clean,100,0,fork,1.0,0.0,40000,0.0004247940677551889,True,0.35,,,classical,TRUE-coupled,400,1.0,1.0,0.40909090909090906,0.45454545454545453,0.45454545454545453,,0.36363636263636356,,,,0.3636363636353636,,
clean,100,0,fork,1.0,0.0,40000,0.0004247940677551889,True,0.35,0.002059506144980975,,1bqf_emu,ALL,40000,0.01,0.01,2.3918882795846738e-19,0.0014951586565982301,0.002819492550708941,,0.001525006049879806,1.0,0.0,1.0,0.001525007048879806,0.0,3.0149892203673936e-05
clean,100,0,fork,1.0,0.0,40000,0.0004247940677551889,True,0.35,0.002059506144980975,,1bqf_emu,cohit-true,39600,0.0,0.0,2.3918882795846738e-19,2.3918882795846738e-19,0.001494857157676132,1.0,0.001525006049879806,,,,0.001525007048879806,,
clean,100,0,fork,1.0,0.0,40000,0.0004247940677551889,True,0.35,0.002059506144980975,,1bqf_emu,TRUE-coupled,400,1.0,1.0,0.0021722498002943735,0.002819492550708941,0.002819492550708941,,0.001525006049879806,,,,0.001525007048879806,,
clean,100,0,occ,0.0,0.3,40000,0.0004247940677551889,True,0.5230769230769231,,,classical,ALL,40000,0.0099,0.01,0.017664449819231324,0.023414025778335238,0.032027605651877566,,0.025666557950617407,0.99,0.0,1.0,0.02559770611180241,0.0,0.002205737711587538
clean,100,0,occ,0.0,0.3,40000,0.0004247940677551889,True,0.5230769230769231,,,classical,cohit-true,39600,0.0,0.0,0.017610305282935328,0.01766497521697057,0.02339196840121487,1.0,0.025666557950617407,,,,0.02559770611180241,,
clean,100,0,occ,0.0,0.3,40000,0.0004247940677551889,True,0.5230769230769231,,,classical,TRUE-coupled,400,0.99,1.0,0.02881030247580128,0.03202760565187754,0.032027605651877566,,0.025666557950617407,,,,0.02559770611180241,,
clean,100,0,occ,0.0,0.3,40000,0.0004247940677551889,True,0.5230769230769231,0.574111020997392,,1bqf_emu,ALL,40000,0.9999,1.0,0.0037874944225540037,0.0037900603128128755,0.0037900754253745294,,0.0037509263857404274,0.99,0.9900990099009901,0.009900990099009901,0.0037508690749828034,0.99,-3.920634939172602e-05
clean,100,0,occ,0.0,0.3,40000,0.0004247940677551889,True,0.5230769230769231,0.574111020997392,,1bqf_emu,cohit-true,39600,1.0,1.0,0.0037875058808315427,0.003790060312825146,0.0037900754253745294,2.5252525252525253e-05,0.0037509263857404274,,,,0.0037508690749828034,,
clean,100,0,occ,0.0,0.3,40000,0.0004247940677551889,True,0.5230769230769231,0.574111020997392,,1bqf_emu,TRUE-coupled,400,0.99,1.0,0.003762979523067463,0.0037750900892036805,0.0037750936826234887,,0.0037509263857404274,,,,0.0037508690749828034,,
clean,100,0,both,1.0,0.3,40000,0.0004247940677551889,True,0.5230769230769231,,,classical,ALL,40000,0.0099,0.01,0.017664449819231324,0.023414025778335238,0.032027605651877566,,0.025666557950617407,0.99,0.0,1.0,0.02559770611180241,0.0,0.002205737711587538
clean,100,0,both,1.0,0.3,40000,0.0004247940677551889,True,0.5230769230769231,,,classical,cohit-true,39600,0.0,0.0,0.017610305282935328,0.01766497521697057,0.02339196840121487,1.0,0.025666557950617407,,,,0.02559770611180241,,
clean,100,0,both,1.0,0.3,40000,0.0004247940677551889,True,0.5230769230769231,,,classical,TRUE-coupled,400,0.99,1.0,0.02881030247580128,0.03202760565187754,0.032027605651877566,,0.025666557950617407,,,,0.02559770611180241,,
clean,100,0,both,1.0,0.3,40000,0.0004247940677551889,True,0.5230769230769231,0.574111020997392,,1bqf_emu,ALL,40000,0.9999,1.0,0.0037874944225540037,0.0037900603128128755,0.0037900754253745294,,0.0037509263857404274,0.99,0.9900990099009901,0.009900990099009901,0.0037508690749828034,0.99,-3.920634939172602e-05
clean,100,0,both,1.0,0.3,40000,0.0004247940677551889,True,0.5230769230769231,0.574111020997392,,1bqf_emu,cohit-true,39600,1.0,1.0,0.0037875058808315427,0.003790060312825146,0.0037900754253745294,2.5252525252525253e-05,0.0037509263857404274,,,,0.0037508690749828034,,
clean,100,0,both,1.0,0.3,40000,0.0004247940677551889,True,0.5230769230769231,0.574111020997392,,1bqf_emu,TRUE-coupled,400,0.99,1.0,0.003762979523067463,0.0037750900892036805,0.0037750936826234887,,0.0037509263857404274,,,,0.0037508690749828034,,
