n_trk,rep,who,drop_rate,n_true_all,n_true_clean,n_false_all,n_active,n_true_active,n_false_active,eff_pct,fr_pct,cos,jaccard,t_classical,t_quantum,success_prob,n_seg
2,0,C,0.0,8,8,8,8,8,0,100.0,0.0,0.822088036891321,0.75,0.0004012584686279297,0.7893767356872559,0.143798828125,16
2,0,Q,0.0,8,8,8,6,6,0,75.0,0.0,0.822088036891321,0.75,0.0004012584686279297,0.7893767356872559,0.143798828125,16
2,1,C,0.0,8,8,8,8,8,0,100.0,0.0,0.8285036668163741,0.75,0.00038433074951171875,0.4186551570892334,0.1348876953125,16
2,1,Q,0.0,8,8,8,6,6,0,75.0,0.0,0.8285036668163741,0.75,0.00038433074951171875,0.4186551570892334,0.1348876953125,16
2,2,C,0.0,8,8,8,8,8,0,100.0,0.0,0.8241190300489621,0.75,0.0022077560424804688,0.42000412940979004,0.144775390625,16
2,2,Q,0.0,8,8,8,6,6,0,75.0,0.0,0.8241190300489621,0.75,0.0022077560424804688,0.42000412940979004,0.144775390625,16
2,3,C,0.0,8,8,8,8,8,0,100.0,0.0,0.82508187477111,0.75,0.0005235671997070312,0.5899946689605713,0.1429443359375,16
2,3,Q,0.0,8,8,8,6,6,0,75.0,0.0,0.82508187477111,0.75,0.0005235671997070312,0.5899946689605713,0.1429443359375,16
2,4,C,0.0,8,8,8,8,8,0,100.0,0.0,0.8282547503031432,0.75,0.00037217140197753906,0.44237327575683594,0.14599609375,16
2,4,Q,0.0,8,8,8,6,6,0,75.0,0.0,0.8282547503031432,0.75,0.00037217140197753906,0.44237327575683594,0.14599609375,16
2,5,C,0.0,8,8,8,8,8,0,100.0,0.0,0.825640509378345,0.75,0.00023508071899414062,0.35196733474731445,0.1434326171875,16
2,5,Q,0.0,8,8,8,6,6,0,75.0,0.0,0.825640509378345,0.75,0.00023508071899414062,0.35196733474731445,0.1434326171875,16
2,6,C,0.0,8,8,8,8,8,0,100.0,0.0,0.8263508351993404,0.75,0.0003943443298339844,0.43117237091064453,0.14306640625,16
2,6,Q,0.0,8,8,8,6,6,0,75.0,0.0,0.8263508351993404,0.75,0.0003943443298339844,0.43117237091064453,0.14306640625,16
2,7,C,0.0,8,8,8,8,8,0,100.0,0.0,0.8286076727980546,0.75,0.00033020973205566406,0.46627235412597656,0.1463623046875,16
2,7,Q,0.0,8,8,8,6,6,0,75.0,0.0,0.8286076727980546,0.75,0.00033020973205566406,0.46627235412597656,0.1463623046875,16
2,8,C,0.0,8,8,8,8,8,0,100.0,0.0,0.8232636721009671,0.75,0.00031685829162597656,0.40578627586364746,0.14208984375,16
2,8,Q,0.0,8,8,8,6,6,0,75.0,0.0,0.8232636721009671,0.75,0.00031685829162597656,0.40578627586364746,0.14208984375,16
2,9,C,0.0,8,8,8,8,8,0,100.0,0.0,0.8288532186875339,0.75,0.0002491474151611328,0.3303558826446533,0.138916015625,16
2,9,Q,0.0,8,8,8,6,6,0,75.0,0.0,0.8288532186875339,0.75,0.0002491474151611328,0.3303558826446533,0.138916015625,16
2,10,C,0.0,8,8,8,8,8,0,100.0,0.0,0.8264035523908152,0.75,0.00035762786865234375,0.43597936630249023,0.13525390625,16
2,10,Q,0.0,8,8,8,6,6,0,75.0,0.0,0.8264035523908152,0.75,0.00035762786865234375,0.43597936630249023,0.13525390625,16
2,11,C,0.0,8,8,8,8,8,0,100.0,0.0,0.8190090316022411,0.75,0.0004203319549560547,0.9715325832366943,0.1407470703125,16
2,11,Q,0.0,8,8,8,6,6,0,75.0,0.0,0.8190090316022411,0.75,0.0004203319549560547,0.9715325832366943,0.1407470703125,16
2,12,C,0.0,8,8,8,8,8,0,100.0,0.0,0.8252281629444198,0.75,0.0003151893615722656,0.42226696014404297,0.1422119140625,16
2,12,Q,0.0,8,8,8,6,6,0,75.0,0.0,0.8252281629444198,0.75,0.0003151893615722656,0.42226696014404297,0.1422119140625,16
2,13,C,0.0,8,8,8,8,8,0,100.0,0.0,0.8230398074619644,0.75,0.00033211708068847656,0.684715747833252,0.1541748046875,16
2,13,Q,0.0,8,8,8,6,6,0,75.0,0.0,0.8230398074619644,0.75,0.00033211708068847656,0.684715747833252,0.1541748046875,16
2,14,C,0.0,8,8,8,8,8,0,100.0,0.0,0.8225462088600709,0.75,0.0003795623779296875,0.8292062282562256,0.1422119140625,16
2,14,Q,0.0,8,8,8,6,6,0,75.0,0.0,0.8225462088600709,0.75,0.0003795623779296875,0.8292062282562256,0.1422119140625,16
2,15,C,0.0,8,8,8,8,8,0,100.0,0.0,0.8270921933598198,0.75,0.00031495094299316406,0.35404157638549805,0.1480712890625,16
2,15,Q,0.0,8,8,8,6,6,0,75.0,0.0,0.8270921933598198,0.75,0.00031495094299316406,0.35404157638549805,0.1480712890625,16
2,16,C,0.0,8,8,8,8,8,0,100.0,0.0,0.8246237908812107,0.75,0.0003352165222167969,0.46039628982543945,0.1397705078125,16
2,16,Q,0.0,8,8,8,6,6,0,75.0,0.0,0.8246237908812107,0.75,0.0003352165222167969,0.46039628982543945,0.1397705078125,16
2,17,C,0.0,8,8,8,8,8,0,100.0,0.0,0.8250592373494912,0.75,0.0003902912139892578,0.4476795196533203,0.13720703125,16
2,17,Q,0.0,8,8,8,6,6,0,75.0,0.0,0.8250592373494912,0.75,0.0003902912139892578,0.4476795196533203,0.13720703125,16
2,18,C,0.0,8,8,8,8,8,0,100.0,0.0,0.8275903290704125,0.75,0.0003662109375,0.44104933738708496,0.1375732421875,16
2,18,Q,0.0,8,8,8,6,6,0,75.0,0.0,0.8275903290704125,0.75,0.0003662109375,0.44104933738708496,0.1375732421875,16
2,19,C,0.0,8,8,8,8,8,0,100.0,0.0,0.8240897276389701,0.75,0.0003783702850341797,0.45920634269714355,0.1412353515625,16
2,19,Q,0.0,8,8,8,6,6,0,75.0,0.0,0.8240897276389701,0.75,0.0003783702850341797,0.45920634269714355,0.1412353515625,16
2,20,C,0.0,8,8,8,8,8,0,100.0,0.0,0.8241642309317653,0.75,0.0003116130828857422,0.4213287830352783,0.1405029296875,16
2,20,Q,0.0,8,8,8,6,6,0,75.0,0.0,0.8241642309317653,0.75,0.0003116130828857422,0.4213287830352783,0.1405029296875,16
2,21,C,0.0,8,8,8,8,8,0,100.0,0.0,0.822994910838295,0.75,0.0003745555877685547,0.6499390602111816,0.14111328125,16
2,21,Q,0.0,8,8,8,6,6,0,75.0,0.0,0.822994910838295,0.75,0.0003745555877685547,0.6499390602111816,0.14111328125,16
2,22,C,0.0,8,8,8,8,8,0,100.0,0.0,0.8235407087645165,0.75,0.0003108978271484375,0.4343576431274414,0.1419677734375,16
2,22,Q,0.0,8,8,8,6,6,0,75.0,0.0,0.8235407087645165,0.75,0.0003108978271484375,0.4343576431274414,0.1419677734375,16
2,23,C,0.0,8,8,8,8,8,0,100.0,0.0,0.8256711748798863,0.75,0.0003407001495361328,0.5809633731842041,0.13818359375,16
2,23,Q,0.0,8,8,8,6,6,0,75.0,0.0,0.8256711748798863,0.75,0.0003407001495361328,0.5809633731842041,0.13818359375,16
2,24,C,0.0,8,8,8,8,8,0,100.0,0.0,0.8283049953277208,0.75,0.0003376007080078125,0.40678977966308594,0.147216796875,16
2,24,Q,0.0,8,8,8,6,6,0,75.0,0.0,0.8283049953277208,0.75,0.0003376007080078125,0.40678977966308594,0.147216796875,16
2,25,C,0.0,8,8,8,8,8,0,100.0,0.0,0.8211578402862477,0.75,0.0002994537353515625,0.4389832019805908,0.1455078125,16
2,25,Q,0.0,8,8,8,6,6,0,75.0,0.0,0.8211578402862477,0.75,0.0002994537353515625,0.4389832019805908,0.1455078125,16
2,26,C,0.0,8,8,8,8,8,0,100.0,0.0,0.8230696138166541,0.75,0.00023889541625976562,0.37157440185546875,0.141357421875,16
2,26,Q,0.0,8,8,8,6,6,0,75.0,0.0,0.8230696138166541,0.75,0.00023889541625976562,0.37157440185546875,0.141357421875,16
2,27,C,0.0,8,8,8,8,8,0,100.0,0.0,0.8233734844768512,0.75,0.0003819465637207031,0.4224865436553955,0.134033203125,16
2,27,Q,0.0,8,8,8,6,6,0,75.0,0.0,0.8233734844768512,0.75,0.0003819465637207031,0.4224865436553955,0.134033203125,16
2,28,C,0.0,8,8,8,8,8,0,100.0,0.0,0.8258187663057633,0.75,0.0002646446228027344,0.41603612899780273,0.1383056640625,16
2,28,Q,0.0,8,8,8,6,6,0,75.0,0.0,0.8258187663057633,0.75,0.0002646446228027344,0.41603612899780273,0.1383056640625,16
2,29,C,0.0,8,8,8,8,8,0,100.0,0.0,0.8224019783843438,0.75,0.0004208087921142578,0.4290132522583008,0.142333984375,16
2,29,Q,0.0,8,8,8,6,6,0,75.0,0.0,0.8224019783843438,0.75,0.0004208087921142578,0.4290132522583008,0.142333984375,16
2,30,C,0.0,8,8,8,8,8,0,100.0,0.0,0.8268481441854462,0.75,0.002022981643676758,0.565727710723877,0.1414794921875,16
2,30,Q,0.0,8,8,8,6,6,0,75.0,0.0,0.8268481441854462,0.75,0.002022981643676758,0.565727710723877,0.1414794921875,16
2,31,C,0.0,8,8,8,8,8,0,100.0,0.0,0.8253312014005908,0.75,0.0003402233123779297,0.42435193061828613,0.1380615234375,16
2,31,Q,0.0,8,8,8,6,6,0,75.0,0.0,0.8253312014005908,0.75,0.0003402233123779297,0.42435193061828613,0.1380615234375,16
2,32,C,0.0,8,8,8,8,8,0,100.0,0.0,0.827010706949322,0.75,0.00022029876708984375,0.3386678695678711,0.147216796875,16
2,32,Q,0.0,8,8,8,6,6,0,75.0,0.0,0.827010706949322,0.75,0.00022029876708984375,0.3386678695678711,0.147216796875,16
2,33,C,0.0,8,8,8,8,8,0,100.0,0.0,0.8255237317304199,0.75,0.0003383159637451172,0.38716769218444824,0.1497802734375,16
2,33,Q,0.0,8,8,8,6,6,0,75.0,0.0,0.8255237317304199,0.75,0.0003383159637451172,0.38716769218444824,0.1497802734375,16
2,34,C,0.0,8,8,8,8,8,0,100.0,0.0,0.8241254810918655,0.75,0.0001723766326904297,0.26665687561035156,0.1497802734375,16
2,34,Q,0.0,8,8,8,6,6,0,75.0,0.0,0.8241254810918655,0.75,0.0001723766326904297,0.26665687561035156,0.1497802734375,16
2,35,C,0.0,8,8,8,8,8,0,100.0,0.0,0.8234490167483914,0.75,0.0003676414489746094,0.997220516204834,0.1409912109375,16
2,35,Q,0.0,8,8,8,6,6,0,75.0,0.0,0.8234490167483914,0.75,0.0003676414489746094,0.997220516204834,0.1409912109375,16
2,36,C,0.0,8,8,8,8,8,0,100.0,0.0,0.8266684484477906,0.75,0.0003743171691894531,0.6156108379364014,0.1483154296875,16
2,36,Q,0.0,8,8,8,6,6,0,75.0,0.0,0.8266684484477906,0.75,0.0003743171691894531,0.6156108379364014,0.1483154296875,16
2,37,C,0.0,8,8,8,8,8,0,100.0,0.0,0.8296592796653137,0.75,0.0003521442413330078,0.4584786891937256,0.1434326171875,16
2,37,Q,0.0,8,8,8,6,6,0,75.0,0.0,0.8296592796653137,0.75,0.0003521442413330078,0.4584786891937256,0.1434326171875,16
2,38,C,0.0,8,8,8,8,8,0,100.0,0.0,0.8313930247122419,0.75,0.0003838539123535156,0.5495624542236328,0.1390380859375,16
2,38,Q,0.0,8,8,8,6,6,0,75.0,0.0,0.8313930247122419,0.75,0.0003838539123535156,0.5495624542236328,0.1390380859375,16
2,39,C,0.0,8,8,8,8,8,0,100.0,0.0,0.8253644165003735,0.75,0.00023818016052246094,0.36048054695129395,0.1474609375,16
2,39,Q,0.0,8,8,8,6,6,0,75.0,0.0,0.8253644165003735,0.75,0.00023818016052246094,0.36048054695129395,0.1474609375,16
2,40,C,0.0,8,8,8,8,8,0,100.0,0.0,0.8309071804457775,0.75,0.0002589225769042969,0.40302491188049316,0.1390380859375,16
2,40,Q,0.0,8,8,8,6,6,0,75.0,0.0,0.8309071804457775,0.75,0.0002589225769042969,0.40302491188049316,0.1390380859375,16
2,41,C,0.0,8,8,8,8,8,0,100.0,0.0,0.8287011534321522,0.75,0.0003299713134765625,0.5338447093963623,0.1473388671875,16
2,41,Q,0.0,8,8,8,6,6,0,75.0,0.0,0.8287011534321522,0.75,0.0003299713134765625,0.5338447093963623,0.1473388671875,16
2,42,C,0.0,8,8,8,8,8,0,100.0,0.0,0.8218841681794451,0.75,0.00024056434631347656,0.4041566848754883,0.1466064453125,16
2,42,Q,0.0,8,8,8,6,6,0,75.0,0.0,0.8218841681794451,0.75,0.00024056434631347656,0.4041566848754883,0.1466064453125,16
2,43,C,0.0,8,8,8,8,8,0,100.0,0.0,0.8238619524242728,0.75,0.0003037452697753906,0.388577938079834,0.145263671875,16
2,43,Q,0.0,8,8,8,6,6,0,75.0,0.0,0.8238619524242728,0.75,0.0003037452697753906,0.388577938079834,0.145263671875,16
2,44,C,0.0,8,8,8,8,8,0,100.0,0.0,0.821622809542493,0.75,0.0004050731658935547,0.46373724937438965,0.14111328125,16
2,44,Q,0.0,8,8,8,6,6,0,75.0,0.0,0.821622809542493,0.75,0.0004050731658935547,0.46373724937438965,0.14111328125,16
2,45,C,0.0,8,8,8,8,8,0,100.0,0.0,0.8298022062488453,0.75,0.0003597736358642578,0.7829582691192627,0.1402587890625,16
2,45,Q,0.0,8,8,8,6,6,0,75.0,0.0,0.8298022062488453,0.75,0.0003597736358642578,0.7829582691192627,0.1402587890625,16
2,46,C,0.0,8,8,8,8,8,0,100.0,0.0,0.8240852416877142,0.75,0.00040602684020996094,0.4420621395111084,0.138427734375,16
2,46,Q,0.0,8,8,8,6,6,0,75.0,0.0,0.8240852416877142,0.75,0.00040602684020996094,0.4420621395111084,0.138427734375,16
2,47,C,0.0,8,8,8,8,8,0,100.0,0.0,0.8254207109366604,0.75,0.00042366981506347656,0.4352285861968994,0.1475830078125,16
2,47,Q,0.0,8,8,8,6,6,0,75.0,0.0,0.8254207109366604,0.75,0.00042366981506347656,0.4352285861968994,0.1475830078125,16
2,48,C,0.0,8,8,8,8,8,0,100.0,0.0,0.8279321433014007,0.75,0.0002193450927734375,0.3665771484375,0.146728515625,16
2,48,Q,0.0,8,8,8,6,6,0,75.0,0.0,0.8279321433014007,0.75,0.0002193450927734375,0.3665771484375,0.146728515625,16
2,49,C,0.0,8,8,8,8,8,0,100.0,0.0,0.8300010320743659,0.75,0.0005357265472412109,0.9045505523681641,0.1448974609375,16
2,49,Q,0.0,8,8,8,6,6,0,75.0,0.0,0.8300010320743659,0.75,0.0005357265472412109,0.9045505523681641,0.1448974609375,16
2,50,C,0.0,8,8,8,8,8,0,100.0,0.0,0.8263556240394154,0.75,0.0003044605255126953,0.3737194538116455,0.1405029296875,16
2,50,Q,0.0,8,8,8,6,6,0,75.0,0.0,0.8263556240394154,0.75,0.0003044605255126953,0.3737194538116455,0.1405029296875,16
2,51,C,0.0,8,8,8,8,8,0,100.0,0.0,0.8233210865219476,0.75,0.0006392002105712891,0.7244830131530762,0.1507568359375,16
2,51,Q,0.0,8,8,8,6,6,0,75.0,0.0,0.8233210865219476,0.75,0.0006392002105712891,0.7244830131530762,0.1507568359375,16
2,52,C,0.0,8,8,8,8,8,0,100.0,0.0,0.8282929652797012,0.75,0.00045990943908691406,0.7222473621368408,0.1434326171875,16
2,52,Q,0.0,8,8,8,6,6,0,75.0,0.0,0.8282929652797012,0.75,0.00045990943908691406,0.7222473621368408,0.1434326171875,16
2,53,C,0.0,8,8,8,8,8,0,100.0,0.0,0.8270321213961226,0.75,0.0002868175506591797,0.4431271553039551,0.146240234375,16
2,53,Q,0.0,8,8,8,6,6,0,75.0,0.0,0.8270321213961226,0.75,0.0002868175506591797,0.4431271553039551,0.146240234375,16
2,54,C,0.0,8,8,8,8,8,0,100.0,0.0,0.8241261445898707,0.75,0.00019621849060058594,0.33263254165649414,0.141357421875,16
2,54,Q,0.0,8,8,8,6,6,0,75.0,0.0,0.8241261445898707,0.75,0.00019621849060058594,0.33263254165649414,0.141357421875,16
2,55,C,0.0,8,8,8,8,8,0,100.0,0.0,0.8272305767080306,0.75,0.0003705024719238281,0.45744919776916504,0.148681640625,16
2,55,Q,0.0,8,8,8,6,6,0,75.0,0.0,0.8272305767080306,0.75,0.0003705024719238281,0.45744919776916504,0.148681640625,16
2,56,C,0.0,8,8,8,8,8,0,100.0,0.0,0.827202573069779,0.75,0.0003161430358886719,0.37128663063049316,0.140869140625,16
2,56,Q,0.0,8,8,8,6,6,0,75.0,0.0,0.827202573069779,0.75,0.0003161430358886719,0.37128663063049316,0.140869140625,16
2,57,C,0.0,8,8,8,8,8,0,100.0,0.0,0.8250587152998494,0.75,0.0005233287811279297,0.7289633750915527,0.141357421875,16
2,57,Q,0.0,8,8,8,6,6,0,75.0,0.0,0.8250587152998494,0.75,0.0005233287811279297,0.7289633750915527,0.141357421875,16
2,58,C,0.0,8,8,8,8,8,0,100.0,0.0,0.8271655757826867,0.75,0.0003228187561035156,0.4288918972015381,0.1427001953125,16
2,58,Q,0.0,8,8,8,6,6,0,75.0,0.0,0.8271655757826867,0.75,0.0003228187561035156,0.4288918972015381,0.1427001953125,16
2,59,C,0.0,8,8,8,8,8,0,100.0,0.0,0.8316346178218654,0.75,0.00023436546325683594,0.3519866466522217,0.1492919921875,16
2,59,Q,0.0,8,8,8,6,6,0,75.0,0.0,0.8316346178218654,0.75,0.00023436546325683594,0.3519866466522217,0.1492919921875,16
4,0,C,0.0,16,16,48,16,16,0,100.0,0.0,0.661290906254621,0.75,0.00045108795166015625,0.5255470275878906,0.0693359375,64
4,0,Q,0.0,16,16,48,12,12,0,75.0,0.0,0.661290906254621,0.75,0.00045108795166015625,0.5255470275878906,0.0693359375,64
4,1,C,0.0,16,16,48,16,16,0,100.0,0.0,0.6673834145716802,0.75,0.0005042552947998047,0.5679647922515869,0.072998046875,64
4,1,Q,0.0,16,16,48,12,12,0,75.0,0.0,0.6673834145716802,0.75,0.0005042552947998047,0.5679647922515869,0.072998046875,64
4,2,C,0.0,16,16,48,16,16,0,100.0,0.0,0.6627903587087324,0.75,0.00025582313537597656,0.4736652374267578,0.0760498046875,64
4,2,Q,0.0,16,16,48,12,12,0,75.0,0.0,0.6627903587087324,0.75,0.00025582313537597656,0.4736652374267578,0.0760498046875,64
4,3,C,0.0,16,16,48,16,16,0,100.0,0.0,0.661163969783497,0.75,0.0006043910980224609,0.5389158725738525,0.06787109375,64
4,3,Q,0.0,16,16,48,12,12,0,75.0,0.0,0.661163969783497,0.75,0.0006043910980224609,0.5389158725738525,0.06787109375,64
4,4,C,0.0,16,16,48,16,16,0,100.0,0.0,0.6666452214683763,0.75,0.00037789344787597656,0.7533576488494873,0.0703125,64
4,4,Q,0.0,16,16,48,12,12,0,75.0,0.0,0.6666452214683763,0.75,0.00037789344787597656,0.7533576488494873,0.0703125,64
4,5,C,0.0,16,16,48,16,16,0,100.0,0.0,0.6679732707465029,0.75,0.00042557716369628906,0.5791876316070557,0.0711669921875,64
4,5,Q,0.0,16,16,48,12,12,0,75.0,0.0,0.6679732707465029,0.75,0.00042557716369628906,0.5791876316070557,0.0711669921875,64
4,6,C,0.0,16,16,48,16,16,0,100.0,0.0,0.6627287195872074,0.75,0.00079345703125,0.7263228893280029,0.0716552734375,64
4,6,Q,0.0,16,16,48,12,12,0,75.0,0.0,0.6627287195872074,0.75,0.00079345703125,0.7263228893280029,0.0716552734375,64
4,7,C,0.0,16,16,48,16,16,0,100.0,0.0,0.6632150806467028,0.75,0.000743865966796875,0.7798125743865967,0.074462890625,64
4,7,Q,0.0,16,16,48,12,12,0,75.0,0.0,0.6632150806467028,0.75,0.000743865966796875,0.7798125743865967,0.074462890625,64
4,8,C,0.0,16,16,48,16,16,0,100.0,0.0,0.6624146250094595,0.75,0.0004773139953613281,0.738417387008667,0.07421875,64
4,8,Q,0.0,16,16,48,12,12,0,75.0,0.0,0.6624146250094595,0.75,0.0004773139953613281,0.738417387008667,0.07421875,64
4,9,C,0.0,16,16,48,16,16,0,100.0,0.0,0.6643790073849273,0.75,0.0003046989440917969,0.46993112564086914,0.0718994140625,64
4,9,Q,0.0,16,16,48,12,12,0,75.0,0.0,0.6643790073849273,0.75,0.0003046989440917969,0.46993112564086914,0.0718994140625,64
4,10,C,0.0,16,16,48,16,16,0,100.0,0.0,0.6660509930975339,0.75,0.00025010108947753906,0.4608335494995117,0.0687255859375,64
4,10,Q,0.0,16,16,48,12,12,0,75.0,0.0,0.6660509930975339,0.75,0.00025010108947753906,0.4608335494995117,0.0687255859375,64
4,11,C,0.0,16,16,48,16,16,0,100.0,0.0,0.662223069977494,0.75,0.0004284381866455078,0.5556161403656006,0.0677490234375,64
4,11,Q,0.0,16,16,48,12,12,0,75.0,0.0,0.662223069977494,0.75,0.0004284381866455078,0.5556161403656006,0.0677490234375,64
4,12,C,0.0,16,16,48,16,16,0,100.0,0.0,0.6662109046776505,0.75,0.0003528594970703125,0.5213732719421387,0.0751953125,64
4,12,Q,0.0,16,16,48,12,12,0,75.0,0.0,0.6662109046776505,0.75,0.0003528594970703125,0.5213732719421387,0.0751953125,64
4,13,C,0.0,16,16,48,16,16,0,100.0,0.0,0.6524624841196778,0.75,0.00036978721618652344,0.5989007949829102,0.0771484375,64
4,13,Q,0.0,16,16,48,12,12,0,75.0,0.0,0.6524624841196778,0.75,0.00036978721618652344,0.5989007949829102,0.0771484375,64
4,14,C,0.0,16,16,48,16,16,0,100.0,0.0,0.6665774607398604,0.75,0.0003490447998046875,0.538555383682251,0.075439453125,64
4,14,Q,0.0,16,16,48,12,12,0,75.0,0.0,0.6665774607398604,0.75,0.0003490447998046875,0.538555383682251,0.075439453125,64
4,15,C,0.0,16,16,48,16,16,0,100.0,0.0,0.6607362685914232,0.75,0.0006682872772216797,0.6181890964508057,0.068359375,64
4,15,Q,0.0,16,16,48,12,12,0,75.0,0.0,0.6607362685914232,0.75,0.0006682872772216797,0.6181890964508057,0.068359375,64
4,16,C,0.0,16,16,48,16,16,0,100.0,0.0,0.6681811888680962,0.75,0.00039124488830566406,0.5424447059631348,0.0760498046875,64
4,16,Q,0.0,16,16,48,12,12,0,75.0,0.0,0.6681811888680962,0.75,0.00039124488830566406,0.5424447059631348,0.0760498046875,64
4,17,C,0.0,16,16,48,16,16,0,100.0,0.0,0.655100549832445,0.75,0.00019550323486328125,0.451352596282959,0.0721435546875,64
4,17,Q,0.0,16,16,48,12,12,0,75.0,0.0,0.655100549832445,0.75,0.00019550323486328125,0.451352596282959,0.0721435546875,64
4,18,C,0.0,16,16,48,16,16,0,100.0,0.0,0.6642137268767986,0.75,0.0004248619079589844,0.5143253803253174,0.07666015625,64
4,18,Q,0.0,16,16,48,12,12,0,75.0,0.0,0.6642137268767986,0.75,0.0004248619079589844,0.5143253803253174,0.07666015625,64
4,19,C,0.0,16,16,48,16,16,0,100.0,0.0,0.6648647824539304,0.75,0.0005338191986083984,0.6596815586090088,0.071044921875,64
4,19,Q,0.0,16,16,48,12,12,0,75.0,0.0,0.6648647824539304,0.75,0.0005338191986083984,0.6596815586090088,0.071044921875,64
4,20,C,0.0,16,16,48,16,16,0,100.0,0.0,0.665151627190225,0.75,0.0005338191986083984,0.7446551322937012,0.073486328125,64
4,20,Q,0.0,16,16,48,12,12,0,75.0,0.0,0.665151627190225,0.75,0.0005338191986083984,0.7446551322937012,0.073486328125,64
4,21,C,0.0,16,16,48,16,16,0,100.0,0.0,0.6558976279065524,0.75,0.001897573471069336,0.7332098484039307,0.0721435546875,64
4,21,Q,0.0,16,16,48,12,12,0,75.0,0.0,0.6558976279065524,0.75,0.001897573471069336,0.7332098484039307,0.0721435546875,64
4,22,C,0.0,16,16,48,16,16,0,100.0,0.0,0.6535554154112234,0.75,0.00041222572326660156,0.5659573078155518,0.072021484375,64
4,22,Q,0.0,16,16,48,12,12,0,75.0,0.0,0.6535554154112234,0.75,0.00041222572326660156,0.5659573078155518,0.072021484375,64
4,23,C,0.0,16,16,48,16,16,0,100.0,0.0,0.6609262797099608,0.75,0.0003902912139892578,0.9130969047546387,0.07080078125,64
4,23,Q,0.0,16,16,48,12,12,0,75.0,0.0,0.6609262797099608,0.75,0.0003902912139892578,0.9130969047546387,0.07080078125,64
4,24,C,0.0,16,16,48,16,16,0,100.0,0.0,0.6649181010396472,0.75,0.0004894733428955078,0.6799015998840332,0.0758056640625,64
4,24,Q,0.0,16,16,48,12,12,0,75.0,0.0,0.6649181010396472,0.75,0.0004894733428955078,0.6799015998840332,0.0758056640625,64
4,25,C,0.0,16,16,48,16,16,0,100.0,0.0,0.6646103466683667,0.75,0.0003705024719238281,0.5238242149353027,0.075927734375,64
4,25,Q,0.0,16,16,48,12,12,0,75.0,0.0,0.6646103466683667,0.75,0.0003705024719238281,0.5238242149353027,0.075927734375,64
4,26,C,0.0,16,16,48,16,16,0,100.0,0.0,0.6667289356158885,0.8125,0.0004870891571044922,0.5644009113311768,0.0673828125,64
4,26,Q,0.0,16,16,48,13,13,0,81.25,0.0,0.6667289356158885,0.8125,0.0004870891571044922,0.5644009113311768,0.0673828125,64
4,27,C,0.0,16,16,48,16,16,0,100.0,0.0,0.6637330316381844,0.75,0.00037980079650878906,0.5209424495697021,0.072509765625,64
4,27,Q,0.0,16,16,48,12,12,0,75.0,0.0,0.6637330316381844,0.75,0.00037980079650878906,0.5209424495697021,0.072509765625,64
4,28,C,0.0,16,16,48,16,16,0,100.0,0.0,0.662285279869615,0.75,0.000400543212890625,0.5265336036682129,0.0748291015625,64
4,28,Q,0.0,16,16,48,12,12,0,75.0,0.0,0.662285279869615,0.75,0.000400543212890625,0.5265336036682129,0.0748291015625,64
4,29,C,0.0,16,16,48,16,16,0,100.0,0.0,0.6606426057904502,0.75,0.0008406639099121094,0.8028862476348877,0.073974609375,64
4,29,Q,0.0,16,16,48,12,12,0,75.0,0.0,0.6606426057904502,0.75,0.0008406639099121094,0.8028862476348877,0.073974609375,64
4,30,C,0.0,16,16,48,16,16,0,100.0,0.0,0.6616568107345301,0.75,0.00041031837463378906,0.5137856006622314,0.0694580078125,64
4,30,Q,0.0,16,16,48,12,12,0,75.0,0.0,0.6616568107345301,0.75,0.00041031837463378906,0.5137856006622314,0.0694580078125,64
4,31,C,0.0,16,16,48,16,16,0,100.0,0.0,0.6655694909629014,0.75,0.0004105567932128906,0.5661523342132568,0.070068359375,64
4,31,Q,0.0,16,16,48,12,12,0,75.0,0.0,0.6655694909629014,0.75,0.0004105567932128906,0.5661523342132568,0.070068359375,64
4,32,C,0.0,16,16,48,16,16,0,100.0,0.0,0.6606360010270149,0.75,0.0004246234893798828,0.7364492416381836,0.068359375,64
4,32,Q,0.0,16,16,48,12,12,0,75.0,0.0,0.6606360010270149,0.75,0.0004246234893798828,0.7364492416381836,0.068359375,64
4,33,C,0.0,16,16,48,16,16,0,100.0,0.0,0.6644992470623416,0.75,0.0005786418914794922,0.9948816299438477,0.0740966796875,64
4,33,Q,0.0,16,16,48,12,12,0,75.0,0.0,0.6644992470623416,0.75,0.0005786418914794922,0.9948816299438477,0.0740966796875,64
4,34,C,0.0,16,16,48,16,16,0,100.0,0.0,0.6553766481993789,0.75,0.0004980564117431641,1.0112903118133545,0.07275390625,64
4,34,Q,0.0,16,16,48,12,12,0,75.0,0.0,0.6553766481993789,0.75,0.0004980564117431641,1.0112903118133545,0.07275390625,64
4,35,C,0.0,16,16,48,16,16,0,100.0,0.0,0.6561512463585344,0.75,0.00035643577575683594,0.5219566822052002,0.0714111328125,64
4,35,Q,0.0,16,16,48,12,12,0,75.0,0.0,0.6561512463585344,0.75,0.00035643577575683594,0.5219566822052002,0.0714111328125,64
4,36,C,0.0,16,16,48,16,16,0,100.0,0.0,0.6677590522870867,0.75,0.0003921985626220703,0.5015833377838135,0.0703125,64
4,36,Q,0.0,16,16,48,12,12,0,75.0,0.0,0.6677590522870867,0.75,0.0003921985626220703,0.5015833377838135,0.0703125,64
4,37,C,0.0,16,16,48,16,16,0,100.0,0.0,0.667811391568806,0.75,0.00037384033203125,0.5394575595855713,0.0775146484375,64
4,37,Q,0.0,16,16,48,12,12,0,75.0,0.0,0.667811391568806,0.75,0.00037384033203125,0.5394575595855713,0.0775146484375,64
4,38,C,0.0,16,16,48,16,16,0,100.0,0.0,0.6623196898624875,0.75,0.00041031837463378906,0.5473639965057373,0.072509765625,64
4,38,Q,0.0,16,16,48,12,12,0,75.0,0.0,0.6623196898624875,0.75,0.00041031837463378906,0.5473639965057373,0.072509765625,64
4,39,C,0.0,16,16,48,16,16,0,100.0,0.0,0.6597568530277161,0.75,0.000415802001953125,0.5685670375823975,0.0682373046875,64
4,39,Q,0.0,16,16,48,12,12,0,75.0,0.0,0.6597568530277161,0.75,0.000415802001953125,0.5685670375823975,0.0682373046875,64
4,40,C,0.0,16,16,48,16,16,0,100.0,0.0,0.6715342895728912,0.75,0.0012307167053222656,0.9899110794067383,0.0687255859375,64
4,40,Q,0.0,16,16,48,12,12,0,75.0,0.0,0.6715342895728912,0.75,0.0012307167053222656,0.9899110794067383,0.0687255859375,64
4,41,C,0.0,16,16,48,16,16,0,100.0,0.0,0.6639055305655823,0.75,0.0003902912139892578,0.5464274883270264,0.08251953125,64
4,41,Q,0.0,16,16,48,12,12,0,75.0,0.0,0.6639055305655823,0.75,0.0003902912139892578,0.5464274883270264,0.08251953125,64
4,42,C,0.0,16,16,48,16,16,0,100.0,0.0,0.6628891864695464,0.75,0.0004184246063232422,0.567324161529541,0.0714111328125,64
4,42,Q,0.0,16,16,48,12,12,0,75.0,0.0,0.6628891864695464,0.75,0.0004184246063232422,0.567324161529541,0.0714111328125,64
4,43,C,0.0,16,16,48,16,16,0,100.0,0.0,0.6577154145315605,0.75,0.0004088878631591797,0.5127201080322266,0.0728759765625,64
4,43,Q,0.0,16,16,48,12,12,0,75.0,0.0,0.6577154145315605,0.75,0.0004088878631591797,0.5127201080322266,0.0728759765625,64
4,44,C,0.0,16,16,48,16,16,0,100.0,0.0,0.6629537783260945,0.75,0.000583648681640625,0.5096921920776367,0.0693359375,64
4,44,Q,0.0,16,16,48,12,12,0,75.0,0.0,0.6629537783260945,0.75,0.000583648681640625,0.5096921920776367,0.0693359375,64
4,45,C,0.0,16,16,48,16,16,0,100.0,0.0,0.6686248657726124,0.75,0.00090789794921875,1.1176278591156006,0.0706787109375,64
4,45,Q,0.0,16,16,48,12,12,0,75.0,0.0,0.6686248657726124,0.75,0.00090789794921875,1.1176278591156006,0.0706787109375,64
4,46,C,0.0,16,16,48,16,16,0,100.0,0.0,0.6674694453091871,0.75,0.0004076957702636719,0.9606068134307861,0.0797119140625,64
4,46,Q,0.0,16,16,48,12,12,0,75.0,0.0,0.6674694453091871,0.75,0.0004076957702636719,0.9606068134307861,0.0797119140625,64
4,47,C,0.0,16,16,48,16,16,0,100.0,0.0,0.6645166265884734,0.75,0.0007953643798828125,1.1083085536956787,0.0679931640625,64
4,47,Q,0.0,16,16,48,12,12,0,75.0,0.0,0.6645166265884734,0.75,0.0007953643798828125,1.1083085536956787,0.0679931640625,64
4,48,C,0.0,16,16,48,16,16,0,100.0,0.0,0.6644298150225029,0.75,0.00037741661071777344,0.5044670104980469,0.0714111328125,64
4,48,Q,0.0,16,16,48,12,12,0,75.0,0.0,0.6644298150225029,0.75,0.00037741661071777344,0.5044670104980469,0.0714111328125,64
4,49,C,0.0,16,16,48,16,16,0,100.0,0.0,0.6652918490887729,0.75,0.00040435791015625,0.549321174621582,0.0709228515625,64
4,49,Q,0.0,16,16,48,12,12,0,75.0,0.0,0.6652918490887729,0.75,0.00040435791015625,0.549321174621582,0.0709228515625,64
4,50,C,0.0,16,16,48,16,16,0,100.0,0.0,0.6651993462596199,0.75,0.0007002353668212891,0.821774959564209,0.0716552734375,64
4,50,Q,0.0,16,16,48,12,12,0,75.0,0.0,0.6651993462596199,0.75,0.0007002353668212891,0.821774959564209,0.0716552734375,64
4,51,C,0.0,16,16,48,16,16,0,100.0,0.0,0.6665989420771282,0.75,0.0004119873046875,0.563791036605835,0.076416015625,64
4,51,Q,0.0,16,16,48,12,12,0,75.0,0.0,0.6665989420771282,0.75,0.0004119873046875,0.563791036605835,0.076416015625,64
4,52,C,0.0,16,16,48,16,16,0,100.0,0.0,0.6687046033509116,0.8125,0.00043511390686035156,0.5199942588806152,0.0731201171875,64
4,52,Q,0.0,16,16,48,13,13,0,81.25,0.0,0.6687046033509116,0.8125,0.00043511390686035156,0.5199942588806152,0.0731201171875,64
4,53,C,0.0,16,16,48,16,16,0,100.0,0.0,0.6607528301612843,0.75,0.0005581378936767578,0.4685530662536621,0.069580078125,64
4,53,Q,0.0,16,16,48,12,12,0,75.0,0.0,0.6607528301612843,0.75,0.0005581378936767578,0.4685530662536621,0.069580078125,64
4,54,C,0.0,16,16,48,16,16,0,100.0,0.0,0.6705350568967299,0.75,0.0006761550903320312,0.5292069911956787,0.0706787109375,64
4,54,Q,0.0,16,16,48,12,12,0,75.0,0.0,0.6705350568967299,0.75,0.0006761550903320312,0.5292069911956787,0.0706787109375,64
4,55,C,0.0,16,16,48,16,16,0,100.0,0.0,0.6682744195294408,0.8125,0.0007538795471191406,0.5406184196472168,0.073486328125,64
4,55,Q,0.0,16,16,48,13,13,0,81.25,0.0,0.6682744195294408,0.8125,0.0007538795471191406,0.5406184196472168,0.073486328125,64
4,56,C,0.0,16,16,48,16,16,0,100.0,0.0,0.6538307837060839,0.75,0.0004744529724121094,0.8676869869232178,0.07421875,64
4,56,Q,0.0,16,16,48,12,12,0,75.0,0.0,0.6538307837060839,0.75,0.0004744529724121094,0.8676869869232178,0.07421875,64
4,57,C,0.0,16,16,48,16,16,0,100.0,0.0,0.6660062520597031,0.75,0.0004949569702148438,1.100022315979004,0.0689697265625,64
4,57,Q,0.0,16,16,48,12,12,0,75.0,0.0,0.6660062520597031,0.75,0.0004949569702148438,1.100022315979004,0.0689697265625,64
4,58,C,0.0,16,16,48,16,16,0,100.0,0.0,0.6711334526105678,0.8125,0.0023140907287597656,0.9300403594970703,0.07470703125,64
4,58,Q,0.0,16,16,48,13,13,0,81.25,0.0,0.6711334526105678,0.8125,0.0023140907287597656,0.9300403594970703,0.07470703125,64
4,59,C,0.0,16,16,48,16,16,0,100.0,0.0,0.6589158859206069,0.75,0.001271963119506836,1.0240004062652588,0.06689453125,64
4,59,Q,0.0,16,16,48,12,12,0,75.0,0.0,0.6589158859206069,0.75,0.001271963119506836,1.0240004062652588,0.06689453125,64
6,0,C,0.0,24,24,120,24,24,0,100.0,0.0,0.5596591860786843,0.7916666666666666,0.0005266666412353516,0.7996640205383301,0.02783203125,144
6,0,Q,0.0,24,24,120,19,19,0,79.16666666666667,0.0,0.5596591860786843,0.7916666666666666,0.0005266666412353516,0.7996640205383301,0.02783203125,144
6,1,C,0.0,24,24,120,24,24,0,100.0,0.0,0.5472696436324644,0.75,0.0004456043243408203,0.8614048957824707,0.025390625,144
6,1,Q,0.0,24,24,120,18,18,0,75.0,0.0,0.5472696436324644,0.75,0.0004456043243408203,0.8614048957824707,0.025390625,144
6,2,C,0.0,24,24,120,24,24,0,100.0,0.0,0.5630359524848203,0.75,0.0004794597625732422,0.8546421527862549,0.024169921875,144
6,2,Q,0.0,24,24,120,18,18,0,75.0,0.0,0.5630359524848203,0.75,0.0004794597625732422,0.8546421527862549,0.024169921875,144
6,3,C,0.0,24,24,120,24,24,0,100.0,0.0,0.5682472980853616,0.75,0.0005717277526855469,0.8656668663024902,0.0257568359375,144
6,3,Q,0.0,24,24,120,18,18,0,75.0,0.0,0.5682472980853616,0.75,0.0005717277526855469,0.8656668663024902,0.0257568359375,144
6,4,C,0.0,24,24,120,24,24,0,100.0,0.0,0.5492992665399065,0.7916666666666666,0.0005006790161132812,0.7554166316986084,0.0274658203125,144
6,4,Q,0.0,24,24,120,19,19,0,79.16666666666667,0.0,0.5492992665399065,0.7916666666666666,0.0005006790161132812,0.7554166316986084,0.0274658203125,144
6,5,C,0.0,24,24,120,24,24,0,100.0,0.0,0.5663687765769649,0.875,0.0005581378936767578,0.8419337272644043,0.02978515625,144
6,5,Q,0.0,24,24,120,21,21,0,87.5,0.0,0.5663687765769649,0.875,0.0005581378936767578,0.8419337272644043,0.02978515625,144
6,6,C,0.0,24,24,120,24,24,0,100.0,0.0,0.5603339995788362,0.75,0.0005285739898681641,0.8272528648376465,0.025146484375,144
6,6,Q,0.0,24,24,120,18,18,0,75.0,0.0,0.5603339995788362,0.75,0.0005285739898681641,0.8272528648376465,0.025146484375,144
6,7,C,0.0,24,24,120,24,24,0,100.0,0.0,0.5435313196345356,0.7916666666666666,0.0006513595581054688,1.2146503925323486,0.028564453125,144
6,7,Q,0.0,24,24,120,19,19,0,79.16666666666667,0.0,0.5435313196345356,0.7916666666666666,0.0006513595581054688,1.2146503925323486,0.028564453125,144
6,8,C,0.0,24,24,120,24,24,0,100.0,0.0,0.5715027821168294,0.8333333333333334,0.0002658367156982422,0.7256698608398438,0.0301513671875,144
6,8,Q,0.0,24,24,120,20,20,0,83.33333333333333,0.0,0.5715027821168294,0.8333333333333334,0.0002658367156982422,0.7256698608398438,0.0301513671875,144
6,9,C,0.0,24,24,120,24,24,0,100.0,0.0,0.5538532497695294,0.7916666666666666,0.0004096031188964844,0.7344546318054199,0.025634765625,144
6,9,Q,0.0,24,24,120,19,19,0,79.16666666666667,0.0,0.5538532497695294,0.7916666666666666,0.0004096031188964844,0.7344546318054199,0.025634765625,144
6,10,C,0.0,24,24,120,24,24,0,100.0,0.0,0.5544622031313976,0.7916666666666666,0.0010082721710205078,1.7818036079406738,0.0322265625,144
6,10,Q,0.0,24,24,120,19,19,0,79.16666666666667,0.0,0.5544622031313976,0.7916666666666666,0.0010082721710205078,1.7818036079406738,0.0322265625,144
6,11,C,0.0,24,24,120,24,24,0,100.0,0.0,0.5561623136568666,0.8333333333333334,0.0006897449493408203,1.1164360046386719,0.0272216796875,144
6,11,Q,0.0,24,24,120,20,20,0,83.33333333333333,0.0,0.5561623136568666,0.8333333333333334,0.0006897449493408203,1.1164360046386719,0.0272216796875,144
6,12,C,0.0,24,24,120,24,24,0,100.0,0.0,0.5653911711626897,0.875,0.0005240440368652344,1.0082964897155762,0.0283203125,144
6,12,Q,0.0,24,24,120,21,21,0,87.5,0.0,0.5653911711626897,0.875,0.0005240440368652344,1.0082964897155762,0.0283203125,144
6,13,C,0.0,24,24,120,24,24,0,100.0,0.0,0.5498212090956484,0.75,0.0006473064422607422,0.8916542530059814,0.026611328125,144
6,13,Q,0.0,24,24,120,18,18,0,75.0,0.0,0.5498212090956484,0.75,0.0006473064422607422,0.8916542530059814,0.026611328125,144
6,14,C,0.0,24,24,120,24,24,0,100.0,0.0,0.5561915803404961,0.7916666666666666,0.0002543926239013672,0.5344247817993164,0.024658203125,144
6,14,Q,0.0,24,24,120,19,19,0,79.16666666666667,0.0,0.5561915803404961,0.7916666666666666,0.0002543926239013672,0.5344247817993164,0.024658203125,144
6,15,C,0.0,24,24,120,24,24,0,100.0,0.0,0.5660087665475552,0.7916666666666666,0.000507354736328125,0.8163356781005859,0.028076171875,144
6,15,Q,0.0,24,24,120,19,19,0,79.16666666666667,0.0,0.5660087665475552,0.7916666666666666,0.000507354736328125,0.8163356781005859,0.028076171875,144
6,16,C,0.0,24,24,120,24,24,0,100.0,0.0,0.5573061410714033,0.8333333333333334,0.000522613525390625,0.8046326637268066,0.025390625,144
6,16,Q,0.0,24,24,120,20,20,0,83.33333333333333,0.0,0.5573061410714033,0.8333333333333334,0.000522613525390625,0.8046326637268066,0.025390625,144
6,17,C,0.0,24,24,120,24,24,0,100.0,0.0,0.557995386863856,0.7916666666666666,0.0004229545593261719,0.7837529182434082,0.0267333984375,144
6,17,Q,0.0,24,24,120,19,19,0,79.16666666666667,0.0,0.557995386863856,0.7916666666666666,0.0004229545593261719,0.7837529182434082,0.0267333984375,144
6,18,C,0.0,24,24,120,24,24,0,100.0,0.0,0.554053984244257,0.75,0.0002658367156982422,0.6691315174102783,0.0230712890625,144
6,18,Q,0.0,24,24,120,18,18,0,75.0,0.0,0.554053984244257,0.75,0.0002658367156982422,0.6691315174102783,0.0230712890625,144
6,19,C,0.0,24,24,120,24,24,0,100.0,0.0,0.5518524800236312,0.7916666666666666,0.0004267692565917969,0.7390646934509277,0.0262451171875,144
6,19,Q,0.0,24,24,120,19,19,0,79.16666666666667,0.0,0.5518524800236312,0.7916666666666666,0.0004267692565917969,0.7390646934509277,0.0262451171875,144
6,20,C,0.0,24,24,120,24,24,0,100.0,0.0,0.5616170854093446,0.8333333333333334,0.0006291866302490234,0.8410851955413818,0.0262451171875,144
6,20,Q,0.0,24,24,120,20,20,0,83.33333333333333,0.0,0.5616170854093446,0.8333333333333334,0.0006291866302490234,0.8410851955413818,0.0262451171875,144
6,21,C,0.0,24,24,120,24,24,0,100.0,0.0,0.5624669361438022,0.75,0.0009171962738037109,0.9955410957336426,0.0252685546875,144
6,21,Q,0.0,24,24,120,18,18,0,75.0,0.0,0.5624669361438022,0.75,0.0009171962738037109,0.9955410957336426,0.0252685546875,144
6,22,C,0.0,24,24,120,24,24,0,100.0,0.0,0.5580156851812843,0.8333333333333334,0.00047516822814941406,1.0868029594421387,0.027587890625,144
6,22,Q,0.0,24,24,120,20,20,0,83.33333333333333,0.0,0.5580156851812843,0.8333333333333334,0.00047516822814941406,1.0868029594421387,0.027587890625,144
6,23,C,0.0,24,24,120,24,24,0,100.0,0.0,0.5708053476776112,0.875,0.0005862712860107422,0.565129280090332,0.029296875,144
6,23,Q,0.0,24,24,120,21,21,0,87.5,0.0,0.5708053476776112,0.875,0.0005862712860107422,0.565129280090332,0.029296875,144
6,24,C,0.0,24,24,120,24,24,0,100.0,0.0,0.5665875823550703,0.8333333333333334,0.0002465248107910156,0.6835699081420898,0.027587890625,144
6,24,Q,0.0,24,24,120,20,20,0,83.33333333333333,0.0,0.5665875823550703,0.8333333333333334,0.0002465248107910156,0.6835699081420898,0.027587890625,144
6,25,C,0.0,24,24,120,24,24,0,100.0,0.0,0.5688229580095415,0.875,0.0004546642303466797,0.763622522354126,0.028564453125,144
6,25,Q,0.0,24,24,120,21,21,0,87.5,0.0,0.5688229580095415,0.875,0.0004546642303466797,0.763622522354126,0.028564453125,144
6,26,C,0.0,24,24,120,24,24,0,100.0,0.0,0.5654208473548205,0.7916666666666666,0.0005059242248535156,1.0311503410339355,0.028076171875,144
6,26,Q,0.0,24,24,120,19,19,0,79.16666666666667,0.0,0.5654208473548205,0.7916666666666666,0.0005059242248535156,1.0311503410339355,0.028076171875,144
6,27,C,0.0,24,24,120,24,24,0,100.0,0.0,0.5585601421985195,0.75,0.0006914138793945312,1.1065897941589355,0.0233154296875,144
6,27,Q,0.0,24,24,120,18,18,0,75.0,0.0,0.5585601421985195,0.75,0.0006914138793945312,1.1065897941589355,0.0233154296875,144
6,28,C,0.0,24,24,120,24,24,0,100.0,0.0,0.5657425026860102,0.875,0.0002605915069580078,0.6950943470001221,0.0263671875,144
6,28,Q,0.0,24,24,120,21,21,0,87.5,0.0,0.5657425026860102,0.875,0.0002605915069580078,0.6950943470001221,0.0263671875,144
6,29,C,0.0,24,24,120,24,24,0,100.0,0.0,0.5682480943527871,0.8333333333333334,0.0007612705230712891,0.7736389636993408,0.027587890625,144
6,29,Q,0.0,24,24,120,20,20,0,83.33333333333333,0.0,0.5682480943527871,0.8333333333333334,0.0007612705230712891,0.7736389636993408,0.027587890625,144
6,30,C,0.0,24,24,120,24,24,0,100.0,0.0,0.5550653552560906,0.75,0.0004017353057861328,0.7567999362945557,0.030517578125,144
6,30,Q,0.0,24,24,120,18,18,0,75.0,0.0,0.5550653552560906,0.75,0.0004017353057861328,0.7567999362945557,0.030517578125,144
6,31,C,0.0,24,24,120,24,24,0,100.0,0.0,0.5715913716633432,0.8333333333333334,0.0005581378936767578,0.7553896903991699,0.0274658203125,144
6,31,Q,0.0,24,24,120,20,20,0,83.33333333333333,0.0,0.5715913716633432,0.8333333333333334,0.0005581378936767578,0.7553896903991699,0.0274658203125,144
6,32,C,0.0,24,24,120,24,24,0,100.0,0.0,0.5608394653086273,0.7916666666666666,0.0006079673767089844,0.7338507175445557,0.0296630859375,144
6,32,Q,0.0,24,24,120,19,19,0,79.16666666666667,0.0,0.5608394653086273,0.7916666666666666,0.0006079673767089844,0.7338507175445557,0.0296630859375,144
6,33,C,0.0,24,24,120,24,24,0,100.0,0.0,0.5729500641752333,0.875,0.0005037784576416016,1.0012168884277344,0.0296630859375,144
6,33,Q,0.0,24,24,120,21,21,0,87.5,0.0,0.5729500641752333,0.875,0.0005037784576416016,1.0012168884277344,0.0296630859375,144
6,34,C,0.0,24,24,120,24,24,0,100.0,0.0,0.5631807227512907,0.7916666666666666,0.00043773651123046875,1.1796936988830566,0.0274658203125,144
6,34,Q,0.0,24,24,120,19,19,0,79.16666666666667,0.0,0.5631807227512907,0.7916666666666666,0.00043773651123046875,1.1796936988830566,0.0274658203125,144
6,35,C,0.0,24,24,120,24,24,0,100.0,0.0,0.5601431184152225,0.8333333333333334,0.0003287792205810547,0.6852266788482666,0.02783203125,144
6,35,Q,0.0,24,24,120,20,20,0,83.33333333333333,0.0,0.5601431184152225,0.8333333333333334,0.0003287792205810547,0.6852266788482666,0.02783203125,144
6,36,C,0.0,24,24,120,24,24,0,100.0,0.0,0.568424001944067,0.7916666666666666,0.0004851818084716797,0.7431776523590088,0.0245361328125,144
6,36,Q,0.0,24,24,120,19,19,0,79.16666666666667,0.0,0.568424001944067,0.7916666666666666,0.0004851818084716797,0.7431776523590088,0.0245361328125,144
6,37,C,0.0,24,24,120,24,24,0,100.0,0.0,0.5598406134213116,0.75,0.0005168914794921875,0.8241722583770752,0.026123046875,144
6,37,Q,0.0,24,24,120,18,18,0,75.0,0.0,0.5598406134213116,0.75,0.0005168914794921875,0.8241722583770752,0.026123046875,144
6,38,C,0.0,24,24,120,24,24,0,100.0,0.0,0.5612318920442974,0.8333333333333334,0.0005013942718505859,1.0046889781951904,0.0272216796875,144
6,38,Q,0.0,24,24,120,20,20,0,83.33333333333333,0.0,0.5612318920442974,0.8333333333333334,0.0005013942718505859,1.0046889781951904,0.0272216796875,144
6,39,C,0.0,24,24,120,24,24,0,100.0,0.0,0.5620348386809155,0.7916666666666666,0.0004677772521972656,0.7868494987487793,0.02685546875,144
6,39,Q,0.0,24,24,120,19,19,0,79.16666666666667,0.0,0.5620348386809155,0.7916666666666666,0.0004677772521972656,0.7868494987487793,0.02685546875,144
6,40,C,0.0,24,24,120,24,24,0,100.0,0.0,0.5574227177963251,0.75,0.00027060508728027344,0.6469206809997559,0.0279541015625,144
6,40,Q,0.0,24,24,120,18,18,0,75.0,0.0,0.5574227177963251,0.75,0.00027060508728027344,0.6469206809997559,0.0279541015625,144
6,41,C,0.0,24,24,120,24,24,0,100.0,0.0,0.5596997549557016,0.7916666666666666,0.0005002021789550781,1.0982530117034912,0.0272216796875,144
6,41,Q,0.0,24,24,120,19,19,0,79.16666666666667,0.0,0.5596997549557016,0.7916666666666666,0.0005002021789550781,1.0982530117034912,0.0272216796875,144
6,42,C,0.0,24,24,120,24,24,0,100.0,0.0,0.5724942229032457,0.9166666666666666,0.0006787776947021484,1.3534138202667236,0.025390625,144
6,42,Q,0.0,24,24,120,22,22,0,91.66666666666667,0.0,0.5724942229032457,0.9166666666666666,0.0006787776947021484,1.3534138202667236,0.025390625,144
6,43,C,0.0,24,24,120,24,24,0,100.0,0.0,0.5713458738660517,0.8333333333333334,0.00036406517028808594,0.8250710964202881,0.0245361328125,144
6,43,Q,0.0,24,24,120,20,20,0,83.33333333333333,0.0,0.5713458738660517,0.8333333333333334,0.00036406517028808594,0.8250710964202881,0.0245361328125,144
6,44,C,0.0,24,24,120,24,24,0,100.0,0.0,0.548577375309815,0.7916666666666666,0.0006136894226074219,0.8237118721008301,0.03076171875,144
6,44,Q,0.0,24,24,120,19,19,0,79.16666666666667,0.0,0.548577375309815,0.7916666666666666,0.0006136894226074219,0.8237118721008301,0.03076171875,144
6,45,C,0.0,24,24,120,24,24,0,100.0,0.0,0.5449045050726877,0.75,0.0005657672882080078,1.1043305397033691,0.0250244140625,144
6,45,Q,0.0,24,24,120,18,18,0,75.0,0.0,0.5449045050726877,0.75,0.0005657672882080078,1.1043305397033691,0.0250244140625,144
6,46,C,0.0,24,24,120,24,24,0,100.0,0.0,0.5407750969439616,0.7083333333333334,0.0004532337188720703,0.752814531326294,0.0272216796875,144
6,46,Q,0.0,24,24,120,17,17,0,70.83333333333333,0.0,0.5407750969439616,0.7083333333333334,0.0004532337188720703,0.752814531326294,0.0272216796875,144
6,47,C,0.0,24,24,120,24,24,0,100.0,0.0,0.5595044522574778,0.8333333333333334,0.000850677490234375,1.438896656036377,0.028564453125,144
6,47,Q,0.0,24,24,120,20,20,0,83.33333333333333,0.0,0.5595044522574778,0.8333333333333334,0.000850677490234375,1.438896656036377,0.028564453125,144
6,48,C,0.0,24,24,120,24,24,0,100.0,0.0,0.5644168170575729,0.7916666666666666,0.000453948974609375,0.7259888648986816,0.0267333984375,144
6,48,Q,0.0,24,24,120,19,19,0,79.16666666666667,0.0,0.5644168170575729,0.7916666666666666,0.000453948974609375,0.7259888648986816,0.0267333984375,144
6,49,C,0.0,24,24,120,24,24,0,100.0,0.0,0.5654478814617846,0.8333333333333334,0.0006425380706787109,0.8191874027252197,0.0252685546875,144
6,49,Q,0.0,24,24,120,20,20,0,83.33333333333333,0.0,0.5654478814617846,0.8333333333333334,0.0006425380706787109,0.8191874027252197,0.0252685546875,144
6,50,C,0.0,24,24,120,24,24,0,100.0,0.0,0.5480021273074305,0.75,0.0002465248107910156,0.6092796325683594,0.0252685546875,144
6,50,Q,0.0,24,24,120,18,18,0,75.0,0.0,0.5480021273074305,0.75,0.0002465248107910156,0.6092796325683594,0.0252685546875,144
6,51,C,0.0,24,24,120,24,24,0,100.0,0.0,0.5728436527120401,0.8333333333333334,0.00045800209045410156,0.7753288745880127,0.0234375,144
6,51,Q,0.0,24,24,120,20,20,0,83.33333333333333,0.0,0.5728436527120401,0.8333333333333334,0.00045800209045410156,0.7753288745880127,0.0234375,144
6,52,C,0.0,24,24,120,24,24,0,100.0,0.0,0.572184410224465,0.875,0.0007588863372802734,2.1373450756073,0.025146484375,144
6,52,Q,0.0,24,24,120,21,21,0,87.5,0.0,0.572184410224465,0.875,0.0007588863372802734,2.1373450756073,0.025146484375,144
6,53,C,0.0,24,24,120,24,24,0,100.0,0.0,0.5445845549366035,0.7916666666666666,0.0005979537963867188,0.8311429023742676,0.0284423828125,144
6,53,Q,0.0,24,24,120,19,19,0,79.16666666666667,0.0,0.5445845549366035,0.7916666666666666,0.0005979537963867188,0.8311429023742676,0.0284423828125,144
6,54,C,0.0,24,24,120,24,24,0,100.0,0.0,0.5409876540291577,0.7916666666666666,0.0005164146423339844,2.0250656604766846,0.0255126953125,144
6,54,Q,0.0,24,24,120,19,19,0,79.16666666666667,0.0,0.5409876540291577,0.7916666666666666,0.0005164146423339844,2.0250656604766846,0.0255126953125,144
6,55,C,0.0,24,24,120,24,24,0,100.0,0.0,0.5700831025497387,0.8333333333333334,0.0002455711364746094,0.6713979244232178,0.029052734375,144
6,55,Q,0.0,24,24,120,20,20,0,83.33333333333333,0.0,0.5700831025497387,0.8333333333333334,0.0002455711364746094,0.6713979244232178,0.029052734375,144
6,56,C,0.0,24,24,120,24,24,0,100.0,0.0,0.5638511832636169,0.875,0.0004706382751464844,0.7654287815093994,0.02587890625,144
6,56,Q,0.0,24,24,120,21,21,0,87.5,0.0,0.5638511832636169,0.875,0.0004706382751464844,0.7654287815093994,0.02587890625,144
6,57,C,0.0,24,24,120,24,24,0,100.0,0.0,0.5664284158813909,0.7916666666666666,0.0005805492401123047,0.81060791015625,0.0284423828125,144
6,57,Q,0.0,24,24,120,19,19,0,79.16666666666667,0.0,0.5664284158813909,0.7916666666666666,0.0005805492401123047,0.81060791015625,0.0284423828125,144
6,58,C,0.0,24,24,120,24,24,0,100.0,0.0,0.5559215984678779,0.75,0.0005030632019042969,1.0994646549224854,0.027099609375,144
6,58,Q,0.0,24,24,120,18,18,0,75.0,0.0,0.5559215984678779,0.75,0.0005030632019042969,1.0994646549224854,0.027099609375,144
6,59,C,0.0,24,24,120,24,24,0,100.0,0.0,0.5527030767289935,0.7916666666666666,0.0007143020629882812,1.0222244262695312,0.0283203125,144
6,59,Q,0.0,24,24,120,19,19,0,79.16666666666667,0.0,0.5527030767289935,0.7916666666666666,0.0007143020629882812,1.0222244262695312,0.0283203125,144
8,0,C,0.0,32,32,224,32,32,0,100.0,0.0,0.4946580811628624,0.875,0.0005779266357421875,0.9062938690185547,0.0380859375,256
8,0,Q,0.0,32,32,224,28,28,0,87.5,0.0,0.4946580811628624,0.875,0.0005779266357421875,0.9062938690185547,0.0380859375,256
8,1,C,0.0,32,32,224,32,32,0,100.0,0.0,0.48804177693996803,0.8125,0.00024771690368652344,0.6451711654663086,0.03564453125,256
8,1,Q,0.0,32,32,224,26,26,0,81.25,0.0,0.48804177693996803,0.8125,0.00024771690368652344,0.6451711654663086,0.03564453125,256
8,2,C,0.0,32,32,224,32,32,0,100.0,0.0,0.49187143508686293,0.8125,0.0005421638488769531,0.8400828838348389,0.0350341796875,256
8,2,Q,0.0,32,32,224,26,26,0,81.25,0.0,0.49187143508686293,0.8125,0.0005421638488769531,0.8400828838348389,0.0350341796875,256
8,3,C,0.0,32,32,224,32,32,0,100.0,0.0,0.49633699064150677,0.84375,0.0005173683166503906,0.8604295253753662,0.03271484375,256
8,3,Q,0.0,32,32,224,27,27,0,84.375,0.0,0.49633699064150677,0.84375,0.0005173683166503906,0.8604295253753662,0.03271484375,256
8,4,C,0.0,32,32,224,32,32,0,100.0,0.0,0.4985106757205834,0.78125,0.0002799034118652344,0.7676591873168945,0.040771484375,256
8,4,Q,0.0,32,32,224,25,25,0,78.125,0.0,0.4985106757205834,0.78125,0.0002799034118652344,0.7676591873168945,0.040771484375,256
8,5,C,0.0,32,32,224,32,32,0,100.0,0.0,0.4998766267122858,0.90625,0.00054168701171875,0.8713231086730957,0.037353515625,256
8,5,Q,0.0,32,32,224,29,29,0,90.625,0.0,0.4998766267122858,0.90625,0.00054168701171875,0.8713231086730957,0.037353515625,256
8,6,C,0.0,32,32,224,32,32,0,100.0,0.0,0.496135281072241,0.875,0.0005619525909423828,1.4829719066619873,0.0360107421875,256
8,6,Q,0.0,32,32,224,28,28,0,87.5,0.0,0.496135281072241,0.875,0.0005619525909423828,1.4829719066619873,0.0360107421875,256
8,7,C,0.0,32,32,224,32,32,0,100.0,0.0,0.5063469199310235,0.9375,0.0007405281066894531,0.9551413059234619,0.03662109375,256
8,7,Q,0.0,32,32,224,30,30,0,93.75,0.0,0.5063469199310235,0.9375,0.0007405281066894531,0.9551413059234619,0.03662109375,256
8,8,C,0.0,32,32,224,32,32,0,100.0,0.0,0.4964673248405011,0.90625,0.0006127357482910156,0.9262044429779053,0.0338134765625,256
8,8,Q,0.0,32,32,224,29,29,0,90.625,0.0,0.4964673248405011,0.90625,0.0006127357482910156,0.9262044429779053,0.0338134765625,256
8,9,C,0.0,32,32,224,32,32,0,100.0,0.0,0.5042112058706179,0.9375,0.0006434917449951172,1.5133426189422607,0.0362548828125,256
8,9,Q,0.0,32,32,224,30,30,0,93.75,0.0,0.5042112058706179,0.9375,0.0006434917449951172,1.5133426189422607,0.0362548828125,256
8,10,C,0.0,32,32,224,32,32,0,100.0,0.0,0.5112772597987412,0.9375,0.0003662109375,0.6796624660491943,0.0369873046875,256
8,10,Q,0.0,32,32,224,30,30,0,93.75,0.0,0.5112772597987412,0.9375,0.0003662109375,0.6796624660491943,0.0369873046875,256
8,11,C,0.0,32,32,224,32,32,0,100.0,0.0,0.5011168104818118,0.9375,0.0005617141723632812,1.3467073440551758,0.0347900390625,256
8,11,Q,0.0,32,32,224,30,30,0,93.75,0.0,0.5011168104818118,0.9375,0.0005617141723632812,1.3467073440551758,0.0347900390625,256
8,12,C,0.0,32,32,224,32,32,0,100.0,0.0,0.49721160542179116,0.90625,0.0005145072937011719,0.8737263679504395,0.034423828125,256
8,12,Q,0.0,32,32,224,29,29,0,90.625,0.0,0.49721160542179116,0.90625,0.0005145072937011719,0.8737263679504395,0.034423828125,256
8,13,C,0.0,32,32,224,32,32,0,100.0,0.0,0.5072910862793063,0.875,0.0004982948303222656,0.9110515117645264,0.033935546875,256
8,13,Q,0.0,32,32,224,28,28,0,87.5,0.0,0.5072910862793063,0.875,0.0004982948303222656,0.9110515117645264,0.033935546875,256
8,14,C,0.0,32,32,224,32,32,0,100.0,0.0,0.5074071606450814,0.96875,0.0005500316619873047,1.078256368637085,0.036865234375,256
8,14,Q,0.0,32,32,224,31,31,0,96.875,0.0,0.5074071606450814,0.96875,0.0005500316619873047,1.078256368637085,0.036865234375,256
8,15,C,0.0,32,32,224,32,32,0,100.0,0.0,0.5071936995044253,0.9375,0.00024056434631347656,0.8084707260131836,0.0347900390625,256
8,15,Q,0.0,32,32,224,30,30,0,93.75,0.0,0.5071936995044253,0.9375,0.00024056434631347656,0.8084707260131836,0.0347900390625,256
8,16,C,0.0,32,32,224,32,32,0,100.0,0.0,0.5002386203222099,0.84375,0.000637054443359375,0.9139986038208008,0.033203125,256
8,16,Q,0.0,32,32,224,27,27,0,84.375,0.0,0.5002386203222099,0.84375,0.000637054443359375,0.9139986038208008,0.033203125,256
8,17,C,0.0,32,32,224,32,32,0,100.0,0.0,0.5102616245737158,0.90625,0.0005407333374023438,0.9128448963165283,0.03173828125,256
8,17,Q,0.0,32,32,224,29,29,0,90.625,0.0,0.5102616245737158,0.90625,0.0005407333374023438,0.9128448963165283,0.03173828125,256
8,18,C,0.0,32,32,224,32,32,0,100.0,0.0,0.5098312335250498,0.9375,0.0006482601165771484,0.9158663749694824,0.037353515625,256
8,18,Q,0.0,32,32,224,30,30,0,93.75,0.0,0.5098312335250498,0.9375,0.0006482601165771484,0.9158663749694824,0.037353515625,256
8,19,C,0.0,32,32,224,32,32,0,100.0,0.0,0.49521994122178764,0.875,0.0006899833679199219,0.9755096435546875,0.035400390625,256
8,19,Q,0.0,32,32,224,28,28,0,87.5,0.0,0.49521994122178764,0.875,0.0006899833679199219,0.9755096435546875,0.035400390625,256
8,20,C,0.0,32,32,224,32,32,0,100.0,0.0,0.4945376919083859,0.8125,0.00028634071350097656,0.6627943515777588,0.033447265625,256
8,20,Q,0.0,32,32,224,26,26,0,81.25,0.0,0.4945376919083859,0.8125,0.00028634071350097656,0.6627943515777588,0.033447265625,256
8,21,C,0.0,32,32,224,32,32,0,100.0,0.0,0.5060808787983639,0.875,0.0009596347808837891,1.3280377388000488,0.03564453125,256
8,21,Q,0.0,32,32,224,28,28,0,87.5,0.0,0.5060808787983639,0.875,0.0009596347808837891,1.3280377388000488,0.03564453125,256
8,22,C,0.0,32,32,224,32,32,0,100.0,0.0,0.5020697439916373,0.84375,0.0008835792541503906,2.3719842433929443,0.0357666015625,256
8,22,Q,0.0,32,32,224,27,27,0,84.375,0.0,0.5020697439916373,0.84375,0.0008835792541503906,2.3719842433929443,0.0357666015625,256
8,23,C,0.0,32,32,224,32,32,0,100.0,0.0,0.49870374303823584,0.9375,0.0005412101745605469,0.9342846870422363,0.038330078125,256
8,23,Q,0.0,32,32,224,30,30,0,93.75,0.0,0.49870374303823584,0.9375,0.0005412101745605469,0.9342846870422363,0.038330078125,256
8,24,C,0.0,32,32,224,32,32,0,100.0,0.0,0.49723041563714565,0.8125,0.0006437301635742188,0.9640004634857178,0.0335693359375,256
8,24,Q,0.0,32,32,224,26,26,0,81.25,0.0,0.49723041563714565,0.8125,0.0006437301635742188,0.9640004634857178,0.0335693359375,256
8,25,C,0.0,32,32,224,32,32,0,100.0,0.0,0.49229784090414275,0.875,0.0006315708160400391,2.046326160430908,0.032470703125,256
8,25,Q,0.0,32,32,224,28,28,0,87.5,0.0,0.49229784090414275,0.875,0.0006315708160400391,2.046326160430908,0.032470703125,256
8,26,C,0.0,32,32,224,32,32,0,100.0,0.0,0.4940761032555076,0.84375,0.0007059574127197266,1.9795784950256348,0.037109375,256
8,26,Q,0.0,32,32,224,27,27,0,84.375,0.0,0.4940761032555076,0.84375,0.0007059574127197266,1.9795784950256348,0.037109375,256
8,27,C,0.0,32,32,224,32,32,0,100.0,0.0,0.5087004459186993,0.90625,0.0003094673156738281,0.6145241260528564,0.035400390625,256
8,27,Q,0.0,32,32,224,29,29,0,90.625,0.0,0.5087004459186993,0.90625,0.0003094673156738281,0.6145241260528564,0.035400390625,256
8,28,C,0.0,32,32,224,32,32,0,100.0,0.0,0.4897665278980504,0.84375,0.00046515464782714844,0.728395938873291,0.035400390625,256
8,28,Q,0.0,32,32,224,27,27,0,84.375,0.0,0.4897665278980504,0.84375,0.00046515464782714844,0.728395938873291,0.035400390625,256
8,29,C,0.0,32,32,224,32,32,0,100.0,0.0,0.5006727667402855,0.90625,0.0006515979766845703,0.9777107238769531,0.031982421875,256
8,29,Q,0.0,32,32,224,29,29,0,90.625,0.0,0.5006727667402855,0.90625,0.0006515979766845703,0.9777107238769531,0.031982421875,256
8,30,C,0.0,32,32,224,32,32,0,100.0,0.0,0.4905250062056347,0.8125,0.0002262592315673828,0.7512190341949463,0.0386962890625,256
8,30,Q,0.0,32,32,224,26,26,0,81.25,0.0,0.4905250062056347,0.8125,0.0002262592315673828,0.7512190341949463,0.0386962890625,256
8,31,C,0.0,32,32,224,32,32,0,100.0,0.0,0.48625584612178185,0.84375,0.0005948543548583984,1.0268981456756592,0.0360107421875,256
8,31,Q,0.0,32,32,224,27,27,0,84.375,0.0,0.48625584612178185,0.84375,0.0005948543548583984,1.0268981456756592,0.0360107421875,256
8,32,C,0.0,32,32,224,32,32,0,100.0,0.0,0.49016397830391323,0.875,0.0005888938903808594,0.9142856597900391,0.03515625,256
8,32,Q,0.0,32,32,224,28,28,0,87.5,0.0,0.49016397830391323,0.875,0.0005888938903808594,0.9142856597900391,0.03515625,256
8,33,C,0.0,32,32,224,32,32,0,100.0,0.0,0.4925273215753999,0.84375,0.001435995101928711,1.7983808517456055,0.0335693359375,256
8,33,Q,0.0,32,32,224,27,27,0,84.375,0.0,0.4925273215753999,0.84375,0.001435995101928711,1.7983808517456055,0.0335693359375,256
8,34,C,0.0,32,32,224,32,32,0,100.0,0.0,0.49416982896658224,0.84375,0.0005443096160888672,0.8382294178009033,0.03515625,256
8,34,Q,0.0,32,32,224,27,27,0,84.375,0.0,0.49416982896658224,0.84375,0.0005443096160888672,0.8382294178009033,0.03515625,256
8,35,C,0.0,32,32,224,32,32,0,100.0,0.0,0.5092083671378029,0.9375,0.0003771781921386719,0.8578994274139404,0.0335693359375,256
8,35,Q,0.0,32,32,224,30,30,0,93.75,0.0,0.5092083671378029,0.9375,0.0003771781921386719,0.8578994274139404,0.0335693359375,256
8,36,C,0.0,32,32,224,32,32,0,100.0,0.0,0.4889908641544914,0.8125,0.0006232261657714844,0.9403285980224609,0.0352783203125,256
8,36,Q,0.0,32,32,224,26,26,0,81.25,0.0,0.4889908641544914,0.8125,0.0006232261657714844,0.9403285980224609,0.0352783203125,256
8,37,C,0.0,32,32,224,32,32,0,100.0,0.0,0.49928819748298586,0.78125,0.0005447864532470703,0.8701691627502441,0.0401611328125,256
8,37,Q,0.0,32,32,224,25,25,0,78.125,0.0,0.49928819748298586,0.78125,0.0005447864532470703,0.8701691627502441,0.0401611328125,256
8,38,C,0.0,32,32,224,32,32,0,100.0,0.0,0.4928030494617374,0.875,0.0006303787231445312,1.0814106464385986,0.0382080078125,256
8,38,Q,0.0,32,32,224,28,28,0,87.5,0.0,0.4928030494617374,0.875,0.0006303787231445312,1.0814106464385986,0.0382080078125,256
8,39,C,0.0,32,32,224,32,32,0,100.0,0.0,0.500117753527823,0.875,0.0005855560302734375,1.0835614204406738,0.037841796875,256
8,39,Q,0.0,32,32,224,28,28,0,87.5,0.0,0.500117753527823,0.875,0.0005855560302734375,1.0835614204406738,0.037841796875,256
8,40,C,0.0,32,32,224,32,32,0,100.0,0.0,0.4972698318497186,0.90625,0.0006735324859619141,0.9480063915252686,0.0345458984375,256
8,40,Q,0.0,32,32,224,29,29,0,90.625,0.0,0.4972698318497186,0.90625,0.0006735324859619141,0.9480063915252686,0.0345458984375,256
8,41,C,0.0,32,32,224,32,32,0,100.0,0.0,0.5062260760005752,0.90625,0.0005424022674560547,1.4859910011291504,0.0323486328125,256
8,41,Q,0.0,32,32,224,29,29,0,90.625,0.0,0.5062260760005752,0.90625,0.0005424022674560547,1.4859910011291504,0.0323486328125,256
8,42,C,0.0,32,32,224,32,32,0,100.0,0.0,0.49769228178207564,0.84375,0.0003249645233154297,0.8792998790740967,0.034912109375,256
8,42,Q,0.0,32,32,224,27,27,0,84.375,0.0,0.49769228178207564,0.84375,0.0003249645233154297,0.8792998790740967,0.034912109375,256
8,43,C,0.0,32,32,224,32,32,0,100.0,0.0,0.4925343140148316,0.84375,0.0005002021789550781,0.8965885639190674,0.035888671875,256
8,43,Q,0.0,32,32,224,27,27,0,84.375,0.0,0.4925343140148316,0.84375,0.0005002021789550781,0.8965885639190674,0.035888671875,256
8,44,C,0.0,32,32,224,32,32,0,100.0,0.0,0.49368363429549605,0.8125,0.00045680999755859375,0.8202745914459229,0.03564453125,256
8,44,Q,0.0,32,32,224,26,26,0,81.25,0.0,0.49368363429549605,0.8125,0.00045680999755859375,0.8202745914459229,0.03564453125,256
8,45,C,0.0,32,32,224,32,32,0,100.0,0.0,0.49676379772272716,0.875,0.0008256435394287109,1.3426389694213867,0.0384521484375,256
8,45,Q,0.0,32,32,224,28,28,0,87.5,0.0,0.49676379772272716,0.875,0.0008256435394287109,1.3426389694213867,0.0384521484375,256
8,46,C,0.0,32,32,224,32,32,0,100.0,0.0,0.5086446216628501,0.9375,0.0005452632904052734,0.9819355010986328,0.0343017578125,256
8,46,Q,0.0,32,32,224,30,30,0,93.75,0.0,0.5086446216628501,0.9375,0.0005452632904052734,0.9819355010986328,0.0343017578125,256
8,47,C,0.0,32,32,224,32,32,0,100.0,0.0,0.4923890855656288,0.8125,0.00025653839111328125,0.7649838924407959,0.0341796875,256
8,47,Q,0.0,32,32,224,26,26,0,81.25,0.0,0.4923890855656288,0.8125,0.00025653839111328125,0.7649838924407959,0.0341796875,256
8,48,C,0.0,32,32,224,32,32,0,100.0,0.0,0.50152578703205,0.875,0.0005588531494140625,0.9247567653656006,0.0347900390625,256
8,48,Q,0.0,32,32,224,28,28,0,87.5,0.0,0.50152578703205,0.875,0.0005588531494140625,0.9247567653656006,0.0347900390625,256
8,49,C,0.0,32,32,224,32,32,0,100.0,0.0,0.48399884531360343,0.84375,0.00045800209045410156,0.885321855545044,0.0338134765625,256
8,49,Q,0.0,32,32,224,27,27,0,84.375,0.0,0.48399884531360343,0.84375,0.00045800209045410156,0.885321855545044,0.0338134765625,256
8,50,C,0.0,32,32,224,32,32,0,100.0,0.0,0.5087770356738087,0.9375,0.0003943443298339844,0.753108024597168,0.0340576171875,256
8,50,Q,0.0,32,32,224,30,30,0,93.75,0.0,0.5087770356738087,0.9375,0.0003943443298339844,0.753108024597168,0.0340576171875,256
8,51,C,0.0,32,32,224,32,32,0,100.0,0.0,0.4899447164395191,0.84375,0.0005412101745605469,1.0028176307678223,0.0330810546875,256
8,51,Q,0.0,32,32,224,27,27,0,84.375,0.0,0.4899447164395191,0.84375,0.0005412101745605469,1.0028176307678223,0.0330810546875,256
8,52,C,0.0,32,32,224,32,32,0,100.0,0.0,0.4904842093274495,0.84375,0.0003523826599121094,0.5795643329620361,0.0357666015625,256
8,52,Q,0.0,32,32,224,27,27,0,84.375,0.0,0.4904842093274495,0.84375,0.0003523826599121094,0.5795643329620361,0.0357666015625,256
8,53,C,0.0,32,32,224,32,32,0,100.0,0.0,0.5018087197290382,0.78125,0.0005948543548583984,1.005187749862671,0.0399169921875,256
8,53,Q,0.0,32,32,224,25,25,0,78.125,0.0,0.5018087197290382,0.78125,0.0005948543548583984,1.005187749862671,0.0399169921875,256
8,54,C,0.0,32,32,224,32,32,0,100.0,0.0,0.49424256169485686,0.71875,0.0006330013275146484,1.0658233165740967,0.039306640625,256
8,54,Q,0.0,32,32,224,23,23,0,71.875,0.0,0.49424256169485686,0.71875,0.0006330013275146484,1.0658233165740967,0.039306640625,256
8,55,C,0.0,32,32,224,32,32,0,100.0,0.0,0.4969264343970799,0.875,0.0005981922149658203,0.9147865772247314,0.0357666015625,256
8,55,Q,0.0,32,32,224,28,28,0,87.5,0.0,0.4969264343970799,0.875,0.0005981922149658203,0.9147865772247314,0.0357666015625,256
8,56,C,0.0,32,32,224,32,32,0,100.0,0.0,0.5008786507822729,0.8125,0.0005812644958496094,0.9559221267700195,0.038818359375,256
8,56,Q,0.0,32,32,224,26,26,0,81.25,0.0,0.5008786507822729,0.8125,0.0005812644958496094,0.9559221267700195,0.038818359375,256
8,57,C,0.0,32,32,224,32,32,0,100.0,0.0,0.5110591925816016,0.9375,0.0006003379821777344,0.8694314956665039,0.0338134765625,256
8,57,Q,0.0,32,32,224,30,30,0,93.75,0.0,0.5110591925816016,0.9375,0.0006003379821777344,0.8694314956665039,0.0338134765625,256
8,58,C,0.0,32,32,224,32,32,0,100.0,0.0,0.5000735560565291,0.90625,0.0010902881622314453,1.7978932857513428,0.035888671875,256
8,58,Q,0.0,32,32,224,29,29,0,90.625,0.0,0.5000735560565291,0.90625,0.0010902881622314453,1.7978932857513428,0.035888671875,256
8,59,C,0.0,32,32,224,32,32,0,100.0,0.0,0.49593207698882863,0.8125,0.0003418922424316406,0.7235660552978516,0.0408935546875,256
8,59,Q,0.0,32,32,224,26,26,0,81.25,0.0,0.49593207698882863,0.8125,0.0003418922424316406,0.7235660552978516,0.0408935546875,256
10,0,C,0.0,40,40,360,40,40,0,100.0,0.0,0.44921466361581835,0.9,0.0006384849548339844,1.4219486713409424,0.0240478515625,400
10,0,Q,0.0,40,40,360,36,36,0,90.0,0.0,0.44921466361581835,0.9,0.0006384849548339844,1.4219486713409424,0.0240478515625,400
10,1,C,0.0,40,40,360,40,40,0,100.0,0.0,0.44075803871041513,0.875,0.0006268024444580078,1.2181792259216309,0.0220947265625,400
10,1,Q,0.0,40,40,360,35,35,0,87.5,0.0,0.44075803871041513,0.875,0.0006268024444580078,1.2181792259216309,0.0220947265625,400
10,2,C,0.0,40,40,360,40,40,0,100.0,0.0,0.44292793363816885,0.9,0.0006422996520996094,1.2812321186065674,0.02099609375,400
10,2,Q,0.0,40,40,360,36,36,0,90.0,0.0,0.44292793363816885,0.9,0.0006422996520996094,1.2812321186065674,0.02099609375,400
10,3,C,0.0,40,40,360,40,40,0,100.0,0.0,0.42932887077793497,0.825,0.0002734661102294922,0.7895314693450928,0.022705078125,400
10,3,Q,0.0,40,40,360,33,33,0,82.5,0.0,0.42932887077793497,0.825,0.0002734661102294922,0.7895314693450928,0.022705078125,400
10,4,C,0.0,40,40,360,40,40,0,100.0,0.0,0.4409627392649393,0.9,0.0006768703460693359,1.1561720371246338,0.0203857421875,400
10,4,Q,0.0,40,40,360,36,36,0,90.0,0.0,0.4409627392649393,0.9,0.0006768703460693359,1.1561720371246338,0.0203857421875,400
10,5,C,0.0,40,40,360,40,40,0,100.0,0.0,0.44785004255617583,0.925,0.0006399154663085938,1.3762223720550537,0.021484375,400
10,5,Q,0.0,40,40,360,37,37,0,92.5,0.0,0.44785004255617583,0.925,0.0006399154663085938,1.3762223720550537,0.021484375,400
10,6,C,0.0,40,40,360,40,40,0,100.0,0.0,0.43637958250729664,0.825,0.0006611347198486328,1.8366835117340088,0.0213623046875,400
10,6,Q,0.0,40,40,360,33,33,0,82.5,0.0,0.43637958250729664,0.825,0.0006611347198486328,1.8366835117340088,0.0213623046875,400
10,7,C,0.0,40,40,360,40,40,0,100.0,0.0,0.43350514725814737,0.85,0.0008149147033691406,1.7123997211456299,0.0228271484375,400
10,7,Q,0.0,40,40,360,34,34,0,85.0,0.0,0.43350514725814737,0.85,0.0008149147033691406,1.7123997211456299,0.0228271484375,400
10,8,C,0.0,40,40,360,40,40,0,100.0,0.0,0.4280086486947466,0.8,0.0006136894226074219,1.1931989192962646,0.021728515625,400
10,8,Q,0.0,40,40,360,32,32,0,80.0,0.0,0.4280086486947466,0.8,0.0006136894226074219,1.1931989192962646,0.021728515625,400
10,9,C,0.0,40,40,360,40,40,0,100.0,0.0,0.4465738616461419,0.9,0.0003807544708251953,1.0787179470062256,0.0181884765625,400
10,9,Q,0.0,40,40,360,36,36,0,90.0,0.0,0.4465738616461419,0.9,0.0003807544708251953,1.0787179470062256,0.0181884765625,400
10,10,C,0.0,40,40,360,40,40,0,100.0,0.0,0.4509524055253183,0.925,0.0010161399841308594,1.0067024230957031,0.023681640625,400
10,10,Q,0.0,40,40,360,37,37,0,92.5,0.0,0.4509524055253183,0.925,0.0010161399841308594,1.0067024230957031,0.023681640625,400
10,11,C,0.0,40,40,360,40,40,0,100.0,0.0,0.4374927713305252,0.875,0.0006654262542724609,1.2608749866485596,0.023681640625,400
10,11,Q,0.0,40,40,360,35,35,0,87.5,0.0,0.4374927713305252,0.875,0.0006654262542724609,1.2608749866485596,0.023681640625,400
10,12,C,0.0,40,40,360,40,40,0,100.0,0.0,0.45817473125968766,0.925,0.0006325244903564453,1.2563297748565674,0.019775390625,400
10,12,Q,0.0,40,40,360,37,37,0,92.5,0.0,0.45817473125968766,0.925,0.0006325244903564453,1.2563297748565674,0.019775390625,400
10,13,C,0.0,40,40,360,40,40,0,100.0,0.0,0.44752979675510435,0.9,0.0007414817810058594,1.31691312789917,0.0228271484375,400
10,13,Q,0.0,40,40,360,36,36,0,90.0,0.0,0.44752979675510435,0.9,0.0007414817810058594,1.31691312789917,0.0228271484375,400
10,14,C,0.0,40,40,360,40,40,0,100.0,0.0,0.4570949092863672,0.95,0.00034928321838378906,0.8213682174682617,0.023681640625,400
10,14,Q,0.0,40,40,360,38,38,0,95.0,0.0,0.4570949092863672,0.95,0.00034928321838378906,0.8213682174682617,0.023681640625,400
10,15,C,0.0,40,40,360,40,40,0,100.0,0.0,0.4445841325250433,0.875,0.0007483959197998047,1.359715461730957,0.021728515625,400
10,15,Q,0.0,40,40,360,35,35,0,87.5,0.0,0.4445841325250433,0.875,0.0007483959197998047,1.359715461730957,0.021728515625,400
10,16,C,0.0,40,40,360,40,40,0,100.0,0.0,0.4476862271786268,0.9,0.0008008480072021484,1.2942206859588623,0.023193359375,400
10,16,Q,0.0,40,40,360,36,36,0,90.0,0.0,0.4476862271786268,0.9,0.0008008480072021484,1.2942206859588623,0.023193359375,400
10,17,C,0.0,40,40,360,40,40,0,100.0,0.0,0.44637965684105074,0.925,0.0006685256958007812,1.167569637298584,0.024169921875,400
10,17,Q,0.0,40,40,360,37,37,0,92.5,0.0,0.44637965684105074,0.925,0.0006685256958007812,1.167569637298584,0.024169921875,400
10,18,C,0.0,40,40,360,40,40,0,100.0,0.0,0.43850408235054134,0.85,0.0005619525909423828,1.6621954441070557,0.019287109375,400
10,18,Q,0.0,40,40,360,34,34,0,85.0,0.0,0.43850408235054134,0.85,0.0005619525909423828,1.6621954441070557,0.019287109375,400
10,19,C,0.0,40,40,360,40,40,0,100.0,0.0,0.4446361737813187,0.9,0.0003578662872314453,0.9227859973907471,0.0198974609375,400
10,19,Q,0.0,40,40,360,36,36,0,90.0,0.0,0.4446361737813187,0.9,0.0003578662872314453,0.9227859973907471,0.0198974609375,400
10,20,C,0.0,40,40,360,40,40,0,100.0,0.0,0.443273809977757,0.875,0.0006163120269775391,1.1806654930114746,0.0211181640625,400
10,20,Q,0.0,40,40,360,35,35,0,87.5,0.0,0.443273809977757,0.875,0.0006163120269775391,1.1806654930114746,0.0211181640625,400
10,21,C,0.0,40,40,360,40,40,0,100.0,0.0,0.4472219428559227,0.9,0.000762939453125,1.5465445518493652,0.0234375,400
10,21,Q,0.0,40,40,360,36,36,0,90.0,0.0,0.4472219428559227,0.9,0.000762939453125,1.5465445518493652,0.0234375,400
10,22,C,0.0,40,40,360,40,40,0,100.0,0.0,0.4465091416221854,0.9,0.0006568431854248047,1.7751600742340088,0.0245361328125,400
10,22,Q,0.0,40,40,360,36,36,0,90.0,0.0,0.4465091416221854,0.9,0.0006568431854248047,1.7751600742340088,0.0245361328125,400
10,23,C,0.0,40,40,360,40,40,0,100.0,0.0,0.44375801213724725,0.9,0.0007677078247070312,1.4892807006835938,0.0235595703125,400
10,23,Q,0.0,40,40,360,36,36,0,90.0,0.0,0.44375801213724725,0.9,0.0007677078247070312,1.4892807006835938,0.0235595703125,400
10,24,C,0.0,40,40,360,40,40,0,100.0,0.0,0.44797305055116554,0.9,0.0007932186126708984,1.1405847072601318,0.020751953125,400
10,24,Q,0.0,40,40,360,36,36,0,90.0,0.0,0.44797305055116554,0.9,0.0007932186126708984,1.1405847072601318,0.020751953125,400
10,25,C,0.0,40,40,360,40,40,0,100.0,0.0,0.43680943832668606,0.85,0.00030732154846191406,0.8054382801055908,0.02197265625,400
10,25,Q,0.0,40,40,360,34,34,0,85.0,0.0,0.43680943832668606,0.85,0.00030732154846191406,0.8054382801055908,0.02197265625,400
10,26,C,0.0,40,40,360,40,40,0,100.0,0.0,0.43020343597193134,0.775,0.0006864070892333984,1.2371044158935547,0.02197265625,400
10,26,Q,0.0,40,40,360,31,31,0,77.5,0.0,0.43020343597193134,0.775,0.0006864070892333984,1.2371044158935547,0.02197265625,400
10,27,C,0.0,40,40,360,42,40,2,100.0,4.761904761904762,0.45925689660642766,0.9285714285714286,0.0006756782531738281,1.1285150051116943,0.0269775390625,400
10,27,Q,0.0,40,40,360,39,37,2,92.5,5.128205128205129,0.45925689660642766,0.9285714285714286,0.0006756782531738281,1.1285150051116943,0.0269775390625,400
10,28,C,0.0,40,40,360,40,40,0,100.0,0.0,0.4480158049609007,0.9,0.0007538795471191406,1.116915225982666,0.0234375,400
10,28,Q,0.0,40,40,360,36,36,0,90.0,0.0,0.4480158049609007,0.9,0.0007538795471191406,1.116915225982666,0.0234375,400
10,29,C,0.0,40,40,360,43,40,3,100.0,6.976744186046512,0.48870206976015046,0.9767441860465116,0.00029587745666503906,0.886737585067749,0.0284423828125,400
10,29,Q,0.0,40,40,360,42,39,3,97.5,7.142857142857143,0.48870206976015046,0.9767441860465116,0.00029587745666503906,0.886737585067749,0.0284423828125,400
10,30,C,0.0,40,40,360,40,40,0,100.0,0.0,0.4453393083287301,0.9,0.0005321502685546875,1.172839879989624,0.018798828125,400
10,30,Q,0.0,40,40,360,36,36,0,90.0,0.0,0.4453393083287301,0.9,0.0005321502685546875,1.172839879989624,0.018798828125,400
10,31,C,0.0,40,40,360,40,40,0,100.0,0.0,0.439716051842996,0.875,0.0006055831909179688,1.6033885478973389,0.0228271484375,400
10,31,Q,0.0,40,40,360,35,35,0,87.5,0.0,0.439716051842996,0.875,0.0006055831909179688,1.6033885478973389,0.0228271484375,400
10,32,C,0.0,40,40,360,40,40,0,100.0,0.0,0.4522827728097051,0.95,0.0010180473327636719,1.7369930744171143,0.0228271484375,400
10,32,Q,0.0,40,40,360,38,38,0,95.0,0.0,0.4522827728097051,0.95,0.0010180473327636719,1.7369930744171143,0.0228271484375,400
10,33,C,0.0,40,40,360,40,40,0,100.0,0.0,0.4449422647694408,0.9,0.0008764266967773438,1.352954387664795,0.022705078125,400
10,33,Q,0.0,40,40,360,36,36,0,90.0,0.0,0.4449422647694408,0.9,0.0008764266967773438,1.352954387664795,0.022705078125,400
10,34,C,0.0,40,40,360,40,40,0,100.0,0.0,0.4537842187123358,0.95,0.0006194114685058594,1.5658082962036133,0.0235595703125,400
10,34,Q,0.0,40,40,360,38,38,0,95.0,0.0,0.4537842187123358,0.95,0.0006194114685058594,1.5658082962036133,0.0235595703125,400
10,35,C,0.0,40,40,360,40,40,0,100.0,0.0,0.4447503108835528,0.925,0.0006563663482666016,1.2894225120544434,0.0234375,400
10,35,Q,0.0,40,40,360,37,37,0,92.5,0.0,0.4447503108835528,0.925,0.0006563663482666016,1.2894225120544434,0.0234375,400
10,36,C,0.0,40,40,360,40,40,0,100.0,0.0,0.44433640637121924,0.9,0.0006101131439208984,1.269106149673462,0.024169921875,400
10,36,Q,0.0,40,40,360,36,36,0,90.0,0.0,0.44433640637121924,0.9,0.0006101131439208984,1.269106149673462,0.024169921875,400
10,37,C,0.0,40,40,360,40,40,0,100.0,0.0,0.43380675663501633,0.825,0.0006098747253417969,1.1812870502471924,0.020751953125,400
10,37,Q,0.0,40,40,360,33,33,0,82.5,0.0,0.43380675663501633,0.825,0.0006098747253417969,1.1812870502471924,0.020751953125,400
10,38,C,0.0,40,40,360,40,40,0,100.0,0.0,0.43804593713400153,0.85,0.0003108978271484375,1.0240800380706787,0.0213623046875,400
10,38,Q,0.0,40,40,360,34,34,0,85.0,0.0,0.43804593713400153,0.85,0.0003108978271484375,1.0240800380706787,0.0213623046875,400
10,39,C,0.0,40,40,360,40,40,0,100.0,0.0,0.4455577151343261,0.9,0.0007777214050292969,1.3097753524780273,0.0247802734375,400
10,39,Q,0.0,40,40,360,36,36,0,90.0,0.0,0.4455577151343261,0.9,0.0007777214050292969,1.3097753524780273,0.0247802734375,400
10,40,C,0.0,40,40,360,40,40,0,100.0,0.0,0.4395322667592957,0.85,0.00036072731018066406,0.8782937526702881,0.0194091796875,400
10,40,Q,0.0,40,40,360,34,34,0,85.0,0.0,0.4395322667592957,0.85,0.00036072731018066406,0.8782937526702881,0.0194091796875,400
10,41,C,0.0,40,40,360,40,40,0,100.0,0.0,0.43956714788483153,0.85,0.000644683837890625,1.170771837234497,0.0233154296875,400
10,41,Q,0.0,40,40,360,34,34,0,85.0,0.0,0.43956714788483153,0.85,0.000644683837890625,1.170771837234497,0.0233154296875,400
10,42,C,0.0,40,40,360,40,40,0,100.0,0.0,0.44213867627361036,0.875,0.00083160400390625,1.107201099395752,0.0242919921875,400
10,42,Q,0.0,40,40,360,35,35,0,87.5,0.0,0.44213867627361036,0.875,0.00083160400390625,1.107201099395752,0.0242919921875,400
10,43,C,0.0,40,40,360,40,40,0,100.0,0.0,0.4472233717188767,0.9,0.0006151199340820312,1.8047864437103271,0.0260009765625,400
10,43,Q,0.0,40,40,360,36,36,0,90.0,0.0,0.4472233717188767,0.9,0.0006151199340820312,1.8047864437103271,0.0260009765625,400
10,44,C,0.0,40,40,360,40,40,0,100.0,0.0,0.4405582611571012,0.875,0.0006418228149414062,1.2027497291564941,0.0220947265625,400
10,44,Q,0.0,40,40,360,35,35,0,87.5,0.0,0.4405582611571012,0.875,0.0006418228149414062,1.2027497291564941,0.0220947265625,400
10,45,C,0.0,40,40,360,40,40,0,100.0,0.0,0.4386560199527768,0.85,0.0006263256072998047,1.7057521343231201,0.0208740234375,400
10,45,Q,0.0,40,40,360,34,34,0,85.0,0.0,0.4386560199527768,0.85,0.0006263256072998047,1.7057521343231201,0.0208740234375,400
10,46,C,0.0,40,40,360,40,40,0,100.0,0.0,0.4243017553065574,0.8,0.0007197856903076172,1.5285429954528809,0.0233154296875,400
10,46,Q,0.0,40,40,360,32,32,0,80.0,0.0,0.4243017553065574,0.8,0.0007197856903076172,1.5285429954528809,0.0233154296875,400
10,47,C,0.0,40,40,360,40,40,0,100.0,0.0,0.43628431286279157,0.85,0.0006561279296875,1.8719451427459717,0.0203857421875,400
10,47,Q,0.0,40,40,360,34,34,0,85.0,0.0,0.43628431286279157,0.85,0.0006561279296875,1.8719451427459717,0.0203857421875,400
10,48,C,0.0,40,40,360,40,40,0,100.0,0.0,0.44916045461990456,0.925,0.0003056526184082031,0.7925341129302979,0.021728515625,400
10,48,Q,0.0,40,40,360,37,37,0,92.5,0.0,0.44916045461990456,0.925,0.0003056526184082031,0.7925341129302979,0.021728515625,400
10,49,C,0.0,40,40,360,40,40,0,100.0,0.0,0.4463644178662832,0.9,0.0007152557373046875,1.303922176361084,0.0208740234375,400
10,49,Q,0.0,40,40,360,36,36,0,90.0,0.0,0.4463644178662832,0.9,0.0007152557373046875,1.303922176361084,0.0208740234375,400
10,50,C,0.0,40,40,360,40,40,0,100.0,0.0,0.4482978644837984,0.9,0.0005834102630615234,1.2235920429229736,0.0216064453125,400
10,50,Q,0.0,40,40,360,36,36,0,90.0,0.0,0.4482978644837984,0.9,0.0005834102630615234,1.2235920429229736,0.0216064453125,400
10,51,C,0.0,40,40,360,40,40,0,100.0,0.0,0.4392382187444254,0.85,0.0006580352783203125,1.2459697723388672,0.022216796875,400
10,51,Q,0.0,40,40,360,34,34,0,85.0,0.0,0.4392382187444254,0.85,0.0006580352783203125,1.2459697723388672,0.022216796875,400
10,52,C,0.0,40,40,360,40,40,0,100.0,0.0,0.4401157327142062,0.875,0.00038814544677734375,0.8334555625915527,0.0228271484375,400
10,52,Q,0.0,40,40,360,35,35,0,87.5,0.0,0.4401157327142062,0.875,0.00038814544677734375,0.8334555625915527,0.0228271484375,400
10,53,C,0.0,40,40,360,40,40,0,100.0,0.0,0.45767984697927294,0.925,0.0005657672882080078,1.2369184494018555,0.0224609375,400
10,53,Q,0.0,40,40,360,37,37,0,92.5,0.0,0.45767984697927294,0.925,0.0005657672882080078,1.2369184494018555,0.0224609375,400
10,54,C,0.0,40,40,360,40,40,0,100.0,0.0,0.43881139968952027,0.9,0.0008478164672851562,1.451220989227295,0.0230712890625,400
10,54,Q,0.0,40,40,360,36,36,0,90.0,0.0,0.43881139968952027,0.9,0.0008478164672851562,1.451220989227295,0.0230712890625,400
10,55,C,0.0,40,40,360,40,40,0,100.0,0.0,0.44712597163903167,0.925,0.0006742477416992188,1.2958979606628418,0.02197265625,400
10,55,Q,0.0,40,40,360,37,37,0,92.5,0.0,0.44712597163903167,0.925,0.0006742477416992188,1.2958979606628418,0.02197265625,400
10,56,C,0.0,40,40,360,40,40,0,100.0,0.0,0.4455344148364402,0.925,0.0007877349853515625,1.4433517456054688,0.02197265625,400
10,56,Q,0.0,40,40,360,37,37,0,92.5,0.0,0.4455344148364402,0.925,0.0007877349853515625,1.4433517456054688,0.02197265625,400
10,57,C,0.0,40,40,360,40,40,0,100.0,0.0,0.4508689539219585,0.925,0.000354766845703125,0.8451907634735107,0.021484375,400
10,57,Q,0.0,40,40,360,37,37,0,92.5,0.0,0.4508689539219585,0.925,0.000354766845703125,0.8451907634735107,0.021484375,400
10,58,C,0.0,40,40,360,40,40,0,100.0,0.0,0.4442914002958864,0.875,0.005166769027709961,1.4096267223358154,0.0234375,400
10,58,Q,0.0,40,40,360,35,35,0,87.5,0.0,0.4442914002958864,0.875,0.005166769027709961,1.4096267223358154,0.0234375,400
10,59,C,0.0,40,40,360,40,40,0,100.0,0.0,0.4389281706491614,0.85,0.0006899833679199219,1.385448694229126,0.021484375,400
10,59,Q,0.0,40,40,360,34,34,0,85.0,0.0,0.4389281706491614,0.85,0.0006899833679199219,1.385448694229126,0.021484375,400
15,0,C,0.0,60,60,840,60,60,0,100.0,0.0,0.34190850727674243,0.7333333333333333,0.0011150836944580078,2.7103562355041504,0.014892578125,900
15,0,Q,0.0,60,60,840,44,44,0,73.33333333333333,0.0,0.34190850727674243,0.7333333333333333,0.0011150836944580078,2.7103562355041504,0.014892578125,900
15,1,C,0.0,60,60,840,60,60,0,100.0,0.0,0.36189441995136046,0.8333333333333334,0.0009016990661621094,2.0718753337860107,0.0181884765625,900
15,1,Q,0.0,60,60,840,50,50,0,83.33333333333333,0.0,0.36189441995136046,0.8333333333333334,0.0009016990661621094,2.0718753337860107,0.0181884765625,900
15,2,C,0.0,60,60,840,60,60,0,100.0,0.0,0.34966049728223897,0.7666666666666667,0.0008809566497802734,2.1570370197296143,0.0179443359375,900
15,2,Q,0.0,60,60,840,46,46,0,76.66666666666667,0.0,0.34966049728223897,0.7666666666666667,0.0008809566497802734,2.1570370197296143,0.0179443359375,900
15,3,C,0.0,60,60,840,60,60,0,100.0,0.0,0.34400874130412384,0.7166666666666667,0.0006024837493896484,1.2984325885772705,0.015625,900
15,3,Q,0.0,60,60,840,43,43,0,71.66666666666667,0.0,0.34400874130412384,0.7166666666666667,0.0006024837493896484,1.2984325885772705,0.015625,900
15,4,C,0.0,60,60,840,60,60,0,100.0,0.0,0.34199310908953917,0.7166666666666667,0.0009982585906982422,2.2173256874084473,0.0181884765625,900
15,4,Q,0.0,60,60,840,43,43,0,71.66666666666667,0.0,0.34199310908953917,0.7166666666666667,0.0009982585906982422,2.2173256874084473,0.0181884765625,900
15,5,C,0.0,60,60,840,60,60,0,100.0,0.0,0.34412787718444043,0.7333333333333333,0.0016138553619384766,2.0377540588378906,0.017333984375,900
15,5,Q,0.0,60,60,840,44,44,0,73.33333333333333,0.0,0.34412787718444043,0.7333333333333333,0.0016138553619384766,2.0377540588378906,0.017333984375,900
15,6,C,0.0,60,60,840,60,60,0,100.0,0.0,0.35245898898350375,0.7666666666666667,0.000978231430053711,2.358428955078125,0.01708984375,900
15,6,Q,0.0,60,60,840,46,46,0,76.66666666666667,0.0,0.35245898898350375,0.7666666666666667,0.000978231430053711,2.358428955078125,0.01708984375,900
15,7,C,0.0,60,60,840,60,60,0,100.0,0.0,0.3554608294526317,0.8,0.0007939338684082031,2.2674314975738525,0.02001953125,900
15,7,Q,0.0,60,60,840,48,48,0,80.0,0.0,0.3554608294526317,0.8,0.0007939338684082031,2.2674314975738525,0.02001953125,900
15,8,C,0.0,60,60,840,60,60,0,100.0,0.0,0.34741083524222216,0.75,0.0006806850433349609,1.5635271072387695,0.0177001953125,900
15,8,Q,0.0,60,60,840,45,45,0,75.0,0.0,0.34741083524222216,0.75,0.0006806850433349609,1.5635271072387695,0.0177001953125,900
15,9,C,0.0,60,60,840,60,60,0,100.0,0.0,0.35419020644682925,0.7833333333333333,0.0005116462707519531,1.6816480159759521,0.017333984375,900
15,9,Q,0.0,60,60,840,47,47,0,78.33333333333333,0.0,0.35419020644682925,0.7833333333333333,0.0005116462707519531,1.6816480159759521,0.017333984375,900
15,10,C,0.0,60,60,840,64,60,4,100.0,6.25,0.37816327264268346,0.828125,0.0010044574737548828,2.494976282119751,0.0186767578125,900
15,10,Q,0.0,60,60,840,53,49,4,81.66666666666667,7.547169811320755,0.37816327264268346,0.828125,0.0010044574737548828,2.494976282119751,0.0186767578125,900
15,11,C,0.0,60,60,840,60,60,0,100.0,0.0,0.36457695217313624,0.85,0.0008957386016845703,1.9984705448150635,0.0194091796875,900
15,11,Q,0.0,60,60,840,51,51,0,85.0,0.0,0.36457695217313624,0.85,0.0008957386016845703,1.9984705448150635,0.0194091796875,900
15,12,C,0.0,60,60,840,60,60,0,100.0,0.0,0.34480636331813497,0.7333333333333333,0.0009288787841796875,1.9963696002960205,0.0164794921875,900
15,12,Q,0.0,60,60,840,44,44,0,73.33333333333333,0.0,0.34480636331813497,0.7333333333333333,0.0009288787841796875,1.9963696002960205,0.0164794921875,900
15,13,C,0.0,60,60,840,60,60,0,100.0,0.0,0.36680363219141,0.85,0.0009527206420898438,2.1627838611602783,0.019287109375,900
15,13,Q,0.0,60,60,840,51,51,0,85.0,0.0,0.36680363219141,0.85,0.0009527206420898438,2.1627838611602783,0.019287109375,900
15,14,C,0.0,60,60,840,60,60,0,100.0,0.0,0.3376806293860156,0.7166666666666667,0.0005133152008056641,1.6231544017791748,0.0157470703125,900
15,14,Q,0.0,60,60,840,43,43,0,71.66666666666667,0.0,0.3376806293860156,0.7166666666666667,0.0005133152008056641,1.6231544017791748,0.0157470703125,900
15,15,C,0.0,60,60,840,60,60,0,100.0,0.0,0.35058913263324165,0.7666666666666667,0.0009639263153076172,3.579474687576294,0.0162353515625,900
15,15,Q,0.0,60,60,840,46,46,0,76.66666666666667,0.0,0.35058913263324165,0.7666666666666667,0.0009639263153076172,3.579474687576294,0.0162353515625,900
15,16,C,0.0,60,60,840,60,60,0,100.0,0.0,0.35048480751079625,0.7833333333333333,0.0009932518005371094,2.1339166164398193,0.017333984375,900
15,16,Q,0.0,60,60,840,47,47,0,78.33333333333333,0.0,0.35048480751079625,0.7833333333333333,0.0009932518005371094,2.1339166164398193,0.017333984375,900
15,17,C,0.0,60,60,840,60,60,0,100.0,0.0,0.36495820064527007,0.8333333333333334,0.0009582042694091797,2.1224513053894043,0.0169677734375,900
15,17,Q,0.0,60,60,840,50,50,0,83.33333333333333,0.0,0.36495820064527007,0.8333333333333334,0.0009582042694091797,2.1224513053894043,0.0169677734375,900
15,18,C,0.0,60,60,840,60,60,0,100.0,0.0,0.35645278893570775,0.8166666666666667,0.0008218288421630859,2.197282552719116,0.017333984375,900
15,18,Q,0.0,60,60,840,49,49,0,81.66666666666667,0.0,0.35645278893570775,0.8166666666666667,0.0008218288421630859,2.197282552719116,0.017333984375,900
15,19,C,0.0,60,60,840,60,60,0,100.0,0.0,0.35171190344905023,0.8,0.0006871223449707031,1.8092405796051025,0.016845703125,900
15,19,Q,0.0,60,60,840,48,48,0,80.0,0.0,0.35171190344905023,0.8,0.0006871223449707031,1.8092405796051025,0.016845703125,900
15,20,C,0.0,60,60,840,60,60,0,100.0,0.0,0.34604359274030266,0.7666666666666667,0.0008831024169921875,2.0267879962921143,0.0166015625,900
15,20,Q,0.0,60,60,840,46,46,0,76.66666666666667,0.0,0.34604359274030266,0.7666666666666667,0.0008831024169921875,2.0267879962921143,0.0166015625,900
15,21,C,0.0,60,60,840,60,60,0,100.0,0.0,0.37246620301277694,0.8833333333333333,0.0009028911590576172,2.0562522411346436,0.0177001953125,900
15,21,Q,0.0,60,60,840,53,53,0,88.33333333333333,0.0,0.37246620301277694,0.8833333333333333,0.0009028911590576172,2.0562522411346436,0.0177001953125,900
15,22,C,0.0,60,60,840,60,60,0,100.0,0.0,0.3397910722591684,0.7166666666666667,0.000659942626953125,1.6170721054077148,0.0172119140625,900
15,22,Q,0.0,60,60,840,43,43,0,71.66666666666667,0.0,0.3397910722591684,0.7166666666666667,0.000659942626953125,1.6170721054077148,0.0172119140625,900
15,23,C,0.0,60,60,840,60,60,0,100.0,0.0,0.3633568009420126,0.85,0.0007824897766113281,1.3782293796539307,0.0177001953125,900
15,23,Q,0.0,60,60,840,51,51,0,85.0,0.0,0.3633568009420126,0.85,0.0007824897766113281,1.3782293796539307,0.0177001953125,900
15,24,C,0.0,60,60,840,60,60,0,100.0,0.0,0.34605485773122346,0.75,0.0007410049438476562,1.7658624649047852,0.018310546875,900
15,24,Q,0.0,60,60,840,45,45,0,75.0,0.0,0.34605485773122346,0.75,0.0007410049438476562,1.7658624649047852,0.018310546875,900
15,25,C,0.0,60,60,840,60,60,0,100.0,0.0,0.36058442515085665,0.8333333333333334,0.0009756088256835938,2.023632287979126,0.0166015625,900
15,25,Q,0.0,60,60,840,50,50,0,83.33333333333333,0.0,0.36058442515085665,0.8333333333333334,0.0009756088256835938,2.023632287979126,0.0166015625,900
15,26,C,0.0,60,60,840,60,60,0,100.0,0.0,0.3426532829956248,0.7333333333333333,0.0007927417755126953,2.0933969020843506,0.0157470703125,900
15,26,Q,0.0,60,60,840,44,44,0,73.33333333333333,0.0,0.3426532829956248,0.7333333333333333,0.0007927417755126953,2.0933969020843506,0.0157470703125,900
15,27,C,0.0,60,60,840,60,60,0,100.0,0.0,0.34757070240010707,0.7666666666666667,0.0008871555328369141,2.136406660079956,0.0164794921875,900
15,27,Q,0.0,60,60,840,46,46,0,76.66666666666667,0.0,0.34757070240010707,0.7666666666666667,0.0008871555328369141,2.136406660079956,0.0164794921875,900
15,28,C,0.0,60,60,840,60,60,0,100.0,0.0,0.3584790783967848,0.8333333333333334,0.0010623931884765625,2.1875741481781006,0.0179443359375,900
15,28,Q,0.0,60,60,840,50,50,0,83.33333333333333,0.0,0.3584790783967848,0.8333333333333334,0.0010623931884765625,2.1875741481781006,0.0179443359375,900
15,29,C,0.0,60,60,840,60,60,0,100.0,0.0,0.36262763700367884,0.7903225806451613,0.0008251667022705078,1.9989755153656006,0.015869140625,900
15,29,Q,0.0,60,60,840,51,49,2,81.66666666666667,3.9215686274509802,0.36262763700367884,0.7903225806451613,0.0008251667022705078,1.9989755153656006,0.015869140625,900
15,30,C,0.0,60,60,840,60,60,0,100.0,0.0,0.34401208449588677,0.7666666666666667,0.0012047290802001953,1.8388304710388184,0.0146484375,900
15,30,Q,0.0,60,60,840,46,46,0,76.66666666666667,0.0,0.34401208449588677,0.7666666666666667,0.0012047290802001953,1.8388304710388184,0.0146484375,900
15,31,C,0.0,60,60,840,60,60,0,100.0,0.0,0.3342867990700255,0.7333333333333333,0.0008475780487060547,2.28395938873291,0.01611328125,900
15,31,Q,0.0,60,60,840,44,44,0,73.33333333333333,0.0,0.3342867990700255,0.7333333333333333,0.0008475780487060547,2.28395938873291,0.01611328125,900
15,32,C,0.0,60,60,840,60,60,0,100.0,0.0,0.34613302514099814,0.7666666666666667,0.0008692741394042969,1.9059617519378662,0.0145263671875,900
15,32,Q,0.0,60,60,840,46,46,0,76.66666666666667,0.0,0.34613302514099814,0.7666666666666667,0.0008692741394042969,1.9059617519378662,0.0145263671875,900
15,33,C,0.0,60,60,840,60,60,0,100.0,0.0,0.34245898674013864,0.7213114754098361,0.0005850791931152344,1.3131418228149414,0.016357421875,900
15,33,Q,0.0,60,60,840,45,44,1,73.33333333333333,2.2222222222222223,0.34245898674013864,0.7213114754098361,0.0005850791931152344,1.3131418228149414,0.016357421875,900
15,34,C,0.0,60,60,840,60,60,0,100.0,0.0,0.3378143961848426,0.7,0.0007038116455078125,1.267012357711792,0.016845703125,900
15,34,Q,0.0,60,60,840,42,42,0,70.0,0.0,0.3378143961848426,0.7,0.0007038116455078125,1.267012357711792,0.016845703125,900
15,35,C,0.0,60,60,840,60,60,0,100.0,0.0,0.36404247317267474,0.8333333333333334,0.0009372234344482422,1.6231863498687744,0.0186767578125,900
15,35,Q,0.0,60,60,840,50,50,0,83.33333333333333,0.0,0.36404247317267474,0.8333333333333334,0.0009372234344482422,1.6231863498687744,0.0186767578125,900
15,36,C,0.0,60,60,840,60,60,0,100.0,0.0,0.33861782987963707,0.7,0.000978708267211914,1.5133559703826904,0.017822265625,900
15,36,Q,0.0,60,60,840,42,42,0,70.0,0.0,0.33861782987963707,0.7,0.000978708267211914,1.5133559703826904,0.017822265625,900
15,37,C,0.0,60,60,840,60,60,0,100.0,0.0,0.35331044186559507,0.7666666666666667,0.0008928775787353516,1.8980686664581299,0.0179443359375,900
15,37,Q,0.0,60,60,840,46,46,0,76.66666666666667,0.0,0.35331044186559507,0.7666666666666667,0.0008928775787353516,1.8980686664581299,0.0179443359375,900
15,38,C,0.0,60,60,840,60,60,0,100.0,0.0,0.348288090331508,0.75,0.0005366802215576172,1.5266671180725098,0.016357421875,900
15,38,Q,0.0,60,60,840,45,45,0,75.0,0.0,0.348288090331508,0.75,0.0005366802215576172,1.5266671180725098,0.016357421875,900
15,39,C,0.0,60,60,840,60,60,0,100.0,0.0,0.3585019879808599,0.8166666666666667,0.0008463859558105469,2.145421266555786,0.0181884765625,900
15,39,Q,0.0,60,60,840,49,49,0,81.66666666666667,0.0,0.3585019879808599,0.8166666666666667,0.0008463859558105469,2.145421266555786,0.0181884765625,900
15,40,C,0.0,60,60,840,60,60,0,100.0,0.0,0.3488405240366555,0.75,0.0009210109710693359,1.3774597644805908,0.0169677734375,900
15,40,Q,0.0,60,60,840,45,45,0,75.0,0.0,0.3488405240366555,0.75,0.0009210109710693359,1.3774597644805908,0.0169677734375,900
15,41,C,0.0,60,60,840,60,60,0,100.0,0.0,0.33365131151808214,0.7166666666666667,0.0006673336029052734,2.316995859146118,0.013916015625,900
15,41,Q,0.0,60,60,840,43,43,0,71.66666666666667,0.0,0.33365131151808214,0.7166666666666667,0.0006673336029052734,2.316995859146118,0.013916015625,900
15,42,C,0.0,60,60,840,60,60,0,100.0,0.0,0.34029481924165794,0.75,0.0009443759918212891,2.2199454307556152,0.015380859375,900
15,42,Q,0.0,60,60,840,45,45,0,75.0,0.0,0.34029481924165794,0.75,0.0009443759918212891,2.2199454307556152,0.015380859375,900
15,43,C,0.0,60,60,840,60,60,0,100.0,0.0,0.3650685835959233,0.85,0.0004730224609375,1.3135254383087158,0.01513671875,900
15,43,Q,0.0,60,60,840,51,51,0,85.0,0.0,0.3650685835959233,0.85,0.0004730224609375,1.3135254383087158,0.01513671875,900
15,44,C,0.0,60,60,840,60,60,0,100.0,0.0,0.35777212078499865,0.8166666666666667,0.0011272430419921875,2.137268543243408,0.0185546875,900
15,44,Q,0.0,60,60,840,49,49,0,81.66666666666667,0.0,0.35777212078499865,0.8166666666666667,0.0011272430419921875,2.137268543243408,0.0185546875,900
15,45,C,0.0,60,60,840,60,60,0,100.0,0.0,0.3472368622091781,0.75,0.004144430160522461,2.570930242538452,0.017578125,900
15,45,Q,0.0,60,60,840,45,45,0,75.0,0.0,0.3472368622091781,0.75,0.004144430160522461,2.570930242538452,0.017578125,900
15,46,C,0.0,60,60,840,60,60,0,100.0,0.0,0.3590225327334571,0.8166666666666667,0.001127004623413086,2.1687309741973877,0.0162353515625,900
15,46,Q,0.0,60,60,840,49,49,0,81.66666666666667,0.0,0.3590225327334571,0.8166666666666667,0.001127004623413086,2.1687309741973877,0.0162353515625,900
15,47,C,0.0,60,60,840,60,60,0,100.0,0.0,0.34521468429648383,0.7833333333333333,0.0012733936309814453,2.0164666175842285,0.01806640625,900
15,47,Q,0.0,60,60,840,47,47,0,78.33333333333333,0.0,0.34521468429648383,0.7833333333333333,0.0012733936309814453,2.0164666175842285,0.01806640625,900
15,48,C,0.0,60,60,840,60,60,0,100.0,0.0,0.35137274707489285,0.7666666666666667,0.0010423660278320312,2.467374324798584,0.0179443359375,900
15,48,Q,0.0,60,60,840,46,46,0,76.66666666666667,0.0,0.35137274707489285,0.7666666666666667,0.0010423660278320312,2.467374324798584,0.0179443359375,900
15,49,C,0.0,60,60,840,60,60,0,100.0,0.0,0.34178512110418174,0.7166666666666667,0.0007987022399902344,2.1167988777160645,0.014892578125,900
15,49,Q,0.0,60,60,840,43,43,0,71.66666666666667,0.0,0.34178512110418174,0.7166666666666667,0.0007987022399902344,2.1167988777160645,0.014892578125,900
15,50,C,0.0,60,60,840,60,60,0,100.0,0.0,0.3517586727429639,0.7666666666666667,0.0010752677917480469,2.1661579608917236,0.0159912109375,900
15,50,Q,0.0,60,60,840,46,46,0,76.66666666666667,0.0,0.3517586727429639,0.7666666666666667,0.0010752677917480469,2.1661579608917236,0.0159912109375,900
15,51,C,0.0,60,60,840,60,60,0,100.0,0.0,0.347687845584325,0.75,0.0004315376281738281,1.5700116157531738,0.0145263671875,900
15,51,Q,0.0,60,60,840,45,45,0,75.0,0.0,0.347687845584325,0.75,0.0004315376281738281,1.5700116157531738,0.0145263671875,900
15,52,C,0.0,60,60,840,60,60,0,100.0,0.0,0.35569094173876237,0.7868852459016393,0.0011358261108398438,2.5038440227508545,0.0189208984375,900
15,52,Q,0.0,60,60,840,49,48,1,80.0,2.0408163265306123,0.35569094173876237,0.7868852459016393,0.0011358261108398438,2.5038440227508545,0.0189208984375,900
15,53,C,0.0,60,60,840,60,60,0,100.0,0.0,0.35388196962824825,0.8166666666666667,0.0010209083557128906,2.015157699584961,0.0167236328125,900
15,53,Q,0.0,60,60,840,49,49,0,81.66666666666667,0.0,0.35388196962824825,0.8166666666666667,0.0010209083557128906,2.015157699584961,0.0167236328125,900
15,54,C,0.0,60,60,840,60,60,0,100.0,0.0,0.35534580421156536,0.7833333333333333,0.0006542205810546875,1.6190791130065918,0.0169677734375,900
15,54,Q,0.0,60,60,840,47,47,0,78.33333333333333,0.0,0.35534580421156536,0.7833333333333333,0.0006542205810546875,1.6190791130065918,0.0169677734375,900
15,55,C,0.0,60,60,840,60,60,0,100.0,0.0,0.3572787961970812,0.8,0.0007560253143310547,1.7758824825286865,0.019287109375,900
15,55,Q,0.0,60,60,840,48,48,0,80.0,0.0,0.3572787961970812,0.8,0.0007560253143310547,1.7758824825286865,0.019287109375,900
15,56,C,0.0,60,60,840,60,60,0,100.0,0.0,0.3433624210614714,0.7333333333333333,0.0010182857513427734,1.9898698329925537,0.0152587890625,900
15,56,Q,0.0,60,60,840,44,44,0,73.33333333333333,0.0,0.3433624210614714,0.7333333333333333,0.0010182857513427734,1.9898698329925537,0.0152587890625,900
15,57,C,0.0,60,60,840,60,60,0,100.0,0.0,0.35548991264986146,0.7540983606557377,0.0007562637329101562,1.9056639671325684,0.0167236328125,900
15,57,Q,0.0,60,60,840,47,46,1,76.66666666666667,2.127659574468085,0.35548991264986146,0.7540983606557377,0.0007562637329101562,1.9056639671325684,0.0167236328125,900
15,58,C,0.0,60,60,840,60,60,0,100.0,0.0,0.35135973828543793,0.7666666666666667,0.001134634017944336,2.174304962158203,0.015625,900
15,58,Q,0.0,60,60,840,46,46,0,76.66666666666667,0.0,0.35135973828543793,0.7666666666666667,0.001134634017944336,2.174304962158203,0.015625,900
15,59,C,0.0,60,60,840,60,60,0,100.0,0.0,0.34165277061452576,0.7166666666666667,0.0008516311645507812,1.9924168586730957,0.0150146484375,900
15,59,Q,0.0,60,60,840,43,43,0,71.66666666666667,0.0,0.34165277061452576,0.7166666666666667,0.0008516311645507812,1.9924168586730957,0.0150146484375,900
20,0,C,0.0,80,80,1520,80,80,0,100.0,0.0,0.2784648546640443,0.625,0.001293182373046875,2.464935064315796,0.01171875,1600
20,0,Q,0.0,80,80,1520,50,50,0,62.5,0.0,0.2784648546640443,0.625,0.001293182373046875,2.464935064315796,0.01171875,1600
20,1,C,0.0,80,80,1520,80,80,0,100.0,0.0,0.2838630386116084,0.625,0.0006575584411621094,1.926255464553833,0.0096435546875,1600
20,1,Q,0.0,80,80,1520,50,50,0,62.5,0.0,0.2838630386116084,0.625,0.0006575584411621094,1.926255464553833,0.0096435546875,1600
20,2,C,0.0,80,80,1520,80,80,0,100.0,0.0,0.2709649882194723,0.5625,0.0014393329620361328,2.5946571826934814,0.0106201171875,1600
20,2,Q,0.0,80,80,1520,45,45,0,56.25,0.0,0.2709649882194723,0.5625,0.0014393329620361328,2.5946571826934814,0.0106201171875,1600
20,3,C,0.0,80,80,1520,80,80,0,100.0,0.0,0.27025365812838353,0.5625,0.0013742446899414062,2.4031522274017334,0.010986328125,1600
20,3,Q,0.0,80,80,1520,45,45,0,56.25,0.0,0.27025365812838353,0.5625,0.0013742446899414062,2.4031522274017334,0.010986328125,1600
20,4,C,0.0,80,80,1520,80,80,0,100.0,0.0,0.2737611216002825,0.5875,0.0017669200897216797,3.3979971408843994,0.010498046875,1600
20,4,Q,0.0,80,80,1520,47,47,0,58.75,0.0,0.2737611216002825,0.5875,0.0017669200897216797,3.3979971408843994,0.010498046875,1600
20,5,C,0.0,80,80,1520,80,80,0,100.0,0.0,0.265702963014139,0.5625,0.001428842544555664,2.4754908084869385,0.00927734375,1600
20,5,Q,0.0,80,80,1520,45,45,0,56.25,0.0,0.265702963014139,0.5625,0.001428842544555664,2.4754908084869385,0.00927734375,1600
20,6,C,0.0,80,80,1520,80,80,0,100.0,0.0,0.2748411290055024,0.6,0.0014264583587646484,2.5540764331817627,0.010986328125,1600
20,6,Q,0.0,80,80,1520,48,48,0,60.0,0.0,0.2748411290055024,0.6,0.0014264583587646484,2.5540764331817627,0.010986328125,1600
20,7,C,0.0,80,80,1520,80,80,0,100.0,0.0,0.2775818349373371,0.6,0.0008416175842285156,1.605095624923706,0.012451171875,1600
20,7,Q,0.0,80,80,1520,48,48,0,60.0,0.0,0.2775818349373371,0.6,0.0008416175842285156,1.605095624923706,0.012451171875,1600
20,8,C,0.0,80,80,1520,80,80,0,100.0,0.0,0.27669226637937794,0.5875,0.00142669677734375,2.1256587505340576,0.0126953125,1600
20,8,Q,0.0,80,80,1520,47,47,0,58.75,0.0,0.27669226637937794,0.5875,0.00142669677734375,2.1256587505340576,0.0126953125,1600
20,9,C,0.0,80,80,1520,80,80,0,100.0,0.0,0.2864712564368817,0.6375,0.0007045269012451172,2.340852737426758,0.0107421875,1600
20,9,Q,0.0,80,80,1520,51,51,0,63.75,0.0,0.2864712564368817,0.6375,0.0007045269012451172,2.340852737426758,0.0107421875,1600
20,10,C,0.0,80,80,1520,80,80,0,100.0,0.0,0.2623839421136535,0.55,0.0012624263763427734,2.3682031631469727,0.0096435546875,1600
20,10,Q,0.0,80,80,1520,44,44,0,55.0,0.0,0.2623839421136535,0.55,0.0012624263763427734,2.3682031631469727,0.0096435546875,1600
20,11,C,0.0,80,80,1520,80,80,0,100.0,0.0,0.27038029712924294,0.5875,0.0015285015106201172,2.5238208770751953,0.0126953125,1600
20,11,Q,0.0,80,80,1520,47,47,0,58.75,0.0,0.27038029712924294,0.5875,0.0015285015106201172,2.5238208770751953,0.0126953125,1600
20,12,C,0.0,80,80,1520,80,80,0,100.0,0.0,0.2896523988998643,0.6875,0.001451253890991211,2.5338101387023926,0.0123291015625,1600
20,12,Q,0.0,80,80,1520,55,55,0,68.75,0.0,0.2896523988998643,0.6875,0.001451253890991211,2.5338101387023926,0.0123291015625,1600
20,13,C,0.0,80,80,1520,80,80,0,100.0,0.0,0.2726660703364348,0.6,0.0015342235565185547,2.669140577316284,0.012451171875,1600
20,13,Q,0.0,80,80,1520,48,48,0,60.0,0.0,0.2726660703364348,0.6,0.0015342235565185547,2.669140577316284,0.012451171875,1600
20,14,C,0.0,80,80,1520,80,80,0,100.0,0.0,0.27721439160066724,0.625,0.0005941390991210938,2.3053250312805176,0.0118408203125,1600
20,14,Q,0.0,80,80,1520,50,50,0,62.5,0.0,0.27721439160066724,0.625,0.0005941390991210938,2.3053250312805176,0.0118408203125,1600
20,15,C,0.0,80,80,1520,80,80,0,100.0,0.0,0.26407216810160583,0.5375,0.0011065006256103516,2.4765970706939697,0.0108642578125,1600
20,15,Q,0.0,80,80,1520,43,43,0,53.75,0.0,0.26407216810160583,0.5375,0.0011065006256103516,2.4765970706939697,0.0108642578125,1600
20,16,C,0.0,80,80,1520,80,80,0,100.0,0.0,0.26074710232534576,0.525,0.0012426376342773438,2.6765189170837402,0.0087890625,1600
20,16,Q,0.0,80,80,1520,42,42,0,52.5,0.0,0.26074710232534576,0.525,0.0012426376342773438,2.6765189170837402,0.0087890625,1600
20,17,C,0.0,80,80,1520,80,80,0,100.0,0.0,0.27437200263817374,0.6,0.0014462471008300781,2.7081754207611084,0.0123291015625,1600
20,17,Q,0.0,80,80,1520,48,48,0,60.0,0.0,0.27437200263817374,0.6,0.0014462471008300781,2.7081754207611084,0.0123291015625,1600
20,18,C,0.0,80,80,1520,80,80,0,100.0,0.0,0.2779942983783407,0.6125,0.0024139881134033203,3.1212308406829834,0.010498046875,1600
20,18,Q,0.0,80,80,1520,49,49,0,61.25,0.0,0.2779942983783407,0.6125,0.0024139881134033203,3.1212308406829834,0.010498046875,1600
20,19,C,0.0,80,80,1520,80,80,0,100.0,0.0,0.2979039191218759,0.7125,0.0017669200897216797,2.7277157306671143,0.0142822265625,1600
20,19,Q,0.0,80,80,1520,57,57,0,71.25,0.0,0.2979039191218759,0.7125,0.0017669200897216797,2.7277157306671143,0.0142822265625,1600
20,20,C,0.0,80,80,1520,80,80,0,100.0,0.0,0.25781464243580277,0.5125,0.0015056133270263672,2.727086067199707,0.0103759765625,1600
20,20,Q,0.0,80,80,1520,41,41,0,51.25,0.0,0.25781464243580277,0.5125,0.0015056133270263672,2.727086067199707,0.0103759765625,1600
20,21,C,0.0,80,80,1520,80,80,0,100.0,0.0,0.2591493876721271,0.5125,0.00087738037109375,2.428330659866333,0.009765625,1600
20,21,Q,0.0,80,80,1520,41,41,0,51.25,0.0,0.2591493876721271,0.5125,0.00087738037109375,2.428330659866333,0.009765625,1600
20,22,C,0.0,80,80,1520,80,80,0,100.0,0.0,0.25545306008363133,0.5125,0.0014078617095947266,2.4371252059936523,0.0108642578125,1600
20,22,Q,0.0,80,80,1520,41,41,0,51.25,0.0,0.25545306008363133,0.5125,0.0014078617095947266,2.4371252059936523,0.0108642578125,1600
20,23,C,0.0,80,80,1520,80,80,0,100.0,0.0,0.2909332604461847,0.6875,0.00128936767578125,2.4447624683380127,0.0123291015625,1600
20,23,Q,0.0,80,80,1520,55,55,0,68.75,0.0,0.2909332604461847,0.6875,0.00128936767578125,2.4447624683380127,0.0123291015625,1600
20,24,C,0.0,80,80,1520,80,80,0,100.0,0.0,0.28549154081396594,0.6625,0.0015645027160644531,2.5486621856689453,0.01220703125,1600
20,24,Q,0.0,80,80,1520,53,53,0,66.25,0.0,0.28549154081396594,0.6625,0.0015645027160644531,2.5486621856689453,0.01220703125,1600
20,25,C,0.0,80,80,1520,80,80,0,100.0,0.0,0.2502752165882029,0.5,0.0013875961303710938,2.5136969089508057,0.0096435546875,1600
20,25,Q,0.0,80,80,1520,40,40,0,50.0,0.0,0.2502752165882029,0.5,0.0013875961303710938,2.5136969089508057,0.0096435546875,1600
20,26,C,0.0,80,80,1520,80,80,0,100.0,0.0,0.2826729458538135,0.6375,0.00106048583984375,2.3461806774139404,0.0106201171875,1600
20,26,Q,0.0,80,80,1520,51,51,0,63.75,0.0,0.2826729458538135,0.6375,0.00106048583984375,2.3461806774139404,0.0106201171875,1600
20,27,C,0.0,80,80,1520,80,80,0,100.0,0.0,0.25367706008582425,0.5125,0.0016734600067138672,2.363133192062378,0.0089111328125,1600
20,27,Q,0.0,80,80,1520,41,41,0,51.25,0.0,0.25367706008582425,0.5125,0.0016734600067138672,2.363133192062378,0.0089111328125,1600
20,28,C,0.0,80,80,1520,80,80,0,100.0,0.0,0.2700428265671282,0.575,0.0005424022674560547,1.8503484725952148,0.01025390625,1600
20,28,Q,0.0,80,80,1520,46,46,0,57.5,0.0,0.2700428265671282,0.575,0.0005424022674560547,1.8503484725952148,0.01025390625,1600
20,29,C,0.0,80,80,1520,80,80,0,100.0,0.0,0.2662188787787982,0.575,0.0015490055084228516,4.146866798400879,0.0107421875,1600
20,29,Q,0.0,80,80,1520,46,46,0,57.5,0.0,0.2662188787787982,0.575,0.0015490055084228516,4.146866798400879,0.0107421875,1600
20,30,C,0.0,80,80,1520,80,80,0,100.0,0.0,0.2643015236105671,0.525,0.0014808177947998047,3.156348466873169,0.009033203125,1600
20,30,Q,0.0,80,80,1520,42,42,0,52.5,0.0,0.2643015236105671,0.525,0.0014808177947998047,3.156348466873169,0.009033203125,1600
20,31,C,0.0,80,80,1520,80,80,0,100.0,0.0,0.2747417664970819,0.6125,0.0015671253204345703,3.0828702449798584,0.010986328125,1600
20,31,Q,0.0,80,80,1520,49,49,0,61.25,0.0,0.2747417664970819,0.6125,0.0015671253204345703,3.0828702449798584,0.010986328125,1600
20,32,C,0.0,80,80,1520,80,80,0,100.0,0.0,0.28327554524161935,0.6375,0.0016574859619140625,2.421942949295044,0.0108642578125,1600
20,32,Q,0.0,80,80,1520,51,51,0,63.75,0.0,0.28327554524161935,0.6375,0.0016574859619140625,2.421942949295044,0.0108642578125,1600
20,33,C,0.0,80,80,1520,80,80,0,100.0,0.0,0.2604841661282208,0.55,0.0013997554779052734,2.098191499710083,0.01025390625,1600
20,33,Q,0.0,80,80,1520,44,44,0,55.0,0.0,0.2604841661282208,0.55,0.0013997554779052734,2.098191499710083,0.01025390625,1600
20,34,C,0.0,80,80,1520,80,80,0,100.0,0.0,0.2888370984043618,0.65,0.000553131103515625,1.8263700008392334,0.010986328125,1600
20,34,Q,0.0,80,80,1520,52,52,0,65.0,0.0,0.2888370984043618,0.65,0.000553131103515625,1.8263700008392334,0.010986328125,1600
20,35,C,0.0,80,80,1520,80,80,0,100.0,0.0,0.2724939461428588,0.5875,0.0011935234069824219,2.6146347522735596,0.01123046875,1600
20,35,Q,0.0,80,80,1520,47,47,0,58.75,0.0,0.2724939461428588,0.5875,0.0011935234069824219,2.6146347522735596,0.01123046875,1600
20,36,C,0.0,80,80,1520,80,80,0,100.0,0.0,0.2692294689039827,0.5875,0.0014638900756835938,2.5066676139831543,0.012451171875,1600
20,36,Q,0.0,80,80,1520,47,47,0,58.75,0.0,0.2692294689039827,0.5875,0.0014638900756835938,2.5066676139831543,0.012451171875,1600
20,37,C,0.0,80,80,1520,80,80,0,100.0,0.0,0.26280132050400473,0.55,0.001512289047241211,2.504351854324341,0.0101318359375,1600
20,37,Q,0.0,80,80,1520,44,44,0,55.0,0.0,0.26280132050400473,0.55,0.001512289047241211,2.504351854324341,0.0101318359375,1600
20,38,C,0.0,80,80,1520,80,80,0,100.0,0.0,0.27212646069006363,0.6,0.0006117820739746094,2.116549253463745,0.010986328125,1600
20,38,Q,0.0,80,80,1520,48,48,0,60.0,0.0,0.27212646069006363,0.6,0.0006117820739746094,2.116549253463745,0.010986328125,1600
20,39,C,0.0,80,80,1520,80,80,0,100.0,0.0,0.26630356220084656,0.575,0.0016121864318847656,2.832332134246826,0.0096435546875,1600
20,39,Q,0.0,80,80,1520,46,46,0,57.5,0.0,0.26630356220084656,0.575,0.0016121864318847656,2.832332134246826,0.0096435546875,1600
20,40,C,0.0,80,80,1520,80,80,0,100.0,0.0,0.2884001740705386,0.6625,0.001392364501953125,2.423715829849243,0.0106201171875,1600
20,40,Q,0.0,80,80,1520,53,53,0,66.25,0.0,0.2884001740705386,0.6625,0.001392364501953125,2.423715829849243,0.0106201171875,1600
20,41,C,0.0,80,80,1520,80,80,0,100.0,0.0,0.2679783253886975,0.55,0.0013933181762695312,2.2964673042297363,0.0101318359375,1600
20,41,Q,0.0,80,80,1520,44,44,0,55.0,0.0,0.2679783253886975,0.55,0.0013933181762695312,2.2964673042297363,0.0101318359375,1600
20,42,C,0.0,80,80,1520,80,80,0,100.0,0.0,0.26947947286448687,0.5875,0.0011677742004394531,1.997713565826416,0.0118408203125,1600
20,42,Q,0.0,80,80,1520,47,47,0,58.75,0.0,0.26947947286448687,0.5875,0.0011677742004394531,1.997713565826416,0.0118408203125,1600
20,43,C,0.0,80,80,1520,80,80,0,100.0,0.0,0.2550077082052816,0.48148148148148145,0.002102375030517578,8.093180894851685,0.0096435546875,1600
20,43,Q,0.0,80,80,1520,40,39,1,48.75,2.5,0.2550077082052816,0.48148148148148145,0.002102375030517578,8.093180894851685,0.0096435546875,1600
20,44,C,0.0,80,80,1520,80,80,0,100.0,0.0,0.28370072354473813,0.6375,0.0010793209075927734,2.6393604278564453,0.012451171875,1600
20,44,Q,0.0,80,80,1520,51,51,0,63.75,0.0,0.28370072354473813,0.6375,0.0010793209075927734,2.6393604278564453,0.012451171875,1600
20,45,C,0.0,80,80,1520,80,80,0,100.0,0.0,0.26316343479096366,0.55,0.001257181167602539,2.3013854026794434,0.0108642578125,1600
20,45,Q,0.0,80,80,1520,44,44,0,55.0,0.0,0.26316343479096366,0.55,0.001257181167602539,2.3013854026794434,0.0108642578125,1600
20,46,C,0.0,80,80,1520,80,80,0,100.0,0.0,0.2581803568258361,0.525,0.0013654232025146484,2.44179368019104,0.009033203125,1600
20,46,Q,0.0,80,80,1520,42,42,0,52.5,0.0,0.2581803568258361,0.525,0.0013654232025146484,2.44179368019104,0.009033203125,1600
20,47,C,0.0,80,80,1520,80,80,0,100.0,0.0,0.28554910863709976,0.6625,0.0007741451263427734,2.4423792362213135,0.0126953125,1600
20,47,Q,0.0,80,80,1520,53,53,0,66.25,0.0,0.28554910863709976,0.6625,0.0007741451263427734,2.4423792362213135,0.0126953125,1600
20,48,C,0.0,80,80,1520,82,80,2,100.0,2.4390243902439024,0.28933531057193135,0.6463414634146342,0.0016274452209472656,2.677262783050537,0.01171875,1600
20,48,Q,0.0,80,80,1520,53,52,1,65.0,1.8867924528301887,0.28933531057193135,0.6463414634146342,0.0016274452209472656,2.677262783050537,0.01171875,1600
20,49,C,0.0,80,80,1520,80,80,0,100.0,0.0,0.2765942318290909,0.6,0.0013623237609863281,2.3789923191070557,0.0101318359375,1600
20,49,Q,0.0,80,80,1520,48,48,0,60.0,0.0,0.2765942318290909,0.6,0.0013623237609863281,2.3789923191070557,0.0101318359375,1600
20,50,C,0.0,80,80,1520,80,80,0,100.0,0.0,0.27972472253707176,0.625,0.0013155937194824219,1.6865839958190918,0.01220703125,1600
20,50,Q,0.0,80,80,1520,50,50,0,62.5,0.0,0.27972472253707176,0.625,0.0013155937194824219,1.6865839958190918,0.01220703125,1600
20,51,C,0.0,80,80,1520,80,80,0,100.0,0.0,0.26199177860626666,0.55,0.0011816024780273438,2.490915298461914,0.00927734375,1600
20,51,Q,0.0,80,80,1520,44,44,0,55.0,0.0,0.26199177860626666,0.55,0.0011816024780273438,2.490915298461914,0.00927734375,1600
20,52,C,0.0,80,80,1520,80,80,0,100.0,0.0,0.2667320800208448,0.5875,0.0008268356323242188,2.4431536197662354,0.011962890625,1600
20,52,Q,0.0,80,80,1520,47,47,0,58.75,0.0,0.2667320800208448,0.5875,0.0008268356323242188,2.4431536197662354,0.011962890625,1600
20,53,C,0.0,80,80,1520,80,80,0,100.0,0.0,0.2809927876839206,0.6,0.001321554183959961,1.9402649402618408,0.01171875,1600
20,53,Q,0.0,80,80,1520,48,48,0,60.0,0.0,0.2809927876839206,0.6,0.001321554183959961,1.9402649402618408,0.01171875,1600
20,54,C,0.0,80,80,1520,80,80,0,100.0,0.0,0.25870337837134744,0.525,0.0013315677642822266,2.551708936691284,0.0107421875,1600
20,54,Q,0.0,80,80,1520,42,42,0,52.5,0.0,0.25870337837134744,0.525,0.0013315677642822266,2.551708936691284,0.0107421875,1600
20,55,C,0.0,80,80,1520,80,80,0,100.0,0.0,0.2491128345596115,0.475,0.001955747604370117,2.3664965629577637,0.0101318359375,1600
20,55,Q,0.0,80,80,1520,38,38,0,47.5,0.0,0.2491128345596115,0.475,0.001955747604370117,2.3664965629577637,0.0101318359375,1600
20,56,C,0.0,80,80,1520,80,80,0,100.0,0.0,0.27676611474318263,0.6125,0.0010313987731933594,1.7323601245880127,0.01171875,1600
20,56,Q,0.0,80,80,1520,49,49,0,61.25,0.0,0.27676611474318263,0.6125,0.0010313987731933594,1.7323601245880127,0.01171875,1600
20,57,C,0.0,80,80,1520,80,80,0,100.0,0.0,0.2774777857859989,0.6125,0.0012392997741699219,2.4935827255249023,0.0107421875,1600
20,57,Q,0.0,80,80,1520,49,49,0,61.25,0.0,0.2774777857859989,0.6125,0.0012392997741699219,2.4935827255249023,0.0107421875,1600
20,58,C,0.0,80,80,1520,80,80,0,100.0,0.0,0.26572687276826673,0.5625,0.0007612705230712891,2.3587429523468018,0.0093994140625,1600
20,58,Q,0.0,80,80,1520,45,45,0,56.25,0.0,0.26572687276826673,0.5625,0.0007612705230712891,2.3587429523468018,0.0093994140625,1600
20,59,C,0.0,80,80,1520,80,80,0,100.0,0.0,0.2887665393676373,0.6625,0.0014023780822753906,2.5507941246032715,0.011474609375,1600
20,59,Q,0.0,80,80,1520,53,53,0,66.25,0.0,0.2887665393676373,0.6625,0.0014023780822753906,2.5507941246032715,0.011474609375,1600
30,0,C,0.0,120,120,3480,121,120,1,100.0,0.8264462809917356,0.19923619592035147,0.4214876033057851,0.0024323463439941406,4.29295802116394,0.0091552734375,3600
30,0,Q,0.0,120,120,3480,51,51,0,42.5,0.0,0.19923619592035147,0.4214876033057851,0.0024323463439941406,4.29295802116394,0.0091552734375,3600
30,1,C,0.0,120,120,3480,120,120,0,100.0,0.0,0.18855550452318154,0.4,0.0018703937530517578,4.8493266105651855,0.007080078125,3600
30,1,Q,0.0,120,120,3480,48,48,0,40.0,0.0,0.18855550452318154,0.4,0.0018703937530517578,4.8493266105651855,0.007080078125,3600
30,2,C,0.0,120,120,3480,120,120,0,100.0,0.0,0.18651704726222804,0.39166666666666666,0.002076387405395508,5.145658731460571,0.0084228515625,3600
30,2,Q,0.0,120,120,3480,47,47,0,39.166666666666664,0.0,0.18651704726222804,0.39166666666666666,0.002076387405395508,5.145658731460571,0.0084228515625,3600
30,3,C,0.0,120,120,3480,120,120,0,100.0,0.0,0.1838328985159913,0.36666666666666664,0.0023527145385742188,5.425662040710449,0.008544921875,3600
30,3,Q,0.0,120,120,3480,44,44,0,36.666666666666664,0.0,0.1838328985159913,0.36666666666666664,0.0023527145385742188,5.425662040710449,0.008544921875,3600
30,4,C,0.0,120,120,3480,120,120,0,100.0,0.0,0.18966360438028024,0.4,0.004123687744140625,14.698628902435303,0.009033203125,3600
30,4,Q,0.0,120,120,3480,48,48,0,40.0,0.0,0.18966360438028024,0.4,0.004123687744140625,14.698628902435303,0.009033203125,3600
30,5,C,0.0,120,120,3480,120,120,0,100.0,0.0,0.18746002952354213,0.4083333333333333,0.0023109912872314453,4.678869247436523,0.0087890625,3600
30,5,Q,0.0,120,120,3480,49,49,0,40.833333333333336,0.0,0.18746002952354213,0.4083333333333333,0.0023109912872314453,4.678869247436523,0.0087890625,3600
30,6,C,0.0,120,120,3480,120,120,0,100.0,0.0,0.1944013415817674,0.4083333333333333,0.0014655590057373047,6.611443281173706,0.0081787109375,3600
30,6,Q,0.0,120,120,3480,49,49,0,40.833333333333336,0.0,0.1944013415817674,0.4083333333333333,0.0014655590057373047,6.611443281173706,0.0081787109375,3600
30,7,C,0.0,120,120,3480,120,120,0,100.0,0.0,0.18903776249564685,0.4,0.002234220504760742,5.42866325378418,0.0078125,3600
30,7,Q,0.0,120,120,3480,48,48,0,40.0,0.0,0.18903776249564685,0.4,0.002234220504760742,5.42866325378418,0.0078125,3600
30,8,C,0.0,120,120,3480,120,120,0,100.0,0.0,0.18766853097859912,0.39166666666666666,0.002035379409790039,5.154354095458984,0.0086669921875,3600
30,8,Q,0.0,120,120,3480,47,47,0,39.166666666666664,0.0,0.18766853097859912,0.39166666666666666,0.002035379409790039,5.154354095458984,0.0086669921875,3600
30,9,C,0.0,120,120,3480,120,120,0,100.0,0.0,0.1953955786106342,0.43333333333333335,0.0015952587127685547,5.635450124740601,0.0089111328125,3600
30,9,Q,0.0,120,120,3480,52,52,0,43.333333333333336,0.0,0.1953955786106342,0.43333333333333335,0.0015952587127685547,5.635450124740601,0.0089111328125,3600
30,10,C,0.0,120,120,3480,120,120,0,100.0,0.0,0.18858434693298265,0.39166666666666666,0.0014867782592773438,3.945673704147339,0.0084228515625,3600
30,10,Q,0.0,120,120,3480,47,47,0,39.166666666666664,0.0,0.18858434693298265,0.39166666666666666,0.0014867782592773438,3.945673704147339,0.0084228515625,3600
30,11,C,0.0,120,120,3480,120,120,0,100.0,0.0,0.19087569322509554,0.4166666666666667,0.0019805431365966797,4.1427366733551025,0.00732421875,3600
30,11,Q,0.0,120,120,3480,50,50,0,41.666666666666664,0.0,0.19087569322509554,0.4166666666666667,0.0019805431365966797,4.1427366733551025,0.00732421875,3600
30,12,C,0.0,120,120,3480,120,120,0,100.0,0.0,0.19249535643608404,0.4083333333333333,0.0020334720611572266,4.642878532409668,0.0086669921875,3600
30,12,Q,0.0,120,120,3480,49,49,0,40.833333333333336,0.0,0.19249535643608404,0.4083333333333333,0.0020334720611572266,4.642878532409668,0.0086669921875,3600
30,13,C,0.0,120,120,3480,120,120,0,100.0,0.0,0.184448964963268,0.375,0.0023992061614990234,5.606658935546875,0.0074462890625,3600
30,13,Q,0.0,120,120,3480,45,45,0,37.5,0.0,0.184448964963268,0.375,0.0023992061614990234,5.606658935546875,0.0074462890625,3600
30,14,C,0.0,120,120,3480,120,120,0,100.0,0.0,0.197115662892624,0.43333333333333335,0.0010838508605957031,6.5574517250061035,0.0086669921875,3600
30,14,Q,0.0,120,120,3480,52,52,0,43.333333333333336,0.0,0.197115662892624,0.43333333333333335,0.0010838508605957031,6.5574517250061035,0.0086669921875,3600
30,15,C,0.0,120,120,3480,120,120,0,100.0,0.0,0.19688685462045516,0.44166666666666665,0.0023729801177978516,5.928645133972168,0.009765625,3600
30,15,Q,0.0,120,120,3480,53,53,0,44.166666666666664,0.0,0.19688685462045516,0.44166666666666665,0.0023729801177978516,5.928645133972168,0.009765625,3600
30,16,C,0.0,120,120,3480,120,120,0,100.0,0.0,0.18814275718656764,0.39166666666666666,0.0022537708282470703,5.275978326797485,0.007568359375,3600
30,16,Q,0.0,120,120,3480,47,47,0,39.166666666666664,0.0,0.18814275718656764,0.39166666666666666,0.0022537708282470703,5.275978326797485,0.007568359375,3600
30,17,C,0.0,120,120,3480,120,120,0,100.0,0.0,0.17286858093221985,0.3416666666666667,0.0022780895233154297,4.452779531478882,0.0074462890625,3600
30,17,Q,0.0,120,120,3480,41,41,0,34.166666666666664,0.0,0.17286858093221985,0.3416666666666667,0.0022780895233154297,4.452779531478882,0.0074462890625,3600
30,18,C,0.0,120,120,3480,127,120,7,100.0,5.511811023622047,0.2180570969738944,0.41732283464566927,0.0020804405212402344,5.642980337142944,0.0093994140625,3600
30,18,Q,0.0,120,120,3480,53,48,5,40.0,9.433962264150944,0.2180570969738944,0.41732283464566927,0.0020804405212402344,5.642980337142944,0.0093994140625,3600
30,19,C,0.0,120,120,3480,120,120,0,100.0,0.0,0.1874310175460022,0.38333333333333336,0.0015273094177246094,4.356422424316406,0.0079345703125,3600
30,19,Q,0.0,120,120,3480,46,46,0,38.333333333333336,0.0,0.1874310175460022,0.38333333333333336,0.0015273094177246094,4.356422424316406,0.0079345703125,3600
30,20,C,0.0,120,120,3480,120,120,0,100.0,0.0,0.19956364104003693,0.43333333333333335,0.001180887222290039,5.902863502502441,0.009033203125,3600
30,20,Q,0.0,120,120,3480,52,52,0,43.333333333333336,0.0,0.19956364104003693,0.43333333333333335,0.001180887222290039,5.902863502502441,0.009033203125,3600
30,21,C,0.0,120,120,3480,120,120,0,100.0,0.0,0.20106047185315876,0.475,0.0016369819641113281,3.663022041320801,0.0101318359375,3600
30,21,Q,0.0,120,120,3480,57,57,0,47.5,0.0,0.20106047185315876,0.475,0.0016369819641113281,3.663022041320801,0.0101318359375,3600
30,22,C,0.0,120,120,3480,120,120,0,100.0,0.0,0.1837861249867879,0.375,0.0020399093627929688,5.51678466796875,0.008056640625,3600
30,22,Q,0.0,120,120,3480,45,45,0,37.5,0.0,0.1837861249867879,0.375,0.0020399093627929688,5.51678466796875,0.008056640625,3600
30,23,C,0.0,120,120,3480,120,120,0,100.0,0.0,0.1971282553787137,0.43333333333333335,0.0015006065368652344,5.137381553649902,0.00830078125,3600
30,23,Q,0.0,120,120,3480,52,52,0,43.333333333333336,0.0,0.1971282553787137,0.43333333333333335,0.0015006065368652344,5.137381553649902,0.00830078125,3600
30,24,C,0.0,120,120,3480,120,120,0,100.0,0.0,0.1968603569286796,0.4297520661157025,0.010495424270629883,11.368966817855835,0.0103759765625,3600
30,24,Q,0.0,120,120,3480,53,52,1,43.333333333333336,1.8867924528301887,0.1968603569286796,0.4297520661157025,0.010495424270629883,11.368966817855835,0.0103759765625,3600
30,25,C,0.0,120,120,3480,120,120,0,100.0,0.0,0.1881035034567394,0.3770491803278688,0.0020189285278320312,5.5221240520477295,0.00732421875,3600
30,25,Q,0.0,120,120,3480,48,46,2,38.333333333333336,4.166666666666667,0.1881035034567394,0.3770491803278688,0.0020189285278320312,5.5221240520477295,0.00732421875,3600
30,26,C,0.0,120,120,3480,120,120,0,100.0,0.0,0.1674403812826299,0.31666666666666665,0.0019385814666748047,4.909271478652954,0.0067138671875,3600
30,26,Q,0.0,120,120,3480,38,38,0,31.666666666666668,0.0,0.1674403812826299,0.31666666666666665,0.0019385814666748047,4.909271478652954,0.0067138671875,3600
30,27,C,0.0,120,120,3480,120,120,0,100.0,0.0,0.19083839329372707,0.4,0.00202178955078125,4.715591669082642,0.008056640625,3600
30,27,Q,0.0,120,120,3480,48,48,0,40.0,0.0,0.19083839329372707,0.4,0.00202178955078125,4.715591669082642,0.008056640625,3600
30,28,C,0.0,120,120,3480,120,120,0,100.0,0.0,0.19583702146718918,0.43333333333333335,0.0010142326354980469,6.497186183929443,0.0086669921875,3600
30,28,Q,0.0,120,120,3480,52,52,0,43.333333333333336,0.0,0.19583702146718918,0.43333333333333335,0.0010142326354980469,6.497186183929443,0.0086669921875,3600
30,29,C,0.0,120,120,3480,120,120,0,100.0,0.0,0.17789563127952104,0.35,0.002422809600830078,5.434698104858398,0.0078125,3600
30,29,Q,0.0,120,120,3480,42,42,0,35.0,0.0,0.17789563127952104,0.35,0.002422809600830078,5.434698104858398,0.0078125,3600
30,30,C,0.0,120,120,3480,120,120,0,100.0,0.0,0.19065416907039368,0.4083333333333333,0.002380847930908203,5.9300384521484375,0.008544921875,3600
30,30,Q,0.0,120,120,3480,49,49,0,40.833333333333336,0.0,0.19065416907039368,0.4083333333333333,0.002380847930908203,5.9300384521484375,0.008544921875,3600
30,31,C,0.0,120,120,3480,120,120,0,100.0,0.0,0.17665985031576042,0.325,0.0020415782928466797,5.468930721282959,0.00732421875,3600
30,31,Q,0.0,120,120,3480,39,39,0,32.5,0.0,0.17665985031576042,0.325,0.0020415782928466797,5.468930721282959,0.00732421875,3600
30,32,C,0.0,120,120,3480,120,120,0,100.0,0.0,0.1963713027206367,0.43333333333333335,0.0014262199401855469,3.4431984424591064,0.0089111328125,3600
30,32,Q,0.0,120,120,3480,52,52,0,43.333333333333336,0.0,0.1963713027206367,0.43333333333333335,0.0014262199401855469,3.4431984424591064,0.0089111328125,3600
30,33,C,0.0,120,120,3480,120,120,0,100.0,0.0,0.17559357842813794,0.3416666666666667,0.002141714096069336,5.666840553283691,0.0069580078125,3600
30,33,Q,0.0,120,120,3480,41,41,0,34.166666666666664,0.0,0.17559357842813794,0.3416666666666667,0.002141714096069336,5.666840553283691,0.0069580078125,3600
30,34,C,0.0,120,120,3480,120,120,0,100.0,0.0,0.18558280061163407,0.375,0.0021991729736328125,5.1764891147613525,0.00732421875,3600
30,34,Q,0.0,120,120,3480,45,45,0,37.5,0.0,0.18558280061163407,0.375,0.0021991729736328125,5.1764891147613525,0.00732421875,3600
30,35,C,0.0,120,120,3480,120,120,0,100.0,0.0,0.1807112268630885,0.36666666666666664,0.0014729499816894531,5.810847997665405,0.00927734375,3600
30,35,Q,0.0,120,120,3480,44,44,0,36.666666666666664,0.0,0.1807112268630885,0.36666666666666664,0.0014729499816894531,5.810847997665405,0.00927734375,3600
30,36,C,0.0,120,120,3480,120,120,0,100.0,0.0,0.18610530272918152,0.375,0.0023212432861328125,5.450632810592651,0.0072021484375,3600
30,36,Q,0.0,120,120,3480,45,45,0,37.5,0.0,0.18610530272918152,0.375,0.0023212432861328125,5.450632810592651,0.0072021484375,3600
30,37,C,0.0,120,120,3480,120,120,0,100.0,0.0,0.18537683418580456,0.39166666666666666,0.002153635025024414,4.483189344406128,0.0068359375,3600
30,37,Q,0.0,120,120,3480,47,47,0,39.166666666666664,0.0,0.18537683418580456,0.39166666666666666,0.002153635025024414,4.483189344406128,0.0068359375,3600
30,38,C,0.0,120,120,3480,120,120,0,100.0,0.0,0.1877112203426465,0.38333333333333336,0.001901865005493164,4.426424503326416,0.008544921875,3600
30,38,Q,0.0,120,120,3480,46,46,0,38.333333333333336,0.0,0.1877112203426465,0.38333333333333336,0.001901865005493164,4.426424503326416,0.008544921875,3600
30,39,C,0.0,120,120,3480,120,120,0,100.0,0.0,0.18675814254445952,0.39166666666666666,0.0021860599517822266,5.038012266159058,0.0078125,3600
30,39,Q,0.0,120,120,3480,47,47,0,39.166666666666664,0.0,0.18675814254445952,0.39166666666666666,0.0021860599517822266,5.038012266159058,0.0078125,3600
30,40,C,0.0,120,120,3480,120,120,0,100.0,0.0,0.17129843474701614,0.3416666666666667,0.002244710922241211,5.571414947509766,0.0067138671875,3600
30,40,Q,0.0,120,120,3480,41,41,0,34.166666666666664,0.0,0.17129843474701614,0.3416666666666667,0.002244710922241211,5.571414947509766,0.0067138671875,3600
30,41,C,0.0,120,120,3480,120,120,0,100.0,0.0,0.17460429445420375,0.3305785123966942,0.0023097991943359375,5.685110092163086,0.00732421875,3600
30,41,Q,0.0,120,120,3480,41,40,1,33.333333333333336,2.4390243902439024,0.17460429445420375,0.3305785123966942,0.0023097991943359375,5.685110092163086,0.00732421875,3600
30,42,C,0.0,120,120,3480,120,120,0,100.0,0.0,0.18903942285160882,0.4166666666666667,0.002189159393310547,5.193706750869751,0.0084228515625,3600
30,42,Q,0.0,120,120,3480,50,50,0,41.666666666666664,0.0,0.18903942285160882,0.4166666666666667,0.002189159393310547,5.193706750869751,0.0084228515625,3600
30,43,C,0.0,120,120,3480,120,120,0,100.0,0.0,0.19039601106082787,0.4166666666666667,0.002166271209716797,5.661804437637329,0.00830078125,3600
30,43,Q,0.0,120,120,3480,50,50,0,41.666666666666664,0.0,0.19039601106082787,0.4166666666666667,0.002166271209716797,5.661804437637329,0.00830078125,3600
30,44,C,0.0,120,120,3480,120,120,0,100.0,0.0,0.19255080573452674,0.425,0.0019826889038085938,5.0819010734558105,0.0096435546875,3600
30,44,Q,0.0,120,120,3480,51,51,0,42.5,0.0,0.19255080573452674,0.425,0.0019826889038085938,5.0819010734558105,0.0096435546875,3600
30,45,C,0.0,120,120,3480,120,120,0,100.0,0.0,0.19505198327127782,0.425,0.002348661422729492,5.6437883377075195,0.0091552734375,3600
30,45,Q,0.0,120,120,3480,51,51,0,42.5,0.0,0.19505198327127782,0.425,0.002348661422729492,5.6437883377075195,0.0091552734375,3600
30,46,C,0.0,120,120,3480,120,120,0,100.0,0.0,0.17556410393238828,0.35,0.002321004867553711,4.6973183155059814,0.00732421875,3600
30,46,Q,0.0,120,120,3480,42,42,0,35.0,0.0,0.17556410393238828,0.35,0.002321004867553711,4.6973183155059814,0.00732421875,3600
30,47,C,0.0,120,120,3480,120,120,0,100.0,0.0,0.20605927493379467,0.48333333333333334,0.002512693405151367,6.106686592102051,0.009521484375,3600
30,47,Q,0.0,120,120,3480,58,58,0,48.333333333333336,0.0,0.20605927493379467,0.48333333333333334,0.002512693405151367,6.106686592102051,0.009521484375,3600
30,48,C,0.0,120,120,3480,120,120,0,100.0,0.0,0.1861181016482767,0.39166666666666666,0.0025954246520996094,6.235889673233032,0.0074462890625,3600
30,48,Q,0.0,120,120,3480,47,47,0,39.166666666666664,0.0,0.1861181016482767,0.39166666666666666,0.0025954246520996094,6.235889673233032,0.0074462890625,3600
30,49,C,0.0,120,120,3480,120,120,0,100.0,0.0,0.17910418580982596,0.35,0.001644134521484375,4.682351112365723,0.008056640625,3600
30,49,Q,0.0,120,120,3480,42,42,0,35.0,0.0,0.17910418580982596,0.35,0.001644134521484375,4.682351112365723,0.008056640625,3600
30,50,C,0.0,120,120,3480,120,120,0,100.0,0.0,0.17641507635481318,0.35,0.0021789073944091797,5.228999614715576,0.008056640625,3600
30,50,Q,0.0,120,120,3480,42,42,0,35.0,0.0,0.17641507635481318,0.35,0.0021789073944091797,5.228999614715576,0.008056640625,3600
30,51,C,0.0,120,120,3480,120,120,0,100.0,0.0,0.1809102742621328,0.38333333333333336,0.001958608627319336,5.89723014831543,0.008056640625,3600
30,51,Q,0.0,120,120,3480,46,46,0,38.333333333333336,0.0,0.1809102742621328,0.38333333333333336,0.001958608627319336,5.89723014831543,0.008056640625,3600
30,52,C,0.0,120,120,3480,120,120,0,100.0,0.0,0.19796512589264023,0.4583333333333333,0.0024366378784179688,5.933980464935303,0.009033203125,3600
30,52,Q,0.0,120,120,3480,55,55,0,45.833333333333336,0.0,0.19796512589264023,0.4583333333333333,0.0024366378784179688,5.933980464935303,0.009033203125,3600
30,53,C,0.0,120,120,3480,120,120,0,100.0,0.0,0.19484070289129818,0.4166666666666667,0.001600503921508789,4.737612247467041,0.0087890625,3600
30,53,Q,0.0,120,120,3480,50,50,0,41.666666666666664,0.0,0.19484070289129818,0.4166666666666667,0.001600503921508789,4.737612247467041,0.0087890625,3600
30,54,C,0.0,120,120,3480,120,120,0,100.0,0.0,0.19917258274005398,0.4462809917355372,0.0023317337036132812,4.493506193161011,0.009765625,3600
30,54,Q,0.0,120,120,3480,55,54,1,45.0,1.8181818181818181,0.19917258274005398,0.4462809917355372,0.0023317337036132812,4.493506193161011,0.009765625,3600
30,55,C,0.0,120,120,3480,120,120,0,100.0,0.0,0.18108593781486093,0.35833333333333334,0.0021462440490722656,5.181360244750977,0.0072021484375,3600
30,55,Q,0.0,120,120,3480,43,43,0,35.833333333333336,0.0,0.18108593781486093,0.35833333333333334,0.0021462440490722656,5.181360244750977,0.0072021484375,3600
30,56,C,0.0,120,120,3480,120,120,0,100.0,0.0,0.18656177646054256,0.4,0.0016994476318359375,5.418213367462158,0.0078125,3600
30,56,Q,0.0,120,120,3480,48,48,0,40.0,0.0,0.18656177646054256,0.4,0.0016994476318359375,5.418213367462158,0.0078125,3600
30,57,C,0.0,120,120,3480,120,120,0,100.0,0.0,0.18858581333311097,0.4,0.0021195411682128906,4.9010491371154785,0.0081787109375,3600
30,57,Q,0.0,120,120,3480,48,48,0,40.0,0.0,0.18858581333311097,0.4,0.0021195411682128906,4.9010491371154785,0.0081787109375,3600
30,58,C,0.0,120,120,3480,120,120,0,100.0,0.0,0.1993037444454214,0.4297520661157025,0.001476287841796875,4.005131244659424,0.0087890625,3600
30,58,Q,0.0,120,120,3480,53,52,1,43.333333333333336,1.8867924528301887,0.1993037444454214,0.4297520661157025,0.001476287841796875,4.005131244659424,0.0087890625,3600
30,59,C,0.0,120,120,3480,120,120,0,100.0,0.0,0.19937194836500938,0.45,0.002353668212890625,5.81634783744812,0.0091552734375,3600
30,59,Q,0.0,120,120,3480,54,54,0,45.0,0.0,0.19937194836500938,0.45,0.002353668212890625,5.81634783744812,0.0091552734375,3600
40,0,C,0.0,160,160,6240,160,160,0,100.0,0.0,0.12839356021077392,0.25625,0.0008187294006347656,10.60047459602356,0.0057373046875,6400
40,0,Q,0.0,160,160,6240,41,41,0,25.625,0.0,0.12839356021077392,0.25625,0.0008187294006347656,10.60047459602356,0.0057373046875,6400
40,1,C,0.0,160,160,6240,160,160,0,100.0,0.0,0.11801273346653163,0.19375,0.0006306171417236328,11.587637186050415,0.0047607421875,6400
40,1,Q,0.0,160,160,6240,31,31,0,19.375,0.0,0.11801273346653163,0.19375,0.0006306171417236328,11.587637186050415,0.0047607421875,6400
40,2,C,0.0,160,160,6240,160,160,0,100.0,0.0,0.11764450666951914,0.20625,0.0005407333374023438,10.30181884765625,0.004638671875,6400
40,2,Q,0.0,160,160,6240,33,33,0,20.625,0.0,0.11764450666951914,0.20625,0.0005407333374023438,10.30181884765625,0.004638671875,6400
40,3,C,0.0,160,160,6240,160,160,0,100.0,0.0,0.13877018881528635,0.28125,0.0008702278137207031,12.715188026428223,0.0069580078125,6400
40,3,Q,0.0,160,160,6240,45,45,0,28.125,0.0,0.13877018881528635,0.28125,0.0008702278137207031,12.715188026428223,0.0069580078125,6400
40,4,C,0.0,160,160,6240,160,160,0,100.0,0.0,0.11875443523691312,0.20625,0.0006580352783203125,10.480192184448242,0.004638671875,6400
40,4,Q,0.0,160,160,6240,33,33,0,20.625,0.0,0.11875443523691312,0.20625,0.0006580352783203125,10.480192184448242,0.004638671875,6400
40,5,C,0.0,160,160,6240,160,160,0,100.0,0.0,0.13930633929714734,0.275,0.0006110668182373047,9.744527339935303,0.0062255859375,6400
40,5,Q,0.0,160,160,6240,44,44,0,27.5,0.0,0.13930633929714734,0.275,0.0006110668182373047,9.744527339935303,0.0062255859375,6400
40,6,C,0.0,160,160,6240,160,160,0,100.0,0.0,0.13841172491797338,0.28125,0.0009407997131347656,11.779394388198853,0.00634765625,6400
40,6,Q,0.0,160,160,6240,45,45,0,28.125,0.0,0.13841172491797338,0.28125,0.0009407997131347656,11.779394388198853,0.00634765625,6400
40,7,C,0.0,160,160,6240,160,160,0,100.0,0.0,0.12191348320518028,0.20625,0.0006279945373535156,8.977621078491211,0.004638671875,6400
40,7,Q,0.0,160,160,6240,33,33,0,20.625,0.0,0.12191348320518028,0.20625,0.0006279945373535156,8.977621078491211,0.004638671875,6400
40,8,C,0.0,160,160,6240,161,160,1,100.0,0.6211180124223602,0.12522255060326773,0.2236024844720497,0.0008065700531005859,10.910516023635864,0.00537109375,6400
40,8,Q,0.0,160,160,6240,36,36,0,22.5,0.0,0.12522255060326773,0.2236024844720497,0.0008065700531005859,10.910516023635864,0.00537109375,6400
40,9,C,0.0,160,160,6240,160,160,0,100.0,0.0,0.13832194657335764,0.28125,0.0007145404815673828,11.698833703994751,0.00634765625,6400
40,9,Q,0.0,160,160,6240,45,45,0,28.125,0.0,0.13832194657335764,0.28125,0.0007145404815673828,11.698833703994751,0.00634765625,6400
40,10,C,0.0,160,160,6240,160,160,0,100.0,0.0,0.1346914835578836,0.25625,0.00046181678771972656,10.501030445098877,0.0062255859375,6400
40,10,Q,0.0,160,160,6240,41,41,0,25.625,0.0,0.1346914835578836,0.25625,0.00046181678771972656,10.501030445098877,0.0062255859375,6400
40,11,C,0.0,160,160,6240,160,160,0,100.0,0.0,0.12044759376078194,0.2125,0.0007655620574951172,13.279984474182129,0.0050048828125,6400
40,11,Q,0.0,160,160,6240,34,34,0,21.25,0.0,0.12044759376078194,0.2125,0.0007655620574951172,13.279984474182129,0.0050048828125,6400
40,12,C,0.0,160,160,6240,160,160,0,100.0,0.0,0.13402874865403167,0.2484472049689441,0.000614166259765625,11.100326776504517,0.0059814453125,6400
40,12,Q,0.0,160,160,6240,41,40,1,25.0,2.4390243902439024,0.13402874865403167,0.2484472049689441,0.000614166259765625,11.100326776504517,0.0059814453125,6400
40,13,C,0.0,160,160,6240,160,160,0,100.0,0.0,0.13969142738827695,0.28125,0.0006489753723144531,11.025728225708008,0.006591796875,6400
40,13,Q,0.0,160,160,6240,45,45,0,28.125,0.0,0.13969142738827695,0.28125,0.0006489753723144531,11.025728225708008,0.006591796875,6400
40,14,C,0.0,160,160,6240,160,160,0,100.0,0.0,0.1410537514090742,0.3,0.0007932186126708984,11.129223823547363,0.0072021484375,6400
40,14,Q,0.0,160,160,6240,48,48,0,30.0,0.0,0.1410537514090742,0.3,0.0007932186126708984,11.129223823547363,0.0072021484375,6400
40,15,C,0.0,160,160,6240,160,160,0,100.0,0.0,0.13974084768497436,0.29375,0.00054931640625,11.492309331893921,0.007080078125,6400
40,15,Q,0.0,160,160,6240,47,47,0,29.375,0.0,0.13974084768497436,0.29375,0.00054931640625,11.492309331893921,0.007080078125,6400
40,16,C,0.0,160,160,6240,160,160,0,100.0,0.0,0.13601840644069027,0.275,0.0007348060607910156,11.41187834739685,0.006591796875,6400
40,16,Q,0.0,160,160,6240,44,44,0,27.5,0.0,0.13601840644069027,0.275,0.0007348060607910156,11.41187834739685,0.006591796875,6400
40,17,C,0.0,160,160,6240,160,160,0,100.0,0.0,0.13407048103929362,0.2625,0.0006601810455322266,11.458801507949829,0.0064697265625,6400
40,17,Q,0.0,160,160,6240,42,42,0,26.25,0.0,0.13407048103929362,0.2625,0.0006601810455322266,11.458801507949829,0.0064697265625,6400
40,18,C,0.0,160,160,6240,160,160,0,100.0,0.0,0.13910111927989163,0.275,0.0009121894836425781,11.358941316604614,0.0067138671875,6400
40,18,Q,0.0,160,160,6240,44,44,0,27.5,0.0,0.13910111927989163,0.275,0.0009121894836425781,11.358941316604614,0.0067138671875,6400
40,19,C,0.0,160,160,6240,160,160,0,100.0,0.0,0.1228686227167652,0.23125,0.0006518363952636719,12.188674926757812,0.00537109375,6400
40,19,Q,0.0,160,160,6240,37,37,0,23.125,0.0,0.1228686227167652,0.23125,0.0006518363952636719,12.188674926757812,0.00537109375,6400
40,20,C,0.0,160,160,6240,160,160,0,100.0,0.0,0.13018393391919436,0.2360248447204969,0.0008254051208496094,11.51251220703125,0.00537109375,6400
40,20,Q,0.0,160,160,6240,39,38,1,23.75,2.5641025641025643,0.13018393391919436,0.2360248447204969,0.0008254051208496094,11.51251220703125,0.00537109375,6400
40,21,C,0.0,160,160,6240,160,160,0,100.0,0.0,0.12530274178449122,0.23125,0.0005860328674316406,11.011784553527832,0.0057373046875,6400
40,21,Q,0.0,160,160,6240,37,37,0,23.125,0.0,0.12530274178449122,0.23125,0.0005860328674316406,11.011784553527832,0.0057373046875,6400
40,22,C,0.0,160,160,6240,160,160,0,100.0,0.0,0.12100869255071525,0.20496894409937888,0.0007255077362060547,11.130159616470337,0.005126953125,6400
40,22,Q,0.0,160,160,6240,34,33,1,20.625,2.9411764705882355,0.12100869255071525,0.20496894409937888,0.0007255077362060547,11.130159616470337,0.005126953125,6400
40,23,C,0.0,160,160,6240,160,160,0,100.0,0.0,0.13454407868383095,0.25625,0.0007207393646240234,11.080584526062012,0.0062255859375,6400
40,23,Q,0.0,160,160,6240,41,41,0,25.625,0.0,0.13454407868383095,0.25625,0.0007207393646240234,11.080584526062012,0.0062255859375,6400
40,24,C,0.0,160,160,6240,160,160,0,100.0,0.0,0.1297517362515824,0.24375,0.0006356239318847656,13.21831202507019,0.00537109375,6400
40,24,Q,0.0,160,160,6240,39,39,0,24.375,0.0,0.1297517362515824,0.24375,0.0006356239318847656,13.21831202507019,0.00537109375,6400
40,25,C,0.0,160,160,6240,160,160,0,100.0,0.0,0.11593496530566472,0.19375,0.0008094310760498047,11.370835304260254,0.0047607421875,6400
40,25,Q,0.0,160,160,6240,31,31,0,19.375,0.0,0.11593496530566472,0.19375,0.0008094310760498047,11.370835304260254,0.0047607421875,6400
40,26,C,0.0,160,160,6240,160,160,0,100.0,0.0,0.13235405642360873,0.25,0.0007147789001464844,11.373003721237183,0.0057373046875,6400
40,26,Q,0.0,160,160,6240,40,40,0,25.0,0.0,0.13235405642360873,0.25,0.0007147789001464844,11.373003721237183,0.0057373046875,6400
40,27,C,0.0,160,160,6240,162,160,2,100.0,1.2345679012345678,0.14354123557468282,0.27439024390243905,0.0009167194366455078,11.58880066871643,0.0068359375,6400
40,27,Q,0.0,160,160,6240,47,44,3,27.5,6.382978723404255,0.14354123557468282,0.27439024390243905,0.0009167194366455078,11.58880066871643,0.0068359375,6400
40,28,C,0.0,160,160,6240,166,160,6,100.0,3.6144578313253013,0.13010477715117771,0.23493975903614459,0.0008919239044189453,11.92948579788208,0.005615234375,6400
40,28,Q,0.0,160,160,6240,39,39,0,24.375,0.0,0.13010477715117771,0.23493975903614459,0.0008919239044189453,11.92948579788208,0.005615234375,6400
40,29,C,0.0,160,160,6240,160,160,0,100.0,0.0,0.13558085418194105,0.2625,0.0007998943328857422,11.805927753448486,0.006591796875,6400
40,29,Q,0.0,160,160,6240,42,42,0,26.25,0.0,0.13558085418194105,0.2625,0.0007998943328857422,11.805927753448486,0.006591796875,6400
40,30,C,0.0,160,160,6240,160,160,0,100.0,0.0,0.13619869915598917,0.2625,0.0008442401885986328,12.005342245101929,0.005859375,6400
40,30,Q,0.0,160,160,6240,42,42,0,26.25,0.0,0.13619869915598917,0.2625,0.0008442401885986328,12.005342245101929,0.005859375,6400
40,31,C,0.0,160,160,6240,160,160,0,100.0,0.0,0.11120070928170252,0.1875,0.0008454322814941406,9.05846095085144,0.0047607421875,6400
40,31,Q,0.0,160,160,6240,30,30,0,18.75,0.0,0.11120070928170252,0.1875,0.0008454322814941406,9.05846095085144,0.0047607421875,6400
40,32,C,0.0,160,160,6240,160,160,0,100.0,0.0,0.14360273919659708,0.3,0.0005767345428466797,11.70479965209961,0.0067138671875,6400
40,32,Q,0.0,160,160,6240,48,48,0,30.0,0.0,0.14360273919659708,0.3,0.0005767345428466797,11.70479965209961,0.0067138671875,6400
40,33,C,0.0,160,160,6240,160,160,0,100.0,0.0,0.12478581959601308,0.21875,0.0006844997406005859,11.466745615005493,0.0052490234375,6400
40,33,Q,0.0,160,160,6240,35,35,0,21.875,0.0,0.12478581959601308,0.21875,0.0006844997406005859,11.466745615005493,0.0052490234375,6400
40,34,C,0.0,160,160,6240,160,160,0,100.0,0.0,0.12179593268523549,0.21875,0.000713348388671875,10.958866834640503,0.0054931640625,6400
40,34,Q,0.0,160,160,6240,35,35,0,21.875,0.0,0.12179593268523549,0.21875,0.000713348388671875,10.958866834640503,0.0054931640625,6400
40,35,C,0.0,160,160,6240,160,160,0,100.0,0.0,0.1357040724816686,0.2625,0.0006928443908691406,10.982744932174683,0.0062255859375,6400
40,35,Q,0.0,160,160,6240,42,42,0,26.25,0.0,0.1357040724816686,0.2625,0.0006928443908691406,10.982744932174683,0.0062255859375,6400
40,36,C,0.0,160,160,6240,160,160,0,100.0,0.0,0.13964149896955813,0.2875,0.0008392333984375,10.166921854019165,0.007080078125,6400
40,36,Q,0.0,160,160,6240,46,46,0,28.75,0.0,0.13964149896955813,0.2875,0.0008392333984375,10.166921854019165,0.007080078125,6400
40,37,C,0.0,160,160,6240,160,160,0,100.0,0.0,0.1323093718020981,0.25,0.0006544589996337891,11.190117835998535,0.005615234375,6400
40,37,Q,0.0,160,160,6240,40,40,0,25.0,0.0,0.1323093718020981,0.25,0.0006544589996337891,11.190117835998535,0.005615234375,6400
40,38,C,0.0,160,160,6240,160,160,0,100.0,0.0,0.12697706347236265,0.2375,0.0005524158477783203,10.925680160522461,0.005126953125,6400
40,38,Q,0.0,160,160,6240,38,38,0,23.75,0.0,0.12697706347236265,0.2375,0.0005524158477783203,10.925680160522461,0.005126953125,6400
40,39,C,0.0,160,160,6240,160,160,0,100.0,0.0,0.13560733721041812,0.2625,0.0007128715515136719,11.216577291488647,0.0067138671875,6400
40,39,Q,0.0,160,160,6240,42,42,0,26.25,0.0,0.13560733721041812,0.2625,0.0007128715515136719,11.216577291488647,0.0067138671875,6400
40,40,C,0.0,160,160,6240,160,160,0,100.0,0.0,0.12007038153632556,0.20625,0.0006620883941650391,9.392072677612305,0.0048828125,6400
40,40,Q,0.0,160,160,6240,33,33,0,20.625,0.0,0.12007038153632556,0.20625,0.0006620883941650391,9.392072677612305,0.0048828125,6400
40,41,C,0.0,160,160,6240,160,160,0,100.0,0.0,0.13160865800694038,0.25,0.000568389892578125,10.889317989349365,0.005615234375,6400
40,41,Q,0.0,160,160,6240,40,40,0,25.0,0.0,0.13160865800694038,0.25,0.000568389892578125,10.889317989349365,0.005615234375,6400
40,42,C,0.0,160,160,6240,162,160,2,100.0,1.2345679012345678,0.11848468307952692,0.2037037037037037,0.0010042190551757812,11.463791370391846,0.0050048828125,6400
40,42,Q,0.0,160,160,6240,33,33,0,20.625,0.0,0.11848468307952692,0.2037037037037037,0.0010042190551757812,11.463791370391846,0.0050048828125,6400
40,43,C,0.0,160,160,6240,160,160,0,100.0,0.0,0.11211691328451717,0.18125,0.0006654262542724609,11.399690866470337,0.0042724609375,6400
40,43,Q,0.0,160,160,6240,29,29,0,18.125,0.0,0.11211691328451717,0.18125,0.0006654262542724609,11.399690866470337,0.0042724609375,6400
40,44,C,0.0,160,160,6240,160,160,0,100.0,0.0,0.11442898614789233,0.2,0.0009694099426269531,11.279572248458862,0.0048828125,6400
40,44,Q,0.0,160,160,6240,32,32,0,20.0,0.0,0.11442898614789233,0.2,0.0009694099426269531,11.279572248458862,0.0048828125,6400
40,45,C,0.0,160,160,6240,160,160,0,100.0,0.0,0.1321928247765979,0.25625,0.0006024837493896484,9.602516651153564,0.0057373046875,6400
40,45,Q,0.0,160,160,6240,41,41,0,25.625,0.0,0.1321928247765979,0.25625,0.0006024837493896484,9.602516651153564,0.0057373046875,6400
40,46,C,0.0,160,160,6240,160,160,0,100.0,0.0,0.1253137278806414,0.23125,0.0007219314575195312,11.490766763687134,0.0050048828125,6400
40,46,Q,0.0,160,160,6240,37,37,0,23.125,0.0,0.1253137278806414,0.23125,0.0007219314575195312,11.490766763687134,0.0050048828125,6400
40,47,C,0.0,160,160,6240,160,160,0,100.0,0.0,0.11396144347084701,0.1875,0.0005557537078857422,10.582053899765015,0.004150390625,6400
40,47,Q,0.0,160,160,6240,30,30,0,18.75,0.0,0.11396144347084701,0.1875,0.0005557537078857422,10.582053899765015,0.004150390625,6400
40,48,C,0.0,160,160,6240,160,160,0,100.0,0.0,0.11733434713822986,0.2,0.0007174015045166016,11.775043487548828,0.005126953125,6400
40,48,Q,0.0,160,160,6240,32,32,0,20.0,0.0,0.11733434713822986,0.2,0.0007174015045166016,11.775043487548828,0.005126953125,6400
40,49,C,0.0,160,160,6240,160,160,0,100.0,0.0,0.13076761895763434,0.2375,0.0007336139678955078,11.617849111557007,0.0057373046875,6400
40,49,Q,0.0,160,160,6240,38,38,0,23.75,0.0,0.13076761895763434,0.2375,0.0007336139678955078,11.617849111557007,0.0057373046875,6400
40,50,C,0.0,160,160,6240,161,160,1,100.0,0.6211180124223602,0.148163163497433,0.30434782608695654,0.0007538795471191406,11.586647510528564,0.0062255859375,6400
40,50,Q,0.0,160,160,6240,49,48,1,30.0,2.0408163265306123,0.148163163497433,0.30434782608695654,0.0007538795471191406,11.586647510528564,0.0062255859375,6400
40,51,C,0.0,160,160,6240,160,160,0,100.0,0.0,0.14477931748357237,0.3,0.0006494522094726562,12.443521976470947,0.006591796875,6400
40,51,Q,0.0,160,160,6240,48,48,0,30.0,0.0,0.14477931748357237,0.3,0.0006494522094726562,12.443521976470947,0.006591796875,6400
40,52,C,0.0,160,160,6240,160,160,0,100.0,0.0,0.11716378207908039,0.20625,0.0006875991821289062,9.847699880599976,0.0052490234375,6400
40,52,Q,0.0,160,160,6240,33,33,0,20.625,0.0,0.11716378207908039,0.20625,0.0006875991821289062,9.847699880599976,0.0052490234375,6400
40,53,C,0.0,160,160,6240,160,160,0,100.0,0.0,0.13367689888591563,0.25,0.0007295608520507812,11.082193374633789,0.005859375,6400
40,53,Q,0.0,160,160,6240,40,40,0,25.0,0.0,0.13367689888591563,0.25,0.0007295608520507812,11.082193374633789,0.005859375,6400
40,54,C,0.0,160,160,6240,160,160,0,100.0,0.0,0.12170392148044508,0.2125,0.0007195472717285156,11.23032832145691,0.005615234375,6400
40,54,Q,0.0,160,160,6240,34,34,0,21.25,0.0,0.12170392148044508,0.2125,0.0007195472717285156,11.23032832145691,0.005615234375,6400
40,55,C,0.0,160,160,6240,160,160,0,100.0,0.0,0.12166254821287448,0.20625,0.000751495361328125,11.189374208450317,0.0052490234375,6400
40,55,Q,0.0,160,160,6240,33,33,0,20.625,0.0,0.12166254821287448,0.20625,0.000751495361328125,11.189374208450317,0.0052490234375,6400
40,56,C,0.0,160,160,6240,160,160,0,100.0,0.0,0.12426707102154869,0.21875,0.0006053447723388672,10.640634059906006,0.0054931640625,6400
40,56,Q,0.0,160,160,6240,35,35,0,21.875,0.0,0.12426707102154869,0.21875,0.0006053447723388672,10.640634059906006,0.0054931640625,6400
40,57,C,0.0,160,160,6240,160,160,0,100.0,0.0,0.1340532138022553,0.25,0.0006377696990966797,11.777036905288696,0.005859375,6400
40,57,Q,0.0,160,160,6240,40,40,0,25.0,0.0,0.1340532138022553,0.25,0.0006377696990966797,11.777036905288696,0.005859375,6400
40,58,C,0.0,160,160,6240,160,160,0,100.0,0.0,0.11969161268011859,0.19254658385093168,0.0005521774291992188,10.62981629371643,0.004150390625,6400
40,58,Q,0.0,160,160,6240,32,31,1,19.375,3.125,0.11969161268011859,0.19254658385093168,0.0005521774291992188,10.62981629371643,0.004150390625,6400
40,59,C,0.0,160,160,6240,160,160,0,100.0,0.0,0.13295169292302628,0.25625,0.000782012939453125,10.622530937194824,0.006103515625,6400
40,59,Q,0.0,160,160,6240,41,41,0,25.625,0.0,0.13295169292302628,0.25625,0.000782012939453125,10.622530937194824,0.006103515625,6400
50,0,C,0.0,200,200,9800,200,200,0,100.0,0.0,0.08172288941019965,0.12,0.0007908344268798828,29.24486780166626,0.0029296875,10000
50,0,Q,0.0,200,200,9800,24,24,0,12.0,0.0,0.08172288941019965,0.12,0.0007908344268798828,29.24486780166626,0.0029296875,10000
50,1,C,0.0,200,200,9800,206,200,6,100.0,2.912621359223301,0.11588604127586867,0.18446601941747573,0.001079559326171875,30.22990131378174,0.0054931640625,10000
50,1,Q,0.0,200,200,9800,38,36,2,18.0,5.2631578947368425,0.11588604127586867,0.18446601941747573,0.001079559326171875,30.22990131378174,0.0054931640625,10000
50,2,C,0.0,200,200,9800,200,200,0,100.0,0.0,0.08958951422102282,0.14,0.0009758472442626953,28.72233247756958,0.0040283203125,10000
50,2,Q,0.0,200,200,9800,28,28,0,14.0,0.0,0.08958951422102282,0.14,0.0009758472442626953,28.72233247756958,0.0040283203125,10000
50,3,C,0.0,200,200,9800,200,200,0,100.0,0.0,0.0899221210181001,0.135,0.0007815361022949219,31.90752625465393,0.00341796875,10000
50,3,Q,0.0,200,200,9800,27,27,0,13.5,0.0,0.0899221210181001,0.135,0.0007815361022949219,31.90752625465393,0.00341796875,10000
50,4,C,0.0,200,200,9800,200,200,0,100.0,0.0,0.07958888864751179,0.105,0.0010447502136230469,32.02038383483887,0.0025634765625,10000
50,4,Q,0.0,200,200,9800,21,21,0,10.5,0.0,0.07958888864751179,0.105,0.0010447502136230469,32.02038383483887,0.0025634765625,10000
50,5,C,0.0,200,200,9800,200,200,0,100.0,0.0,0.09038370999579617,0.135,0.0007498264312744141,31.447149991989136,0.0035400390625,10000
50,5,Q,0.0,200,200,9800,27,27,0,13.5,0.0,0.09038370999579617,0.135,0.0007498264312744141,31.447149991989136,0.0035400390625,10000
50,6,C,0.0,200,200,9800,200,200,0,100.0,0.0,0.0818582857342635,0.115,0.0006766319274902344,32.25389885902405,0.003173828125,10000
50,6,Q,0.0,200,200,9800,23,23,0,11.5,0.0,0.0818582857342635,0.115,0.0006766319274902344,32.25389885902405,0.003173828125,10000
50,7,C,0.0,200,200,9800,200,200,0,100.0,0.0,0.09059808600199347,0.15,0.0009562969207763672,29.148476600646973,0.0037841796875,10000
50,7,Q,0.0,200,200,9800,30,30,0,15.0,0.0,0.09059808600199347,0.15,0.0009562969207763672,29.148476600646973,0.0037841796875,10000
50,8,C,0.0,200,200,9800,200,200,0,100.0,0.0,0.10103826318401331,0.175,0.0007085800170898438,31.159615755081177,0.004638671875,10000
50,8,Q,0.0,200,200,9800,35,35,0,17.5,0.0,0.10103826318401331,0.175,0.0007085800170898438,31.159615755081177,0.004638671875,10000
50,9,C,0.0,200,200,9800,200,200,0,100.0,0.0,0.08019145172071099,0.115,0.0008082389831542969,34.40896558761597,0.0030517578125,10000
50,9,Q,0.0,200,200,9800,23,23,0,11.5,0.0,0.08019145172071099,0.115,0.0008082389831542969,34.40896558761597,0.0030517578125,10000
50,10,C,0.0,200,200,9800,200,200,0,100.0,0.0,0.08195017700312841,0.12,0.0007507801055908203,31.903709888458252,0.003662109375,10000
50,10,Q,0.0,200,200,9800,24,24,0,12.0,0.0,0.08195017700312841,0.12,0.0007507801055908203,31.903709888458252,0.003662109375,10000
50,11,C,0.0,200,200,9800,200,200,0,100.0,0.0,0.08835149454354671,0.14,0.0006947517395019531,29.83259892463684,0.0035400390625,10000
50,11,Q,0.0,200,200,9800,28,28,0,14.0,0.0,0.08835149454354671,0.14,0.0006947517395019531,29.83259892463684,0.0035400390625,10000
50,12,C,0.0,200,200,9800,200,200,0,100.0,0.0,0.09867830820386503,0.17,0.0007615089416503906,30.98277473449707,0.0047607421875,10000
50,12,Q,0.0,200,200,9800,34,34,0,17.0,0.0,0.09867830820386503,0.17,0.0007615089416503906,30.98277473449707,0.0047607421875,10000
50,13,C,0.0,200,200,9800,200,200,0,100.0,0.0,0.08840544657941443,0.14,0.0008232593536376953,30.191436052322388,0.00390625,10000
50,13,Q,0.0,200,200,9800,28,28,0,14.0,0.0,0.08840544657941443,0.14,0.0008232593536376953,30.191436052322388,0.00390625,10000
50,14,C,0.0,200,200,9800,200,200,0,100.0,0.0,0.08080838753467129,0.11,0.0006706714630126953,29.593458890914917,0.002685546875,10000
50,14,Q,0.0,200,200,9800,22,22,0,11.0,0.0,0.08080838753467129,0.11,0.0006706714630126953,29.593458890914917,0.002685546875,10000
50,15,C,0.0,200,200,9800,204,200,4,100.0,1.9607843137254901,0.08346109760935273,0.11274509803921569,0.0009140968322753906,29.777831077575684,0.0029296875,10000
50,15,Q,0.0,200,200,9800,23,22,1,11.0,4.3478260869565215,0.08346109760935273,0.11274509803921569,0.0009140968322753906,29.777831077575684,0.0029296875,10000
50,16,C,0.0,200,200,9800,200,200,0,100.0,0.0,0.08403445434507831,0.13,0.0007140636444091797,32.20736503601074,0.00390625,10000
50,16,Q,0.0,200,200,9800,26,26,0,13.0,0.0,0.08403445434507831,0.13,0.0007140636444091797,32.20736503601074,0.00390625,10000
50,17,C,0.0,200,200,9800,202,200,2,100.0,0.9900990099009901,0.08761478311335566,0.12871287128712872,0.0009698867797851562,32.676907539367676,0.00341796875,10000
50,17,Q,0.0,200,200,9800,26,26,0,13.0,0.0,0.08761478311335566,0.12871287128712872,0.0009698867797851562,32.676907539367676,0.00341796875,10000
50,18,C,0.0,200,200,9800,200,200,0,100.0,0.0,0.09140306473817035,0.14,0.0006184577941894531,28.448158025741577,0.0035400390625,10000
50,18,Q,0.0,200,200,9800,28,28,0,14.0,0.0,0.09140306473817035,0.14,0.0006184577941894531,28.448158025741577,0.0035400390625,10000
50,19,C,0.0,200,200,9800,200,200,0,100.0,0.0,0.09492718008876332,0.155,0.0006358623504638672,27.22187376022339,0.004150390625,10000
50,19,Q,0.0,200,200,9800,31,31,0,15.5,0.0,0.09492718008876332,0.155,0.0006358623504638672,27.22187376022339,0.004150390625,10000
50,20,C,0.0,200,200,9800,200,200,0,100.0,0.0,0.07803073086145514,0.11,0.000705718994140625,30.824458837509155,0.0028076171875,10000
50,20,Q,0.0,200,200,9800,22,22,0,11.0,0.0,0.07803073086145514,0.11,0.000705718994140625,30.824458837509155,0.0028076171875,10000
50,21,C,0.0,200,200,9800,200,200,0,100.0,0.0,0.08119837810447116,0.115,0.0008029937744140625,30.436999320983887,0.003173828125,10000
50,21,Q,0.0,200,200,9800,23,23,0,11.5,0.0,0.08119837810447116,0.115,0.0008029937744140625,30.436999320983887,0.003173828125,10000
50,22,C,0.0,200,200,9800,200,200,0,100.0,0.0,0.08881962534893943,0.13,0.0010418891906738281,30.61657404899597,0.0032958984375,10000
50,22,Q,0.0,200,200,9800,26,26,0,13.0,0.0,0.08881962534893943,0.13,0.0010418891906738281,30.61657404899597,0.0032958984375,10000
50,23,C,0.0,200,200,9800,200,200,0,100.0,0.0,0.0870122082112779,0.13,0.0006413459777832031,32.23765301704407,0.003662109375,10000
50,23,Q,0.0,200,200,9800,26,26,0,13.0,0.0,0.0870122082112779,0.13,0.0006413459777832031,32.23765301704407,0.003662109375,10000
50,24,C,0.0,200,200,9800,200,200,0,100.0,0.0,0.08076960481992695,0.11,0.0008852481842041016,31.841609716415405,0.0029296875,10000
50,24,Q,0.0,200,200,9800,22,22,0,11.0,0.0,0.08076960481992695,0.11,0.0008852481842041016,31.841609716415405,0.0029296875,10000
50,25,C,0.0,200,200,9800,200,200,0,100.0,0.0,0.0780661643930943,0.1,0.0007114410400390625,36.71033215522766,0.0025634765625,10000
50,25,Q,0.0,200,200,9800,20,20,0,10.0,0.0,0.0780661643930943,0.1,0.0007114410400390625,36.71033215522766,0.0025634765625,10000
50,26,C,0.0,200,200,9800,200,200,0,100.0,0.0,0.09229964554450847,0.145,0.0007872581481933594,31.8416531085968,0.0040283203125,10000
50,26,Q,0.0,200,200,9800,29,29,0,14.5,0.0,0.09229964554450847,0.145,0.0007872581481933594,31.8416531085968,0.0040283203125,10000
50,27,C,0.0,200,200,9800,200,200,0,100.0,0.0,0.0878468620157166,0.14,0.0007517337799072266,28.74493908882141,0.00341796875,10000
50,27,Q,0.0,200,200,9800,28,28,0,14.0,0.0,0.0878468620157166,0.14,0.0007517337799072266,28.74493908882141,0.00341796875,10000
50,28,C,0.0,200,200,9800,201,200,1,100.0,0.4975124378109453,0.09604149333379736,0.16417910447761194,0.0009768009185791016,30.122421741485596,0.00439453125,10000
50,28,Q,0.0,200,200,9800,33,33,0,16.5,0.0,0.09604149333379736,0.16417910447761194,0.0009768009185791016,30.122421741485596,0.00439453125,10000
50,29,C,0.0,200,200,9800,200,200,0,100.0,0.0,0.08409409542001037,0.12,0.0006732940673828125,33.24045443534851,0.0032958984375,10000
50,29,Q,0.0,200,200,9800,24,24,0,12.0,0.0,0.08409409542001037,0.12,0.0006732940673828125,33.24045443534851,0.0032958984375,10000
50,30,C,0.0,200,200,9800,200,200,0,100.0,0.0,0.09332010666167241,0.155,0.0007662773132324219,28.962780237197876,0.00390625,10000
50,30,Q,0.0,200,200,9800,31,31,0,15.5,0.0,0.09332010666167241,0.155,0.0007662773132324219,28.962780237197876,0.00390625,10000
50,31,C,0.0,200,200,9800,200,200,0,100.0,0.0,0.09686201262472252,0.155,0.0007123947143554688,31.707939624786377,0.0042724609375,10000
50,31,Q,0.0,200,200,9800,31,31,0,15.5,0.0,0.09686201262472252,0.155,0.0007123947143554688,31.707939624786377,0.0042724609375,10000
50,32,C,0.0,200,200,9800,200,200,0,100.0,0.0,0.0897328494459677,0.14,0.000774383544921875,33.060763120651245,0.00439453125,10000
50,32,Q,0.0,200,200,9800,28,28,0,14.0,0.0,0.0897328494459677,0.14,0.000774383544921875,33.060763120651245,0.00439453125,10000
50,33,C,0.0,200,200,9800,200,200,0,100.0,0.0,0.07651745452783801,0.1,0.0008137226104736328,29.786413431167603,0.0025634765625,10000
50,33,Q,0.0,200,200,9800,20,20,0,10.0,0.0,0.07651745452783801,0.1,0.0008137226104736328,29.786413431167603,0.0025634765625,10000
50,34,C,0.0,200,200,9800,200,200,0,100.0,0.0,0.09964075376103869,0.17,0.0008912086486816406,30.05182194709778,0.0052490234375,10000
50,34,Q,0.0,200,200,9800,34,34,0,17.0,0.0,0.09964075376103869,0.17,0.0008912086486816406,30.05182194709778,0.0052490234375,10000
50,35,C,0.0,200,200,9800,200,200,0,100.0,0.0,0.08578364555135591,0.13,0.0008194446563720703,31.522587299346924,0.0035400390625,10000
50,35,Q,0.0,200,200,9800,26,26,0,13.0,0.0,0.08578364555135591,0.13,0.0008194446563720703,31.522587299346924,0.0035400390625,10000
50,36,C,0.0,200,200,9800,202,200,2,100.0,0.9900990099009901,0.0833872402541129,0.1188118811881188,0.001249074935913086,32.56649160385132,0.0029296875,10000
50,36,Q,0.0,200,200,9800,24,23,1,11.5,4.166666666666667,0.0833872402541129,0.1188118811881188,0.001249074935913086,32.56649160385132,0.0029296875,10000
50,37,C,0.0,200,200,9800,200,200,0,100.0,0.0,0.10083735929914225,0.1691542288557214,0.0008006095886230469,31.507074117660522,0.004638671875,10000
50,37,Q,0.0,200,200,9800,35,34,1,17.0,2.857142857142857,0.10083735929914225,0.1691542288557214,0.0008006095886230469,31.507074117660522,0.004638671875,10000
50,38,C,0.0,200,200,9800,200,200,0,100.0,0.0,0.08252922915402189,0.115,0.0006780624389648438,32.02689814567566,0.0029296875,10000
50,38,Q,0.0,200,200,9800,23,23,0,11.5,0.0,0.08252922915402189,0.115,0.0006780624389648438,32.02689814567566,0.0029296875,10000
50,39,C,0.0,200,200,9800,200,200,0,100.0,0.0,0.08626009886014312,0.14,0.00080108642578125,31.201147079467773,0.003662109375,10000
50,39,Q,0.0,200,200,9800,28,28,0,14.0,0.0,0.08626009886014312,0.14,0.00080108642578125,31.201147079467773,0.003662109375,10000
50,40,C,0.0,200,200,9800,204,200,4,100.0,1.9607843137254901,0.08517572940513896,0.12254901960784313,0.0006916522979736328,28.95162844657898,0.003173828125,10000
50,40,Q,0.0,200,200,9800,25,24,1,12.0,4.0,0.08517572940513896,0.12254901960784313,0.0006916522979736328,28.95162844657898,0.003173828125,10000
50,41,C,0.0,200,200,9800,201,200,1,100.0,0.4975124378109453,0.09140481003538711,0.15422885572139303,0.0011832714080810547,31.523924350738525,0.0042724609375,10000
50,41,Q,0.0,200,200,9800,31,31,0,15.5,0.0,0.09140481003538711,0.15422885572139303,0.0011832714080810547,31.523924350738525,0.0042724609375,10000
50,42,C,0.0,200,200,9800,200,200,0,100.0,0.0,0.08119227321497793,0.115,0.0008149147033691406,29.309398412704468,0.003173828125,10000
50,42,Q,0.0,200,200,9800,23,23,0,11.5,0.0,0.08119227321497793,0.115,0.0008149147033691406,29.309398412704468,0.003173828125,10000
50,43,C,0.0,200,200,9800,200,200,0,100.0,0.0,0.09209567648265993,0.145,0.0007252693176269531,74.55530905723572,0.003662109375,10000
50,43,Q,0.0,200,200,9800,29,29,0,14.5,0.0,0.09209567648265993,0.145,0.0007252693176269531,74.55530905723572,0.003662109375,10000
50,44,C,0.0,200,200,9800,200,200,0,100.0,0.0,0.09083640824636686,0.14,0.0009298324584960938,31.265223741531372,0.003662109375,10000
50,44,Q,0.0,200,200,9800,28,28,0,14.0,0.0,0.09083640824636686,0.14,0.0009298324584960938,31.265223741531372,0.003662109375,10000
50,45,C,0.0,200,200,9800,200,200,0,100.0,0.0,0.07862380118230075,0.1,0.0010073184967041016,34.17514157295227,0.002685546875,10000
50,45,Q,0.0,200,200,9800,20,20,0,10.0,0.0,0.07862380118230075,0.1,0.0010073184967041016,34.17514157295227,0.002685546875,10000
50,46,C,0.0,200,200,9800,200,200,0,100.0,0.0,0.08126281030618739,0.115,0.0008225440979003906,34.18036437034607,0.0028076171875,10000
50,46,Q,0.0,200,200,9800,23,23,0,11.5,0.0,0.08126281030618739,0.115,0.0008225440979003906,34.18036437034607,0.0028076171875,10000
50,47,C,0.0,200,200,9800,200,200,0,100.0,0.0,0.0854760786229348,0.12437810945273632,0.0007748603820800781,32.315638303756714,0.003662109375,10000
50,47,Q,0.0,200,200,9800,26,25,1,12.5,3.8461538461538463,0.0854760786229348,0.12437810945273632,0.0007748603820800781,32.315638303756714,0.003662109375,10000
50,48,C,0.0,200,200,9800,200,200,0,100.0,0.0,0.07060080418413218,0.09,0.0008511543273925781,54.70771670341492,0.0023193359375,10000
50,48,Q,0.0,200,200,9800,18,18,0,9.0,0.0,0.07060080418413218,0.09,0.0008511543273925781,54.70771670341492,0.0023193359375,10000
50,49,C,0.0,200,200,9800,200,200,0,100.0,0.0,0.0872513530220894,0.135,0.0009336471557617188,32.22868084907532,0.0037841796875,10000
50,49,Q,0.0,200,200,9800,27,27,0,13.5,0.0,0.0872513530220894,0.135,0.0009336471557617188,32.22868084907532,0.0037841796875,10000
50,50,C,0.0,200,200,9800,200,200,0,100.0,0.0,0.0857959930632603,0.13,0.0007278919219970703,30.94914984703064,0.00390625,10000
50,50,Q,0.0,200,200,9800,26,26,0,13.0,0.0,0.0857959930632603,0.13,0.0007278919219970703,30.94914984703064,0.00390625,10000
50,51,C,0.0,200,200,9800,200,200,0,100.0,0.0,0.0919281587280721,0.145,0.0007650852203369141,43.59223985671997,0.0037841796875,10000
50,51,Q,0.0,200,200,9800,29,29,0,14.5,0.0,0.0919281587280721,0.145,0.0007650852203369141,43.59223985671997,0.0037841796875,10000
50,52,C,0.0,200,200,9800,200,200,0,100.0,0.0,0.07658678572129289,0.105,0.0008335113525390625,32.250168323516846,0.0028076171875,10000
50,52,Q,0.0,200,200,9800,21,21,0,10.5,0.0,0.07658678572129289,0.105,0.0008335113525390625,32.250168323516846,0.0028076171875,10000
50,53,C,0.0,200,200,9800,200,200,0,100.0,0.0,0.07173677853776127,0.09,0.0010082721710205078,26.81133270263672,0.00244140625,10000
50,53,Q,0.0,200,200,9800,18,18,0,9.0,0.0,0.07173677853776127,0.09,0.0010082721710205078,26.81133270263672,0.00244140625,10000
50,54,C,0.0,200,200,9800,200,200,0,100.0,0.0,0.09282664307566972,0.155,0.0006480216979980469,36.0099663734436,0.0040283203125,10000
50,54,Q,0.0,200,200,9800,31,31,0,15.5,0.0,0.09282664307566972,0.155,0.0006480216979980469,36.0099663734436,0.0040283203125,10000
50,55,C,0.0,200,200,9800,200,200,0,100.0,0.0,0.08472691684176163,0.125,0.0007398128509521484,34.45352792739868,0.0032958984375,10000
50,55,Q,0.0,200,200,9800,25,25,0,12.5,0.0,0.08472691684176163,0.125,0.0007398128509521484,34.45352792739868,0.0032958984375,10000
50,56,C,0.0,200,200,9800,200,200,0,100.0,0.0,0.08156162341611677,0.12,0.0007543563842773438,38.21790623664856,0.003662109375,10000
50,56,Q,0.0,200,200,9800,24,24,0,12.0,0.0,0.08156162341611677,0.12,0.0007543563842773438,38.21790623664856,0.003662109375,10000
50,57,C,0.0,200,200,9800,200,200,0,100.0,0.0,0.08449121764508224,0.11940298507462686,0.0008177757263183594,30.090617895126343,0.0032958984375,10000
50,57,Q,0.0,200,200,9800,25,24,1,12.0,4.0,0.08449121764508224,0.11940298507462686,0.0008177757263183594,30.090617895126343,0.0032958984375,10000
50,58,C,0.0,200,200,9800,200,200,0,100.0,0.0,0.08825820258957424,0.135,0.0008866786956787109,32.1153507232666,0.003662109375,10000
50,58,Q,0.0,200,200,9800,27,27,0,13.5,0.0,0.08825820258957424,0.135,0.0008866786956787109,32.1153507232666,0.003662109375,10000
50,59,C,0.0,200,200,9800,201,200,1,100.0,0.4975124378109453,0.08862352828664852,0.13432835820895522,0.0009570121765136719,45.87605690956116,0.003662109375,10000
50,59,Q,0.0,200,200,9800,27,27,0,13.5,0.0,0.08862352828664852,0.13432835820895522,0.0009570121765136719,45.87605690956116,0.003662109375,10000
