n_trk,rep,who,drop_rate,n_true_all,n_true_clean,n_false_all,n_active,n_true_active,n_false_active,eff_pct,fr_pct,cos,jaccard,t_classical,t_quantum,success_prob,n_seg
2,0,C,0.01,8,8,8,8,8,0,100.0,0.0,0.8232609723033908,0.75,0.00034046173095703125,0.42824864387512207,0.15087890625,16
2,0,Q,0.01,8,8,8,6,6,0,75.0,0.0,0.8232609723033908,0.75,0.00034046173095703125,0.42824864387512207,0.15087890625,16
2,1,C,0.01,8,8,8,8,8,0,100.0,0.0,0.8321947317724223,0.75,0.0002117156982421875,0.3737783432006836,0.1439208984375,16
2,1,Q,0.01,8,8,8,6,6,0,75.0,0.0,0.8321947317724223,0.75,0.0002117156982421875,0.3737783432006836,0.1439208984375,16
2,2,C,0.01,6,8,6,4,4,0,50.0,0.0,0.7343353522132287,0.75,0.00026416778564453125,0.3044407367706299,0.0726318359375,12
2,2,Q,0.01,6,8,6,3,3,0,37.5,0.0,0.7343353522132287,0.75,0.00026416778564453125,0.3044407367706299,0.0726318359375,12
2,3,C,0.01,8,8,8,8,8,0,100.0,0.0,0.8268704902193216,0.75,0.00024962425231933594,0.31083178520202637,0.151123046875,16
2,3,Q,0.01,8,8,8,6,6,0,75.0,0.0,0.8268704902193216,0.75,0.00024962425231933594,0.31083178520202637,0.151123046875,16
2,4,C,0.01,8,8,8,8,8,0,100.0,0.0,0.8309100138128518,0.75,0.0002636909484863281,0.303281307220459,0.1380615234375,16
2,4,Q,0.01,8,8,8,6,6,0,75.0,0.0,0.8309100138128518,0.75,0.0002636909484863281,0.303281307220459,0.1380615234375,16
2,5,C,0.01,8,8,8,8,8,0,100.0,0.0,0.8252642919269826,0.75,0.000354766845703125,0.4258594512939453,0.1466064453125,16
2,5,Q,0.01,8,8,8,6,6,0,75.0,0.0,0.8252642919269826,0.75,0.000354766845703125,0.4258594512939453,0.1466064453125,16
2,6,C,0.01,8,8,8,8,8,0,100.0,0.0,0.8259890028803475,0.75,0.0003368854522705078,0.43850016593933105,0.141845703125,16
2,6,Q,0.01,8,8,8,6,6,0,75.0,0.0,0.8259890028803475,0.75,0.0003368854522705078,0.43850016593933105,0.141845703125,16
2,7,C,0.01,8,8,8,8,8,0,100.0,0.0,0.8282030816965196,0.75,0.0004246234893798828,0.416370153427124,0.1429443359375,16
2,7,Q,0.01,8,8,8,6,6,0,75.0,0.0,0.8282030816965196,0.75,0.0004246234893798828,0.416370153427124,0.1429443359375,16
2,8,C,0.01,8,8,8,8,8,0,100.0,0.0,0.8214611688141193,0.75,0.0003705024719238281,0.421184778213501,0.1446533203125,16
2,8,Q,0.01,8,8,8,6,6,0,75.0,0.0,0.8214611688141193,0.75,0.0003705024719238281,0.421184778213501,0.1446533203125,16
2,9,C,0.01,8,8,8,8,8,0,100.0,0.0,0.8257949551006389,0.75,0.0004265308380126953,0.3962874412536621,0.1409912109375,16
2,9,Q,0.01,8,8,8,6,6,0,75.0,0.0,0.8257949551006389,0.75,0.0004265308380126953,0.3962874412536621,0.1409912109375,16
2,10,C,0.01,8,8,8,8,8,0,100.0,0.0,0.8246595426699035,0.75,0.0003592967987060547,0.8056409358978271,0.139892578125,16
2,10,Q,0.01,8,8,8,6,6,0,75.0,0.0,0.8246595426699035,0.75,0.0003592967987060547,0.8056409358978271,0.139892578125,16
2,11,C,0.01,8,8,8,8,8,0,100.0,0.0,0.8241578293556056,0.75,0.001968860626220703,0.4677300453186035,0.140625,16
2,11,Q,0.01,8,8,8,6,6,0,75.0,0.0,0.8241578293556056,0.75,0.001968860626220703,0.4677300453186035,0.140625,16
2,12,C,0.01,8,8,8,8,8,0,100.0,0.0,0.8262974441573802,0.75,0.0002646446228027344,0.37892842292785645,0.1400146484375,16
2,12,Q,0.01,8,8,8,6,6,0,75.0,0.0,0.8262974441573802,0.75,0.0002646446228027344,0.37892842292785645,0.1400146484375,16
2,13,C,0.01,8,8,8,8,8,0,100.0,0.0,0.8263159175203154,0.75,0.0002677440643310547,0.32624173164367676,0.146484375,16
2,13,Q,0.01,8,8,8,6,6,0,75.0,0.0,0.8263159175203154,0.75,0.0002677440643310547,0.32624173164367676,0.146484375,16
2,14,C,0.01,8,8,8,8,8,0,100.0,0.0,0.8250859821056864,0.75,0.0003058910369873047,0.38413357734680176,0.134765625,16
2,14,Q,0.01,8,8,8,6,6,0,75.0,0.0,0.8250859821056864,0.75,0.0003058910369873047,0.38413357734680176,0.134765625,16
2,15,C,0.01,8,8,8,8,8,0,100.0,0.0,0.8272068757651271,0.75,0.00030231475830078125,0.4262998104095459,0.1446533203125,16
2,15,Q,0.01,8,8,8,6,6,0,75.0,0.0,0.8272068757651271,0.75,0.00030231475830078125,0.4262998104095459,0.1446533203125,16
2,16,C,0.01,8,8,8,8,8,0,100.0,0.0,0.8256782937309745,0.75,0.000431060791015625,0.43817687034606934,0.1390380859375,16
2,16,Q,0.01,8,8,8,6,6,0,75.0,0.0,0.8256782937309745,0.75,0.000431060791015625,0.43817687034606934,0.1390380859375,16
2,17,C,0.01,8,8,8,8,8,0,100.0,0.0,0.826319620612128,0.75,0.000324249267578125,0.6207590103149414,0.1444091796875,16
2,17,Q,0.01,8,8,8,6,6,0,75.0,0.0,0.826319620612128,0.75,0.000324249267578125,0.6207590103149414,0.1444091796875,16
2,18,C,0.01,8,8,8,8,8,0,100.0,0.0,0.819995713569735,0.75,0.0003387928009033203,0.40988636016845703,0.1390380859375,16
2,18,Q,0.01,8,8,8,6,6,0,75.0,0.0,0.819995713569735,0.75,0.0003387928009033203,0.40988636016845703,0.1390380859375,16
2,19,C,0.01,8,8,8,8,8,0,100.0,0.0,0.8247501068939861,0.75,0.0003285408020019531,0.4138526916503906,0.143798828125,16
2,19,Q,0.01,8,8,8,6,6,0,75.0,0.0,0.8247501068939861,0.75,0.0003285408020019531,0.4138526916503906,0.143798828125,16
2,20,C,0.01,8,8,8,8,8,0,100.0,0.0,0.8272610901307847,0.75,0.0002601146697998047,0.35159897804260254,0.1409912109375,16
2,20,Q,0.01,8,8,8,6,6,0,75.0,0.0,0.8272610901307847,0.75,0.0002601146697998047,0.35159897804260254,0.1409912109375,16
2,21,C,0.01,8,8,8,8,8,0,100.0,0.0,0.8216153601341564,0.75,0.0002925395965576172,0.32438015937805176,0.1544189453125,16
2,21,Q,0.01,8,8,8,6,6,0,75.0,0.0,0.8216153601341564,0.75,0.0002925395965576172,0.32438015937805176,0.1544189453125,16
2,22,C,0.01,8,8,8,8,8,0,100.0,0.0,0.8290486781980887,0.75,0.0003082752227783203,0.32399535179138184,0.1455078125,16
2,22,Q,0.01,8,8,8,6,6,0,75.0,0.0,0.8290486781980887,0.75,0.0003082752227783203,0.32399535179138184,0.1455078125,16
2,23,C,0.01,8,8,8,8,8,0,100.0,0.0,0.8247147087806815,0.75,0.0002522468566894531,0.36644816398620605,0.1407470703125,16
2,23,Q,0.01,8,8,8,6,6,0,75.0,0.0,0.8247147087806815,0.75,0.0002522468566894531,0.36644816398620605,0.1407470703125,16
2,24,C,0.01,7,8,7,7,7,0,87.5,0.0,0.8249793036481777,0.7142857142857143,0.00034928321838378906,0.3610570430755615,0.118896484375,14
2,24,Q,0.01,7,8,7,5,5,0,62.5,0.0,0.8249793036481777,0.7142857142857143,0.00034928321838378906,0.3610570430755615,0.118896484375,14
2,25,C,0.01,8,8,8,8,8,0,100.0,0.0,0.8246209557075488,0.75,0.00021529197692871094,0.28819990158081055,0.141845703125,16
2,25,Q,0.01,8,8,8,6,6,0,75.0,0.0,0.8246209557075488,0.75,0.00021529197692871094,0.28819990158081055,0.141845703125,16
2,26,C,0.01,8,8,8,8,8,0,100.0,0.0,0.8268000417536631,0.75,0.0003819465637207031,0.42426395416259766,0.140869140625,16
2,26,Q,0.01,8,8,8,6,6,0,75.0,0.0,0.8268000417536631,0.75,0.0003819465637207031,0.42426395416259766,0.140869140625,16
2,27,C,0.01,7,8,7,7,7,0,87.5,0.0,0.8272471002491263,0.7142857142857143,0.0003082752227783203,0.4108247756958008,0.1168212890625,14
2,27,Q,0.01,7,8,7,5,5,0,62.5,0.0,0.8272471002491263,0.7142857142857143,0.0003082752227783203,0.4108247756958008,0.1168212890625,14
2,28,C,0.01,8,8,8,8,8,0,100.0,0.0,0.8260182982069871,0.75,0.00040721893310546875,0.40653347969055176,0.146240234375,16
2,28,Q,0.01,8,8,8,6,6,0,75.0,0.0,0.8260182982069871,0.75,0.00040721893310546875,0.40653347969055176,0.146240234375,16
2,29,C,0.01,8,8,8,8,8,0,100.0,0.0,0.8240537116395027,0.75,0.0003879070281982422,0.4280998706817627,0.1357421875,16
2,29,Q,0.01,8,8,8,6,6,0,75.0,0.0,0.8240537116395027,0.75,0.0003879070281982422,0.4280998706817627,0.1357421875,16
2,30,C,0.01,8,8,8,8,8,0,100.0,0.0,0.8308940059995998,0.75,0.00044608116149902344,0.46445417404174805,0.1435546875,16
2,30,Q,0.01,8,8,8,6,6,0,75.0,0.0,0.8308940059995998,0.75,0.00044608116149902344,0.46445417404174805,0.1435546875,16
2,31,C,0.01,8,8,8,8,8,0,100.0,0.0,0.8234730974705389,0.75,0.00034117698669433594,0.5121321678161621,0.1329345703125,16
2,31,Q,0.01,8,8,8,6,6,0,75.0,0.0,0.8234730974705389,0.75,0.00034117698669433594,0.5121321678161621,0.1329345703125,16
2,32,C,0.01,8,8,8,8,8,0,100.0,0.0,0.8259298274684671,0.75,0.0003552436828613281,0.4632234573364258,0.1436767578125,16
2,32,Q,0.01,8,8,8,6,6,0,75.0,0.0,0.8259298274684671,0.75,0.0003552436828613281,0.4632234573364258,0.1436767578125,16
2,33,C,0.01,8,8,8,8,8,0,100.0,0.0,0.8294122348542506,0.75,0.0004754066467285156,0.44493603706359863,0.1376953125,16
2,33,Q,0.01,8,8,8,6,6,0,75.0,0.0,0.8294122348542506,0.75,0.0004754066467285156,0.44493603706359863,0.1376953125,16
2,34,C,0.01,8,8,8,8,8,0,100.0,0.0,0.8272939052917015,0.75,0.00037789344787597656,0.44228100776672363,0.1392822265625,16
2,34,Q,0.01,8,8,8,6,6,0,75.0,0.0,0.8272939052917015,0.75,0.00037789344787597656,0.44228100776672363,0.1392822265625,16
2,35,C,0.01,6,8,6,4,4,0,50.0,0.0,0.8086550570608957,0.6,0.0003635883331298828,0.5162637233734131,0.0906982421875,12
2,35,Q,0.01,6,8,6,4,4,0,50.0,0.0,0.8086550570608957,0.6,0.0003635883331298828,0.5162637233734131,0.0906982421875,12
2,36,C,0.01,8,8,8,8,8,0,100.0,0.0,0.8312727383707261,0.75,0.00031638145446777344,0.4101829528808594,0.1392822265625,16
2,36,Q,0.01,8,8,8,6,6,0,75.0,0.0,0.8312727383707261,0.75,0.00031638145446777344,0.4101829528808594,0.1392822265625,16
2,37,C,0.01,8,8,8,8,8,0,100.0,0.0,0.8237566788954653,0.75,0.00036215782165527344,0.7627556324005127,0.14697265625,16
2,37,Q,0.01,8,8,8,6,6,0,75.0,0.0,0.8237566788954653,0.75,0.00036215782165527344,0.7627556324005127,0.14697265625,16
2,38,C,0.01,8,8,8,8,8,0,100.0,0.0,0.8295267682290062,0.75,0.0004215240478515625,0.39380550384521484,0.1429443359375,16
2,38,Q,0.01,8,8,8,6,6,0,75.0,0.0,0.8295267682290062,0.75,0.0004215240478515625,0.39380550384521484,0.1429443359375,16
2,39,C,0.01,8,8,8,8,8,0,100.0,0.0,0.8265433048857828,0.75,0.0002601146697998047,0.2954244613647461,0.1431884765625,16
2,39,Q,0.01,8,8,8,6,6,0,75.0,0.0,0.8265433048857828,0.75,0.0002601146697998047,0.2954244613647461,0.1431884765625,16
2,40,C,0.01,8,8,8,8,8,0,100.0,0.0,0.8238749843282024,0.75,0.0004169940948486328,0.47084736824035645,0.14453125,16
2,40,Q,0.01,8,8,8,6,6,0,75.0,0.0,0.8238749843282024,0.75,0.0004169940948486328,0.47084736824035645,0.14453125,16
2,41,C,0.01,8,8,8,8,8,0,100.0,0.0,0.8238619104004941,0.75,0.00033783912658691406,0.5143969058990479,0.14404296875,16
2,41,Q,0.01,8,8,8,6,6,0,75.0,0.0,0.8238619104004941,0.75,0.00033783912658691406,0.5143969058990479,0.14404296875,16
2,42,C,0.01,8,8,8,8,8,0,100.0,0.0,0.8283432050968204,0.75,0.00037026405334472656,0.4685497283935547,0.1376953125,16
2,42,Q,0.01,8,8,8,6,6,0,75.0,0.0,0.8283432050968204,0.75,0.00037026405334472656,0.4685497283935547,0.1376953125,16
2,43,C,0.01,8,8,8,8,8,0,100.0,0.0,0.8264973175429947,0.75,0.00029850006103515625,0.35232090950012207,0.1427001953125,16
2,43,Q,0.01,8,8,8,6,6,0,75.0,0.0,0.8264973175429947,0.75,0.00029850006103515625,0.35232090950012207,0.1427001953125,16
2,44,C,0.01,8,8,8,8,8,0,100.0,0.0,0.8279513576520214,0.75,0.0002522468566894531,0.4181785583496094,0.1400146484375,16
2,44,Q,0.01,8,8,8,6,6,0,75.0,0.0,0.8279513576520214,0.75,0.0002522468566894531,0.4181785583496094,0.1400146484375,16
2,45,C,0.01,6,8,6,4,4,0,50.0,0.0,0.7286681277809776,0.75,0.00031828880310058594,0.4528830051422119,0.073486328125,12
2,45,Q,0.01,6,8,6,3,3,0,37.5,0.0,0.7286681277809776,0.75,0.00031828880310058594,0.4528830051422119,0.073486328125,12
2,46,C,0.01,6,8,6,4,4,0,50.0,0.0,0.7317494474656023,0.75,0.0003752708435058594,0.4821159839630127,0.076416015625,12
2,46,Q,0.01,6,8,6,3,3,0,37.5,0.0,0.7317494474656023,0.75,0.0003752708435058594,0.4821159839630127,0.076416015625,12
2,47,C,0.01,8,8,8,8,8,0,100.0,0.0,0.8200551965182084,0.75,0.00025272369384765625,0.4300501346588135,0.1444091796875,16
2,47,Q,0.01,8,8,8,6,6,0,75.0,0.0,0.8200551965182084,0.75,0.00025272369384765625,0.4300501346588135,0.1444091796875,16
2,48,C,0.01,6,8,6,4,4,0,50.0,0.0,0.8206208360288744,0.5,0.00031566619873046875,0.4040851593017578,0.0909423828125,12
2,48,Q,0.01,6,8,6,5,5,0,62.5,0.0,0.8206208360288744,0.5,0.00031566619873046875,0.4040851593017578,0.0909423828125,12
2,49,C,0.01,8,8,8,8,8,0,100.0,0.0,0.8251562149460477,0.75,0.0004184246063232422,0.45461440086364746,0.1375732421875,16
2,49,Q,0.01,8,8,8,6,6,0,75.0,0.0,0.8251562149460477,0.75,0.0004184246063232422,0.45461440086364746,0.1375732421875,16
2,50,C,0.01,8,8,8,8,8,0,100.0,0.0,0.8242036425313535,0.75,0.00033354759216308594,0.41817355155944824,0.1387939453125,16
2,50,Q,0.01,8,8,8,6,6,0,75.0,0.0,0.8242036425313535,0.75,0.00033354759216308594,0.41817355155944824,0.1387939453125,16
2,51,C,0.01,6,8,6,4,4,0,50.0,0.0,0.7343146726266059,0.75,0.0003325939178466797,0.40657544136047363,0.0699462890625,12
2,51,Q,0.01,6,8,6,3,3,0,37.5,0.0,0.7343146726266059,0.75,0.0003325939178466797,0.40657544136047363,0.0699462890625,12
2,52,C,0.01,8,8,8,8,8,0,100.0,0.0,0.8294872164989908,0.75,0.0003485679626464844,0.39994263648986816,0.142333984375,16
2,52,Q,0.01,8,8,8,6,6,0,75.0,0.0,0.8294872164989908,0.75,0.0003485679626464844,0.39994263648986816,0.142333984375,16
2,53,C,0.01,8,8,8,8,8,0,100.0,0.0,0.8215759049463817,0.75,0.0004074573516845703,0.38318824768066406,0.1375732421875,16
2,53,Q,0.01,8,8,8,6,6,0,75.0,0.0,0.8215759049463817,0.75,0.0004074573516845703,0.38318824768066406,0.1375732421875,16
2,54,C,0.01,8,8,8,8,8,0,100.0,0.0,0.8244883283857112,0.75,0.0003323554992675781,0.4223296642303467,0.14599609375,16
2,54,Q,0.01,8,8,8,6,6,0,75.0,0.0,0.8244883283857112,0.75,0.0003323554992675781,0.4223296642303467,0.14599609375,16
2,55,C,0.01,8,8,8,8,8,0,100.0,0.0,0.8230972268277418,0.75,0.0003349781036376953,0.39900755882263184,0.13818359375,16
2,55,Q,0.01,8,8,8,6,6,0,75.0,0.0,0.8230972268277418,0.75,0.0003349781036376953,0.39900755882263184,0.13818359375,16
2,56,C,0.01,8,8,8,8,8,0,100.0,0.0,0.8264398354033156,0.75,0.00038695335388183594,0.4489884376525879,0.1402587890625,16
2,56,Q,0.01,8,8,8,6,6,0,75.0,0.0,0.8264398354033156,0.75,0.00038695335388183594,0.4489884376525879,0.1402587890625,16
2,57,C,0.01,6,8,6,4,4,0,50.0,0.0,0.8186577212450644,0.5,0.0003376007080078125,0.40536046028137207,0.090087890625,12
2,57,Q,0.01,6,8,6,5,5,0,62.5,0.0,0.8186577212450644,0.5,0.0003376007080078125,0.40536046028137207,0.090087890625,12
2,58,C,0.01,8,8,8,8,8,0,100.0,0.0,0.8242675744311624,0.75,0.00034689903259277344,0.4136807918548584,0.1427001953125,16
2,58,Q,0.01,8,8,8,6,6,0,75.0,0.0,0.8242675744311624,0.75,0.00034689903259277344,0.4136807918548584,0.1427001953125,16
2,59,C,0.01,8,8,8,8,8,0,100.0,0.0,0.8258432595698106,0.75,0.0003466606140136719,0.3895127773284912,0.1494140625,16
2,59,Q,0.01,8,8,8,6,6,0,75.0,0.0,0.8258432595698106,0.75,0.0003466606140136719,0.3895127773284912,0.1494140625,16
4,0,C,0.01,16,16,48,16,16,0,100.0,0.0,0.6571311044632281,0.75,0.0003533363342285156,0.41445350646972656,0.073486328125,64
4,0,Q,0.01,16,16,48,12,12,0,75.0,0.0,0.6571311044632281,0.75,0.0003533363342285156,0.41445350646972656,0.073486328125,64
4,1,C,0.01,16,16,48,16,16,0,100.0,0.0,0.6687385560578601,0.75,0.0003750324249267578,0.5269374847412109,0.0748291015625,64
4,1,Q,0.01,16,16,48,12,12,0,75.0,0.0,0.6687385560578601,0.75,0.0003750324249267578,0.5269374847412109,0.0748291015625,64
4,2,C,0.01,16,16,48,16,16,0,100.0,0.0,0.6674743751538809,0.75,0.00054168701171875,0.5488986968994141,0.0760498046875,64
4,2,Q,0.01,16,16,48,12,12,0,75.0,0.0,0.6674743751538809,0.75,0.00054168701171875,0.5488986968994141,0.0760498046875,64
4,3,C,0.01,14,16,42,12,12,0,75.0,0.0,0.6304701957663483,0.8333333333333334,0.0003600120544433594,0.5115108489990234,0.0570068359375,56
4,3,Q,0.01,14,16,42,10,10,0,62.5,0.0,0.6304701957663483,0.8333333333333334,0.0003600120544433594,0.5115108489990234,0.0570068359375,56
4,4,C,0.01,16,16,48,16,16,0,100.0,0.0,0.6642088017075439,0.75,0.0006172657012939453,0.6898925304412842,0.07177734375,64
4,4,Q,0.01,16,16,48,12,12,0,75.0,0.0,0.6642088017075439,0.75,0.0006172657012939453,0.6898925304412842,0.07177734375,64
4,5,C,0.01,14,16,42,12,12,0,75.0,0.0,0.6561986860724967,0.6428571428571429,0.000400543212890625,0.5867829322814941,0.0596923828125,56
4,5,Q,0.01,14,16,42,11,11,0,68.75,0.0,0.6561986860724967,0.6428571428571429,0.000400543212890625,0.5867829322814941,0.0596923828125,56
4,6,C,0.01,16,16,48,16,16,0,100.0,0.0,0.6661599554762404,0.75,0.00040149688720703125,0.6447145938873291,0.0687255859375,64
4,6,Q,0.01,16,16,48,12,12,0,75.0,0.0,0.6661599554762404,0.75,0.00040149688720703125,0.6447145938873291,0.0687255859375,64
4,7,C,0.01,16,16,48,16,16,0,100.0,0.0,0.6606819471652595,0.75,0.0005128383636474609,0.5911483764648438,0.0672607421875,64
4,7,Q,0.01,16,16,48,12,12,0,75.0,0.0,0.6606819471652595,0.75,0.0005128383636474609,0.5911483764648438,0.0672607421875,64
4,8,C,0.01,16,16,48,16,16,0,100.0,0.0,0.6589418541183157,0.75,0.0006153583526611328,0.5468015670776367,0.0753173828125,64
4,8,Q,0.01,16,16,48,12,12,0,75.0,0.0,0.6589418541183157,0.75,0.0006153583526611328,0.5468015670776367,0.0753173828125,64
4,9,C,0.01,16,16,48,16,16,0,100.0,0.0,0.6649149529792763,0.75,0.00026345252990722656,0.36764955520629883,0.072021484375,64
4,9,Q,0.01,16,16,48,12,12,0,75.0,0.0,0.6649149529792763,0.75,0.00026345252990722656,0.36764955520629883,0.072021484375,64
4,10,C,0.01,16,16,48,16,16,0,100.0,0.0,0.665770032765138,0.75,0.00042629241943359375,0.544285774230957,0.07421875,64
4,10,Q,0.01,16,16,48,12,12,0,75.0,0.0,0.665770032765138,0.75,0.00042629241943359375,0.544285774230957,0.07421875,64
4,11,C,0.01,15,16,45,15,15,0,93.75,0.0,0.6631838068225453,0.8,0.0003178119659423828,0.44281506538391113,0.064697265625,60
4,11,Q,0.01,15,16,45,12,12,0,75.0,0.0,0.6631838068225453,0.8,0.0003178119659423828,0.44281506538391113,0.064697265625,60
4,12,C,0.01,16,16,48,16,16,0,100.0,0.0,0.6656595307833103,0.75,0.0004851818084716797,0.6609840393066406,0.0716552734375,64
4,12,Q,0.01,16,16,48,12,12,0,75.0,0.0,0.6656595307833103,0.75,0.0004851818084716797,0.6609840393066406,0.0716552734375,64
4,13,C,0.01,16,16,48,16,16,0,100.0,0.0,0.6690425072563261,0.75,0.00039958953857421875,0.5065851211547852,0.0750732421875,64
4,13,Q,0.01,16,16,48,12,12,0,75.0,0.0,0.6690425072563261,0.75,0.00039958953857421875,0.5065851211547852,0.0750732421875,64
4,14,C,0.01,16,16,48,16,16,0,100.0,0.0,0.6671680653660256,0.75,0.00042319297790527344,0.5376424789428711,0.072265625,64
4,14,Q,0.01,16,16,48,12,12,0,75.0,0.0,0.6671680653660256,0.75,0.00042319297790527344,0.5376424789428711,0.072265625,64
4,15,C,0.01,16,16,48,16,16,0,100.0,0.0,0.6555729863030163,0.75,0.0005888938903808594,0.6777133941650391,0.065673828125,64
4,15,Q,0.01,16,16,48,12,12,0,75.0,0.0,0.6555729863030163,0.75,0.0005888938903808594,0.6777133941650391,0.065673828125,64
4,16,C,0.01,16,16,48,16,16,0,100.0,0.0,0.6630350361142252,0.75,0.00039649009704589844,0.5368499755859375,0.07080078125,64
4,16,Q,0.01,16,16,48,12,12,0,75.0,0.0,0.6630350361142252,0.75,0.00039649009704589844,0.5368499755859375,0.07080078125,64
4,17,C,0.01,16,16,48,16,16,0,100.0,0.0,0.6627263611704072,0.75,0.0003330707550048828,0.5239558219909668,0.0723876953125,64
4,17,Q,0.01,16,16,48,12,12,0,75.0,0.0,0.6627263611704072,0.75,0.0003330707550048828,0.5239558219909668,0.0723876953125,64
4,18,C,0.01,13,16,39,11,11,0,68.75,0.0,0.6164809251866621,0.7272727272727273,0.0003075599670410156,0.44930601119995117,0.0482177734375,52
4,18,Q,0.01,13,16,39,8,8,0,50.0,0.0,0.6164809251866621,0.7272727272727273,0.0003075599670410156,0.44930601119995117,0.0482177734375,52
4,19,C,0.01,16,16,48,16,16,0,100.0,0.0,0.6632888824002873,0.75,0.0003616809844970703,0.7022662162780762,0.0762939453125,64
4,19,Q,0.01,16,16,48,12,12,0,75.0,0.0,0.6632888824002873,0.75,0.0003616809844970703,0.7022662162780762,0.0762939453125,64
4,20,C,0.01,16,16,48,16,16,0,100.0,0.0,0.6641293782162216,0.75,0.0005545616149902344,0.4963719844818115,0.0736083984375,64
4,20,Q,0.01,16,16,48,12,12,0,75.0,0.0,0.6641293782162216,0.75,0.0005545616149902344,0.4963719844818115,0.0736083984375,64
4,21,C,0.01,16,16,48,16,16,0,100.0,0.0,0.6608010793805196,0.75,0.0004775524139404297,0.5561642646789551,0.0694580078125,64
4,21,Q,0.01,16,16,48,12,12,0,75.0,0.0,0.6608010793805196,0.75,0.0004775524139404297,0.5561642646789551,0.0694580078125,64
4,22,C,0.01,14,16,42,14,14,0,87.5,0.0,0.6594574027761066,0.8571428571428571,0.0005171298980712891,0.5415873527526855,0.0633544921875,56
4,22,Q,0.01,14,16,42,12,12,0,75.0,0.0,0.6594574027761066,0.8571428571428571,0.0005171298980712891,0.5415873527526855,0.0633544921875,56
4,23,C,0.01,16,16,48,16,16,0,100.0,0.0,0.6683145556351748,0.75,0.00037169456481933594,0.5358376502990723,0.069091796875,64
4,23,Q,0.01,16,16,48,12,12,0,75.0,0.0,0.6683145556351748,0.75,0.00037169456481933594,0.5358376502990723,0.069091796875,64
4,24,C,0.01,16,16,48,16,16,0,100.0,0.0,0.6606105010279739,0.75,0.00047326087951660156,0.4951751232147217,0.0751953125,64
4,24,Q,0.01,16,16,48,12,12,0,75.0,0.0,0.6606105010279739,0.75,0.00047326087951660156,0.4951751232147217,0.0751953125,64
4,25,C,0.01,16,16,48,16,16,0,100.0,0.0,0.664671689686949,0.75,0.00045180320739746094,0.4915790557861328,0.0721435546875,64
4,25,Q,0.01,16,16,48,12,12,0,75.0,0.0,0.664671689686949,0.75,0.00045180320739746094,0.4915790557861328,0.0721435546875,64
4,26,C,0.01,14,16,42,12,12,0,75.0,0.0,0.6617578402700804,0.6428571428571429,0.00039505958557128906,0.49535393714904785,0.0625,56
4,26,Q,0.01,14,16,42,11,11,0,68.75,0.0,0.6617578402700804,0.6428571428571429,0.00039505958557128906,0.49535393714904785,0.0625,56
4,27,C,0.01,16,16,48,16,16,0,100.0,0.0,0.6663149291411629,0.75,0.00045108795166015625,0.5533032417297363,0.0650634765625,64
4,27,Q,0.01,16,16,48,12,12,0,75.0,0.0,0.6663149291411629,0.75,0.00045108795166015625,0.5533032417297363,0.0650634765625,64
4,28,C,0.01,16,16,48,16,16,0,100.0,0.0,0.6698942247140678,0.8125,0.0003936290740966797,0.5090887546539307,0.0748291015625,64
4,28,Q,0.01,16,16,48,13,13,0,81.25,0.0,0.6698942247140678,0.8125,0.0003936290740966797,0.5090887546539307,0.0748291015625,64
4,29,C,0.01,16,16,48,16,16,0,100.0,0.0,0.663793852336109,0.75,0.00031256675720214844,0.9614102840423584,0.07177734375,64
4,29,Q,0.01,16,16,48,12,12,0,75.0,0.0,0.663793852336109,0.75,0.00031256675720214844,0.9614102840423584,0.07177734375,64
4,30,C,0.01,14,16,42,12,12,0,75.0,0.0,0.6578269847795685,0.6428571428571429,0.00038933753967285156,0.40189075469970703,0.06103515625,56
4,30,Q,0.01,14,16,42,11,11,0,68.75,0.0,0.6578269847795685,0.6428571428571429,0.00038933753967285156,0.40189075469970703,0.06103515625,56
4,31,C,0.01,16,16,48,16,16,0,100.0,0.0,0.6645398202911875,0.75,0.0003914833068847656,0.4999568462371826,0.072998046875,64
4,31,Q,0.01,16,16,48,12,12,0,75.0,0.0,0.6645398202911875,0.75,0.0003914833068847656,0.4999568462371826,0.072998046875,64
4,32,C,0.01,16,16,48,16,16,0,100.0,0.0,0.6625708313279978,0.75,0.0004017353057861328,0.5243332386016846,0.07421875,64
4,32,Q,0.01,16,16,48,12,12,0,75.0,0.0,0.6625708313279978,0.75,0.0004017353057861328,0.5243332386016846,0.07421875,64
4,33,C,0.01,16,16,48,16,16,0,100.0,0.0,0.6650952551119087,0.75,0.0004253387451171875,0.6264870166778564,0.0693359375,64
4,33,Q,0.01,16,16,48,12,12,0,75.0,0.0,0.6650952551119087,0.75,0.0004253387451171875,0.6264870166778564,0.0693359375,64
4,34,C,0.01,16,16,48,16,16,0,100.0,0.0,0.6617105083698174,0.75,0.00040340423583984375,0.4987189769744873,0.07177734375,64
4,34,Q,0.01,16,16,48,12,12,0,75.0,0.0,0.6617105083698174,0.75,0.00040340423583984375,0.4987189769744873,0.07177734375,64
4,35,C,0.01,16,16,48,16,16,0,100.0,0.0,0.6584115734903765,0.75,0.0006420612335205078,0.9092085361480713,0.0677490234375,64
4,35,Q,0.01,16,16,48,12,12,0,75.0,0.0,0.6584115734903765,0.75,0.0006420612335205078,0.9092085361480713,0.0677490234375,64
4,36,C,0.01,16,16,48,16,16,0,100.0,0.0,0.6630292197928849,0.75,0.00043773651123046875,0.5384550094604492,0.06884765625,64
4,36,Q,0.01,16,16,48,12,12,0,75.0,0.0,0.6630292197928849,0.75,0.00043773651123046875,0.5384550094604492,0.06884765625,64
4,37,C,0.01,16,16,48,16,16,0,100.0,0.0,0.6649142641061073,0.75,0.00037479400634765625,0.48915696144104004,0.072509765625,64
4,37,Q,0.01,16,16,48,12,12,0,75.0,0.0,0.6649142641061073,0.75,0.00037479400634765625,0.48915696144104004,0.072509765625,64
4,38,C,0.01,16,16,48,16,16,0,100.0,0.0,0.6650147142067377,0.75,0.00046372413635253906,0.5965545177459717,0.07177734375,64
4,38,Q,0.01,16,16,48,12,12,0,75.0,0.0,0.6650147142067377,0.75,0.00046372413635253906,0.5965545177459717,0.07177734375,64
4,39,C,0.01,16,16,48,16,16,0,100.0,0.0,0.6732964331202156,0.8125,0.00040268898010253906,0.5545439720153809,0.0701904296875,64
4,39,Q,0.01,16,16,48,13,13,0,81.25,0.0,0.6732964331202156,0.8125,0.00040268898010253906,0.5545439720153809,0.0701904296875,64
4,40,C,0.01,16,16,48,16,16,0,100.0,0.0,0.6631676804921579,0.75,0.00038170814514160156,0.5800158977508545,0.074462890625,64
4,40,Q,0.01,16,16,48,12,12,0,75.0,0.0,0.6631676804921579,0.75,0.00038170814514160156,0.5800158977508545,0.074462890625,64
4,41,C,0.01,16,16,48,16,16,0,100.0,0.0,0.660776306213763,0.75,0.0004119873046875,0.4678771495819092,0.0750732421875,64
4,41,Q,0.01,16,16,48,12,12,0,75.0,0.0,0.660776306213763,0.75,0.0004119873046875,0.4678771495819092,0.0750732421875,64
4,42,C,0.01,16,16,48,16,16,0,100.0,0.0,0.6686618283641242,0.75,0.0004291534423828125,0.8854894638061523,0.0701904296875,64
4,42,Q,0.01,16,16,48,12,12,0,75.0,0.0,0.6686618283641242,0.75,0.0004291534423828125,0.8854894638061523,0.0701904296875,64
4,43,C,0.01,14,16,42,12,12,0,75.0,0.0,0.6590866047859534,0.6428571428571429,0.0003762245178222656,0.4990413188934326,0.0589599609375,56
4,43,Q,0.01,14,16,42,11,11,0,68.75,0.0,0.6590866047859534,0.6428571428571429,0.0003762245178222656,0.4990413188934326,0.0589599609375,56
4,44,C,0.01,16,16,48,16,16,0,100.0,0.0,0.6618701210886798,0.75,0.0003693103790283203,0.6633810997009277,0.0718994140625,64
4,44,Q,0.01,16,16,48,12,12,0,75.0,0.0,0.6618701210886798,0.75,0.0003693103790283203,0.6633810997009277,0.0718994140625,64
4,45,C,0.01,16,16,48,16,16,0,100.0,0.0,0.6573974748895175,0.75,0.00030422210693359375,0.44081926345825195,0.0736083984375,64
4,45,Q,0.01,16,16,48,12,12,0,75.0,0.0,0.6573974748895175,0.75,0.00030422210693359375,0.44081926345825195,0.0736083984375,64
4,46,C,0.01,16,16,48,16,16,0,100.0,0.0,0.6636903611430697,0.75,0.00038123130798339844,0.5827805995941162,0.070068359375,64
4,46,Q,0.01,16,16,48,12,12,0,75.0,0.0,0.6636903611430697,0.75,0.00038123130798339844,0.5827805995941162,0.070068359375,64
4,47,C,0.01,16,16,48,16,16,0,100.0,0.0,0.6669733373656725,0.75,0.00047326087951660156,1.0152528285980225,0.0771484375,64
4,47,Q,0.01,16,16,48,12,12,0,75.0,0.0,0.6669733373656725,0.75,0.00047326087951660156,1.0152528285980225,0.0771484375,64
4,48,C,0.01,15,16,45,15,15,0,93.75,0.0,0.6622059041941677,0.8,0.0005166530609130859,0.7215991020202637,0.06982421875,60
4,48,Q,0.01,15,16,45,12,12,0,75.0,0.0,0.6622059041941677,0.8,0.0005166530609130859,0.7215991020202637,0.06982421875,60
4,49,C,0.01,16,16,48,16,16,0,100.0,0.0,0.6666591050835821,0.75,0.00038743019104003906,0.5614006519317627,0.0751953125,64
4,49,Q,0.01,16,16,48,12,12,0,75.0,0.0,0.6666591050835821,0.75,0.00038743019104003906,0.5614006519317627,0.0751953125,64
4,50,C,0.01,16,16,48,16,16,0,100.0,0.0,0.6625363865150784,0.75,0.00035309791564941406,0.4100935459136963,0.0697021484375,64
4,50,Q,0.01,16,16,48,12,12,0,75.0,0.0,0.6625363865150784,0.75,0.00035309791564941406,0.4100935459136963,0.0697021484375,64
4,51,C,0.01,16,16,48,16,16,0,100.0,0.0,0.6619702653355468,0.75,0.0005207061767578125,0.4643230438232422,0.0716552734375,64
4,51,Q,0.01,16,16,48,12,12,0,75.0,0.0,0.6619702653355468,0.75,0.0005207061767578125,0.4643230438232422,0.0716552734375,64
4,52,C,0.01,16,16,48,16,16,0,100.0,0.0,0.6674430190976761,0.75,0.0005276203155517578,0.5131685733795166,0.0677490234375,64
4,52,Q,0.01,16,16,48,12,12,0,75.0,0.0,0.6674430190976761,0.75,0.0005276203155517578,0.5131685733795166,0.0677490234375,64
4,53,C,0.01,16,16,48,16,16,0,100.0,0.0,0.6605984976076589,0.75,0.0006258487701416016,0.9978413581848145,0.0732421875,64
4,53,Q,0.01,16,16,48,12,12,0,75.0,0.0,0.6605984976076589,0.75,0.0006258487701416016,0.9978413581848145,0.0732421875,64
4,54,C,0.01,14,16,42,14,14,0,87.5,0.0,0.6549568959018252,0.7857142857142857,0.0005121231079101562,0.5636308193206787,0.0595703125,56
4,54,Q,0.01,14,16,42,11,11,0,68.75,0.0,0.6549568959018252,0.7857142857142857,0.0005121231079101562,0.5636308193206787,0.0595703125,56
4,55,C,0.01,16,16,48,16,16,0,100.0,0.0,0.6599897036325907,0.75,0.0004200935363769531,0.5843098163604736,0.0687255859375,64
4,55,Q,0.01,16,16,48,12,12,0,75.0,0.0,0.6599897036325907,0.75,0.0004200935363769531,0.5843098163604736,0.0687255859375,64
4,56,C,0.01,15,16,45,15,15,0,93.75,0.0,0.6633396811456896,0.7333333333333333,0.0005059242248535156,0.6371581554412842,0.0679931640625,60
4,56,Q,0.01,15,16,45,11,11,0,68.75,0.0,0.6633396811456896,0.7333333333333333,0.0005059242248535156,0.6371581554412842,0.0679931640625,60
4,57,C,0.01,16,16,48,16,16,0,100.0,0.0,0.6598612887369977,0.75,0.0004341602325439453,0.5356740951538086,0.0693359375,64
4,57,Q,0.01,16,16,48,12,12,0,75.0,0.0,0.6598612887369977,0.75,0.0004341602325439453,0.5356740951538086,0.0693359375,64
4,58,C,0.01,16,16,48,16,16,0,100.0,0.0,0.6638798538650484,0.75,0.0004088878631591797,0.5583925247192383,0.070068359375,64
4,58,Q,0.01,16,16,48,12,12,0,75.0,0.0,0.6638798538650484,0.75,0.0004088878631591797,0.5583925247192383,0.070068359375,64
4,59,C,0.01,16,16,48,16,16,0,100.0,0.0,0.6649476657336868,0.75,0.000385284423828125,0.6108295917510986,0.073486328125,64
4,59,Q,0.01,16,16,48,12,12,0,75.0,0.0,0.6649476657336868,0.75,0.000385284423828125,0.6108295917510986,0.073486328125,64
6,0,C,0.01,24,24,120,24,24,0,100.0,0.0,0.5559432885516254,0.75,0.0005743503570556641,0.9303908348083496,0.0289306640625,144
6,0,Q,0.01,24,24,120,18,18,0,75.0,0.0,0.5559432885516254,0.75,0.0005743503570556641,0.9303908348083496,0.0289306640625,144
6,1,C,0.01,22,24,110,20,20,0,83.33333333333333,0.0,0.5072042930711756,0.7,0.0004558563232421875,0.7493257522583008,0.0208740234375,132
6,1,Q,0.01,22,24,110,14,14,0,58.333333333333336,0.0,0.5072042930711756,0.7,0.0004558563232421875,0.7493257522583008,0.0208740234375,132
6,2,C,0.01,24,24,120,24,24,0,100.0,0.0,0.5713204605149858,0.875,0.00046539306640625,0.6400132179260254,0.031982421875,144
6,2,Q,0.01,24,24,120,21,21,0,87.5,0.0,0.5713204605149858,0.875,0.00046539306640625,0.6400132179260254,0.031982421875,144
6,3,C,0.01,22,24,110,20,20,0,83.33333333333333,0.0,0.5412279433301723,0.6818181818181818,0.00043201446533203125,0.695030689239502,0.0234375,132
6,3,Q,0.01,22,24,110,17,17,0,70.83333333333333,0.0,0.5412279433301723,0.6818181818181818,0.00043201446533203125,0.695030689239502,0.0234375,132
6,4,C,0.01,24,24,120,24,24,0,100.0,0.0,0.5519169992459781,0.75,0.001232147216796875,0.9656322002410889,0.0260009765625,144
6,4,Q,0.01,24,24,120,18,18,0,75.0,0.0,0.5519169992459781,0.75,0.001232147216796875,0.9656322002410889,0.0260009765625,144
6,5,C,0.01,24,24,120,24,24,0,100.0,0.0,0.5623294280872678,0.8333333333333334,0.0005707740783691406,0.8299210071563721,0.0244140625,144
6,5,Q,0.01,24,24,120,20,20,0,83.33333333333333,0.0,0.5623294280872678,0.8333333333333334,0.0005707740783691406,0.8299210071563721,0.0244140625,144
6,6,C,0.01,22,24,110,20,20,0,83.33333333333333,0.0,0.5427233270824706,0.75,0.0004258155822753906,0.6249184608459473,0.023681640625,132
6,6,Q,0.01,22,24,110,15,15,0,62.5,0.0,0.5427233270824706,0.75,0.0004258155822753906,0.6249184608459473,0.023681640625,132
6,7,C,0.01,22,24,110,20,20,0,83.33333333333333,0.0,0.5512177692997896,0.85,0.0005133152008056641,0.7418043613433838,0.02197265625,132
6,7,Q,0.01,22,24,110,17,17,0,70.83333333333333,0.0,0.5512177692997896,0.85,0.0005133152008056641,0.7418043613433838,0.02197265625,132
6,8,C,0.01,23,24,115,23,23,0,95.83333333333333,0.0,0.558240325687374,0.782608695652174,0.0005359649658203125,0.9080817699432373,0.0247802734375,138
6,8,Q,0.01,23,24,115,18,18,0,75.0,0.0,0.558240325687374,0.782608695652174,0.0005359649658203125,0.9080817699432373,0.0247802734375,138
6,9,C,0.01,24,24,120,24,24,0,100.0,0.0,0.5717975317572712,0.75,0.0005099773406982422,0.8334469795227051,0.024169921875,144
6,9,Q,0.01,24,24,120,18,18,0,75.0,0.0,0.5717975317572712,0.75,0.0005099773406982422,0.8334469795227051,0.024169921875,144
6,10,C,0.01,23,24,115,23,23,0,95.83333333333333,0.0,0.5577824284122036,0.8260869565217391,0.0004734992980957031,0.9105210304260254,0.0277099609375,138
6,10,Q,0.01,23,24,115,19,19,0,79.16666666666667,0.0,0.5577824284122036,0.8260869565217391,0.0004734992980957031,0.9105210304260254,0.0277099609375,138
6,11,C,0.01,24,24,120,24,24,0,100.0,0.0,0.564644655217011,0.8333333333333334,0.0004551410675048828,0.9550111293792725,0.0252685546875,144
6,11,Q,0.01,24,24,120,20,20,0,83.33333333333333,0.0,0.564644655217011,0.8333333333333334,0.0004551410675048828,0.9550111293792725,0.0252685546875,144
6,12,C,0.01,24,24,120,24,24,0,100.0,0.0,0.5579492705169453,0.7916666666666666,0.0005862712860107422,0.92181396484375,0.0262451171875,144
6,12,Q,0.01,24,24,120,19,19,0,79.16666666666667,0.0,0.5579492705169453,0.7916666666666666,0.0005862712860107422,0.92181396484375,0.0262451171875,144
6,13,C,0.01,23,24,115,23,23,0,95.83333333333333,0.0,0.5604202256063279,0.8260869565217391,0.0004398822784423828,0.852466344833374,0.024658203125,138
6,13,Q,0.01,23,24,115,19,19,0,79.16666666666667,0.0,0.5604202256063279,0.8260869565217391,0.0004398822784423828,0.852466344833374,0.024658203125,138
6,14,C,0.01,24,24,120,24,24,0,100.0,0.0,0.547279035449953,0.7916666666666666,0.0004780292510986328,0.8770649433135986,0.0255126953125,144
6,14,Q,0.01,24,24,120,19,19,0,79.16666666666667,0.0,0.547279035449953,0.7916666666666666,0.0004780292510986328,0.8770649433135986,0.0255126953125,144
6,15,C,0.01,24,24,120,24,24,0,100.0,0.0,0.5722841476823146,0.875,0.0009784698486328125,0.8870401382446289,0.0272216796875,144
6,15,Q,0.01,24,24,120,21,21,0,87.5,0.0,0.5722841476823146,0.875,0.0009784698486328125,0.8870401382446289,0.0272216796875,144
6,16,C,0.01,24,24,120,24,24,0,100.0,0.0,0.5515357926769358,0.7916666666666666,0.00055694580078125,0.9412493705749512,0.0272216796875,144
6,16,Q,0.01,24,24,120,19,19,0,79.16666666666667,0.0,0.5515357926769358,0.7916666666666666,0.00055694580078125,0.9412493705749512,0.0272216796875,144
6,17,C,0.01,22,24,110,20,20,0,83.33333333333333,0.0,0.5490348823895662,0.6818181818181818,0.00044846534729003906,0.8768467903137207,0.0250244140625,132
6,17,Q,0.01,22,24,110,17,17,0,70.83333333333333,0.0,0.5490348823895662,0.6818181818181818,0.00044846534729003906,0.8768467903137207,0.0250244140625,132
6,18,C,0.01,24,24,120,24,24,0,100.0,0.0,0.5540941181734416,0.7916666666666666,0.0004436969757080078,0.6840531826019287,0.0289306640625,144
6,18,Q,0.01,24,24,120,19,19,0,79.16666666666667,0.0,0.5540941181734416,0.7916666666666666,0.0004436969757080078,0.6840531826019287,0.0289306640625,144
6,19,C,0.01,24,24,120,24,24,0,100.0,0.0,0.5693512934094663,0.8333333333333334,0.00035262107849121094,0.7289669513702393,0.0245361328125,144
6,19,Q,0.01,24,24,120,20,20,0,83.33333333333333,0.0,0.5693512934094663,0.8333333333333334,0.00035262107849121094,0.7289669513702393,0.0245361328125,144
6,20,C,0.01,24,24,120,24,24,0,100.0,0.0,0.5628159572588813,0.7916666666666666,0.0005257129669189453,0.8933932781219482,0.02783203125,144
6,20,Q,0.01,24,24,120,19,19,0,79.16666666666667,0.0,0.5628159572588813,0.7916666666666666,0.0005257129669189453,0.8933932781219482,0.02783203125,144
6,21,C,0.01,24,24,120,24,24,0,100.0,0.0,0.5591946772812997,0.8333333333333334,0.0005171298980712891,0.8663930892944336,0.031494140625,144
6,21,Q,0.01,24,24,120,20,20,0,83.33333333333333,0.0,0.5591946772812997,0.8333333333333334,0.0005171298980712891,0.8663930892944336,0.031494140625,144
6,22,C,0.01,23,24,115,23,23,0,95.83333333333333,0.0,0.5559585960397708,0.782608695652174,0.0009248256683349609,1.0477771759033203,0.029541015625,138
6,22,Q,0.01,23,24,115,18,18,0,75.0,0.0,0.5559585960397708,0.782608695652174,0.0009248256683349609,1.0477771759033203,0.029541015625,138
6,23,C,0.01,23,24,115,23,23,0,95.83333333333333,0.0,0.5620168496322899,0.8260869565217391,0.00046181678771972656,0.9094610214233398,0.024658203125,138
6,23,Q,0.01,23,24,115,19,19,0,79.16666666666667,0.0,0.5620168496322899,0.8260869565217391,0.00046181678771972656,0.9094610214233398,0.024658203125,138
6,24,C,0.01,22,24,110,20,20,0,83.33333333333333,0.0,0.5604851609058471,0.7142857142857143,0.000457763671875,0.8676400184631348,0.0230712890625,132
6,24,Q,0.01,22,24,110,16,16,0,66.66666666666667,0.0,0.5604851609058471,0.7142857142857143,0.000457763671875,0.8676400184631348,0.0230712890625,132
6,25,C,0.01,22,24,110,20,20,0,83.33333333333333,0.0,0.5395755975786103,0.85,0.0005078315734863281,0.8913745880126953,0.0201416015625,132
6,25,Q,0.01,22,24,110,17,17,0,70.83333333333333,0.0,0.5395755975786103,0.85,0.0005078315734863281,0.8913745880126953,0.0201416015625,132
6,26,C,0.01,24,24,120,24,24,0,100.0,0.0,0.5658518060539321,0.75,0.0005013942718505859,0.8634591102600098,0.025390625,144
6,26,Q,0.01,24,24,120,18,18,0,75.0,0.0,0.5658518060539321,0.75,0.0005013942718505859,0.8634591102600098,0.025390625,144
6,27,C,0.01,24,24,120,24,24,0,100.0,0.0,0.5477438138596833,0.7916666666666666,0.0005025863647460938,0.8575818538665771,0.027587890625,144
6,27,Q,0.01,24,24,120,19,19,0,79.16666666666667,0.0,0.5477438138596833,0.7916666666666666,0.0005025863647460938,0.8575818538665771,0.027587890625,144
6,28,C,0.01,22,24,110,20,20,0,83.33333333333333,0.0,0.5504135803176551,0.7619047619047619,0.0005068778991699219,0.8543744087219238,0.022216796875,132
6,28,Q,0.01,22,24,110,17,17,0,70.83333333333333,0.0,0.5504135803176551,0.7619047619047619,0.0005068778991699219,0.8543744087219238,0.022216796875,132
6,29,C,0.01,24,24,120,24,24,0,100.0,0.0,0.5688224432669914,0.7916666666666666,0.00041937828063964844,1.0573291778564453,0.027587890625,144
6,29,Q,0.01,24,24,120,19,19,0,79.16666666666667,0.0,0.5688224432669914,0.7916666666666666,0.00041937828063964844,1.0573291778564453,0.027587890625,144
6,30,C,0.01,22,24,110,20,20,0,83.33333333333333,0.0,0.5371759910858739,0.8,0.0003693103790283203,0.5698401927947998,0.023193359375,132
6,30,Q,0.01,22,24,110,16,16,0,66.66666666666667,0.0,0.5371759910858739,0.8,0.0003693103790283203,0.5698401927947998,0.023193359375,132
6,31,C,0.01,24,24,120,24,24,0,100.0,0.0,0.5681436088093799,0.8333333333333334,0.000514984130859375,0.8657352924346924,0.0262451171875,144
6,31,Q,0.01,24,24,120,20,20,0,83.33333333333333,0.0,0.5681436088093799,0.8333333333333334,0.000514984130859375,0.8657352924346924,0.0262451171875,144
6,32,C,0.01,24,24,120,24,24,0,100.0,0.0,0.5570867795782365,0.875,0.0005199909210205078,0.7981410026550293,0.02734375,144
6,32,Q,0.01,24,24,120,21,21,0,87.5,0.0,0.5570867795782365,0.875,0.0005199909210205078,0.7981410026550293,0.02734375,144
6,33,C,0.01,22,24,110,20,20,0,83.33333333333333,0.0,0.537055914506665,0.75,0.000522613525390625,0.8618652820587158,0.023193359375,132
6,33,Q,0.01,22,24,110,15,15,0,62.5,0.0,0.537055914506665,0.75,0.000522613525390625,0.8618652820587158,0.023193359375,132
6,34,C,0.01,24,24,120,24,24,0,100.0,0.0,0.5577552692885522,0.8333333333333334,0.0005099773406982422,0.8808610439300537,0.02685546875,144
6,34,Q,0.01,24,24,120,20,20,0,83.33333333333333,0.0,0.5577552692885522,0.8333333333333334,0.0005099773406982422,0.8808610439300537,0.02685546875,144
6,35,C,0.01,24,24,120,24,24,0,100.0,0.0,0.5534828903065497,0.7916666666666666,0.0004112720489501953,0.5627260208129883,0.0269775390625,144
6,35,Q,0.01,24,24,120,19,19,0,79.16666666666667,0.0,0.5534828903065497,0.7916666666666666,0.0004112720489501953,0.5627260208129883,0.0269775390625,144
6,36,C,0.01,24,24,120,24,24,0,100.0,0.0,0.5530482666639428,0.7916666666666666,0.0005674362182617188,1.2060790061950684,0.027587890625,144
6,36,Q,0.01,24,24,120,19,19,0,79.16666666666667,0.0,0.5530482666639428,0.7916666666666666,0.0005674362182617188,1.2060790061950684,0.027587890625,144
6,37,C,0.01,24,24,120,24,24,0,100.0,0.0,0.5632531143609135,0.7916666666666666,0.0005745887756347656,0.7671258449554443,0.0252685546875,144
6,37,Q,0.01,24,24,120,19,19,0,79.16666666666667,0.0,0.5632531143609135,0.7916666666666666,0.0005745887756347656,0.7671258449554443,0.0252685546875,144
6,38,C,0.01,24,24,120,24,24,0,100.0,0.0,0.5614380993459336,0.7916666666666666,0.0004360675811767578,0.5602381229400635,0.026611328125,144
6,38,Q,0.01,24,24,120,19,19,0,79.16666666666667,0.0,0.5614380993459336,0.7916666666666666,0.0004360675811767578,0.5602381229400635,0.026611328125,144
6,39,C,0.01,24,24,120,24,24,0,100.0,0.0,0.5594305355542364,0.75,0.0005002021789550781,0.8061494827270508,0.0277099609375,144
6,39,Q,0.01,24,24,120,18,18,0,75.0,0.0,0.5594305355542364,0.75,0.0005002021789550781,0.8061494827270508,0.0277099609375,144
6,40,C,0.01,24,24,120,24,24,0,100.0,0.0,0.5596704932258628,0.8333333333333334,0.0006122589111328125,0.7486546039581299,0.027099609375,144
6,40,Q,0.01,24,24,120,20,20,0,83.33333333333333,0.0,0.5596704932258628,0.8333333333333334,0.0006122589111328125,0.7486546039581299,0.027099609375,144
6,41,C,0.01,22,24,110,20,20,0,83.33333333333333,0.0,0.5588447599487032,0.7272727272727273,0.0003821849822998047,0.9776124954223633,0.023193359375,132
6,41,Q,0.01,22,24,110,18,18,0,75.0,0.0,0.5588447599487032,0.7272727272727273,0.0003821849822998047,0.9776124954223633,0.023193359375,132
6,42,C,0.01,24,24,120,24,24,0,100.0,0.0,0.5551246082030097,0.7916666666666666,0.0008637905120849609,0.916670560836792,0.0252685546875,144
6,42,Q,0.01,24,24,120,19,19,0,79.16666666666667,0.0,0.5551246082030097,0.7916666666666666,0.0008637905120849609,0.916670560836792,0.0252685546875,144
6,43,C,0.01,22,24,110,20,20,0,83.33333333333333,0.0,0.5447238676162098,0.7272727272727273,0.0005190372467041016,0.6012279987335205,0.02392578125,132
6,43,Q,0.01,22,24,110,18,18,0,75.0,0.0,0.5447238676162098,0.7272727272727273,0.0005190372467041016,0.6012279987335205,0.02392578125,132
6,44,C,0.01,24,24,120,24,24,0,100.0,0.0,0.5508591806825354,0.7916666666666666,0.0004208087921142578,1.2828080654144287,0.02734375,144
6,44,Q,0.01,24,24,120,19,19,0,79.16666666666667,0.0,0.5508591806825354,0.7916666666666666,0.0004208087921142578,1.2828080654144287,0.02734375,144
6,45,C,0.01,22,24,110,20,20,0,83.33333333333333,0.0,0.538373808489243,0.9,0.0005190372467041016,0.7218890190124512,0.0198974609375,132
6,45,Q,0.01,22,24,110,18,18,0,75.0,0.0,0.538373808489243,0.9,0.0005190372467041016,0.7218890190124512,0.0198974609375,132
6,46,C,0.01,24,24,120,24,24,0,100.0,0.0,0.5512358050256888,0.75,0.0007464885711669922,0.8728287220001221,0.024169921875,144
6,46,Q,0.01,24,24,120,18,18,0,75.0,0.0,0.5512358050256888,0.75,0.0007464885711669922,0.8728287220001221,0.024169921875,144
6,47,C,0.01,23,24,115,23,23,0,95.83333333333333,0.0,0.5482615196489998,0.8260869565217391,0.0004398822784423828,0.7639575004577637,0.0263671875,138
6,47,Q,0.01,23,24,115,19,19,0,79.16666666666667,0.0,0.5482615196489998,0.8260869565217391,0.0004398822784423828,0.7639575004577637,0.0263671875,138
6,48,C,0.01,24,24,120,24,24,0,100.0,0.0,0.5656865856172071,0.7916666666666666,0.0005846023559570312,0.9528019428253174,0.0255126953125,144
6,48,Q,0.01,24,24,120,19,19,0,79.16666666666667,0.0,0.5656865856172071,0.7916666666666666,0.0005846023559570312,0.9528019428253174,0.0255126953125,144
6,49,C,0.01,24,24,120,24,24,0,100.0,0.0,0.5603848084279794,0.75,0.0005393028259277344,1.2926056385040283,0.0284423828125,144
6,49,Q,0.01,24,24,120,18,18,0,75.0,0.0,0.5603848084279794,0.75,0.0005393028259277344,1.2926056385040283,0.0284423828125,144
6,50,C,0.01,24,24,120,24,24,0,100.0,0.0,0.5561459850439903,0.7916666666666666,0.0005745887756347656,0.8572964668273926,0.02734375,144
6,50,Q,0.01,24,24,120,19,19,0,79.16666666666667,0.0,0.5561459850439903,0.7916666666666666,0.0005745887756347656,0.8572964668273926,0.02734375,144
6,51,C,0.01,24,24,120,24,24,0,100.0,0.0,0.5613475349487509,0.7916666666666666,0.0004353523254394531,0.7311019897460938,0.0245361328125,144
6,51,Q,0.01,24,24,120,19,19,0,79.16666666666667,0.0,0.5613475349487509,0.7916666666666666,0.0004353523254394531,0.7311019897460938,0.0245361328125,144
6,52,C,0.01,24,24,120,24,24,0,100.0,0.0,0.5563685958002083,0.8333333333333334,0.0005352497100830078,0.8216464519500732,0.027099609375,144
6,52,Q,0.01,24,24,120,20,20,0,83.33333333333333,0.0,0.5563685958002083,0.8333333333333334,0.0005352497100830078,0.8216464519500732,0.027099609375,144
6,53,C,0.01,24,24,120,24,24,0,100.0,0.0,0.5566080392150331,0.8333333333333334,0.0004279613494873047,0.8164596557617188,0.02734375,144
6,53,Q,0.01,24,24,120,20,20,0,83.33333333333333,0.0,0.5566080392150331,0.8333333333333334,0.0004279613494873047,0.8164596557617188,0.02734375,144
6,54,C,0.01,23,24,115,23,23,0,95.83333333333333,0.0,0.5468366490738995,0.8695652173913043,0.0005457401275634766,0.8888349533081055,0.0260009765625,138
6,54,Q,0.01,23,24,115,20,20,0,83.33333333333333,0.0,0.5468366490738995,0.8695652173913043,0.0005457401275634766,0.8888349533081055,0.0260009765625,138
6,55,C,0.01,24,24,120,24,24,0,100.0,0.0,0.5742870778473048,0.875,0.0005023479461669922,0.7765741348266602,0.028076171875,144
6,55,Q,0.01,24,24,120,21,21,0,87.5,0.0,0.5742870778473048,0.875,0.0005023479461669922,0.7765741348266602,0.028076171875,144
6,56,C,0.01,24,24,120,24,24,0,100.0,0.0,0.5653544880970215,0.7916666666666666,0.0005328655242919922,0.9287316799163818,0.026611328125,144
6,56,Q,0.01,24,24,120,19,19,0,79.16666666666667,0.0,0.5653544880970215,0.7916666666666666,0.0005328655242919922,0.9287316799163818,0.026611328125,144
6,57,C,0.01,24,24,120,24,24,0,100.0,0.0,0.5679062724829809,0.8333333333333334,0.0004973411560058594,0.800591230392456,0.027099609375,144
6,57,Q,0.01,24,24,120,20,20,0,83.33333333333333,0.0,0.5679062724829809,0.8333333333333334,0.0004973411560058594,0.800591230392456,0.027099609375,144
6,58,C,0.01,24,24,120,24,24,0,100.0,0.0,0.5624729038162973,0.7916666666666666,0.0005183219909667969,0.6922059059143066,0.0299072265625,144
6,58,Q,0.01,24,24,120,19,19,0,79.16666666666667,0.0,0.5624729038162973,0.7916666666666666,0.0005183219909667969,0.6922059059143066,0.0299072265625,144
6,59,C,0.01,24,24,120,24,24,0,100.0,0.0,0.5506320815574992,0.7083333333333334,0.0004341602325439453,0.6981954574584961,0.024169921875,144
6,59,Q,0.01,24,24,120,17,17,0,70.83333333333333,0.0,0.5506320815574992,0.7083333333333334,0.0004341602325439453,0.6981954574584961,0.024169921875,144
8,0,C,0.01,32,32,224,32,32,0,100.0,0.0,0.49895637612559773,0.875,0.0004935264587402344,0.8733301162719727,0.03759765625,256
8,0,Q,0.01,32,32,224,28,28,0,87.5,0.0,0.49895637612559773,0.875,0.0004935264587402344,0.8733301162719727,0.03759765625,256
8,1,C,0.01,32,32,224,32,32,0,100.0,0.0,0.4984755628305886,0.84375,0.0005066394805908203,1.0492186546325684,0.0419921875,256
8,1,Q,0.01,32,32,224,27,27,0,84.375,0.0,0.4984755628305886,0.84375,0.0005066394805908203,1.0492186546325684,0.0419921875,256
8,2,C,0.01,32,32,224,32,32,0,100.0,0.0,0.49922589509366283,0.875,0.0005784034729003906,0.9913184642791748,0.0369873046875,256
8,2,Q,0.01,32,32,224,28,28,0,87.5,0.0,0.49922589509366283,0.875,0.0005784034729003906,0.9913184642791748,0.0369873046875,256
8,3,C,0.01,31,32,217,31,31,0,96.875,0.0,0.5012382473691855,0.9032258064516129,0.0006129741668701172,0.8429584503173828,0.0352783203125,248
8,3,Q,0.01,31,32,217,28,28,0,87.5,0.0,0.5012382473691855,0.9032258064516129,0.0006129741668701172,0.8429584503173828,0.0352783203125,248
8,4,C,0.01,30,32,210,28,28,0,87.5,0.0,0.5019821877506898,0.8,0.0009105205535888672,0.6847274303436279,0.0341796875,240
8,4,Q,0.01,30,32,210,26,26,0,81.25,0.0,0.5019821877506898,0.8,0.0009105205535888672,0.6847274303436279,0.0341796875,240
8,5,C,0.01,32,32,224,32,32,0,100.0,0.0,0.5057203088972113,0.90625,0.0005674362182617188,0.9087307453155518,0.0372314453125,256
8,5,Q,0.01,32,32,224,29,29,0,90.625,0.0,0.5057203088972113,0.90625,0.0005674362182617188,0.9087307453155518,0.0372314453125,256
8,6,C,0.01,32,32,224,32,32,0,100.0,0.0,0.5025485188959823,0.84375,0.0005834102630615234,1.0032680034637451,0.033203125,256
8,6,Q,0.01,32,32,224,27,27,0,84.375,0.0,0.5025485188959823,0.84375,0.0005834102630615234,1.0032680034637451,0.033203125,256
8,7,C,0.01,32,32,224,32,32,0,100.0,0.0,0.4973030786330223,0.84375,0.0015151500701904297,1.1471316814422607,0.0390625,256
8,7,Q,0.01,32,32,224,27,27,0,84.375,0.0,0.4973030786330223,0.84375,0.0015151500701904297,1.1471316814422607,0.0390625,256
8,8,C,0.01,32,32,224,32,32,0,100.0,0.0,0.5101766679273295,0.9375,0.0005545616149902344,0.9463620185852051,0.033447265625,256
8,8,Q,0.01,32,32,224,30,30,0,93.75,0.0,0.5101766679273295,0.9375,0.0005545616149902344,0.9463620185852051,0.033447265625,256
8,9,C,0.01,32,32,224,32,32,0,100.0,0.0,0.4985246931882889,0.90625,0.0003330707550048828,0.698899507522583,0.0360107421875,256
8,9,Q,0.01,32,32,224,29,29,0,90.625,0.0,0.4985246931882889,0.90625,0.0003330707550048828,0.698899507522583,0.0360107421875,256
8,10,C,0.01,29,32,203,27,27,0,84.375,0.0,0.48679064079298795,0.9259259259259259,0.0006031990051269531,0.8964474201202393,0.02783203125,232
8,10,Q,0.01,29,32,203,25,25,0,78.125,0.0,0.48679064079298795,0.9259259259259259,0.0006031990051269531,0.8964474201202393,0.02783203125,232
8,11,C,0.01,30,32,210,28,28,0,87.5,0.0,0.48617988648086236,0.8571428571428571,0.0007102489471435547,0.9217252731323242,0.0330810546875,240
8,11,Q,0.01,30,32,210,24,24,0,75.0,0.0,0.48617988648086236,0.8571428571428571,0.0007102489471435547,0.9217252731323242,0.0330810546875,240
8,12,C,0.01,31,32,217,31,31,0,96.875,0.0,0.4971111696681982,0.8709677419354839,0.0005195140838623047,0.8930327892303467,0.0333251953125,248
8,12,Q,0.01,31,32,217,27,27,0,84.375,0.0,0.4971111696681982,0.8709677419354839,0.0005195140838623047,0.8930327892303467,0.0333251953125,248
8,13,C,0.01,31,32,217,31,31,0,96.875,0.0,0.4931316074024641,0.8064516129032258,0.0005130767822265625,0.9736037254333496,0.033935546875,248
8,13,Q,0.01,31,32,217,25,25,0,78.125,0.0,0.4931316074024641,0.8064516129032258,0.0005130767822265625,0.9736037254333496,0.033935546875,248
8,14,C,0.01,30,32,210,28,28,0,87.5,0.0,0.4945070381808624,0.8333333333333334,0.000278472900390625,0.7651598453521729,0.0325927734375,240
8,14,Q,0.01,30,32,210,27,27,0,84.375,0.0,0.4945070381808624,0.8333333333333334,0.000278472900390625,0.7651598453521729,0.0325927734375,240
8,15,C,0.01,32,32,224,32,32,0,100.0,0.0,0.5057107543763157,0.875,0.0006430149078369141,1.020477294921875,0.0345458984375,256
8,15,Q,0.01,32,32,224,28,28,0,87.5,0.0,0.5057107543763157,0.875,0.0006430149078369141,1.020477294921875,0.0345458984375,256
8,16,C,0.01,32,32,224,32,32,0,100.0,0.0,0.5153824867152805,0.96875,0.0005819797515869141,0.9317159652709961,0.038330078125,256
8,16,Q,0.01,32,32,224,31,31,0,96.875,0.0,0.5153824867152805,0.96875,0.0005819797515869141,0.9317159652709961,0.038330078125,256
8,17,C,0.01,32,32,224,32,32,0,100.0,0.0,0.4978454643867892,0.84375,0.00029754638671875,0.7723102569580078,0.037109375,256
8,17,Q,0.01,32,32,224,27,27,0,84.375,0.0,0.4978454643867892,0.84375,0.00029754638671875,0.7723102569580078,0.037109375,256
8,18,C,0.01,32,32,224,32,32,0,100.0,0.0,0.5060426956718591,0.90625,0.0008087158203125,1.0290374755859375,0.0357666015625,256
8,18,Q,0.01,32,32,224,29,29,0,90.625,0.0,0.5060426956718591,0.90625,0.0008087158203125,1.0290374755859375,0.0357666015625,256
8,19,C,0.01,30,32,210,28,28,0,87.5,0.0,0.4875819388530339,0.7586206896551724,0.0003097057342529297,0.7371962070465088,0.0296630859375,240
8,19,Q,0.01,30,32,210,23,23,0,71.875,0.0,0.4875819388530339,0.7586206896551724,0.0003097057342529297,0.7371962070465088,0.0296630859375,240
8,20,C,0.01,32,32,224,32,32,0,100.0,0.0,0.4993358806266991,0.84375,0.0005867481231689453,0.8822336196899414,0.03369140625,256
8,20,Q,0.01,32,32,224,27,27,0,84.375,0.0,0.4993358806266991,0.84375,0.0005867481231689453,0.8822336196899414,0.03369140625,256
8,21,C,0.01,31,32,217,31,31,0,96.875,0.0,0.49792801237971024,0.9354838709677419,0.0005800724029541016,0.8559250831604004,0.037109375,248
8,21,Q,0.01,31,32,217,29,29,0,90.625,0.0,0.49792801237971024,0.9354838709677419,0.0005800724029541016,0.8559250831604004,0.037109375,248
8,22,C,0.01,32,32,224,32,32,0,100.0,0.0,0.49869788326365544,0.84375,0.000522613525390625,0.8736157417297363,0.0352783203125,256
8,22,Q,0.01,32,32,224,27,27,0,84.375,0.0,0.49869788326365544,0.84375,0.000522613525390625,0.8736157417297363,0.0352783203125,256
8,23,C,0.01,32,32,224,32,32,0,100.0,0.0,0.512749515974498,1.0,0.0003056526184082031,0.7646775245666504,0.035888671875,256
8,23,Q,0.01,32,32,224,32,32,0,100.0,0.0,0.512749515974498,1.0,0.0003056526184082031,0.7646775245666504,0.035888671875,256
8,24,C,0.01,31,32,217,31,31,0,96.875,0.0,0.4893959202940058,0.8064516129032258,0.0007023811340332031,0.9879083633422852,0.03173828125,248
8,24,Q,0.01,31,32,217,25,25,0,78.125,0.0,0.4893959202940058,0.8064516129032258,0.0007023811340332031,0.9879083633422852,0.03173828125,248
8,25,C,0.01,32,32,224,32,32,0,100.0,0.0,0.4952569132271828,0.875,0.0005154609680175781,0.913856029510498,0.0347900390625,256
8,25,Q,0.01,32,32,224,28,28,0,87.5,0.0,0.4952569132271828,0.875,0.0005154609680175781,0.913856029510498,0.0347900390625,256
8,26,C,0.01,32,32,224,32,32,0,100.0,0.0,0.5044237051005349,0.90625,0.0005786418914794922,0.9022173881530762,0.0357666015625,256
8,26,Q,0.01,32,32,224,29,29,0,90.625,0.0,0.5044237051005349,0.90625,0.0005786418914794922,0.9022173881530762,0.0357666015625,256
8,27,C,0.01,30,32,210,28,28,0,87.5,0.0,0.4855618320632993,0.8928571428571429,0.0002760887145996094,0.763861894607544,0.030029296875,240
8,27,Q,0.01,30,32,210,25,25,0,78.125,0.0,0.4855618320632993,0.8928571428571429,0.0002760887145996094,0.763861894607544,0.030029296875,240
8,28,C,0.01,29,32,204,27,27,0,84.375,0.0,0.4986704345504232,0.8620689655172413,0.0005297660827636719,0.7908122539520264,0.03125,233
8,28,Q,0.01,29,32,204,27,27,0,84.375,0.0,0.4986704345504232,0.8620689655172413,0.0005297660827636719,0.7908122539520264,0.03125,233
8,29,C,0.01,30,32,210,28,28,0,87.5,0.0,0.48891230337354175,0.9285714285714286,0.0006687641143798828,0.9762120246887207,0.028564453125,240
8,29,Q,0.01,30,32,210,26,26,0,81.25,0.0,0.48891230337354175,0.9285714285714286,0.0006687641143798828,0.9762120246887207,0.028564453125,240
8,30,C,0.01,30,32,210,28,28,0,87.5,0.0,0.4891428660286659,0.8,0.0002608299255371094,0.6028285026550293,0.0322265625,240
8,30,Q,0.01,30,32,210,26,26,0,81.25,0.0,0.4891428660286659,0.8,0.0002608299255371094,0.6028285026550293,0.0322265625,240
8,31,C,0.01,31,32,217,31,31,0,96.875,0.0,0.5032427523094796,0.9032258064516129,0.0005061626434326172,0.846421480178833,0.033203125,248
8,31,Q,0.01,31,32,217,28,28,0,87.5,0.0,0.5032427523094796,0.9032258064516129,0.0005061626434326172,0.846421480178833,0.033203125,248
8,32,C,0.01,30,32,210,28,28,0,87.5,0.0,0.49298705541561993,0.8333333333333334,0.0006449222564697266,0.9789366722106934,0.0343017578125,240
8,32,Q,0.01,30,32,210,27,27,0,84.375,0.0,0.49298705541561993,0.8333333333333334,0.0006449222564697266,0.9789366722106934,0.0343017578125,240
8,33,C,0.01,32,32,224,32,32,0,100.0,0.0,0.493948128149967,0.84375,0.00033164024353027344,0.7826290130615234,0.0352783203125,256
8,33,Q,0.01,32,32,224,27,27,0,84.375,0.0,0.493948128149967,0.84375,0.00033164024353027344,0.7826290130615234,0.0352783203125,256
8,34,C,0.01,32,32,224,32,32,0,100.0,0.0,0.503802407854065,1.0,0.0005352497100830078,1.1995570659637451,0.0338134765625,256
8,34,Q,0.01,32,32,224,32,32,0,100.0,0.0,0.503802407854065,1.0,0.0005352497100830078,1.1995570659637451,0.0338134765625,256
8,35,C,0.01,32,32,224,32,32,0,100.0,0.0,0.5059831130325724,0.875,0.0005528926849365234,1.051506519317627,0.0367431640625,256
8,35,Q,0.01,32,32,224,28,28,0,87.5,0.0,0.5059831130325724,0.875,0.0005528926849365234,1.051506519317627,0.0367431640625,256
8,36,C,0.01,32,32,224,32,32,0,100.0,0.0,0.49995188058609447,0.90625,0.0006105899810791016,0.9550495147705078,0.0328369140625,256
8,36,Q,0.01,32,32,224,29,29,0,90.625,0.0,0.49995188058609447,0.90625,0.0006105899810791016,0.9550495147705078,0.0328369140625,256
8,37,C,0.01,27,32,183,24,24,0,75.0,0.0,0.4786123436189809,0.7692307692307693,0.0005674362182617188,0.860496997833252,0.0263671875,210
8,37,Q,0.01,27,32,183,22,22,0,68.75,0.0,0.4786123436189809,0.7692307692307693,0.0005674362182617188,0.860496997833252,0.0263671875,210
8,38,C,0.01,31,32,217,31,31,0,96.875,0.0,0.5069831210348663,1.0,0.0003516674041748047,0.6566851139068604,0.037353515625,248
8,38,Q,0.01,31,32,217,31,31,0,96.875,0.0,0.5069831210348663,1.0,0.0003516674041748047,0.6566851139068604,0.037353515625,248
8,39,C,0.01,30,32,210,28,28,0,87.5,0.0,0.4887617079428881,0.8333333333333334,0.00039196014404296875,0.8380913734436035,0.0343017578125,240
8,39,Q,0.01,30,32,210,27,27,0,84.375,0.0,0.4887617079428881,0.8333333333333334,0.00039196014404296875,0.8380913734436035,0.0343017578125,240
8,40,C,0.01,28,32,196,24,24,0,75.0,0.0,0.4749250707060897,0.6785714285714286,0.0006148815155029297,0.9702799320220947,0.02685546875,224
8,40,Q,0.01,28,32,196,23,23,0,71.875,0.0,0.4749250707060897,0.6785714285714286,0.0006148815155029297,0.9702799320220947,0.02685546875,224
8,41,C,0.01,30,32,210,28,28,0,87.5,0.0,0.4995680383010048,0.8333333333333334,0.0005655288696289062,0.9788141250610352,0.0321044921875,240
8,41,Q,0.01,30,32,210,27,27,0,84.375,0.0,0.4995680383010048,0.8333333333333334,0.0005655288696289062,0.9788141250610352,0.0321044921875,240
8,42,C,0.01,32,32,224,32,32,0,100.0,0.0,0.5063083984569641,0.875,0.0004134178161621094,0.6753859519958496,0.0364990234375,256
8,42,Q,0.01,32,32,224,28,28,0,87.5,0.0,0.5063083984569641,0.875,0.0004134178161621094,0.6753859519958496,0.0364990234375,256
8,43,C,0.01,31,32,217,31,31,0,96.875,0.0,0.49986996149502844,0.9354838709677419,0.00047016143798828125,0.8784844875335693,0.03466796875,248
8,43,Q,0.01,31,32,217,29,29,0,90.625,0.0,0.49986996149502844,0.9354838709677419,0.00047016143798828125,0.8784844875335693,0.03466796875,248
8,44,C,0.01,31,32,217,31,31,0,96.875,0.0,0.4970682388355525,0.8709677419354839,0.0003306865692138672,0.8117361068725586,0.0333251953125,248
8,44,Q,0.01,31,32,217,27,27,0,84.375,0.0,0.4970682388355525,0.8709677419354839,0.0003306865692138672,0.8117361068725586,0.0333251953125,248
8,45,C,0.01,30,32,210,28,28,0,87.5,0.0,0.5014139148288962,0.8333333333333334,0.0006022453308105469,1.0246481895446777,0.0299072265625,240
8,45,Q,0.01,30,32,210,27,27,0,84.375,0.0,0.5014139148288962,0.8333333333333334,0.0006022453308105469,1.0246481895446777,0.0299072265625,240
8,46,C,0.01,32,32,224,32,32,0,100.0,0.0,0.4950572250639354,0.8125,0.0006265640258789062,0.9991059303283691,0.0406494140625,256
8,46,Q,0.01,32,32,224,26,26,0,81.25,0.0,0.4950572250639354,0.8125,0.0006265640258789062,0.9991059303283691,0.0406494140625,256
8,47,C,0.01,32,32,224,32,32,0,100.0,0.0,0.49907540808399437,0.90625,0.000545501708984375,0.8755016326904297,0.0369873046875,256
8,47,Q,0.01,32,32,224,29,29,0,90.625,0.0,0.49907540808399437,0.90625,0.000545501708984375,0.8755016326904297,0.0369873046875,256
8,48,C,0.01,32,32,224,32,32,0,100.0,0.0,0.495423643717146,0.8125,0.000278472900390625,0.7579247951507568,0.037109375,256
8,48,Q,0.01,32,32,224,26,26,0,81.25,0.0,0.495423643717146,0.8125,0.000278472900390625,0.7579247951507568,0.037109375,256
8,49,C,0.01,31,32,217,31,31,0,96.875,0.0,0.5004329083065931,0.967741935483871,0.0003464221954345703,0.6834423542022705,0.0347900390625,248
8,49,Q,0.01,31,32,217,30,30,0,93.75,0.0,0.5004329083065931,0.967741935483871,0.0003464221954345703,0.6834423542022705,0.0347900390625,248
8,50,C,0.01,32,32,224,32,32,0,100.0,0.0,0.4920767168778509,0.875,0.0006396770477294922,1.0513169765472412,0.03466796875,256
8,50,Q,0.01,32,32,224,28,28,0,87.5,0.0,0.4920767168778509,0.875,0.0006396770477294922,1.0513169765472412,0.03466796875,256
8,51,C,0.01,32,32,224,32,32,0,100.0,0.0,0.5008761217934281,0.875,0.0005240440368652344,0.9233701229095459,0.0399169921875,256
8,51,Q,0.01,32,32,224,28,28,0,87.5,0.0,0.5008761217934281,0.875,0.0005240440368652344,0.9233701229095459,0.0399169921875,256
8,52,C,0.01,30,32,210,30,30,0,93.75,0.0,0.49950615609680593,0.8,0.0008623600006103516,0.9812021255493164,0.0361328125,240
8,52,Q,0.01,30,32,210,24,24,0,75.0,0.0,0.49950615609680593,0.8,0.0008623600006103516,0.9812021255493164,0.0361328125,240
8,53,C,0.01,32,32,224,32,32,0,100.0,0.0,0.49975378759903105,0.84375,0.0006070137023925781,1.0561103820800781,0.034912109375,256
8,53,Q,0.01,32,32,224,27,27,0,84.375,0.0,0.49975378759903105,0.84375,0.0006070137023925781,1.0561103820800781,0.034912109375,256
8,54,C,0.01,32,32,224,32,32,0,100.0,0.0,0.4946458183391189,0.84375,0.00025391578674316406,0.582650899887085,0.0323486328125,256
8,54,Q,0.01,32,32,224,27,27,0,84.375,0.0,0.4946458183391189,0.84375,0.00025391578674316406,0.582650899887085,0.0323486328125,256
8,55,C,0.01,32,32,224,32,32,0,100.0,0.0,0.5039853078299426,0.84375,0.0002770423889160156,0.7717680931091309,0.0390625,256
8,55,Q,0.01,32,32,224,27,27,0,84.375,0.0,0.5039853078299426,0.84375,0.0002770423889160156,0.7717680931091309,0.0390625,256
8,56,C,0.01,32,32,224,32,32,0,100.0,0.0,0.497233555550137,0.875,0.0006124973297119141,1.025972604751587,0.0362548828125,256
8,56,Q,0.01,32,32,224,28,28,0,87.5,0.0,0.497233555550137,0.875,0.0006124973297119141,1.025972604751587,0.0362548828125,256
8,57,C,0.01,31,32,217,31,31,0,96.875,0.0,0.5119608848430072,0.967741935483871,0.00054168701171875,0.6892173290252686,0.0350341796875,248
8,57,Q,0.01,31,32,217,30,30,0,93.75,0.0,0.5119608848430072,0.967741935483871,0.00054168701171875,0.6892173290252686,0.0350341796875,248
8,58,C,0.01,32,32,224,32,32,0,100.0,0.0,0.49003120904002856,0.875,0.0006780624389648438,0.8797810077667236,0.0345458984375,256
8,58,Q,0.01,32,32,224,28,28,0,87.5,0.0,0.49003120904002856,0.875,0.0006780624389648438,0.8797810077667236,0.0345458984375,256
8,59,C,0.01,32,32,224,32,32,0,100.0,0.0,0.49709120856137,0.8125,0.002338409423828125,0.8952045440673828,0.03466796875,256
8,59,Q,0.01,32,32,224,26,26,0,81.25,0.0,0.49709120856137,0.8125,0.002338409423828125,0.8952045440673828,0.03466796875,256
10,0,C,0.01,40,40,360,40,40,0,100.0,0.0,0.45614506603087696,0.975,0.00029754638671875,1.0664198398590088,0.022216796875,400
10,0,Q,0.01,40,40,360,39,39,0,97.5,0.0,0.45614506603087696,0.975,0.00029754638671875,1.0664198398590088,0.022216796875,400
10,1,C,0.01,40,40,360,40,40,0,100.0,0.0,0.44446133646729663,0.875,0.0006432533264160156,1.335223913192749,0.022705078125,400
10,1,Q,0.01,40,40,360,35,35,0,87.5,0.0,0.44446133646729663,0.875,0.0006432533264160156,1.335223913192749,0.022705078125,400
10,2,C,0.01,40,40,360,40,40,0,100.0,0.0,0.4425379133894142,0.9,0.0006244182586669922,1.3321411609649658,0.026611328125,400
10,2,Q,0.01,40,40,360,36,36,0,90.0,0.0,0.4425379133894142,0.9,0.0006244182586669922,1.3321411609649658,0.026611328125,400
10,3,C,0.01,39,40,351,39,39,0,97.5,0.0,0.4454013800634101,0.9230769230769231,0.0005626678466796875,1.1160919666290283,0.021484375,390
10,3,Q,0.01,39,40,351,36,36,0,90.0,0.0,0.4454013800634101,0.9230769230769231,0.0005626678466796875,1.1160919666290283,0.021484375,390
10,4,C,0.01,40,40,360,40,40,0,100.0,0.0,0.4438719438356547,0.9,0.0017304420471191406,1.2033536434173584,0.0218505859375,400
10,4,Q,0.01,40,40,360,36,36,0,90.0,0.0,0.4438719438356547,0.9,0.0017304420471191406,1.2033536434173584,0.0218505859375,400
10,5,C,0.01,40,40,360,40,40,0,100.0,0.0,0.4399063193452253,0.875,0.00030922889709472656,1.0605809688568115,0.0250244140625,400
10,5,Q,0.01,40,40,360,35,35,0,87.5,0.0,0.4399063193452253,0.875,0.00030922889709472656,1.0605809688568115,0.0250244140625,400
10,6,C,0.01,40,40,360,40,40,0,100.0,0.0,0.45501213752029734,0.95,0.0003898143768310547,1.1471006870269775,0.0250244140625,400
10,6,Q,0.01,40,40,360,38,38,0,95.0,0.0,0.45501213752029734,0.95,0.0003898143768310547,1.1471006870269775,0.0250244140625,400
10,7,C,0.01,37,40,333,35,35,0,87.5,0.0,0.4303751241499861,0.8857142857142857,0.0006947517395019531,1.2870235443115234,0.0184326171875,370
10,7,Q,0.01,37,40,333,31,31,0,77.5,0.0,0.4303751241499861,0.8857142857142857,0.0006947517395019531,1.2870235443115234,0.0184326171875,370
10,8,C,0.01,39,40,351,39,39,0,97.5,0.0,0.4385498538120544,0.8974358974358975,0.000659942626953125,1.3649826049804688,0.019775390625,390
10,8,Q,0.01,39,40,351,35,35,0,87.5,0.0,0.4385498538120544,0.8974358974358975,0.000659942626953125,1.3649826049804688,0.019775390625,390
10,9,C,0.01,40,40,360,40,40,0,100.0,0.0,0.4454329945832156,0.875,0.0009255409240722656,1.3005669116973877,0.022705078125,400
10,9,Q,0.01,40,40,360,35,35,0,87.5,0.0,0.4454329945832156,0.875,0.0009255409240722656,1.3005669116973877,0.022705078125,400
10,10,C,0.01,40,40,360,40,40,0,100.0,0.0,0.4356914438571782,0.85,0.0006554126739501953,1.2788622379302979,0.0196533203125,400
10,10,Q,0.01,40,40,360,34,34,0,85.0,0.0,0.4356914438571782,0.85,0.0006554126739501953,1.2788622379302979,0.0196533203125,400
10,11,C,0.01,40,40,360,40,40,0,100.0,0.0,0.44202367963409583,0.875,0.0003311634063720703,0.8087871074676514,0.0238037109375,400
10,11,Q,0.01,40,40,360,35,35,0,87.5,0.0,0.44202367963409583,0.875,0.0003311634063720703,0.8087871074676514,0.0238037109375,400
10,12,C,0.01,39,40,351,39,39,0,97.5,0.0,0.45440413961736126,0.9487179487179487,0.0007214546203613281,1.2484827041625977,0.021240234375,390
10,12,Q,0.01,39,40,351,37,37,0,92.5,0.0,0.45440413961736126,0.9487179487179487,0.0007214546203613281,1.2484827041625977,0.021240234375,390
10,13,C,0.01,38,40,342,36,36,0,90.0,0.0,0.4329249308707562,0.8888888888888888,0.0006406307220458984,1.178954839706421,0.017578125,380
10,13,Q,0.01,38,40,342,32,32,0,80.0,0.0,0.4329249308707562,0.8888888888888888,0.0006406307220458984,1.178954839706421,0.017578125,380
10,14,C,0.01,40,40,360,40,40,0,100.0,0.0,0.4530378833004519,0.975,0.000522613525390625,1.5951945781707764,0.0264892578125,400
10,14,Q,0.01,40,40,360,39,39,0,97.5,0.0,0.4530378833004519,0.975,0.000522613525390625,1.5951945781707764,0.0264892578125,400
10,15,C,0.01,40,40,360,40,40,0,100.0,0.0,0.4478523368758961,0.95,0.0003147125244140625,0.8309378623962402,0.021240234375,400
10,15,Q,0.01,40,40,360,38,38,0,95.0,0.0,0.4478523368758961,0.95,0.0003147125244140625,0.8309378623962402,0.021240234375,400
10,16,C,0.01,39,40,351,39,39,0,97.5,0.0,0.4387528282668458,0.8717948717948718,0.0005538463592529297,1.1740937232971191,0.0205078125,390
10,16,Q,0.01,39,40,351,34,34,0,85.0,0.0,0.4387528282668458,0.8717948717948718,0.0005538463592529297,1.1740937232971191,0.0205078125,390
10,17,C,0.01,40,40,360,40,40,0,100.0,0.0,0.44499781002920535,0.9,0.0005505084991455078,1.2876737117767334,0.0230712890625,400
10,17,Q,0.01,40,40,360,36,36,0,90.0,0.0,0.44499781002920535,0.9,0.0005505084991455078,1.2876737117767334,0.0230712890625,400
10,18,C,0.01,40,40,360,40,40,0,100.0,0.0,0.43272344831167325,0.85,0.0005936622619628906,0.8472156524658203,0.017822265625,400
10,18,Q,0.01,40,40,360,34,34,0,85.0,0.0,0.43272344831167325,0.85,0.0005936622619628906,0.8472156524658203,0.017822265625,400
10,19,C,0.01,40,40,360,40,40,0,100.0,0.0,0.4454746632512341,0.9,0.0009129047393798828,1.0811681747436523,0.0213623046875,400
10,19,Q,0.01,40,40,360,36,36,0,90.0,0.0,0.4454746632512341,0.9,0.0009129047393798828,1.0811681747436523,0.0213623046875,400
10,20,C,0.01,39,40,351,39,39,0,97.5,0.0,0.44336821993286035,0.8717948717948718,0.00063323974609375,1.4613842964172363,0.0225830078125,390
10,20,Q,0.01,39,40,351,34,34,0,85.0,0.0,0.44336821993286035,0.8717948717948718,0.00063323974609375,1.4613842964172363,0.0225830078125,390
10,21,C,0.01,40,40,360,40,40,0,100.0,0.0,0.44471470829758747,0.9,0.0003795623779296875,1.1065943241119385,0.023193359375,400
10,21,Q,0.01,40,40,360,36,36,0,90.0,0.0,0.44471470829758747,0.9,0.0003795623779296875,1.1065943241119385,0.023193359375,400
10,22,C,0.01,40,40,360,40,40,0,100.0,0.0,0.4281061937956206,0.775,0.0006124973297119141,1.3012118339538574,0.019775390625,400
10,22,Q,0.01,40,40,360,31,31,0,77.5,0.0,0.4281061937956206,0.775,0.0006124973297119141,1.3012118339538574,0.019775390625,400
10,23,C,0.01,40,40,360,40,40,0,100.0,0.0,0.4427051193289078,0.9,0.0004487037658691406,0.8426525592803955,0.0233154296875,400
10,23,Q,0.01,40,40,360,36,36,0,90.0,0.0,0.4427051193289078,0.9,0.0004487037658691406,0.8426525592803955,0.0233154296875,400
10,24,C,0.01,40,40,360,40,40,0,100.0,0.0,0.4304122496585161,0.825,0.0006046295166015625,1.3150274753570557,0.0181884765625,400
10,24,Q,0.01,40,40,360,33,33,0,82.5,0.0,0.4304122496585161,0.825,0.0006046295166015625,1.3150274753570557,0.0181884765625,400
10,25,C,0.01,39,40,351,39,39,0,97.5,0.0,0.44705064022073887,0.9230769230769231,0.0003459453582763672,1.013953685760498,0.023681640625,390
10,25,Q,0.01,39,40,351,36,36,0,90.0,0.0,0.44705064022073887,0.9230769230769231,0.0003459453582763672,1.013953685760498,0.023681640625,390
10,26,C,0.01,40,40,360,40,40,0,100.0,0.0,0.4441328570749279,0.875,0.0006377696990966797,1.2351782321929932,0.0225830078125,400
10,26,Q,0.01,40,40,360,35,35,0,87.5,0.0,0.4441328570749279,0.875,0.0006377696990966797,1.2351782321929932,0.0225830078125,400
10,27,C,0.01,38,40,342,36,36,0,90.0,0.0,0.425575364388674,0.8333333333333334,0.0006651878356933594,1.2185356616973877,0.021484375,380
10,27,Q,0.01,38,40,342,30,30,0,75.0,0.0,0.425575364388674,0.8333333333333334,0.0006651878356933594,1.2185356616973877,0.021484375,380
10,28,C,0.01,39,40,351,39,39,0,97.5,0.0,0.4368231706493475,0.8461538461538461,0.00037169456481933594,0.8467559814453125,0.02001953125,390
10,28,Q,0.01,39,40,351,33,33,0,82.5,0.0,0.4368231706493475,0.8461538461538461,0.00037169456481933594,0.8467559814453125,0.02001953125,390
10,29,C,0.01,40,40,360,40,40,0,100.0,0.0,0.4528940051158647,0.925,0.0006127357482910156,1.2291724681854248,0.02294921875,400
10,29,Q,0.01,40,40,360,37,37,0,92.5,0.0,0.4528940051158647,0.925,0.0006127357482910156,1.2291724681854248,0.02294921875,400
10,30,C,0.01,40,40,360,40,40,0,100.0,0.0,0.44374149256309914,0.875,0.0006060600280761719,1.2696921825408936,0.023193359375,400
10,30,Q,0.01,40,40,360,35,35,0,87.5,0.0,0.44374149256309914,0.875,0.0006060600280761719,1.2696921825408936,0.023193359375,400
10,31,C,0.01,39,40,351,39,39,0,97.5,0.0,0.43931050416674217,0.8974358974358975,0.00031948089599609375,1.0259685516357422,0.023681640625,390
10,31,Q,0.01,39,40,351,35,35,0,87.5,0.0,0.43931050416674217,0.8974358974358975,0.00031948089599609375,1.0259685516357422,0.023681640625,390
10,32,C,0.01,38,40,342,38,38,0,95.0,0.0,0.4452183629637788,0.9210526315789473,0.0006358623504638672,1.2287297248840332,0.023193359375,380
10,32,Q,0.01,38,40,342,35,35,0,87.5,0.0,0.4452183629637788,0.9210526315789473,0.0006358623504638672,1.2287297248840332,0.023193359375,380
10,33,C,0.01,40,40,360,40,40,0,100.0,0.0,0.44576685638957525,0.9,0.0007228851318359375,1.2319517135620117,0.0244140625,400
10,33,Q,0.01,40,40,360,36,36,0,90.0,0.0,0.44576685638957525,0.9,0.0007228851318359375,1.2319517135620117,0.0244140625,400
10,34,C,0.01,39,40,351,39,39,0,97.5,0.0,0.44701888607066925,0.9487179487179487,0.000598907470703125,1.2404310703277588,0.023193359375,390
10,34,Q,0.01,39,40,351,37,37,0,92.5,0.0,0.44701888607066925,0.9487179487179487,0.000598907470703125,1.2404310703277588,0.023193359375,390
10,35,C,0.01,40,40,360,40,40,0,100.0,0.0,0.4396323197408091,0.9,0.0003447532653808594,0.7975866794586182,0.02294921875,400
10,35,Q,0.01,40,40,360,36,36,0,90.0,0.0,0.4396323197408091,0.9,0.0003447532653808594,0.7975866794586182,0.02294921875,400
10,36,C,0.01,40,40,360,40,40,0,100.0,0.0,0.43322048773242733,0.85,0.0007050037384033203,1.2514266967773438,0.0216064453125,400
10,36,Q,0.01,40,40,360,34,34,0,85.0,0.0,0.43322048773242733,0.85,0.0007050037384033203,1.2514266967773438,0.0216064453125,400
10,37,C,0.01,38,40,342,38,38,0,95.0,0.0,0.4391279273242553,0.8947368421052632,0.0004589557647705078,1.1028826236724854,0.020263671875,380
10,37,Q,0.01,38,40,342,34,34,0,85.0,0.0,0.4391279273242553,0.8947368421052632,0.0004589557647705078,1.1028826236724854,0.020263671875,380
10,38,C,0.01,39,40,351,39,39,0,97.5,0.0,0.437361116445596,0.8461538461538461,0.0006911754608154297,1.3653559684753418,0.0218505859375,390
10,38,Q,0.01,39,40,351,33,33,0,82.5,0.0,0.437361116445596,0.8461538461538461,0.0006911754608154297,1.3653559684753418,0.0218505859375,390
10,39,C,0.01,40,40,360,40,40,0,100.0,0.0,0.4369904303767904,0.85,0.0005862712860107422,1.7911388874053955,0.02197265625,400
10,39,Q,0.01,40,40,360,34,34,0,85.0,0.0,0.4369904303767904,0.85,0.0005862712860107422,1.7911388874053955,0.02197265625,400
10,40,C,0.01,38,40,342,36,36,0,90.0,0.0,0.44572807464007547,0.9722222222222222,0.0005795955657958984,1.109118938446045,0.0225830078125,380
10,40,Q,0.01,38,40,342,35,35,0,87.5,0.0,0.44572807464007547,0.9722222222222222,0.0005795955657958984,1.109118938446045,0.0225830078125,380
10,41,C,0.01,40,40,360,40,40,0,100.0,0.0,0.45068502334409816,0.925,0.0006437301635742188,1.2719433307647705,0.022705078125,400
10,41,Q,0.01,40,40,360,37,37,0,92.5,0.0,0.45068502334409816,0.925,0.0006437301635742188,1.2719433307647705,0.022705078125,400
10,42,C,0.01,39,40,351,39,39,0,97.5,0.0,0.43005933517448086,0.8974358974358975,0.00033092498779296875,0.7881002426147461,0.021240234375,390
10,42,Q,0.01,39,40,351,35,35,0,87.5,0.0,0.43005933517448086,0.8974358974358975,0.00033092498779296875,0.7881002426147461,0.021240234375,390
10,43,C,0.01,40,40,360,40,40,0,100.0,0.0,0.44588647093460954,0.925,0.0005910396575927734,1.200885534286499,0.0262451171875,400
10,43,Q,0.01,40,40,360,37,37,0,92.5,0.0,0.44588647093460954,0.925,0.0005910396575927734,1.200885534286499,0.0262451171875,400
10,44,C,0.01,40,40,360,40,40,0,100.0,0.0,0.44265824255470065,0.9,0.000457763671875,0.951848030090332,0.02392578125,400
10,44,Q,0.01,40,40,360,36,36,0,90.0,0.0,0.44265824255470065,0.9,0.000457763671875,0.951848030090332,0.02392578125,400
10,45,C,0.01,40,40,360,40,40,0,100.0,0.0,0.44741322178403214,0.925,0.00033664703369140625,0.8098523616790771,0.0220947265625,400
10,45,Q,0.01,40,40,360,37,37,0,92.5,0.0,0.44741322178403214,0.925,0.00033664703369140625,0.8098523616790771,0.0220947265625,400
10,46,C,0.01,40,40,360,40,40,0,100.0,0.0,0.44168354682750344,0.9,0.0007452964782714844,1.2194347381591797,0.0234375,400
10,46,Q,0.01,40,40,360,36,36,0,90.0,0.0,0.44168354682750344,0.9,0.0007452964782714844,1.2194347381591797,0.0234375,400
10,47,C,0.01,40,40,360,40,40,0,100.0,0.0,0.44417987165249406,0.875,0.0006270408630371094,1.2776224613189697,0.0228271484375,400
10,47,Q,0.01,40,40,360,35,35,0,87.5,0.0,0.44417987165249406,0.875,0.0006270408630371094,1.2776224613189697,0.0228271484375,400
10,48,C,0.01,38,40,342,36,36,0,90.0,0.0,0.42805274840039614,0.8378378378378378,0.00037550926208496094,0.8222577571868896,0.022216796875,380
10,48,Q,0.01,38,40,342,32,32,0,80.0,0.0,0.42805274840039614,0.8378378378378378,0.00037550926208496094,0.8222577571868896,0.022216796875,380
10,49,C,0.01,40,40,360,40,40,0,100.0,0.0,0.43288735318773935,0.85,0.0006353855133056641,1.2034626007080078,0.0191650390625,400
10,49,Q,0.01,40,40,360,34,34,0,85.0,0.0,0.43288735318773935,0.85,0.0006353855133056641,1.2034626007080078,0.0191650390625,400
10,50,C,0.01,40,40,360,40,40,0,100.0,0.0,0.435558659432132,0.875,0.0006365776062011719,1.1879689693450928,0.0225830078125,400
10,50,Q,0.01,40,40,360,35,35,0,87.5,0.0,0.435558659432132,0.875,0.0006365776062011719,1.1879689693450928,0.0225830078125,400
10,51,C,0.01,40,40,360,40,40,0,100.0,0.0,0.4510541896758641,0.925,0.0003902912139892578,1.1034150123596191,0.0213623046875,400
10,51,Q,0.01,40,40,360,37,37,0,92.5,0.0,0.4510541896758641,0.925,0.0003902912139892578,1.1034150123596191,0.0213623046875,400
10,52,C,0.01,40,40,360,40,40,0,100.0,0.0,0.44887627337995895,0.925,0.0006303787231445312,1.31679105758667,0.0257568359375,400
10,52,Q,0.01,40,40,360,37,37,0,92.5,0.0,0.44887627337995895,0.925,0.0006303787231445312,1.31679105758667,0.0257568359375,400
10,53,C,0.01,40,40,360,40,40,0,100.0,0.0,0.4403746254340368,0.875,0.0005688667297363281,1.196242332458496,0.0257568359375,400
10,53,Q,0.01,40,40,360,35,35,0,87.5,0.0,0.4403746254340368,0.875,0.0005688667297363281,1.196242332458496,0.0257568359375,400
10,54,C,0.01,36,40,325,32,32,0,80.0,0.0,0.42400479107437816,0.8823529411764706,0.0006837844848632812,1.1532084941864014,0.019287109375,361
10,54,Q,0.01,36,40,325,32,32,0,80.0,0.0,0.42400479107437816,0.8823529411764706,0.0006837844848632812,1.1532084941864014,0.019287109375,361
10,55,C,0.01,40,40,360,40,40,0,100.0,0.0,0.44205449863721313,0.9,0.0006110668182373047,1.213440179824829,0.0242919921875,400
10,55,Q,0.01,40,40,360,36,36,0,90.0,0.0,0.44205449863721313,0.9,0.0006110668182373047,1.213440179824829,0.0242919921875,400
10,56,C,0.01,38,40,342,36,36,0,90.0,0.0,0.4472847612714268,0.8421052631578947,0.00027561187744140625,0.7272841930389404,0.0224609375,380
10,56,Q,0.01,38,40,342,34,34,0,85.0,0.0,0.4472847612714268,0.8421052631578947,0.00027561187744140625,0.7272841930389404,0.0224609375,380
10,57,C,0.01,40,40,360,40,40,0,100.0,0.0,0.446474714281133,0.925,0.0003707408905029297,1.0663073062896729,0.0230712890625,400
10,57,Q,0.01,40,40,360,37,37,0,92.5,0.0,0.446474714281133,0.925,0.0003707408905029297,1.0663073062896729,0.0230712890625,400
10,58,C,0.01,40,40,360,40,40,0,100.0,0.0,0.44007239016023525,0.9,0.0006017684936523438,1.1860942840576172,0.0206298828125,400
10,58,Q,0.01,40,40,360,36,36,0,90.0,0.0,0.44007239016023525,0.9,0.0006017684936523438,1.1860942840576172,0.0206298828125,400
10,59,C,0.01,40,40,360,40,40,0,100.0,0.0,0.43861572356284745,0.85,0.0006628036499023438,1.251999855041504,0.0233154296875,400
10,59,Q,0.01,40,40,360,34,34,0,85.0,0.0,0.43861572356284745,0.85,0.0006628036499023438,1.251999855041504,0.0233154296875,400
15,0,C,0.01,58,60,812,56,56,0,93.33333333333333,0.0,0.370598601993515,0.8947368421052632,0.0011665821075439453,2.7691490650177,0.0167236328125,870
15,0,Q,0.01,58,60,812,52,52,0,86.66666666666667,0.0,0.370598601993515,0.8947368421052632,0.0011665821075439453,2.7691490650177,0.0167236328125,870
15,1,C,0.01,57,60,798,55,55,0,91.66666666666667,0.0,0.34469673790999494,0.7636363636363637,0.0011057853698730469,1.6317908763885498,0.015380859375,855
15,1,Q,0.01,57,60,798,42,42,0,70.0,0.0,0.34469673790999494,0.7636363636363637,0.0011057853698730469,1.6317908763885498,0.015380859375,855
15,2,C,0.01,59,60,826,59,59,0,98.33333333333333,0.0,0.3554253219288299,0.8135593220338984,0.0005791187286376953,1.708035945892334,0.0184326171875,885
15,2,Q,0.01,59,60,826,48,48,0,80.0,0.0,0.3554253219288299,0.8135593220338984,0.0005791187286376953,1.708035945892334,0.0184326171875,885
15,3,C,0.01,58,60,812,56,56,0,93.33333333333333,0.0,0.3435911453361477,0.7068965517241379,0.0009477138519287109,1.8483328819274902,0.01611328125,870
15,3,Q,0.01,58,60,812,43,43,0,71.66666666666667,0.0,0.3435911453361477,0.7068965517241379,0.0009477138519287109,1.8483328819274902,0.01611328125,870
15,4,C,0.01,59,60,826,59,59,0,98.33333333333333,0.0,0.3485517234192826,0.7796610169491526,0.0013325214385986328,2.0150599479675293,0.01416015625,885
15,4,Q,0.01,59,60,826,46,46,0,76.66666666666667,0.0,0.3485517234192826,0.7796610169491526,0.0013325214385986328,2.0150599479675293,0.01416015625,885
15,5,C,0.01,57,60,799,55,55,0,91.66666666666667,0.0,0.3565641145034384,0.7719298245614035,0.0006017684936523438,1.2650525569915771,0.0155029296875,856
15,5,Q,0.01,57,60,799,46,46,0,76.66666666666667,0.0,0.3565641145034384,0.7719298245614035,0.0006017684936523438,1.2650525569915771,0.0155029296875,856
15,6,C,0.01,58,60,812,56,56,0,93.33333333333333,0.0,0.346223963648161,0.7719298245614035,0.0008974075317382812,2.000382900238037,0.015380859375,870
15,6,Q,0.01,58,60,812,45,45,0,75.0,0.0,0.346223963648161,0.7719298245614035,0.0008974075317382812,2.000382900238037,0.015380859375,870
15,7,C,0.01,60,60,840,60,60,0,100.0,0.0,0.35273881326212647,0.7666666666666667,0.0009639263153076172,2.0650548934936523,0.0191650390625,900
15,7,Q,0.01,60,60,840,46,46,0,76.66666666666667,0.0,0.35273881326212647,0.7666666666666667,0.0009639263153076172,2.0650548934936523,0.0191650390625,900
15,8,C,0.01,60,60,840,60,60,0,100.0,0.0,0.36843288570206567,0.8666666666666667,0.0007581710815429688,1.792924165725708,0.020263671875,900
15,8,Q,0.01,60,60,840,52,52,0,86.66666666666667,0.0,0.36843288570206567,0.8666666666666667,0.0007581710815429688,1.792924165725708,0.020263671875,900
15,9,C,0.01,56,60,784,52,52,0,86.66666666666667,0.0,0.33524885928297427,0.6909090909090909,0.0011284351348876953,2.257689952850342,0.0146484375,840
15,9,Q,0.01,56,60,784,41,41,0,68.33333333333333,0.0,0.33524885928297427,0.6909090909090909,0.0011284351348876953,2.257689952850342,0.0146484375,840
15,10,C,0.01,60,60,840,60,60,0,100.0,0.0,0.36171899963562126,0.8333333333333334,0.0009272098541259766,1.7800915241241455,0.015625,900
15,10,Q,0.01,60,60,840,50,50,0,83.33333333333333,0.0,0.36171899963562126,0.8333333333333334,0.0009272098541259766,1.7800915241241455,0.015625,900
15,11,C,0.01,59,60,826,59,59,0,98.33333333333333,0.0,0.3598906331894156,0.8305084745762712,0.0009338855743408203,1.9088966846466064,0.01953125,885
15,11,Q,0.01,59,60,826,49,49,0,81.66666666666667,0.0,0.3598906331894156,0.8305084745762712,0.0009338855743408203,1.9088966846466064,0.01953125,885
15,12,C,0.01,60,60,840,60,60,0,100.0,0.0,0.34858085751421025,0.7666666666666667,0.0006654262542724609,1.6792540550231934,0.0166015625,900
15,12,Q,0.01,60,60,840,46,46,0,76.66666666666667,0.0,0.34858085751421025,0.7666666666666667,0.0006654262542724609,1.6792540550231934,0.0166015625,900
15,13,C,0.01,59,60,826,59,59,0,98.33333333333333,0.0,0.3494193327744647,0.7796610169491526,0.0009627342224121094,1.8673663139343262,0.015380859375,885
15,13,Q,0.01,59,60,826,46,46,0,76.66666666666667,0.0,0.3494193327744647,0.7796610169491526,0.0009627342224121094,1.8673663139343262,0.015380859375,885
15,14,C,0.01,59,60,826,59,59,0,98.33333333333333,0.0,0.35900322634762943,0.7833333333333333,0.0008790493011474609,2.035261392593384,0.0181884765625,885
15,14,Q,0.01,59,60,826,48,47,1,78.33333333333333,2.0833333333333335,0.35900322634762943,0.7833333333333333,0.0008790493011474609,2.035261392593384,0.0181884765625,885
15,15,C,0.01,60,60,840,60,60,0,100.0,0.0,0.32986024338656533,0.6833333333333333,0.0005385875701904297,1.3127000331878662,0.0185546875,900
15,15,Q,0.01,60,60,840,41,41,0,68.33333333333333,0.0,0.32986024338656533,0.6833333333333333,0.0005385875701904297,1.3127000331878662,0.0185546875,900
15,16,C,0.01,59,60,826,59,59,0,98.33333333333333,0.0,0.34348003626441403,0.7457627118644068,0.0009133815765380859,1.919269323348999,0.0152587890625,885
15,16,Q,0.01,59,60,826,44,44,0,73.33333333333333,0.0,0.34348003626441403,0.7457627118644068,0.0009133815765380859,1.919269323348999,0.0152587890625,885
15,17,C,0.01,58,60,812,56,56,0,93.33333333333333,0.0,0.3481067593256223,0.7586206896551724,0.0009019374847412109,1.7735984325408936,0.0164794921875,870
15,17,Q,0.01,58,60,812,46,46,0,76.66666666666667,0.0,0.3481067593256223,0.7586206896551724,0.0009019374847412109,1.7735984325408936,0.0164794921875,870
15,18,C,0.01,58,60,812,58,58,0,96.66666666666667,0.0,0.3463187038937905,0.7758620689655172,0.0011034011840820312,2.0261900424957275,0.0147705078125,870
15,18,Q,0.01,58,60,812,45,45,0,75.0,0.0,0.3463187038937905,0.7758620689655172,0.0011034011840820312,2.0261900424957275,0.0147705078125,870
15,19,C,0.01,58,60,812,56,56,0,93.33333333333333,0.0,0.33978120998384853,0.7192982456140351,0.0005025863647460938,1.5533573627471924,0.0150146484375,870
15,19,Q,0.01,58,60,812,42,42,0,70.0,0.0,0.33978120998384853,0.7192982456140351,0.0005025863647460938,1.5533573627471924,0.0150146484375,870
15,20,C,0.01,60,60,840,60,60,0,100.0,0.0,0.3536872181035575,0.7833333333333333,0.0008766651153564453,1.9794797897338867,0.017822265625,900
15,20,Q,0.01,60,60,840,47,47,0,78.33333333333333,0.0,0.3536872181035575,0.7833333333333333,0.0008766651153564453,1.9794797897338867,0.017822265625,900
15,21,C,0.01,60,60,840,60,60,0,100.0,0.0,0.3517608770798034,0.7833333333333333,0.001087188720703125,2.092022180557251,0.0167236328125,900
15,21,Q,0.01,60,60,840,47,47,0,78.33333333333333,0.0,0.3517608770798034,0.7833333333333333,0.001087188720703125,2.092022180557251,0.0167236328125,900
15,22,C,0.01,57,60,798,55,55,0,91.66666666666667,0.0,0.3391043504580833,0.7142857142857143,0.0005171298980712891,1.5899302959442139,0.014892578125,855
15,22,Q,0.01,57,60,798,41,41,0,68.33333333333333,0.0,0.3391043504580833,0.7142857142857143,0.0005171298980712891,1.5899302959442139,0.014892578125,855
15,23,C,0.01,60,60,840,60,60,0,100.0,0.0,0.35189562186208595,0.7666666666666667,0.0008103847503662109,1.9677724838256836,0.0166015625,900
15,23,Q,0.01,60,60,840,46,46,0,76.66666666666667,0.0,0.35189562186208595,0.7666666666666667,0.0008103847503662109,1.9677724838256836,0.0166015625,900
15,24,C,0.01,58,60,812,56,56,0,93.33333333333333,0.0,0.34589295123236785,0.7719298245614035,0.0009047985076904297,1.8234574794769287,0.015625,870
15,24,Q,0.01,58,60,812,45,45,0,75.0,0.0,0.34589295123236785,0.7719298245614035,0.0009047985076904297,1.8234574794769287,0.015625,870
15,25,C,0.01,60,60,840,60,60,0,100.0,0.0,0.3604861968042853,0.8333333333333334,0.0008566379547119141,1.9009301662445068,0.0189208984375,900
15,25,Q,0.01,60,60,840,50,50,0,83.33333333333333,0.0,0.3604861968042853,0.8333333333333334,0.0008566379547119141,1.9009301662445068,0.0189208984375,900
15,26,C,0.01,59,60,826,60,59,1,98.33333333333333,1.6666666666666667,0.3506282690601841,0.7166666666666667,0.0006353855133056641,1.394850254058838,0.015625,885
15,26,Q,0.01,59,60,826,43,42,1,70.0,2.3255813953488373,0.3506282690601841,0.7166666666666667,0.0006353855133056641,1.394850254058838,0.015625,885
15,27,C,0.01,60,60,840,60,60,0,100.0,0.0,0.35458685997012823,0.7833333333333333,0.0008869171142578125,1.988293170928955,0.0152587890625,900
15,27,Q,0.01,60,60,840,47,47,0,78.33333333333333,0.0,0.35458685997012823,0.7833333333333333,0.0008869171142578125,1.988293170928955,0.0152587890625,900
15,28,C,0.01,60,60,840,60,60,0,100.0,0.0,0.3485290574248788,0.7833333333333333,0.0008034706115722656,1.5732238292694092,0.0172119140625,900
15,28,Q,0.01,60,60,840,47,47,0,78.33333333333333,0.0,0.3485290574248788,0.7833333333333333,0.0008034706115722656,1.5732238292694092,0.0172119140625,900
15,29,C,0.01,59,60,826,59,59,0,98.33333333333333,0.0,0.3617321535614266,0.847457627118644,0.0007755756378173828,1.473902702331543,0.0159912109375,885
15,29,Q,0.01,59,60,826,50,50,0,83.33333333333333,0.0,0.3617321535614266,0.847457627118644,0.0007755756378173828,1.473902702331543,0.0159912109375,885
15,30,C,0.01,60,60,840,60,60,0,100.0,0.0,0.35546672673952523,0.7833333333333333,0.001119852066040039,2.0804736614227295,0.018798828125,900
15,30,Q,0.01,60,60,840,47,47,0,78.33333333333333,0.0,0.35546672673952523,0.7833333333333333,0.001119852066040039,2.0804736614227295,0.018798828125,900
15,31,C,0.01,60,60,840,60,60,0,100.0,0.0,0.3467118236882467,0.75,0.00091552734375,1.8889751434326172,0.0174560546875,900
15,31,Q,0.01,60,60,840,45,45,0,75.0,0.0,0.3467118236882467,0.75,0.00091552734375,1.8889751434326172,0.0174560546875,900
15,32,C,0.01,59,60,826,59,59,0,98.33333333333333,0.0,0.3589360164480835,0.8135593220338984,0.0011870861053466797,2.15425968170166,0.0185546875,885
15,32,Q,0.01,59,60,826,48,48,0,80.0,0.0,0.3589360164480835,0.8135593220338984,0.0011870861053466797,2.15425968170166,0.0185546875,885
15,33,C,0.01,59,60,826,59,59,0,98.33333333333333,0.0,0.35614542672969307,0.8135593220338984,0.0006182193756103516,1.7088210582733154,0.0157470703125,885
15,33,Q,0.01,59,60,826,48,48,0,80.0,0.0,0.35614542672969307,0.8135593220338984,0.0006182193756103516,1.7088210582733154,0.0157470703125,885
15,34,C,0.01,58,60,812,56,56,0,93.33333333333333,0.0,0.339025291491105,0.75,0.0008170604705810547,1.954070806503296,0.0164794921875,870
15,34,Q,0.01,58,60,812,42,42,0,70.0,0.0,0.339025291491105,0.75,0.0008170604705810547,1.954070806503296,0.0164794921875,870
15,35,C,0.01,60,60,840,62,60,2,100.0,3.225806451612903,0.3692925976830472,0.8387096774193549,0.0010902881622314453,1.8546142578125,0.017333984375,900
15,35,Q,0.01,60,60,840,52,50,2,83.33333333333333,3.8461538461538463,0.3692925976830472,0.8387096774193549,0.0010902881622314453,1.8546142578125,0.017333984375,900
15,36,C,0.01,60,60,840,60,60,0,100.0,0.0,0.35541965549743293,0.7833333333333333,0.0006992816925048828,1.748520851135254,0.0167236328125,900
15,36,Q,0.01,60,60,840,47,47,0,78.33333333333333,0.0,0.35541965549743293,0.7833333333333333,0.0006992816925048828,1.748520851135254,0.0167236328125,900
15,37,C,0.01,60,60,840,60,60,0,100.0,0.0,0.35250343319926347,0.7833333333333333,0.0009016990661621094,2.726306915283203,0.01513671875,900
15,37,Q,0.01,60,60,840,47,47,0,78.33333333333333,0.0,0.35250343319926347,0.7833333333333333,0.0009016990661621094,2.726306915283203,0.01513671875,900
15,38,C,0.01,60,60,840,60,60,0,100.0,0.0,0.35533228214882107,0.8,0.0009629726409912109,2.1572744846343994,0.0179443359375,900
15,38,Q,0.01,60,60,840,48,48,0,80.0,0.0,0.35533228214882107,0.8,0.0009629726409912109,2.1572744846343994,0.0179443359375,900
15,39,C,0.01,60,60,840,60,60,0,100.0,0.0,0.35363584768022166,0.8,0.0010883808135986328,2.123324394226074,0.017578125,900
15,39,Q,0.01,60,60,840,48,48,0,80.0,0.0,0.35363584768022166,0.8,0.0010883808135986328,2.123324394226074,0.017578125,900
15,40,C,0.01,60,60,840,60,60,0,100.0,0.0,0.34324566963759273,0.75,0.0006182193756103516,1.5545010566711426,0.0159912109375,900
15,40,Q,0.01,60,60,840,45,45,0,75.0,0.0,0.34324566963759273,0.75,0.0006182193756103516,1.5545010566711426,0.0159912109375,900
15,41,C,0.01,60,60,840,60,60,0,100.0,0.0,0.36140772389624426,0.8333333333333334,0.0007767677307128906,1.8139793872833252,0.015869140625,900
15,41,Q,0.01,60,60,840,50,50,0,83.33333333333333,0.0,0.36140772389624426,0.8333333333333334,0.0007767677307128906,1.8139793872833252,0.015869140625,900
15,42,C,0.01,60,60,840,60,60,0,100.0,0.0,0.34663268299575173,0.75,0.001096487045288086,2.135565996170044,0.016357421875,900
15,42,Q,0.01,60,60,840,45,45,0,75.0,0.0,0.34663268299575173,0.75,0.001096487045288086,2.135565996170044,0.016357421875,900
15,43,C,0.01,59,60,826,59,59,0,98.33333333333333,0.0,0.35927776117268456,0.8305084745762712,0.001132965087890625,2.0321414470672607,0.0162353515625,885
15,43,Q,0.01,59,60,826,49,49,0,81.66666666666667,0.0,0.35927776117268456,0.8305084745762712,0.001132965087890625,2.0321414470672607,0.0162353515625,885
15,44,C,0.01,60,60,840,60,60,0,100.0,0.0,0.3596081291367545,0.8166666666666667,0.0005848407745361328,1.5956027507781982,0.01708984375,900
15,44,Q,0.01,60,60,840,49,49,0,81.66666666666667,0.0,0.3596081291367545,0.8166666666666667,0.0005848407745361328,1.5956027507781982,0.01708984375,900
15,45,C,0.01,58,60,812,56,56,0,93.33333333333333,0.0,0.33086451306695897,0.7142857142857143,0.0009493827819824219,1.9866993427276611,0.01513671875,870
15,45,Q,0.01,58,60,812,40,40,0,66.66666666666667,0.0,0.33086451306695897,0.7142857142857143,0.0009493827819824219,1.9866993427276611,0.01513671875,870
15,46,C,0.01,58,60,812,56,56,0,93.33333333333333,0.0,0.3411503812382064,0.7368421052631579,0.0008699893951416016,2.410440444946289,0.016845703125,870
15,46,Q,0.01,58,60,812,43,43,0,71.66666666666667,0.0,0.3411503812382064,0.7368421052631579,0.0008699893951416016,2.410440444946289,0.016845703125,870
15,47,C,0.01,58,60,812,56,56,0,93.33333333333333,0.0,0.3499805777888261,0.8392857142857143,0.0005548000335693359,1.5628316402435303,0.0155029296875,870
15,47,Q,0.01,58,60,812,47,47,0,78.33333333333333,0.0,0.3499805777888261,0.8392857142857143,0.0005548000335693359,1.5628316402435303,0.0155029296875,870
15,48,C,0.01,58,60,812,56,56,0,93.33333333333333,0.0,0.34929883183440674,0.8035714285714286,0.001039266586303711,1.2062416076660156,0.0167236328125,870
15,48,Q,0.01,58,60,812,45,45,0,75.0,0.0,0.34929883183440674,0.8035714285714286,0.001039266586303711,1.2062416076660156,0.0167236328125,870
15,49,C,0.01,60,60,840,60,60,0,100.0,0.0,0.34591548886866147,0.75,0.0034766197204589844,2.0248923301696777,0.0186767578125,900
15,49,Q,0.01,60,60,840,45,45,0,75.0,0.0,0.34591548886866147,0.75,0.0034766197204589844,2.0248923301696777,0.0186767578125,900
15,50,C,0.01,58,60,812,56,56,0,93.33333333333333,0.0,0.35770634063164947,0.7931034482758621,0.0006694793701171875,1.4274752140045166,0.015869140625,870
15,50,Q,0.01,58,60,812,48,48,0,80.0,0.0,0.35770634063164947,0.7931034482758621,0.0006694793701171875,1.4274752140045166,0.015869140625,870
15,51,C,0.01,59,60,826,59,59,0,98.33333333333333,0.0,0.351298708152016,0.7796610169491526,0.0009050369262695312,1.5285744667053223,0.0185546875,885
15,51,Q,0.01,59,60,826,46,46,0,76.66666666666667,0.0,0.351298708152016,0.7796610169491526,0.0009050369262695312,1.5285744667053223,0.0185546875,885
15,52,C,0.01,59,60,826,59,59,0,98.33333333333333,0.0,0.3572626569766704,0.8135593220338984,0.0009276866912841797,1.952915906906128,0.0164794921875,885
15,52,Q,0.01,59,60,826,48,48,0,80.0,0.0,0.3572626569766704,0.8135593220338984,0.0009276866912841797,1.952915906906128,0.0164794921875,885
15,53,C,0.01,59,60,826,59,59,0,98.33333333333333,0.0,0.3434222700487647,0.7457627118644068,0.0009469985961914062,2.0932745933532715,0.0150146484375,885
15,53,Q,0.01,59,60,826,44,44,0,73.33333333333333,0.0,0.3434222700487647,0.7457627118644068,0.0009469985961914062,2.0932745933532715,0.0150146484375,885
15,54,C,0.01,57,60,799,55,55,0,91.66666666666667,0.0,0.34475925898501547,0.7368421052631579,0.0006160736083984375,1.5645108222961426,0.0172119140625,856
15,54,Q,0.01,57,60,799,44,44,0,73.33333333333333,0.0,0.34475925898501547,0.7368421052631579,0.0006160736083984375,1.5645108222961426,0.0172119140625,856
15,55,C,0.01,59,60,826,59,59,0,98.33333333333333,0.0,0.3480127648016149,0.7796610169491526,0.0008742809295654297,1.9593088626861572,0.01513671875,885
15,55,Q,0.01,59,60,826,46,46,0,76.66666666666667,0.0,0.3480127648016149,0.7796610169491526,0.0008742809295654297,1.9593088626861572,0.01513671875,885
15,56,C,0.01,56,60,771,52,52,0,86.66666666666667,0.0,0.33450186728904596,0.7692307692307693,0.000911712646484375,1.9122233390808105,0.013671875,827
15,56,Q,0.01,56,60,771,40,40,0,66.66666666666667,0.0,0.33450186728904596,0.7692307692307693,0.000911712646484375,1.9122233390808105,0.013671875,827
15,57,C,0.01,58,60,812,56,56,0,93.33333333333333,0.0,0.3517899558506713,0.7857142857142857,0.0006659030914306641,1.3620774745941162,0.0152587890625,870
15,57,Q,0.01,58,60,812,44,44,0,73.33333333333333,0.0,0.3517899558506713,0.7857142857142857,0.0006659030914306641,1.3620774745941162,0.0152587890625,870
15,58,C,0.01,56,60,785,52,52,0,86.66666666666667,0.0,0.3456139024954602,0.7592592592592593,0.0005538463592529297,1.1704456806182861,0.01611328125,841
15,58,Q,0.01,56,60,785,43,43,0,71.66666666666667,0.0,0.3456139024954602,0.7592592592592593,0.0005538463592529297,1.1704456806182861,0.01611328125,841
15,59,C,0.01,60,60,840,60,60,0,100.0,0.0,0.3550257867806892,0.8,0.0008711814880371094,1.8679256439208984,0.0162353515625,900
15,59,Q,0.01,60,60,840,48,48,0,80.0,0.0,0.3550257867806892,0.8,0.0008711814880371094,1.8679256439208984,0.0162353515625,900
20,0,C,0.01,80,80,1520,80,80,0,100.0,0.0,0.28375278342955607,0.625,0.0010151863098144531,2.155979633331299,0.0108642578125,1600
20,0,Q,0.01,80,80,1520,50,50,0,62.5,0.0,0.28375278342955607,0.625,0.0010151863098144531,2.155979633331299,0.0108642578125,1600
20,1,C,0.01,76,80,1445,75,72,3,90.0,4.0,0.2955437950789794,0.6710526315789473,0.0005764961242675781,2.4196438789367676,0.0125732421875,1521
20,1,Q,0.01,76,80,1445,52,50,2,62.5,3.8461538461538463,0.2955437950789794,0.6710526315789473,0.0005764961242675781,2.4196438789367676,0.0125732421875,1521
20,2,C,0.01,77,80,1464,75,75,0,93.75,0.0,0.26802452750238853,0.5657894736842105,0.007044076919555664,2.8775246143341064,0.0111083984375,1541
20,2,Q,0.01,77,80,1464,44,44,0,55.0,0.0,0.26802452750238853,0.5657894736842105,0.007044076919555664,2.8775246143341064,0.0111083984375,1541
20,3,C,0.01,80,80,1520,80,80,0,100.0,0.0,0.2827220801810513,0.6375,0.0014984607696533203,1.7037479877471924,0.0115966796875,1600
20,3,Q,0.01,80,80,1520,51,51,0,63.75,0.0,0.2827220801810513,0.6375,0.0014984607696533203,1.7037479877471924,0.0115966796875,1600
20,4,C,0.01,75,80,1427,71,71,0,88.75,0.0,0.2728893741035996,0.6338028169014085,0.0011725425720214844,2.615963935852051,0.009033203125,1502
20,4,Q,0.01,75,80,1427,45,45,0,56.25,0.0,0.2728893741035996,0.6338028169014085,0.0011725425720214844,2.615963935852051,0.009033203125,1502
20,5,C,0.01,71,80,1353,64,64,0,80.0,0.0,0.2747908241497414,0.671875,0.0012979507446289062,2.2520809173583984,0.00927734375,1424
20,5,Q,0.01,71,80,1353,43,43,0,53.75,0.0,0.2747908241497414,0.671875,0.0012979507446289062,2.2520809173583984,0.00927734375,1424
20,6,C,0.01,78,80,1482,76,76,0,95.0,0.0,0.27031213548299127,0.6052631578947368,0.0005743503570556641,2.166142702102661,0.0111083984375,1560
20,6,Q,0.01,78,80,1482,46,46,0,57.5,0.0,0.27031213548299127,0.6052631578947368,0.0005743503570556641,2.166142702102661,0.0111083984375,1560
20,7,C,0.01,79,80,1501,79,79,0,98.75,0.0,0.27584773321430095,0.5875,0.0009191036224365234,2.535468339920044,0.011474609375,1580
20,7,Q,0.01,79,80,1501,48,47,1,58.75,2.0833333333333335,0.27584773321430095,0.5875,0.0009191036224365234,2.535468339920044,0.011474609375,1580
20,8,C,0.01,80,80,1520,80,80,0,100.0,0.0,0.27502266451767976,0.6125,0.0013804435729980469,2.3974690437316895,0.010009765625,1600
20,8,Q,0.01,80,80,1520,49,49,0,61.25,0.0,0.27502266451767976,0.6125,0.0013804435729980469,2.3974690437316895,0.010009765625,1600
20,9,C,0.01,78,80,1482,76,76,0,95.0,0.0,0.2783329592677106,0.6447368421052632,0.0006744861602783203,2.4098479747772217,0.01123046875,1560
20,9,Q,0.01,78,80,1482,49,49,0,61.25,0.0,0.2783329592677106,0.6447368421052632,0.0006744861602783203,2.4098479747772217,0.01123046875,1560
20,10,C,0.01,79,80,1501,79,79,0,98.75,0.0,0.26863730918047196,0.569620253164557,0.0012302398681640625,2.462850570678711,0.0098876953125,1580
20,10,Q,0.01,79,80,1501,45,45,0,56.25,0.0,0.26863730918047196,0.569620253164557,0.0012302398681640625,2.462850570678711,0.0098876953125,1580
20,11,C,0.01,78,80,1482,76,76,0,95.0,0.0,0.2637837661291072,0.5526315789473685,0.0014066696166992188,2.6209402084350586,0.0106201171875,1560
20,11,Q,0.01,78,80,1482,42,42,0,52.5,0.0,0.2637837661291072,0.5526315789473685,0.0014066696166992188,2.6209402084350586,0.0106201171875,1560
20,12,C,0.01,79,80,1501,79,79,0,98.75,0.0,0.2624563925698258,0.569620253164557,0.001828908920288086,2.7023966312408447,0.0118408203125,1580
20,12,Q,0.01,79,80,1501,45,45,0,56.25,0.0,0.2624563925698258,0.569620253164557,0.001828908920288086,2.7023966312408447,0.0118408203125,1580
20,13,C,0.01,80,80,1520,80,80,0,100.0,0.0,0.27279910154999004,0.5625,0.0006952285766601562,2.3337278366088867,0.0113525390625,1600
20,13,Q,0.01,80,80,1520,45,45,0,56.25,0.0,0.27279910154999004,0.5625,0.0006952285766601562,2.3337278366088867,0.0113525390625,1600
20,14,C,0.01,80,80,1520,80,80,0,100.0,0.0,0.2746111332720645,0.5875,0.001348733901977539,2.83543062210083,0.0101318359375,1600
20,14,Q,0.01,80,80,1520,47,47,0,58.75,0.0,0.2746111332720645,0.5875,0.001348733901977539,2.83543062210083,0.0101318359375,1600
20,15,C,0.01,74,80,1406,70,70,0,87.5,0.0,0.28076228397276576,0.6619718309859155,0.0011560916900634766,2.1731958389282227,0.011962890625,1480
20,15,Q,0.01,74,80,1406,48,47,1,58.75,2.0833333333333335,0.28076228397276576,0.6619718309859155,0.0011560916900634766,2.1731958389282227,0.011962890625,1480
20,16,C,0.01,74,80,1406,68,68,0,85.0,0.0,0.269797816197227,0.5555555555555556,0.0011458396911621094,1.861217975616455,0.0106201171875,1480
20,16,Q,0.01,74,80,1406,44,44,0,55.0,0.0,0.269797816197227,0.5555555555555556,0.0011458396911621094,1.861217975616455,0.0106201171875,1480
20,17,C,0.01,80,80,1520,80,80,0,100.0,0.0,0.278338790206744,0.625,0.001451730728149414,2.4793941974639893,0.0113525390625,1600
20,17,Q,0.01,80,80,1520,50,50,0,62.5,0.0,0.278338790206744,0.625,0.001451730728149414,2.4793941974639893,0.0113525390625,1600
20,18,C,0.01,78,80,1482,76,76,0,95.0,0.0,0.25808316855402125,0.5,0.0008826255798339844,2.043321132659912,0.00927734375,1560
20,18,Q,0.01,78,80,1482,38,38,0,47.5,0.0,0.25808316855402125,0.5,0.0008826255798339844,2.043321132659912,0.00927734375,1560
20,19,C,0.01,78,80,1482,76,76,0,95.0,0.0,0.29125365658264923,0.6666666666666666,0.0015869140625,2.472400188446045,0.011474609375,1560
20,19,Q,0.01,78,80,1482,54,54,0,67.5,0.0,0.29125365658264923,0.6666666666666666,0.0015869140625,2.472400188446045,0.011474609375,1560
20,20,C,0.01,80,80,1520,80,80,0,100.0,0.0,0.28076605672329114,0.625,0.00078582763671875,2.4157795906066895,0.0106201171875,1600
20,20,Q,0.01,80,80,1520,50,50,0,62.5,0.0,0.28076605672329114,0.625,0.00078582763671875,2.4157795906066895,0.0106201171875,1600
20,21,C,0.01,77,80,1464,75,75,0,93.75,0.0,0.2767334386507728,0.618421052631579,0.0014276504516601562,2.6434741020202637,0.0108642578125,1541
20,21,Q,0.01,77,80,1464,48,48,0,60.0,0.0,0.2767334386507728,0.618421052631579,0.0014276504516601562,2.6434741020202637,0.0108642578125,1541
20,22,C,0.01,78,80,1482,78,78,0,97.5,0.0,0.27570494091221504,0.6025641025641025,0.0010573863983154297,3.031780958175659,0.0106201171875,1560
20,22,Q,0.01,78,80,1482,47,47,0,58.75,0.0,0.27570494091221504,0.6025641025641025,0.0010573863983154297,3.031780958175659,0.0106201171875,1560
20,23,C,0.01,78,80,1482,76,76,0,95.0,0.0,0.25629232976115235,0.5394736842105263,0.001184225082397461,2.167142629623413,0.0086669921875,1560
20,23,Q,0.01,78,80,1482,41,41,0,51.25,0.0,0.25629232976115235,0.5394736842105263,0.001184225082397461,2.167142629623413,0.0086669921875,1560
20,24,C,0.01,79,80,1501,79,79,0,98.75,0.0,0.2763353877920654,0.6075949367088608,0.0006058216094970703,2.4883971214294434,0.011962890625,1580
20,24,Q,0.01,79,80,1501,48,48,0,60.0,0.0,0.2763353877920654,0.6075949367088608,0.0006058216094970703,2.4883971214294434,0.011962890625,1580
20,25,C,0.01,76,80,1444,72,72,0,90.0,0.0,0.27293368983949184,0.6111111111111112,0.0012753009796142578,2.4505927562713623,0.0103759765625,1520
20,25,Q,0.01,76,80,1444,44,44,0,55.0,0.0,0.27293368983949184,0.6111111111111112,0.0012753009796142578,2.4505927562713623,0.0103759765625,1520
20,26,C,0.01,79,80,1501,79,79,0,98.75,0.0,0.2723728471808363,0.5822784810126582,0.0010223388671875,2.4643027782440186,0.010986328125,1580
20,26,Q,0.01,79,80,1501,46,46,0,57.5,0.0,0.2723728471808363,0.5822784810126582,0.0010223388671875,2.4643027782440186,0.010986328125,1580
20,27,C,0.01,78,80,1482,76,76,0,95.0,0.0,0.27740826452925,0.6363636363636364,0.0006337165832519531,1.86865234375,0.01123046875,1560
20,27,Q,0.01,78,80,1482,50,50,0,62.5,0.0,0.27740826452925,0.6363636363636364,0.0006337165832519531,1.86865234375,0.01123046875,1560
20,28,C,0.01,77,80,1464,75,75,0,93.75,0.0,0.2853723811363581,0.6493506493506493,0.0011301040649414062,2.0696980953216553,0.01220703125,1541
20,28,Q,0.01,77,80,1464,52,52,0,65.0,0.0,0.2853723811363581,0.6493506493506493,0.0011301040649414062,2.0696980953216553,0.01220703125,1541
20,29,C,0.01,76,80,1444,72,72,0,90.0,0.0,0.28077217955538614,0.5921052631578947,0.0012664794921875,2.1765129566192627,0.012451171875,1520
20,29,Q,0.01,76,80,1444,49,48,1,60.0,2.0408163265306123,0.28077217955538614,0.5921052631578947,0.0012664794921875,2.1765129566192627,0.012451171875,1520
20,30,C,0.01,79,80,1501,79,79,0,98.75,0.0,0.2718638714816042,0.569620253164557,0.001605987548828125,2.625819683074951,0.011474609375,1580
20,30,Q,0.01,79,80,1501,45,45,0,56.25,0.0,0.2718638714816042,0.569620253164557,0.001605987548828125,2.625819683074951,0.011474609375,1580
20,31,C,0.01,79,80,1501,79,79,0,98.75,0.0,0.2546158175159118,0.5189873417721519,0.0013823509216308594,2.640216588973999,0.0103759765625,1580
20,31,Q,0.01,79,80,1501,41,41,0,51.25,0.0,0.2546158175159118,0.5189873417721519,0.0013823509216308594,2.640216588973999,0.0103759765625,1580
20,32,C,0.01,80,80,1520,80,80,0,100.0,0.0,0.27493164803007275,0.5875,0.0006914138793945312,2.4805638790130615,0.0115966796875,1600
20,32,Q,0.01,80,80,1520,47,47,0,58.75,0.0,0.27493164803007275,0.5875,0.0006914138793945312,2.4805638790130615,0.0115966796875,1600
20,33,C,0.01,77,80,1463,77,77,0,96.25,0.0,0.26306704685825333,0.5324675324675324,0.0011568069458007812,2.305535078048706,0.0103759765625,1540
20,33,Q,0.01,77,80,1463,41,41,0,51.25,0.0,0.26306704685825333,0.5324675324675324,0.0011568069458007812,2.305535078048706,0.0103759765625,1540
20,34,C,0.01,76,80,1445,74,72,2,90.0,2.7027027027027026,0.27509647837616197,0.6,0.00070953369140625,2.2362358570098877,0.010498046875,1521
20,34,Q,0.01,76,80,1445,46,45,1,56.25,2.1739130434782608,0.27509647837616197,0.6,0.00070953369140625,2.2362358570098877,0.010498046875,1521
20,35,C,0.01,78,80,1482,76,76,0,95.0,0.0,0.2796491688320394,0.631578947368421,0.0010111331939697266,2.2665579319000244,0.0107421875,1560
20,35,Q,0.01,78,80,1482,48,48,0,60.0,0.0,0.2796491688320394,0.631578947368421,0.0010111331939697266,2.2665579319000244,0.0107421875,1560
20,36,C,0.01,80,80,1520,80,80,0,100.0,0.0,0.265374190657218,0.5625,0.001550912857055664,2.3532190322875977,0.0096435546875,1600
20,36,Q,0.01,80,80,1520,45,45,0,56.25,0.0,0.265374190657218,0.5625,0.001550912857055664,2.3532190322875977,0.0096435546875,1600
20,37,C,0.01,75,80,1426,71,71,0,88.75,0.0,0.2819986698736176,0.6351351351351351,0.00127410888671875,2.262275457382202,0.0115966796875,1501
20,37,Q,0.01,75,80,1426,50,50,0,62.5,0.0,0.2819986698736176,0.6351351351351351,0.00127410888671875,2.262275457382202,0.0115966796875,1501
20,38,C,0.01,78,80,1482,76,76,0,95.0,0.0,0.28229043989130875,0.6233766233766234,0.0005223751068115234,2.3716206550598145,0.0106201171875,1560
20,38,Q,0.01,78,80,1482,49,49,0,61.25,0.0,0.28229043989130875,0.6233766233766234,0.0005223751068115234,2.3716206550598145,0.0106201171875,1560
20,39,C,0.01,80,80,1520,80,80,0,100.0,0.0,0.27407725051278553,0.5875,0.0011096000671386719,2.4447343349456787,0.0111083984375,1600
20,39,Q,0.01,80,80,1520,47,47,0,58.75,0.0,0.27407725051278553,0.5875,0.0011096000671386719,2.4447343349456787,0.0111083984375,1600
20,40,C,0.01,78,80,1482,78,78,0,97.5,0.0,0.2917084399069127,0.6794871794871795,0.0016818046569824219,2.723292112350464,0.0115966796875,1560
20,40,Q,0.01,78,80,1482,53,53,0,66.25,0.0,0.2917084399069127,0.6794871794871795,0.0016818046569824219,2.723292112350464,0.0115966796875,1560
20,41,C,0.01,80,80,1520,80,80,0,100.0,0.0,0.27856528272256464,0.6125,0.001117706298828125,2.5893590450286865,0.0103759765625,1600
20,41,Q,0.01,80,80,1520,49,49,0,61.25,0.0,0.27856528272256464,0.6125,0.001117706298828125,2.5893590450286865,0.0103759765625,1600
20,42,C,0.01,78,80,1482,76,76,0,95.0,0.0,0.27211529017609365,0.5974025974025974,0.0011682510375976562,2.6963918209075928,0.0106201171875,1560
20,42,Q,0.01,78,80,1482,47,47,0,58.75,0.0,0.27211529017609365,0.5974025974025974,0.0011682510375976562,2.6963918209075928,0.0106201171875,1560
20,43,C,0.01,79,80,1501,79,79,0,98.75,0.0,0.26828882986914226,0.5949367088607594,0.0005776882171630859,2.366565465927124,0.01025390625,1580
20,43,Q,0.01,79,80,1501,47,47,0,58.75,0.0,0.26828882986914226,0.5949367088607594,0.0005776882171630859,2.366565465927124,0.01025390625,1580
20,44,C,0.01,78,80,1482,76,76,0,95.0,0.0,0.28754160142721047,0.6753246753246753,0.0010704994201660156,2.1512181758880615,0.010009765625,1560
20,44,Q,0.01,78,80,1482,53,53,0,66.25,0.0,0.28754160142721047,0.6753246753246753,0.0010704994201660156,2.1512181758880615,0.010009765625,1560
20,45,C,0.01,74,80,1408,68,68,0,85.0,0.0,0.2682357363314951,0.5857142857142857,0.001241445541381836,1.8231921195983887,0.0093994140625,1482
20,45,Q,0.01,74,80,1408,43,43,0,53.75,0.0,0.2682357363314951,0.5857142857142857,0.001241445541381836,1.8231921195983887,0.0093994140625,1482
20,46,C,0.01,76,80,1445,72,72,0,90.0,0.0,0.2600811593546747,0.547945205479452,0.0005452632904052734,2.290879726409912,0.009521484375,1521
20,46,Q,0.01,76,80,1445,41,41,0,51.25,0.0,0.2600811593546747,0.547945205479452,0.0005452632904052734,2.290879726409912,0.009521484375,1521
20,47,C,0.01,78,80,1482,76,76,0,95.0,0.0,0.2594801207648717,0.5394736842105263,0.0012278556823730469,2.2865283489227295,0.010498046875,1560
20,47,Q,0.01,78,80,1482,41,41,0,51.25,0.0,0.2594801207648717,0.5394736842105263,0.0012278556823730469,2.2865283489227295,0.010498046875,1560
20,48,C,0.01,78,80,1482,76,76,0,95.0,0.0,0.2859180579058366,0.6710526315789473,0.0011210441589355469,2.027200698852539,0.01171875,1560
20,48,Q,0.01,78,80,1482,51,51,0,63.75,0.0,0.2859180579058366,0.6710526315789473,0.0011210441589355469,2.027200698852539,0.01171875,1560
20,49,C,0.01,73,80,1390,67,67,0,83.75,0.0,0.2531974059583462,0.5294117647058824,0.001081228256225586,2.5651724338531494,0.0087890625,1463
20,49,Q,0.01,73,80,1390,37,37,0,46.25,0.0,0.2531974059583462,0.5294117647058824,0.001081228256225586,2.5651724338531494,0.0087890625,1463
20,50,C,0.01,80,80,1520,80,80,0,100.0,0.0,0.27895537575040014,0.6375,0.001312255859375,2.322113513946533,0.012939453125,1600
20,50,Q,0.01,80,80,1520,51,51,0,63.75,0.0,0.27895537575040014,0.6375,0.001312255859375,2.322113513946533,0.012939453125,1600
20,51,C,0.01,79,80,1501,79,79,0,98.75,0.0,0.24795957032346339,0.4875,0.0006659030914306641,2.4114959239959717,0.0084228515625,1580
20,51,Q,0.01,79,80,1501,40,39,1,48.75,2.5,0.24795957032346339,0.4875,0.0006659030914306641,2.4114959239959717,0.0084228515625,1580
20,52,C,0.01,80,80,1520,80,80,0,100.0,0.0,0.28359903862141145,0.65,0.0012216567993164062,2.364018440246582,0.0126953125,1600
20,52,Q,0.01,80,80,1520,52,52,0,65.0,0.0,0.28359903862141145,0.65,0.0012216567993164062,2.364018440246582,0.0126953125,1600
20,53,C,0.01,80,80,1520,80,80,0,100.0,0.0,0.2811808317822613,0.6375,0.0013279914855957031,2.323315143585205,0.0120849609375,1600
20,53,Q,0.01,80,80,1520,51,51,0,63.75,0.0,0.2811808317822613,0.6375,0.0013279914855957031,2.323315143585205,0.0120849609375,1600
20,54,C,0.01,77,80,1463,75,75,0,93.75,0.0,0.262506793987921,0.5466666666666666,0.0010766983032226562,2.35381817817688,0.010986328125,1540
20,54,Q,0.01,77,80,1463,41,41,0,51.25,0.0,0.262506793987921,0.5466666666666666,0.0010766983032226562,2.35381817817688,0.010986328125,1540
20,55,C,0.01,79,80,1501,79,79,0,98.75,0.0,0.2881124796395467,0.6708860759493671,0.0006225109100341797,2.2151641845703125,0.0113525390625,1580
20,55,Q,0.01,79,80,1501,53,53,0,66.25,0.0,0.2881124796395467,0.6708860759493671,0.0006225109100341797,2.2151641845703125,0.0113525390625,1580
20,56,C,0.01,80,80,1520,80,80,0,100.0,0.0,0.29013336550503616,0.6625,0.0009329319000244141,1.7696008682250977,0.012451171875,1600
20,56,Q,0.01,80,80,1520,53,53,0,66.25,0.0,0.29013336550503616,0.6625,0.0009329319000244141,1.7696008682250977,0.012451171875,1600
20,57,C,0.01,80,80,1520,80,80,0,100.0,0.0,0.26868473558045536,0.575,0.0010638236999511719,2.7045066356658936,0.013916015625,1600
20,57,Q,0.01,80,80,1520,46,46,0,57.5,0.0,0.26868473558045536,0.575,0.0010638236999511719,2.7045066356658936,0.013916015625,1600
20,58,C,0.01,79,80,1501,79,79,0,98.75,0.0,0.28859024098242414,0.6582278481012658,0.0013408660888671875,2.8551390171051025,0.012451171875,1580
20,58,Q,0.01,79,80,1501,52,52,0,65.0,0.0,0.28859024098242414,0.6582278481012658,0.0013408660888671875,2.8551390171051025,0.012451171875,1580
20,59,C,0.01,79,80,1501,79,79,0,98.75,0.0,0.27263480223744185,0.5822784810126582,0.0005986690521240234,2.5054104328155518,0.0118408203125,1580
20,59,Q,0.01,79,80,1501,46,46,0,57.5,0.0,0.27263480223744185,0.5822784810126582,0.0005986690521240234,2.5054104328155518,0.0118408203125,1580
30,0,C,0.01,114,120,3308,108,108,0,90.0,0.0,0.20004958155285002,0.48623853211009177,0.002040863037109375,3.671581983566284,0.0091552734375,3422
30,0,Q,0.01,114,120,3308,54,54,0,45.0,0.0,0.20004958155285002,0.48623853211009177,0.002040863037109375,3.671581983566284,0.0091552734375,3422
30,1,C,0.01,120,120,3480,120,120,0,100.0,0.0,0.18482436482208095,0.36666666666666664,0.002264738082885742,5.408047914505005,0.00732421875,3600
30,1,Q,0.01,120,120,3480,44,44,0,36.666666666666664,0.0,0.18482436482208095,0.36666666666666664,0.002264738082885742,5.408047914505005,0.00732421875,3600
30,2,C,0.01,118,120,3422,116,116,0,96.66666666666667,0.0,0.17121182217268774,0.3275862068965517,0.002207517623901367,4.036967515945435,0.0069580078125,3540
30,2,Q,0.01,118,120,3422,38,38,0,31.666666666666668,0.0,0.17121182217268774,0.3275862068965517,0.002207517623901367,4.036967515945435,0.0069580078125,3540
30,3,C,0.01,114,120,3308,108,108,0,90.0,0.0,0.18371851761893865,0.38181818181818183,0.002363443374633789,5.710983037948608,0.0089111328125,3422
30,3,Q,0.01,114,120,3308,44,44,0,36.666666666666664,0.0,0.18371851761893865,0.38181818181818183,0.002363443374633789,5.710983037948608,0.0089111328125,3422
30,4,C,0.01,120,120,3480,120,120,0,100.0,0.0,0.17836999948290008,0.35,0.0014624595642089844,6.065759897232056,0.0076904296875,3600
30,4,Q,0.01,120,120,3480,42,42,0,35.0,0.0,0.17836999948290008,0.35,0.0014624595642089844,6.065759897232056,0.0076904296875,3600
30,5,C,0.01,120,120,3480,120,120,0,100.0,0.0,0.20621879743534324,0.49166666666666664,0.0018970966339111328,5.3701817989349365,0.0096435546875,3600
30,5,Q,0.01,120,120,3480,59,59,0,49.166666666666664,0.0,0.20621879743534324,0.49166666666666664,0.0018970966339111328,5.3701817989349365,0.0096435546875,3600
30,6,C,0.01,117,120,3394,115,115,0,95.83333333333333,0.0,0.18997921312016208,0.4,0.0021703243255615234,4.847336530685425,0.0064697265625,3511
30,6,Q,0.01,117,120,3394,46,46,0,38.333333333333336,0.0,0.18997921312016208,0.4,0.0021703243255615234,4.847336530685425,0.0064697265625,3511
30,7,C,0.01,120,120,3480,120,120,0,100.0,0.0,0.19444021766944114,0.425,0.002073049545288086,4.830244064331055,0.0086669921875,3600
30,7,Q,0.01,120,120,3480,51,51,0,42.5,0.0,0.19444021766944114,0.425,0.002073049545288086,4.830244064331055,0.0086669921875,3600
30,8,C,0.01,120,120,3480,120,120,0,100.0,0.0,0.18917345553423587,0.38524590163934425,0.002079486846923828,5.499909400939941,0.0072021484375,3600
30,8,Q,0.01,120,120,3480,49,47,2,39.166666666666664,4.081632653061225,0.18917345553423587,0.38524590163934425,0.002079486846923828,5.499909400939941,0.0072021484375,3600
30,9,C,0.01,118,120,3422,116,116,0,96.66666666666667,0.0,0.16758060639934189,0.3103448275862069,0.001073598861694336,5.753771781921387,0.0064697265625,3540
30,9,Q,0.01,118,120,3422,36,36,0,30.0,0.0,0.16758060639934189,0.3103448275862069,0.001073598861694336,5.753771781921387,0.0064697265625,3540
30,10,C,0.01,117,120,3393,115,115,0,95.83333333333333,0.0,0.1892246719982584,0.41739130434782606,0.0022907257080078125,4.626977205276489,0.008544921875,3510
30,10,Q,0.01,117,120,3393,48,48,0,40.0,0.0,0.1892246719982584,0.41739130434782606,0.0022907257080078125,4.626977205276489,0.008544921875,3510
30,11,C,0.01,116,120,3364,112,112,0,93.33333333333333,0.0,0.1829072528752761,0.39285714285714285,0.0019431114196777344,4.1170899868011475,0.0087890625,3480
30,11,Q,0.01,116,120,3364,44,44,0,36.666666666666664,0.0,0.1829072528752761,0.39285714285714285,0.0019431114196777344,4.1170899868011475,0.0087890625,3480
30,12,C,0.01,116,120,3365,120,112,8,93.33333333333333,6.666666666666667,0.23259602907694188,0.4166666666666667,0.002156972885131836,5.457304954528809,0.0101318359375,3481
30,12,Q,0.01,116,120,3365,50,45,5,37.5,10.0,0.23259602907694188,0.4166666666666667,0.002156972885131836,5.457304954528809,0.0101318359375,3481
30,13,C,0.01,112,120,3250,106,106,0,88.33333333333333,0.0,0.18335044328476904,0.39622641509433965,0.0010149478912353516,5.143829345703125,0.0072021484375,3362
30,13,Q,0.01,112,120,3250,42,42,0,35.0,0.0,0.18335044328476904,0.39622641509433965,0.0010149478912353516,5.143829345703125,0.0072021484375,3362
30,14,C,0.01,114,120,3308,108,108,0,90.0,0.0,0.1868241984335652,0.42201834862385323,0.0023050308227539062,4.762367486953735,0.0067138671875,3422
30,14,Q,0.01,114,120,3308,47,47,0,39.166666666666664,0.0,0.1868241984335652,0.42201834862385323,0.0023050308227539062,4.762367486953735,0.0067138671875,3422
30,15,C,0.01,120,120,3480,120,120,0,100.0,0.0,0.19831023843390444,0.43333333333333335,0.0019159317016601562,4.765696048736572,0.00830078125,3600
30,15,Q,0.01,120,120,3480,52,52,0,43.333333333333336,0.0,0.19831023843390444,0.43333333333333335,0.0019159317016601562,4.765696048736572,0.00830078125,3600
30,16,C,0.01,118,120,3422,116,116,0,96.66666666666667,0.0,0.20076815783697527,0.452991452991453,0.0020842552185058594,4.354359865188599,0.009521484375,3540
30,16,Q,0.01,118,120,3422,54,54,0,45.0,0.0,0.20076815783697527,0.452991452991453,0.0020842552185058594,4.354359865188599,0.009521484375,3540
30,17,C,0.01,116,120,3365,114,114,0,95.0,0.0,0.17767662626286465,0.3508771929824561,0.001995086669921875,5.176154136657715,0.0068359375,3481
30,17,Q,0.01,116,120,3365,40,40,0,33.333333333333336,0.0,0.17767662626286465,0.3508771929824561,0.001995086669921875,5.176154136657715,0.0068359375,3481
30,18,C,0.01,119,120,3451,119,119,0,99.16666666666667,0.0,0.17408226373823918,0.3445378151260504,0.002240419387817383,5.148827314376831,0.0072021484375,3570
30,18,Q,0.01,119,120,3451,41,41,0,34.166666666666664,0.0,0.17408226373823918,0.3445378151260504,0.002240419387817383,5.148827314376831,0.0072021484375,3570
30,19,C,0.01,110,120,3196,100,100,0,83.33333333333333,0.0,0.1702684823874726,0.3564356435643564,0.0014166831970214844,5.208597421646118,0.0064697265625,3306
30,19,Q,0.01,110,120,3196,37,37,0,30.833333333333332,0.0,0.1702684823874726,0.3564356435643564,0.0014166831970214844,5.208597421646118,0.0064697265625,3306
30,20,C,0.01,114,120,3308,108,108,0,90.0,0.0,0.16701455748670146,0.3181818181818182,0.0014812946319580078,4.653878927230835,0.0068359375,3422
30,20,Q,0.01,114,120,3308,37,37,0,30.833333333333332,0.0,0.16701455748670146,0.3181818181818182,0.0014812946319580078,4.653878927230835,0.0068359375,3422
30,21,C,0.01,117,120,3393,115,115,0,95.83333333333333,0.0,0.18669451715922006,0.3728813559322034,0.0020651817321777344,4.402632713317871,0.0068359375,3510
30,21,Q,0.01,117,120,3393,47,46,1,38.333333333333336,2.127659574468085,0.18669451715922006,0.3728813559322034,0.0020651817321777344,4.402632713317871,0.0068359375,3510
30,22,C,0.01,117,120,3393,116,116,0,96.66666666666667,0.0,0.2024100814501003,0.4827586206896552,0.0021543502807617188,4.418079137802124,0.0093994140625,3510
30,22,Q,0.01,117,120,3393,56,56,0,46.666666666666664,0.0,0.2024100814501003,0.4827586206896552,0.0021543502807617188,4.418079137802124,0.0093994140625,3510
30,23,C,0.01,120,120,3480,120,120,0,100.0,0.0,0.18424135956055404,0.375,0.0011112689971923828,6.473309516906738,0.007080078125,3600
30,23,Q,0.01,120,120,3480,45,45,0,37.5,0.0,0.18424135956055404,0.375,0.0011112689971923828,6.473309516906738,0.007080078125,3600
30,24,C,0.01,116,120,3366,114,114,0,95.0,0.0,0.17694245724165894,0.3565217391304348,0.002214670181274414,3.694505214691162,0.0068359375,3482
30,24,Q,0.01,116,120,3366,42,42,0,35.0,0.0,0.17694245724165894,0.3565217391304348,0.002214670181274414,3.694505214691162,0.0068359375,3482
30,25,C,0.01,117,120,3393,115,115,0,95.83333333333333,0.0,0.17310362788870762,0.3391304347826087,0.0018267631530761719,3.822140693664551,0.0072021484375,3510
30,25,Q,0.01,117,120,3393,39,39,0,32.5,0.0,0.17310362788870762,0.3391304347826087,0.0018267631530761719,3.822140693664551,0.0072021484375,3510
30,26,C,0.01,120,120,3480,120,120,0,100.0,0.0,0.18909280310931242,0.4,0.0021321773529052734,5.073072671890259,0.0096435546875,3600
30,26,Q,0.01,120,120,3480,48,48,0,40.0,0.0,0.18909280310931242,0.4,0.0021321773529052734,5.073072671890259,0.0096435546875,3600
30,27,C,0.01,118,120,3422,116,116,0,96.66666666666667,0.0,0.19123955733960715,0.3898305084745763,0.0019915103912353516,4.869491100311279,0.0089111328125,3540
30,27,Q,0.01,118,120,3422,48,48,0,40.0,0.0,0.19123955733960715,0.3898305084745763,0.0019915103912353516,4.869491100311279,0.0089111328125,3540
30,28,C,0.01,120,120,3480,120,120,0,100.0,0.0,0.18327640367030362,0.36363636363636365,0.0011734962463378906,6.329413175582886,0.00732421875,3600
30,28,Q,0.01,120,120,3480,45,44,1,36.666666666666664,2.2222222222222223,0.18327640367030362,0.36363636363636365,0.0011734962463378906,6.329413175582886,0.00732421875,3600
30,29,C,0.01,118,120,3422,116,116,0,96.66666666666667,0.0,0.20881212755012574,0.49137931034482757,0.001959562301635742,4.974210977554321,0.0096435546875,3540
30,29,Q,0.01,118,120,3422,57,57,0,47.5,0.0,0.20881212755012574,0.49137931034482757,0.001959562301635742,4.974210977554321,0.0096435546875,3540
30,30,C,0.01,115,120,3336,111,111,0,92.5,0.0,0.19361642155123268,0.39473684210526316,0.002056598663330078,4.094936370849609,0.0087890625,3451
30,30,Q,0.01,115,120,3336,48,47,1,39.166666666666664,2.0833333333333335,0.19361642155123268,0.39473684210526316,0.002056598663330078,4.094936370849609,0.0087890625,3451
30,31,C,0.01,114,120,3308,108,108,0,90.0,0.0,0.1838105154518561,0.3888888888888889,0.00101470947265625,4.78965425491333,0.0068359375,3422
30,31,Q,0.01,114,120,3308,42,42,0,35.0,0.0,0.1838105154518561,0.3888888888888889,0.00101470947265625,4.78965425491333,0.0068359375,3422
30,32,C,0.01,120,120,3480,120,120,0,100.0,0.0,0.20366758169844412,0.4666666666666667,0.002144336700439453,5.332032680511475,0.0093994140625,3600
30,32,Q,0.01,120,120,3480,56,56,0,46.666666666666664,0.0,0.20366758169844412,0.4666666666666667,0.002144336700439453,5.332032680511475,0.0093994140625,3600
30,33,C,0.01,119,120,3451,119,119,0,99.16666666666667,0.0,0.18536832167580902,0.3949579831932773,0.001870870590209961,4.858306646347046,0.0084228515625,3570
30,33,Q,0.01,119,120,3451,47,47,0,39.166666666666664,0.0,0.18536832167580902,0.3949579831932773,0.001870870590209961,4.858306646347046,0.0084228515625,3570
30,34,C,0.01,117,120,3394,115,115,0,95.83333333333333,0.0,0.18221081030585523,0.3706896551724138,0.0019881725311279297,5.2076544761657715,0.0067138671875,3511
30,34,Q,0.01,117,120,3394,44,43,1,35.833333333333336,2.272727272727273,0.18221081030585523,0.3706896551724138,0.0019881725311279297,5.2076544761657715,0.0067138671875,3511
30,35,C,0.01,114,120,3308,110,110,0,91.66666666666667,0.0,0.17420841451298627,0.34234234234234234,0.002087831497192383,3.835928201675415,0.0072021484375,3422
30,35,Q,0.01,114,120,3308,39,39,0,32.5,0.0,0.17420841451298627,0.34234234234234234,0.002087831497192383,3.835928201675415,0.0072021484375,3422
30,36,C,0.01,119,120,3451,119,119,0,99.16666666666667,0.0,0.18197368382517778,0.35833333333333334,0.0012862682342529297,5.958195447921753,0.0078125,3570
30,36,Q,0.01,119,120,3451,44,43,1,35.833333333333336,2.272727272727273,0.18197368382517778,0.35833333333333334,0.0012862682342529297,5.958195447921753,0.0078125,3570
30,37,C,0.01,114,120,3308,108,108,0,90.0,0.0,0.18331957478289612,0.35714285714285715,0.002197265625,4.885842561721802,0.0076904296875,3422
30,37,Q,0.01,114,120,3308,44,43,1,35.833333333333336,2.272727272727273,0.18331957478289612,0.35714285714285715,0.002197265625,4.885842561721802,0.0076904296875,3422
30,38,C,0.01,114,120,3308,108,108,0,90.0,0.0,0.1844958451013624,0.3944954128440367,0.002018451690673828,4.414206266403198,0.008056640625,3422
30,38,Q,0.01,114,120,3308,44,43,1,35.833333333333336,2.272727272727273,0.1844958451013624,0.3944954128440367,0.002018451690673828,4.414206266403198,0.008056640625,3422
30,39,C,0.01,118,120,3422,116,116,0,96.66666666666667,0.0,0.19833082740890615,0.4396551724137931,0.0018613338470458984,4.188710927963257,0.008544921875,3540
30,39,Q,0.01,118,120,3422,51,51,0,42.5,0.0,0.19833082740890615,0.4396551724137931,0.0018613338470458984,4.188710927963257,0.008544921875,3540
30,40,C,0.01,120,120,3480,120,120,0,100.0,0.0,0.18991659216652187,0.4083333333333333,0.0020608901977539062,5.367984294891357,0.009033203125,3600
30,40,Q,0.01,120,120,3480,49,49,0,40.833333333333336,0.0,0.18991659216652187,0.4083333333333333,0.0020608901977539062,5.367984294891357,0.009033203125,3600
30,41,C,0.01,120,120,3480,125,120,5,100.0,4.0,0.20213649942485643,0.424,0.0017590522766113281,6.402299642562866,0.0091552734375,3600
30,41,Q,0.01,120,120,3480,53,51,2,42.5,3.7735849056603774,0.20213649942485643,0.424,0.0017590522766113281,6.402299642562866,0.0091552734375,3600
30,42,C,0.01,114,120,3308,108,108,0,90.0,0.0,0.17634983957297443,0.3486238532110092,0.0025568008422851562,4.913794755935669,0.0059814453125,3422
30,42,Q,0.01,114,120,3308,39,39,0,32.5,0.0,0.17634983957297443,0.3486238532110092,0.0025568008422851562,4.913794755935669,0.0059814453125,3422
30,43,C,0.01,120,120,3480,120,120,0,100.0,0.0,0.19133555305740185,0.4132231404958678,0.0018432140350341797,4.887315511703491,0.0081787109375,3600
30,43,Q,0.01,120,120,3480,51,50,1,41.666666666666664,1.9607843137254901,0.19133555305740185,0.4132231404958678,0.0018432140350341797,4.887315511703491,0.0081787109375,3600
30,44,C,0.01,120,120,3480,120,120,0,100.0,0.0,0.19653518135746714,0.43333333333333335,0.0018548965454101562,4.85408353805542,0.008056640625,3600
30,44,Q,0.01,120,120,3480,52,52,0,43.333333333333336,0.0,0.19653518135746714,0.43333333333333335,0.0018548965454101562,4.85408353805542,0.008056640625,3600
30,45,C,0.01,117,120,3393,115,115,0,95.83333333333333,0.0,0.19666050500646814,0.4434782608695652,0.0016016960144042969,5.5654261112213135,0.009033203125,3510
30,45,Q,0.01,117,120,3393,51,51,0,42.5,0.0,0.19666050500646814,0.4434782608695652,0.0016016960144042969,5.5654261112213135,0.009033203125,3510
30,46,C,0.01,117,120,3393,117,115,2,95.83333333333333,1.7094017094017093,0.18680323098555865,0.38461538461538464,0.0019621849060058594,4.924339294433594,0.0084228515625,3510
30,46,Q,0.01,117,120,3393,45,44,1,36.666666666666664,2.2222222222222223,0.18680323098555865,0.38461538461538464,0.0019621849060058594,4.924339294433594,0.0084228515625,3510
30,47,C,0.01,115,120,3336,111,111,0,92.5,0.0,0.17348493206143767,0.33035714285714285,0.001435995101928711,2.582650661468506,0.005615234375,3451
30,47,Q,0.01,115,120,3336,38,38,0,31.666666666666668,0.0,0.17348493206143767,0.33035714285714285,0.001435995101928711,2.582650661468506,0.005615234375,3451
30,48,C,0.01,119,120,3451,119,119,0,99.16666666666667,0.0,0.16579975807451056,0.3025210084033613,0.002279520034790039,4.622653961181641,0.005615234375,3570
30,48,Q,0.01,119,120,3451,36,36,0,30.0,0.0,0.16579975807451056,0.3025210084033613,0.002279520034790039,4.622653961181641,0.005615234375,3570
30,49,C,0.01,118,120,3422,116,116,0,96.66666666666667,0.0,0.180471391655738,0.3793103448275862,0.0011394023895263672,5.970622777938843,0.0074462890625,3540
30,49,Q,0.01,118,120,3422,44,44,0,36.666666666666664,0.0,0.180471391655738,0.3793103448275862,0.0011394023895263672,5.970622777938843,0.0074462890625,3540
30,50,C,0.01,115,120,3336,113,113,0,94.16666666666667,0.0,0.1617891237804385,0.3008849557522124,0.0018601417541503906,4.403781890869141,0.00634765625,3451
30,50,Q,0.01,115,120,3336,34,34,0,28.333333333333332,0.0,0.1617891237804385,0.3008849557522124,0.0018601417541503906,4.403781890869141,0.00634765625,3451
30,51,C,0.01,115,120,3336,111,111,0,92.5,0.0,0.195575646138228,0.4336283185840708,0.0019526481628417969,3.488750457763672,0.0091552734375,3451
30,51,Q,0.01,115,120,3336,51,51,0,42.5,0.0,0.195575646138228,0.4336283185840708,0.0019526481628417969,3.488750457763672,0.0091552734375,3451
30,52,C,0.01,119,120,3451,119,119,0,99.16666666666667,0.0,0.1902684718563134,0.3949579831932773,0.0016062259674072266,4.781759262084961,0.008056640625,3570
30,52,Q,0.01,119,120,3451,47,47,0,39.166666666666664,0.0,0.1902684718563134,0.3949579831932773,0.0016062259674072266,4.781759262084961,0.008056640625,3570
30,53,C,0.01,118,120,3422,116,116,0,96.66666666666667,0.0,0.18247889216079305,0.3706896551724138,0.001917123794555664,4.2382872104644775,0.007568359375,3540
30,53,Q,0.01,118,120,3422,43,43,0,35.833333333333336,0.0,0.18247889216079305,0.3706896551724138,0.001917123794555664,4.2382872104644775,0.007568359375,3540
30,54,C,0.01,119,120,3451,119,119,0,99.16666666666667,0.0,0.1901442049942714,0.3884297520661157,0.0021011829376220703,6.191140651702881,0.009765625,3570
30,54,Q,0.01,119,120,3451,49,47,2,39.166666666666664,4.081632653061225,0.1901442049942714,0.3884297520661157,0.0021011829376220703,6.191140651702881,0.009765625,3570
30,55,C,0.01,118,120,3422,116,116,0,96.66666666666667,0.0,0.19309823380964075,0.43103448275862066,0.001092672348022461,6.21237325668335,0.008056640625,3540
30,55,Q,0.01,118,120,3422,50,50,0,41.666666666666664,0.0,0.19309823380964075,0.43103448275862066,0.001092672348022461,6.21237325668335,0.008056640625,3540
30,56,C,0.01,114,120,3308,110,110,0,91.66666666666667,0.0,0.18420990029006476,0.40540540540540543,0.001561880111694336,3.3332393169403076,0.0084228515625,3422
30,56,Q,0.01,114,120,3308,46,46,0,38.333333333333336,0.0,0.18420990029006476,0.40540540540540543,0.001561880111694336,3.3332393169403076,0.0084228515625,3422
30,57,C,0.01,120,120,3480,120,120,0,100.0,0.0,0.1805322565599663,0.375,0.002261638641357422,5.171049356460571,0.008544921875,3600
30,57,Q,0.01,120,120,3480,45,45,0,37.5,0.0,0.1805322565599663,0.375,0.002261638641357422,5.171049356460571,0.008544921875,3600
30,58,C,0.01,118,120,3422,116,116,0,96.66666666666667,0.0,0.18877785094153915,0.3898305084745763,0.0019161701202392578,4.666976690292358,0.008544921875,3540
30,58,Q,0.01,118,120,3422,48,48,0,40.0,0.0,0.18877785094153915,0.3898305084745763,0.0019161701202392578,4.666976690292358,0.008544921875,3540
30,59,C,0.01,120,120,3480,128,120,8,100.0,6.25,0.22799295189028074,0.46875,0.001207113265991211,7.189985752105713,0.01171875,3600
30,59,Q,0.01,120,120,3480,60,59,1,49.166666666666664,1.6666666666666667,0.22799295189028074,0.46875,0.001207113265991211,7.189985752105713,0.01171875,3600
40,0,C,0.01,157,160,6124,155,155,0,96.875,0.0,0.13487318878073046,0.26282051282051283,0.00081634521484375,11.55492877960205,0.006103515625,6281
40,0,Q,0.01,157,160,6124,42,42,0,26.25,0.0,0.13487318878073046,0.26282051282051283,0.00081634521484375,11.55492877960205,0.006103515625,6281
40,1,C,0.01,157,160,6123,155,155,0,96.875,0.0,0.1225686267683068,0.21153846153846154,0.0008947849273681641,23.795981407165527,0.0047607421875,6280
40,1,Q,0.01,157,160,6123,34,34,0,21.25,0.0,0.1225686267683068,0.21153846153846154,0.0008947849273681641,23.795981407165527,0.0047607421875,6280
40,2,C,0.01,154,160,5969,148,148,0,92.5,0.0,0.13172820354698928,0.2483221476510067,0.0009367465972900391,11.153143644332886,0.005615234375,6123
40,2,Q,0.01,154,160,5969,38,38,0,23.75,0.0,0.13172820354698928,0.2483221476510067,0.0009367465972900391,11.153143644332886,0.005615234375,6123
40,3,C,0.01,156,160,6085,152,152,0,95.0,0.0,0.12341544456421873,0.2236842105263158,0.0008471012115478516,10.04367446899414,0.0050048828125,6241
40,3,Q,0.01,156,160,6085,34,34,0,21.25,0.0,0.12341544456421873,0.2236842105263158,0.0008471012115478516,10.04367446899414,0.0050048828125,6241
40,4,C,0.01,158,160,6162,156,156,0,97.5,0.0,0.13234948742525696,0.25,0.0006656646728515625,10.144714117050171,0.005859375,6320
40,4,Q,0.01,158,160,6162,39,39,0,24.375,0.0,0.13234948742525696,0.25,0.0006656646728515625,10.144714117050171,0.005859375,6320
40,5,C,0.01,157,160,6123,155,155,0,96.875,0.0,0.14054002199038976,0.2838709677419355,0.0005700588226318359,14.8546724319458,0.0059814453125,6280
40,5,Q,0.01,157,160,6123,44,44,0,27.5,0.0,0.14054002199038976,0.2838709677419355,0.0005700588226318359,14.8546724319458,0.0059814453125,6280
40,6,C,0.01,158,160,6162,156,156,0,97.5,0.0,0.13239370666421646,0.2484076433121019,0.0006089210510253906,10.619611263275146,0.0062255859375,6320
40,6,Q,0.01,158,160,6162,40,39,1,24.375,2.5,0.13239370666421646,0.2484076433121019,0.0006089210510253906,10.619611263275146,0.0062255859375,6320
40,7,C,0.01,158,160,6162,158,156,2,97.5,1.2658227848101267,0.12829285829372453,0.2468354430379747,0.0007777214050292969,11.907952308654785,0.00537109375,6320
40,7,Q,0.01,158,160,6162,39,39,0,24.375,0.0,0.12829285829372453,0.2468354430379747,0.0007777214050292969,11.907952308654785,0.00537109375,6320
40,8,C,0.01,160,160,6240,160,160,0,100.0,0.0,0.12462535287703479,0.21875,0.0005970001220703125,10.532195568084717,0.0054931640625,6400
40,8,Q,0.01,160,160,6240,35,35,0,21.875,0.0,0.12462535287703479,0.21875,0.0005970001220703125,10.532195568084717,0.0054931640625,6400
40,9,C,0.01,158,160,6162,160,158,2,98.75,1.25,0.13701016744854924,0.2608695652173913,0.0008723735809326172,12.748763084411621,0.006591796875,6320
40,9,Q,0.01,158,160,6162,43,42,1,26.25,2.3255813953488373,0.13701016744854924,0.2608695652173913,0.0008723735809326172,12.748763084411621,0.006591796875,6320
40,10,C,0.01,157,160,6124,155,155,0,96.875,0.0,0.13018807852618036,0.24358974358974358,0.0008540153503417969,15.608099222183228,0.0059814453125,6281
40,10,Q,0.01,157,160,6124,39,38,1,23.75,2.5641025641025643,0.13018807852618036,0.24358974358974358,0.0008540153503417969,15.608099222183228,0.0059814453125,6281
40,11,C,0.01,154,160,6007,150,150,0,93.75,0.0,0.11955594623089992,0.2119205298013245,0.0007333755493164062,15.587488651275635,0.0048828125,6161
40,11,Q,0.01,154,160,6007,33,32,1,20.0,3.0303030303030303,0.11955594623089992,0.2119205298013245,0.0007333755493164062,15.587488651275635,0.0048828125,6161
40,12,C,0.01,150,160,5816,148,145,3,90.625,2.027027027027027,0.12666598598283482,0.21476510067114093,0.0008723735809326172,12.964994668960571,0.0050048828125,5966
40,12,Q,0.01,150,160,5816,33,33,0,20.625,0.0,0.12666598598283482,0.21476510067114093,0.0008723735809326172,12.964994668960571,0.0050048828125,5966
40,13,C,0.01,158,160,6162,156,156,0,97.5,0.0,0.13388846324075332,0.25949367088607594,0.0007123947143554688,9.1497323513031,0.0072021484375,6320
40,13,Q,0.01,158,160,6162,43,41,2,25.625,4.651162790697675,0.13388846324075332,0.25949367088607594,0.0007123947143554688,9.1497323513031,0.0072021484375,6320
40,14,C,0.01,153,160,5931,150,150,0,93.75,0.0,0.11960836578819004,0.2119205298013245,0.0006422996520996094,11.12708854675293,0.0045166015625,6084
40,14,Q,0.01,153,160,5931,33,33,0,20.625,0.0,0.11960836578819004,0.2119205298013245,0.0006422996520996094,11.12708854675293,0.0045166015625,6084
40,15,C,0.01,158,160,6162,156,156,0,97.5,0.0,0.113474901858223,0.1794871794871795,0.0005598068237304688,17.04551124572754,0.00390625,6320
40,15,Q,0.01,158,160,6162,28,28,0,17.5,0.0,0.113474901858223,0.1794871794871795,0.0005598068237304688,17.04551124572754,0.00390625,6320
40,16,C,0.01,160,160,6240,160,160,0,100.0,0.0,0.14067265570624285,0.28125,0.0004734992980957031,11.702332735061646,0.0067138671875,6400
40,16,Q,0.01,160,160,6240,45,45,0,28.125,0.0,0.14067265570624285,0.28125,0.0004734992980957031,11.702332735061646,0.0067138671875,6400
40,17,C,0.01,158,160,6162,158,158,0,98.75,0.0,0.12972101272107237,0.2468354430379747,0.001276254653930664,13.655935049057007,0.0052490234375,6320
40,17,Q,0.01,158,160,6162,39,39,0,24.375,0.0,0.12972101272107237,0.2468354430379747,0.001276254653930664,13.655935049057007,0.0052490234375,6320
40,18,C,0.01,160,160,6240,160,160,0,100.0,0.0,0.12984711682939326,0.23125,0.0005533695220947266,10.85117793083191,0.00537109375,6400
40,18,Q,0.01,160,160,6240,37,37,0,23.125,0.0,0.12984711682939326,0.23125,0.0005533695220947266,10.85117793083191,0.00537109375,6400
40,19,C,0.01,155,160,6045,151,151,0,94.375,0.0,0.12929526816133297,0.23684210526315788,0.0008220672607421875,11.52975058555603,0.005859375,6200
40,19,Q,0.01,155,160,6045,37,37,0,23.125,0.0,0.12929526816133297,0.23684210526315788,0.0008220672607421875,11.52975058555603,0.005859375,6200
40,20,C,0.01,157,160,6123,155,155,0,96.875,0.0,0.12544058443589076,0.2138364779874214,0.0007796287536621094,11.252825498580933,0.0047607421875,6280
40,20,Q,0.01,157,160,6123,38,36,2,22.5,5.2631578947368425,0.12544058443589076,0.2138364779874214,0.0007796287536621094,11.252825498580933,0.0047607421875,6280
40,21,C,0.01,158,160,6162,156,156,0,97.5,0.0,0.13129458265972732,0.24358974358974358,0.0006780624389648438,10.336641550064087,0.00634765625,6320
40,21,Q,0.01,158,160,6162,38,38,0,23.75,0.0,0.13129458265972732,0.24358974358974358,0.0006780624389648438,10.336641550064087,0.00634765625,6320
40,22,C,0.01,156,160,6085,152,152,0,95.0,0.0,0.12914616222716852,0.24342105263157895,0.0007262229919433594,14.91811752319336,0.0052490234375,6241
40,22,Q,0.01,156,160,6085,37,37,0,23.125,0.0,0.12914616222716852,0.24342105263157895,0.0007262229919433594,14.91811752319336,0.0052490234375,6241
40,23,C,0.01,157,160,6124,155,155,0,96.875,0.0,0.12373740813767327,0.2129032258064516,0.0008699893951416016,10.982133865356445,0.00439453125,6281
40,23,Q,0.01,157,160,6124,33,33,0,20.625,0.0,0.12373740813767327,0.2129032258064516,0.0008699893951416016,10.982133865356445,0.00439453125,6281
40,24,C,0.01,156,160,6085,152,152,0,95.0,0.0,0.13581932934213922,0.26973684210526316,0.0028481483459472656,16.51164174079895,0.005859375,6241
40,24,Q,0.01,156,160,6085,41,41,0,25.625,0.0,0.13581932934213922,0.26973684210526316,0.0028481483459472656,16.51164174079895,0.005859375,6241
40,25,C,0.01,154,160,6009,150,150,0,93.75,0.0,0.1341056837943268,0.26,0.03419017791748047,16.223074436187744,0.006103515625,6163
40,25,Q,0.01,154,160,6009,39,39,0,24.375,0.0,0.1341056837943268,0.26,0.03419017791748047,16.223074436187744,0.006103515625,6163
40,26,C,0.01,158,160,6162,156,156,0,97.5,0.0,0.11597916958216441,0.1987179487179487,0.0006268024444580078,11.736014366149902,0.0047607421875,6320
40,26,Q,0.01,158,160,6162,31,31,0,19.375,0.0,0.11597916958216441,0.1987179487179487,0.0006268024444580078,11.736014366149902,0.0047607421875,6320
40,27,C,0.01,160,160,6240,160,160,0,100.0,0.0,0.1265161672263848,0.23125,0.0006184577941894531,11.416475296020508,0.00537109375,6400
40,27,Q,0.01,160,160,6240,37,37,0,23.125,0.0,0.1265161672263848,0.23125,0.0006184577941894531,11.416475296020508,0.00537109375,6400
40,28,C,0.01,160,160,6240,160,160,0,100.0,0.0,0.12406198953401634,0.21875,0.0006754398345947266,11.145579099655151,0.0050048828125,6400
40,28,Q,0.01,160,160,6240,35,35,0,21.875,0.0,0.12406198953401634,0.21875,0.0006754398345947266,11.145579099655151,0.0050048828125,6400
40,29,C,0.01,156,160,6085,152,152,0,95.0,0.0,0.13447351745704259,0.26973684210526316,0.00450587272644043,25.914725303649902,0.005859375,6241
40,29,Q,0.01,156,160,6085,41,41,0,25.625,0.0,0.13447351745704259,0.26973684210526316,0.00450587272644043,25.914725303649902,0.005859375,6241
40,30,C,0.01,156,160,6084,154,154,0,96.25,0.0,0.10680441033566089,0.17532467532467533,0.0007369518280029297,15.950309038162231,0.003662109375,6240
40,30,Q,0.01,156,160,6084,27,27,0,16.875,0.0,0.10680441033566089,0.17532467532467533,0.0007369518280029297,15.950309038162231,0.003662109375,6240
40,31,C,0.01,160,160,6240,160,160,0,100.0,0.0,0.12643560616558738,0.2375,0.0006911754608154297,11.4237699508667,0.005859375,6400
40,31,Q,0.01,160,160,6240,38,38,0,23.75,0.0,0.12643560616558738,0.2375,0.0006911754608154297,11.4237699508667,0.005859375,6400
40,32,C,0.01,155,160,6046,156,153,3,95.625,1.9230769230769231,0.11874100574959476,0.20512820512820512,0.0009188652038574219,11.552873373031616,0.0048828125,6201
40,32,Q,0.01,155,160,6046,32,30,2,18.75,6.25,0.11874100574959476,0.20512820512820512,0.0009188652038574219,11.552873373031616,0.0048828125,6201
40,33,C,0.01,155,160,6045,153,153,0,95.625,0.0,0.11972693368335836,0.20915032679738563,0.0007567405700683594,8.241766691207886,0.0050048828125,6200
40,33,Q,0.01,155,160,6045,32,32,0,20.0,0.0,0.11972693368335836,0.20915032679738563,0.0007567405700683594,8.241766691207886,0.0050048828125,6200
40,34,C,0.01,158,160,6162,156,156,0,97.5,0.0,0.12719176027470594,0.22151898734177214,0.00048351287841796875,16.177913904190063,0.0054931640625,6320
40,34,Q,0.01,158,160,6162,37,37,0,23.125,0.0,0.12719176027470594,0.22151898734177214,0.00048351287841796875,16.177913904190063,0.0054931640625,6320
40,35,C,0.01,156,160,6085,152,152,0,95.0,0.0,0.10837045577982488,0.17105263157894737,0.0007889270782470703,14.003154039382935,0.00390625,6241
40,35,Q,0.01,156,160,6085,26,26,0,16.25,0.0,0.10837045577982488,0.17105263157894737,0.0007889270782470703,14.003154039382935,0.00390625,6241
40,36,C,0.01,157,160,6124,155,155,0,96.875,0.0,0.12022548116308027,0.2129032258064516,0.0010428428649902344,16.70495843887329,0.0048828125,6281
40,36,Q,0.01,157,160,6124,33,33,0,20.625,0.0,0.12022548116308027,0.2129032258064516,0.0010428428649902344,16.70495843887329,0.0048828125,6281
40,37,C,0.01,156,160,6084,152,152,0,95.0,0.0,0.13107875885591092,0.25,0.0005867481231689453,9.25666856765747,0.0057373046875,6240
40,37,Q,0.01,156,160,6084,38,38,0,23.75,0.0,0.13107875885591092,0.25,0.0005867481231689453,9.25666856765747,0.0057373046875,6240
40,38,C,0.01,156,160,6085,152,152,0,95.0,0.0,0.14364562934972133,0.29411764705882354,0.0006761550903320312,11.528564929962158,0.0069580078125,6241
40,38,Q,0.01,156,160,6085,46,45,1,28.125,2.1739130434782608,0.14364562934972133,0.29411764705882354,0.0006761550903320312,11.528564929962158,0.0069580078125,6241
40,39,C,0.01,153,160,5970,149,147,2,91.875,1.342281879194631,0.1366201806468463,0.26174496644295303,0.0008547306060791016,11.237989902496338,0.0054931640625,6123
40,39,Q,0.01,153,160,5970,39,39,0,24.375,0.0,0.1366201806468463,0.26174496644295303,0.0008547306060791016,11.237989902496338,0.0054931640625,6123
40,40,C,0.01,155,160,6007,155,154,1,96.25,0.6451612903225806,0.13514629861112515,0.25806451612903225,0.0005824565887451172,15.126771450042725,0.00634765625,6162
40,40,Q,0.01,155,160,6007,40,40,0,25.0,0.0,0.13514629861112515,0.25806451612903225,0.0005824565887451172,15.126771450042725,0.00634765625,6162
40,41,C,0.01,157,160,6123,155,155,0,96.875,0.0,0.13557466484884223,0.25806451612903225,0.0007834434509277344,10.780822515487671,0.006103515625,6280
40,41,Q,0.01,157,160,6123,40,40,0,25.0,0.0,0.13557466484884223,0.25806451612903225,0.0007834434509277344,10.780822515487671,0.006103515625,6280
40,42,C,0.01,155,160,6046,151,151,0,94.375,0.0,0.12927843945692663,0.23684210526315788,0.0005652904510498047,9.999984741210938,0.0052490234375,6201
40,42,Q,0.01,155,160,6046,37,37,0,23.125,0.0,0.12927843945692663,0.23684210526315788,0.0005652904510498047,9.999984741210938,0.0052490234375,6201
40,43,C,0.01,156,160,6084,154,154,0,96.25,0.0,0.13976957271725507,0.2792207792207792,0.0006377696990966797,10.86884355545044,0.0059814453125,6240
40,43,Q,0.01,156,160,6084,43,43,0,26.875,0.0,0.13976957271725507,0.2792207792207792,0.0006377696990966797,10.86884355545044,0.0059814453125,6240
40,44,C,0.01,154,160,6010,150,150,0,93.75,0.0,0.1103562975905583,0.17218543046357615,0.0010151863098144531,21.346895933151245,0.004638671875,6164
40,44,Q,0.01,154,160,6010,27,27,0,16.875,0.0,0.1103562975905583,0.17218543046357615,0.0010151863098144531,21.346895933151245,0.004638671875,6164
40,45,C,0.01,146,160,5700,132,132,0,82.5,0.0,0.12420031954523711,0.23134328358208955,0.0011832714080810547,12.391801595687866,0.0048828125,5846
40,45,Q,0.01,146,160,5700,33,33,0,20.625,0.0,0.12420031954523711,0.23134328358208955,0.0011832714080810547,12.391801595687866,0.0048828125,5846
40,46,C,0.01,159,160,6201,159,159,0,99.375,0.0,0.12300200868966617,0.22012578616352202,0.0007731914520263672,15.664448738098145,0.005615234375,6360
40,46,Q,0.01,159,160,6201,35,35,0,21.875,0.0,0.12300200868966617,0.22012578616352202,0.0007731914520263672,15.664448738098145,0.005615234375,6360
40,47,C,0.01,158,160,6162,156,156,0,97.5,0.0,0.1243072314129078,0.23076923076923078,0.0005574226379394531,15.21753191947937,0.006103515625,6320
40,47,Q,0.01,158,160,6162,36,36,0,22.5,0.0,0.1243072314129078,0.23076923076923078,0.0005574226379394531,15.21753191947937,0.006103515625,6320
40,48,C,0.01,156,160,6085,152,152,0,95.0,0.0,0.13746106874187122,0.28289473684210525,0.0006682872772216797,11.074597358703613,0.0064697265625,6241
40,48,Q,0.01,156,160,6085,43,43,0,26.875,0.0,0.13746106874187122,0.28289473684210525,0.0006682872772216797,11.074597358703613,0.0064697265625,6241
40,49,C,0.01,158,160,6162,156,156,0,97.5,0.0,0.12256831514011869,0.22435897435897437,0.0006353855133056641,12.260681629180908,0.0050048828125,6320
40,49,Q,0.01,158,160,6162,35,35,0,21.875,0.0,0.12256831514011869,0.22435897435897437,0.0006353855133056641,12.260681629180908,0.0050048828125,6320
40,50,C,0.01,158,160,6162,156,156,0,97.5,0.0,0.1286635340800921,0.24203821656050956,0.0006926059722900391,10.819575309753418,0.005615234375,6320
40,50,Q,0.01,158,160,6162,39,39,0,24.375,0.0,0.1286635340800921,0.24203821656050956,0.0006926059722900391,10.819575309753418,0.005615234375,6320
40,51,C,0.01,156,160,6084,152,152,0,95.0,0.0,0.13770915426355207,0.2894736842105263,0.0005204677581787109,14.431483030319214,0.006103515625,6240
40,51,Q,0.01,156,160,6084,44,44,0,27.5,0.0,0.13770915426355207,0.2894736842105263,0.0005204677581787109,14.431483030319214,0.006103515625,6240
40,52,C,0.01,159,160,6201,159,159,0,99.375,0.0,0.1188359777022255,0.20125786163522014,0.0009961128234863281,15.97355031967163,0.005126953125,6360
40,52,Q,0.01,159,160,6201,32,32,0,20.0,0.0,0.1188359777022255,0.20125786163522014,0.0009961128234863281,15.97355031967163,0.005126953125,6360
40,53,C,0.01,158,160,6162,156,156,0,97.5,0.0,0.12776758451061784,0.22929936305732485,0.0006501674652099609,10.71166181564331,0.00537109375,6320
40,53,Q,0.01,158,160,6162,37,37,0,23.125,0.0,0.12776758451061784,0.22929936305732485,0.0006501674652099609,10.71166181564331,0.00537109375,6320
40,54,C,0.01,151,160,5892,143,143,0,89.375,0.0,0.1290122789955115,0.24305555555555555,0.0009906291961669922,9.670344829559326,0.005126953125,6043
40,54,Q,0.01,151,160,5892,36,36,0,22.5,0.0,0.1290122789955115,0.24305555555555555,0.0009906291961669922,9.670344829559326,0.005126953125,6043
40,55,C,0.01,156,160,6084,154,154,0,96.25,0.0,0.13271538054183074,0.2597402597402597,0.0009207725524902344,11.834467649459839,0.0062255859375,6240
40,55,Q,0.01,156,160,6084,40,40,0,25.0,0.0,0.13271538054183074,0.2597402597402597,0.0009207725524902344,11.834467649459839,0.0062255859375,6240
40,56,C,0.01,159,160,6201,159,159,0,99.375,0.0,0.1193388867046694,0.20754716981132076,0.0011415481567382812,14.898619174957275,0.0052490234375,6360
40,56,Q,0.01,159,160,6201,33,33,0,20.625,0.0,0.1193388867046694,0.20754716981132076,0.0011415481567382812,14.898619174957275,0.0052490234375,6360
40,57,C,0.01,157,160,6123,155,155,0,96.875,0.0,0.12520947493735432,0.22580645161290322,0.002899169921875,26.21911644935608,0.0050048828125,6280
40,57,Q,0.01,157,160,6123,35,35,0,21.875,0.0,0.12520947493735432,0.22580645161290322,0.002899169921875,26.21911644935608,0.0050048828125,6280
40,58,C,0.01,155,160,6048,153,153,0,95.625,0.0,0.12619463474786707,0.23376623376623376,0.0005865097045898438,15.048574924468994,0.0052490234375,6203
40,58,Q,0.01,155,160,6048,37,37,0,23.125,0.0,0.12619463474786707,0.23376623376623376,0.0005865097045898438,15.048574924468994,0.0052490234375,6203
40,59,C,0.01,155,160,6007,152,152,0,95.0,0.0,0.12317698197053488,0.21710526315789475,0.00061798095703125,7.95503830909729,0.005126953125,6162
40,59,Q,0.01,155,160,6007,33,33,0,20.625,0.0,0.12317698197053488,0.21710526315789475,0.00061798095703125,7.95503830909729,0.005126953125,6162
50,0,C,0.01,200,200,9800,200,200,0,100.0,0.0,0.08560280300514028,0.125,0.0005519390106201172,33.33930444717407,0.003173828125,10000
50,0,Q,0.01,200,200,9800,25,25,0,12.5,0.0,0.08560280300514028,0.125,0.0005519390106201172,33.33930444717407,0.003173828125,10000
50,1,C,0.01,196,200,9604,194,194,0,97.0,0.0,0.08531197595234549,0.12371134020618557,0.0009100437164306641,53.68292164802551,0.0030517578125,9800
50,1,Q,0.01,196,200,9604,24,24,0,12.0,0.0,0.08531197595234549,0.12371134020618557,0.0009100437164306641,53.68292164802551,0.0030517578125,9800
50,2,C,0.01,197,200,9654,195,195,0,97.5,0.0,0.07598960103927536,0.1076923076923077,0.001007080078125,40.66018104553223,0.0028076171875,9851
50,2,Q,0.01,197,200,9654,21,21,0,10.5,0.0,0.07598960103927536,0.1076923076923077,0.001007080078125,40.66018104553223,0.0028076171875,9851
50,3,C,0.01,195,200,9556,191,191,0,95.5,0.0,0.07783353627077254,0.10471204188481675,0.00183868408203125,35.27303719520569,0.0029296875,9751
50,3,Q,0.01,195,200,9556,20,20,0,10.0,0.0,0.07783353627077254,0.10471204188481675,0.00183868408203125,35.27303719520569,0.0029296875,9751
50,4,C,0.01,195,200,9556,191,191,0,95.5,0.0,0.07486893570506505,0.10471204188481675,0.0009386539459228516,30.478771686553955,0.0028076171875,9751
50,4,Q,0.01,195,200,9556,20,20,0,10.0,0.0,0.07486893570506505,0.10471204188481675,0.0009386539459228516,30.478771686553955,0.0028076171875,9751
50,5,C,0.01,198,200,9702,196,196,0,98.0,0.0,0.08672114108984762,0.1326530612244898,0.0005681514739990234,46.368404388427734,0.0037841796875,9900
50,5,Q,0.01,198,200,9702,26,26,0,13.0,0.0,0.08672114108984762,0.1326530612244898,0.0005681514739990234,46.368404388427734,0.0037841796875,9900
50,6,C,0.01,196,200,9605,194,194,0,97.0,0.0,0.08433085373207559,0.11855670103092783,0.0020589828491210938,72.5538420677185,0.0030517578125,9801
50,6,Q,0.01,196,200,9605,23,23,0,11.5,0.0,0.08433085373207559,0.11855670103092783,0.0020589828491210938,72.5538420677185,0.0030517578125,9801
50,7,C,0.01,198,200,9702,198,198,0,99.0,0.0,0.08199703158160394,0.12121212121212122,0.0009794235229492188,29.179818630218506,0.00341796875,9900
50,7,Q,0.01,198,200,9702,24,24,0,12.0,0.0,0.08199703158160394,0.12121212121212122,0.0009794235229492188,29.179818630218506,0.00341796875,9900
50,8,C,0.01,194,200,9509,190,190,0,95.0,0.0,0.0924893668431338,0.14136125654450263,0.0008547306060791016,29.599265575408936,0.003662109375,9703
50,8,Q,0.01,194,200,9509,28,27,1,13.5,3.5714285714285716,0.0924893668431338,0.14136125654450263,0.0008547306060791016,29.599265575408936,0.003662109375,9703
50,9,C,0.01,196,200,9604,192,192,0,96.0,0.0,0.08260498096062778,0.11398963730569948,0.0009586811065673828,39.06208086013794,0.0028076171875,9800
50,9,Q,0.01,196,200,9604,23,23,0,11.5,0.0,0.08260498096062778,0.11398963730569948,0.0009586811065673828,39.06208086013794,0.0028076171875,9800
50,10,C,0.01,191,200,9363,183,183,0,91.5,0.0,0.07418434805900627,0.10382513661202186,0.0010023117065429688,31.541634798049927,0.00244140625,9554
50,10,Q,0.01,191,200,9363,19,19,0,9.5,0.0,0.07418434805900627,0.10382513661202186,0.0010023117065429688,31.541634798049927,0.00244140625,9554
50,11,C,0.01,196,200,9604,194,192,2,96.0,1.0309278350515463,0.0742830745663792,0.10309278350515463,0.010691404342651367,46.71511507034302,0.00244140625,9800
50,11,Q,0.01,196,200,9604,20,20,0,10.0,0.0,0.0742830745663792,0.10309278350515463,0.010691404342651367,46.71511507034302,0.00244140625,9800
50,12,C,0.01,197,200,9654,195,195,0,97.5,0.0,0.0833984104554002,0.11734693877551021,0.0009698867797851562,47.16032123565674,0.0030517578125,9851
50,12,Q,0.01,197,200,9654,24,24,0,12.0,0.0,0.0833984104554002,0.11734693877551021,0.0009698867797851562,47.16032123565674,0.0030517578125,9851
50,13,C,0.01,195,200,9555,191,191,0,95.5,0.0,0.08178201169598276,0.12041884816753927,0.0009679794311523438,30.210179090499878,0.0035400390625,9750
50,13,Q,0.01,195,200,9555,23,23,0,11.5,0.0,0.08178201169598276,0.12041884816753927,0.0009679794311523438,30.210179090499878,0.0035400390625,9750
50,14,C,0.01,199,200,9751,199,199,0,99.5,0.0,0.08322001963035566,0.12060301507537688,0.001360177993774414,31.69342803955078,0.0030517578125,9950
50,14,Q,0.01,199,200,9751,24,24,0,12.0,0.0,0.08322001963035566,0.12060301507537688,0.001360177993774414,31.69342803955078,0.0030517578125,9950
50,15,C,0.01,200,200,9800,200,200,0,100.0,0.0,0.08631298110381669,0.135,0.0007960796356201172,43.06665515899658,0.003662109375,10000
50,15,Q,0.01,200,200,9800,27,27,0,13.5,0.0,0.08631298110381669,0.135,0.0007960796356201172,43.06665515899658,0.003662109375,10000
50,16,C,0.01,200,200,9800,201,200,1,100.0,0.4975124378109453,0.10011751917908802,0.16417910447761194,0.0009694099426269531,31.998369216918945,0.004150390625,10000
50,16,Q,0.01,200,200,9800,33,33,0,16.5,0.0,0.10011751917908802,0.16417910447761194,0.0009694099426269531,31.998369216918945,0.004150390625,10000
50,17,C,0.01,195,200,9555,191,191,0,95.5,0.0,0.09487124327907036,0.15706806282722513,0.0010957717895507812,42.17744421958923,0.00390625,9750
50,17,Q,0.01,195,200,9555,30,30,0,15.0,0.0,0.09487124327907036,0.15706806282722513,0.0010957717895507812,42.17744421958923,0.00390625,9750
50,18,C,0.01,197,200,9653,195,195,0,97.5,0.0,0.07538503172968676,0.10256410256410256,0.0006568431854248047,46.807549715042114,0.002685546875,9850
50,18,Q,0.01,197,200,9653,20,20,0,10.0,0.0,0.07538503172968676,0.10256410256410256,0.0006568431854248047,46.807549715042114,0.002685546875,9850
50,19,C,0.01,196,200,9605,192,192,0,96.0,0.0,0.08967717321393612,0.140625,0.0006082057952880859,31.080420970916748,0.0032958984375,9801
50,19,Q,0.01,196,200,9605,27,27,0,13.5,0.0,0.08967717321393612,0.140625,0.0006082057952880859,31.080420970916748,0.0032958984375,9801
50,20,C,0.01,192,200,9408,187,186,1,93.0,0.5347593582887701,0.0907202382293339,0.13903743315508021,0.0010788440704345703,40.94609618186951,0.0032958984375,9600
50,20,Q,0.01,192,200,9408,26,26,0,13.0,0.0,0.0907202382293339,0.13903743315508021,0.0010788440704345703,40.94609618186951,0.0032958984375,9600
50,21,C,0.01,199,200,9751,199,199,0,99.5,0.0,0.08256168448154255,0.12060301507537688,0.0015685558319091797,59.249513387680054,0.003173828125,9950
50,21,Q,0.01,199,200,9751,24,24,0,12.0,0.0,0.08256168448154255,0.12060301507537688,0.0015685558319091797,59.249513387680054,0.003173828125,9950
50,22,C,0.01,198,200,9702,196,196,0,98.0,0.0,0.08146003868270466,0.12244897959183673,0.0008480548858642578,31.378926753997803,0.0032958984375,9900
50,22,Q,0.01,198,200,9702,24,24,0,12.0,0.0,0.08146003868270466,0.12244897959183673,0.0008480548858642578,31.378926753997803,0.0032958984375,9900
50,23,C,0.01,195,200,9557,191,191,0,95.5,0.0,0.09477561682634131,0.15625,0.0008015632629394531,31.11922812461853,0.00439453125,9752
50,23,Q,0.01,195,200,9557,31,30,1,15.0,3.225806451612903,0.09477561682634131,0.15625,0.0008015632629394531,31.11922812461853,0.00439453125,9752
50,24,C,0.01,194,200,9508,188,188,0,94.0,0.0,0.08227745221955461,0.11702127659574468,0.0007085800170898438,47.485379695892334,0.0028076171875,9702
50,24,Q,0.01,194,200,9508,22,22,0,11.0,0.0,0.08227745221955461,0.11702127659574468,0.0007085800170898438,47.485379695892334,0.0028076171875,9702
50,25,C,0.01,198,200,9702,196,196,0,98.0,0.0,0.0667992820215345,0.07653061224489796,0.001010894775390625,47.79648280143738,0.0018310546875,9900
50,25,Q,0.01,198,200,9702,15,15,0,7.5,0.0,0.0667992820215345,0.07653061224489796,0.001010894775390625,47.79648280143738,0.0018310546875,9900
50,26,C,0.01,197,200,9604,198,196,2,98.0,1.0101010101010102,0.07752204486297465,0.10101010101010101,0.001546621322631836,36.51860547065735,0.0029296875,9801
50,26,Q,0.01,197,200,9604,20,20,0,10.0,0.0,0.07752204486297465,0.10101010101010101,0.001546621322631836,36.51860547065735,0.0029296875,9801
50,27,C,0.01,196,200,9606,194,194,0,97.0,0.0,0.08752520927173948,0.13333333333333333,0.0007262229919433594,29.11253070831299,0.0040283203125,9802
50,27,Q,0.01,196,200,9606,27,27,0,13.5,0.0,0.08752520927173948,0.13333333333333333,0.0007262229919433594,29.11253070831299,0.0040283203125,9802
50,28,C,0.01,194,200,9509,191,191,0,95.5,0.0,0.08333352328275831,0.125,0.0009949207305908203,30.46621561050415,0.00341796875,9703
50,28,Q,0.01,194,200,9509,25,24,1,12.0,4.0,0.08333352328275831,0.125,0.0009949207305908203,30.46621561050415,0.00341796875,9703
50,29,C,0.01,197,200,9654,195,195,0,97.5,0.0,0.07791956998857112,0.11282051282051282,0.0009734630584716797,29.39434027671814,0.003173828125,9851
50,29,Q,0.01,197,200,9654,22,22,0,11.0,0.0,0.07791956998857112,0.11282051282051282,0.0009734630584716797,29.39434027671814,0.003173828125,9851
50,30,C,0.01,193,200,9411,189,189,0,94.5,0.0,0.08569713651917428,0.12631578947368421,0.0026636123657226562,50.91627335548401,0.003173828125,9604
50,30,Q,0.01,193,200,9411,25,25,0,12.5,0.0,0.08569713651917428,0.12631578947368421,0.0026636123657226562,50.91627335548401,0.003173828125,9604
50,31,C,0.01,196,200,9605,192,192,0,96.0,0.0,0.08973346471890362,0.13541666666666666,0.0006353855133056641,47.730364084243774,0.0032958984375,9801
50,31,Q,0.01,196,200,9605,26,26,0,13.0,0.0,0.08973346471890362,0.13541666666666666,0.0006353855133056641,47.730364084243774,0.0032958984375,9801
50,32,C,0.01,189,200,9269,181,181,0,90.5,0.0,0.08953558339228165,0.14917127071823205,0.000982046127319336,26.787957906723022,0.00390625,9458
50,32,Q,0.01,189,200,9269,27,27,0,13.5,0.0,0.08953558339228165,0.14917127071823205,0.000982046127319336,26.787957906723022,0.00390625,9458
50,33,C,0.01,196,200,9604,192,192,0,96.0,0.0,0.08159242067154371,0.11458333333333333,0.0009694099426269531,36.849207401275635,0.0032958984375,9800
50,33,Q,0.01,196,200,9604,22,22,0,11.0,0.0,0.08159242067154371,0.11458333333333333,0.0009694099426269531,36.849207401275635,0.0032958984375,9800
50,34,C,0.01,197,200,9653,195,195,0,97.5,0.0,0.09280782832054464,0.14871794871794872,0.00128936767578125,31.56588888168335,0.003662109375,9850
50,34,Q,0.01,197,200,9653,29,29,0,14.5,0.0,0.09280782832054464,0.14871794871794872,0.00128936767578125,31.56588888168335,0.003662109375,9850
50,35,C,0.01,195,200,9556,192,192,0,96.0,0.0,0.0869484403091559,0.13020833333333334,0.0011930465698242188,41.330594301223755,0.0035400390625,9751
50,35,Q,0.01,195,200,9556,25,25,0,12.5,0.0,0.0869484403091559,0.13020833333333334,0.0011930465698242188,41.330594301223755,0.0035400390625,9751
50,36,C,0.01,200,200,9800,200,200,0,100.0,0.0,0.0737369278929579,0.095,0.0007197856903076172,28.965543031692505,0.002685546875,10000
50,36,Q,0.01,200,200,9800,19,19,0,9.5,0.0,0.0737369278929579,0.095,0.0007197856903076172,28.965543031692505,0.002685546875,10000
50,37,C,0.01,198,200,9702,196,196,0,98.0,0.0,0.08022193690952976,0.11224489795918367,0.0008761882781982422,31.497406005859375,0.0028076171875,9900
50,37,Q,0.01,198,200,9702,22,22,0,11.0,0.0,0.08022193690952976,0.11224489795918367,0.0008761882781982422,31.497406005859375,0.0028076171875,9900
50,38,C,0.01,194,200,9509,190,190,0,95.0,0.0,0.09358590730443371,0.14659685863874344,0.0011849403381347656,28.323543787002563,0.003662109375,9703
50,38,Q,0.01,194,200,9509,29,29,0,14.5,0.0,0.09358590730443371,0.14659685863874344,0.0011849403381347656,28.323543787002563,0.003662109375,9703
50,39,C,0.01,198,200,9702,203,196,7,98.0,3.4482758620689653,0.11216309432793917,0.15196078431372548,0.001384735107421875,31.10041904449463,0.004150390625,9900
50,39,Q,0.01,198,200,9702,32,30,2,15.0,6.25,0.11216309432793917,0.15196078431372548,0.001384735107421875,31.10041904449463,0.004150390625,9900
50,40,C,0.01,198,200,9702,200,198,2,99.0,1.0,0.08525315444146159,0.135,0.0008649826049804688,46.996116161346436,0.0037841796875,9900
50,40,Q,0.01,198,200,9702,27,27,0,13.5,0.0,0.08525315444146159,0.135,0.0008649826049804688,46.996116161346436,0.0037841796875,9900
50,41,C,0.01,199,200,9751,199,199,0,99.5,0.0,0.09552745735774312,0.16080402010050251,0.0022242069244384766,69.0297122001648,0.0042724609375,9950
50,41,Q,0.01,199,200,9751,32,32,0,16.0,0.0,0.09552745735774312,0.16080402010050251,0.0022242069244384766,69.0297122001648,0.0042724609375,9950
50,42,C,0.01,199,200,9751,199,199,0,99.5,0.0,0.0990041624564739,0.1658291457286432,0.0013723373413085938,43.47252798080444,0.004150390625,9950
50,42,Q,0.01,199,200,9751,33,33,0,16.5,0.0,0.0990041624564739,0.1658291457286432,0.0013723373413085938,43.47252798080444,0.004150390625,9950
50,43,C,0.01,195,200,9557,191,191,0,95.5,0.0,0.07953947234574377,0.11518324607329843,0.0016088485717773438,48.349775314331055,0.0030517578125,9752
50,43,Q,0.01,195,200,9557,22,22,0,11.0,0.0,0.07953947234574377,0.11518324607329843,0.0016088485717773438,48.349775314331055,0.0030517578125,9752
50,44,C,0.01,199,200,9751,199,199,0,99.5,0.0,0.08268380167564049,0.12562814070351758,0.0009524822235107422,29.12780213356018,0.0032958984375,9950
50,44,Q,0.01,199,200,9751,25,25,0,12.5,0.0,0.08268380167564049,0.12562814070351758,0.0009524822235107422,29.12780213356018,0.0032958984375,9950
50,45,C,0.01,188,200,9220,180,180,0,90.0,0.0,0.06858866533037931,0.08287292817679558,0.0008745193481445312,29.854389905929565,0.001953125,9408
50,45,Q,0.01,188,200,9220,16,16,0,8.0,0.0,0.06858866533037931,0.08287292817679558,0.0008745193481445312,29.854389905929565,0.001953125,9408
50,46,C,0.01,197,200,9653,195,195,0,97.5,0.0,0.08684970698339568,0.12755102040816327,0.0006940364837646484,30.393628358840942,0.003662109375,9850
50,46,Q,0.01,197,200,9653,26,25,1,12.5,3.8461538461538463,0.08684970698339568,0.12755102040816327,0.0006940364837646484,30.393628358840942,0.003662109375,9850
50,47,C,0.01,195,200,9557,191,191,0,95.5,0.0,0.09731716607002645,0.16753926701570682,0.0009393692016601562,32.52178454399109,0.00390625,9752
50,47,Q,0.01,195,200,9557,32,32,0,16.0,0.0,0.09731716607002645,0.16753926701570682,0.0009393692016601562,32.52178454399109,0.00390625,9752
50,48,C,0.01,196,200,9555,194,192,2,96.0,1.0309278350515463,0.09426407157725439,0.14432989690721648,0.0007312297821044922,51.31973648071289,0.0037841796875,9751
50,48,Q,0.01,196,200,9555,28,27,1,13.5,3.5714285714285716,0.09426407157725439,0.14432989690721648,0.0007312297821044922,51.31973648071289,0.0037841796875,9751
50,49,C,0.01,197,200,9653,195,195,0,97.5,0.0,0.0979377029395671,0.16326530612244897,0.001085519790649414,30.887773036956787,0.0042724609375,9850
50,49,Q,0.01,197,200,9653,33,33,0,16.5,0.0,0.0979377029395671,0.16326530612244897,0.001085519790649414,30.887773036956787,0.0042724609375,9850
50,50,C,0.01,198,200,9702,196,196,0,98.0,0.0,0.08673019827148808,0.12755102040816327,0.0005288124084472656,33.52373003959656,0.00341796875,9900
50,50,Q,0.01,198,200,9702,25,25,0,12.5,0.0,0.08673019827148808,0.12755102040816327,0.0005288124084472656,33.52373003959656,0.00341796875,9900
50,51,C,0.01,200,200,9800,200,200,0,100.0,0.0,0.10353508300827752,0.19,0.0015382766723632812,47.625555992126465,0.0048828125,10000
50,51,Q,0.01,200,200,9800,38,38,0,19.0,0.0,0.10353508300827752,0.19,0.0015382766723632812,47.625555992126465,0.0048828125,10000
50,52,C,0.01,198,200,9702,196,196,0,98.0,0.0,0.08245051593560107,0.12244897959183673,0.0005786418914794922,28.78026032447815,0.0032958984375,9900
50,52,Q,0.01,198,200,9702,24,24,0,12.0,0.0,0.08245051593560107,0.12244897959183673,0.0005786418914794922,28.78026032447815,0.0032958984375,9900
50,53,C,0.01,193,200,9458,187,187,0,93.5,0.0,0.0689426833451639,0.0855614973262032,0.0009987354278564453,30.35898184776306,0.0020751953125,9651
50,53,Q,0.01,193,200,9458,16,16,0,8.0,0.0,0.0689426833451639,0.0855614973262032,0.0009987354278564453,30.35898184776306,0.0020751953125,9651
50,54,C,0.01,196,200,9605,192,192,0,96.0,0.0,0.09827539393649515,0.171875,0.0013470649719238281,41.56129455566406,0.00439453125,9801
50,54,Q,0.01,196,200,9605,33,33,0,16.5,0.0,0.09827539393649515,0.171875,0.0013470649719238281,41.56129455566406,0.00439453125,9801
50,55,C,0.01,197,200,9653,195,195,0,97.5,0.0,0.07803447382692286,0.11224489795918367,0.001104116439819336,62.592490673065186,0.0032958984375,9850
50,55,Q,0.01,197,200,9653,23,22,1,11.0,4.3478260869565215,0.07803447382692286,0.11224489795918367,0.001104116439819336,62.592490673065186,0.0032958984375,9850
50,56,C,0.01,197,200,9653,195,195,0,97.5,0.0,0.08271963009084382,0.11794871794871795,0.0009443759918212891,29.789939880371094,0.0032958984375,9850
50,56,Q,0.01,197,200,9653,23,23,0,11.5,0.0,0.08271963009084382,0.11794871794871795,0.0009443759918212891,29.789939880371094,0.0032958984375,9850
50,57,C,0.01,196,200,9606,194,194,0,97.0,0.0,0.08531582702913322,0.12886597938144329,0.0009508132934570312,27.58996272087097,0.00390625,9802
50,57,Q,0.01,196,200,9606,25,25,0,12.5,0.0,0.08531582702913322,0.12886597938144329,0.0009508132934570312,27.58996272087097,0.00390625,9802
50,58,C,0.01,196,200,9605,202,192,10,96.0,4.9504950495049505,0.10985237085535725,0.14285714285714285,0.0013475418090820312,32.25212597846985,0.004150390625,9801
50,58,Q,0.01,196,200,9605,30,26,4,13.0,13.333333333333334,0.10985237085535725,0.14285714285714285,0.0013475418090820312,32.25212597846985,0.004150390625,9801
50,59,C,0.01,200,200,9800,200,200,0,100.0,0.0,0.08834469485690044,0.13,0.0009210109710693359,51.913445234298706,0.003173828125,10000
50,59,Q,0.01,200,200,9800,26,26,0,13.0,0.0,0.08834469485690044,0.13,0.0009210109710693359,51.913445234298706,0.003173828125,10000
