regime,T,rep,family,degree,eps,far_e990,eff_e990,tau_e990,far_e995,eff_e995,tau_e995,far_e999,eff_e999,tau_e999,eff_f001,eff_f010,eff_fixed,far_fixed,cos_C,notes
clean,200,0,classical_invA,,0.0004247940677551889,0.0,1.0,0.3636363636363642,0.0,1.0,0.3636363636363642,0.0,1.0,0.3636363636363642,1.0,1.0,1.0,0.0,0.9999999999999996,
clean,200,0,1bqf_cos,1.0,0.0004247940677551889,0.0,1.0,0.4958849304736624,0.0,1.0,0.4958849304736624,0.0,1.0,0.4958849304736624,1.0,1.0,1.0,0.0,0.9996655136949466,
clean,200,0,comb_prod,8.0,0.0004247940677551889,0.0,1.0,0.14983194331115268,0.0,1.0,0.14983194331115268,0.0,1.0,0.14983194331115268,1.0,1.0,0.5,0.0,0.9983562590414643,
clean,200,0,comb_prod,12.0,0.0004247940677551889,0.0,1.0,0.25986385114212623,0.0,1.0,0.25986385114212623,0.0,1.0,0.25986385114212623,1.0,1.0,1.0,0.0,0.9999952942101279,
clean,200,0,comb_prod,16.0,0.0004247940677551889,0.0,1.0,0.2921160802126149,0.0,1.0,0.2921160802126149,0.0,1.0,0.2921160802126149,1.0,1.0,1.0,0.0,0.9997694993195552,
clean,200,0,comb_prod,20.0,0.0004247940677551889,0.0,1.0,0.3014544402153997,0.0,1.0,0.3014544402153997,0.0,1.0,0.3014544402153997,1.0,1.0,1.0,0.0,0.9997870759678316,
clean,200,0,comb_prod,24.0,0.0004247940677551889,0.0,1.0,0.3361540562963339,0.0,1.0,0.3361540562963339,0.0,1.0,0.3361540562963339,1.0,1.0,1.0,0.0,0.9999826447205407,
clean,200,0,comb_prod,28.0,0.0004247940677551889,0.0,1.0,0.3497970009296172,0.0,1.0,0.3497970009296172,0.0,1.0,0.3497970009296172,1.0,1.0,1.0,0.0,0.9999691472682297,
clean,200,0,comb_prod,32.0,0.0004247940677551889,0.0,1.0,0.35136332877249105,0.0,1.0,0.35136332877249105,0.0,1.0,0.35136332877249105,1.0,1.0,1.0,0.0,0.9999800716010125,
clean,200,0,comb_prod,36.0,0.0004247940677551889,0.0,1.0,0.35661354236184667,0.0,1.0,0.35661354236184667,0.0,1.0,0.35661354236184667,1.0,1.0,1.0,0.0,0.9999991417742182,
clean,200,0,comb_prod,40.0,0.0004247940677551889,0.0,1.0,0.3605863287863949,0.0,1.0,0.3605863287863949,0.0,1.0,0.3605863287863949,1.0,1.0,1.0,0.0,0.9999990874149073,
clean,200,0,comb_prod,44.0,0.0004247940677551889,0.0,1.0,0.3610536718105759,0.0,1.0,0.3610536718105759,0.0,1.0,0.3610536718105759,1.0,1.0,1.0,0.0,0.9999994237584429,
clean,200,0,comb_prod,48.0,0.0004247940677551889,0.0,1.0,0.36131293223595723,0.0,1.0,0.36131293223595723,0.0,1.0,0.36131293223595723,1.0,1.0,1.0,0.0,0.9999999461200851,
clean,200,0,comb_prod,52.0,0.0004247940677551889,0.0,1.0,0.36212958170587195,0.0,1.0,0.36212958170587195,0.0,1.0,0.36212958170587195,1.0,1.0,1.0,0.0,0.9999999621085248,
clean,200,0,comb_prod,64.0,0.0004247940677551889,0.0,1.0,0.3624967352946637,0.0,1.0,0.3624967352946637,0.0,1.0,0.3624967352946637,1.0,1.0,1.0,0.0,0.9999999070821282,
clean,200,0,comb_prod,68.0,0.0004247940677551889,0.0,1.0,0.3625773426977186,0.0,1.0,0.3625773426977186,0.0,1.0,0.3625773426977186,1.0,1.0,1.0,0.0,0.9999999190225636,
clean,200,0,band_inverse,8.0,0.0004247940677551889,0.012345679012345678,1.0,0.17647833163295426,0.012345679012345678,1.0,0.17647833163295426,0.012345679012345678,1.0,0.17647833163295426,0.0,0.0,1.0,0.012345679012345678,0.9979751900274475,
clean,200,0,band_inverse,12.0,0.0004247940677551889,0.012345679012345678,1.0,0.25512781055153533,0.012345679012345678,1.0,0.25512781055153533,0.012345679012345678,1.0,0.25512781055153533,0.0,0.0,1.0,0.012345679012345678,0.9924835255711415,
clean,200,0,band_inverse,16.0,0.0004247940677551889,0.012345679012345678,1.0,0.25084730920355025,0.012345679012345678,1.0,0.25084730920355025,0.012345679012345678,1.0,0.25084730920355025,0.0,0.0,1.0,0.012345679012345678,0.9926999728574577,
clean,200,0,band_inverse,20.0,0.0004247940677551889,0.012345679012345678,1.0,0.27728896461922614,0.012345679012345678,1.0,0.27728896461922614,0.012345679012345678,1.0,0.27728896461922614,0.0,0.0,1.0,0.012345679012345678,0.9987375679627457,
clean,200,0,band_inverse,24.0,0.0004247940677551889,0.012345679012345678,1.0,0.2855094699921481,0.012345679012345678,1.0,0.2855094699921481,0.012345679012345678,1.0,0.2855094699921481,0.0,0.0,1.0,0.012345679012345678,0.9992540515619969,
clean,200,0,band_inverse,28.0,0.0004247940677551889,0.012345679012345678,1.0,0.2967484896090295,0.012345679012345678,1.0,0.2967484896090295,0.012345679012345678,1.0,0.2967484896090295,0.5,0.5,1.0,0.012345679012345678,0.9998784233451339,
clean,200,0,band_inverse,32.0,0.0004247940677551889,0.012345679012345678,1.0,0.3068304992892662,0.012345679012345678,1.0,0.3068304992892662,0.012345679012345678,1.0,0.3068304992892662,0.5,0.5,1.0,0.012345679012345678,0.9997467531290511,
clean,200,0,band_inverse,36.0,0.0004247940677551889,0.012345679012345678,1.0,0.3119012932904306,0.012345679012345678,1.0,0.3119012932904306,0.012345679012345678,1.0,0.3119012932904306,0.5,0.5,1.0,0.012345679012345678,0.9996866826435337,
clean,200,0,band_inverse,40.0,0.0004247940677551889,0.012345679012345678,1.0,0.31566410523162153,0.012345679012345678,1.0,0.31566410523162153,0.012345679012345678,1.0,0.31566410523162153,0.5,0.5,1.0,0.012345679012345678,0.9995772557055903,
clean,200,0,band_inverse,44.0,0.0004247940677551889,0.012345679012345678,1.0,0.31310812459302745,0.012345679012345678,1.0,0.31310812459302745,0.012345679012345678,1.0,0.31310812459302745,0.5,0.5,1.0,0.012345679012345678,0.9996225566477207,
clean,200,0,band_inverse,48.0,0.0004247940677551889,0.012345679012345678,1.0,0.3119316928775982,0.012345679012345678,1.0,0.3119316928775982,0.012345679012345678,1.0,0.3119316928775982,0.5,0.5,1.0,0.012345679012345678,0.9997282097935704,
clean,200,0,band_inverse,52.0,0.0004247940677551889,0.012345679012345678,1.0,0.31004399977572,0.012345679012345678,1.0,0.31004399977572,0.012345679012345678,1.0,0.31004399977572,0.5,0.5,1.0,0.012345679012345678,0.9997222195554268,
clean,200,0,band_inverse,64.0,0.0004247940677551889,0.012345679012345678,1.0,0.3109441689758647,0.012345679012345678,1.0,0.3109441689758647,0.012345679012345678,1.0,0.3109441689758647,0.5,0.5,1.0,0.012345679012345678,0.9996730120540872,
clean,200,0,band_inverse,68.0,0.0004247940677551889,0.012345679012345678,1.0,0.3105733010616417,0.012345679012345678,1.0,0.3105733010616417,0.012345679012345678,1.0,0.3105733010616417,0.5,0.5,1.0,0.012345679012345678,0.9996750985750236,
clean,200,0,sharp_comb,80.0,0.0004247940677551889,0.0,1.0,0.3435765881964579,0.0,1.0,0.3435765881964579,0.0,1.0,0.3435765881964579,1.0,1.0,1.0,0.0,0.9999346570525544,
clean,200,0,sharp_comb,84.0,0.0004247940677551889,0.0,1.0,0.34269904648184657,0.0,1.0,0.34269904648184657,0.0,1.0,0.34269904648184657,1.0,1.0,1.0,0.0,0.9999718363532583,
clean,200,0,sharp_comb,120.0,0.0004247940677551889,0.0,1.0,0.3608452770393355,0.0,1.0,0.3608452770393355,0.0,1.0,0.3608452770393355,1.0,1.0,1.0,0.0,0.999998217310674,
clean,200,0,sharp_comb,124.0,0.0004247940677551889,0.0,1.0,0.36086375514449004,0.0,1.0,0.36086375514449004,0.0,1.0,0.36086375514449004,1.0,1.0,1.0,0.0,0.9999983717447689,
clean,200,0,normalized_half_comb,12.0,0.0004247940677551889,0.012345679012345678,1.0,0.1554723497112231,0.012345679012345678,1.0,0.1554723497112231,0.012345679012345678,1.0,0.1554723497112231,0.5,0.5,0.5,0.024390243902439025,0.8949624029855063,
clean,200,0,normalized_half_comb,16.0,0.0004247940677551889,0.012345679012345678,1.0,0.17103308443375737,0.012345679012345678,1.0,0.17103308443375737,0.012345679012345678,1.0,0.17103308443375737,0.5,0.5,0.5,0.024390243902439025,0.8972130442622456,
clean,200,0,normalized_half_comb,20.0,0.0004247940677551889,0.0,1.0,0.0722664459809988,0.0,1.0,0.0722664459809988,0.0,1.0,0.0722664459809988,1.0,1.0,0.5,0.0,0.8397502494675967,
clean,200,0,normalized_half_comb,24.0,0.0004247940677551889,0.012345679012345678,1.0,0.05383999724680008,0.012345679012345678,1.0,0.05383999724680008,0.012345679012345678,1.0,0.05383999724680008,0.5,0.5,0.5,0.0,0.7771006866655904,
clean,200,0,normalized_half_comb,28.0,0.0004247940677551889,0.0,1.0,0.08177808870064127,0.0,1.0,0.08177808870064127,0.0,1.0,0.08177808870064127,1.0,1.0,0.5,0.0,0.8506937622712019,
clean,200,0,normalized_half_comb,32.0,0.0004247940677551889,0.0,1.0,0.13585882467273408,0.0,1.0,0.13585882467273408,0.0,1.0,0.13585882467273408,1.0,1.0,0.5,0.0,0.9590049720761071,
clean,200,0,normalized_half_comb,36.0,0.0004247940677551889,0.0,1.0,0.1274139351526866,0.0,1.0,0.1274139351526866,0.0,1.0,0.1274139351526866,1.0,1.0,0.5,0.0,0.9447076980632341,
clean,200,0,normalized_half_comb,40.0,0.0004247940677551889,0.0,1.0,0.13473471897188827,0.0,1.0,0.13473471897188827,0.0,1.0,0.13473471897188827,1.0,1.0,0.5,0.0,0.9562185712535237,
clean,200,0,normalized_half_comb,44.0,0.0004247940677551889,0.0,1.0,0.13736038388415453,0.0,1.0,0.13736038388415453,0.0,1.0,0.13736038388415453,1.0,1.0,0.5,0.0,0.9599035289860246,
clean,200,0,fitted_binned,,0.0004247940677551889,0.0,1.0,0.8661694480104074,0.0,1.0,0.8661694480104074,0.0,1.0,0.8661694480104074,1.0,1.0,1.0,0.0,0.999999999999999,mu=0.003 nb=164
clean,200,0,fitted_ridge,20.0,0.0004247940677551889,0.0,1.0,0.2482522009734744,0.0,1.0,0.2482522009734744,0.0,1.0,0.2482522009734744,1.0,1.0,0.5,0.0,0.9953383744665744,mu=0.003
clean,200,0,fitted_ridge,24.0,0.0004247940677551889,0.0,1.0,0.23884598055724057,0.0,1.0,0.23884598055724057,0.0,1.0,0.23884598055724057,1.0,1.0,0.5,0.0,0.9958720158061497,mu=0.003
clean,200,0,fitted_ridge,28.0,0.0004247940677551889,0.0,1.0,0.2768939990236402,0.0,1.0,0.2768939990236402,0.0,1.0,0.2768939990236402,1.0,1.0,0.5,0.0,0.9960105877845001,mu=0.003
clean,200,0,fitted_ridge,32.0,0.0004247940677551889,0.0,1.0,0.3390625789641319,0.0,1.0,0.3390625789641319,0.0,1.0,0.3390625789641319,1.0,1.0,0.5,0.0,0.9960097597355796,mu=0.003
clean,200,0,fitted_ridge,40.0,0.0004247940677551889,0.0,1.0,0.3158384851400534,0.0,1.0,0.3158384851400534,0.0,1.0,0.3158384851400534,1.0,1.0,0.5,0.0,0.9970821617762874,mu=0.003
clean,200,0,fitted_ridge,44.0,0.0004247940677551889,0.0,1.0,0.3041630380985418,0.0,1.0,0.3041630380985418,0.0,1.0,0.3041630380985418,1.0,1.0,0.5,0.0,0.9973514278573512,mu=0.003
clean,200,1,classical_invA,,0.0004247940677551889,0.0,1.0,0.3636363636363642,0.0,1.0,0.3636363636363642,0.0,1.0,0.3636363636363642,1.0,1.0,1.0,0.0,0.9999999999999996,
clean,200,1,1bqf_cos,1.0,0.0004247940677551889,0.0,1.0,0.4958849304736624,0.0,1.0,0.4958849304736624,0.0,1.0,0.4958849304736624,1.0,1.0,1.0,0.0,0.9996655136949466,
clean,200,1,comb_prod,8.0,0.0004247940677551889,0.0,1.0,0.14983194331115268,0.0,1.0,0.14983194331115268,0.0,1.0,0.14983194331115268,1.0,1.0,0.5,0.0,0.9983562590414643,
clean,200,1,comb_prod,12.0,0.0004247940677551889,0.0,1.0,0.25986385114212623,0.0,1.0,0.25986385114212623,0.0,1.0,0.25986385114212623,1.0,1.0,1.0,0.0,0.9999952942101279,
clean,200,1,comb_prod,16.0,0.0004247940677551889,0.0,1.0,0.2921160802126149,0.0,1.0,0.2921160802126149,0.0,1.0,0.2921160802126149,1.0,1.0,1.0,0.0,0.9997694993195552,
clean,200,1,comb_prod,20.0,0.0004247940677551889,0.0,1.0,0.3014544402153997,0.0,1.0,0.3014544402153997,0.0,1.0,0.3014544402153997,1.0,1.0,1.0,0.0,0.9997870759678316,
clean,200,1,comb_prod,24.0,0.0004247940677551889,0.0,1.0,0.3361540562963339,0.0,1.0,0.3361540562963339,0.0,1.0,0.3361540562963339,1.0,1.0,1.0,0.0,0.9999826447205407,
clean,200,1,comb_prod,28.0,0.0004247940677551889,0.0,1.0,0.3497970009296172,0.0,1.0,0.3497970009296172,0.0,1.0,0.3497970009296172,1.0,1.0,1.0,0.0,0.9999691472682297,
clean,200,1,comb_prod,32.0,0.0004247940677551889,0.0,1.0,0.35136332877249105,0.0,1.0,0.35136332877249105,0.0,1.0,0.35136332877249105,1.0,1.0,1.0,0.0,0.9999800716010117,
clean,200,1,comb_prod,36.0,0.0004247940677551889,0.0,1.0,0.35661354236184667,0.0,1.0,0.35661354236184667,0.0,1.0,0.35661354236184667,1.0,1.0,1.0,0.0,0.9999991417742182,
clean,200,1,comb_prod,40.0,0.0004247940677551889,0.0,1.0,0.3605863287863949,0.0,1.0,0.3605863287863949,0.0,1.0,0.3605863287863949,1.0,1.0,1.0,0.0,0.9999990874149073,
clean,200,1,comb_prod,44.0,0.0004247940677551889,0.0,1.0,0.3610536718105759,0.0,1.0,0.3610536718105759,0.0,1.0,0.3610536718105759,1.0,1.0,1.0,0.0,0.9999994237584429,
clean,200,1,comb_prod,48.0,0.0004247940677551889,0.0,1.0,0.36131293223595723,0.0,1.0,0.36131293223595723,0.0,1.0,0.36131293223595723,1.0,1.0,1.0,0.0,0.9999999461200858,
clean,200,1,comb_prod,52.0,0.0004247940677551889,0.0,1.0,0.36212958170587195,0.0,1.0,0.36212958170587195,0.0,1.0,0.36212958170587195,1.0,1.0,1.0,0.0,0.9999999621085246,
clean,200,1,comb_prod,64.0,0.0004247940677551889,0.0,1.0,0.3624967352946637,0.0,1.0,0.3624967352946637,0.0,1.0,0.3624967352946637,1.0,1.0,1.0,0.0,0.9999999070821282,
clean,200,1,comb_prod,68.0,0.0004247940677551889,0.0,1.0,0.3625773426977186,0.0,1.0,0.3625773426977186,0.0,1.0,0.3625773426977186,1.0,1.0,1.0,0.0,0.9999999190225636,
clean,200,1,band_inverse,8.0,0.0004247940677551889,0.012345679012345678,1.0,0.17647833163295426,0.012345679012345678,1.0,0.17647833163295426,0.012345679012345678,1.0,0.17647833163295426,0.0,0.0,1.0,0.012345679012345678,0.9979751900274475,
clean,200,1,band_inverse,12.0,0.0004247940677551889,0.012345679012345678,1.0,0.25512781055153533,0.012345679012345678,1.0,0.25512781055153533,0.012345679012345678,1.0,0.25512781055153533,0.0,0.0,1.0,0.012345679012345678,0.9924835255711415,
clean,200,1,band_inverse,16.0,0.0004247940677551889,0.012345679012345678,1.0,0.25084730920355025,0.012345679012345678,1.0,0.25084730920355025,0.012345679012345678,1.0,0.25084730920355025,0.0,0.0,1.0,0.012345679012345678,0.9926999728574577,
clean,200,1,band_inverse,20.0,0.0004247940677551889,0.012345679012345678,1.0,0.27728896461922614,0.012345679012345678,1.0,0.27728896461922614,0.012345679012345678,1.0,0.27728896461922614,0.0,0.0,1.0,0.012345679012345678,0.9987375679627457,
clean,200,1,band_inverse,24.0,0.0004247940677551889,0.012345679012345678,1.0,0.2855094699921481,0.012345679012345678,1.0,0.2855094699921481,0.012345679012345678,1.0,0.2855094699921481,0.0,0.0,1.0,0.012345679012345678,0.9992540515619969,
clean,200,1,band_inverse,28.0,0.0004247940677551889,0.012345679012345678,1.0,0.2967484896090295,0.012345679012345678,1.0,0.2967484896090295,0.012345679012345678,1.0,0.2967484896090295,0.5,0.5,1.0,0.012345679012345678,0.9998784233451339,
clean,200,1,band_inverse,32.0,0.0004247940677551889,0.012345679012345678,1.0,0.3068304992892662,0.012345679012345678,1.0,0.3068304992892662,0.012345679012345678,1.0,0.3068304992892662,0.5,0.5,1.0,0.012345679012345678,0.9997467531290511,
clean,200,1,band_inverse,36.0,0.0004247940677551889,0.012345679012345678,1.0,0.3119012932904306,0.012345679012345678,1.0,0.3119012932904306,0.012345679012345678,1.0,0.3119012932904306,0.5,0.5,1.0,0.012345679012345678,0.9996866826435341,
clean,200,1,band_inverse,40.0,0.0004247940677551889,0.012345679012345678,1.0,0.31566410523162153,0.012345679012345678,1.0,0.31566410523162153,0.012345679012345678,1.0,0.31566410523162153,0.5,0.5,1.0,0.012345679012345678,0.9995772557055901,
clean,200,1,band_inverse,44.0,0.0004247940677551889,0.012345679012345678,1.0,0.31310812459302745,0.012345679012345678,1.0,0.31310812459302745,0.012345679012345678,1.0,0.31310812459302745,0.5,0.5,1.0,0.012345679012345678,0.9996225566477204,
clean,200,1,band_inverse,48.0,0.0004247940677551889,0.012345679012345678,1.0,0.3119316928775982,0.012345679012345678,1.0,0.3119316928775982,0.012345679012345678,1.0,0.3119316928775982,0.5,0.5,1.0,0.012345679012345678,0.9997282097935704,
clean,200,1,band_inverse,52.0,0.0004247940677551889,0.012345679012345678,1.0,0.31004399977572,0.012345679012345678,1.0,0.31004399977572,0.012345679012345678,1.0,0.31004399977572,0.5,0.5,1.0,0.012345679012345678,0.999722219555427,
clean,200,1,band_inverse,64.0,0.0004247940677551889,0.012345679012345678,1.0,0.3109441689758647,0.012345679012345678,1.0,0.3109441689758647,0.012345679012345678,1.0,0.3109441689758647,0.5,0.5,1.0,0.012345679012345678,0.9996730120540872,
clean,200,1,band_inverse,68.0,0.0004247940677551889,0.012345679012345678,1.0,0.3105733010616417,0.012345679012345678,1.0,0.3105733010616417,0.012345679012345678,1.0,0.3105733010616417,0.5,0.5,1.0,0.012345679012345678,0.9996750985750236,
clean,200,1,sharp_comb,80.0,0.0004247940677551889,0.0,1.0,0.3435765881964579,0.0,1.0,0.3435765881964579,0.0,1.0,0.3435765881964579,1.0,1.0,1.0,0.0,0.9999346570525544,
clean,200,1,sharp_comb,84.0,0.0004247940677551889,0.0,1.0,0.34269904648184657,0.0,1.0,0.34269904648184657,0.0,1.0,0.34269904648184657,1.0,1.0,1.0,0.0,0.9999718363532583,
clean,200,1,sharp_comb,120.0,0.0004247940677551889,0.0,1.0,0.3608452770393355,0.0,1.0,0.3608452770393355,0.0,1.0,0.3608452770393355,1.0,1.0,1.0,0.0,0.9999982173106752,
clean,200,1,sharp_comb,124.0,0.0004247940677551889,0.0,1.0,0.36086375514449004,0.0,1.0,0.36086375514449004,0.0,1.0,0.36086375514449004,1.0,1.0,1.0,0.0,0.9999983717447689,
clean,200,1,normalized_half_comb,12.0,0.0004247940677551889,0.012345679012345678,1.0,0.1554723497112231,0.012345679012345678,1.0,0.1554723497112231,0.012345679012345678,1.0,0.1554723497112231,0.5,0.5,0.5,0.024390243902439025,0.8949624029855063,
clean,200,1,normalized_half_comb,16.0,0.0004247940677551889,0.012345679012345678,1.0,0.17103308443375737,0.012345679012345678,1.0,0.17103308443375737,0.012345679012345678,1.0,0.17103308443375737,0.5,0.5,0.5,0.024390243902439025,0.8972130442622456,
clean,200,1,normalized_half_comb,20.0,0.0004247940677551889,0.0,1.0,0.0722664459809988,0.0,1.0,0.0722664459809988,0.0,1.0,0.0722664459809988,1.0,1.0,0.5,0.0,0.8397502494675967,
clean,200,1,normalized_half_comb,24.0,0.0004247940677551889,0.012345679012345678,1.0,0.05383999724680008,0.012345679012345678,1.0,0.05383999724680008,0.012345679012345678,1.0,0.05383999724680008,0.5,0.5,0.5,0.0,0.7771006866655904,
clean,200,1,normalized_half_comb,28.0,0.0004247940677551889,0.0,1.0,0.08177808870064127,0.0,1.0,0.08177808870064127,0.0,1.0,0.08177808870064127,1.0,1.0,0.5,0.0,0.8506937622712019,
clean,200,1,normalized_half_comb,32.0,0.0004247940677551889,0.0,1.0,0.13585882467273408,0.0,1.0,0.13585882467273408,0.0,1.0,0.13585882467273408,1.0,1.0,0.5,0.0,0.9590049720761071,
clean,200,1,normalized_half_comb,36.0,0.0004247940677551889,0.0,1.0,0.1274139351526866,0.0,1.0,0.1274139351526866,0.0,1.0,0.1274139351526866,1.0,1.0,0.5,0.0,0.9447076980632334,
clean,200,1,normalized_half_comb,40.0,0.0004247940677551889,0.0,1.0,0.13473471897188827,0.0,1.0,0.13473471897188827,0.0,1.0,0.13473471897188827,1.0,1.0,0.5,0.0,0.9562185712535237,
clean,200,1,normalized_half_comb,44.0,0.0004247940677551889,0.0,1.0,0.13736038388415453,0.0,1.0,0.13736038388415453,0.0,1.0,0.13736038388415453,1.0,1.0,0.5,0.0,0.9599035289860246,
clean,200,1,fitted_binned,,0.0004247940677551889,0.0,1.0,0.8661694480104074,0.0,1.0,0.8661694480104074,0.0,1.0,0.8661694480104074,1.0,1.0,1.0,0.0,0.999999999999999,mu=0.003 nb=164
clean,200,1,fitted_ridge,20.0,0.0004247940677551889,0.0,1.0,0.2482522009734744,0.0,1.0,0.2482522009734744,0.0,1.0,0.2482522009734744,1.0,1.0,0.5,0.0,0.9953383744665744,mu=0.003
clean,200,1,fitted_ridge,24.0,0.0004247940677551889,0.0,1.0,0.23884598055724057,0.0,1.0,0.23884598055724057,0.0,1.0,0.23884598055724057,1.0,1.0,0.5,0.0,0.9958720158061497,mu=0.003
clean,200,1,fitted_ridge,28.0,0.0004247940677551889,0.0,1.0,0.2768939990236402,0.0,1.0,0.2768939990236402,0.0,1.0,0.2768939990236402,1.0,1.0,0.5,0.0,0.9960105877845001,mu=0.003
clean,200,1,fitted_ridge,32.0,0.0004247940677551889,0.0,1.0,0.3390625789641319,0.0,1.0,0.3390625789641319,0.0,1.0,0.3390625789641319,1.0,1.0,0.5,0.0,0.9960097597355796,mu=0.003
clean,200,1,fitted_ridge,40.0,0.0004247940677551889,0.0,1.0,0.3158384851400534,0.0,1.0,0.3158384851400534,0.0,1.0,0.3158384851400534,1.0,1.0,0.5,0.0,0.9970821617762874,mu=0.003
clean,200,1,fitted_ridge,44.0,0.0004247940677551889,0.0,1.0,0.3041630380985418,0.0,1.0,0.3041630380985418,0.0,1.0,0.3041630380985418,1.0,1.0,0.5,0.0,0.9973514278573512,mu=0.003
clean,200,1,fitted_xval,,0.0004247940677551889,0.0,1.0,0.8661694480104074,0.0,1.0,0.8661694480104074,0.0,1.0,0.8661694480104074,1.0,1.0,1.0,0.0,0.999999999999999,rep0 response verbatim
clean,200,2,classical_invA,,0.0004247940677551889,0.008674101610904586,1.0,0.3636363636363642,0.008674101610904586,1.0,0.3636363636363642,0.008674101610904586,1.0,0.3636363636363642,0.005,1.0,1.0,0.008674101610904586,0.9999999999999998,
clean,200,2,1bqf_cos,1.0,0.0004247940677551889,0.008674101610904586,1.0,0.4958849304736624,0.008674101610904586,1.0,0.4958849304736624,0.008674101610904586,1.0,0.4958849304736624,0.005,1.0,1.0,0.008674101610904586,0.9994404106334712,
clean,200,2,comb_prod,8.0,0.0004247940677551889,0.0,0.99,0.1294896015395311,0.9950247823342271,0.995,0.03645658813258405,0.995,1.0,0.0010674484972333822,0.99,0.99,0.99,0.0,0.9862608614792718,
clean,200,2,comb_prod,12.0,0.0004247940677551889,0.0,0.99,0.1491766284106824,0.01485148514851485,0.995,0.07198919391261202,0.995,1.0,0.026336991903118438,0.99125,0.99125,0.99,0.0,0.9898862306018926,
clean,200,2,comb_prod,16.0,0.0004247940677551889,0.0,0.99,0.25560695145128653,0.995024471350081,0.995,0.038515879762910155,0.9949996874804675,1.0,0.012601210868153495,0.99125,0.99125,0.99,0.0,0.9851223130338359,
clean,200,2,comb_prod,20.0,0.0004247940677551889,0.0,0.99,0.2818062017043467,0.9950244402495281,0.995,0.030552832909306257,0.9949996874804675,1.0,0.00047549326375126124,0.99125,0.99375,0.99,0.0,0.9845864865069438,
clean,200,2,comb_prod,24.0,0.0004247940677551889,0.0,0.99,0.2939380646142536,0.995024471350081,0.995,0.02415339833926916,0.9949996874804675,1.0,0.006844573080091422,0.99,0.9925,0.99,0.0,0.9844823120488805,
clean,200,2,comb_prod,28.0,0.0004247940677551889,0.0,0.99,0.30584219004897223,0.002506265664160401,0.995,0.03934671524855348,0.007444168734491315,1.0,0.013915401506914891,0.9925,1.0,0.99,0.0,0.9850026798290027,
clean,200,2,comb_prod,32.0,0.0004247940677551889,0.0,0.99,0.3373865996770499,0.995024471350081,0.995,0.021302310925536663,0.995,1.0,0.0014938072041031933,0.99,0.9925,0.99,0.0,0.9839922020739942,
clean,200,2,comb_prod,36.0,0.0004247940677551889,0.0,0.99,0.34825721646992425,0.005,0.995,0.018948326154646006,0.995,1.0,0.00033082223587725055,0.99,0.99625,0.99,0.0,0.9838624366024069,
clean,200,2,comb_prod,40.0,0.0004247940677551889,0.0,0.99,0.34960181073118207,0.005,0.995,0.021645563311828205,0.995,1.0,0.00135994720174896,0.99,0.9975,0.99,0.0,0.9839204248762626,
clean,200,2,comb_prod,44.0,0.0004247940677551889,0.0,0.99,0.35391916179741,0.005,0.995,0.018383005933393495,0.008674101610904586,1.0,0.0013183689864775343,0.99,1.0,0.99,0.0,0.983881725988479,
clean,200,2,comb_prod,48.0,0.0004247940677551889,0.0,0.99,0.35808942070897026,0.005,0.995,0.019530688546640085,0.9949996874804675,1.0,0.0025266589996076395,0.99,0.9975,0.99,0.0,0.9837989349659738,
clean,200,2,comb_prod,52.0,0.0004247940677551889,0.0,0.99,0.3608025072185455,0.005,0.995,0.01813667898851675,0.995,1.0,0.002564667867007576,0.99,0.9975,0.99,0.0,0.9837594843004905,
clean,200,2,comb_prod,64.0,0.0004247940677551889,0.0,0.99,0.3617472475449473,0.005,0.995,0.018593289432952163,0.0208078335373317,1.0,0.002690950929599154,0.99,0.9975,0.99,0.0,0.9837611382493673,
clean,200,2,comb_prod,68.0,0.0004247940677551889,0.0,0.99,0.3621811188487372,0.005,0.995,0.0184802231480957,0.0196078431372549,1.0,0.0027868574860567307,0.99,0.9975,0.99,0.0,0.9837561004020935,
clean,200,2,band_inverse,8.0,0.0004247940677551889,0.012468827930174564,0.99,0.1999809830241138,0.01485148514851485,0.995,0.09096871817441009,0.0208078335373317,1.0,0.014652110066593262,0.0,0.0,0.99,0.012468827930174564,0.9888348476233793,
clean,200,2,band_inverse,12.0,0.0004247940677551889,0.012468827930174564,0.99,0.18594036392942204,0.016069221260815822,0.995,0.09764485843197537,0.0208078335373317,1.0,0.006760494353245563,0.0,0.0,0.99,0.012468827930174564,0.9799954440002594,
clean,200,2,band_inverse,16.0,0.0004247940677551889,0.012468827930174564,0.99,0.25057562438127345,0.016069221260815822,0.995,0.05272286935279156,0.018404907975460124,1.0,0.01432981215896455,0.0,0.0,0.99,0.012468827930174564,0.9786442097870027,
clean,200,2,band_inverse,20.0,0.0004247940677551889,0.012468827930174564,0.99,0.24445249465220562,0.01728395061728395,0.995,0.05738403719662192,0.0196078431372549,1.0,0.016252612099366508,0.0,0.0,0.99,0.012468827930174564,0.9785894404412815,
clean,200,2,band_inverse,24.0,0.0004247940677551889,0.012468827930174564,0.99,0.26628684928116775,0.013630731102850062,0.995,0.07613156908763763,0.0196078431372549,1.0,0.029828730326322,0.0,0.0,0.99,0.012468827930174564,0.9858333596893336,
clean,200,2,band_inverse,28.0,0.0004247940677551889,0.012468827930174564,0.99,0.28001102594033284,0.013630731102850062,0.995,0.06710400443148393,0.0196078431372549,1.0,0.026312976070454092,0.0,0.0,0.99,0.012468827930174564,0.98620377737171,
clean,200,2,band_inverse,32.0,0.0004247940677551889,0.012468827930174564,0.99,0.27528515299084333,0.018495684340320593,0.995,0.06295514381950906,0.0196078431372549,1.0,0.02231418525144322,0.0,0.0,0.99,0.012468827930174564,0.9861451834740619,
clean,200,2,band_inverse,36.0,0.0004247940677551889,0.012468827930174564,0.99,0.30115189984746243,0.013630731102850062,0.995,0.07692506090357322,0.0196078431372549,1.0,0.04259359630511475,0.495,0.495,0.99,0.012468827930174564,0.986677115783317,
clean,200,2,band_inverse,40.0,0.0004247940677551889,0.012468827930174564,0.99,0.3051764736433412,0.01240694789081886,0.995,0.08253420250945105,0.0196078431372549,1.0,0.04929388213093682,0.495,0.495,0.99,0.012468827930174564,0.9867020502221491,
clean,200,2,band_inverse,44.0,0.0004247940677551889,0.012468827930174564,0.99,0.30944330798205183,0.013630731102850062,0.995,0.07614381851579963,0.0196078431372549,1.0,0.04043063160512298,0.495,0.495,0.99,0.012468827930174564,0.9864253205988328,
clean,200,2,band_inverse,48.0,0.0004247940677551889,0.012468827930174564,0.99,0.3165304837997938,0.013630731102850062,0.995,0.07341611182573332,0.0196078431372549,1.0,0.04122327629077258,0.495,0.495,0.99,0.012468827930174564,0.9861627510475462,
clean,200,2,band_inverse,52.0,0.0004247940677551889,0.012468827930174564,0.99,0.31259556643211883,0.01240694789081886,0.995,0.07975125547420948,0.0196078431372549,1.0,0.048091348932413486,0.495,0.495,0.99,0.012468827930174564,0.9864001552849503,
clean,200,2,band_inverse,64.0,0.0004247940677551889,0.012468827930174564,0.99,0.3103158848112243,0.01240694789081886,0.995,0.07830960670879013,0.0196078431372549,1.0,0.04755216582040873,0.495,0.495,0.99,0.012468827930174564,0.9864145757368247,
clean,200,2,band_inverse,68.0,0.0004247940677551889,0.012468827930174564,0.99,0.311145293698223,0.01240694789081886,0.995,0.07859016618753609,0.0196078431372549,1.0,0.04843256139748898,0.495,0.495,0.99,0.012468827930174564,0.9864209413112018,
clean,200,2,sharp_comb,80.0,0.0004247940677551889,0.0,0.99,0.30986432759949284,0.9950247823342271,0.995,0.0042105750474953334,0.9949999374992188,1.0,0.0014358056322092024,0.99,0.99,0.99,0.0,0.9827410014555448,
clean,200,2,sharp_comb,84.0,0.0004247940677551889,0.0,0.99,0.32025277621242537,0.005,0.995,0.0051777423727537505,0.9949999687498047,1.0,0.0004444915795787466,0.99,0.99625,0.99,0.0,0.9828485381778629,
clean,200,2,sharp_comb,120.0,0.0004247940677551889,0.0,0.99,0.35118590389138704,0.9950247823342271,0.995,0.0013681624123285485,0.995,1.0,8.589636817573274e-06,0.99,0.99,0.99,0.0,0.9826402244440997,
clean,200,2,sharp_comb,124.0,0.0004247940677551889,0.0,0.99,0.3514161243575064,0.9950247823342271,0.995,0.0024298276166653016,0.9949999687498047,1.0,0.0011810222748457934,0.99,0.99,0.99,0.0,0.982705612198672,
clean,200,2,normalized_half_comb,12.0,0.0004247940677551889,0.0208078335373317,1.0,0.1554723497112231,0.0208078335373317,1.0,0.1554723497112231,0.0208078335373317,1.0,0.1554723497112231,0.495,0.5,0.50125,0.036057692307692304,0.8944402039194003,
clean,200,2,normalized_half_comb,16.0,0.0004247940677551889,0.0208078335373317,1.0,0.17103308443375737,0.0208078335373317,1.0,0.17103308443375737,0.0208078335373317,1.0,0.17103308443375737,0.49625,0.5,0.50125,0.03140096618357488,0.896920491693818,
clean,200,2,normalized_half_comb,20.0,0.0004247940677551889,0.002512562814070352,0.9925,0.0722664459809988,0.006242197253433208,0.995,0.056300376766350184,0.995,1.0,0.003240049975719597,0.49625,0.995,0.495,0.0,0.8316641855266518,
clean,200,2,normalized_half_comb,24.0,0.0004247940677551889,0.020858895705521473,0.9975,0.05383999724680008,0.020858895705521473,0.9975,0.05383999724680008,0.0208078335373317,1.0,0.03951442896513375,0.495,0.5,0.495,0.0,0.7721359587624006,
clean,200,2,normalized_half_comb,28.0,0.0004247940677551889,0.0,0.99,0.08177808870064127,0.007481296758104738,0.995,0.048759159382142855,0.995,1.0,0.006299801839390738,0.99125,0.995,0.495,0.0,0.8419298772179457,
clean,200,2,normalized_half_comb,32.0,0.0004247940677551889,0.0,0.99,0.13585882467273408,0.0012547051442910915,0.995,0.04164229492367069,0.007444168734491315,1.0,0.019114611333033927,0.99375,1.0,0.495,0.0,0.9466473984234206,
clean,200,2,normalized_half_comb,36.0,0.0004247940677551889,0.0,0.99,0.1274139351526866,0.002506265664160401,0.995,0.038244248205224325,0.007444168734491315,1.0,0.012257108169790022,0.9925,1.0,0.495,0.0,0.9325976272034859,
clean,200,2,normalized_half_comb,40.0,0.0004247940677551889,0.0,0.99,0.13473471897188827,0.0012547051442910915,0.995,0.044336669624754355,0.007444168734491315,1.0,0.02084943630697521,0.99375,1.0,0.495,0.0,0.9439852439134137,
clean,200,2,normalized_half_comb,44.0,0.0004247940677551889,0.0,0.99,0.13736038388415453,0.0012547051442910915,0.995,0.04267079344931906,0.007444168734491315,1.0,0.019236831071295934,0.99375,1.0,0.495,0.0,0.9476522686763297,
clean,200,2,fitted_binned,,0.0004247940677551889,0.0,0.99625,0.054828448601810124,0.0,0.99625,0.054828448601810124,0.0037359900373599006,1.0,9.896435485695675e-05,0.9975,1.0,0.99625,0.0,0.991789395573946,mu=0.003 nb=239
clean,200,2,fitted_ridge,20.0,0.0004247940677551889,0.995,1.0,0.008440817220177648,0.995,1.0,0.008440817220177648,0.995,1.0,0.008440817220177648,0.0,0.0,0.505,0.9974687351194206,0.8119987035273021,mu=0.003
clean,200,2,fitted_ridge,24.0,0.0004247940677551889,0.012453300124533,0.99125,0.10136020133930738,0.016069221260815822,0.995,0.03898350839619837,0.995,1.0,0.005924840653834407,0.0,0.0,0.99125,0.012453300124533,0.9679462447833466,mu=0.003
clean,200,2,fitted_ridge,28.0,0.0004247940677551889,0.018427518427518427,0.99875,0.13829800121942884,0.018427518427518427,0.99875,0.13829800121942884,0.018404907975460124,1.0,0.05877417375641952,0.00125,0.00125,0.99875,0.018427518427518427,0.989388142660287,mu=0.003
clean,200,2,fitted_ridge,32.0,0.0004247940677551889,0.01240694789081886,0.995,0.13728112441793355,0.01240694789081886,0.995,0.13728112441793355,0.018404907975460124,1.0,0.03968539751824235,0.0,0.0,0.99625,0.013613861386138614,0.993889428425254,mu=0.003
clean,200,2,fitted_ridge,40.0,0.0004247940677551889,0.995,1.0,0.015467367349813762,0.995,1.0,0.015467367349813762,0.995,1.0,0.015467367349813762,0.005,0.005,0.505,0.9974687351194206,0.734777504489351,mu=0.003
clean,200,2,fitted_ridge,44.0,0.0004247940677551889,0.995,1.0,0.009979322423466908,0.995,1.0,0.009979322423466908,0.995,1.0,0.009979322423466908,0.00625,0.5025,0.50375,0.03357314148681055,0.8737632810636952,mu=0.003
clean,200,2,fitted_xval,,0.0004247940677551889,0.002506265664160401,0.995,0.8661694480104074,0.002506265664160401,0.995,0.8661694480104074,0.008674101610904586,1.0,0.5377911330745817,0.5,1.0,0.995,0.002506265664160401,0.9980650699711032,rep0 response verbatim
clean,200,3,classical_invA,,0.0004247940677551889,0.0,1.0,0.3636363636363642,0.0,1.0,0.3636363636363642,0.0,1.0,0.3636363636363642,1.0,1.0,1.0,0.0,1.0000000000000004,
clean,200,3,1bqf_cos,1.0,0.0004247940677551889,0.0,1.0,0.4958849304736624,0.0,1.0,0.4958849304736624,0.0,1.0,0.4958849304736624,1.0,1.0,1.0,0.0,0.9996655136949464,
clean,200,3,comb_prod,8.0,0.0004247940677551889,0.0,1.0,0.14983194331115268,0.0,1.0,0.14983194331115268,0.0,1.0,0.14983194331115268,1.0,1.0,0.5,0.0,0.9983562590414649,
clean,200,3,comb_prod,12.0,0.0004247940677551889,0.0,1.0,0.25986385114212623,0.0,1.0,0.25986385114212623,0.0,1.0,0.25986385114212623,1.0,1.0,1.0,0.0,0.9999952942101289,
clean,200,3,comb_prod,16.0,0.0004247940677551889,0.0,1.0,0.2921160802126149,0.0,1.0,0.2921160802126149,0.0,1.0,0.2921160802126149,1.0,1.0,1.0,0.0,0.9997694993195554,
clean,200,3,comb_prod,20.0,0.0004247940677551889,0.0,1.0,0.3014544402153997,0.0,1.0,0.3014544402153997,0.0,1.0,0.3014544402153997,1.0,1.0,1.0,0.0,0.999787075967831,
clean,200,3,comb_prod,24.0,0.0004247940677551889,0.0,1.0,0.3361540562963339,0.0,1.0,0.3361540562963339,0.0,1.0,0.3361540562963339,1.0,1.0,1.0,0.0,0.9999826447205409,
clean,200,3,comb_prod,28.0,0.0004247940677551889,0.0,1.0,0.3497970009296172,0.0,1.0,0.3497970009296172,0.0,1.0,0.3497970009296172,1.0,1.0,1.0,0.0,0.9999691472682297,
clean,200,3,comb_prod,32.0,0.0004247940677551889,0.0,1.0,0.35136332877249105,0.0,1.0,0.35136332877249105,0.0,1.0,0.35136332877249105,1.0,1.0,1.0,0.0,0.9999800716010121,
clean,200,3,comb_prod,36.0,0.0004247940677551889,0.0,1.0,0.35661354236184667,0.0,1.0,0.35661354236184667,0.0,1.0,0.35661354236184667,1.0,1.0,1.0,0.0,0.9999991417742176,
clean,200,3,comb_prod,40.0,0.0004247940677551889,0.0,1.0,0.3605863287863949,0.0,1.0,0.3605863287863949,0.0,1.0,0.3605863287863949,1.0,1.0,1.0,0.0,0.9999990874149068,
clean,200,3,comb_prod,44.0,0.0004247940677551889,0.0,1.0,0.3610536718105759,0.0,1.0,0.3610536718105759,0.0,1.0,0.3610536718105759,1.0,1.0,1.0,0.0,0.9999994237584429,
clean,200,3,comb_prod,48.0,0.0004247940677551889,0.0,1.0,0.36131293223595723,0.0,1.0,0.36131293223595723,0.0,1.0,0.36131293223595723,1.0,1.0,1.0,0.0,0.9999999461200851,
clean,200,3,comb_prod,52.0,0.0004247940677551889,0.0,1.0,0.36212958170587195,0.0,1.0,0.36212958170587195,0.0,1.0,0.36212958170587195,1.0,1.0,1.0,0.0,0.9999999621085248,
clean,200,3,comb_prod,64.0,0.0004247940677551889,0.0,1.0,0.3624967352946637,0.0,1.0,0.3624967352946637,0.0,1.0,0.3624967352946637,1.0,1.0,1.0,0.0,0.9999999070821282,
clean,200,3,comb_prod,68.0,0.0004247940677551889,0.0,1.0,0.3625773426977186,0.0,1.0,0.3625773426977186,0.0,1.0,0.3625773426977186,1.0,1.0,1.0,0.0,0.9999999190225632,
clean,200,3,band_inverse,8.0,0.0004247940677551889,0.004975124378109453,1.0,0.17647833163295426,0.004975124378109453,1.0,0.17647833163295426,0.004975124378109453,1.0,0.17647833163295426,0.0,1.0,1.0,0.004975124378109453,0.9979751900274475,
clean,200,3,band_inverse,12.0,0.0004247940677551889,0.004975124378109453,1.0,0.25512781055153533,0.004975124378109453,1.0,0.25512781055153533,0.004975124378109453,1.0,0.25512781055153533,0.0,1.0,1.0,0.004975124378109453,0.9924835255711415,
clean,200,3,band_inverse,16.0,0.0004247940677551889,0.004975124378109453,1.0,0.25084730920355025,0.004975124378109453,1.0,0.25084730920355025,0.004975124378109453,1.0,0.25084730920355025,0.0,1.0,1.0,0.004975124378109453,0.9926999728574579,
clean,200,3,band_inverse,20.0,0.0004247940677551889,0.004975124378109453,1.0,0.27728896461922614,0.004975124378109453,1.0,0.27728896461922614,0.004975124378109453,1.0,0.27728896461922614,0.0,1.0,1.0,0.004975124378109453,0.9987375679627457,
clean,200,3,band_inverse,24.0,0.0004247940677551889,0.004975124378109453,1.0,0.2855094699921481,0.004975124378109453,1.0,0.2855094699921481,0.004975124378109453,1.0,0.2855094699921481,0.0,1.0,1.0,0.004975124378109453,0.9992540515619969,
clean,200,3,band_inverse,28.0,0.0004247940677551889,0.004975124378109453,1.0,0.2967484896090295,0.004975124378109453,1.0,0.2967484896090295,0.004975124378109453,1.0,0.2967484896090295,0.5,1.0,1.0,0.004975124378109453,0.9998784233451347,
clean,200,3,band_inverse,32.0,0.0004247940677551889,0.004975124378109453,1.0,0.3068304992892662,0.004975124378109453,1.0,0.3068304992892662,0.004975124378109453,1.0,0.3068304992892662,0.5,1.0,1.0,0.004975124378109453,0.9997467531290518,
clean,200,3,band_inverse,36.0,0.0004247940677551889,0.004975124378109453,1.0,0.3119012932904306,0.004975124378109453,1.0,0.3119012932904306,0.004975124378109453,1.0,0.3119012932904306,0.5,1.0,1.0,0.004975124378109453,0.9996866826435337,
clean,200,3,band_inverse,40.0,0.0004247940677551889,0.004975124378109453,1.0,0.31566410523162153,0.004975124378109453,1.0,0.31566410523162153,0.004975124378109453,1.0,0.31566410523162153,0.5,1.0,1.0,0.004975124378109453,0.9995772557055909,
clean,200,3,band_inverse,44.0,0.0004247940677551889,0.004975124378109453,1.0,0.31310812459302745,0.004975124378109453,1.0,0.31310812459302745,0.004975124378109453,1.0,0.31310812459302745,0.5,1.0,1.0,0.004975124378109453,0.9996225566477206,
clean,200,3,band_inverse,48.0,0.0004247940677551889,0.004975124378109453,1.0,0.3119316928775982,0.004975124378109453,1.0,0.3119316928775982,0.004975124378109453,1.0,0.3119316928775982,0.5,1.0,1.0,0.004975124378109453,0.9997282097935697,
clean,200,3,band_inverse,52.0,0.0004247940677551889,0.004975124378109453,1.0,0.31004399977572,0.004975124378109453,1.0,0.31004399977572,0.004975124378109453,1.0,0.31004399977572,0.5,1.0,1.0,0.004975124378109453,0.9997222195554268,
clean,200,3,band_inverse,64.0,0.0004247940677551889,0.004975124378109453,1.0,0.3109441689758647,0.004975124378109453,1.0,0.3109441689758647,0.004975124378109453,1.0,0.3109441689758647,0.5,1.0,1.0,0.004975124378109453,0.9996730120540879,
clean,200,3,band_inverse,68.0,0.0004247940677551889,0.004975124378109453,1.0,0.3105733010616417,0.004975124378109453,1.0,0.3105733010616417,0.004975124378109453,1.0,0.3105733010616417,0.5,1.0,1.0,0.004975124378109453,0.9996750985750232,
clean,200,3,sharp_comb,80.0,0.0004247940677551889,0.0,1.0,0.3435765881964579,0.0,1.0,0.3435765881964579,0.0,1.0,0.3435765881964579,1.0,1.0,1.0,0.0,0.9999346570525541,
clean,200,3,sharp_comb,84.0,0.0004247940677551889,0.0,1.0,0.34269904648184657,0.0,1.0,0.34269904648184657,0.0,1.0,0.34269904648184657,1.0,1.0,1.0,0.0,0.9999718363532587,
clean,200,3,sharp_comb,120.0,0.0004247940677551889,0.0,1.0,0.3608452770393355,0.0,1.0,0.3608452770393355,0.0,1.0,0.3608452770393355,1.0,1.0,1.0,0.0,0.999998217310674,
clean,200,3,sharp_comb,124.0,0.0004247940677551889,0.0,1.0,0.36086375514449004,0.0,1.0,0.36086375514449004,0.0,1.0,0.36086375514449004,1.0,1.0,1.0,0.0,0.9999983717447691,
clean,200,3,normalized_half_comb,12.0,0.0004247940677551889,0.004975124378109453,1.0,0.1554723497112231,0.004975124378109453,1.0,0.1554723497112231,0.004975124378109453,1.0,0.1554723497112231,0.5,1.0,0.5,0.009900990099009901,0.8949624029855063,
clean,200,3,normalized_half_comb,16.0,0.0004247940677551889,0.004975124378109453,1.0,0.17103308443375737,0.004975124378109453,1.0,0.17103308443375737,0.004975124378109453,1.0,0.17103308443375737,0.5,1.0,0.5,0.009900990099009901,0.8972130442622456,
clean,200,3,normalized_half_comb,20.0,0.0004247940677551889,0.0,1.0,0.0722664459809988,0.0,1.0,0.0722664459809988,0.0,1.0,0.0722664459809988,1.0,1.0,0.5,0.0,0.8397502494675967,
clean,200,3,normalized_half_comb,24.0,0.0004247940677551889,0.004975124378109453,1.0,0.05383999724680008,0.004975124378109453,1.0,0.05383999724680008,0.004975124378109453,1.0,0.05383999724680008,0.5,1.0,0.5,0.0,0.7771006866655904,
clean,200,3,normalized_half_comb,28.0,0.0004247940677551889,0.0,1.0,0.08177808870064127,0.0,1.0,0.08177808870064127,0.0,1.0,0.08177808870064127,1.0,1.0,0.5,0.0,0.8506937622712015,
clean,200,3,normalized_half_comb,32.0,0.0004247940677551889,0.0,1.0,0.13585882467273408,0.0,1.0,0.13585882467273408,0.0,1.0,0.13585882467273408,1.0,1.0,0.5,0.0,0.9590049720761069,
clean,200,3,normalized_half_comb,36.0,0.0004247940677551889,0.0,1.0,0.1274139351526866,0.0,1.0,0.1274139351526866,0.0,1.0,0.1274139351526866,1.0,1.0,0.5,0.0,0.9447076980632341,
clean,200,3,normalized_half_comb,40.0,0.0004247940677551889,0.0,1.0,0.13473471897188827,0.0,1.0,0.13473471897188827,0.0,1.0,0.13473471897188827,1.0,1.0,0.5,0.0,0.9562185712535252,
clean,200,3,normalized_half_comb,44.0,0.0004247940677551889,0.0,1.0,0.13736038388415453,0.0,1.0,0.13736038388415453,0.0,1.0,0.13736038388415453,1.0,1.0,0.5,0.0,0.9599035289860246,
clean,200,3,fitted_binned,,0.0004247940677551889,0.0,1.0,0.8661694480104074,0.0,1.0,0.8661694480104074,0.0,1.0,0.8661694480104074,1.0,1.0,1.0,0.0,0.999999999999999,mu=0.003 nb=164
clean,200,3,fitted_ridge,20.0,0.0004247940677551889,0.0,1.0,0.2482522009734744,0.0,1.0,0.2482522009734744,0.0,1.0,0.2482522009734744,1.0,1.0,0.5,0.0,0.9953383744665746,mu=0.003
clean,200,3,fitted_ridge,24.0,0.0004247940677551889,0.0,1.0,0.23884598055724057,0.0,1.0,0.23884598055724057,0.0,1.0,0.23884598055724057,1.0,1.0,0.5,0.0,0.9958720158061499,mu=0.003
clean,200,3,fitted_ridge,28.0,0.0004247940677551889,0.0,1.0,0.2768939990236402,0.0,1.0,0.2768939990236402,0.0,1.0,0.2768939990236402,1.0,1.0,0.5,0.0,0.9960105877845006,mu=0.003
clean,200,3,fitted_ridge,32.0,0.0004247940677551889,0.0,1.0,0.3390625789641319,0.0,1.0,0.3390625789641319,0.0,1.0,0.3390625789641319,1.0,1.0,0.5,0.0,0.9960097597355791,mu=0.003
clean,200,3,fitted_ridge,40.0,0.0004247940677551889,0.0,1.0,0.3158384851400534,0.0,1.0,0.3158384851400534,0.0,1.0,0.3158384851400534,1.0,1.0,0.5,0.0,0.9970821617762883,mu=0.003
clean,200,3,fitted_ridge,44.0,0.0004247940677551889,0.0,1.0,0.3041630380985418,0.0,1.0,0.3041630380985418,0.0,1.0,0.3041630380985418,1.0,1.0,0.5,0.0,0.9973514278573512,mu=0.003
clean,200,3,fitted_xval,,0.0004247940677551889,0.0,1.0,0.8661694480104074,0.0,1.0,0.8661694480104074,0.0,1.0,0.8661694480104074,1.0,1.0,1.0,0.0,0.999999999999999,rep0 response verbatim
clean,200,4,classical_invA,,0.0004247940677551889,0.0,1.0,0.3636363636363642,0.0,1.0,0.3636363636363642,0.0,1.0,0.3636363636363642,1.0,1.0,1.0,0.0,0.9999999999999996,
clean,200,4,1bqf_cos,1.0,0.0004247940677551889,0.0,1.0,0.4958849304736624,0.0,1.0,0.4958849304736624,0.0,1.0,0.4958849304736624,1.0,1.0,1.0,0.0,0.9996655136949466,
clean,200,4,comb_prod,8.0,0.0004247940677551889,0.0,1.0,0.14983194331115268,0.0,1.0,0.14983194331115268,0.0,1.0,0.14983194331115268,1.0,1.0,0.5,0.0,0.9983562590414643,
clean,200,4,comb_prod,12.0,0.0004247940677551889,0.0,1.0,0.25986385114212623,0.0,1.0,0.25986385114212623,0.0,1.0,0.25986385114212623,1.0,1.0,1.0,0.0,0.9999952942101279,
clean,200,4,comb_prod,16.0,0.0004247940677551889,0.0,1.0,0.2921160802126149,0.0,1.0,0.2921160802126149,0.0,1.0,0.2921160802126149,1.0,1.0,1.0,0.0,0.9997694993195543,
clean,200,4,comb_prod,20.0,0.0004247940677551889,0.0,1.0,0.3014544402153997,0.0,1.0,0.3014544402153997,0.0,1.0,0.3014544402153997,1.0,1.0,1.0,0.0,0.9997870759678316,
clean,200,4,comb_prod,24.0,0.0004247940677551889,0.0,1.0,0.3361540562963339,0.0,1.0,0.3361540562963339,0.0,1.0,0.3361540562963339,1.0,1.0,1.0,0.0,0.9999826447205421,
clean,200,4,comb_prod,28.0,0.0004247940677551889,0.0,1.0,0.3497970009296172,0.0,1.0,0.3497970009296172,0.0,1.0,0.3497970009296172,1.0,1.0,1.0,0.0,0.9999691472682297,
clean,200,4,comb_prod,32.0,0.0004247940677551889,0.0,1.0,0.35136332877249105,0.0,1.0,0.35136332877249105,0.0,1.0,0.35136332877249105,1.0,1.0,1.0,0.0,0.9999800716010117,
clean,200,4,comb_prod,36.0,0.0004247940677551889,0.0,1.0,0.35661354236184667,0.0,1.0,0.35661354236184667,0.0,1.0,0.35661354236184667,1.0,1.0,1.0,0.0,0.9999991417742182,
clean,200,4,comb_prod,40.0,0.0004247940677551889,0.0,1.0,0.3605863287863949,0.0,1.0,0.3605863287863949,0.0,1.0,0.3605863287863949,1.0,1.0,1.0,0.0,0.9999990874149073,
clean,200,4,comb_prod,44.0,0.0004247940677551889,0.0,1.0,0.3610536718105759,0.0,1.0,0.3610536718105759,0.0,1.0,0.3610536718105759,1.0,1.0,1.0,0.0,0.9999994237584424,
clean,200,4,comb_prod,48.0,0.0004247940677551889,0.0,1.0,0.36131293223595723,0.0,1.0,0.36131293223595723,0.0,1.0,0.36131293223595723,1.0,1.0,1.0,0.0,0.9999999461200851,
clean,200,4,comb_prod,52.0,0.0004247940677551889,0.0,1.0,0.36212958170587195,0.0,1.0,0.36212958170587195,0.0,1.0,0.36212958170587195,1.0,1.0,1.0,0.0,0.9999999621085248,
clean,200,4,comb_prod,64.0,0.0004247940677551889,0.0,1.0,0.3624967352946637,0.0,1.0,0.3624967352946637,0.0,1.0,0.3624967352946637,1.0,1.0,1.0,0.0,0.9999999070821282,
clean,200,4,comb_prod,68.0,0.0004247940677551889,0.0,1.0,0.3625773426977186,0.0,1.0,0.3625773426977186,0.0,1.0,0.3625773426977186,1.0,1.0,1.0,0.0,0.9999999190225636,
clean,200,4,band_inverse,8.0,0.0004247940677551889,0.012345679012345678,1.0,0.17647833163295426,0.012345679012345678,1.0,0.17647833163295426,0.012345679012345678,1.0,0.17647833163295426,0.0,0.0,1.0,0.012345679012345678,0.9979751900274475,
clean,200,4,band_inverse,12.0,0.0004247940677551889,0.012345679012345678,1.0,0.25512781055153533,0.012345679012345678,1.0,0.25512781055153533,0.012345679012345678,1.0,0.25512781055153533,0.0,0.0,1.0,0.012345679012345678,0.9924835255711415,
clean,200,4,band_inverse,16.0,0.0004247940677551889,0.012345679012345678,1.0,0.25084730920355025,0.012345679012345678,1.0,0.25084730920355025,0.012345679012345678,1.0,0.25084730920355025,0.0,0.0,1.0,0.012345679012345678,0.9926999728574577,
clean,200,4,band_inverse,20.0,0.0004247940677551889,0.012345679012345678,1.0,0.27728896461922614,0.012345679012345678,1.0,0.27728896461922614,0.012345679012345678,1.0,0.27728896461922614,0.0,0.0,1.0,0.012345679012345678,0.9987375679627457,
clean,200,4,band_inverse,24.0,0.0004247940677551889,0.012345679012345678,1.0,0.2855094699921481,0.012345679012345678,1.0,0.2855094699921481,0.012345679012345678,1.0,0.2855094699921481,0.0,0.0,1.0,0.012345679012345678,0.9992540515619969,
clean,200,4,band_inverse,28.0,0.0004247940677551889,0.012345679012345678,1.0,0.2967484896090295,0.012345679012345678,1.0,0.2967484896090295,0.012345679012345678,1.0,0.2967484896090295,0.5,0.5,1.0,0.012345679012345678,0.9998784233451339,
clean,200,4,band_inverse,32.0,0.0004247940677551889,0.012345679012345678,1.0,0.3068304992892662,0.012345679012345678,1.0,0.3068304992892662,0.012345679012345678,1.0,0.3068304992892662,0.5,0.5,1.0,0.012345679012345678,0.9997467531290511,
clean,200,4,band_inverse,36.0,0.0004247940677551889,0.012345679012345678,1.0,0.3119012932904306,0.012345679012345678,1.0,0.3119012932904306,0.012345679012345678,1.0,0.3119012932904306,0.5,0.5,1.0,0.012345679012345678,0.9996866826435341,
clean,200,4,band_inverse,40.0,0.0004247940677551889,0.012345679012345678,1.0,0.31566410523162153,0.012345679012345678,1.0,0.31566410523162153,0.012345679012345678,1.0,0.31566410523162153,0.5,0.5,1.0,0.012345679012345678,0.9995772557055901,
clean,200,4,band_inverse,44.0,0.0004247940677551889,0.012345679012345678,1.0,0.31310812459302745,0.012345679012345678,1.0,0.31310812459302745,0.012345679012345678,1.0,0.31310812459302745,0.5,0.5,1.0,0.012345679012345678,0.9996225566477204,
clean,200,4,band_inverse,48.0,0.0004247940677551889,0.012345679012345678,1.0,0.3119316928775982,0.012345679012345678,1.0,0.3119316928775982,0.012345679012345678,1.0,0.3119316928775982,0.5,0.5,1.0,0.012345679012345678,0.9997282097935704,
clean,200,4,band_inverse,52.0,0.0004247940677551889,0.012345679012345678,1.0,0.31004399977572,0.012345679012345678,1.0,0.31004399977572,0.012345679012345678,1.0,0.31004399977572,0.5,0.5,1.0,0.012345679012345678,0.999722219555427,
clean,200,4,band_inverse,64.0,0.0004247940677551889,0.012345679012345678,1.0,0.3109441689758647,0.012345679012345678,1.0,0.3109441689758647,0.012345679012345678,1.0,0.3109441689758647,0.5,0.5,1.0,0.012345679012345678,0.9996730120540872,
clean,200,4,band_inverse,68.0,0.0004247940677551889,0.012345679012345678,1.0,0.3105733010616417,0.012345679012345678,1.0,0.3105733010616417,0.012345679012345678,1.0,0.3105733010616417,0.5,0.5,1.0,0.012345679012345678,0.9996750985750236,
clean,200,4,sharp_comb,80.0,0.0004247940677551889,0.0,1.0,0.3435765881964579,0.0,1.0,0.3435765881964579,0.0,1.0,0.3435765881964579,1.0,1.0,1.0,0.0,0.9999346570525544,
clean,200,4,sharp_comb,84.0,0.0004247940677551889,0.0,1.0,0.34269904648184657,0.0,1.0,0.34269904648184657,0.0,1.0,0.34269904648184657,1.0,1.0,1.0,0.0,0.9999718363532583,
clean,200,4,sharp_comb,120.0,0.0004247940677551889,0.0,1.0,0.3608452770393355,0.0,1.0,0.3608452770393355,0.0,1.0,0.3608452770393355,1.0,1.0,1.0,0.0,0.9999982173106752,
clean,200,4,sharp_comb,124.0,0.0004247940677551889,0.0,1.0,0.36086375514449004,0.0,1.0,0.36086375514449004,0.0,1.0,0.36086375514449004,1.0,1.0,1.0,0.0,0.9999983717447689,
clean,200,4,normalized_half_comb,12.0,0.0004247940677551889,0.012345679012345678,1.0,0.1554723497112231,0.012345679012345678,1.0,0.1554723497112231,0.012345679012345678,1.0,0.1554723497112231,0.5,0.5,0.5,0.024390243902439025,0.8949624029855063,
clean,200,4,normalized_half_comb,16.0,0.0004247940677551889,0.012345679012345678,1.0,0.17103308443375737,0.012345679012345678,1.0,0.17103308443375737,0.012345679012345678,1.0,0.17103308443375737,0.5,0.5,0.5,0.024390243902439025,0.8972130442622456,
clean,200,4,normalized_half_comb,20.0,0.0004247940677551889,0.0,1.0,0.0722664459809988,0.0,1.0,0.0722664459809988,0.0,1.0,0.0722664459809988,1.0,1.0,0.5,0.0,0.8397502494675967,
clean,200,4,normalized_half_comb,24.0,0.0004247940677551889,0.012345679012345678,1.0,0.05383999724680008,0.012345679012345678,1.0,0.05383999724680008,0.012345679012345678,1.0,0.05383999724680008,0.5,0.5,0.5,0.0,0.7771006866655904,
clean,200,4,normalized_half_comb,28.0,0.0004247940677551889,0.0,1.0,0.08177808870064127,0.0,1.0,0.08177808870064127,0.0,1.0,0.08177808870064127,1.0,1.0,0.5,0.0,0.8506937622712019,
clean,200,4,normalized_half_comb,32.0,0.0004247940677551889,0.0,1.0,0.13585882467273408,0.0,1.0,0.13585882467273408,0.0,1.0,0.13585882467273408,1.0,1.0,0.5,0.0,0.9590049720761071,
clean,200,4,normalized_half_comb,36.0,0.0004247940677551889,0.0,1.0,0.1274139351526866,0.0,1.0,0.1274139351526866,0.0,1.0,0.1274139351526866,1.0,1.0,0.5,0.0,0.9447076980632334,
clean,200,4,normalized_half_comb,40.0,0.0004247940677551889,0.0,1.0,0.13473471897188827,0.0,1.0,0.13473471897188827,0.0,1.0,0.13473471897188827,1.0,1.0,0.5,0.0,0.9562185712535237,
clean,200,4,normalized_half_comb,44.0,0.0004247940677551889,0.0,1.0,0.13736038388415453,0.0,1.0,0.13736038388415453,0.0,1.0,0.13736038388415453,1.0,1.0,0.5,0.0,0.9599035289860246,
clean,200,4,fitted_binned,,0.0004247940677551889,0.0,1.0,0.8661694480104074,0.0,1.0,0.8661694480104074,0.0,1.0,0.8661694480104074,1.0,1.0,1.0,0.0,0.999999999999999,mu=0.003 nb=164
clean,200,4,fitted_ridge,20.0,0.0004247940677551889,0.0,1.0,0.2482522009734744,0.0,1.0,0.2482522009734744,0.0,1.0,0.2482522009734744,1.0,1.0,0.5,0.0,0.9953383744665744,mu=0.003
clean,200,4,fitted_ridge,24.0,0.0004247940677551889,0.0,1.0,0.23884598055724057,0.0,1.0,0.23884598055724057,0.0,1.0,0.23884598055724057,1.0,1.0,0.5,0.0,0.9958720158061497,mu=0.003
clean,200,4,fitted_ridge,28.0,0.0004247940677551889,0.0,1.0,0.2768939990236402,0.0,1.0,0.2768939990236402,0.0,1.0,0.2768939990236402,1.0,1.0,0.5,0.0,0.9960105877845001,mu=0.003
clean,200,4,fitted_ridge,32.0,0.0004247940677551889,0.0,1.0,0.3390625789641319,0.0,1.0,0.3390625789641319,0.0,1.0,0.3390625789641319,1.0,1.0,0.5,0.0,0.9960097597355796,mu=0.003
clean,200,4,fitted_ridge,40.0,0.0004247940677551889,0.0,1.0,0.3158384851400534,0.0,1.0,0.3158384851400534,0.0,1.0,0.3158384851400534,1.0,1.0,0.5,0.0,0.9970821617762874,mu=0.003
clean,200,4,fitted_ridge,44.0,0.0004247940677551889,0.0,1.0,0.3041630380985418,0.0,1.0,0.3041630380985418,0.0,1.0,0.3041630380985418,1.0,1.0,0.5,0.0,0.9973514278573512,mu=0.003
clean,200,4,fitted_xval,,0.0004247940677551889,0.0,1.0,0.8661694480104074,0.0,1.0,0.8661694480104074,0.0,1.0,0.8661694480104074,1.0,1.0,1.0,0.0,0.999999999999999,rep0 response verbatim
clean,200,5,classical_invA,,0.0004247940677551889,0.0,1.0,0.3636363636363642,0.0,1.0,0.3636363636363642,0.0,1.0,0.3636363636363642,1.0,1.0,1.0,0.0,1.0000000000000004,
clean,200,5,1bqf_cos,1.0,0.0004247940677551889,0.0,1.0,0.4958849304736624,0.0,1.0,0.4958849304736624,0.0,1.0,0.4958849304736624,1.0,1.0,1.0,0.0,0.9996655136949464,
clean,200,5,comb_prod,8.0,0.0004247940677551889,0.0,1.0,0.14983194331115268,0.0,1.0,0.14983194331115268,0.0,1.0,0.14983194331115268,1.0,1.0,0.5,0.0,0.9983562590414646,
clean,200,5,comb_prod,12.0,0.0004247940677551889,0.0,1.0,0.25986385114212623,0.0,1.0,0.25986385114212623,0.0,1.0,0.25986385114212623,1.0,1.0,1.0,0.0,0.9999952942101289,
clean,200,5,comb_prod,16.0,0.0004247940677551889,0.0,1.0,0.2921160802126149,0.0,1.0,0.2921160802126149,0.0,1.0,0.2921160802126149,1.0,1.0,1.0,0.0,0.9997694993195554,
clean,200,5,comb_prod,20.0,0.0004247940677551889,0.0,1.0,0.3014544402153997,0.0,1.0,0.3014544402153997,0.0,1.0,0.3014544402153997,1.0,1.0,1.0,0.0,0.999787075967831,
clean,200,5,comb_prod,24.0,0.0004247940677551889,0.0,1.0,0.3361540562963339,0.0,1.0,0.3361540562963339,0.0,1.0,0.3361540562963339,1.0,1.0,1.0,0.0,0.9999826447205409,
clean,200,5,comb_prod,28.0,0.0004247940677551889,0.0,1.0,0.3497970009296172,0.0,1.0,0.3497970009296172,0.0,1.0,0.3497970009296172,1.0,1.0,1.0,0.0,0.9999691472682297,
clean,200,5,comb_prod,32.0,0.0004247940677551889,0.0,1.0,0.35136332877249105,0.0,1.0,0.35136332877249105,0.0,1.0,0.35136332877249105,1.0,1.0,1.0,0.0,0.9999800716010121,
clean,200,5,comb_prod,36.0,0.0004247940677551889,0.0,1.0,0.35661354236184667,0.0,1.0,0.35661354236184667,0.0,1.0,0.35661354236184667,1.0,1.0,1.0,0.0,0.9999991417742176,
clean,200,5,comb_prod,40.0,0.0004247940677551889,0.0,1.0,0.3605863287863949,0.0,1.0,0.3605863287863949,0.0,1.0,0.3605863287863949,1.0,1.0,1.0,0.0,0.9999990874149068,
clean,200,5,comb_prod,44.0,0.0004247940677551889,0.0,1.0,0.3610536718105759,0.0,1.0,0.3610536718105759,0.0,1.0,0.3610536718105759,1.0,1.0,1.0,0.0,0.9999994237584429,
clean,200,5,comb_prod,48.0,0.0004247940677551889,0.0,1.0,0.36131293223595723,0.0,1.0,0.36131293223595723,0.0,1.0,0.36131293223595723,1.0,1.0,1.0,0.0,0.9999999461200851,
clean,200,5,comb_prod,52.0,0.0004247940677551889,0.0,1.0,0.36212958170587195,0.0,1.0,0.36212958170587195,0.0,1.0,0.36212958170587195,1.0,1.0,1.0,0.0,0.9999999621085248,
clean,200,5,comb_prod,64.0,0.0004247940677551889,0.0,1.0,0.3624967352946637,0.0,1.0,0.3624967352946637,0.0,1.0,0.3624967352946637,1.0,1.0,1.0,0.0,0.9999999070821288,
clean,200,5,comb_prod,68.0,0.0004247940677551889,0.0,1.0,0.3625773426977186,0.0,1.0,0.3625773426977186,0.0,1.0,0.3625773426977186,1.0,1.0,1.0,0.0,0.9999999190225634,
clean,200,5,band_inverse,8.0,0.0004247940677551889,0.004975124378109453,1.0,0.17647833163295426,0.004975124378109453,1.0,0.17647833163295426,0.004975124378109453,1.0,0.17647833163295426,0.0,1.0,1.0,0.004975124378109453,0.9979751900274475,
clean,200,5,band_inverse,12.0,0.0004247940677551889,0.004975124378109453,1.0,0.25512781055153533,0.004975124378109453,1.0,0.25512781055153533,0.004975124378109453,1.0,0.25512781055153533,0.0,1.0,1.0,0.004975124378109453,0.9924835255711415,
clean,200,5,band_inverse,16.0,0.0004247940677551889,0.004975124378109453,1.0,0.25084730920355025,0.004975124378109453,1.0,0.25084730920355025,0.004975124378109453,1.0,0.25084730920355025,0.0,1.0,1.0,0.004975124378109453,0.9926999728574579,
clean,200,5,band_inverse,20.0,0.0004247940677551889,0.004975124378109453,1.0,0.27728896461922614,0.004975124378109453,1.0,0.27728896461922614,0.004975124378109453,1.0,0.27728896461922614,0.0,1.0,1.0,0.004975124378109453,0.9987375679627457,
clean,200,5,band_inverse,24.0,0.0004247940677551889,0.004975124378109453,1.0,0.2855094699921481,0.004975124378109453,1.0,0.2855094699921481,0.004975124378109453,1.0,0.2855094699921481,0.0,1.0,1.0,0.004975124378109453,0.9992540515619969,
clean,200,5,band_inverse,28.0,0.0004247940677551889,0.004975124378109453,1.0,0.2967484896090295,0.004975124378109453,1.0,0.2967484896090295,0.004975124378109453,1.0,0.2967484896090295,0.5,1.0,1.0,0.004975124378109453,0.9998784233451347,
clean,200,5,band_inverse,32.0,0.0004247940677551889,0.004975124378109453,1.0,0.3068304992892662,0.004975124378109453,1.0,0.3068304992892662,0.004975124378109453,1.0,0.3068304992892662,0.5,1.0,1.0,0.004975124378109453,0.9997467531290518,
clean,200,5,band_inverse,36.0,0.0004247940677551889,0.004975124378109453,1.0,0.3119012932904306,0.004975124378109453,1.0,0.3119012932904306,0.004975124378109453,1.0,0.3119012932904306,0.5,1.0,1.0,0.004975124378109453,0.9996866826435337,
clean,200,5,band_inverse,40.0,0.0004247940677551889,0.004975124378109453,1.0,0.31566410523162153,0.004975124378109453,1.0,0.31566410523162153,0.004975124378109453,1.0,0.31566410523162153,0.5,1.0,1.0,0.004975124378109453,0.9995772557055909,
clean,200,5,band_inverse,44.0,0.0004247940677551889,0.004975124378109453,1.0,0.31310812459302745,0.004975124378109453,1.0,0.31310812459302745,0.004975124378109453,1.0,0.31310812459302745,0.5,1.0,1.0,0.004975124378109453,0.9996225566477206,
clean,200,5,band_inverse,48.0,0.0004247940677551889,0.004975124378109453,1.0,0.3119316928775982,0.004975124378109453,1.0,0.3119316928775982,0.004975124378109453,1.0,0.3119316928775982,0.5,1.0,1.0,0.004975124378109453,0.9997282097935697,
clean,200,5,band_inverse,52.0,0.0004247940677551889,0.004975124378109453,1.0,0.31004399977572,0.004975124378109453,1.0,0.31004399977572,0.004975124378109453,1.0,0.31004399977572,0.5,1.0,1.0,0.004975124378109453,0.9997222195554268,
clean,200,5,band_inverse,64.0,0.0004247940677551889,0.004975124378109453,1.0,0.3109441689758647,0.004975124378109453,1.0,0.3109441689758647,0.004975124378109453,1.0,0.3109441689758647,0.5,1.0,1.0,0.004975124378109453,0.9996730120540879,
clean,200,5,band_inverse,68.0,0.0004247940677551889,0.004975124378109453,1.0,0.3105733010616417,0.004975124378109453,1.0,0.3105733010616417,0.004975124378109453,1.0,0.3105733010616417,0.5,1.0,1.0,0.004975124378109453,0.9996750985750232,
clean,200,5,sharp_comb,80.0,0.0004247940677551889,0.0,1.0,0.3435765881964579,0.0,1.0,0.3435765881964579,0.0,1.0,0.3435765881964579,1.0,1.0,1.0,0.0,0.9999346570525544,
clean,200,5,sharp_comb,84.0,0.0004247940677551889,0.0,1.0,0.34269904648184657,0.0,1.0,0.34269904648184657,0.0,1.0,0.34269904648184657,1.0,1.0,1.0,0.0,0.9999718363532587,
clean,200,5,sharp_comb,120.0,0.0004247940677551889,0.0,1.0,0.3608452770393355,0.0,1.0,0.3608452770393355,0.0,1.0,0.3608452770393355,1.0,1.0,1.0,0.0,0.999998217310674,
clean,200,5,sharp_comb,124.0,0.0004247940677551889,0.0,1.0,0.36086375514449004,0.0,1.0,0.36086375514449004,0.0,1.0,0.36086375514449004,1.0,1.0,1.0,0.0,0.9999983717447689,
clean,200,5,normalized_half_comb,12.0,0.0004247940677551889,0.004975124378109453,1.0,0.1554723497112231,0.004975124378109453,1.0,0.1554723497112231,0.004975124378109453,1.0,0.1554723497112231,0.5,1.0,0.5,0.009900990099009901,0.8949624029855063,
clean,200,5,normalized_half_comb,16.0,0.0004247940677551889,0.004975124378109453,1.0,0.17103308443375737,0.004975124378109453,1.0,0.17103308443375737,0.004975124378109453,1.0,0.17103308443375737,0.5,1.0,0.5,0.009900990099009901,0.8972130442622456,
clean,200,5,normalized_half_comb,20.0,0.0004247940677551889,0.0,1.0,0.0722664459809988,0.0,1.0,0.0722664459809988,0.0,1.0,0.0722664459809988,1.0,1.0,0.5,0.0,0.8397502494675969,
clean,200,5,normalized_half_comb,24.0,0.0004247940677551889,0.004975124378109453,1.0,0.05383999724680008,0.004975124378109453,1.0,0.05383999724680008,0.004975124378109453,1.0,0.05383999724680008,0.5,1.0,0.5,0.0,0.7771006866655904,
clean,200,5,normalized_half_comb,28.0,0.0004247940677551889,0.0,1.0,0.08177808870064127,0.0,1.0,0.08177808870064127,0.0,1.0,0.08177808870064127,1.0,1.0,0.5,0.0,0.8506937622712015,
clean,200,5,normalized_half_comb,32.0,0.0004247940677551889,0.0,1.0,0.13585882467273408,0.0,1.0,0.13585882467273408,0.0,1.0,0.13585882467273408,1.0,1.0,0.5,0.0,0.9590049720761069,
clean,200,5,normalized_half_comb,36.0,0.0004247940677551889,0.0,1.0,0.1274139351526866,0.0,1.0,0.1274139351526866,0.0,1.0,0.1274139351526866,1.0,1.0,0.5,0.0,0.9447076980632341,
clean,200,5,normalized_half_comb,40.0,0.0004247940677551889,0.0,1.0,0.13473471897188827,0.0,1.0,0.13473471897188827,0.0,1.0,0.13473471897188827,1.0,1.0,0.5,0.0,0.9562185712535252,
clean,200,5,normalized_half_comb,44.0,0.0004247940677551889,0.0,1.0,0.13736038388415453,0.0,1.0,0.13736038388415453,0.0,1.0,0.13736038388415453,1.0,1.0,0.5,0.0,0.9599035289860246,
clean,200,5,fitted_binned,,0.0004247940677551889,0.0,1.0,0.8661694480104074,0.0,1.0,0.8661694480104074,0.0,1.0,0.8661694480104074,1.0,1.0,1.0,0.0,0.999999999999999,mu=0.003 nb=164
clean,200,5,fitted_ridge,20.0,0.0004247940677551889,0.0,1.0,0.2482522009734744,0.0,1.0,0.2482522009734744,0.0,1.0,0.2482522009734744,1.0,1.0,0.5,0.0,0.9953383744665744,mu=0.003
clean,200,5,fitted_ridge,24.0,0.0004247940677551889,0.0,1.0,0.23884598055724057,0.0,1.0,0.23884598055724057,0.0,1.0,0.23884598055724057,1.0,1.0,0.5,0.0,0.9958720158061499,mu=0.003
clean,200,5,fitted_ridge,28.0,0.0004247940677551889,0.0,1.0,0.2768939990236402,0.0,1.0,0.2768939990236402,0.0,1.0,0.2768939990236402,1.0,1.0,0.5,0.0,0.9960105877845006,mu=0.003
clean,200,5,fitted_ridge,32.0,0.0004247940677551889,0.0,1.0,0.3390625789641319,0.0,1.0,0.3390625789641319,0.0,1.0,0.3390625789641319,1.0,1.0,0.5,0.0,0.9960097597355791,mu=0.003
clean,200,5,fitted_ridge,40.0,0.0004247940677551889,0.0,1.0,0.3158384851400534,0.0,1.0,0.3158384851400534,0.0,1.0,0.3158384851400534,1.0,1.0,0.5,0.0,0.9970821617762883,mu=0.003
clean,200,5,fitted_ridge,44.0,0.0004247940677551889,0.0,1.0,0.3041630380985418,0.0,1.0,0.3041630380985418,0.0,1.0,0.3041630380985418,1.0,1.0,0.5,0.0,0.9973514278573512,mu=0.003
clean,200,5,fitted_xval,,0.0004247940677551889,0.0,1.0,0.8661694480104074,0.0,1.0,0.8661694480104074,0.0,1.0,0.8661694480104074,1.0,1.0,1.0,0.0,0.999999999999999,rep0 response verbatim
clean,200,6,classical_invA,,0.0004247940677551889,0.0,1.0,0.3636363636363642,0.0,1.0,0.3636363636363642,0.0,1.0,0.3636363636363642,1.0,1.0,1.0,0.0,1.0000000000000004,
clean,200,6,1bqf_cos,1.0,0.0004247940677551889,0.0,1.0,0.4958849304736624,0.0,1.0,0.4958849304736624,0.0,1.0,0.4958849304736624,1.0,1.0,1.0,0.0,0.9996655136949472,
clean,200,6,comb_prod,8.0,0.0004247940677551889,0.0,1.0,0.14983194331115268,0.0,1.0,0.14983194331115268,0.0,1.0,0.14983194331115268,1.0,1.0,0.5,0.0,0.9983562590414641,
clean,200,6,comb_prod,12.0,0.0004247940677551889,0.0,1.0,0.25986385114212623,0.0,1.0,0.25986385114212623,0.0,1.0,0.25986385114212623,1.0,1.0,1.0,0.0,0.9999952942101283,
clean,200,6,comb_prod,16.0,0.0004247940677551889,0.0,1.0,0.2921160802126149,0.0,1.0,0.2921160802126149,0.0,1.0,0.2921160802126149,1.0,1.0,1.0,0.0,0.9997694993195545,
clean,200,6,comb_prod,20.0,0.0004247940677551889,0.0,1.0,0.3014544402153997,0.0,1.0,0.3014544402153997,0.0,1.0,0.3014544402153997,1.0,1.0,1.0,0.0,0.9997870759678312,
clean,200,6,comb_prod,24.0,0.0004247940677551889,0.0,1.0,0.3361540562963339,0.0,1.0,0.3361540562963339,0.0,1.0,0.3361540562963339,1.0,1.0,1.0,0.0,0.999982644720542,
clean,200,6,comb_prod,28.0,0.0004247940677551889,0.0,1.0,0.3497970009296172,0.0,1.0,0.3497970009296172,0.0,1.0,0.3497970009296172,1.0,1.0,1.0,0.0,0.9999691472682295,
clean,200,6,comb_prod,32.0,0.0004247940677551889,0.0,1.0,0.35136332877249105,0.0,1.0,0.35136332877249105,0.0,1.0,0.35136332877249105,1.0,1.0,1.0,0.0,0.9999800716010119,
clean,200,6,comb_prod,36.0,0.0004247940677551889,0.0,1.0,0.35661354236184667,0.0,1.0,0.35661354236184667,0.0,1.0,0.35661354236184667,1.0,1.0,1.0,0.0,0.9999991417742182,
clean,200,6,comb_prod,40.0,0.0004247940677551889,0.0,1.0,0.3605863287863949,0.0,1.0,0.3605863287863949,0.0,1.0,0.3605863287863949,1.0,1.0,1.0,0.0,0.9999990874149073,
clean,200,6,comb_prod,44.0,0.0004247940677551889,0.0,1.0,0.3610536718105759,0.0,1.0,0.3610536718105759,0.0,1.0,0.3610536718105759,1.0,1.0,1.0,0.0,0.9999994237584429,
clean,200,6,comb_prod,48.0,0.0004247940677551889,0.0,1.0,0.36131293223595723,0.0,1.0,0.36131293223595723,0.0,1.0,0.36131293223595723,1.0,1.0,1.0,0.0,0.9999999461200854,
clean,200,6,comb_prod,52.0,0.0004247940677551889,0.0,1.0,0.36212958170587195,0.0,1.0,0.36212958170587195,0.0,1.0,0.36212958170587195,1.0,1.0,1.0,0.0,0.9999999621085248,
clean,200,6,comb_prod,64.0,0.0004247940677551889,0.0,1.0,0.3624967352946637,0.0,1.0,0.3624967352946637,0.0,1.0,0.3624967352946637,1.0,1.0,1.0,0.0,0.9999999070821282,
clean,200,6,comb_prod,68.0,0.0004247940677551889,0.0,1.0,0.3625773426977186,0.0,1.0,0.3625773426977186,0.0,1.0,0.3625773426977186,1.0,1.0,1.0,0.0,0.9999999190225634,
clean,200,6,band_inverse,8.0,0.0004247940677551889,0.007444168734491315,1.0,0.17647833163295426,0.007444168734491315,1.0,0.17647833163295426,0.007444168734491315,1.0,0.17647833163295426,0.0,1.0,1.0,0.007444168734491315,0.9979751900274485,
clean,200,6,band_inverse,12.0,0.0004247940677551889,0.007444168734491315,1.0,0.25512781055153533,0.007444168734491315,1.0,0.25512781055153533,0.007444168734491315,1.0,0.25512781055153533,0.0,1.0,1.0,0.007444168734491315,0.9924835255711428,
clean,200,6,band_inverse,16.0,0.0004247940677551889,0.007444168734491315,1.0,0.25084730920355025,0.007444168734491315,1.0,0.25084730920355025,0.007444168734491315,1.0,0.25084730920355025,0.0,1.0,1.0,0.007444168734491315,0.9926999728574584,
clean,200,6,band_inverse,20.0,0.0004247940677551889,0.007444168734491315,1.0,0.27728896461922614,0.007444168734491315,1.0,0.27728896461922614,0.007444168734491315,1.0,0.27728896461922614,0.0,1.0,1.0,0.007444168734491315,0.9987375679627455,
clean,200,6,band_inverse,24.0,0.0004247940677551889,0.007444168734491315,1.0,0.2855094699921481,0.007444168734491315,1.0,0.2855094699921481,0.007444168734491315,1.0,0.2855094699921481,0.0,1.0,1.0,0.007444168734491315,0.9992540515619969,
clean,200,6,band_inverse,28.0,0.0004247940677551889,0.007444168734491315,1.0,0.2967484896090295,0.007444168734491315,1.0,0.2967484896090295,0.007444168734491315,1.0,0.2967484896090295,0.5,1.0,1.0,0.007444168734491315,0.9998784233451339,
clean,200,6,band_inverse,32.0,0.0004247940677551889,0.007444168734491315,1.0,0.3068304992892662,0.007444168734491315,1.0,0.3068304992892662,0.007444168734491315,1.0,0.3068304992892662,0.5,1.0,1.0,0.007444168734491315,0.9997467531290511,
clean,200,6,band_inverse,36.0,0.0004247940677551889,0.007444168734491315,1.0,0.3119012932904306,0.007444168734491315,1.0,0.3119012932904306,0.007444168734491315,1.0,0.3119012932904306,0.5,1.0,1.0,0.007444168734491315,0.9996866826435337,
clean,200,6,band_inverse,40.0,0.0004247940677551889,0.007444168734491315,1.0,0.31566410523162153,0.007444168734491315,1.0,0.31566410523162153,0.007444168734491315,1.0,0.31566410523162153,0.5,1.0,1.0,0.007444168734491315,0.9995772557055915,
clean,200,6,band_inverse,44.0,0.0004247940677551889,0.007444168734491315,1.0,0.31310812459302745,0.007444168734491315,1.0,0.31310812459302745,0.007444168734491315,1.0,0.31310812459302745,0.5,1.0,1.0,0.007444168734491315,0.9996225566477204,
clean,200,6,band_inverse,48.0,0.0004247940677551889,0.007444168734491315,1.0,0.3119316928775982,0.007444168734491315,1.0,0.3119316928775982,0.007444168734491315,1.0,0.3119316928775982,0.5,1.0,1.0,0.007444168734491315,0.9997282097935704,
clean,200,6,band_inverse,52.0,0.0004247940677551889,0.007444168734491315,1.0,0.31004399977572,0.007444168734491315,1.0,0.31004399977572,0.007444168734491315,1.0,0.31004399977572,0.5,1.0,1.0,0.007444168734491315,0.9997222195554266,
clean,200,6,band_inverse,64.0,0.0004247940677551889,0.007444168734491315,1.0,0.3109441689758647,0.007444168734491315,1.0,0.3109441689758647,0.007444168734491315,1.0,0.3109441689758647,0.5,1.0,1.0,0.007444168734491315,0.9996730120540885,
clean,200,6,band_inverse,68.0,0.0004247940677551889,0.007444168734491315,1.0,0.3105733010616417,0.007444168734491315,1.0,0.3105733010616417,0.007444168734491315,1.0,0.3105733010616417,0.5,1.0,1.0,0.007444168734491315,0.9996750985750223,
clean,200,6,sharp_comb,80.0,0.0004247940677551889,0.0,1.0,0.3435765881964579,0.0,1.0,0.3435765881964579,0.0,1.0,0.3435765881964579,1.0,1.0,1.0,0.0,0.9999346570525541,
clean,200,6,sharp_comb,84.0,0.0004247940677551889,0.0,1.0,0.34269904648184657,0.0,1.0,0.34269904648184657,0.0,1.0,0.34269904648184657,1.0,1.0,1.0,0.0,0.9999718363532585,
clean,200,6,sharp_comb,120.0,0.0004247940677551889,0.0,1.0,0.3608452770393355,0.0,1.0,0.3608452770393355,0.0,1.0,0.3608452770393355,1.0,1.0,1.0,0.0,0.999998217310674,
clean,200,6,sharp_comb,124.0,0.0004247940677551889,0.0,1.0,0.36086375514449004,0.0,1.0,0.36086375514449004,0.0,1.0,0.36086375514449004,1.0,1.0,1.0,0.0,0.9999983717447691,
clean,200,6,normalized_half_comb,12.0,0.0004247940677551889,0.007444168734491315,1.0,0.1554723497112231,0.007444168734491315,1.0,0.1554723497112231,0.007444168734491315,1.0,0.1554723497112231,0.5,1.0,0.5,0.014778325123152709,0.8949624029855063,
clean,200,6,normalized_half_comb,16.0,0.0004247940677551889,0.007444168734491315,1.0,0.17103308443375737,0.007444168734491315,1.0,0.17103308443375737,0.007444168734491315,1.0,0.17103308443375737,0.5,1.0,0.5,0.014778325123152709,0.8972130442622454,
clean,200,6,normalized_half_comb,20.0,0.0004247940677551889,0.0,1.0,0.0722664459809988,0.0,1.0,0.0722664459809988,0.0,1.0,0.0722664459809988,1.0,1.0,0.5,0.0,0.8397502494675969,
clean,200,6,normalized_half_comb,24.0,0.0004247940677551889,0.007444168734491315,1.0,0.05383999724680008,0.007444168734491315,1.0,0.05383999724680008,0.007444168734491315,1.0,0.05383999724680008,0.5,1.0,0.5,0.0,0.77710068666559,
clean,200,6,normalized_half_comb,28.0,0.0004247940677551889,0.0,1.0,0.08177808870064127,0.0,1.0,0.08177808870064127,0.0,1.0,0.08177808870064127,1.0,1.0,0.5,0.0,0.8506937622712019,
clean,200,6,normalized_half_comb,32.0,0.0004247940677551889,0.0,1.0,0.13585882467273408,0.0,1.0,0.13585882467273408,0.0,1.0,0.13585882467273408,1.0,1.0,0.5,0.0,0.9590049720761069,
clean,200,6,normalized_half_comb,36.0,0.0004247940677551889,0.0,1.0,0.1274139351526866,0.0,1.0,0.1274139351526866,0.0,1.0,0.1274139351526866,1.0,1.0,0.5,0.0,0.9447076980632341,
clean,200,6,normalized_half_comb,40.0,0.0004247940677551889,0.0,1.0,0.13473471897188827,0.0,1.0,0.13473471897188827,0.0,1.0,0.13473471897188827,1.0,1.0,0.5,0.0,0.9562185712535245,
clean,200,6,normalized_half_comb,44.0,0.0004247940677551889,0.0,1.0,0.13736038388415453,0.0,1.0,0.13736038388415453,0.0,1.0,0.13736038388415453,1.0,1.0,0.5,0.0,0.9599035289860246,
clean,200,6,fitted_binned,,0.0004247940677551889,0.0,1.0,0.8661694480104074,0.0,1.0,0.8661694480104074,0.0,1.0,0.8661694480104074,1.0,1.0,1.0,0.0,0.999999999999999,mu=0.003 nb=164
clean,200,6,fitted_ridge,20.0,0.0004247940677551889,0.0,1.0,0.2482522009734744,0.0,1.0,0.2482522009734744,0.0,1.0,0.2482522009734744,1.0,1.0,0.5,0.0,0.9953383744665752,mu=0.003
clean,200,6,fitted_ridge,24.0,0.0004247940677551889,0.0,1.0,0.23884598055724057,0.0,1.0,0.23884598055724057,0.0,1.0,0.23884598055724057,1.0,1.0,0.5,0.0,0.9958720158061503,mu=0.003
clean,200,6,fitted_ridge,28.0,0.0004247940677551889,0.0,1.0,0.2768939990236402,0.0,1.0,0.2768939990236402,0.0,1.0,0.2768939990236402,1.0,1.0,0.5,0.0,0.9960105877845006,mu=0.003
clean,200,6,fitted_ridge,32.0,0.0004247940677551889,0.0,1.0,0.3390625789641319,0.0,1.0,0.3390625789641319,0.0,1.0,0.3390625789641319,1.0,1.0,0.5,0.0,0.9960097597355789,mu=0.003
clean,200,6,fitted_ridge,40.0,0.0004247940677551889,0.0,1.0,0.3158384851400534,0.0,1.0,0.3158384851400534,0.0,1.0,0.3158384851400534,1.0,1.0,0.5,0.0,0.9970821617762881,mu=0.003
clean,200,6,fitted_ridge,44.0,0.0004247940677551889,0.0,1.0,0.3041630380985418,0.0,1.0,0.3041630380985418,0.0,1.0,0.3041630380985418,1.0,1.0,0.5,0.0,0.9973514278573512,mu=0.003
clean,200,6,fitted_xval,,0.0004247940677551889,0.0,1.0,0.8661694480104074,0.0,1.0,0.8661694480104074,0.0,1.0,0.8661694480104074,1.0,1.0,1.0,0.0,0.999999999999999,rep0 response verbatim
clean,200,7,classical_invA,,0.0004247940677551889,0.0,1.0,0.3636363636363642,0.0,1.0,0.3636363636363642,0.0,1.0,0.3636363636363642,1.0,1.0,1.0,0.0,1.0000000000000004,
clean,200,7,1bqf_cos,1.0,0.0004247940677551889,0.0,1.0,0.4958849304736624,0.0,1.0,0.4958849304736624,0.0,1.0,0.4958849304736624,1.0,1.0,1.0,0.0,0.9996655136949472,
clean,200,7,comb_prod,8.0,0.0004247940677551889,0.0,1.0,0.14983194331115268,0.0,1.0,0.14983194331115268,0.0,1.0,0.14983194331115268,1.0,1.0,0.5,0.0,0.9983562590414641,
clean,200,7,comb_prod,12.0,0.0004247940677551889,0.0,1.0,0.25986385114212623,0.0,1.0,0.25986385114212623,0.0,1.0,0.25986385114212623,1.0,1.0,1.0,0.0,0.9999952942101283,
clean,200,7,comb_prod,16.0,0.0004247940677551889,0.0,1.0,0.2921160802126149,0.0,1.0,0.2921160802126149,0.0,1.0,0.2921160802126149,1.0,1.0,1.0,0.0,0.9997694993195545,
clean,200,7,comb_prod,20.0,0.0004247940677551889,0.0,1.0,0.3014544402153997,0.0,1.0,0.3014544402153997,0.0,1.0,0.3014544402153997,1.0,1.0,1.0,0.0,0.9997870759678312,
clean,200,7,comb_prod,24.0,0.0004247940677551889,0.0,1.0,0.3361540562963339,0.0,1.0,0.3361540562963339,0.0,1.0,0.3361540562963339,1.0,1.0,1.0,0.0,0.999982644720542,
clean,200,7,comb_prod,28.0,0.0004247940677551889,0.0,1.0,0.3497970009296172,0.0,1.0,0.3497970009296172,0.0,1.0,0.3497970009296172,1.0,1.0,1.0,0.0,0.9999691472682295,
clean,200,7,comb_prod,32.0,0.0004247940677551889,0.0,1.0,0.35136332877249105,0.0,1.0,0.35136332877249105,0.0,1.0,0.35136332877249105,1.0,1.0,1.0,0.0,0.9999800716010119,
clean,200,7,comb_prod,36.0,0.0004247940677551889,0.0,1.0,0.35661354236184667,0.0,1.0,0.35661354236184667,0.0,1.0,0.35661354236184667,1.0,1.0,1.0,0.0,0.9999991417742182,
clean,200,7,comb_prod,40.0,0.0004247940677551889,0.0,1.0,0.3605863287863949,0.0,1.0,0.3605863287863949,0.0,1.0,0.3605863287863949,1.0,1.0,1.0,0.0,0.9999990874149073,
clean,200,7,comb_prod,44.0,0.0004247940677551889,0.0,1.0,0.3610536718105759,0.0,1.0,0.3610536718105759,0.0,1.0,0.3610536718105759,1.0,1.0,1.0,0.0,0.9999994237584429,
clean,200,7,comb_prod,48.0,0.0004247940677551889,0.0,1.0,0.36131293223595723,0.0,1.0,0.36131293223595723,0.0,1.0,0.36131293223595723,1.0,1.0,1.0,0.0,0.9999999461200851,
clean,200,7,comb_prod,52.0,0.0004247940677551889,0.0,1.0,0.36212958170587195,0.0,1.0,0.36212958170587195,0.0,1.0,0.36212958170587195,1.0,1.0,1.0,0.0,0.9999999621085248,
clean,200,7,comb_prod,64.0,0.0004247940677551889,0.0,1.0,0.3624967352946637,0.0,1.0,0.3624967352946637,0.0,1.0,0.3624967352946637,1.0,1.0,1.0,0.0,0.9999999070821282,
clean,200,7,comb_prod,68.0,0.0004247940677551889,0.0,1.0,0.3625773426977186,0.0,1.0,0.3625773426977186,0.0,1.0,0.3625773426977186,1.0,1.0,1.0,0.0,0.9999999190225634,
clean,200,7,band_inverse,8.0,0.0004247940677551889,0.007444168734491315,1.0,0.17647833163295426,0.007444168734491315,1.0,0.17647833163295426,0.007444168734491315,1.0,0.17647833163295426,0.0,1.0,1.0,0.007444168734491315,0.9979751900274485,
clean,200,7,band_inverse,12.0,0.0004247940677551889,0.007444168734491315,1.0,0.25512781055153533,0.007444168734491315,1.0,0.25512781055153533,0.007444168734491315,1.0,0.25512781055153533,0.0,1.0,1.0,0.007444168734491315,0.9924835255711428,
clean,200,7,band_inverse,16.0,0.0004247940677551889,0.007444168734491315,1.0,0.25084730920355025,0.007444168734491315,1.0,0.25084730920355025,0.007444168734491315,1.0,0.25084730920355025,0.0,1.0,1.0,0.007444168734491315,0.9926999728574584,
clean,200,7,band_inverse,20.0,0.0004247940677551889,0.007444168734491315,1.0,0.27728896461922614,0.007444168734491315,1.0,0.27728896461922614,0.007444168734491315,1.0,0.27728896461922614,0.0,1.0,1.0,0.007444168734491315,0.9987375679627455,
clean,200,7,band_inverse,24.0,0.0004247940677551889,0.007444168734491315,1.0,0.2855094699921481,0.007444168734491315,1.0,0.2855094699921481,0.007444168734491315,1.0,0.2855094699921481,0.0,1.0,1.0,0.007444168734491315,0.9992540515619969,
clean,200,7,band_inverse,28.0,0.0004247940677551889,0.007444168734491315,1.0,0.2967484896090295,0.007444168734491315,1.0,0.2967484896090295,0.007444168734491315,1.0,0.2967484896090295,0.5,1.0,1.0,0.007444168734491315,0.9998784233451339,
clean,200,7,band_inverse,32.0,0.0004247940677551889,0.007444168734491315,1.0,0.3068304992892662,0.007444168734491315,1.0,0.3068304992892662,0.007444168734491315,1.0,0.3068304992892662,0.5,1.0,1.0,0.007444168734491315,0.9997467531290526,
clean,200,7,band_inverse,36.0,0.0004247940677551889,0.007444168734491315,1.0,0.3119012932904306,0.007444168734491315,1.0,0.3119012932904306,0.007444168734491315,1.0,0.3119012932904306,0.5,1.0,1.0,0.007444168734491315,0.9996866826435339,
clean,200,7,band_inverse,40.0,0.0004247940677551889,0.007444168734491315,1.0,0.31566410523162153,0.007444168734491315,1.0,0.31566410523162153,0.007444168734491315,1.0,0.31566410523162153,0.5,1.0,1.0,0.007444168734491315,0.9995772557055915,
clean,200,7,band_inverse,44.0,0.0004247940677551889,0.007444168734491315,1.0,0.31310812459302745,0.007444168734491315,1.0,0.31310812459302745,0.007444168734491315,1.0,0.31310812459302745,0.5,1.0,1.0,0.007444168734491315,0.9996225566477204,
clean,200,7,band_inverse,48.0,0.0004247940677551889,0.007444168734491315,1.0,0.3119316928775982,0.007444168734491315,1.0,0.3119316928775982,0.007444168734491315,1.0,0.3119316928775982,0.5,1.0,1.0,0.007444168734491315,0.9997282097935708,
clean,200,7,band_inverse,52.0,0.0004247940677551889,0.007444168734491315,1.0,0.31004399977572,0.007444168734491315,1.0,0.31004399977572,0.007444168734491315,1.0,0.31004399977572,0.5,1.0,1.0,0.007444168734491315,0.9997222195554266,
clean,200,7,band_inverse,64.0,0.0004247940677551889,0.007444168734491315,1.0,0.3109441689758647,0.007444168734491315,1.0,0.3109441689758647,0.007444168734491315,1.0,0.3109441689758647,0.5,1.0,1.0,0.007444168734491315,0.9996730120540879,
clean,200,7,band_inverse,68.0,0.0004247940677551889,0.007444168734491315,1.0,0.3105733010616417,0.007444168734491315,1.0,0.3105733010616417,0.007444168734491315,1.0,0.3105733010616417,0.5,1.0,1.0,0.007444168734491315,0.9996750985750221,
clean,200,7,sharp_comb,80.0,0.0004247940677551889,0.0,1.0,0.3435765881964579,0.0,1.0,0.3435765881964579,0.0,1.0,0.3435765881964579,1.0,1.0,1.0,0.0,0.9999346570525541,
clean,200,7,sharp_comb,84.0,0.0004247940677551889,0.0,1.0,0.34269904648184657,0.0,1.0,0.34269904648184657,0.0,1.0,0.34269904648184657,1.0,1.0,1.0,0.0,0.9999718363532585,
clean,200,7,sharp_comb,120.0,0.0004247940677551889,0.0,1.0,0.3608452770393355,0.0,1.0,0.3608452770393355,0.0,1.0,0.3608452770393355,1.0,1.0,1.0,0.0,0.999998217310674,
clean,200,7,sharp_comb,124.0,0.0004247940677551889,0.0,1.0,0.36086375514449004,0.0,1.0,0.36086375514449004,0.0,1.0,0.36086375514449004,1.0,1.0,1.0,0.0,0.9999983717447691,
clean,200,7,normalized_half_comb,12.0,0.0004247940677551889,0.007444168734491315,1.0,0.1554723497112231,0.007444168734491315,1.0,0.1554723497112231,0.007444168734491315,1.0,0.1554723497112231,0.5,1.0,0.5,0.014778325123152709,0.8949624029855063,
clean,200,7,normalized_half_comb,16.0,0.0004247940677551889,0.007444168734491315,1.0,0.17103308443375737,0.007444168734491315,1.0,0.17103308443375737,0.007444168734491315,1.0,0.17103308443375737,0.5,1.0,0.5,0.014778325123152709,0.8972130442622454,
clean,200,7,normalized_half_comb,20.0,0.0004247940677551889,0.0,1.0,0.0722664459809988,0.0,1.0,0.0722664459809988,0.0,1.0,0.0722664459809988,1.0,1.0,0.5,0.0,0.8397502494675969,
clean,200,7,normalized_half_comb,24.0,0.0004247940677551889,0.007444168734491315,1.0,0.05383999724680008,0.007444168734491315,1.0,0.05383999724680008,0.007444168734491315,1.0,0.05383999724680008,0.5,1.0,0.5,0.0,0.77710068666559,
clean,200,7,normalized_half_comb,28.0,0.0004247940677551889,0.0,1.0,0.08177808870064127,0.0,1.0,0.08177808870064127,0.0,1.0,0.08177808870064127,1.0,1.0,0.5,0.0,0.8506937622712019,
clean,200,7,normalized_half_comb,32.0,0.0004247940677551889,0.0,1.0,0.13585882467273408,0.0,1.0,0.13585882467273408,0.0,1.0,0.13585882467273408,1.0,1.0,0.5,0.0,0.9590049720761069,
clean,200,7,normalized_half_comb,36.0,0.0004247940677551889,0.0,1.0,0.1274139351526866,0.0,1.0,0.1274139351526866,0.0,1.0,0.1274139351526866,1.0,1.0,0.5,0.0,0.9447076980632336,
clean,200,7,normalized_half_comb,40.0,0.0004247940677551889,0.0,1.0,0.13473471897188827,0.0,1.0,0.13473471897188827,0.0,1.0,0.13473471897188827,1.0,1.0,0.5,0.0,0.9562185712535245,
clean,200,7,normalized_half_comb,44.0,0.0004247940677551889,0.0,1.0,0.13736038388415453,0.0,1.0,0.13736038388415453,0.0,1.0,0.13736038388415453,1.0,1.0,0.5,0.0,0.9599035289860246,
clean,200,7,fitted_binned,,0.0004247940677551889,0.0,1.0,0.8661694480104074,0.0,1.0,0.8661694480104074,0.0,1.0,0.8661694480104074,1.0,1.0,1.0,0.0,0.999999999999999,mu=0.003 nb=164
clean,200,7,fitted_ridge,20.0,0.0004247940677551889,0.0,1.0,0.2482522009734744,0.0,1.0,0.2482522009734744,0.0,1.0,0.2482522009734744,1.0,1.0,0.5,0.0,0.9953383744665744,mu=0.003
clean,200,7,fitted_ridge,24.0,0.0004247940677551889,0.0,1.0,0.23884598055724057,0.0,1.0,0.23884598055724057,0.0,1.0,0.23884598055724057,1.0,1.0,0.5,0.0,0.9958720158061503,mu=0.003
clean,200,7,fitted_ridge,28.0,0.0004247940677551889,0.0,1.0,0.2768939990236402,0.0,1.0,0.2768939990236402,0.0,1.0,0.2768939990236402,1.0,1.0,0.5,0.0,0.9960105877845006,mu=0.003
clean,200,7,fitted_ridge,32.0,0.0004247940677551889,0.0,1.0,0.3390625789641319,0.0,1.0,0.3390625789641319,0.0,1.0,0.3390625789641319,1.0,1.0,0.5,0.0,0.9960097597355789,mu=0.003
clean,200,7,fitted_ridge,40.0,0.0004247940677551889,0.0,1.0,0.3158384851400534,0.0,1.0,0.3158384851400534,0.0,1.0,0.3158384851400534,1.0,1.0,0.5,0.0,0.9970821617762881,mu=0.003
clean,200,7,fitted_ridge,44.0,0.0004247940677551889,0.0,1.0,0.3041630380985418,0.0,1.0,0.3041630380985418,0.0,1.0,0.3041630380985418,1.0,1.0,0.5,0.0,0.9973514278573512,mu=0.003
clean,200,7,fitted_xval,,0.0004247940677551889,0.0,1.0,0.8661694480104074,0.0,1.0,0.8661694480104074,0.0,1.0,0.8661694480104074,1.0,1.0,1.0,0.0,0.999999999999999,rep0 response verbatim
clean,200,8,classical_invA,,0.0004247940677551889,0.0024937655860349127,1.0,0.3636363636363642,0.0024937655860349127,1.0,0.3636363636363642,0.0024937655860349127,1.0,0.3636363636363642,0.5,1.0,1.0,0.0024937655860349127,1.0000000000000002,
clean,200,8,1bqf_cos,1.0,0.0004247940677551889,0.0025,0.9975,0.4958849304736624,0.0025,0.9975,0.4958849304736624,0.0024937655860349127,1.0,0.4798242141097828,0.5,1.0,0.9975,0.0025,0.9996142083073917,
clean,200,8,comb_prod,8.0,0.0004247940677551889,0.0,0.995,0.14970559769648267,0.0,0.995,0.14970559769648267,0.0024937655860349127,1.0,0.10340834539075508,0.995,1.0,0.5,0.0,0.9977476669046933,
clean,200,8,comb_prod,12.0,0.0004247940677551889,0.0,0.99,0.2547867339855474,0.0,0.995,0.18858907219003154,0.0024937655860349127,1.0,0.16857183027595546,0.995,1.0,0.99,0.0,0.998712384893646,
clean,200,8,comb_prod,16.0,0.0004247940677551889,0.0,0.99,0.2900202771236161,0.0,0.995,0.1387511558990458,0.0024937655860349127,1.0,0.12084434931943444,0.9975,1.0,0.99,0.0,0.9968038864898822,
clean,200,8,comb_prod,20.0,0.0004247940677551889,0.0,0.99,0.3013235969896906,0.0,0.995,0.1244191942902386,0.0024937655860349127,1.0,0.10644801373120316,0.9975,1.0,0.99,0.0,0.9961782344689041,
clean,200,8,comb_prod,24.0,0.0004247940677551889,0.0,0.99,0.33119817576311583,0.002506265664160401,0.995,0.08135555433286577,0.0024937655860349127,1.0,0.0676393575005118,0.9925,1.0,0.99,0.0,0.9952566096118596,
clean,200,8,comb_prod,28.0,0.0004247940677551889,0.0,0.99,0.34836041789615024,0.002506265664160401,0.995,0.07209846846833483,0.0024937655860349127,1.0,0.06379193583104951,0.9925,1.0,0.99,0.0,0.9948994924662624,
clean,200,8,comb_prod,32.0,0.0004247940677551889,0.0,0.99,0.3515794388071873,0.002506265664160401,0.995,0.07962602239661197,0.0024937655860349127,1.0,0.07182141971618446,0.9925,1.0,0.99,0.0,0.9951017465501495,
clean,200,8,comb_prod,36.0,0.0004247940677551889,0.0,0.99,0.35480343034972744,0.002506265664160401,0.995,0.07231530747478807,0.0024937655860349127,1.0,0.06353406644920585,0.9925,1.0,0.99,0.0,0.9949099905671742,
clean,200,8,comb_prod,40.0,0.0004247940677551889,0.0,0.99,0.360258498108816,0.0,0.995,0.08110293807762972,0.0024937655860349127,1.0,0.07288996288241459,0.995,1.0,0.99,0.0,0.9950558884753683,
clean,200,8,comb_prod,44.0,0.0004247940677551889,0.0,0.99,0.3612034852339645,0.0,0.995,0.08352351328138335,0.0024937655860349127,1.0,0.0745952904790169,0.995,1.0,0.99,0.0,0.995095551483908,
clean,200,8,comb_prod,48.0,0.0004247940677551889,0.0,0.99,0.36097149526987654,0.0,0.995,0.08340775882146191,0.0024937655860349127,1.0,0.07443690914297123,0.995,1.0,0.99,0.0,0.9950877293630142,
clean,200,8,comb_prod,52.0,0.0004247940677551889,0.0,0.99,0.3620745078037765,0.0,0.995,0.08438433557650711,0.0024937655860349127,1.0,0.07521932812601906,0.995,1.0,0.99,0.0,0.9950971422560235,
clean,200,8,comb_prod,64.0,0.0004247940677551889,0.0,0.99,0.362476167038253,0.0,0.995,0.08393822696684815,0.0024937655860349127,1.0,0.074828636110683,0.995,1.0,0.99,0.0,0.9950849779979191,
clean,200,8,comb_prod,68.0,0.0004247940677551889,0.0,0.99,0.3625580231946209,0.0,0.995,0.08377144960653095,0.0024937655860349127,1.0,0.07470012308383711,0.995,1.0,0.99,0.0,0.9950811357180569,
clean,200,8,band_inverse,8.0,0.0004247940677551889,0.012468827930174564,0.99,0.17787358002404652,0.01240694789081886,0.995,0.12963486049826986,0.014778325123152709,1.0,0.10816030781324303,0.0,0.0,0.9925,0.012437810945273632,0.9971270595164194,
clean,200,8,band_inverse,12.0,0.0004247940677551889,0.012437810945273632,0.9925,0.2543983912459919,0.01240694789081886,0.995,0.24490363075408275,0.014778325123152709,1.0,0.2139988725781235,0.0,0.0,0.9975,0.014814814814814815,0.99208202017818,
clean,200,8,band_inverse,16.0,0.0004247940677551889,0.01240694789081886,0.995,0.2562460563921193,0.01240694789081886,0.995,0.2562460563921193,0.014778325123152709,1.0,0.23495276729336054,0.0,0.0,1.0,0.014778325123152709,0.9931617512375716,
clean,200,8,band_inverse,20.0,0.0004247940677551889,0.012437810945273632,0.9925,0.27602635550130017,0.01240694789081886,0.995,0.26761652502392586,0.014778325123152709,1.0,0.22636839347085067,0.0,0.0,0.995,0.01240694789081886,0.9982454596958494,
clean,200,8,band_inverse,24.0,0.0004247940677551889,0.012468827930174564,0.99,0.2861926967682744,0.01240694789081886,0.995,0.24522196730436546,0.014778325123152709,1.0,0.2165166254619541,0.0,0.0,0.9925,0.012437810945273632,0.9986440911539045,
clean,200,8,band_inverse,28.0,0.0004247940677551889,0.012468827930174564,0.99,0.2930288018486094,0.01240694789081886,0.995,0.23429407474804023,0.014778325123152709,1.0,0.19363193754597208,0.495,0.495,0.99,0.012468827930174564,0.998601293670496,
clean,200,8,band_inverse,32.0,0.0004247940677551889,0.012468827930174564,0.99,0.30661031895882385,0.01240694789081886,0.995,0.24764915652784084,0.014778325123152709,1.0,0.2066291765688936,0.495,0.495,0.99,0.012468827930174564,0.9985732684912576,
clean,200,8,band_inverse,36.0,0.0004247940677551889,0.012468827930174564,0.99,0.3095980403402069,0.01240694789081886,0.995,0.24517230523578326,0.014778325123152709,1.0,0.20413874848181715,0.495,0.495,0.99,0.012468827930174564,0.9984651031200517,
clean,200,8,band_inverse,40.0,0.0004247940677551889,0.012468827930174564,0.99,0.3167068767724598,0.01240694789081886,0.995,0.24499540545835483,0.014778325123152709,1.0,0.21395232493053265,0.495,0.495,0.99,0.012468827930174564,0.998526397487836,
clean,200,8,band_inverse,44.0,0.0004247940677551889,0.012468827930174564,0.99,0.31281966839530945,0.01240694789081886,0.995,0.24392002490668954,0.014778325123152709,1.0,0.21141961406978949,0.495,0.495,0.99,0.012468827930174564,0.9985402528099866,
clean,200,8,band_inverse,48.0,0.0004247940677551889,0.012468827930174564,0.99,0.31287886944494575,0.01240694789081886,0.995,0.24650857707907048,0.014778325123152709,1.0,0.2120578382852461,0.495,0.495,0.99,0.012468827930174564,0.9986316175507873,
clean,200,8,band_inverse,52.0,0.0004247940677551889,0.012468827930174564,0.99,0.3098761552386762,0.01240694789081886,0.995,0.24652999306004536,0.014778325123152709,1.0,0.21114461870334178,0.495,0.495,0.99,0.012468827930174564,0.9986397335190352,
clean,200,8,band_inverse,64.0,0.0004247940677551889,0.012468827930174564,0.99,0.31098206909066123,0.01240694789081886,0.995,0.24542442792193697,0.014778325123152709,1.0,0.2108521463754732,0.495,0.495,0.99,0.012468827930174564,0.9985903908657261,
clean,200,8,band_inverse,68.0,0.0004247940677551889,0.012468827930174564,0.99,0.31057780284058073,0.01240694789081886,0.995,0.24588201743158533,0.014778325123152709,1.0,0.21127692012273075,0.495,0.495,0.99,0.012468827930174564,0.9986006487708686,
clean,200,8,sharp_comb,80.0,0.0004247940677551889,0.0,0.99,0.34253645101710517,0.01485148514851485,0.995,0.007886405676973662,0.014778325123152709,1.0,0.004729045027994099,0.9925,0.9925,0.99,0.0,0.992799086440489,
clean,200,8,sharp_comb,84.0,0.0004247940677551889,0.0,0.99,0.34257555602138584,0.01485148514851485,0.995,0.005876534078695315,0.014778325123152709,1.0,0.0038174912722481876,0.99,0.99,0.99,0.0,0.9927821599931045,
clean,200,8,sharp_comb,120.0,0.0004247940677551889,0.0,0.99,0.3611007483755847,0.9950248756218906,0.995,0.0006970426594722929,0.995,1.0,0.000430810056548597,0.99,0.99,0.99,0.0,0.9926485876710336,
clean,200,8,sharp_comb,124.0,0.0004247940677551889,0.0,0.99,0.36078742909041106,0.9950248756218906,0.995,0.0007852354076072468,0.995,1.0,6.703848458109846e-05,0.9925,0.9925,0.99,0.0,0.992642560556681,
clean,200,8,normalized_half_comb,12.0,0.0004247940677551889,0.014814814814814815,0.9975,0.1554723497112231,0.014814814814814815,0.9975,0.1554723497112231,0.014778325123152709,1.0,0.14901658505135462,0.4975,0.5,0.5,0.02912621359223301,0.8948710201027402,
clean,200,8,normalized_half_comb,16.0,0.0004247940677551889,0.014814814814814815,0.9975,0.17103308443375737,0.014814814814814815,0.9975,0.17103308443375737,0.014778325123152709,1.0,0.16839726295653618,0.4975,0.5,0.5,0.02912621359223301,0.8971895585880713,
clean,200,8,normalized_half_comb,20.0,0.0004247940677551889,0.002506265664160401,0.995,0.0722664459809988,0.002506265664160401,0.995,0.0722664459809988,0.0024937655860349127,1.0,0.053815155367122225,0.4975,1.0,0.4975,0.0,0.8391959645352509,
clean,200,8,normalized_half_comb,24.0,0.0004247940677551889,0.01485148514851485,0.995,0.05383999724680008,0.01485148514851485,0.995,0.05383999724680008,0.014778325123152709,1.0,0.022881815910069256,0.4975,0.5,0.4975,0.0,0.7762119104925008,
clean,200,8,normalized_half_comb,28.0,0.0004247940677551889,0.002506265664160401,0.995,0.08177808870064127,0.002506265664160401,0.995,0.08177808870064127,0.0024937655860349127,1.0,0.048481806789288553,0.4975,1.0,0.4975,0.0,0.8496962547288486,
clean,200,8,normalized_half_comb,32.0,0.0004247940677551889,0.0,0.9925,0.13585882467273408,0.0,0.995,0.11348924807814312,0.0024937655860349127,1.0,0.08221335909468812,0.9975,1.0,0.4975,0.0,0.9577998840859673,
clean,200,8,normalized_half_comb,36.0,0.0004247940677551889,0.0,0.9925,0.1274139351526866,0.0,0.995,0.10278241645864158,0.0024937655860349127,1.0,0.08834412513177407,0.9975,1.0,0.4975,0.0,0.943490952498024,
clean,200,8,normalized_half_comb,40.0,0.0004247940677551889,0.0,0.9925,0.13473471897188827,0.0,0.995,0.11045034405232837,0.0024937655860349127,1.0,0.08290676893057938,0.9975,1.0,0.4975,0.0,0.9549766356136271,
clean,200,8,normalized_half_comb,44.0,0.0004247940677551889,0.0,0.9925,0.13736038388415453,0.0,0.995,0.11308492901343539,0.0024937655860349127,1.0,0.08100652066247709,0.9975,1.0,0.4975,0.0,0.9586487716220806,
clean,200,8,fitted_binned,,0.0004247940677551889,0.0,0.9975,0.1932091545425866,0.0,0.9975,0.1932091545425866,0.0024937655860349127,1.0,0.000622602221822241,0.9975,1.0,0.9975,0.0,0.9977570798302257,mu=0.003 nb=187
clean,200,8,fitted_ridge,20.0,0.0004247940677551889,0.0024937655860349127,1.0,0.1393157655400009,0.0024937655860349127,1.0,0.1393157655400009,0.0024937655860349127,1.0,0.1393157655400009,0.0075,1.0,0.505,0.0049261083743842365,0.9803046339053841,mu=0.003
clean,200,8,fitted_ridge,24.0,0.0004247940677551889,0.0,0.9975,0.11640576499222406,0.0,0.9975,0.11640576499222406,0.0024937655860349127,1.0,0.08815076906933335,0.9975,1.0,0.5025,0.0,0.9886351285132505,mu=0.003
clean,200,8,fitted_ridge,28.0,0.0004247940677551889,0.0,0.9975,0.10064359153414808,0.0,0.9975,0.10064359153414808,0.014778325123152709,1.0,0.016852756258340443,0.9975,0.9975,0.5025,0.0,0.9921451924184701,mu=0.003
clean,200,8,fitted_ridge,32.0,0.0004247940677551889,0.0,0.9975,0.19426970001677044,0.0,0.9975,0.19426970001677044,0.0024937655860349127,1.0,0.15528665830599991,0.9975,1.0,0.5025,0.0,0.9928381997743576,mu=0.003
clean,200,8,fitted_ridge,40.0,0.0004247940677551889,0.0,0.9975,0.15361121487215657,0.0,0.9975,0.15361121487215657,0.0024937655860349127,1.0,0.08245025617281625,0.9975,1.0,0.5025,0.0,0.9938518011352384,mu=0.003
clean,200,8,fitted_ridge,44.0,0.0004247940677551889,0.0,0.9975,0.1655368269469857,0.0,0.9975,0.1655368269469857,0.0024937655860349127,1.0,0.03603640535685444,0.9975,1.0,0.5025,0.0,0.9961915607756421,mu=0.003
clean,200,8,fitted_xval,,0.0004247940677551889,0.0,0.995,0.8661694480104074,0.0,0.995,0.8661694480104074,0.0024937655860349127,1.0,0.5766407412190944,0.995,1.0,0.995,0.0,0.9997824672591812,rep0 response verbatim
clean,200,9,classical_invA,,0.0004247940677551889,0.0,1.0,0.3636363636363642,0.0,1.0,0.3636363636363642,0.0,1.0,0.3636363636363642,1.0,1.0,1.0,0.0,1.0000000000000004,
clean,200,9,1bqf_cos,1.0,0.0004247940677551889,0.0,1.0,0.4958849304736624,0.0,1.0,0.4958849304736624,0.0,1.0,0.4958849304736624,1.0,1.0,1.0,0.0,0.9996655136949464,
clean,200,9,comb_prod,8.0,0.0004247940677551889,0.0,1.0,0.14983194331115268,0.0,1.0,0.14983194331115268,0.0,1.0,0.14983194331115268,1.0,1.0,0.5,0.0,0.9983562590414641,
clean,200,9,comb_prod,12.0,0.0004247940677551889,0.0,1.0,0.25986385114212623,0.0,1.0,0.25986385114212623,0.0,1.0,0.25986385114212623,1.0,1.0,1.0,0.0,0.9999952942101289,
clean,200,9,comb_prod,16.0,0.0004247940677551889,0.0,1.0,0.2921160802126149,0.0,1.0,0.2921160802126149,0.0,1.0,0.2921160802126149,1.0,1.0,1.0,0.0,0.9997694993195554,
clean,200,9,comb_prod,20.0,0.0004247940677551889,0.0,1.0,0.3014544402153997,0.0,1.0,0.3014544402153997,0.0,1.0,0.3014544402153997,1.0,1.0,1.0,0.0,0.999787075967831,
clean,200,9,comb_prod,24.0,0.0004247940677551889,0.0,1.0,0.3361540562963339,0.0,1.0,0.3361540562963339,0.0,1.0,0.3361540562963339,1.0,1.0,1.0,0.0,0.9999826447205409,
clean,200,9,comb_prod,28.0,0.0004247940677551889,0.0,1.0,0.3497970009296172,0.0,1.0,0.3497970009296172,0.0,1.0,0.3497970009296172,1.0,1.0,1.0,0.0,0.9999691472682297,
clean,200,9,comb_prod,32.0,0.0004247940677551889,0.0,1.0,0.35136332877249105,0.0,1.0,0.35136332877249105,0.0,1.0,0.35136332877249105,1.0,1.0,1.0,0.0,0.9999800716010121,
clean,200,9,comb_prod,36.0,0.0004247940677551889,0.0,1.0,0.35661354236184667,0.0,1.0,0.35661354236184667,0.0,1.0,0.35661354236184667,1.0,1.0,1.0,0.0,0.9999991417742176,
clean,200,9,comb_prod,40.0,0.0004247940677551889,0.0,1.0,0.3605863287863949,0.0,1.0,0.3605863287863949,0.0,1.0,0.3605863287863949,1.0,1.0,1.0,0.0,0.9999990874149068,
clean,200,9,comb_prod,44.0,0.0004247940677551889,0.0,1.0,0.3610536718105759,0.0,1.0,0.3610536718105759,0.0,1.0,0.3610536718105759,1.0,1.0,1.0,0.0,0.9999994237584429,
clean,200,9,comb_prod,48.0,0.0004247940677551889,0.0,1.0,0.36131293223595723,0.0,1.0,0.36131293223595723,0.0,1.0,0.36131293223595723,1.0,1.0,1.0,0.0,0.9999999461200851,
clean,200,9,comb_prod,52.0,0.0004247940677551889,0.0,1.0,0.36212958170587195,0.0,1.0,0.36212958170587195,0.0,1.0,0.36212958170587195,1.0,1.0,1.0,0.0,0.9999999621085248,
clean,200,9,comb_prod,64.0,0.0004247940677551889,0.0,1.0,0.3624967352946637,0.0,1.0,0.3624967352946637,0.0,1.0,0.3624967352946637,1.0,1.0,1.0,0.0,0.9999999070821282,
clean,200,9,comb_prod,68.0,0.0004247940677551889,0.0,1.0,0.3625773426977186,0.0,1.0,0.3625773426977186,0.0,1.0,0.3625773426977186,1.0,1.0,1.0,0.0,0.9999999190225632,
clean,200,9,band_inverse,8.0,0.0004247940677551889,0.004975124378109453,1.0,0.17647833163295426,0.004975124378109453,1.0,0.17647833163295426,0.004975124378109453,1.0,0.17647833163295426,0.0,1.0,1.0,0.004975124378109453,0.9979751900274475,
clean,200,9,band_inverse,12.0,0.0004247940677551889,0.004975124378109453,1.0,0.25512781055153533,0.004975124378109453,1.0,0.25512781055153533,0.004975124378109453,1.0,0.25512781055153533,0.0,1.0,1.0,0.004975124378109453,0.9924835255711415,
clean,200,9,band_inverse,16.0,0.0004247940677551889,0.004975124378109453,1.0,0.25084730920355025,0.004975124378109453,1.0,0.25084730920355025,0.004975124378109453,1.0,0.25084730920355025,0.0,1.0,1.0,0.004975124378109453,0.9926999728574579,
clean,200,9,band_inverse,20.0,0.0004247940677551889,0.004975124378109453,1.0,0.27728896461922614,0.004975124378109453,1.0,0.27728896461922614,0.004975124378109453,1.0,0.27728896461922614,0.0,1.0,1.0,0.004975124378109453,0.9987375679627457,
clean,200,9,band_inverse,24.0,0.0004247940677551889,0.004975124378109453,1.0,0.2855094699921481,0.004975124378109453,1.0,0.2855094699921481,0.004975124378109453,1.0,0.2855094699921481,0.0,1.0,1.0,0.004975124378109453,0.9992540515619969,
clean,200,9,band_inverse,28.0,0.0004247940677551889,0.004975124378109453,1.0,0.2967484896090295,0.004975124378109453,1.0,0.2967484896090295,0.004975124378109453,1.0,0.2967484896090295,0.5,1.0,1.0,0.004975124378109453,0.9998784233451347,
clean,200,9,band_inverse,32.0,0.0004247940677551889,0.004975124378109453,1.0,0.3068304992892662,0.004975124378109453,1.0,0.3068304992892662,0.004975124378109453,1.0,0.3068304992892662,0.5,1.0,1.0,0.004975124378109453,0.9997467531290518,
clean,200,9,band_inverse,36.0,0.0004247940677551889,0.004975124378109453,1.0,0.3119012932904306,0.004975124378109453,1.0,0.3119012932904306,0.004975124378109453,1.0,0.3119012932904306,0.5,1.0,1.0,0.004975124378109453,0.9996866826435337,
clean,200,9,band_inverse,40.0,0.0004247940677551889,0.004975124378109453,1.0,0.31566410523162153,0.004975124378109453,1.0,0.31566410523162153,0.004975124378109453,1.0,0.31566410523162153,0.5,1.0,1.0,0.004975124378109453,0.9995772557055909,
clean,200,9,band_inverse,44.0,0.0004247940677551889,0.004975124378109453,1.0,0.31310812459302745,0.004975124378109453,1.0,0.31310812459302745,0.004975124378109453,1.0,0.31310812459302745,0.5,1.0,1.0,0.004975124378109453,0.9996225566477206,
clean,200,9,band_inverse,48.0,0.0004247940677551889,0.004975124378109453,1.0,0.3119316928775982,0.004975124378109453,1.0,0.3119316928775982,0.004975124378109453,1.0,0.3119316928775982,0.5,1.0,1.0,0.004975124378109453,0.9997282097935697,
clean,200,9,band_inverse,52.0,0.0004247940677551889,0.004975124378109453,1.0,0.31004399977572,0.004975124378109453,1.0,0.31004399977572,0.004975124378109453,1.0,0.31004399977572,0.5,1.0,1.0,0.004975124378109453,0.9997222195554268,
clean,200,9,band_inverse,64.0,0.0004247940677551889,0.004975124378109453,1.0,0.3109441689758647,0.004975124378109453,1.0,0.3109441689758647,0.004975124378109453,1.0,0.3109441689758647,0.5,1.0,1.0,0.004975124378109453,0.9996730120540872,
clean,200,9,band_inverse,68.0,0.0004247940677551889,0.004975124378109453,1.0,0.3105733010616417,0.004975124378109453,1.0,0.3105733010616417,0.004975124378109453,1.0,0.3105733010616417,0.5,1.0,1.0,0.004975124378109453,0.9996750985750232,
clean,200,9,sharp_comb,80.0,0.0004247940677551889,0.0,1.0,0.3435765881964579,0.0,1.0,0.3435765881964579,0.0,1.0,0.3435765881964579,1.0,1.0,1.0,0.0,0.9999346570525544,
clean,200,9,sharp_comb,84.0,0.0004247940677551889,0.0,1.0,0.34269904648184657,0.0,1.0,0.34269904648184657,0.0,1.0,0.34269904648184657,1.0,1.0,1.0,0.0,0.9999718363532587,
clean,200,9,sharp_comb,120.0,0.0004247940677551889,0.0,1.0,0.3608452770393355,0.0,1.0,0.3608452770393355,0.0,1.0,0.3608452770393355,1.0,1.0,1.0,0.0,0.999998217310674,
clean,200,9,sharp_comb,124.0,0.0004247940677551889,0.0,1.0,0.36086375514449004,0.0,1.0,0.36086375514449004,0.0,1.0,0.36086375514449004,1.0,1.0,1.0,0.0,0.9999983717447689,
clean,200,9,normalized_half_comb,12.0,0.0004247940677551889,0.004975124378109453,1.0,0.1554723497112231,0.004975124378109453,1.0,0.1554723497112231,0.004975124378109453,1.0,0.1554723497112231,0.5,1.0,0.5,0.009900990099009901,0.8949624029855063,
clean,200,9,normalized_half_comb,16.0,0.0004247940677551889,0.004975124378109453,1.0,0.17103308443375737,0.004975124378109453,1.0,0.17103308443375737,0.004975124378109453,1.0,0.17103308443375737,0.5,1.0,0.5,0.009900990099009901,0.8972130442622456,
clean,200,9,normalized_half_comb,20.0,0.0004247940677551889,0.0,1.0,0.0722664459809988,0.0,1.0,0.0722664459809988,0.0,1.0,0.0722664459809988,1.0,1.0,0.5,0.0,0.8397502494675969,
clean,200,9,normalized_half_comb,24.0,0.0004247940677551889,0.004975124378109453,1.0,0.05383999724680008,0.004975124378109453,1.0,0.05383999724680008,0.004975124378109453,1.0,0.05383999724680008,0.5,1.0,0.5,0.0,0.7771006866655904,
clean,200,9,normalized_half_comb,28.0,0.0004247940677551889,0.0,1.0,0.08177808870064127,0.0,1.0,0.08177808870064127,0.0,1.0,0.08177808870064127,1.0,1.0,0.5,0.0,0.8506937622712015,
clean,200,9,normalized_half_comb,32.0,0.0004247940677551889,0.0,1.0,0.13585882467273408,0.0,1.0,0.13585882467273408,0.0,1.0,0.13585882467273408,1.0,1.0,0.5,0.0,0.9590049720761069,
clean,200,9,normalized_half_comb,36.0,0.0004247940677551889,0.0,1.0,0.1274139351526866,0.0,1.0,0.1274139351526866,0.0,1.0,0.1274139351526866,1.0,1.0,0.5,0.0,0.9447076980632341,
clean,200,9,normalized_half_comb,40.0,0.0004247940677551889,0.0,1.0,0.13473471897188827,0.0,1.0,0.13473471897188827,0.0,1.0,0.13473471897188827,1.0,1.0,0.5,0.0,0.9562185712535252,
clean,200,9,normalized_half_comb,44.0,0.0004247940677551889,0.0,1.0,0.13736038388415453,0.0,1.0,0.13736038388415453,0.0,1.0,0.13736038388415453,1.0,1.0,0.5,0.0,0.9599035289860246,
clean,200,9,fitted_binned,,0.0004247940677551889,0.0,1.0,0.8661694480104074,0.0,1.0,0.8661694480104074,0.0,1.0,0.8661694480104074,1.0,1.0,1.0,0.0,0.999999999999999,mu=0.003 nb=164
clean,200,9,fitted_ridge,20.0,0.0004247940677551889,0.0,1.0,0.2482522009734744,0.0,1.0,0.2482522009734744,0.0,1.0,0.2482522009734744,1.0,1.0,0.5,0.0,0.9953383744665746,mu=0.003
clean,200,9,fitted_ridge,24.0,0.0004247940677551889,0.0,1.0,0.23884598055724057,0.0,1.0,0.23884598055724057,0.0,1.0,0.23884598055724057,1.0,1.0,0.5,0.0,0.9958720158061499,mu=0.003
clean,200,9,fitted_ridge,28.0,0.0004247940677551889,0.0,1.0,0.2768939990236402,0.0,1.0,0.2768939990236402,0.0,1.0,0.2768939990236402,1.0,1.0,0.5,0.0,0.9960105877845006,mu=0.003
clean,200,9,fitted_ridge,32.0,0.0004247940677551889,0.0,1.0,0.3390625789641319,0.0,1.0,0.3390625789641319,0.0,1.0,0.3390625789641319,1.0,1.0,0.5,0.0,0.9960097597355796,mu=0.003
clean,200,9,fitted_ridge,40.0,0.0004247940677551889,0.0,1.0,0.3158384851400534,0.0,1.0,0.3158384851400534,0.0,1.0,0.3158384851400534,1.0,1.0,0.5,0.0,0.9970821617762883,mu=0.003
clean,200,9,fitted_ridge,44.0,0.0004247940677551889,0.0,1.0,0.3041630380985418,0.0,1.0,0.3041630380985418,0.0,1.0,0.3041630380985418,1.0,1.0,0.5,0.0,0.9973514278573512,mu=0.003
clean,200,9,fitted_xval,,0.0004247940677551889,0.0,1.0,0.8661694480104074,0.0,1.0,0.8661694480104074,0.0,1.0,0.8661694480104074,1.0,1.0,1.0,0.0,0.999999999999999,rep0 response verbatim
moderate,200,0,classical_invA,,0.0031777035588293387,0.3070796460176991,0.9974522292993631,0.33333333333333326,0.3070796460176991,0.9974522292993631,0.33333333333333326,0.9950003821363972,1.0,0.25,0.4878980891719745,0.4942675159235669,0.9847133757961783,0.02644836272040302,1.0,
moderate,200,0,1bqf_cos,1.0,0.0031777035588293387,0.3070796460176991,0.9974522292993631,0.3826834323650898,0.3070796460176991,0.9974522292993631,0.3826834323650898,0.9950003821363972,1.0,6.123233995736766e-17,0.4878980891719745,0.49171974522292994,0.9796178343949045,0.025348542458808618,0.9993242413156974,
moderate,200,0,comb_prod,8.0,0.0031777035588293387,0.9950382165605095,0.9923566878980892,0.07727598866146784,0.9950129294421869,0.9974522292993631,0.06935336726562903,0.9950002547640885,1.0,0.06935336726562889,0.4662420382165605,0.4751592356687898,0.4878980891719745,0.02295918367346939,0.9904786498934348,
moderate,200,0,comb_prod,12.0,0.0031777035588293387,0.9950446806748916,0.9910828025477707,0.01285299449015574,0.995013056493217,0.9974522292993631,0.007746553914293756,0.9950003821363972,1.0,0.007746553914293712,0.9426751592356688,0.9592356687898089,0.932484076433121,0.0,0.9796789446650497,
moderate,200,0,comb_prod,16.0,0.0031777035588293387,0.9950003821363972,1.0,0.005322857209789366,0.9950003821363972,1.0,0.005322857209789366,0.9950003821363972,1.0,0.005322857209789366,0.932484076433121,0.9452229299363057,0.932484076433121,0.0,0.9758098279191044,
moderate,200,0,comb_prod,20.0,0.0031777035588293387,0.9950003821363972,1.0,0.011675456944085753,0.9950003821363972,1.0,0.011675456944085753,0.9950003821363972,1.0,0.011675456944085753,0.932484076433121,0.9401273885350319,0.932484076433121,0.0,0.9727108831976804,
moderate,200,0,comb_prod,24.0,0.0031777035588293387,0.30844444444444447,0.9910828025477707,0.0031062698731481766,0.3070796460176991,0.9974522292993631,0.0031062698731474103,0.9950003821363972,1.0,0.0006367804587735781,0.932484076433121,0.9401273885350319,0.932484076433121,0.0,0.9676434153852576,
moderate,200,0,comb_prod,28.0,0.0031777035588293387,0.9950003821363972,1.0,0.004194626697136292,0.9950003821363972,1.0,0.004194626697136292,0.9950003821363972,1.0,0.004194626697136292,0.932484076433121,0.9401273885350319,0.932484076433121,0.0,0.9664052262614861,
moderate,200,0,comb_prod,32.0,0.0031777035588293387,0.9950383429721535,0.9923566878980892,0.00677029415330928,0.995013056493217,0.9974522292993631,0.004985316145499387,0.9950003821363972,1.0,0.004985316145499382,0.932484076433121,0.9452229299363057,0.932484076433121,0.0,0.9661179614661163,
moderate,200,0,comb_prod,36.0,0.0031777035588293387,0.3070796460176991,0.9974522292993631,0.002407734926363253,0.3070796460176991,0.9974522292993631,0.002407734926363253,0.9950003821363972,1.0,0.0022926848330715663,0.932484076433121,0.9401273885350319,0.932484076433121,0.0,0.966211705383446,
moderate,200,0,comb_prod,40.0,0.0031777035588293387,0.9950003821363972,1.0,0.002353510215637514,0.9950003821363972,1.0,0.002353510215637514,0.9950003821363972,1.0,0.002353510215637514,0.932484076433121,0.9452229299363057,0.932484076433121,0.0,0.9658503920238608,
moderate,200,0,comb_prod,44.0,0.0031777035588293387,0.30597680642283676,0.9910828025477707,0.004521850039254747,0.3046181172291297,0.9974522292993631,0.004521850039254689,0.9950003821363972,1.0,0.002987961442173427,0.932484076433121,0.9452229299363057,0.932484076433121,0.0,0.9659017810733871,
moderate,200,0,comb_prod,48.0,0.0031777035588293387,0.30844444444444447,0.9910828025477707,0.0034717817842457163,0.3070796460176991,0.9974522292993631,0.003471781784245655,0.9950003821363972,1.0,0.0007264710913059691,0.932484076433121,0.9452229299363057,0.932484076433121,0.0,0.96581290400066,
moderate,200,0,comb_prod,52.0,0.0031777035588293387,0.30597680642283676,0.9910828025477707,0.004003207586849244,0.3046181172291297,0.9974522292993631,0.004003207586849152,0.9950003821363972,1.0,0.0007312259462219292,0.932484076433121,0.9452229299363057,0.932484076433121,0.0,0.9659290748048868,
moderate,200,0,comb_prod,64.0,0.0031777035588293387,0.3070796460176991,0.9974522292993631,0.003725291106764727,0.3070796460176991,0.9974522292993631,0.003725291106764727,0.9950003821363972,1.0,7.969151330756291e-05,0.932484076433121,0.9452229299363057,0.932484076433121,0.0,0.9658913378570994,
moderate,200,0,comb_prod,68.0,0.0031777035588293387,0.3070796460176991,0.9974522292993631,0.0037086877458464918,0.3070796460176991,0.9974522292993631,0.0037086877458464918,0.9950003821363972,1.0,2.4850608659303386e-05,0.932484076433121,0.9452229299363057,0.932484076433121,0.0,0.9658820642544675,
moderate,200,0,band_inverse,8.0,0.0031777035588293387,0.3075555555555556,0.9923566878980892,0.0670504325867161,0.3067375886524823,0.9961783439490446,0.0670504325867158,0.9950003821363972,1.0,0.004694310039538588,0.0,0.0,0.9630573248407643,0.307057745187901,0.9872921378883066,
moderate,200,0,band_inverse,12.0,0.0031777035588293387,0.30844444444444447,0.9910828025477707,0.07665646755237367,0.3070796460176991,0.9974522292993631,0.07665646755237245,0.9950003821363972,1.0,0.0031452787533778476,0.0,0.0,0.9719745222929936,0.30383211678832117,0.9844153958133345,
moderate,200,0,band_inverse,16.0,0.0031777035588293387,0.30844444444444447,0.9910828025477707,0.06382435298046389,0.3070796460176991,0.9974522292993631,0.06382435298046243,0.9950003821363972,1.0,0.003148726637541538,0.0,0.0,0.9694267515923567,0.30247479376718606,0.9849228189048359,
moderate,200,0,band_inverse,20.0,0.0031777035588293387,0.30817051509769094,0.9923566878980892,0.0607414177727578,0.3073516386182462,0.9961783439490446,0.06074141777275713,0.9950003821363972,1.0,0.0020855489383038855,0.0,0.0,0.9605095541401274,0.30185185185185187,0.9821771624556125,
moderate,200,0,band_inverse,24.0,0.0031777035588293387,0.30817051509769094,0.9923566878980892,0.04533663286572575,0.3073516386182462,0.9961783439490446,0.045336632865725375,0.9950003821363972,1.0,0.0020060493002317104,0.0,0.0,0.9503184713375796,0.3041044776119403,0.9803401013117146,
moderate,200,0,band_inverse,28.0,0.0031777035588293387,0.30817051509769094,0.9923566878980892,0.004040993113383163,0.3073516386182462,0.9961783439490446,0.004040993113382845,0.9950003821363972,1.0,0.0015548207552239374,0.4662420382165605,0.4662420382165605,0.9452229299363057,0.3052434456928839,0.9770121961460391,
moderate,200,0,band_inverse,32.0,0.0031777035588293387,0.30817051509769094,0.9923566878980892,0.015730872025262112,0.3073516386182462,0.9961783439490446,0.015730872025261442,0.9950003821363972,1.0,0.0010993581735384422,0.4662420382165605,0.4662420382165605,0.9452229299363057,0.3052434456928839,0.9756947276878148,
moderate,200,0,band_inverse,36.0,0.0031777035588293387,0.30817051509769094,0.9923566878980892,0.018904405668067167,0.3073516386182462,0.9961783439490446,0.01890440566806635,0.9950003821363972,1.0,0.0010101434191821385,0.4662420382165605,0.4662420382165605,0.9452229299363057,0.3052434456928839,0.9758180595705886,
moderate,200,0,band_inverse,40.0,0.0031777035588293387,0.30604982206405695,0.9936305732484076,0.005797384622137402,0.3070796460176991,0.9974522292993631,0.005797384622137383,0.9950003821363972,1.0,0.0006119560216912706,0.4662420382165605,0.4662420382165605,0.9452229299363057,0.3052434456928839,0.9750300396075035,
moderate,200,0,band_inverse,44.0,0.0031777035588293387,0.30604982206405695,0.9936305732484076,0.0053165548060680416,0.3070796460176991,0.9974522292993631,0.005316554806068026,0.9950003821363972,1.0,0.0004803603962970221,0.4662420382165605,0.4662420382165605,0.9452229299363057,0.3052434456928839,0.9748151959376051,
moderate,200,0,band_inverse,48.0,0.0031777035588293387,0.30604982206405695,0.9936305732484076,0.003193530598819285,0.3070796460176991,0.9974522292993631,0.0031935305988192754,0.9950003821363972,1.0,0.00033146360230403016,0.4662420382165605,0.4662420382165605,0.9452229299363057,0.3052434456928839,0.974550335549242,
moderate,200,0,band_inverse,52.0,0.0031777035588293387,0.30604982206405695,0.9936305732484076,0.0003079536958793552,0.3070796460176991,0.9974522292993631,0.0002544248854291978,0.9950003821363972,1.0,0.00019002580857356566,0.4662420382165605,0.4662420382165605,0.9452229299363057,0.3052434456928839,0.9746468562894617,
moderate,200,0,band_inverse,64.0,0.0031777035588293387,0.30604982206405695,0.9936305732484076,0.00023231556120265442,0.3070796460176991,0.9974522292993631,0.00023231556120265382,0.9950003821363972,1.0,4.092776650223284e-05,0.4662420382165605,0.4662420382165605,0.9452229299363057,0.3052434456928839,0.9745381788842898,
moderate,200,0,band_inverse,68.0,0.0031777035588293387,0.30604982206405695,0.9936305732484076,0.00011395258786893749,0.3070796460176991,0.9974522292993631,0.00011395258786893721,0.9950003821363972,1.0,2.3861070407776852e-05,0.4662420382165605,0.4662420382165605,0.9452229299363057,0.3052434456928839,0.9745538690116358,
moderate,200,0,sharp_comb,80.0,0.0031777035588293387,0.9950382165605095,0.9923566878980892,0.0033404042137294586,0.9950192986255302,0.9961783439490446,0.0026906135420446627,0.9950003821363972,1.0,0.0026906135420446523,0.9388535031847134,0.9707006369426752,0.932484076433121,0.0,0.9565438144794535,
moderate,200,0,sharp_comb,84.0,0.0031777035588293387,0.9950384061755602,0.9923566878980892,0.0008403423818214018,0.995013056493217,0.9974522292993631,0.000143501249773761,0.9950003821363972,1.0,0.0001435012497737029,0.932484076433121,0.932484076433121,0.932484076433121,0.0,0.955777600016109,
moderate,200,0,sharp_comb,120.0,0.0031777035588293387,0.9950320686338826,0.9936305732484076,0.00018243917108870134,0.9950067192744457,0.9987261146496815,0.00012973036307217616,0.9950003821363972,1.0,3.682823215236513e-05,0.9375796178343949,0.9375796178343949,0.932484076433121,0.0,0.9551298848637155,
moderate,200,0,sharp_comb,124.0,0.0031777035588293387,0.9950320686338826,0.9936305732484076,0.0001682046819058601,0.9950003821363972,1.0,5.229186790006817e-05,0.9950003821363972,1.0,5.229186790006817e-05,0.9375796178343949,0.9375796178343949,0.932484076433121,0.0,0.9550768652179973,
moderate,200,0,normalized_half_comb,12.0,0.0031777035588293387,0.30817051509769094,0.9923566878980892,0.1554723497112231,0.3070796460176991,0.9974522292993631,0.14901658505135462,0.9950003821363972,1.0,0.08020362296315355,0.4713375796178344,0.4726114649681529,0.510828025477707,0.4581081081081081,0.898565750857728,
moderate,200,0,normalized_half_comb,16.0,0.0031777035588293387,0.30817051509769094,0.9923566878980892,0.17103308443375737,0.3070796460176991,0.9974522292993631,0.16839726295653618,0.9950003821363972,1.0,0.0396357325604747,0.4713375796178344,0.4726114649681529,0.510828025477707,0.4581081081081081,0.9009329471534254,
moderate,200,0,normalized_half_comb,20.0,0.0031777035588293387,0.9950445544239135,0.9910828025477707,0.04660862248685481,0.9950192986255302,0.9961783439490446,0.045777457497448916,0.9950003821363972,1.0,0.04388800610353932,0.4713375796178344,0.9528662420382166,0.4713375796178344,0.0,0.8281779625390037,
moderate,200,0,normalized_half_comb,24.0,0.0031777035588293387,0.30817051509769094,0.9923566878980892,0.035167285146086094,0.3070796460176991,0.9974522292993631,0.022881815910069256,0.9950003821363972,1.0,0.0104251242611018,0.4713375796178344,0.4726114649681529,0.4713375796178344,0.0,0.7710660049704744,
moderate,200,0,normalized_half_comb,28.0,0.0031777035588293387,0.3072128227960819,0.9910828025477707,0.046292666954312625,0.3067375886524823,0.9961783439490446,0.04253705859606626,0.9950003821363972,1.0,0.009966377476869015,0.4713375796178344,0.9554140127388535,0.4713375796178344,0.0,0.8370290558171195,
moderate,200,0,normalized_half_comb,32.0,0.0031777035588293387,0.9950319737076763,0.9936305732484076,0.0011506850119271015,0.9950129612055514,0.9974522292993631,0.0011506850119270963,0.9950003821363972,1.0,8.008257782338656e-05,0.9477707006369427,0.9643312101910828,0.4713375796178344,0.0,0.9307123230259962,
moderate,200,0,normalized_half_comb,36.0,0.0031777035588293387,0.30844444444444447,0.9910828025477707,0.007075137350000675,0.3070796460176991,0.9974522292993631,0.007075137350000664,0.9950003821363972,1.0,0.0002532070331426606,0.9477707006369427,0.956687898089172,0.4713375796178344,0.0,0.918103005200128,
moderate,200,0,normalized_half_comb,40.0,0.0031777035588293387,0.3072128227960819,0.9910828025477707,0.002815630351751834,0.30612244897959184,0.9961783439490446,0.002700075386425053,0.9950003821363972,1.0,0.0009467978606871597,0.9477707006369427,0.956687898089172,0.4713375796178344,0.0,0.9282212828612145,
moderate,200,0,normalized_half_comb,44.0,0.0031777035588293387,0.3072128227960819,0.9910828025477707,0.0006112098660589569,0.30612244897959184,0.9961783439490446,0.0005897265419028808,0.9950003821363972,1.0,0.00016115427388085912,0.9477707006369427,0.9643312101910828,0.4713375796178344,0.0,0.9313877638155742,
moderate,200,0,fitted_binned,,0.0031777035588293387,0.3070796460176991,0.9974522292993631,1.6296519629130643e-05,0.3070796460176991,0.9974522292993631,1.6296519629130643e-05,0.9950003821363972,1.0,4.664361933635737e-06,0.9592356687898089,0.9694267515923567,0.9579617834394905,0.0,0.9760258553682263,mu=0.003 nb=203
moderate,200,0,fitted_ridge,20.0,0.0031777035588293387,0.9950382165605095,0.9923566878980892,0.041786913720048724,0.9950066874721355,0.9987261146496815,0.021741486358248865,0.9950003502939284,1.0,0.010961331251810813,0.014012738853503185,0.014012738853503185,0.049681528662420385,0.8957219251336899,0.6405548850262173,mu=0.003
moderate,200,0,fitted_ridge,24.0,0.0031777035588293387,0.9950003821363972,1.0,0.0053166698554131244,0.9950003821363972,1.0,0.0053166698554131244,0.9950003821363972,1.0,0.0053166698554131244,0.01910828025477707,0.9707006369426752,0.49936305732484076,0.01507537688442211,0.9080710295961886,mu=0.003
moderate,200,0,fitted_ridge,28.0,0.0031777035588293387,0.3063943161634103,0.9949044585987261,0.05114222099754179,0.9950129929685112,0.9974522292993631,0.02730754607061286,0.9950003502939284,1.0,0.007586955208754048,0.01910828025477707,0.9656050955414013,0.49936305732484076,0.01507537688442211,0.9526089978417964,mu=0.003
moderate,200,0,fitted_ridge,32.0,0.0031777035588293387,0.30419268510258696,0.9936305732484076,0.029397473723751944,0.3070796460176991,0.9974522292993631,0.02433423816908481,0.9950003821363972,1.0,0.01901342905384073,0.01910828025477707,0.9694267515923567,0.49936305732484076,0.01507537688442211,0.8900067442149253,mu=0.003
moderate,200,0,fitted_ridge,40.0,0.0031777035588293387,0.9950381217475494,0.9923566878980892,0.008833142390384045,0.9950192986255302,0.9961783439490446,0.0007276851564341712,0.9950003821363972,1.0,0.0007276851564341417,0.014012738853503185,0.9656050955414013,0.49936305732484076,0.01507537688442211,0.9368762184775459,mu=0.003
moderate,200,0,fitted_ridge,44.0,0.0031777035588293387,0.3050847457627119,0.9923566878980892,0.03784036469556478,0.30612244897959184,0.9961783439490446,0.03784036469556463,0.9950003821363972,1.0,0.00040620955662716123,0.01019108280254777,0.9656050955414013,0.49936305732484076,0.01507537688442211,0.8906263834949755,mu=0.003
moderate,200,1,classical_invA,,0.0031777035588293387,0.9950010293890575,1.0,0.25,0.9950010293890575,1.0,0.25,0.9950010293890575,1.0,0.25,0.001287001287001287,0.4877734877734878,0.9742599742599742,0.01303780964797914,1.0000000000000002,
moderate,200,1,1bqf_cos,1.0,0.0031777035588293387,0.9950010293890575,1.0,6.123233995736766e-17,0.9950010293890575,1.0,6.123233995736766e-17,0.9950010293890575,1.0,6.123233995736766e-17,0.003861003861003861,0.4826254826254826,0.9678249678249679,0.011826544021024968,0.9993685051812647,
moderate,200,1,comb_prod,8.0,0.0031777035588293387,0.9950456826663235,0.990990990990991,0.06349021661280085,0.9950202022801554,0.9961389961389961,0.027942861290901313,0.9950009972270654,1.0,0.009709358542615003,0.9510939510939511,0.963963963963964,0.9510939510939511,0.0,0.9885905753225499,
moderate,200,1,comb_prod,12.0,0.0031777035588293387,0.9950010293890575,1.0,0.02330739311919497,0.9950010293890575,1.0,0.02330739311919497,0.9950010293890575,1.0,0.02330739311919497,0.47619047619047616,0.9716859716859717,0.9459459459459459,0.006756756756756757,0.992285133019977,
moderate,200,1,comb_prod,16.0,0.0031777035588293387,0.9950010293890575,1.0,0.002053538015257018,0.9950010293890575,1.0,0.002053538015257018,0.9950010293890575,1.0,0.002053538015257018,0.9575289575289575,0.9678249678249679,0.9266409266409267,0.0,0.9840678565107037,
moderate,200,1,comb_prod,20.0,0.0031777035588293387,0.9950010293890575,1.0,0.00018664254332378944,0.9950010293890575,1.0,0.00018664254332378944,0.9950010293890575,1.0,0.00018664254332378944,0.9575289575289575,0.9691119691119691,0.9266409266409267,0.0,0.9796749137215798,
moderate,200,1,comb_prod,24.0,0.0031777035588293387,0.9950074309500678,0.9987129987129987,0.004667305396940865,0.9950074309500678,0.9987129987129987,0.004667305396940865,0.9950010293890575,1.0,0.00449867171557243,0.9575289575289575,0.9703989703989704,0.9266409266409267,0.0,0.9792240543024322,
moderate,200,1,comb_prod,28.0,0.0031777035588293387,0.9950074309500678,0.9987129987129987,0.002614662017113182,0.9950074309500678,0.9987129987129987,0.002614662017113182,0.9950010293890575,1.0,0.0015197640910898974,0.9510939510939511,0.9691119691119691,0.9266409266409267,0.0,0.9746153048017487,
moderate,200,1,comb_prod,32.0,0.0031777035588293387,0.9950074309500678,0.9987129987129987,0.0038235862682113593,0.9950074309500678,0.9987129987129987,0.0038235862682113593,0.9950010293890575,1.0,0.0021825717887401517,0.9510939510939511,0.9703989703989704,0.9266409266409267,0.0,0.972886784545405,
moderate,200,1,comb_prod,36.0,0.0031777035588293387,0.9950074309500678,0.9987129987129987,0.009880182943328535,0.9950074309500678,0.9987129987129987,0.009880182943328535,0.9950010293890575,1.0,0.007600603395305761,0.9510939510939511,0.9665379665379665,0.9266409266409267,0.0,0.9727998022763382,
moderate,200,1,comb_prod,40.0,0.0031777035588293387,0.9950074309500678,0.9987129987129987,0.00286159493822067,0.9950074309500678,0.9987129987129987,0.00286159493822067,0.9950010293890575,1.0,0.0005773213593416537,0.9446589446589446,0.9665379665379665,0.9266409266409267,0.0,0.9726580113519606,
moderate,200,1,comb_prod,44.0,0.0031777035588293387,0.9950010293890575,1.0,0.0011449037309300186,0.9950010293890575,1.0,0.0011449037309300186,0.9950010293890575,1.0,0.0011449037309300186,0.9510939510939511,0.9665379665379665,0.9266409266409267,0.0,0.9724456015506449,
moderate,200,1,comb_prod,48.0,0.0031777035588293387,0.9950074309500678,0.9987129987129987,0.0035778525278799475,0.9950074309500678,0.9987129987129987,0.0035778525278799475,0.9950010293890575,1.0,0.0007487474233042133,0.9510939510939511,0.9665379665379665,0.9266409266409267,0.0,0.9725293333453429,
moderate,200,1,comb_prod,52.0,0.0031777035588293387,0.9950074309500678,0.9987129987129987,0.0012252889424430036,0.9950074309500678,0.9987129987129987,0.0012252889424430036,0.9950010293890575,1.0,0.0007392212896521097,0.9510939510939511,0.9665379665379665,0.9266409266409267,0.0,0.9724805376469702,
moderate,200,1,comb_prod,64.0,0.0031777035588293387,0.9950010293890575,1.0,0.0002827995059107441,0.9950010293890575,1.0,0.0002827995059107441,0.9950010293890575,1.0,0.0002827995059107441,0.9510939510939511,0.9665379665379665,0.9266409266409267,0.0,0.9725669467051573,
moderate,200,1,comb_prod,68.0,0.0031777035588293387,0.9950010293890575,1.0,8.198784498530953e-05,0.9950010293890575,1.0,8.198784498530953e-05,0.9950010293890575,1.0,8.198784498530953e-05,0.9510939510939511,0.9665379665379665,0.9266409266409267,0.0,0.9725663531422585,
moderate,200,1,band_inverse,8.0,0.0031777035588293387,0.9950010293890575,1.0,0.005019665287347569,0.9950010293890575,1.0,0.005019665287347569,0.9950010293890575,1.0,0.005019665287347569,0.003861003861003861,0.003861003861003861,0.9510939510939511,0.31637372802960223,0.9855426373693766,
moderate,200,1,band_inverse,12.0,0.0031777035588293387,0.9950009972270654,1.0,0.003484034651139986,0.9950009972270654,1.0,0.003484034651139986,0.9950009972270654,1.0,0.003484034651139986,0.0,0.0,0.9691119691119691,0.31545454545454543,0.9818338856264512,
moderate,200,1,band_inverse,16.0,0.0031777035588293387,0.9950009972270654,1.0,0.003141164895929624,0.9950009972270654,1.0,0.003141164895929624,0.9950009972270654,1.0,0.003141164895929624,0.0,0.0,0.9588159588159588,0.31462741490340385,0.9836777317927023,
moderate,200,1,band_inverse,20.0,0.0031777035588293387,0.9950074309500678,0.9987129987129987,0.0027040060122785897,0.9950074309500678,0.9987129987129987,0.0027040060122785897,0.9950010293890575,1.0,0.0022368683807397942,0.006435006435006435,0.006435006435006435,0.9652509652509652,0.31631722880583407,0.98131888107459,
moderate,200,1,band_inverse,24.0,0.0031777035588293387,0.9950010293890575,1.0,0.0018977163963376231,0.9950010293890575,1.0,0.0018977163963376231,0.9950010293890575,1.0,0.0018977163963376231,0.0,0.0,0.9588159588159588,0.31462741490340385,0.9857761094338028,
moderate,200,1,band_inverse,28.0,0.0031777035588293387,0.9950010293890575,1.0,0.001970973124732503,0.9950010293890575,1.0,0.001970973124732503,0.9950010293890575,1.0,0.001970973124732503,0.0,0.0,0.9523809523809523,0.31608133086876156,0.9848060997186419,
moderate,200,1,band_inverse,32.0,0.0031777035588293387,0.9950010293890575,1.0,0.0014275955166796472,0.9950010293890575,1.0,0.0014275955166796472,0.9950010293890575,1.0,0.0014275955166796472,0.46332046332046334,0.46332046332046334,0.9395109395109396,0.31902985074626866,0.982747925575098,
moderate,200,1,band_inverse,36.0,0.0031777035588293387,0.9950010293890575,1.0,0.0010650221428158274,0.9950010293890575,1.0,0.0010650221428158274,0.9950010293890575,1.0,0.0010650221428158274,0.46332046332046334,0.46332046332046334,0.9395109395109396,0.31902985074626866,0.9815621279066462,
moderate,200,1,band_inverse,40.0,0.0031777035588293387,0.9950010293890575,1.0,0.0010019151359768746,0.9950010293890575,1.0,0.0010019151359768746,0.9950010293890575,1.0,0.0010019151359768746,0.46332046332046334,0.46332046332046334,0.9395109395109396,0.31902985074626866,0.9815304137706925,
moderate,200,1,band_inverse,44.0,0.0031777035588293387,0.9950010293890575,1.0,0.0006611250632187343,0.9950010293890575,1.0,0.0006611250632187343,0.9950010293890575,1.0,0.0006611250632187343,0.46332046332046334,0.46332046332046334,0.9395109395109396,0.31902985074626866,0.981317145585235,
moderate,200,1,band_inverse,48.0,0.0031777035588293387,0.9950010293890575,1.0,0.00045479847998132483,0.9950010293890575,1.0,0.00045479847998132483,0.9950010293890575,1.0,0.00045479847998132483,0.46332046332046334,0.46332046332046334,0.9395109395109396,0.31902985074626866,0.981468409878768,
moderate,200,1,band_inverse,52.0,0.0031777035588293387,0.9950010293890575,1.0,0.0004045148159354667,0.9950010293890575,1.0,0.0004045148159354667,0.9950010293890575,1.0,0.0004045148159354667,0.46332046332046334,0.46332046332046334,0.9395109395109396,0.31902985074626866,0.9815138620767164,
moderate,200,1,band_inverse,64.0,0.0031777035588293387,0.9950010293890575,1.0,0.00010721784139371138,0.9950010293890575,1.0,0.00010721784139371138,0.9950010293890575,1.0,0.00010721784139371138,0.46332046332046334,0.46332046332046334,0.9395109395109396,0.31902985074626866,0.9813165252709497,
moderate,200,1,band_inverse,68.0,0.0031777035588293387,0.9950394399907352,0.9922779922779923,5.7594789011641834e-05,0.9950202343192068,0.9961389961389961,5.591916517439975e-05,0.9950010293890575,1.0,5.59191651743996e-05,0.46332046332046334,0.46332046332046334,0.9395109395109396,0.31902985074626866,0.981292740999391,
moderate,200,1,sharp_comb,80.0,0.0031777035588293387,0.9950458101708873,0.990990990990991,0.0020294152237960716,0.9950138005134177,0.9974259974259975,0.0018506711856057317,0.9950010293890575,1.0,0.0001441421787353962,0.9266409266409267,0.9523809523809523,0.9266409266409267,0.0,0.9640412020651988,
moderate,200,1,sharp_comb,84.0,0.0031777035588293387,0.9950010293890575,1.0,0.0009567964262074157,0.9950010293890575,1.0,0.0009567964262074157,0.9950010293890575,1.0,0.0009567964262074157,0.9266409266409267,0.9523809523809523,0.9266409266409267,0.0,0.9637171213663095,
moderate,200,1,sharp_comb,120.0,0.0031777035588293387,0.9950010293890575,1.0,0.000749082333753332,0.9950010293890575,1.0,0.000749082333753332,0.9950010293890575,1.0,0.000749082333753332,0.9266409266409267,0.9498069498069498,0.9266409266409267,0.0,0.9633277118594722,
moderate,200,1,sharp_comb,124.0,0.0031777035588293387,0.9950010293890575,1.0,0.0006960390448110533,0.9950010293890575,1.0,0.0006960390448110533,0.9950010293890575,1.0,0.0006960390448110533,0.9266409266409267,0.9407979407979408,0.9266409266409267,0.0,0.9632431230781956,
moderate,200,1,normalized_half_comb,12.0,0.0031777035588293387,0.9950074309500678,0.9987129987129987,0.08020362296315355,0.9950074309500678,0.9987129987129987,0.08020362296315355,0.9950010293890575,1.0,0.0649740999276236,0.4723294723294723,0.4774774774774775,0.5057915057915058,0.47248322147651006,0.8946243519409072,
moderate,200,1,normalized_half_comb,16.0,0.0031777035588293387,0.9950010293890575,1.0,0.0396357325604747,0.9950010293890575,1.0,0.0396357325604747,0.9950010293890575,1.0,0.0396357325604747,0.4723294723294723,0.47619047619047616,0.5057915057915058,0.47248322147651006,0.8971983402526079,
moderate,200,1,normalized_half_comb,20.0,0.0031777035588293387,0.9950330060607621,0.9935649935649936,0.04736936249822316,0.9950138005134177,0.9974259974259975,0.047369362498223135,0.9950010293890575,1.0,0.02490229718324001,0.47361647361647363,0.47619047619047616,0.4749034749034749,0.005390835579514825,0.835356275161039,
moderate,200,1,normalized_half_comb,24.0,0.0031777035588293387,0.9950074309500678,0.9987129987129987,0.0104251242611018,0.9950074309500678,0.9987129987129987,0.0104251242611018,0.9950010293890575,1.0,0.009239320423483202,0.4723294723294723,0.4774774774774775,0.47361647361647363,0.0027100271002710027,0.7732930859078117,
moderate,200,1,normalized_half_comb,28.0,0.0031777035588293387,0.9950010293890575,1.0,0.009966377476869015,0.9950010293890575,1.0,0.009966377476869015,0.9950010293890575,1.0,0.009966377476869015,0.47361647361647363,0.47619047619047616,0.4749034749034749,0.002702702702702703,0.8441587903620217,
moderate,200,1,normalized_half_comb,32.0,0.0031777035588293387,0.9950394399907352,0.9922779922779923,0.0011506850119273047,0.9950202343192068,0.9961389961389961,0.0011506850119271015,0.9950010293890575,1.0,0.0011506850119270963,0.9446589446589446,0.9588159588159588,0.4723294723294723,0.0,0.9473538756233884,
moderate,200,1,normalized_half_comb,36.0,0.0031777035588293387,0.9950010293890575,1.0,0.0002532070331426606,0.9950010293890575,1.0,0.0002532070331426606,0.9950010293890575,1.0,0.0002532070331426606,0.9382239382239382,0.9575289575289575,0.4723294723294723,0.0,0.9335820969711575,
moderate,200,1,normalized_half_comb,40.0,0.0031777035588293387,0.9950010293890575,1.0,0.0009467978606871597,0.9950010293890575,1.0,0.0009467978606871597,0.9950010293890575,1.0,0.0009467978606871597,0.9446589446589446,0.9588159588159588,0.4723294723294723,0.0,0.9445309042775698,
moderate,200,1,normalized_half_comb,44.0,0.0031777035588293387,0.9950010293890575,1.0,0.00016115427388085912,0.9950010293890575,1.0,0.00016115427388085912,0.9950010293890575,1.0,0.00016115427388085912,0.9446589446589446,0.9588159588159588,0.4723294723294723,0.0,0.9480009665556121,
moderate,200,1,fitted_binned,,0.0031777035588293387,0.9950010293890575,1.0,0.0009724816676571794,0.9950010293890575,1.0,0.0009724816676571794,0.9950010293890575,1.0,0.0009724816676571794,0.9652509652509652,0.972972972972973,0.9652509652509652,0.0,0.9969934876324714,mu=1.39 nb=225
moderate,200,1,fitted_ridge,20.0,0.0031777035588293387,0.9950010293890575,1.0,0.010326963467328126,0.9950010293890575,1.0,0.010326963467328126,0.9950010293890575,1.0,0.010326963467328126,0.001287001287001287,0.9498069498069498,0.4800514800514801,0.013227513227513227,0.9464522370605496,mu=1.39
moderate,200,1,fitted_ridge,24.0,0.0031777035588293387,0.9950010293890575,1.0,0.007376855100243253,0.9950010293890575,1.0,0.007376855100243253,0.9950010293890575,1.0,0.007376855100243253,0.005148005148005148,0.005148005148005148,0.047619047619047616,0.2127659574468085,0.6806628143044792,mu=1.39
moderate,200,1,fitted_ridge,28.0,0.0031777035588293387,0.9950010293890575,1.0,0.0037360790127429068,0.9950010293890575,1.0,0.0037360790127429068,0.9950010293890575,1.0,0.0037360790127429068,0.005148005148005148,0.005148005148005148,0.9665379665379665,0.013140604467805518,0.9605074827642951,mu=1.39
moderate,200,1,fitted_ridge,32.0,0.0031777035588293387,0.9950010293890575,1.0,0.020282955218876568,0.9950010293890575,1.0,0.020282955218876568,0.9950010293890575,1.0,0.020282955218876568,0.005148005148005148,0.9562419562419563,0.9498069498069498,0.006729475100942127,0.9668821539030434,mu=1.39
moderate,200,1,fitted_ridge,40.0,0.0031777035588293387,0.9950010293890575,1.0,0.03229772323125857,0.9950010293890575,1.0,0.03229772323125857,0.9950010293890575,1.0,0.03229772323125857,0.005148005148005148,0.9678249678249679,0.5045045045045045,0.012594458438287154,0.9485317551023572,mu=1.39
moderate,200,1,fitted_ridge,44.0,0.0031777035588293387,0.9950010293890575,1.0,0.0004709555682559308,0.9950010293890575,1.0,0.0004709555682559308,0.9950010293890575,1.0,0.0004709555682559308,0.005148005148005148,0.9678249678249679,0.9485199485199485,0.005398110661268556,0.9820673904720785,mu=1.39
moderate,200,1,fitted_xval,,0.0031777035588293387,0.9950010293890575,1.0,4.664361933635737e-06,0.9950010293890575,1.0,4.664361933635737e-06,0.9950010293890575,1.0,4.664361933635737e-06,0.47619047619047616,0.9601029601029601,0.9498069498069498,0.0013531799729364006,0.9856960614360385,rep0 response verbatim
moderate,200,2,classical_invA,,0.0031777035588293387,0.02360248447204969,0.9911727616645649,0.3571428571428572,0.3019366197183099,1.0,0.33333333333333326,0.3019366197183099,1.0,0.33333333333333326,0.4943253467843632,0.5031525851197982,0.9924337957124842,0.028395061728395062,1.0000000000000002,
moderate,200,2,1bqf_cos,1.0,0.0031777035588293387,0.028395061728395062,0.9924337957124842,0.4798242141097828,0.3019366197183099,1.0,0.3826834323650898,0.3019366197183099,1.0,0.3826834323650898,0.4943253467843632,0.4943253467843632,0.9861286254728878,0.02857142857142857,0.9994540585341343,
moderate,200,2,comb_prod,8.0,0.0031777035588293387,0.2998220640569395,0.9924337957124842,0.09130968159162234,0.9950186956549154,0.9962168978562421,0.06935336726562903,0.9949998738934147,1.0,0.06935336726562889,0.47414880201765447,0.47414880201765447,0.4905422446406053,0.029925187032418952,0.991040431109793,
moderate,200,2,comb_prod,12.0,0.0031777035588293387,0.9950377058690005,0.9924337957124842,0.01285299449015623,0.9950188841039351,0.9962168978562421,0.007746553914293756,0.9950000630509073,1.0,0.007746553914293712,0.9609079445145019,0.9735182849936949,0.9482976040353089,0.0,0.9816518347871317,
moderate,200,2,comb_prod,16.0,0.0031777035588293387,0.9950274846780818,0.9924337957124842,0.025533354431875318,0.9950000630509073,1.0,0.005322857209789366,0.9950000630509073,1.0,0.005322857209789366,0.9482976040353089,0.9558638083228247,0.9482976040353089,0.0,0.9784695986709145,
moderate,200,2,comb_prod,20.0,0.0031777035588293387,0.9950274846780818,0.9924337957124842,0.014122120639967354,0.9950000630509073,1.0,0.011675456944085753,0.9950000630509073,1.0,0.011675456944085753,0.9482976040353089,0.9495586380832283,0.9482976040353089,0.0,0.975456688210016,
moderate,200,2,comb_prod,24.0,0.0031777035588293387,0.3035398230088496,0.9924337957124842,0.007424912829025804,0.3027360988526037,0.9962168978562421,0.0031062698731474207,0.3019366197183099,1.0,0.0031062698731474103,0.9482976040353089,0.9495586380832283,0.9482976040353089,0.0,0.9711500228055209,
moderate,200,2,comb_prod,28.0,0.0031777035588293387,0.9950274846780818,0.9924337957124842,0.010082588529444112,0.9950000630509073,1.0,0.004194626697136292,0.9950000630509073,1.0,0.004194626697136292,0.9482976040353089,0.9495586380832283,0.9482976040353089,0.0,0.969557194160126,
moderate,200,2,comb_prod,32.0,0.0031777035588293387,0.9950376120005296,0.9924337957124842,0.00677029415330928,0.9950188841039351,0.9962168978562421,0.004985316145499387,0.9950000630509073,1.0,0.004985316145499382,0.9482976040353089,0.957124842370744,0.9482976040353089,0.0,0.9692102350693983,
moderate,200,2,comb_prod,36.0,0.0031777035588293387,0.021144278606965175,0.9924337957124842,0.006990370459882375,0.3019366197183099,1.0,0.002407734926363253,0.3019366197183099,1.0,0.002407734926363253,0.9482976040353089,0.9508196721311475,0.9482976040353089,0.0,0.9691696116801194,
moderate,200,2,comb_prod,40.0,0.0031777035588293387,0.9950274846780818,0.9924337957124842,0.002979027649012765,0.9950000630509073,1.0,0.002353510215637514,0.9950000630509073,1.0,0.002353510215637514,0.9482976040353089,0.957124842370744,0.9482976040353089,0.0,0.9688541929283834,
moderate,200,2,comb_prod,44.0,0.0031777035588293387,0.2998220640569395,0.9924337957124842,0.005303487822993012,0.2990239574090506,0.9962168978562421,0.004521850039254698,0.2982300884955752,1.0,0.004521850039254689,0.9482976040353089,0.9558638083228247,0.9482976040353089,0.0,0.9689899596192696,
moderate,200,2,comb_prod,48.0,0.0031777035588293387,0.3035398230088496,0.9924337957124842,0.00358177653647708,0.3027360988526037,0.9962168978562421,0.00347178178424566,0.3019366197183099,1.0,0.003471781784245655,0.9482976040353089,0.9558638083228247,0.9482976040353089,0.0,0.9688657463751136,
moderate,200,2,comb_prod,52.0,0.0031777035588293387,0.2998220640569395,0.9924337957124842,0.004226138355901164,0.2990239574090506,0.9962168978562421,0.004003207586849158,0.2982300884955752,1.0,0.004003207586849152,0.9482976040353089,0.957124842370744,0.9482976040353089,0.0,0.9690062134655424,
moderate,200,2,comb_prod,64.0,0.0031777035588293387,0.021144278606965175,0.9924337957124842,0.003819247675791432,0.3019366197183099,1.0,0.003725291106764727,0.3019366197183099,1.0,0.003725291106764727,0.9482976040353089,0.9558638083228247,0.9482976040353089,0.0,0.9689678591932388,
moderate,200,2,comb_prod,68.0,0.0031777035588293387,0.024783147459727387,0.9924337957124842,0.003759080062996069,0.3019366197183099,1.0,0.0037086877458464918,0.3019366197183099,1.0,0.0037086877458464918,0.9482976040353089,0.9558638083228247,0.9482976040353089,0.0,0.9689547818200158,
moderate,200,2,band_inverse,8.0,0.0031777035588293387,0.3035398230088496,0.9924337957124842,0.10548644606422158,0.3027360988526037,0.9962168978562421,0.0670504325867161,0.3019366197183099,1.0,0.0670504325867158,0.0,0.0,0.9659520807061791,0.302367941712204,0.9883730754721687,
moderate,200,2,band_inverse,12.0,0.0031777035588293387,0.3035398230088496,0.9924337957124842,0.13014097502373048,0.3027360988526037,0.9962168978562421,0.07665646755237272,0.3019366197183099,1.0,0.07665646755237245,0.0,0.0,0.9760403530895334,0.29827742520398914,0.9849852535247842,
moderate,200,2,band_inverse,16.0,0.0031777035588293387,0.3035398230088496,0.9924337957124842,0.12113472249778091,0.3027360988526037,0.9962168978562421,0.06382435298046274,0.3019366197183099,1.0,0.06382435298046243,0.0,0.0,0.9810844892812106,0.29465095194922936,0.9855521719613739,
moderate,200,2,band_inverse,20.0,0.0031777035588293387,0.30133333333333334,0.9911727616645649,0.06912662009965506,0.3027360988526037,0.9962168978562421,0.0607414177727578,0.3019366197183099,1.0,0.06074141777275745,0.0,0.0,0.9747793190416141,0.292772186642269,0.9844617737342389,
moderate,200,2,band_inverse,24.0,0.0031777035588293387,0.30133333333333334,0.9911727616645649,0.055306331993205754,0.3027360988526037,0.9962168978562421,0.04533663286572575,0.3019366197183099,1.0,0.04533663286572542,0.0,0.0,0.9621689785624212,0.29547553093259465,0.9830615532234908,
moderate,200,2,band_inverse,28.0,0.0031777035588293387,0.30133333333333334,0.9911727616645649,0.0405862201048216,0.3027360988526037,0.9962168978562421,0.004040993113383163,0.3019366197183099,1.0,0.004040993113382845,0.47414880201765447,0.47414880201765447,0.9558638083228247,0.29684601113172543,0.9802399791633561,
moderate,200,2,band_inverse,32.0,0.0031777035588293387,0.30133333333333334,0.9911727616645649,0.020294344519642356,0.3027360988526037,0.9962168978562421,0.015730872025262112,0.3019366197183099,1.0,0.015730872025261827,0.47414880201765447,0.47414880201765447,0.9558638083228247,0.29684601113172543,0.9788746630954772,
moderate,200,2,band_inverse,36.0,0.0031777035588293387,0.2988403211418377,0.9911727616645649,0.022226203741750317,0.3027360988526037,0.9962168978562421,0.018904405668067167,0.3019366197183099,1.0,0.01890440566806686,0.47414880201765447,0.47414880201765447,0.9558638083228247,0.29684601113172543,0.9789446508887099,
moderate,200,2,band_inverse,40.0,0.0031777035588293387,0.2960644007155635,0.9924337957124842,0.026820188254265135,0.2952720785013381,0.9962168978562421,0.026820188254264844,0.3019366197183099,1.0,0.005797384622137383,0.47414880201765447,0.47414880201765447,0.9558638083228247,0.29684601113172543,0.9784856447343971,
moderate,200,2,band_inverse,44.0,0.0031777035588293387,0.2960644007155635,0.9924337957124842,0.020449673336492242,0.2952720785013381,0.9962168978562421,0.020449673336491937,0.3019366197183099,1.0,0.005316554806068026,0.47414880201765447,0.47414880201765447,0.9558638083228247,0.29684601113172543,0.9782873861777323,
moderate,200,2,band_inverse,48.0,0.0031777035588293387,0.2960644007155635,0.9924337957124842,0.014278042432706957,0.2952720785013381,0.9962168978562421,0.014278042432706655,0.3019366197183099,1.0,0.0031935305988192754,0.47414880201765447,0.47414880201765447,0.9558638083228247,0.29684601113172543,0.9781377414796372,
moderate,200,2,band_inverse,52.0,0.0031777035588293387,0.2960644007155635,0.9924337957124842,0.02079895901517125,0.2952720785013381,0.9962168978562421,0.02079895901517095,0.3019366197183099,1.0,0.0002544248854291978,0.47414880201765447,0.47414880201765447,0.9558638083228247,0.29684601113172543,0.9781878848071591,
moderate,200,2,band_inverse,64.0,0.0031777035588293387,0.2960644007155635,0.9924337957124842,0.019545392187778617,0.2952720785013381,0.9962168978562421,0.019545392187778326,0.3019366197183099,1.0,0.00023231556120265382,0.47414880201765447,0.47414880201765447,0.9558638083228247,0.29684601113172543,0.9780955343487343,
moderate,200,2,band_inverse,68.0,0.0031777035588293387,0.2960644007155635,0.9924337957124842,0.01930773008510629,0.2952720785013381,0.9962168978562421,0.019307730085105983,0.3019366197183099,1.0,0.00011395258786893721,0.47414880201765447,0.47414880201765447,0.9558638083228247,0.29684601113172543,0.9781182339546862,
moderate,200,2,sharp_comb,80.0,0.0031777035588293387,0.2952720785013381,0.9962168978562421,0.0073579625359076455,0.2952720785013381,0.9962168978562421,0.0073579625359076455,0.9950000630509073,1.0,0.0026906135420446523,0.9546027742749055,0.9886506935687264,0.9482976040353089,0.0,0.9599768579927865,
moderate,200,2,sharp_comb,84.0,0.0031777035588293387,0.3035398230088496,0.9924337957124842,0.0027579656175071234,0.9950188841039351,0.9962168978562421,0.00014350124977376881,0.9950000630509073,1.0,0.000143501249773761,0.9482976040353089,0.9482976040353089,0.9482976040353089,0.0,0.959240395634285,
moderate,200,2,sharp_comb,120.0,0.0031777035588293387,0.9950314318681942,0.9936948297604036,0.00018243917108870134,0.9950000630509073,1.0,0.00012973036307217616,0.9950000630509073,1.0,0.00012973036307217616,0.9546027742749055,0.9546027742749055,0.9482976040353089,0.0,0.9586368666725712,
moderate,200,2,sharp_comb,124.0,0.0031777035588293387,0.9950314318681942,0.9936948297604036,0.0001682046819058601,0.9950000630509073,1.0,5.229186790006817e-05,0.9950000630509073,1.0,5.229186790006817e-05,0.9546027742749055,0.9546027742749055,0.9482976040353089,0.0,0.9585791293215766,
moderate,200,2,normalized_half_comb,12.0,0.0031777035588293387,0.3032714412024757,0.9936948297604036,0.1554723497112231,0.3019366197183099,1.0,0.14901658505135462,0.3019366197183099,1.0,0.14901658505135462,0.48675914249684743,0.48675914249684743,0.5056746532156369,0.45663956639566394,0.8976096163404694,
moderate,200,2,normalized_half_comb,16.0,0.0031777035588293387,0.3032714412024757,0.9936948297604036,0.17103308443375737,0.3019366197183099,1.0,0.16839726295653618,0.3019366197183099,1.0,0.16839726295653618,0.48675914249684743,0.48675914249684743,0.5056746532156369,0.45663956639566394,0.9000225696296211,
moderate,200,2,normalized_half_comb,20.0,0.0031777035588293387,0.9950436674338683,0.9911727616645649,0.04736936249822316,0.9950187898812076,0.9962168978562421,0.04577745749744892,0.9950000630509073,1.0,0.045777457497448895,0.48675914249684743,0.9735182849936949,0.48045397225725095,0.0,0.8302955634655915,
moderate,200,2,normalized_half_comb,24.0,0.0031777035588293387,0.3032714412024757,0.9936948297604036,0.035167285146086094,0.3019366197183099,1.0,0.022881815910069256,0.3019366197183099,1.0,0.022881815910069256,0.48675914249684743,0.48675914249684743,0.48045397225725095,0.0,0.7715856387315739,
moderate,200,2,normalized_half_comb,28.0,0.0031777035588293387,0.30133333333333334,0.9911727616645649,0.04707984972390733,0.3027360988526037,0.9962168978562421,0.04629266695431264,0.3019366197183099,1.0,0.046292666954312604,0.48675914249684743,0.9735182849936949,0.48045397225725095,0.0,0.8392281946973779,
moderate,200,2,normalized_half_comb,32.0,0.0031777035588293387,0.9950123587570622,0.9974779319041615,0.0011506850119273047,0.9950123587570622,0.9974779319041615,0.0011506850119273047,0.9949999369475024,1.0,0.0011506850119270963,0.9735182849936949,0.9810844892812106,0.48045397225725095,0.0,0.936612673395196,
moderate,200,2,normalized_half_comb,36.0,0.0031777035588293387,0.30133333333333334,0.9911727616645649,0.009176919475557627,0.3027360988526037,0.9962168978562421,0.007075137350000666,0.3019366197183099,1.0,0.007075137350000664,0.9735182849936949,0.9735182849936949,0.48045397225725095,0.0,0.9233246791438326,
moderate,200,2,normalized_half_comb,40.0,0.0031777035588293387,0.2975133214920071,0.9974779319041615,0.0028156303517526955,0.2975133214920071,0.9974779319041615,0.0028156303517526955,0.3019366197183099,1.0,0.0028156303517518333,0.9735182849936949,0.9735182849936949,0.48045397225725095,0.0,0.9339649775820525,
moderate,200,2,normalized_half_comb,44.0,0.0031777035588293387,0.2975133214920071,0.9974779319041615,0.0006112098660591424,0.2975133214920071,0.9974779319041615,0.0006112098660591424,0.3019366197183099,1.0,0.0006112098660589567,0.9735182849936949,0.9810844892812106,0.48045397225725095,0.0,0.9373131568694252,
moderate,200,2,fitted_binned,,0.0031777035588293387,0.02360248447204969,0.9911727616645649,0.00014220945282001976,0.3019366197183099,1.0,9.961567385061696e-06,0.3019366197183099,1.0,9.961567385061696e-06,0.9823455233291298,0.9823455233291298,0.9747793190416141,0.0,0.9795113804634503,mu=0.003 nb=202
moderate,200,2,fitted_ridge,20.0,0.0031777035588293387,0.2956989247311828,0.9911727616645649,0.06179944220146134,0.9950000630509073,1.0,0.043218515670977335,0.9950000630509073,1.0,0.043218515670977335,0.021437578814627996,0.021437578814627996,0.04287515762925599,0.9065934065934066,0.8611861374680178,mu=0.003
moderate,200,2,fitted_ridge,24.0,0.0031777035588293387,0.018726591760299626,0.9911727616645649,0.026960198228379497,0.9950000630509073,1.0,0.010619759355722257,0.9950000630509073,1.0,0.010619759355722257,0.501891551071879,0.9823455233291298,0.5081967213114754,0.014669926650366748,0.9700103181706956,mu=0.003
moderate,200,2,fitted_ridge,28.0,0.0031777035588293387,0.02360248447204969,0.9911727616645649,0.07460391070691766,0.3019366197183099,1.0,0.07441017054911316,0.3019366197183099,1.0,0.07441017054911316,0.5081967213114754,0.9823455233291298,0.5081967213114754,0.014669926650366748,0.9875334167024042,mu=0.003
moderate,200,2,fitted_ridge,32.0,0.0031777035588293387,0.2952720785013381,0.9962168978562421,0.08457537625720446,0.2952720785013381,0.9962168978562421,0.08457537625720446,0.3019366197183099,1.0,0.021467952006113393,0.5081967213114754,0.9823455233291298,0.5006305170239597,0.0,0.978070692097118,mu=0.003
moderate,200,2,fitted_ridge,40.0,0.0031777035588293387,0.2952720785013381,0.9962168978562421,0.1033871342218754,0.2952720785013381,0.9962168978562421,0.1033871342218754,0.9950000630509073,1.0,0.006210112361048185,0.9823455233291298,0.9823455233291298,0.5006305170239597,0.0,0.9822518270431443,mu=0.003
moderate,200,2,fitted_ridge,44.0,0.0031777035588293387,0.2952720785013381,0.9962168978562421,0.11443701937409836,0.2952720785013381,0.9962168978562421,0.11443701937409836,0.3019366197183099,1.0,0.045814777664882816,0.5044136191677175,0.9823455233291298,0.5081967213114754,0.014669926650366748,0.977520065894442,mu=0.003
moderate,200,2,fitted_xval,,0.0031777035588293387,0.02360248447204969,0.9911727616645649,0.0005675638378072272,0.3019366197183099,1.0,1.6296519629130643e-05,0.3019366197183099,1.0,1.6296519629130643e-05,0.9747793190416141,0.9836065573770492,0.9747793190416141,0.0,0.9795475182416677,rep0 response verbatim
moderate,200,3,classical_invA,,0.0031777035588293387,0.3304647160068847,0.9923469387755102,0.33333333333333326,0.9950005101520253,1.0,0.25,0.9950005101520253,1.0,0.25,0.4872448979591837,0.9770408163265306,0.9821428571428571,0.01282051282051282,0.9999999999999998,
moderate,200,3,1bqf_cos,1.0,0.0031777035588293387,0.3304647160068847,0.9923469387755102,0.3826834323650898,0.9950005101520253,1.0,6.123233995736766e-17,0.9950005101520253,1.0,6.123233995736766e-17,0.4872448979591837,0.4897959183673469,0.9770408163265306,0.01288659793814433,0.9995108211833018,
moderate,200,3,comb_prod,8.0,0.0031777035588293387,0.3304647160068847,0.9923469387755102,0.09479910866453099,0.9950005101520253,1.0,0.0776096813592709,0.9950005101520253,1.0,0.0776096813592709,0.4770408163265306,0.9719387755102041,0.49489795918367346,0.015228426395939087,0.9970817072938502,
moderate,200,3,comb_prod,12.0,0.0031777035588293387,0.9950005101520253,1.0,0.025265987223719897,0.9950005101520253,1.0,0.025265987223719897,0.9950005101520253,1.0,0.025265987223719897,0.9642857142857143,0.9770408163265306,0.9540816326530612,0.0,0.9960440847724682,
moderate,200,3,comb_prod,16.0,0.0031777035588293387,0.9950005101520253,1.0,0.00555843290104542,0.9950005101520253,1.0,0.00555843290104542,0.9950005101520253,1.0,0.00555843290104542,0.9540816326530612,0.9770408163265306,0.9540816326530612,0.0,0.992209245421779,
moderate,200,3,comb_prod,20.0,0.0031777035588293387,0.9950005101520253,1.0,0.012050017040349258,0.9950005101520253,1.0,0.012050017040349258,0.9950005101520253,1.0,0.012050017040349258,0.9540816326530612,0.9770408163265306,0.9540816326530612,0.0,0.9908512187115026,
moderate,200,3,comb_prod,24.0,0.0031777035588293387,0.3304647160068847,0.9923469387755102,0.0072664362480766844,0.9950005101520253,1.0,0.003094855035087919,0.9950005101520253,1.0,0.003094855035087919,0.9540816326530612,0.9668367346938775,0.9540816326530612,0.0,0.9876002237631994,
moderate,200,3,comb_prod,28.0,0.0031777035588293387,0.9950005101520253,1.0,0.005105598458942093,0.9950005101520253,1.0,0.005105598458942093,0.9950005101520253,1.0,0.005105598458942093,0.9540816326530612,0.9668367346938775,0.9540816326530612,0.0,0.9863007359121043,
moderate,200,3,comb_prod,32.0,0.0031777035588293387,0.9950005101520253,1.0,0.011057527590670807,0.9950005101520253,1.0,0.011057527590670807,0.9950005101520253,1.0,0.011057527590670807,0.9540816326530612,0.9668367346938775,0.9540816326530612,0.0,0.9865346252506568,
moderate,200,3,comb_prod,36.0,0.0031777035588293387,0.3304647160068847,0.9923469387755102,0.0015464736495332703,0.9950005101520253,1.0,0.0014594539010111054,0.9950005101520253,1.0,0.0014594539010111054,0.9540816326530612,0.9668367346938775,0.9540816326530612,0.0,0.9862669646368366,
moderate,200,3,comb_prod,40.0,0.0031777035588293387,0.9950005101520253,1.0,0.002574062501004224,0.9950005101520253,1.0,0.002574062501004224,0.9950005101520253,1.0,0.002574062501004224,0.9540816326530612,0.9719387755102041,0.9540816326530612,0.0,0.9863869561409593,
moderate,200,3,comb_prod,44.0,0.0031777035588293387,0.3304647160068847,0.9923469387755102,0.005651769588381413,0.9950005101520253,1.0,0.0028014408402478597,0.9950005101520253,1.0,0.0028014408402478597,0.9540816326530612,0.9719387755102041,0.9540816326530612,0.0,0.9863899488609152,
moderate,200,3,comb_prod,48.0,0.0031777035588293387,0.3304647160068847,0.9923469387755102,0.005490920699425853,0.9950005101520253,1.0,0.0005519981594852355,0.9950005101520253,1.0,0.0005519981594852355,0.9540816326530612,0.9719387755102041,0.9540816326530612,0.0,0.986392616956213,
moderate,200,3,comb_prod,52.0,0.0031777035588293387,0.3304647160068847,0.9923469387755102,0.004184605041923383,0.9950005101520253,1.0,0.0007532360385788459,0.9950005101520253,1.0,0.0007532360385788459,0.9540816326530612,0.9719387755102041,0.9540816326530612,0.0,0.9864260654695862,
moderate,200,3,comb_prod,64.0,0.0031777035588293387,0.3304647160068847,0.9923469387755102,0.003727008532058019,0.9950005101520253,1.0,8.677258351186962e-05,0.9950005101520253,1.0,8.677258351186962e-05,0.9540816326530612,0.9719387755102041,0.9540816326530612,0.0,0.9864038385814788,
moderate,200,3,comb_prod,68.0,0.0031777035588293387,0.3304647160068847,0.9923469387755102,0.0037030062114915266,0.9950005101520253,1.0,1.7488294373209368e-05,0.9950005101520253,1.0,1.7488294373209368e-05,0.9540816326530612,0.9719387755102041,0.9540816326530612,0.0,0.9863971939957865,
moderate,200,3,band_inverse,8.0,0.0031777035588293387,0.3304647160068847,0.9923469387755102,0.10816030781324303,0.9950005101520253,1.0,0.00466689746172004,0.9950005101520253,1.0,0.00466689746172004,0.0,0.0,0.9770408163265306,0.33158813263525305,0.994080471511798,
moderate,200,3,band_inverse,12.0,0.0031777035588293387,0.3304647160068847,0.9923469387755102,0.17506505870267292,0.9950005101520253,1.0,0.0031383146763250547,0.9950005101520253,1.0,0.0031383146763250547,0.0,0.0,0.9795918367346939,0.3298429319371728,0.9915344776138845,
moderate,200,3,band_inverse,16.0,0.0031777035588293387,0.3304647160068847,0.9923469387755102,0.16195476783941787,0.9950005101520253,1.0,0.0031299665188940784,0.9950005101520253,1.0,0.0031299665188940784,0.0,0.0,0.9846938775510204,0.32869565217391306,0.9925983181309957,
moderate,200,3,band_inverse,20.0,0.0031777035588293387,0.3304647160068847,0.9923469387755102,0.06751501591827468,0.9950005101520253,1.0,0.0020628306712993094,0.9950005101520253,1.0,0.0020628306712993094,0.0,0.0,0.9744897959183674,0.3286467486818981,0.99450619073752,
moderate,200,3,band_inverse,24.0,0.0031777035588293387,0.3304647160068847,0.9923469387755102,0.05531563188149061,0.9950005101520253,1.0,0.0020061790824934117,0.9950005101520253,1.0,0.0020061790824934117,0.0,0.0,0.9693877551020408,0.3298059964726631,0.9938467091419781,
moderate,200,3,band_inverse,28.0,0.0031777035588293387,0.3304647160068847,0.9923469387755102,0.03757323296268744,0.9950005101520253,1.0,0.0015204444175275084,0.9950005101520253,1.0,0.0015204444175275084,0.4770408163265306,0.4770408163265306,0.9642857142857143,0.3309734513274336,0.9923109855834316,
moderate,200,3,band_inverse,32.0,0.0031777035588293387,0.3304647160068847,0.9923469387755102,0.020242450440641963,0.9950005101520253,1.0,0.0010941223209335882,0.9950005101520253,1.0,0.0010941223209335882,0.4770408163265306,0.4770408163265306,0.9642857142857143,0.3309734513274336,0.9915884721009534,
moderate,200,3,band_inverse,36.0,0.0031777035588293387,0.3304647160068847,0.9923469387755102,0.021840560279414375,0.9950005101520253,1.0,0.0009939510686245712,0.9950005101520253,1.0,0.0009939510686245712,0.4770408163265306,0.4770408163265306,0.9642857142857143,0.3309734513274336,0.9914813910676198,
moderate,200,3,band_inverse,40.0,0.0031777035588293387,0.3293103448275862,0.9923469387755102,0.005297382705501146,0.9950005101520253,1.0,0.0005896865851351962,0.9950005101520253,1.0,0.0005896865851351962,0.4770408163265306,0.4770408163265306,0.9642857142857143,0.3309734513274336,0.991006953500902,
moderate,200,3,band_inverse,44.0,0.0031777035588293387,0.3304647160068847,0.9923469387755102,0.005428813639357257,0.9950005101520253,1.0,0.0004777335186110926,0.9950005101520253,1.0,0.0004777335186110926,0.4770408163265306,0.4770408163265306,0.9642857142857143,0.3309734513274336,0.991003972189716,
moderate,200,3,band_inverse,48.0,0.0031777035588293387,0.3304647160068847,0.9923469387755102,0.002395281889770564,0.9950005101520253,1.0,0.0003143238939170706,0.9950005101520253,1.0,0.0003143238939170706,0.4770408163265306,0.4770408163265306,0.9642857142857143,0.3309734513274336,0.9909354078265539,
moderate,200,3,band_inverse,52.0,0.0031777035588293387,0.3304647160068847,0.9923469387755102,0.00036748055336862685,0.9950005101520253,1.0,0.0001845967095356893,0.9950005101520253,1.0,0.0001845967095356893,0.4770408163265306,0.4770408163265306,0.9642857142857143,0.3309734513274336,0.9908669589279196,
moderate,200,3,band_inverse,64.0,0.0031777035588293387,0.3304647160068847,0.9923469387755102,0.0002799268218086845,0.9950005101520253,1.0,3.9480662902241503e-05,0.9950005101520253,1.0,3.9480662902241503e-05,0.4770408163265306,0.4770408163265306,0.9642857142857143,0.3309734513274336,0.9908124620248907,
moderate,200,3,band_inverse,68.0,0.0031777035588293387,0.3304647160068847,0.9923469387755102,2.894855591640694e-05,0.9950005101520253,1.0,2.1817563377893312e-05,0.9950005101520253,1.0,2.1817563377893312e-05,0.4770408163265306,0.4770408163265306,0.9642857142857143,0.3309734513274336,0.990822812556762,
moderate,200,3,sharp_comb,80.0,0.0031777035588293387,0.9950383918777582,0.9923469387755102,0.00438890795754634,0.9950131367497386,0.9974489795918368,0.002271296901582025,0.9950005101520253,1.0,0.002271296901582018,0.9591836734693877,0.9591836734693877,0.9540816326530612,0.0,0.9785610051613912,
moderate,200,3,sharp_comb,84.0,0.0031777035588293387,0.3304647160068847,0.9923469387755102,0.0038174912722481876,0.9950005101520253,1.0,0.0012836050736114157,0.9950005101520253,1.0,0.0012836050736114157,0.9540816326530612,0.9540816326530612,0.9540816326530612,0.0,0.9785963130729589,
moderate,200,3,sharp_comb,120.0,0.0031777035588293387,0.9950258908756983,0.9948979591836735,0.0006412135330682919,0.9950005101520253,1.0,0.000430810056548597,0.9950005101520253,1.0,0.000430810056548597,0.9540816326530612,0.9540816326530612,0.9540816326530612,0.0,0.9781266599781964,
moderate,200,3,sharp_comb,124.0,0.0031777035588293387,0.9950258908756983,0.9948979591836735,0.0001858782110079414,0.9950005101520253,1.0,6.703848458109846e-05,0.9950005101520253,1.0,6.703848458109846e-05,0.9591836734693877,0.9591836734693877,0.9540816326530612,0.0,0.9780899768479913,
moderate,200,3,normalized_half_comb,12.0,0.0031777035588293387,0.3304647160068847,0.9923469387755102,0.14901658505135462,0.9950005101520253,1.0,0.08020362296315355,0.9950005101520253,1.0,0.08020362296315355,0.48214285714285715,0.4846938775510204,0.5051020408163265,0.49230769230769234,0.8960331343429282,
moderate,200,3,normalized_half_comb,16.0,0.0031777035588293387,0.3304647160068847,0.9923469387755102,0.16839726295653618,0.9950005101520253,1.0,0.0396357325604747,0.9950005101520253,1.0,0.0396357325604747,0.48214285714285715,0.4846938775510204,0.5051020408163265,0.49230769230769234,0.8984010059137018,
moderate,200,3,normalized_half_comb,20.0,0.0031777035588293387,0.9950257639916331,0.9948979591836735,0.047369362498226424,0.9950131367497386,0.9974489795918368,0.04736936249822316,0.9950005101520253,1.0,0.047369362498223135,0.48214285714285715,0.9744897959183674,0.48214285714285715,0.0,0.8366825494073501,
moderate,200,3,normalized_half_comb,24.0,0.0031777035588293387,0.3304647160068847,0.9923469387755102,0.022881815910069256,0.9950005101520253,1.0,0.0104251242611018,0.9950005101520253,1.0,0.0104251242611018,0.48214285714285715,0.4846938775510204,0.48214285714285715,0.0,0.7748393110342963,
moderate,200,3,normalized_half_comb,28.0,0.0031777035588293387,0.3304647160068847,0.9923469387755102,0.047079849723907316,0.9950005101520253,1.0,0.009966377476869015,0.9950005101520253,1.0,0.009966377476869015,0.48214285714285715,0.9770408163265306,0.48214285714285715,0.0,0.8464239793078534,
moderate,200,3,normalized_half_comb,32.0,0.0031777035588293387,0.9950257639916331,0.9948979591836735,0.0011506850119273047,0.9950131367497386,0.9974489795918368,0.0011506850119271015,0.9950004463887153,1.0,0.0011506850119270963,0.9693877551020408,0.9744897959183674,0.48214285714285715,0.0,0.9502450828529909,
moderate,200,3,normalized_half_comb,36.0,0.0031777035588293387,0.3304647160068847,0.9923469387755102,0.00917691947555762,0.9950005101520253,1.0,0.0002532070331426606,0.9950005101520253,1.0,0.0002532070331426606,0.9693877551020408,0.9770408163265306,0.48214285714285715,0.0,0.9366817072929569,
moderate,200,3,normalized_half_comb,40.0,0.0031777035588293387,0.3304647160068847,0.9923469387755102,0.0028156303517518333,0.9950005101520253,1.0,0.0009467978606871597,0.9950005101520253,1.0,0.0009467978606871597,0.9693877551020408,0.9770408163265306,0.48214285714285715,0.0,0.9475410368901955,
moderate,200,3,normalized_half_comb,44.0,0.0031777035588293387,0.3304647160068847,0.9923469387755102,0.0006112098660589567,0.9950005101520253,1.0,0.00016115427388085912,0.9950005101520253,1.0,0.00016115427388085912,0.9693877551020408,0.9770408163265306,0.48214285714285715,0.0,0.950988630279699,
moderate,200,3,fitted_binned,,0.0031777035588293387,0.3304647160068847,0.9923469387755102,5.321455173171877e-05,0.9950005101520253,1.0,1.1233260480132935e-35,0.9950005101520253,1.0,1.1233260480132935e-35,0.9693877551020408,0.9795918367346939,0.9693877551020408,0.0,0.9889892523902228,mu=0.0139 nb=187
moderate,200,3,fitted_ridge,20.0,0.0031777035588293387,0.9950257639916331,0.9948979591836735,0.001319123299048702,0.9950131367497386,0.9974489795918368,0.000966503722862274,0.9950005101520253,1.0,0.0009665037228621248,0.015306122448979591,0.9744897959183674,0.49744897959183676,0.01015228426395939,0.9611038238483582,mu=0.0139
moderate,200,3,fitted_ridge,24.0,0.0031777035588293387,0.3304647160068847,0.9923469387755102,0.04034366778465907,0.9950005101520253,1.0,0.007671004981418521,0.9950005101520253,1.0,0.007671004981418521,0.9693877551020408,0.9770408163265306,0.4923469387755102,0.0,0.982522531222056,mu=0.0139
moderate,200,3,fitted_ridge,28.0,0.0031777035588293387,0.9950383918777582,0.9923469387755102,0.009401916988692917,0.9950131367497386,0.9974489795918368,0.0030061661970352507,0.9950005101520253,1.0,0.003006166197035234,0.9693877551020408,0.9693877551020408,0.4923469387755102,0.0,0.9804114890111955,mu=0.0139
moderate,200,3,fitted_ridge,32.0,0.0031777035588293387,0.3304647160068847,0.9923469387755102,0.04483899384826796,0.9950005101520253,1.0,0.01373458338529506,0.9950005101520253,1.0,0.01373458338529506,0.9693877551020408,0.9744897959183674,0.4923469387755102,0.0,0.9856407918055051,mu=0.0139
moderate,200,3,fitted_ridge,40.0,0.0031777035588293387,0.9950383918777582,0.9923469387755102,0.01818180175332895,0.9950130731458453,0.9974489795918368,0.004983940894310897,0.9950004463887153,1.0,0.0049839408943108,0.9693877551020408,0.9744897959183674,0.4923469387755102,0.0,0.9833669786703954,mu=0.0139
moderate,200,3,fitted_ridge,44.0,0.0031777035588293387,0.3304647160068847,0.9923469387755102,0.024591545451893286,0.9950005101520253,1.0,0.0021887492046755315,0.9950005101520253,1.0,0.0021887492046755315,0.9693877551020408,0.9770408163265306,0.4923469387755102,0.0,0.9886511171829194,mu=0.0139
moderate,200,3,fitted_xval,,0.0031777035588293387,0.3304647160068847,0.9923469387755102,1.6296519629130643e-05,0.9950005101520253,1.0,4.664361933635737e-06,0.9950005101520253,1.0,4.664361933635737e-06,0.9693877551020408,0.9770408163265306,0.9693877551020408,0.0,0.9887466669273554,rep0 response verbatim
moderate,200,4,classical_invA,,0.0031777035588293387,0.3378607809847199,0.9948979591836735,0.33333333333333326,0.9950005101520253,1.0,0.25,0.9950005101520253,1.0,0.25,0.00510204081632653,0.00510204081632653,0.9872448979591837,0.03970223325062035,0.9999999999999996,
moderate,200,4,1bqf_cos,1.0,0.0031777035588293387,0.3378607809847199,0.9948979591836735,0.3826834323650898,0.9950005101520253,1.0,6.123233995736766e-17,0.9950005101520253,1.0,6.123233995736766e-17,0.00510204081632653,0.00510204081632653,0.9770408163265306,0.040100250626566414,0.9973880522508938,
moderate,200,4,comb_prod,8.0,0.0031777035588293387,0.9950383918777582,0.9923469387755102,0.04573003595962366,0.99501954557339,0.9961734693877551,0.009313196284449056,0.9950005101520253,1.0,0.0025052426572033156,0.0,0.0,0.9642857142857143,0.335676625659051,0.966938416539837,
moderate,200,4,comb_prod,12.0,0.0031777035588293387,0.995044737664458,0.9910714285714286,0.031640637492390024,0.9950194820516418,0.9961734693877551,0.008078036416612467,0.9950004782705736,1.0,0.002145789110543255,0.45918367346938777,0.4604591836734694,0.9566326530612245,0.020887728459530026,0.9641042616141081,
moderate,200,4,comb_prod,16.0,0.0031777035588293387,0.33872340425531916,0.9910714285714286,0.03522411807431641,0.9950005101520253,1.0,0.010000287369990202,0.9950005101520253,1.0,0.010000287369990202,0.9387755102040817,0.9451530612244898,0.9489795918367347,0.010638297872340425,0.9698624097929955,
moderate,200,4,comb_prod,20.0,0.0031777035588293387,0.9950333348248244,0.9910714285714286,0.0031037350475271526,0.9950005101520253,1.0,0.001410973111388278,0.9950005101520253,1.0,0.001410973111388278,0.9285714285714286,0.9451530612244898,0.9183673469387755,0.0,0.9593864390853076,
moderate,200,4,comb_prod,24.0,0.0031777035588293387,0.9950333348248244,0.9910714285714286,0.004687235881189404,0.9950005101520253,1.0,0.002432782739490782,0.9950005101520253,1.0,0.002432782739490782,0.9183673469387755,0.9349489795918368,0.9183673469387755,0.0,0.9546659303372642,
moderate,200,4,comb_prod,28.0,0.0031777035588293387,0.9950333348248244,0.9910714285714286,0.011137966357364379,0.9950005101520253,1.0,0.0018855884766443907,0.9950005101520253,1.0,0.0018855884766443907,0.9183673469387755,0.9247448979591837,0.9183673469387755,0.0,0.9524954573476601,
moderate,200,4,comb_prod,32.0,0.0031777035588293387,0.9950132003520094,0.9974489795918368,0.004194853729417746,0.9950132003520094,0.9974489795918368,0.004194853729417746,0.9950005101520253,1.0,0.003944108866387388,0.9183673469387755,0.9247448979591837,0.9183673469387755,0.0,0.9523413639938264,
moderate,200,4,comb_prod,36.0,0.0031777035588293387,0.9950333348248244,0.9910714285714286,0.0018169742192013143,0.9950005101520253,1.0,0.0009793234492954902,0.9950005101520253,1.0,0.0009793234492954902,0.9183673469387755,0.9247448979591837,0.9183673469387755,0.0,0.94425976981097,
moderate,200,4,comb_prod,40.0,0.0031777035588293387,0.9950132003520094,0.9974489795918368,0.002145541555702965,0.9950132003520094,0.9974489795918368,0.002145541555702965,0.9950005101520253,1.0,0.001673028371177056,0.9183673469387755,0.9247448979591837,0.9183673469387755,0.0,0.9413849253302959,
moderate,200,4,comb_prod,44.0,0.0031777035588293387,0.9950132003520094,0.9974489795918368,0.006929582553200693,0.9950132003520094,0.9974489795918368,0.006929582553200693,0.9950005101520253,1.0,0.0013767362997167737,0.9183673469387755,0.9349489795918368,0.9183673469387755,0.0,0.9386940328753254,
moderate,200,4,comb_prod,48.0,0.0031777035588293387,0.9950258274344749,0.9948979591836735,0.005863606944607358,0.9950194820516418,0.9961734693877551,0.004715928656707268,0.9950005101520253,1.0,0.0011073666539406475,0.9183673469387755,0.9349489795918368,0.9183673469387755,0.0,0.9387817518681266,
moderate,200,4,comb_prod,52.0,0.0031777035588293387,0.33843537414965985,0.9923469387755102,0.0022246061998879674,0.9950005101520253,1.0,0.0003777185177409187,0.9950005101520253,1.0,0.0003777185177409187,0.9183673469387755,0.9349489795918368,0.9183673469387755,0.0,0.9380582469914664,
moderate,200,4,comb_prod,64.0,0.0031777035588293387,0.3375959079283887,0.9910714285714286,0.003287523647135479,0.9950005101520253,1.0,0.0010867374851504102,0.9950005101520253,1.0,0.0010867374851504102,0.9183673469387755,0.9349489795918368,0.9183673469387755,0.0,0.9371952943806424,
moderate,200,4,comb_prod,68.0,0.0031777035588293387,0.3375959079283887,0.9910714285714286,0.00354392110195932,0.9950005101520253,1.0,0.0002755658201322522,0.9950005101520253,1.0,0.0002755658201322522,0.9183673469387755,0.9349489795918368,0.9183673469387755,0.0,0.9371752705447911,
moderate,200,4,band_inverse,8.0,0.0031777035588293387,0.3375959079283887,0.9910714285714286,0.02464261791784119,0.9950005101520253,1.0,0.005735795587570237,0.9950005101520253,1.0,0.005735795587570237,0.0,0.0,0.9438775510204082,0.3404634581105169,0.9621288458447514,
moderate,200,4,band_inverse,12.0,0.0031777035588293387,0.33872340425531916,0.9910714285714286,0.02095708685652447,0.9950005101520253,1.0,0.004505514483127207,0.9950005101520253,1.0,0.004505514483127207,0.0,0.0,0.9540816326530612,0.3380530973451327,0.9596544646293437,
moderate,200,4,band_inverse,16.0,0.0031777035588293387,0.33872340425531916,0.9910714285714286,0.030307217998135974,0.9950005101520253,1.0,0.003359496699332956,0.9950005101520253,1.0,0.003359496699332956,0.0,0.0,0.9846938775510204,0.33562822719449226,0.9614503540831015,
moderate,200,4,band_inverse,20.0,0.0031777035588293387,0.336464560204953,0.9910714285714286,0.03900407756650041,0.9950005101520253,1.0,0.0030364427568529417,0.9950005101520253,1.0,0.0030364427568529417,0.0,0.0,0.9528061224489796,0.33184257602862255,0.9615655651249839,
moderate,200,4,band_inverse,24.0,0.0031777035588293387,0.33872340425531916,0.9910714285714286,0.02736361517146431,0.9950005101520253,1.0,0.0029851850735738705,0.9950005101520253,1.0,0.0029851850735738705,0.0,0.0,0.9732142857142857,0.3318739054290718,0.9617997667047883,
moderate,200,4,band_inverse,28.0,0.0031777035588293387,0.33872340425531916,0.9910714285714286,0.017910917157575777,0.9950005101520253,1.0,0.0021361039188351055,0.9950005101520253,1.0,0.0021361039188351055,0.0,0.0,0.9668367346938775,0.3303886925795053,0.961713038485835,
moderate,200,4,band_inverse,32.0,0.0031777035588293387,0.336464560204953,0.9910714285714286,0.04395845065758453,0.9950005101520253,1.0,0.0018285199259608365,0.9950005101520253,1.0,0.0018285199259608365,0.0,0.0,0.9566326530612245,0.3279569892473118,0.959905877089711,
moderate,200,4,band_inverse,36.0,0.0031777035588293387,0.336464560204953,0.9910714285714286,0.031135723967801152,0.9950005101520253,1.0,0.0019430544338252392,0.9950005101520253,1.0,0.0019430544338252392,0.0,0.0,0.9566326530612245,0.3279569892473118,0.9582100968548715,
moderate,200,4,band_inverse,40.0,0.0031777035588293387,0.336464560204953,0.9910714285714286,0.030660046704961433,0.9950005101520253,1.0,0.0014711414437188763,0.9950005101520253,1.0,0.0014711414437188763,0.0,0.0,0.9464285714285714,0.3303249097472924,0.9561884129518957,
moderate,200,4,band_inverse,44.0,0.0031777035588293387,0.3361774744027304,0.9923469387755102,0.026210243777575484,0.9950005101520253,1.0,0.001056153208300492,0.9950005101520253,1.0,0.001056153208300492,0.45918367346938777,0.45918367346938777,0.9260204081632653,0.33516483516483514,0.9513425834095542,
moderate,200,4,band_inverse,48.0,0.0031777035588293387,0.3361774744027304,0.9923469387755102,0.024769077641611986,0.9950005101520253,1.0,0.001011842235935645,0.9950005101520253,1.0,0.001011842235935645,0.45918367346938777,0.45918367346938777,0.9260204081632653,0.33516483516483514,0.950919782958118,
moderate,200,4,band_inverse,52.0,0.0031777035588293387,0.335042735042735,0.9923469387755102,0.025482299168780802,0.9950005101520253,1.0,0.0009080765831378651,0.9950005101520253,1.0,0.0009080765831378651,0.45918367346938777,0.45918367346938777,0.9260204081632653,0.33516483516483514,0.9502604168167131,
moderate,200,4,band_inverse,64.0,0.0031777035588293387,0.336734693877551,0.9948979591836735,0.009184151866301974,0.9950005101520253,1.0,0.00041885362956807504,0.9950005101520253,1.0,0.00041885362956807504,0.45918367346938777,0.45918367346938777,0.9260204081632653,0.33516483516483514,0.9493107473092091,
moderate,200,4,band_inverse,68.0,0.0031777035588293387,0.33560477001703576,0.9948979591836735,0.006553466374259917,0.9950005101520253,1.0,0.0003084814709285455,0.9950005101520253,1.0,0.0003084814709285455,0.45918367346938777,0.45918367346938777,0.9260204081632653,0.33516483516483514,0.9491195433002984,
moderate,200,4,sharp_comb,80.0,0.0031777035588293387,0.33872340425531916,0.9910714285714286,0.0038137324576479,0.9950005101520253,1.0,0.000920239796638184,0.9950005101520253,1.0,0.000920239796638184,0.9183673469387755,0.9247448979591837,0.9183673469387755,0.0,0.9229711042820045,
moderate,200,4,sharp_comb,84.0,0.0031777035588293387,0.995044737664458,0.9910714285714286,0.005182255766418115,0.9950194820516418,0.9961734693877551,0.0014162053718258343,0.9950005101520253,1.0,0.0004063984524123556,0.9183673469387755,0.9183673469387755,0.9183673469387755,0.0,0.922456377021086,
moderate,200,4,sharp_comb,120.0,0.0031777035588293387,0.9950384551611545,0.9923469387755102,0.0029041367544739463,0.99501954557339,0.9961734693877551,0.0012681991691387594,0.9950005101520253,1.0,0.0008291173985907331,0.9183673469387755,0.9247448979591837,0.9183673469387755,0.0,0.9204159772620986,
moderate,200,4,sharp_comb,124.0,0.0031777035588293387,0.9950448008673193,0.9910714285714286,0.0023578783071179017,0.9950194185282732,0.9961734693877551,0.0017395086873298333,0.9950004145064504,1.0,0.0008240261517771582,0.9183673469387755,0.9247448979591837,0.9183673469387755,0.0,0.9204017466385687,
moderate,200,4,normalized_half_comb,12.0,0.0031777035588293387,0.33843537414965985,0.9923469387755102,0.14901658505135462,0.9950005101520253,1.0,0.08020362296315355,0.9950005101520253,1.0,0.08020362296315355,0.0,0.4719387755102041,0.5102040816326531,0.49748743718592964,0.8893842472430087,
moderate,200,4,normalized_half_comb,16.0,0.0031777035588293387,0.3378607809847199,0.9948979591836735,0.16839726295653618,0.9950005101520253,1.0,0.0396357325604747,0.9950005101520253,1.0,0.0396357325604747,0.0,0.4719387755102041,0.5102040816326531,0.49748743718592964,0.8920806952385747,
moderate,200,4,normalized_half_comb,20.0,0.0031777035588293387,0.995025668824336,0.9948979591836735,0.04736936249822316,0.9950004463887153,1.0,0.047369362498223135,0.9950004463887153,1.0,0.047369362498223135,0.0,0.4719387755102041,0.4719387755102041,0.005376344086021506,0.8208252482731374,
moderate,200,4,normalized_half_comb,24.0,0.0031777035588293387,0.3373083475298126,0.9923469387755102,0.022881815910069256,0.9950005101520253,1.0,0.0104251242611018,0.9950005101520253,1.0,0.0104251242611018,0.0,0.4719387755102041,0.48214285714285715,0.02577319587628866,0.7600709003968993,
moderate,200,4,normalized_half_comb,28.0,0.0031777035588293387,0.3373083475298126,0.9923469387755102,0.047079849723907316,0.9950005101520253,1.0,0.009966377476869015,0.9950005101520253,1.0,0.009966377476869015,0.0,0.4719387755102041,0.4719387755102041,0.005376344086021506,0.8274947109796449,
moderate,200,4,normalized_half_comb,32.0,0.0031777035588293387,0.9950257322696053,0.9948979591836735,0.0011506850119271015,0.9950004145064504,1.0,0.0011506850119270963,0.9950004145064504,1.0,0.0011506850119270963,0.0,0.9566326530612245,0.9285714285714286,0.0027397260273972603,0.9226973864517329,
moderate,200,4,normalized_half_comb,36.0,0.0031777035588293387,0.3378607809847199,0.9948979591836735,0.00917691947555762,0.9950005101520253,1.0,0.0002532070331426606,0.9950005101520253,1.0,0.0002532070331426606,0.0,0.9604591836734694,0.46938775510204084,0.005405405405405406,0.9103530064094364,
moderate,200,4,normalized_half_comb,40.0,0.0031777035588293387,0.3378607809847199,0.9948979591836735,0.0028156303517518333,0.9950005101520253,1.0,0.0009467978606871597,0.9950005101520253,1.0,0.0009467978606871597,0.0,0.9566326530612245,0.9285714285714286,0.0027397260273972603,0.9200248121977853,
moderate,200,4,normalized_half_comb,44.0,0.0031777035588293387,0.3378607809847199,0.9948979591836735,0.0006112098660589567,0.9950005101520253,1.0,0.00016115427388085912,0.9950005101520253,1.0,0.00016115427388085912,0.0,0.9566326530612245,0.9285714285714286,0.0027397260273972603,0.9230306403751801,
moderate,200,4,fitted_binned,,0.0031777035588293387,0.336734693877551,0.9948979591836735,5.5039542349234175e-06,0.9950005101520253,1.0,1.459582763806744e-20,0.9950005101520253,1.0,1.459582763806744e-20,0.9566326530612245,0.9655612244897959,0.9566326530612245,0.0,0.9576922057742282,mu=0.003 nb=282
moderate,200,4,fitted_ridge,20.0,0.0031777035588293387,0.3378607809847199,0.9948979591836735,0.01216423325617704,0.9950005101520253,1.0,0.005588899655446144,0.9950005101520253,1.0,0.005588899655446144,0.00510204081632653,0.00510204081632653,0.49489795918367346,0.5012853470437018,0.8873870437409223,mu=0.003
moderate,200,4,fitted_ridge,24.0,0.0031777035588293387,0.9950005101520253,1.0,0.004143891940910902,0.9950005101520253,1.0,0.004143891940910902,0.9950005101520253,1.0,0.004143891940910902,0.00510204081632653,0.00510204081632653,0.05612244897959184,0.8986175115207373,0.6323287905486487,mu=0.003
moderate,200,4,fitted_ridge,28.0,0.0031777035588293387,0.9950193867659813,0.9961734693877551,0.000984936155760903,0.9950193867659813,0.9961734693877551,0.000984936155760903,0.9950005101520253,1.0,0.0009849361557608786,0.007653061224489796,0.007653061224489796,0.061224489795918366,0.9996924496386284,0.5831688019270207,mu=0.003
moderate,200,4,fitted_ridge,32.0,0.0031777035588293387,0.9950005101520253,1.0,0.0017695849520046021,0.9950005101520253,1.0,0.0017695849520046021,0.9950005101520253,1.0,0.0017695849520046021,0.00510204081632653,0.00510204081632653,0.061224489795918366,0.9996924496386284,0.4875603029974866,mu=0.003
moderate,200,4,fitted_ridge,40.0,0.0031777035588293387,0.9950005101520253,1.0,0.00042169116692900195,0.9950005101520253,1.0,0.00042169116692900195,0.9950005101520253,1.0,0.00042169116692900195,0.007653061224489796,0.9285714285714286,0.9387755102040817,0.016042780748663103,0.9740640607797727,mu=0.003
moderate,200,4,fitted_ridge,44.0,0.0031777035588293387,0.3378607809847199,0.9948979591836735,0.002181428115004198,0.9950005101520253,1.0,0.00012300063474704272,0.9950005101520253,1.0,0.00012300063474704272,0.007653061224489796,0.007653061224489796,0.46938775510204084,0.02127659574468085,0.9785718341507387,mu=0.003
moderate,200,4,fitted_xval,,0.0031777035588293387,0.3378607809847199,0.9948979591836735,1.6296519629130643e-05,0.9950005101520253,1.0,4.664361933635737e-06,0.9950005101520253,1.0,4.664361933635737e-06,0.9540816326530612,0.9591836734693877,0.9540816326530612,0.0,0.9613265733839911,rep0 response verbatim
moderate,200,5,classical_invA,,0.0031777035588293387,0.018703241895261846,0.9949431099873578,0.35714285714285676,0.2917414721723519,0.9974715549936789,0.33333333333333326,0.9950000632103261,1.0,0.25,0.4892541087231353,0.4943109987357775,0.9949431099873578,0.018703241895261846,1.0000000000000002,
moderate,200,5,1bqf_cos,1.0,0.0031777035588293387,0.018703241895261846,0.9949431099873578,0.4798242141097828,0.2917414721723519,0.9974715549936789,0.3826834323650898,0.9950000632103261,1.0,6.123233995736766e-17,0.4917825537294564,0.4917825537294564,0.9810366624525917,0.018963337547408345,0.9992570614810076,
moderate,200,5,comb_prod,8.0,0.0031777035588293387,0.018703241895261846,0.9949431099873578,0.10340834539075508,0.2917414721723519,0.9974715549936789,0.09479910866453099,0.9950000632103261,1.0,0.0776096813592709,0.461441213653603,0.9671302149178256,0.506953223767383,0.009876543209876543,0.9949385904276468,
moderate,200,5,comb_prod,12.0,0.0031777035588293387,0.018703241895261846,0.9949431099873578,0.13427720411643326,0.9950028500855026,0.9974715549936789,0.03175742175286316,0.9950000632103261,1.0,0.025265987223719897,0.4639696586599241,0.9570164348925411,0.9241466498103666,0.001366120218579235,0.9915964843267693,
moderate,200,5,comb_prod,16.0,0.0031777035588293387,0.018703241895261846,0.9949431099873578,0.12084434931943444,0.9950028500855026,0.9974715549936789,0.044023826742263336,0.9950000632103261,1.0,0.00555843290104542,0.9241466498103666,0.9810366624525917,0.9216182048040455,0.0,0.9817329619980285,
moderate,200,5,comb_prod,20.0,0.0031777035588293387,0.018703241895261846,0.9949431099873578,0.10644801373120316,0.9950028500855026,0.9974715549936789,0.03574210336612119,0.9950000632103261,1.0,0.012050017040349258,0.9241466498103666,0.9810366624525917,0.9216182048040455,0.0,0.9781153408259909,
moderate,200,5,comb_prod,24.0,0.0031777035588293387,0.018703241895261846,0.9949431099873578,0.0676393575005118,0.2917414721723519,0.9974715549936789,0.0072664362480766844,0.9950000632103261,1.0,0.003094855035087919,0.9241466498103666,0.9532237673830595,0.9216182048040455,0.0,0.9706700571562302,
moderate,200,5,comb_prod,28.0,0.0031777035588293387,0.018703241895261846,0.9949431099873578,0.06379193583104951,0.9950028500855026,0.9974715549936789,0.021229019996961966,0.9950000632103261,1.0,0.005105598458942093,0.9241466498103666,0.9532237673830595,0.9216182048040455,0.0,0.9678527766588235,
moderate,200,5,comb_prod,32.0,0.0031777035588293387,0.018703241895261846,0.9949431099873578,0.07182141971618446,0.9950028500855026,0.9974715549936789,0.011410567350682535,0.9950000632103261,1.0,0.011057527590670807,0.9241466498103666,0.9532237673830595,0.9216182048040455,0.0,0.9687104049393856,
moderate,200,5,comb_prod,36.0,0.0031777035588293387,0.018703241895261846,0.9949431099873578,0.06353406644920585,0.2917414721723519,0.9974715549936789,0.0015464736495332703,0.9950000632103261,1.0,0.0014594539010111054,0.9241466498103666,0.9532237673830595,0.9216182048040455,0.0,0.9677325860565296,
moderate,200,5,comb_prod,40.0,0.0031777035588293387,0.018703241895261846,0.9949431099873578,0.07288996288241459,0.9950028500855026,0.9974715549936789,0.005309933532607891,0.9950000632103261,1.0,0.002574062501004224,0.9241466498103666,0.9671302149178256,0.9216182048040455,0.0,0.9682840098049972,
moderate,200,5,comb_prod,44.0,0.0031777035588293387,0.018703241895261846,0.9949431099873578,0.0745952904790169,0.2917414721723519,0.9974715549936789,0.005651769588381413,0.9950000632103261,1.0,0.0028014408402478597,0.9241466498103666,0.9671302149178256,0.9216182048040455,0.0,0.9683997531898171,
moderate,200,5,comb_prod,48.0,0.0031777035588293387,0.018703241895261846,0.9949431099873578,0.07443690914297123,0.2917414721723519,0.9974715549936789,0.005490920699425853,0.9950000632103261,1.0,0.0005519981594852355,0.9241466498103666,0.9671302149178256,0.9216182048040455,0.0,0.9683842896568838,
moderate,200,5,comb_prod,52.0,0.0031777035588293387,0.018703241895261846,0.9949431099873578,0.07521932812601906,0.2917414721723519,0.9974715549936789,0.004184605041923383,0.9950000632103261,1.0,0.0007532360385788459,0.9241466498103666,0.9671302149178256,0.9216182048040455,0.0,0.9684461161509443,
moderate,200,5,comb_prod,64.0,0.0031777035588293387,0.018703241895261846,0.9949431099873578,0.074828636110683,0.2917414721723519,0.9974715549936789,0.003727008532058019,0.9950000632103261,1.0,8.677258351186962e-05,0.9241466498103666,0.9671302149178256,0.9216182048040455,0.0,0.9683791977672379,
moderate,200,5,comb_prod,68.0,0.0031777035588293387,0.018703241895261846,0.9949431099873578,0.07470012308383711,0.2917414721723519,0.9974715549936789,0.0037030062114915266,0.9950000632103261,1.0,1.7488294373209368e-05,0.9241466498103666,0.9671302149178256,0.9216182048040455,0.0,0.9683586508459678,
moderate,200,5,band_inverse,8.0,0.0031777035588293387,0.2917414721723519,0.9974715549936789,0.10816030781324303,0.2917414721723519,0.9974715549936789,0.10816030781324303,0.9950000632103261,1.0,0.00466689746172004,0.0,0.0,0.9532237673830595,0.2933458294283037,0.9892503272869129,
moderate,200,5,band_inverse,12.0,0.0031777035588293387,0.2921550946798918,0.9924146649810367,0.17506505870267347,0.2917414721723519,0.9974715549936789,0.17506505870267292,0.9950000632103261,1.0,0.0031383146763250547,0.0012642225031605564,0.0012642225031605564,0.9734513274336283,0.29551692589204026,0.9904335935063096,
moderate,200,5,band_inverse,16.0,0.0031777035588293387,0.2921550946798918,0.9924146649810367,0.16195476783941845,0.2917414721723519,0.9974715549936789,0.16195476783941787,0.9950000632103261,1.0,0.0031299665188940784,0.0012642225031605564,0.0012642225031605564,0.9823008849557522,0.2929936305732484,0.9921342635123016,
moderate,200,5,band_inverse,20.0,0.0031777035588293387,0.2921550946798918,0.9924146649810367,0.0675150159182749,0.2917414721723519,0.9974715549936789,0.06751501591827468,0.9950000632103261,1.0,0.0020628306712993094,0.0012642225031605564,0.0012642225031605564,0.9683944374209861,0.28876508820798513,0.9927664592984242,
moderate,200,5,band_inverse,24.0,0.0031777035588293387,0.2921550946798918,0.9924146649810367,0.05531563188149079,0.2917414721723519,0.9974715549936789,0.05531563188149061,0.9950000632103261,1.0,0.0020061790824934117,0.0012642225031605564,0.0012642225031605564,0.9405815423514539,0.2947867298578199,0.9909267836701452,
moderate,200,5,band_inverse,28.0,0.0031777035588293387,0.2921550946798918,0.9924146649810367,0.03757323296268757,0.2917414721723519,0.9974715549936789,0.03757323296268744,0.9950000632103261,1.0,0.0015204444175275084,0.0037926675094816687,0.4639696586599241,0.9266750948166877,0.2978927203065134,0.987042167516354,
moderate,200,5,band_inverse,32.0,0.0031777035588293387,0.2921550946798918,0.9924146649810367,0.020242450440642032,0.2917414721723519,0.9974715549936789,0.020242450440641963,0.9950000632103261,1.0,0.0010941223209335882,0.4639696586599241,0.4639696586599241,0.9266750948166877,0.2978927203065134,0.9864649131181858,
moderate,200,5,band_inverse,36.0,0.0031777035588293387,0.2921550946798918,0.9924146649810367,0.021840560279414445,0.2917414721723519,0.9974715549936789,0.021840560279414375,0.9950000632103261,1.0,0.0009939510686245712,0.4639696586599241,0.4639696586599241,0.9266750948166877,0.2978927203065134,0.9862469500713544,
moderate,200,5,band_inverse,40.0,0.0031777035588293387,0.2921550946798918,0.9924146649810367,0.005297382705501162,0.2917414721723519,0.9974715549936789,0.005297382705501146,0.9950000632103261,1.0,0.0005896865851351962,0.461441213653603,0.461441213653603,0.9266750948166877,0.2978927203065134,0.9861792991983345,
moderate,200,5,band_inverse,44.0,0.0031777035588293387,0.2921550946798918,0.9924146649810367,0.005428813639357272,0.2917414721723519,0.9974715549936789,0.005428813639357257,0.9950000632103261,1.0,0.0004777335186110926,0.4639696586599241,0.4639696586599241,0.9266750948166877,0.2978927203065134,0.9861216019382004,
moderate,200,5,band_inverse,48.0,0.0031777035588293387,0.2921550946798918,0.9924146649810367,0.002395281889770571,0.2917414721723519,0.9974715549936789,0.002395281889770564,0.9950000632103261,1.0,0.0003143238939170706,0.4639696586599241,0.4639696586599241,0.9266750948166877,0.2978927203065134,0.9859438272733073,
moderate,200,5,band_inverse,52.0,0.0031777035588293387,0.2921550946798918,0.9924146649810367,0.0003674805533686275,0.2917414721723519,0.9974715549936789,0.00036748055336862685,0.9950000632103261,1.0,0.0001845967095356893,0.461441213653603,0.461441213653603,0.9266750948166877,0.2978927203065134,0.9858954872743033,
moderate,200,5,band_inverse,64.0,0.0031777035588293387,0.2921550946798918,0.9924146649810367,0.00027992682180868523,0.2917414721723519,0.9974715549936789,0.0002799268218086845,0.9950000632103261,1.0,3.9480662902241503e-05,0.4639696586599241,0.4639696586599241,0.9266750948166877,0.2978927203065134,0.9858389696283182,
moderate,200,5,band_inverse,68.0,0.0031777035588293387,0.2921550946798918,0.9924146649810367,2.8948555916406975e-05,0.2917414721723519,0.9974715549936789,2.894855591640694e-05,0.9950000632103261,1.0,2.1817563377893312e-05,0.4639696586599241,0.4639696586599241,0.9266750948166877,0.2978927203065134,0.9858808027970395,
moderate,200,5,sharp_comb,80.0,0.0031777035588293387,0.9950440284968362,0.9911504424778761,0.002271296901582025,0.9950189003653649,0.9962073324905183,0.002271296901582018,0.9950000632103261,1.0,0.0004787517225137106,0.934260429835651,0.934260429835651,0.9203539823008849,0.0,0.9493556085293505,
moderate,200,5,sharp_comb,84.0,0.0031777035588293387,0.2918918918918919,0.9936788874841972,0.0038174912722481876,0.9950189003653649,0.9962073324905183,0.0012836050736114157,0.9950000632103261,1.0,0.00030138457300579247,0.9203539823008849,0.9203539823008849,0.9203539823008849,0.0,0.949203007984109,
moderate,200,5,sharp_comb,120.0,0.0031777035588293387,0.9950000632103261,1.0,0.000430810056548597,0.9950000632103261,1.0,0.000430810056548597,0.9950000632103261,1.0,0.000430810056548597,0.9241466498103666,0.9241466498103666,0.9203539823008849,0.0,0.9482394799578233,
moderate,200,5,sharp_comb,124.0,0.0031777035588293387,0.9950000632103261,1.0,6.703848458109846e-05,0.9950000632103261,1.0,6.703848458109846e-05,0.9950000632103261,1.0,6.703848458109846e-05,0.9241466498103666,0.9380530973451328,0.9203539823008849,0.0,0.9481795780374992,
moderate,200,5,normalized_half_comb,12.0,0.0031777035588293387,0.2917414721723519,0.9974715549936789,0.14901658505135462,0.2917414721723519,0.9974715549936789,0.14901658505135462,0.9950000632103261,1.0,0.08020362296315355,0.4740834386852086,0.4740834386852086,0.5094816687737042,0.44642857142857145,0.8963750702741894,
moderate,200,5,normalized_half_comb,16.0,0.0031777035588293387,0.2917414721723519,0.9974715549936789,0.16839726295653618,0.2917414721723519,0.9974715549936789,0.16839726295653618,0.9950000632103261,1.0,0.0396357325604747,0.4740834386852086,0.4740834386852086,0.5094816687737042,0.44642857142857145,0.8989670874790765,
moderate,200,5,normalized_half_comb,20.0,0.0031777035588293387,0.995025190111064,0.9949431099873578,0.04736936249822316,0.9950000632103261,1.0,0.047369362498223135,0.9950000632103261,1.0,0.047369362498223135,0.4740834386852086,0.4740834386852086,0.4740834386852086,0.0,0.8335621328795355,
moderate,200,5,normalized_half_comb,24.0,0.0031777035588293387,0.2917414721723519,0.9974715549936789,0.022881815910069256,0.2917414721723519,0.9974715549936789,0.022881815910069256,0.9950000632103261,1.0,0.0104251242611018,0.4740834386852086,0.4740834386852086,0.4740834386852086,0.0,0.7714644466575169,
moderate,200,5,normalized_half_comb,28.0,0.0031777035588293387,0.2921550946798918,0.9924146649810367,0.04707984972390733,0.2917414721723519,0.9974715549936789,0.047079849723907316,0.9950000632103261,1.0,0.009966377476869015,0.4740834386852086,0.4740834386852086,0.4740834386852086,0.0,0.8416325025523953,
moderate,200,5,normalized_half_comb,32.0,0.0031777035588293387,0.995025190111064,0.9949431099873578,0.0011506850119271015,0.9950000632103261,1.0,0.0011506850119270963,0.9950000632103261,1.0,0.0011506850119270963,0.9620733249051833,0.9696586599241467,0.4740834386852086,0.0,0.9423401319563366,
moderate,200,5,normalized_half_comb,36.0,0.0031777035588293387,0.2921550946798918,0.9924146649810367,0.009176919475557627,0.2917414721723519,0.9974715549936789,0.00917691947555762,0.9950000632103261,1.0,0.0002532070331426606,0.9620733249051833,0.9696586599241467,0.4740834386852086,0.0,0.9291908778376281,
moderate,200,5,normalized_half_comb,40.0,0.0031777035588293387,0.2921550946798918,0.9924146649810367,0.002815630351751834,0.2917414721723519,0.9974715549936789,0.0028156303517518333,0.9950000632103261,1.0,0.0009467978606871597,0.9620733249051833,0.9696586599241467,0.4740834386852086,0.0,0.9396057434196431,
moderate,200,5,normalized_half_comb,44.0,0.0031777035588293387,0.2921550946798918,0.9924146649810367,0.0006112098660589569,0.2917414721723519,0.9974715549936789,0.0006112098660589567,0.9950000632103261,1.0,0.00016115427388085912,0.9620733249051833,0.9696586599241467,0.4740834386852086,0.0,0.9428831832673328,
moderate,200,5,fitted_binned,,0.0031777035588293387,0.018703241895261846,0.9949431099873578,0.000622562311226163,0.2917414721723519,0.9974715549936789,3.427735089413241e-06,0.9950000632103261,1.0,6.3422526192114666e-21,0.9633375474083439,0.9810366624525917,0.9633375474083439,0.0,0.9781374698153744,mu=0.003 nb=187
moderate,200,5,fitted_ridge,20.0,0.0031777035588293387,0.995025190111064,0.9949431099873578,0.006288117595480882,0.9950000632103261,1.0,0.006288117595480762,0.9950000632103261,1.0,0.006288117595480762,0.041719342604298354,0.041719342604298354,0.5170670037926675,0.02619047619047619,0.9374648650172609,mu=0.003
moderate,200,5,fitted_ridge,24.0,0.0031777035588293387,0.017521902377972465,0.9924146649810367,0.052387609967484476,0.2920035938903863,0.9962073324905183,0.0020869717889344733,0.9950000632103261,1.0,0.0005956113282462121,0.9633375474083439,0.9633375474083439,0.5031605562579013,0.0,0.9711359359984745,mu=0.003
moderate,200,5,fitted_ridge,28.0,0.0031777035588293387,0.995025190111064,0.9949431099873578,0.008367883947712672,0.9950000632103261,1.0,0.008367883947712661,0.9950000632103261,1.0,0.008367883947712661,0.9633375474083439,0.9633375474083439,0.5031605562579013,0.0,0.9426875399814878,mu=0.003
moderate,200,5,fitted_ridge,32.0,0.0031777035588293387,0.2921550946798918,0.9924146649810367,0.047422921278869115,0.2917414721723519,0.9974715549936789,0.047422921278868976,0.9950000632103261,1.0,0.005821542248324886,0.9633375474083439,0.9633375474083439,0.5031605562579013,0.0,0.9657158285451835,mu=0.003
moderate,200,5,fitted_ridge,40.0,0.0031777035588293387,0.995025190111064,0.9949431099873578,8.043742973345286e-07,0.9950000632103261,1.0,8.043742972712112e-07,0.9950000632103261,1.0,8.043742972712112e-07,0.9633375474083439,0.9709228824273072,0.5031605562579013,0.0,0.9636644841280702,mu=0.003
moderate,200,5,fitted_ridge,44.0,0.0031777035588293387,0.017521902377972465,0.9924146649810367,0.03454316329417574,0.29136690647482016,0.9962073324905183,0.010023065408643547,0.9950000632103261,1.0,0.0057012629549549766,0.9633375474083439,0.9785082174462706,0.5031605562579013,0.0,0.9781843609595459,mu=0.003
moderate,200,5,fitted_xval,,0.0031777035588293387,0.017543859649122806,0.9911504424778761,0.0005675638378072253,0.9950189003653649,0.9962073324905183,4.664361933635737e-06,0.9950000632103261,1.0,6.324196960892106e-37,0.9620733249051833,0.9734513274336283,0.9620733249051833,0.0,0.9768935519066082,rep0 response verbatim
moderate,200,6,classical_invA,,0.0031777035588293387,0.347024308466052,0.9961636828644501,0.33333333333333326,0.347024308466052,0.9961636828644501,0.33333333333333326,0.9950008310638896,1.0,0.25,0.4846547314578005,0.4846547314578005,0.9859335038363172,0.022813688212927757,1.0000000000000002,
moderate,200,6,1bqf_cos,1.0,0.0031777035588293387,0.347024308466052,0.9961636828644501,0.3826834323650898,0.347024308466052,0.9961636828644501,0.3826834323650898,0.9950008310638896,1.0,6.123233995736766e-17,0.48721227621483376,0.489769820971867,0.9833759590792839,0.021628498727735368,0.9993529613910145,
moderate,200,6,comb_prod,8.0,0.0031777035588293387,0.34709351305812974,0.9910485933503836,0.09513963420398988,0.9950134891511424,0.9974424552429667,0.07727598866146784,0.9950007671457065,1.0,0.06935336726562889,0.4731457800511509,0.4731457800511509,0.49744245524296676,0.029925187032418952,0.9950390896186181,
moderate,200,6,comb_prod,12.0,0.0031777035588293387,0.9950262114819077,0.9948849104859335,0.028325214072952826,0.9950198502758582,0.9961636828644501,0.012852994490156257,0.9950008310638896,1.0,0.007746553914293712,0.9539641943734015,0.9654731457800512,0.9462915601023018,0.0,0.9891746698040285,
moderate,200,6,comb_prod,16.0,0.0031777035588293387,0.9950008310638896,1.0,0.005322857209789366,0.9950008310638896,1.0,0.005322857209789366,0.9950008310638896,1.0,0.005322857209789366,0.9462915601023018,0.9552429667519181,0.9462915601023018,0.0,0.9860417560120107,
moderate,200,6,comb_prod,20.0,0.0031777035588293387,0.9950008310638896,1.0,0.011675456944085753,0.9950008310638896,1.0,0.011675456944085753,0.9950008310638896,1.0,0.011675456944085753,0.9462915601023018,0.9526854219948849,0.9462915601023018,0.0,0.984377788216706,
moderate,200,6,comb_prod,24.0,0.0031777035588293387,0.34709351305812974,0.9910485933503836,0.006380385930107814,0.347024308466052,0.9961636828644501,0.0031062698731474103,0.9950008310638896,1.0,0.0006367804587735781,0.9462915601023018,0.9526854219948849,0.9462915601023018,0.0,0.9800605254118543,
moderate,200,6,comb_prod,28.0,0.0031777035588293387,0.9950008310638896,1.0,0.004194626697136292,0.9950008310638896,1.0,0.004194626697136292,0.9950008310638896,1.0,0.004194626697136292,0.9462915601023018,0.9526854219948849,0.9462915601023018,0.0,0.9785982572473428,
moderate,200,6,comb_prod,32.0,0.0031777035588293387,0.9950262114819077,0.9948849104859335,0.010996873605229947,0.9950198502758582,0.9961636828644501,0.006770294153309297,0.9950008310638896,1.0,0.004985316145499382,0.9462915601023018,0.9616368286445013,0.9462915601023018,0.0,0.9782880904282345,
moderate,200,6,comb_prod,36.0,0.0031777035588293387,0.347024308466052,0.9961636828644501,0.002407734926363253,0.347024308466052,0.9961636828644501,0.002407734926363253,0.9950008310638896,1.0,0.0022926848330715663,0.9462915601023018,0.959079283887468,0.9462915601023018,0.0,0.9785563725605771,
moderate,200,6,comb_prod,40.0,0.0031777035588293387,0.9950008310638896,1.0,0.002353510215637514,0.9950008310638896,1.0,0.002353510215637514,0.9950008310638896,1.0,0.002353510215637514,0.9462915601023018,0.9616368286445013,0.9462915601023018,0.0,0.9781977145513295,
moderate,200,6,comb_prod,44.0,0.0031777035588293387,0.34709351305812974,0.9910485933503836,0.005484857294829581,0.3459277917716205,0.9961636828644501,0.004521850039254689,0.9950008310638896,1.0,0.002987961442173427,0.9462915601023018,0.9552429667519181,0.9462915601023018,0.0,0.978066548983085,
moderate,200,6,comb_prod,48.0,0.0031777035588293387,0.34709351305812974,0.9910485933503836,0.00566570508994881,0.347024308466052,0.9961636828644501,0.003471781784245655,0.9950008310638896,1.0,0.0007264710913059691,0.9462915601023018,0.9552429667519181,0.9462915601023018,0.0,0.9780637749146475,
moderate,200,6,comb_prod,52.0,0.0031777035588293387,0.34650967199327165,0.9936061381074168,0.004226138355901164,0.3459277917716205,0.9961636828644501,0.004003207586849152,0.9950008310638896,1.0,0.0007312259462219292,0.9462915601023018,0.9616368286445013,0.9462915601023018,0.0,0.9781254483808047,
moderate,200,6,comb_prod,64.0,0.0031777035588293387,0.347024308466052,0.9961636828644501,0.003725291106764727,0.347024308466052,0.9961636828644501,0.003725291106764727,0.9950008310638896,1.0,7.969151330756291e-05,0.9462915601023018,0.9552429667519181,0.9462915601023018,0.0,0.978111368595571,
moderate,200,6,comb_prod,68.0,0.0031777035588293387,0.347024308466052,0.9961636828644501,0.0037086877458464918,0.347024308466052,0.9961636828644501,0.0037086877458464918,0.9950008310638896,1.0,2.4850608659303386e-05,0.9462915601023018,0.9552429667519181,0.9462915601023018,0.0,0.9781104480838563,
moderate,200,6,band_inverse,8.0,0.0031777035588293387,0.3468013468013468,0.9923273657289002,0.10548644606422158,0.347024308466052,0.9961636828644501,0.06690811623182,0.9950008310638896,1.0,0.004694310039538588,0.0,0.0,0.979539641943734,0.3475298126064736,0.9906851345101094,
moderate,200,6,band_inverse,12.0,0.0031777035588293387,0.34654300168634067,0.9910485933503836,0.1364209918457683,0.347024308466052,0.9961636828644501,0.07665646755237245,0.9950008310638896,1.0,0.0031452787533778476,0.0,0.0,0.9731457800511509,0.3456577815993121,0.9888752319267501,
moderate,200,6,band_inverse,16.0,0.0031777035588293387,0.34654300168634067,0.9910485933503836,0.14757727373821095,0.347024308466052,0.9961636828644501,0.06382435298046243,0.9950008310638896,1.0,0.003148726637541538,0.0,0.0,0.969309462915601,0.34429065743944637,0.9895630393721843,
moderate,200,6,band_inverse,20.0,0.0031777035588293387,0.34760705289672544,0.9936061381074168,0.06912662009965481,0.347024308466052,0.9961636828644501,0.06074141777275745,0.9950008310638896,1.0,0.0020855489383038855,0.0,0.0,0.9641943734015346,0.3443478260869565,0.9860725461297618,
moderate,200,6,band_inverse,24.0,0.0031777035588293387,0.34760705289672544,0.9936061381074168,0.055306331993205574,0.347024308466052,0.9961636828644501,0.04533663286572542,0.9950008310638896,1.0,0.0020060493002317104,0.0,0.0,0.959079283887468,0.34554973821989526,0.9842751721980989,
moderate,200,6,band_inverse,28.0,0.0031777035588293387,0.34595959595959597,0.9936061381074168,0.04058622010482146,0.347024308466052,0.9961636828644501,0.004040993113382845,0.9950008310638896,1.0,0.0015548207552239374,0.4731457800511509,0.4731457800511509,0.9565217391304348,0.34615384615384615,0.9817761528032364,
moderate,200,6,band_inverse,32.0,0.0031777035588293387,0.34595959595959597,0.9936061381074168,0.020294344519642286,0.347024308466052,0.9961636828644501,0.015730872025261827,0.9950008310638896,1.0,0.0010993581735384422,0.4731457800511509,0.4731457800511509,0.9565217391304348,0.34615384615384615,0.9799244233981893,
moderate,200,6,band_inverse,36.0,0.0031777035588293387,0.34760705289672544,0.9936061381074168,0.022226203741750244,0.347024308466052,0.9961636828644501,0.01890440566806686,0.9950008310638896,1.0,0.0010101434191821385,0.4731457800511509,0.4731457800511509,0.9565217391304348,0.34615384615384615,0.9800165695237573,
moderate,200,6,band_inverse,40.0,0.0031777035588293387,0.347024308466052,0.9961636828644501,0.005797384622137383,0.347024308466052,0.9961636828644501,0.005797384622137383,0.9950008310638896,1.0,0.0006119560216912706,0.4731457800511509,0.4731457800511509,0.9565217391304348,0.34615384615384615,0.9784704213324331,
moderate,200,6,band_inverse,44.0,0.0031777035588293387,0.347024308466052,0.9961636828644501,0.005316554806068026,0.347024308466052,0.9961636828644501,0.005316554806068026,0.9950008310638896,1.0,0.0004803603962970221,0.4731457800511509,0.4731457800511509,0.9565217391304348,0.34615384615384615,0.9783418642935304,
moderate,200,6,band_inverse,48.0,0.0031777035588293387,0.347024308466052,0.9961636828644501,0.0031935305988192754,0.347024308466052,0.9961636828644501,0.0031935305988192754,0.9950008310638896,1.0,0.00033146360230403016,0.4731457800511509,0.4731457800511509,0.9565217391304348,0.34615384615384615,0.9780938812965551,
moderate,200,6,band_inverse,52.0,0.0031777035588293387,0.347024308466052,0.9961636828644501,0.0002544248854291978,0.347024308466052,0.9961636828644501,0.0002544248854291978,0.9950008310638896,1.0,0.00019002580857356566,0.4731457800511509,0.4731457800511509,0.9565217391304348,0.34615384615384615,0.9779502339799985,
moderate,200,6,band_inverse,64.0,0.0031777035588293387,0.347024308466052,0.9961636828644501,0.00023231556120265382,0.347024308466052,0.9961636828644501,0.00023231556120265382,0.9950008310638896,1.0,4.092776650223284e-05,0.4731457800511509,0.4731457800511509,0.9565217391304348,0.34615384615384615,0.9778702368860468,
moderate,200,6,band_inverse,68.0,0.0031777035588293387,0.347024308466052,0.9961636828644501,0.00011395258786893721,0.347024308466052,0.9961636828644501,0.00011395258786893721,0.9950008310638896,1.0,2.3861070407776852e-05,0.4731457800511509,0.4731457800511509,0.9565217391304348,0.34615384615384615,0.9778686995868551,
moderate,200,6,sharp_comb,80.0,0.0031777035588293387,0.9950325092541092,0.9936061381074168,0.0026906135420446627,0.9950008310638896,1.0,0.0026906135420446523,0.9950008310638896,1.0,0.0026906135420446523,0.9526854219948849,0.9667519181585678,0.9462915601023018,0.0,0.9684115162581036,
moderate,200,6,sharp_comb,84.0,0.0031777035588293387,0.3468013468013468,0.9923273657289002,0.0027579656175071234,0.9950135529074823,0.9974424552429667,0.0008403423818214018,0.9950008310638896,1.0,0.000143501249773761,0.9462915601023018,0.9462915601023018,0.9462915601023018,0.0,0.9681651089999559,
moderate,200,6,sharp_comb,120.0,0.0031777035588293387,0.9950453589397708,0.9910485933503836,0.0003327663695056146,0.9950199139512732,0.9961636828644501,0.00018243917108870134,0.9950008310638896,1.0,3.682823215236513e-05,0.948849104859335,0.948849104859335,0.9462915601023018,0.0,0.967626275209467,
moderate,200,6,sharp_comb,124.0,0.0031777035588293387,0.9950453589397708,0.9910485933503836,0.0003385373119839614,0.9950199139512732,0.9961636828644501,0.0001682046819058601,0.9950008310638896,1.0,5.229186790006817e-05,0.948849104859335,0.948849104859335,0.9462915601023018,0.0,0.9675856973695071,
moderate,200,6,normalized_half_comb,12.0,0.0031777035588293387,0.34760705289672544,0.9936061381074168,0.1554723497112231,0.347024308466052,0.9961636828644501,0.14901658505135462,0.9950008310638896,1.0,0.08020362296315355,0.47570332480818417,0.4833759590792839,0.5127877237851662,0.5055487053020962,0.8986820715236452,
moderate,200,6,normalized_half_comb,16.0,0.0031777035588293387,0.34760705289672544,0.9936061381074168,0.17103308443375737,0.347024308466052,0.9961636828644501,0.16839726295653618,0.9950008310638896,1.0,0.0396357325604747,0.47570332480818417,0.4833759590792839,0.5127877237851662,0.5055487053020962,0.9009479240327286,
moderate,200,6,normalized_half_comb,20.0,0.0031777035588293387,0.995032541011904,0.9936061381074168,0.047369362498223135,0.9950198502758582,0.9961636828644501,0.04660862248685481,0.9950008310638896,1.0,0.04388800610353932,0.47570332480818417,0.9565217391304348,0.47570332480818417,0.0,0.8311173210521705,
moderate,200,6,normalized_half_comb,24.0,0.0031777035588293387,0.3481917577796468,0.9910485933503836,0.05383999724680008,0.347024308466052,0.9961636828644501,0.022881815910069256,0.9950008310638896,1.0,0.0104251242611018,0.47570332480818417,0.4833759590792839,0.47570332480818417,0.0,0.773479455092759,
moderate,200,6,normalized_half_comb,28.0,0.0031777035588293387,0.34709351305812974,0.9910485933503836,0.047079849723907316,0.347024308466052,0.9961636828644501,0.04235324172691092,0.9950008310638896,1.0,0.009966377476869015,0.47570332480818417,0.9616368286445013,0.47570332480818417,0.0,0.8405686144743499,
moderate,200,6,normalized_half_comb,32.0,0.0031777035588293387,0.99504523223476,0.9910485933503836,0.0011506850119271015,0.9950134572723611,0.9974424552429667,0.0011506850119270963,0.9950008310638896,1.0,8.008257782338656e-05,0.9539641943734015,0.9616368286445013,0.47570332480818417,0.0,0.935068914486054,
moderate,200,6,normalized_half_comb,36.0,0.0031777035588293387,0.34709351305812974,0.9910485933503836,0.00917691947555762,0.347024308466052,0.9961636828644501,0.007075137350000664,0.9950008310638896,1.0,0.0002532070331426606,0.9539641943734015,0.9616368286445013,0.47570332480818417,0.0,0.9229722289254504,
moderate,200,6,normalized_half_comb,40.0,0.0031777035588293387,0.34650967199327165,0.9936061381074168,0.0028156303517518333,0.3459277917716205,0.9961636828644501,0.0026241080709677885,0.9950008310638896,1.0,0.0009467978606871597,0.9539641943734015,0.9641943734015346,0.47570332480818417,0.0,0.9327105033347711,
moderate,200,6,normalized_half_comb,44.0,0.0031777035588293387,0.34650967199327165,0.9936061381074168,0.0006112098660589567,0.3464765100671141,0.9961636828644501,0.0005815468323720083,0.9950008310638896,1.0,0.00016115427388085912,0.9539641943734015,0.9641943734015346,0.47570332480818417,0.0,0.9357615380783789,
moderate,200,6,fitted_binned,,0.0031777035588293387,0.347024308466052,0.9961636828644501,0.0002426857095300406,0.347024308466052,0.9961636828644501,0.0002426857095300406,0.9950008310638896,1.0,9.053979817377525e-05,0.9603580562659847,0.9744245524296675,0.959079283887468,0.0,0.9810661765723206,mu=0.0646 nb=202
moderate,200,6,fitted_ridge,20.0,0.0031777035588293387,0.34676742233417296,0.9948849104859335,0.05268352253127615,0.9950071600265944,0.9987212276214834,0.04516058381389534,0.9950007991050024,1.0,0.04308166961397683,0.01278772378516624,0.01278772378516624,0.04731457800511509,0.9175946547884187,0.8520375830198879,mu=0.0646
moderate,200,6,fitted_ridge,24.0,0.0031777035588293387,0.9950008310638896,1.0,0.007578811794160104,0.9950008310638896,1.0,0.007578811794160104,0.9950008310638896,1.0,0.007578811794160104,0.4884910485933504,0.9667519181585678,0.489769820971867,0.005194805194805195,0.9805698565815323,mu=0.0646
moderate,200,6,fitted_ridge,28.0,0.0031777035588293387,0.346218487394958,0.9948849104859335,0.0486237517700486,0.3464765100671141,0.9961636828644501,0.039645634064507995,0.9950007991050024,1.0,0.021278343277356022,0.9616368286445013,0.9705882352941176,0.4859335038363171,0.0,0.9896360831664508,mu=0.0646
moderate,200,6,fitted_ridge,32.0,0.0031777035588293387,0.9950325092541092,0.9936061381074168,0.011103492681444522,0.9950008310638896,1.0,0.006671614640261403,0.9950008310638896,1.0,0.006671614640261403,0.4884910485933504,0.9654731457800512,0.4884910485933504,0.005208333333333333,0.9679875687639519,mu=0.0646
moderate,200,6,fitted_ridge,40.0,0.0031777035588293387,0.9950324139782883,0.9936061381074168,0.00044194558430244476,0.9950007351860021,1.0,0.0004419455843023858,0.9950007351860021,1.0,0.0004419455843023858,0.4884910485933504,0.9616368286445013,0.4884910485933504,0.005208333333333333,0.9759515285734309,mu=0.0646
moderate,200,6,fitted_ridge,44.0,0.0031777035588293387,0.9950007991050024,1.0,0.006134802533790597,0.9950007991050024,1.0,0.006134802533790597,0.9950007991050024,1.0,0.006134802533790597,0.4884910485933504,0.9616368286445013,0.9616368286445013,0.002652519893899204,0.979452909722991,mu=0.0646
moderate,200,6,fitted_xval,,0.0031777035588293387,0.347024308466052,0.9961636828644501,1.6296519629130643e-05,0.347024308466052,0.9961636828644501,1.6296519629130643e-05,0.9950008310638896,1.0,4.664361933635737e-06,0.9603580562659847,0.9705882352941176,0.959079283887468,0.0,0.9778484597920037,rep0 response verbatim
moderate,200,7,classical_invA,,0.0031777035588293387,0.02111801242236025,0.9924433249370277,0.3636363636363642,0.34273858921161826,0.9974811083123426,0.33333333333333326,0.9950000314859478,1.0,0.25,0.0,0.0,0.9949622166246851,0.023485784919653894,0.9999999999999998,
moderate,200,7,1bqf_cos,1.0,0.0031777035588293387,0.023485784919653894,0.9949622166246851,0.4798242141097828,0.34273858921161826,0.9974811083123426,0.3826834323650898,0.9950000314859478,1.0,6.123233995736766e-17,0.003778337531486146,0.003778337531486146,0.9886649874055415,0.0236318407960199,0.9949878380794444,
moderate,200,7,comb_prod,8.0,0.0031777035588293387,0.9950437372865879,0.9911838790931989,0.046582055884126686,0.9950187975843372,0.9962216624685138,0.011974610701485111,0.9950000314859478,1.0,0.004978204203752363,0.0,0.47984886649874053,0.9697732997481109,0.3407534246575342,0.9585711307576215,
moderate,200,7,comb_prod,12.0,0.0031777035588293387,0.9950436436461653,0.9911838790931989,0.060134211189053544,0.9950187975843372,0.9962216624685138,0.01447409266497531,0.9950000314859478,1.0,0.0054479732320513695,0.4760705289672544,0.9697732997481109,0.9672544080604534,0.0051813471502590676,0.9566241671830968,
moderate,200,7,comb_prod,16.0,0.0031777035588293387,0.34252297410192145,0.9911838790931989,0.03863650797467617,0.995018734846815,0.9962216624685138,0.029190391815213323,0.9949999685136556,1.0,0.014726906279431632,0.48866498740554154,0.9798488664987406,0.9773299748110831,0.008939974457215836,0.9597161944406651,
moderate,200,7,comb_prod,20.0,0.0031777035588293387,0.9950314715556482,0.9911838790931989,0.02759860584268722,0.995018734846815,0.9962216624685138,0.007583964120130902,0.995,1.0,0.001533011760643277,0.4760705289672544,0.9773299748110831,0.9571788413098237,0.001314060446780552,0.9503876772177732,
moderate,200,7,comb_prod,24.0,0.0031777035588293387,0.9950314401878836,0.9911838790931989,0.017462685452501153,0.9950064077069247,0.9962216624685138,0.01061249696136324,0.9950000314859478,1.0,0.0021198425338538776,0.4760705289672544,0.9760705289672544,0.9508816120906801,0.0013227513227513227,0.9488775975871644,
moderate,200,7,comb_prod,28.0,0.0031777035588293387,0.9950375646281637,0.9924433249370277,0.006084275861806184,0.9950187662157737,0.9962216624685138,0.002865133544305433,0.9950000314859478,1.0,0.0012350245475181226,0.4760705289672544,0.9760705289672544,0.9508816120906801,0.0013227513227513227,0.9451087437499055,
moderate,200,7,comb_prod,32.0,0.0031777035588293387,0.9950314715556482,0.9911838790931989,0.0062567535460515186,0.9950064392313326,0.9962216624685138,0.003871096383994191,0.9950000314859478,1.0,0.0007410359310349167,0.4760705289672544,0.9760705289672544,0.9508816120906801,0.0013227513227513227,0.9443630467262878,
moderate,200,7,comb_prod,36.0,0.0031777035588293387,0.019925280199252802,0.9911838790931989,0.010176280367728703,0.34193011647254573,0.9962216624685138,0.0061462743503153,0.9950000314859478,1.0,0.0025752129475542715,0.4760705289672544,0.9760705289672544,0.9508816120906801,0.0013227513227513227,0.9443462247043413,
moderate,200,7,comb_prod,40.0,0.0031777035588293387,0.9950314715556482,0.9911838790931989,0.01292607478706099,0.9950125002361505,0.9974811083123426,0.0063946403906311716,0.9950000314859478,1.0,0.0001431153840104076,0.4760705289672544,0.9735516372795969,0.9508816120906801,0.0013227513227513227,0.9405209088963097,
moderate,200,7,comb_prod,44.0,0.0031777035588293387,0.9950314088197229,0.9911838790931989,0.008546121144375859,0.9950064077069247,0.9962216624685138,0.002573136306269309,0.995,1.0,0.00035063055694105073,0.4760705289672544,0.9697732997481109,0.9508816120906801,0.0013227513227513227,0.9385705384586436,
moderate,200,7,comb_prod,48.0,0.0031777035588293387,0.9950375021254353,0.9924433249370277,0.007012949675856361,0.9950187034774614,0.9962216624685138,0.0035942307680962115,0.9950000314859478,1.0,0.0001558357771839799,0.4760705289672544,0.9697732997481109,0.9508816120906801,0.0013227513227513227,0.9381540869467477,
moderate,200,7,comb_prod,52.0,0.0031777035588293387,0.3419732441471572,0.9911838790931989,0.006737358216204746,0.995018734846815,0.9962216624685138,0.001976909233017097,0.9950000314859478,1.0,8.562927040524181e-05,0.4760705289672544,0.9697732997481109,0.9508816120906801,0.0013227513227513227,0.9382357996248705,
moderate,200,7,comb_prod,64.0,0.0031777035588293387,0.018703241895261846,0.9911838790931989,0.005937203081102731,0.342477140482128,0.9962216624685138,0.0035985753927395138,0.995,1.0,0.0026125414739269224,0.4760705289672544,0.9697732997481109,0.9508816120906801,0.0013227513227513227,0.9375040031056155,
moderate,200,7,comb_prod,68.0,0.0031777035588293387,0.3419732441471572,0.9911838790931989,0.00570271061208323,0.34138218151540384,0.9962216624685138,0.004824631447986922,0.9950000314859478,1.0,0.0006122669715351376,0.4760705289672544,0.9672544080604534,0.9508816120906801,0.0013227513227513227,0.9375876479094609,
moderate,200,7,band_inverse,8.0,0.0031777035588293387,0.34252297410192145,0.9911838790931989,0.04155087220591964,0.9950187975843372,0.9962216624685138,0.006006200675888453,0.9950000314859478,1.0,0.0009876919947029183,0.0,0.47984886649874053,0.9697732997481109,0.3407534246575342,0.9541625254507875,
moderate,200,7,band_inverse,12.0,0.0031777035588293387,0.34361968306922436,0.9911838790931989,0.022853053802718872,0.3430232558139535,0.9962216624685138,0.007345815460976405,0.9950000314859478,1.0,5.2802679191197004e-06,0.0,0.0,0.9634760705289672,0.3422184006878762,0.9539371995284491,
moderate,200,7,band_inverse,16.0,0.0031777035588293387,0.3419732441471572,0.9911838790931989,0.06652176088356664,0.3430232558139535,0.9962216624685138,0.004546462153777276,0.9950000314859478,1.0,2.083117205805749e-05,0.0,0.0,0.9848866498740554,0.34119629317607414,0.9497745400633842,
moderate,200,7,band_inverse,20.0,0.0031777035588293387,0.3419732441471572,0.9911838790931989,0.04318824530367448,0.9950125316439754,0.9974811083123426,0.0030065145671573368,0.9950000314859478,1.0,0.0007101077762952424,0.0,0.0,0.9672544080604534,0.3402061855670103,0.9480457485063036,
moderate,200,7,band_inverse,24.0,0.0031777035588293387,0.3419732441471572,0.9911838790931989,0.04172505658060975,0.342477140482128,0.9962216624685138,0.007700068618707588,0.9950000314859478,1.0,0.0030872529063793036,0.0,0.0,0.9672544080604534,0.3402061855670103,0.9498225603216411,
moderate,200,7,band_inverse,28.0,0.0031777035588293387,0.3414225941422594,0.9911838790931989,0.06217371289403387,0.3430232558139535,0.9962216624685138,0.010104714379863725,0.9950000314859478,1.0,0.0025076966391954225,0.0,0.0,0.9785894206549118,0.33984706881903143,0.9510623626410489,
moderate,200,7,band_inverse,32.0,0.0031777035588293387,0.3419732441471572,0.9911838790931989,0.03892566317577475,0.34193011647254573,0.9962216624685138,0.011744120901169487,0.9950000314859478,1.0,0.0018267779466335649,0.0,0.0,0.9785894206549118,0.33984706881903143,0.9535618318157357,
moderate,200,7,band_inverse,36.0,0.0031777035588293387,0.3414225941422594,0.9911838790931989,0.031841942342522286,0.3408333333333333,0.9962216624685138,0.028577307252195608,0.9950000314859478,1.0,0.0019182599538553474,0.0,0.0,0.9722921914357683,0.3384747215081405,0.95282867554047,
moderate,200,7,band_inverse,40.0,0.0031777035588293387,0.3414225941422594,0.9911838790931989,0.03962855524899276,0.34138218151540384,0.9962216624685138,0.01732737586129695,0.9950000314859478,1.0,0.0017990154808168735,0.0,0.0,0.9722921914357683,0.3384747215081405,0.9527309641211611,
moderate,200,7,band_inverse,44.0,0.0031777035588293387,0.3414225941422594,0.9911838790931989,0.03467670558797322,0.3408333333333333,0.9962216624685138,0.02808208306023084,0.9950000314859478,1.0,0.0012502435057915456,0.4760705289672544,0.4760705289672544,0.9596977329974811,0.341400172860847,0.9507714306038183,
moderate,200,7,band_inverse,48.0,0.0031777035588293387,0.3403185247275775,0.9911838790931989,0.0298495028260426,0.34138218151540384,0.9962216624685138,0.01905046545602738,0.9950000314859478,1.0,0.0010091455583981918,0.4760705289672544,0.4760705289672544,0.9534005037783375,0.3428819444444444,0.9500766621131378,
moderate,200,7,band_inverse,52.0,0.0031777035588293387,0.3403185247275775,0.9911838790931989,0.02888160450870039,0.34138218151540384,0.9962216624685138,0.018470576845099358,0.9950000314859478,1.0,0.0010002460768080285,0.4760705289672544,0.4760705289672544,0.9534005037783375,0.3428819444444444,0.9500169022842937,
moderate,200,7,band_inverse,64.0,0.0031777035588293387,0.3408710217755444,0.9911838790931989,0.021033644617970023,0.34193011647254573,0.9962216624685138,0.010446982349893325,0.9950000314859478,1.0,0.00039715676247562004,0.4760705289672544,0.4760705289672544,0.9534005037783375,0.3428819444444444,0.9492148577700096,
moderate,200,7,band_inverse,68.0,0.0031777035588293387,0.3408710217755444,0.9911838790931989,0.022035197195503207,0.342477140482128,0.9962216624685138,0.00960158014690592,0.9950000314859478,1.0,0.0004127127814554099,0.4760705289672544,0.4760705289672544,0.9534005037783375,0.3428819444444444,0.9492696347892992,
moderate,200,7,sharp_comb,80.0,0.0031777035588293387,0.9950437684992758,0.9911838790931989,0.009355878593390878,0.9950187975843372,0.9962216624685138,0.0024478219707328376,0.9950000314859478,1.0,0.00010576607784914815,0.4760705289672544,0.9546599496221663,0.9508816120906801,0.0013227513227513227,0.9318255026595667,
moderate,200,7,sharp_comb,84.0,0.0031777035588293387,0.34307178631051755,0.9911838790931989,0.007419765794841809,0.342477140482128,0.9962216624685138,0.0024896258036649676,0.9950000314859478,1.0,0.0012841362123183645,0.4760705289672544,0.9571788413098237,0.9508816120906801,0.0013227513227513227,0.9310145417847071,
moderate,200,7,sharp_comb,120.0,0.0031777035588293387,0.9950315029230167,0.9911838790931989,0.004036009880062897,0.9950187975843372,0.9962216624685138,0.002994193296669547,0.9950000314859478,1.0,0.0008803514844162816,0.4760705289672544,0.9584382871536524,0.9508816120906801,0.0013227513227513227,0.9299926639091172,
moderate,200,7,sharp_comb,124.0,0.0031777035588293387,0.9950375958789375,0.9924433249370277,0.0016708303901317811,0.9950000314859478,1.0,0.0004767710356928162,0.9950000314859478,1.0,0.0004767710356928162,0.4760705289672544,0.9546599496221663,0.9508816120906801,0.0013227513227513227,0.9292633460827294,
moderate,200,7,normalized_half_comb,12.0,0.0031777035588293387,0.3430474604496253,0.9937027707808564,0.14901658505135462,0.342477140482128,0.9962216624685138,0.13616390126502506,0.9950000314859478,1.0,0.08020362296315355,0.0,0.4836272040302267,0.5012594458438288,0.5062034739454094,0.8812718119038491,
moderate,200,7,normalized_half_comb,16.0,0.0031777035588293387,0.3419516263552961,0.9937027707808564,0.16839726295653618,0.342477140482128,0.9962216624685138,0.1538007331986579,0.9950000314859478,1.0,0.0396357325604747,0.0,0.4836272040302267,0.5012594458438288,0.5062034739454094,0.8837146324201446,
moderate,200,7,normalized_half_comb,20.0,0.0031777035588293387,0.9950314401878836,0.9911838790931989,0.047369362498226895,0.9950187662157737,0.9962216624685138,0.047369362498223135,0.9950000314859478,1.0,0.04112654818225281,0.0,0.48488664987405544,0.48614609571788414,0.01278772378516624,0.8240670607145337,
moderate,200,7,normalized_half_comb,24.0,0.0031777035588293387,0.3430232558139535,0.9962216624685138,0.022881815910069256,0.3430232558139535,0.9962216624685138,0.022881815910069256,0.9950000314859478,1.0,0.0104251242611018,0.0,0.48488664987405544,0.4924433249370277,0.02493765586034913,0.7632716066953961,
moderate,200,7,normalized_half_comb,28.0,0.0031777035588293387,0.34307178631051755,0.9911838790931989,0.047079849723914644,0.3430232558139535,0.9962216624685138,0.046292666954312604,0.9950000314859478,1.0,0.009966377476869015,0.0,0.48488664987405544,0.48614609571788414,0.01278772378516624,0.8333529703298734,
moderate,200,7,normalized_half_comb,32.0,0.0031777035588293387,0.019925280199252802,0.9911838790931989,0.016567686891717382,0.9950125002361505,0.9974811083123426,0.0011506850119273047,0.995,1.0,0.0011506850119270963,0.0,0.9659949622166247,0.9659949622166247,0.00904392764857881,0.9355816286355719,
moderate,200,7,normalized_half_comb,36.0,0.0031777035588293387,0.3427856547122602,0.9924433249370277,0.009176919475560234,0.3430232558139535,0.9962216624685138,0.007075137350000666,0.9950000314859478,1.0,0.0002532070331426606,0.0,0.9659949622166247,0.4899244332493703,0.017676767676767676,0.9218786279811254,
moderate,200,7,normalized_half_comb,40.0,0.0031777035588293387,0.019925280199252802,0.9911838790931989,0.014841313496114832,0.3430232558139535,0.9962216624685138,0.002815630351751834,0.9950000314859478,1.0,0.0009467978606871597,0.0,0.9659949622166247,0.4899244332493703,0.017676767676767676,0.9328182732177571,
moderate,200,7,normalized_half_comb,44.0,0.0031777035588293387,0.019925280199252802,0.9911838790931989,0.016212521041257363,0.3430232558139535,0.9962216624685138,0.0006112098660589569,0.9950000314859478,1.0,0.00016115427388085912,0.0,0.9659949622166247,0.9659949622166247,0.00904392764857881,0.9362901803525931,
moderate,200,7,fitted_binned,,0.0031777035588293387,0.017456359102244388,0.9924433249370277,0.1239810939648287,0.34273858921161826,0.9974811083123426,0.0021098536943409915,0.9950000314859478,1.0,1.7311771249091346e-17,0.007556675062972292,0.9861460957178841,0.9836272040302267,0.008883248730964468,0.9918994268313897,mu=3 nb=299
moderate,200,7,fitted_ridge,20.0,0.0031777035588293387,0.995018734846815,0.9962216624685138,0.011507616640107975,0.995018734846815,0.9962216624685138,0.011507616640107975,0.995,1.0,0.005424921280434479,0.0,0.0,0.5012594458438288,0.019704433497536946,0.7959979412079372,mu=3
moderate,200,7,fitted_ridge,24.0,0.0031777035588293387,0.023485784919653894,0.9949622166246851,0.018866949865408007,0.34273858921161826,0.9974811083123426,0.007631310903561697,0.9950000314859478,1.0,0.005606241716786521,0.0025188916876574307,0.0025188916876574307,0.027707808564231738,0.3125,0.8026961017092771,mu=3
moderate,200,7,fitted_ridge,28.0,0.0031777035588293387,0.34273858921161826,0.9974811083123426,0.008398001194297688,0.34273858921161826,0.9974811083123426,0.008398001194297688,0.9950000314859478,1.0,0.006539720818814328,0.0025188916876574307,0.0025188916876574307,0.5037783375314862,0.024390243902439025,0.7860896524275724,mu=3
moderate,200,7,fitted_ridge,32.0,0.0031777035588293387,0.9950315656565657,0.9911838790931989,0.03201921734347475,0.9950000314859478,1.0,0.002262413483143915,0.9950000314859478,1.0,0.002262413483143915,0.0025188916876574307,0.0025188916876574307,0.031486146095717885,0.34210526315789475,0.8411852018846689,mu=3
moderate,200,7,fitted_ridge,40.0,0.0031777035588293387,0.3414225941422594,0.9911838790931989,0.014850068060232452,0.34273858921161826,0.9974811083123426,0.00879078252486324,0.9950000314859478,1.0,0.0037491564028419885,0.0025188916876574307,0.0025188916876574307,0.5037783375314862,0.024390243902439025,0.8449345712247108,mu=3
moderate,200,7,fitted_ridge,44.0,0.0031777035588293387,0.9950000314859478,1.0,0.0015113342529025932,0.9950000314859478,1.0,0.0015113342529025932,0.9950000314859478,1.0,0.0015113342529025932,0.0025188916876574307,0.0025188916876574307,0.49748110831234255,0.024691358024691357,0.7973611998318534,mu=3
moderate,200,7,fitted_xval,,0.0031777035588293387,0.02111801242236025,0.9924433249370277,0.0006225778319887132,0.34273858921161826,0.9974811083123426,1.6296519629130643e-05,0.9950000314859478,1.0,4.664361933635737e-06,0.491183879093199,0.982367758186398,0.9773299748110831,0.0038510911424903724,0.9680398428425179,rep0 response verbatim
moderate,200,8,classical_invA,,0.0031777035588293387,0.28401826484018267,1.0,0.33333333333333326,0.28401826484018267,1.0,0.33333333333333326,0.28401826484018267,1.0,0.33333333333333326,0.4885204081632653,0.49744897959183676,0.9846938775510204,0.01905972045743329,1.0000000000000002,
moderate,200,8,1bqf_cos,1.0,0.0031777035588293387,0.28401826484018267,1.0,0.3826834323650898,0.28401826484018267,1.0,0.3826834323650898,0.28401826484018267,1.0,0.3826834323650898,0.4885204081632653,0.49362244897959184,0.9821428571428571,0.017857142857142856,0.9993930200606382,
moderate,200,8,comb_prod,8.0,0.0031777035588293387,0.28294930875576035,0.9923469387755102,0.09130968159162248,0.9950126914884119,0.9974489795918368,0.06935336726562903,0.995,1.0,0.06935336726562889,0.4744897959183674,0.9681122448979592,0.4897959183673469,0.017902813299232736,0.9930115906476129,
moderate,200,8,comb_prod,12.0,0.0031777035588293387,0.9950380754365601,0.9923469387755102,0.012852994490156257,0.995012818714047,0.9974489795918368,0.007746553914293756,0.9950001275477667,1.0,0.007746553914293712,0.9540816326530612,0.9655612244897959,0.9489795918367347,0.0,0.9857154411321941,
moderate,200,8,comb_prod,16.0,0.0031777035588293387,0.9950001275477667,1.0,0.005322857209789366,0.9950001275477667,1.0,0.005322857209789366,0.9950001275477667,1.0,0.005322857209789366,0.9489795918367347,0.9668367346938775,0.9489795918367347,0.0,0.9831409086367283,
moderate,200,8,comb_prod,20.0,0.0031777035588293387,0.9950001275477667,1.0,0.011675456944085753,0.9950001275477667,1.0,0.011675456944085753,0.9950001275477667,1.0,0.011675456944085753,0.9489795918367347,0.9668367346938775,0.9489795918367347,0.0,0.9811683473991432,
moderate,200,8,comb_prod,24.0,0.0031777035588293387,0.2845303867403315,0.9910714285714286,0.007424912829025804,0.2845379688929552,0.9974489795918368,0.0031062698731474207,0.28401826484018267,1.0,0.0031062698731474103,0.9489795918367347,0.9617346938775511,0.9489795918367347,0.0,0.9776269517463863,
moderate,200,8,comb_prod,28.0,0.0031777035588293387,0.9950001275477667,1.0,0.004194626697136292,0.9950001275477667,1.0,0.004194626697136292,0.9950001275477667,1.0,0.004194626697136292,0.9489795918367347,0.9617346938775511,0.9489795918367347,0.0,0.9769095742952518,
moderate,200,8,comb_prod,32.0,0.0031777035588293387,0.9950380754365601,0.9923469387755102,0.006770294153309297,0.995012818714047,0.9974489795918368,0.004985316145499387,0.9950001275477667,1.0,0.004985316145499382,0.9489795918367347,0.9617346938775511,0.9489795918367347,0.0,0.9766716977536637,
moderate,200,8,comb_prod,36.0,0.0031777035588293387,0.28401826484018267,1.0,0.002407734926363253,0.28401826484018267,1.0,0.002407734926363253,0.28401826484018267,1.0,0.002407734926363253,0.9489795918367347,0.9617346938775511,0.9489795918367347,0.0,0.976851543537886,
moderate,200,8,comb_prod,40.0,0.0031777035588293387,0.9950001275477667,1.0,0.002353510215637514,0.9950001275477667,1.0,0.002353510215637514,0.9950001275477667,1.0,0.002353510215637514,0.9489795918367347,0.9642857142857143,0.9489795918367347,0.0,0.9765418884638722,
moderate,200,8,comb_prod,44.0,0.0031777035588293387,0.28294930875576035,0.9923469387755102,0.005303487822993018,0.28191000918273645,0.9974489795918368,0.004521850039254698,0.28139321723189736,1.0,0.004521850039254689,0.9489795918367347,0.9642857142857143,0.9489795918367347,0.0,0.9765243771922164,
moderate,200,8,comb_prod,48.0,0.0031777035588293387,0.28294930875576035,0.9923469387755102,0.00358177653647709,0.2845379688929552,0.9974489795918368,0.00347178178424566,0.28401826484018267,1.0,0.003471781784245655,0.9489795918367347,0.9642857142857143,0.9489795918367347,0.0,0.9764836747396388,
moderate,200,8,comb_prod,52.0,0.0031777035588293387,0.2824287028518859,0.9948979591836735,0.004226138355901164,0.28191000918273645,0.9974489795918368,0.004003207586849158,0.28139321723189736,1.0,0.004003207586849152,0.9489795918367347,0.9642857142857143,0.9489795918367347,0.0,0.9765519530211205,
moderate,200,8,comb_prod,64.0,0.0031777035588293387,0.28401826484018267,1.0,0.003725291106764727,0.28401826484018267,1.0,0.003725291106764727,0.28401826484018267,1.0,0.003725291106764727,0.9489795918367347,0.9642857142857143,0.9489795918367347,0.0,0.9765298780603205,
moderate,200,8,comb_prod,68.0,0.0031777035588293387,0.28401826484018267,1.0,0.0037086877458464918,0.28401826484018267,1.0,0.0037086877458464918,0.28401826484018267,1.0,0.0037086877458464918,0.9489795918367347,0.9642857142857143,0.9489795918367347,0.0,0.9765260112082872,
moderate,200,8,band_inverse,8.0,0.0031777035588293387,0.2845303867403315,0.9910714285714286,0.10671692369467081,0.2841429880843263,0.9961734693877551,0.0670504325867161,0.28401826484018267,1.0,0.06690811623182,0.0,0.0,0.9783163265306123,0.28317757009345795,0.9906414685345744,
moderate,200,8,band_inverse,12.0,0.0031777035588293387,0.2822878228782288,0.9923469387755102,0.130140975023731,0.2845379688929552,0.9974489795918368,0.07665646755237272,0.28401826484018267,1.0,0.07665646755237245,0.0,0.0,0.9783163265306123,0.28116213683223995,0.9868629121580194,
moderate,200,8,band_inverse,16.0,0.0031777035588293387,0.28294930875576035,0.9923469387755102,0.12113472249778141,0.2845379688929552,0.9974489795918368,0.06382435298046274,0.28401826484018267,1.0,0.06382435298046243,0.0,0.0,0.9770408163265306,0.2800751879699248,0.9875325529997036,
moderate,200,8,band_inverse,20.0,0.0031777035588293387,0.2838709677419355,0.9910714285714286,0.06912662009965506,0.2845379688929552,0.9974489795918368,0.0607414177727578,0.28401826484018267,1.0,0.06074141777275745,0.0,0.0,0.9719387755102041,0.27977315689981097,0.9862272335552164,
moderate,200,8,band_inverse,24.0,0.0031777035588293387,0.2838709677419355,0.9910714285714286,0.055306331993205754,0.2845379688929552,0.9974489795918368,0.04533663286572575,0.28401826484018267,1.0,0.04533663286572542,0.0,0.0,0.9668367346938775,0.2808349146110057,0.9850887134760804,
moderate,200,8,band_inverse,28.0,0.0031777035588293387,0.2838709677419355,0.9910714285714286,0.0405862201048216,0.2845379688929552,0.9974489795918368,0.004040993113383163,0.28401826484018267,1.0,0.004040993113382845,0.4744897959183674,0.4744897959183674,0.9642857142857143,0.2813688212927757,0.9828795927289559,
moderate,200,8,band_inverse,32.0,0.0031777035588293387,0.2838709677419355,0.9910714285714286,0.020294344519642356,0.2845379688929552,0.9974489795918368,0.015730872025262112,0.28401826484018267,1.0,0.015730872025261827,0.4744897959183674,0.4744897959183674,0.9642857142857143,0.2813688212927757,0.9818624491086168,
moderate,200,8,band_inverse,36.0,0.0031777035588293387,0.2838709677419355,0.9910714285714286,0.022226203741750317,0.2845379688929552,0.9974489795918368,0.018904405668067167,0.28401826484018267,1.0,0.01890440566806686,0.4744897959183674,0.4744897959183674,0.9642857142857143,0.2813688212927757,0.9819478832266155,
moderate,200,8,band_inverse,40.0,0.0031777035588293387,0.2820276497695853,0.9936224489795918,0.007779801543604134,0.2828282828282828,0.9961734693877551,0.005797384622137402,0.28401826484018267,1.0,0.005797384622137383,0.4744897959183674,0.4744897959183674,0.9642857142857143,0.2813688212927757,0.9811434589637105,
moderate,200,8,band_inverse,44.0,0.0031777035588293387,0.2820276497695853,0.9936224489795918,0.0062948580100136335,0.2841429880843263,0.9961734693877551,0.0053165548060680416,0.28401826484018267,1.0,0.005316554806068026,0.4744897959183674,0.4744897959183674,0.9642857142857143,0.2813688212927757,0.9809985593182157,
moderate,200,8,band_inverse,48.0,0.0031777035588293387,0.2820276497695853,0.9936224489795918,0.003721322823526524,0.2841429880843263,0.9961734693877551,0.003193530598819285,0.28401826484018267,1.0,0.0031935305988192754,0.4744897959183674,0.4744897959183674,0.9642857142857143,0.2813688212927757,0.9808092092647263,
moderate,200,8,band_inverse,52.0,0.0031777035588293387,0.283609576427256,0.9923469387755102,0.00030795369587935547,0.2834862385321101,0.9961734693877551,0.0003079536958793552,0.28401826484018267,1.0,0.0002544248854291978,0.4744897959183674,0.4744897959183674,0.9642857142857143,0.2813688212927757,0.9808666916017131,
moderate,200,8,band_inverse,64.0,0.0031777035588293387,0.2820276497695853,0.9936224489795918,0.0002506579297260962,0.2841429880843263,0.9961734693877551,0.00023231556120265442,0.28401826484018267,1.0,0.00023231556120265382,0.4744897959183674,0.4744897959183674,0.9642857142857143,0.2813688212927757,0.9807717499283825,
moderate,200,8,band_inverse,68.0,0.0031777035588293387,0.28136531365313655,0.9936224489795918,0.0001241857942907244,0.2828282828282828,0.9961734693877551,0.00011395258786893749,0.28401826484018267,1.0,0.00011395258786893721,0.4744897959183674,0.4744897959183674,0.9642857142857143,0.2813688212927757,0.9807772436392921,
moderate,200,8,sharp_comb,80.0,0.0031777035588293387,0.9950316976414914,0.9936224489795918,0.0033404042137294586,0.9950127551020408,0.9974489795918368,0.0026906135420446627,0.9950001275477667,1.0,0.0026906135420446523,0.9528061224489796,0.9744897959183674,0.9489795918367347,0.0,0.9700732567102386,
moderate,200,8,sharp_comb,84.0,0.0031777035588293387,0.2845303867403315,0.9910714285714286,0.0030296600429459914,0.995012818714047,0.9974489795918368,0.00014350124977376881,0.9950001275477667,1.0,0.000143501249773761,0.9489795918367347,0.9489795918367347,0.9489795918367347,0.0,0.9696186196855175,
moderate,200,8,sharp_comb,120.0,0.0031777035588293387,0.9950445480461999,0.9910714285714286,0.0002702151408341188,0.9950191644185943,0.9961734693877551,0.00018243917108870134,0.9950001275477667,1.0,3.682823215236513e-05,0.951530612244898,0.951530612244898,0.9489795918367347,0.0,0.9691891917377233,
moderate,200,8,sharp_comb,124.0,0.0031777035588293387,0.9950445480461999,0.9910714285714286,0.00020826574412739795,0.9950191644185943,0.9961734693877551,0.0001682046819058601,0.9950001275477667,1.0,5.229186790006817e-05,0.951530612244898,0.951530612244898,0.9489795918367347,0.0,0.969156103025621,
moderate,200,8,normalized_half_comb,12.0,0.0031777035588293387,0.2845379688929552,0.9974489795918368,0.1554723497112231,0.2845379688929552,0.9974489795918368,0.1554723497112231,0.28401826484018267,1.0,0.14901658505135462,0.4770408163265306,0.4872448979591837,0.5127551020408163,0.4314002828854314,0.8978972647902633,
moderate,200,8,normalized_half_comb,16.0,0.0031777035588293387,0.2845379688929552,0.9974489795918368,0.17103308443375737,0.2845379688929552,0.9974489795918368,0.17103308443375737,0.28401826484018267,1.0,0.16839726295653618,0.4770408163265306,0.4872448979591837,0.5127551020408163,0.4314002828854314,0.9001930862820355,
moderate,200,8,normalized_half_comb,20.0,0.0031777035588293387,0.995044390019899,0.9910714285714286,0.047369362498223135,0.995019100887123,0.9961734693877551,0.04577745749744892,0.9950001275477667,1.0,0.04388800610353932,0.4770408163265306,0.9591836734693877,0.4770408163265306,0.0,0.8310322664681666,
moderate,200,8,normalized_half_comb,24.0,0.0031777035588293387,0.2850595783684693,0.9948979591836735,0.05383999724680008,0.2845379688929552,0.9974489795918368,0.035167285146086094,0.28401826484018267,1.0,0.022881815910069256,0.4770408163265306,0.4872448979591837,0.4770408163265306,0.0,0.7729084104534756,
moderate,200,8,normalized_half_comb,28.0,0.0031777035588293387,0.2842686292548298,0.9923469387755102,0.047079849723907316,0.2832263978001833,0.9974489795918368,0.046292666954312604,0.28401826484018267,1.0,0.04235324172691092,0.4770408163265306,0.9668367346938775,0.4770408163265306,0.0,0.8405825523107414,
moderate,200,8,normalized_half_comb,32.0,0.0031777035588293387,0.995044390019899,0.9910714285714286,0.0011506850119273047,0.9950127551020408,0.9974489795918368,0.0011506850119270963,0.9950001275477667,1.0,8.008257782338656e-05,0.9566326530612245,0.9693877551020408,0.4770408163265306,0.0,0.9373041178492789,
moderate,200,8,normalized_half_comb,36.0,0.0031777035588293387,0.2842686292548298,0.9923469387755102,0.00917691947555762,0.2845379688929552,0.9974489795918368,0.007075137350000666,0.28401826484018267,1.0,0.007075137350000664,0.9566326530612245,0.9668367346938775,0.4770408163265306,0.0,0.9244831987602598,
moderate,200,8,normalized_half_comb,40.0,0.0031777035588293387,0.28122109158186864,0.9910714285714286,0.0028156303517526955,0.2832263978001833,0.9974489795918368,0.0028156303517518333,0.282708142726441,1.0,0.0026241080709677885,0.9566326530612245,0.9719387755102041,0.4770408163265306,0.0,0.934799064439982,
moderate,200,8,normalized_half_comb,44.0,0.0031777035588293387,0.28122109158186864,0.9910714285714286,0.0006112098660591424,0.2832263978001833,0.9974489795918368,0.0006112098660589567,0.283363802559415,1.0,0.0005815468323720083,0.9566326530612245,0.9719387755102041,0.4770408163265306,0.0,0.9380462653177835,
moderate,200,8,fitted_binned,,0.0031777035588293387,0.28401826484018267,1.0,2.1537590722170246e-05,0.28401826484018267,1.0,2.1537590722170246e-05,0.28401826484018267,1.0,2.1537590722170246e-05,0.9655612244897959,0.9757653061224489,0.9642857142857143,0.0,0.9821193434792715,mu=0.003 nb=202
moderate,200,8,fitted_ridge,20.0,0.0031777035588293387,0.2832263978001833,0.9974489795918368,0.04575202126419521,0.2832263978001833,0.9974489795918368,0.04575202126419521,0.9950000956614351,1.0,0.011220613622529435,0.017857142857142856,0.017857142857142856,0.039540816326530615,0.9069069069069069,0.7884294576672931,mu=0.003
moderate,200,8,fitted_ridge,24.0,0.0031777035588293387,0.9950001275477667,1.0,0.008375829653352991,0.9950001275477667,1.0,0.008375829653352991,0.9950001275477667,1.0,0.008375829653352991,0.4923469387755102,0.9744897959183674,0.49489795918367346,0.01020408163265306,0.9825235445438351,mu=0.003
moderate,200,8,fitted_ridge,28.0,0.0031777035588293387,0.2832263978001833,0.9974489795918368,0.053253380650582736,0.2832263978001833,0.9974489795918368,0.053253380650582736,0.9950000956614351,1.0,0.00643769210679522,0.9642857142857143,0.9732142857142857,0.4897959183673469,0.0,0.989474722449878,mu=0.003
moderate,200,8,fitted_ridge,32.0,0.0031777035588293387,0.9950379804963295,0.9923469387755102,0.015949971165247694,0.995019037354031,0.9961734693877551,0.015949971165247562,0.9950000956614351,1.0,0.012853575376945682,0.49489795918367346,0.9719387755102041,0.49489795918367346,0.01020408163265306,0.9720634402972008,mu=0.003
moderate,200,8,fitted_ridge,40.0,0.0031777035588293387,0.9950443268065565,0.9910714285714286,0.016146875793605697,0.9950127869082468,0.9974489795918368,0.010295185419821131,0.9950000956614351,1.0,0.002602329351984775,0.49489795918367346,0.9693877551020408,0.4897959183673469,0.0,0.9806437833817149,mu=0.003
moderate,200,8,fitted_ridge,44.0,0.0031777035588293387,0.28122109158186864,0.9910714285714286,0.04241504210648492,0.2838827838827839,0.9974489795918368,0.0161276041262745,0.9950001275477667,1.0,0.0011011566307653209,0.49489795918367346,0.9693877551020408,0.4897959183673469,0.0,0.9819099605687418,mu=0.003
moderate,200,8,fitted_xval,,0.0031777035588293387,0.28401826484018267,1.0,1.6296519629130643e-05,0.28401826484018267,1.0,1.6296519629130643e-05,0.28401826484018267,1.0,1.6296519629130643e-05,0.9655612244897959,0.9757653061224489,0.9642857142857143,0.0,0.9821090082706688,rep0 response verbatim
moderate,200,9,classical_invA,,0.0031777035588293387,0.3202785030461271,0.9949044585987261,0.33333333333333326,0.9950004458201179,1.0,0.25,0.9950004458201179,1.0,0.25,0.4878980891719745,0.4942675159235669,0.9847133757961783,0.020278833967046894,1.0000000000000002,
moderate,200,9,1bqf_cos,1.0,0.0031777035588293387,0.3202785030461271,0.9949044585987261,0.3826834323650898,0.9950004458201179,1.0,6.123233995736766e-17,0.9950004458201179,1.0,6.123233995736766e-17,0.4878980891719745,0.4929936305732484,0.9808917197452229,0.01910828025477707,0.9993642925764825,
moderate,200,9,comb_prod,8.0,0.0031777035588293387,0.31993006993006995,0.9910828025477707,0.09130968159162248,0.995013056493217,0.9974522292993631,0.07727598866146784,0.9950003821363972,1.0,0.06935336726562889,0.47388535031847134,0.48152866242038217,0.4929936305732484,0.022727272727272728,0.9947132711868322,
moderate,200,9,comb_prod,12.0,0.0031777035588293387,0.9950257311729339,0.9949044585987261,0.028325214072952826,0.9950193937927125,0.9961783439490446,0.012852994490156257,0.9950004458201179,1.0,0.007746553914293712,0.9554140127388535,0.9694267515923567,0.9477707006369427,0.0,0.9896260397873965,
moderate,200,9,comb_prod,16.0,0.0031777035588293387,0.9950004458201179,1.0,0.005322857209789366,0.9950004458201179,1.0,0.005322857209789366,0.9950004458201179,1.0,0.005322857209789366,0.9477707006369427,0.9592356687898089,0.9477707006369427,0.0,0.9856700384220388,
moderate,200,9,comb_prod,20.0,0.0031777035588293387,0.9950004458201179,1.0,0.011675456944085753,0.9950004458201179,1.0,0.011675456944085753,0.9950004458201179,1.0,0.011675456944085753,0.9477707006369427,0.9554140127388535,0.9477707006369427,0.0,0.9836992060967412,
moderate,200,9,comb_prod,24.0,0.0031777035588293387,0.32111692844677137,0.9910828025477707,0.003690485701974851,0.9950004458201179,1.0,0.0006367804587735781,0.9950004458201179,1.0,0.0006367804587735781,0.9477707006369427,0.9554140127388535,0.9477707006369427,0.0,0.9796531512427104,
moderate,200,9,comb_prod,28.0,0.0031777035588293387,0.9950004458201179,1.0,0.004194626697136292,0.9950004458201179,1.0,0.004194626697136292,0.9950004458201179,1.0,0.004194626697136292,0.9477707006369427,0.9554140127388535,0.9477707006369427,0.0,0.9784178002649024,
moderate,200,9,comb_prod,32.0,0.0031777035588293387,0.9950257311729339,0.9949044585987261,0.010996873605229947,0.9950193937927125,0.9961783439490446,0.006770294153309297,0.9950004458201179,1.0,0.004985316145499382,0.9477707006369427,0.9592356687898089,0.9477707006369427,0.0,0.9783679889838762,
moderate,200,9,comb_prod,36.0,0.0031777035588293387,0.3202785030461271,0.9949044585987261,0.002407734926363253,0.9950004458201179,1.0,0.0022926848330715663,0.9950004458201179,1.0,0.0022926848330715663,0.9477707006369427,0.9554140127388535,0.9477707006369427,0.0,0.9783991003983699,
moderate,200,9,comb_prod,40.0,0.0031777035588293387,0.9950004458201179,1.0,0.002353510215637514,0.9950004458201179,1.0,0.002353510215637514,0.9950004458201179,1.0,0.002353510215637514,0.9477707006369427,0.9592356687898089,0.9477707006369427,0.0,0.9782588343439483,
moderate,200,9,comb_prod,44.0,0.0031777035588293387,0.31993006993006995,0.9910828025477707,0.005303487822993018,0.9950004458201179,1.0,0.002987961442173427,0.9950004458201179,1.0,0.002987961442173427,0.9477707006369427,0.9592356687898089,0.9477707006369427,0.0,0.9782146052689084,
moderate,200,9,comb_prod,48.0,0.0031777035588293387,0.31993006993006995,0.9910828025477707,0.00358177653647709,0.9950004458201179,1.0,0.0007264710913059691,0.9950004458201179,1.0,0.0007264710913059691,0.9477707006369427,0.9592356687898089,0.9477707006369427,0.0,0.9781932088756093,
moderate,200,9,comb_prod,52.0,0.0031777035588293387,0.31965065502183404,0.9923566878980892,0.004226138355901164,0.9950004458201179,1.0,0.0007312259462219292,0.9950004458201179,1.0,0.0007312259462219292,0.9477707006369427,0.9592356687898089,0.9477707006369427,0.0,0.9782498001035765,
moderate,200,9,comb_prod,64.0,0.0031777035588293387,0.3202785030461271,0.9949044585987261,0.003725291106764727,0.9950004458201179,1.0,7.969151330756291e-05,0.9950004458201179,1.0,7.969151330756291e-05,0.9477707006369427,0.9592356687898089,0.9477707006369427,0.0,0.9782272023898155,
moderate,200,9,comb_prod,68.0,0.0031777035588293387,0.3202785030461271,0.9949044585987261,0.0037086877458464918,0.9950004458201179,1.0,2.4850608659303386e-05,0.9950004458201179,1.0,2.4850608659303386e-05,0.9477707006369427,0.9592356687898089,0.9477707006369427,0.0,0.9782231466832203,
moderate,200,9,band_inverse,8.0,0.0031777035588293387,0.31993006993006995,0.9910828025477707,0.10548644606422158,0.9950004458201179,1.0,0.004694310039538588,0.9950004458201179,1.0,0.004694310039538588,0.0,0.0,0.9745222929936306,0.3206039076376554,0.9911931391764991,
moderate,200,9,band_inverse,12.0,0.0031777035588293387,0.3193350831146107,0.9910828025477707,0.130140975023731,0.9950004458201179,1.0,0.0031452787533778476,0.9950004458201179,1.0,0.0031452787533778476,0.0,0.0,0.975796178343949,0.3185053380782918,0.9888448213649438,
moderate,200,9,band_inverse,16.0,0.0031777035588293387,0.31993006993006995,0.9910828025477707,0.12113472249778141,0.9950004458201179,1.0,0.003148726637541538,0.9950004458201179,1.0,0.003148726637541538,0.0,0.0,0.975796178343949,0.31668153434433544,0.9898052575674446,
moderate,200,9,band_inverse,20.0,0.0031777035588293387,0.32083696599825634,0.9923566878980892,0.06912662009965481,0.9950004458201179,1.0,0.0020855489383038855,0.9950004458201179,1.0,0.0020855489383038855,0.0,0.0,0.9694267515923567,0.31626235399820307,0.9884944690281379,
moderate,200,9,band_inverse,24.0,0.0031777035588293387,0.32083696599825634,0.9923566878980892,0.055306331993205574,0.9950004458201179,1.0,0.0020060493002317104,0.9950004458201179,1.0,0.0020060493002317104,0.0,0.0,0.9617834394904459,0.3179765130984643,0.9871209226848182,
moderate,200,9,band_inverse,28.0,0.0031777035588293387,0.31965065502183404,0.9923566878980892,0.04058622010482146,0.9950004458201179,1.0,0.0015548207552239374,0.9950004458201179,1.0,0.0015548207552239374,0.47388535031847134,0.47388535031847134,0.9579617834394905,0.3188405797101449,0.9848705625711461,
moderate,200,9,band_inverse,32.0,0.0031777035588293387,0.31965065502183404,0.9923566878980892,0.020294344519642286,0.9950004458201179,1.0,0.0010993581735384422,0.9950004458201179,1.0,0.0010993581735384422,0.47388535031847134,0.47388535031847134,0.9579617834394905,0.3188405797101449,0.9836813030314806,
moderate,200,9,band_inverse,36.0,0.0031777035588293387,0.32083696599825634,0.9923566878980892,0.022226203741750244,0.9950004458201179,1.0,0.0010101434191821385,0.9950004458201179,1.0,0.0010101434191821385,0.47388535031847134,0.47388535031847134,0.9579617834394905,0.3188405797101449,0.983719329462781,
moderate,200,9,band_inverse,40.0,0.0031777035588293387,0.3193350831146107,0.9910828025477707,0.005797384622137402,0.9950004458201179,1.0,0.0006119560216912706,0.9950004458201179,1.0,0.0006119560216912706,0.47388535031847134,0.47388535031847134,0.9579617834394905,0.3188405797101449,0.9827838743614523,
moderate,200,9,band_inverse,44.0,0.0031777035588293387,0.3193350831146107,0.9910828025477707,0.0053165548060680416,0.9950004458201179,1.0,0.0004803603962970221,0.9950004458201179,1.0,0.0004803603962970221,0.47388535031847134,0.47388535031847134,0.9579617834394905,0.3188405797101449,0.982672957101769,
moderate,200,9,band_inverse,48.0,0.0031777035588293387,0.3193350831146107,0.9910828025477707,0.003193530598819285,0.9950004458201179,1.0,0.00033146360230403016,0.9950004458201179,1.0,0.00033146360230403016,0.47388535031847134,0.47388535031847134,0.9579617834394905,0.3188405797101449,0.9824933998009647,
moderate,200,9,band_inverse,52.0,0.0031777035588293387,0.3193350831146107,0.9910828025477707,0.0003079536958793552,0.9950004458201179,1.0,0.00019002580857356566,0.9950004458201179,1.0,0.00019002580857356566,0.47388535031847134,0.47388535031847134,0.9579617834394905,0.3188405797101449,0.9824468158679156,
moderate,200,9,band_inverse,64.0,0.0031777035588293387,0.3193350831146107,0.9910828025477707,0.00023231556120265442,0.9950004458201179,1.0,4.092776650223284e-05,0.9950004458201179,1.0,4.092776650223284e-05,0.47388535031847134,0.47388535031847134,0.9579617834394905,0.3188405797101449,0.9823699844973871,
moderate,200,9,band_inverse,68.0,0.0031777035588293387,0.3193350831146107,0.9910828025477707,0.00011395258786893749,0.9950004458201179,1.0,2.3861070407776852e-05,0.9950004458201179,1.0,2.3861070407776852e-05,0.47388535031847134,0.47388535031847134,0.9579617834394905,0.3188405797101449,0.9823771209033798,
moderate,200,9,sharp_comb,80.0,0.0031777035588293387,0.9950382797671368,0.9923566878980892,0.0033404042137294586,0.9950193620707225,0.9961783439490446,0.0026906135420446627,0.9950004458201179,1.0,0.0026906135420446523,0.9528662420382166,0.9732484076433121,0.9477707006369427,0.0,0.9698135982373103,
moderate,200,9,sharp_comb,84.0,0.0031777035588293387,0.31993006993006995,0.9910828025477707,0.0027579656175071234,0.9950131200163045,0.9974522292993631,0.0008403423818214018,0.9950004458201179,1.0,0.000143501249773761,0.9477707006369427,0.9477707006369427,0.9477707006369427,0.0,0.9694136536959197,
moderate,200,9,sharp_comb,120.0,0.0031777035588293387,0.9950448069194368,0.9910828025477707,0.0002702151408341177,0.9950067828778508,0.9987261146496815,0.00012973036307217616,0.9950004458201179,1.0,3.682823215236513e-05,0.9515923566878981,0.9515923566878981,0.9477707006369427,0.0,0.9689134676453327,
moderate,200,9,sharp_comb,124.0,0.0031777035588293387,0.9950448069194368,0.9910828025477707,0.00020826574412739622,0.9950194572354804,0.9961783439490446,0.0001302727424149686,0.9950004458201179,1.0,5.229186790006817e-05,0.9515923566878981,0.9515923566878981,0.9477707006369427,0.0,0.9688773517525207,
moderate,200,9,normalized_half_comb,12.0,0.0031777035588293387,0.32111692844677137,0.9910828025477707,0.1554723497112231,0.9950004458201179,1.0,0.08020362296315355,0.9950004458201179,1.0,0.08020362296315355,0.47770700636942676,0.48662420382165605,0.5082802547770701,0.47706422018348627,0.8976933723292635,
moderate,200,9,normalized_half_comb,16.0,0.0031777035588293387,0.32111692844677137,0.9910828025477707,0.17103308443375737,0.9950004458201179,1.0,0.0396357325604747,0.9950004458201179,1.0,0.0396357325604747,0.47770700636942676,0.48662420382165605,0.5082802547770701,0.47706422018348627,0.9000114668880091,
moderate,200,9,normalized_half_comb,20.0,0.0031777035588293387,0.9950320369922169,0.9936305732484076,0.047369362498223135,0.9950193937927125,0.9961783439490446,0.04660862248685481,0.9950004458201179,1.0,0.04388800610353932,0.47770700636942676,0.9630573248407643,0.47770700636942676,0.0,0.8322923949030673,
moderate,200,9,normalized_half_comb,24.0,0.0031777035588293387,0.32111692844677137,0.9910828025477707,0.035167285146086094,0.9950004458201179,1.0,0.0104251242611018,0.9950004458201179,1.0,0.0104251242611018,0.47770700636942676,0.48662420382165605,0.47770700636942676,0.0,0.7733449764320193,
moderate,200,9,normalized_half_comb,28.0,0.0031777035588293387,0.31993006993006995,0.9910828025477707,0.04629266695431264,0.9950004458201179,1.0,0.009966377476869015,0.9950004458201179,1.0,0.009966377476869015,0.47770700636942676,0.9681528662420382,0.47770700636942676,0.0,0.8417431347357558,
moderate,200,9,normalized_half_comb,32.0,0.0031777035588293387,0.9950320369922169,0.9936305732484076,0.0011506850119271015,0.995013056493217,0.9974522292993631,0.0011506850119270963,0.9950004458201179,1.0,8.008257782338656e-05,0.9592356687898089,0.9681528662420382,0.47770700636942676,0.0,0.9392504847593184,
moderate,200,9,normalized_half_comb,36.0,0.0031777035588293387,0.31993006993006995,0.9910828025477707,0.008424255707457204,0.9950004458201179,1.0,0.0002532070331426606,0.9950004458201179,1.0,0.0002532070331426606,0.9592356687898089,0.9681528662420382,0.47770700636942676,0.0,0.9265689926394163,
moderate,200,9,normalized_half_comb,40.0,0.0031777035588293387,0.31965065502183404,0.9923566878980892,0.0028156303517518333,0.9950004458201179,1.0,0.0009467978606871597,0.9950004458201179,1.0,0.0009467978606871597,0.9592356687898089,0.9707006369426752,0.47770700636942676,0.0,0.9367523794868319,
moderate,200,9,normalized_half_comb,44.0,0.0031777035588293387,0.31965065502183404,0.9923566878980892,0.0006112098660589567,0.9950004458201179,1.0,0.00016115427388085912,0.9950004458201179,1.0,0.00016115427388085912,0.9592356687898089,0.9707006369426752,0.47770700636942676,0.0,0.9399579554741411,
moderate,200,9,fitted_binned,,0.0031777035588293387,0.3202785030461271,0.9949044585987261,0.0014823737719421063,0.9950004458201179,1.0,0.0003119259028894542,0.9950004458201179,1.0,0.0003119259028894542,0.9656050955414013,0.975796178343949,0.9643312101910828,0.0,0.9897230278040628,mu=0.3 nb=202
moderate,200,9,fitted_ridge,20.0,0.0031777035588293387,0.3193350831146107,0.9910828025477707,0.052430555758604336,0.9950004458201179,1.0,0.03894680789936351,0.9950004458201179,1.0,0.03894680789936351,0.015286624203821656,0.015286624203821656,0.03949044585987261,0.9211195928753181,0.8786384940301004,mu=0.3
moderate,200,9,fitted_ridge,24.0,0.0031777035588293387,0.9950004458201179,1.0,0.005707430121101946,0.9950004458201179,1.0,0.005707430121101946,0.9950004458201179,1.0,0.005707430121101946,0.4929936305732484,0.9732484076433121,0.49554140127388535,0.007653061224489796,0.9806324723993562,mu=0.3
moderate,200,9,fitted_ridge,28.0,0.0031777035588293387,0.3202785030461271,0.9949044585987261,0.0347710962183255,0.9950004458201179,1.0,0.02154205498372425,0.9950004458201179,1.0,0.02154205498372425,0.4942675159235669,0.9732484076433121,0.4942675159235669,0.005128205128205128,0.9886205493836837,mu=0.3
moderate,200,9,fitted_ridge,32.0,0.0031777035588293387,0.9950382797671368,0.9923566878980892,0.011241299357966111,0.9950193620707225,0.9961783439490446,0.004463179877221928,0.9950004458201179,1.0,0.004463179877221882,0.02038216560509554,0.9732484076433121,0.49936305732484076,0.01507537688442211,0.9690691995946003,mu=0.3
moderate,200,9,fitted_ridge,40.0,0.0031777035588293387,0.3193350831146107,0.9910828025477707,0.03434245832678004,0.9950004458201179,1.0,0.01645822939704371,0.9950004458201179,1.0,0.01645822939704371,0.4942675159235669,0.9732484076433121,0.4942675159235669,0.005128205128205128,0.9851664392865389,mu=0.3
moderate,200,9,fitted_ridge,44.0,0.0031777035588293387,0.31814198071866784,0.9910828025477707,0.029665309835802022,0.9950193620707225,0.9961783439490446,0.021256654990763357,0.9950004458201179,1.0,0.002739347963444227,0.49044585987261147,0.9732484076433121,0.4942675159235669,0.005128205128205128,0.9846194820172339,mu=0.3
moderate,200,9,fitted_xval,,0.0031777035588293387,0.3202785030461271,0.9949044585987261,1.6296519629130643e-05,0.9950004458201179,1.0,4.664361933635737e-06,0.9950004458201179,1.0,4.664361933635737e-06,0.9656050955414013,0.9732484076433121,0.9643312101910828,0.0,0.9817212995401452,rep0 response verbatim
