setout,regime,T,rep,family,degree,gamma,occ_alpha,eps_scale,kernel,fork_beta,eps,lam_min,lam_max,far_e990,eff_e990,far_e995,eff_e995,far_e999,eff_e999,eff_f001,eff_f010,cos_C,notes
base,moderate,200,0,classical_invA,,3.0,0.0,3.0,step,0.0,0.0031777035588293387,1.9999999999999987,6.000000000000001,0.3070796460176991,0.9974522292993631,0.3070796460176991,0.9974522292993631,0.9950003821363972,1.0,0.4878980891719745,0.49171974522292994,0.9999999999999998,fixed-tau 0.350: eff 0.9847 far 0.0264
base,moderate,200,0,fitted_moment,32.0,3.0,0.0,3.0,step,0.0,0.0031777035588293387,1.9999999999999987,6.000000000000001,0.3070796460176991,0.9974522292993631,0.3070796460176991,0.9974522292993631,0.9950003821363972,1.0,0.9592356687898089,0.9681528662420382,0.1158255625008342,mu=0.3
base,moderate,200,0,fitted_moment,40.0,3.0,0.0,3.0,step,0.0,0.0031777035588293387,1.9999999999999987,6.000000000000001,0.3070796460176991,0.9974522292993631,0.3070796460176991,0.9974522292993631,0.9949996178051825,1.0,0.9592356687898089,0.9681528662420382,0.11582556200934965,mu=0.3
base,moderate,200,0,fitted_moment,44.0,3.0,0.0,3.0,step,0.0,0.0031777035588293387,1.9999999999999987,6.000000000000001,0.3070796460176991,0.9974522292993631,0.3070796460176991,0.9974522292993631,0.9950003821363972,1.0,0.9592356687898089,0.9681528662420382,0.11582556199931765,mu=0.3
base,moderate,200,0,fitted_moment,80.0,3.0,0.0,3.0,step,0.0,0.0031777035588293387,1.9999999999999987,6.000000000000001,0.3070796460176991,0.9974522292993631,0.3070796460176991,0.9974522292993631,0.9950003821363972,1.0,0.9592356687898089,0.9681528662420382,0.11582556120522053,mu=0.3
base,moderate,200,0,fitted_moment,160.0,3.0,0.0,3.0,step,0.0,0.0031777035588293387,1.9999999999999987,6.000000000000001,0.3070796460176991,0.9974522292993631,0.3070796460176991,0.9974522292993631,0.9949996178051825,1.0,0.9592356687898089,0.9681528662420382,0.11582556068594577,mu=0.3
base,moderate,200,0,comb_prod,40.0,3.0,0.0,3.0,step,0.0,0.0031777035588293387,1.9999999999999987,6.000000000000001,0.9950003821363972,1.0,0.9950003821363972,1.0,0.9950003821363972,1.0,0.9363057324840764,0.9414012738853503,0.29706916926915217,
base,moderate,200,0,comb_prod,44.0,3.0,0.0,3.0,step,0.0,0.0031777035588293387,1.9999999999999987,6.000000000000001,0.30604982206405695,0.9936305732484076,0.3070796460176991,0.9974522292993631,0.9950003821363972,1.0,0.9363057324840764,0.9414012738853503,0.21778249608809502,
base,moderate,200,0,normalized_half_comb,40.0,3.0,0.0,3.0,step,0.0,0.0031777035588293387,1.9999999999999987,6.000000000000001,0.3063943161634103,0.9949044585987261,0.3073516386182462,0.9961783439490446,0.9950003821363972,1.0,0.9477707006369427,0.9643312101910828,0.1903253388459796,
base,moderate,200,0,normalized_half_comb,44.0,3.0,0.0,3.0,step,0.0,0.0031777035588293387,1.9999999999999987,6.000000000000001,0.3053571428571429,0.9910828025477707,0.3073516386182462,0.9961783439490446,0.9950003821363972,1.0,0.9477707006369427,0.9643312101910828,0.12313383541949617,
base,moderate,200,1,classical_invA,,3.0,0.0,3.0,step,0.0,0.0031777035588293387,1.7738053819471324,6.22619461805285,0.9950010293890575,1.0,0.9950010293890575,1.0,0.9950010293890575,1.0,0.001287001287001287,0.4877734877734878,1.0,fixed-tau 0.350: eff 0.9743 far 0.0130
base,moderate,200,1,fitted_moment,32.0,3.0,0.0,3.0,step,0.0,0.0031777035588293387,1.7738053819471324,6.22619461805285,0.9950010293890575,1.0,0.9950010293890575,1.0,0.9950010293890575,1.0,0.9652509652509652,0.972972972972973,0.1176333199615611,mu=1.39
base,moderate,200,1,fitted_moment,40.0,3.0,0.0,3.0,step,0.0,0.0031777035588293387,1.7738053819471324,6.22619461805285,0.9949994851464758,1.0,0.9949994851464758,1.0,0.9949994851464758,1.0,0.9652509652509652,0.972972972972973,0.11763330986589687,mu=1.39
base,moderate,200,1,fitted_moment,44.0,3.0,0.0,3.0,step,0.0,0.0031777035588293387,1.7738053819471324,6.22619461805285,0.9949994851464758,1.0,0.9949994851464758,1.0,0.9949994851464758,1.0,0.9652509652509652,0.972972972972973,0.11763330850466733,mu=1.39
base,moderate,200,1,fitted_moment,80.0,3.0,0.0,3.0,step,0.0,0.0031777035588293387,1.7738053819471324,6.22619461805285,0.9949994851464758,1.0,0.9949994851464758,1.0,0.9949994851464758,1.0,0.9652509652509652,0.972972972972973,0.11763330761446929,mu=1.39
base,moderate,200,1,fitted_moment,160.0,3.0,0.0,3.0,step,0.0,0.0031777035588293387,1.7738053819471324,6.22619461805285,0.9949994851464758,1.0,0.9949994851464758,1.0,0.9949994851464758,1.0,0.9652509652509652,0.972972972972973,0.11763330725367582,mu=1.39
base,moderate,200,1,comb_prod,40.0,3.0,0.0,3.0,step,0.0,0.0031777035588293387,1.7738053819471324,6.22619461805285,0.9950074309500678,0.9987129987129987,0.9950074309500678,0.9987129987129987,0.9950010293890575,1.0,0.9446589446589446,0.9665379665379665,0.2162702001450191,
base,moderate,200,1,comb_prod,44.0,3.0,0.0,3.0,step,0.0,0.0031777035588293387,1.7738053819471324,6.22619461805285,0.9950010293890575,1.0,0.9950010293890575,1.0,0.9950010293890575,1.0,0.9510939510939511,0.9665379665379665,0.30773911628834716,
base,moderate,200,1,normalized_half_comb,40.0,3.0,0.0,3.0,step,0.0,0.0031777035588293387,1.7738053819471324,6.22619461805285,0.9950010293890575,1.0,0.9950010293890575,1.0,0.9950010293890575,1.0,0.9446589446589446,0.9562419562419563,0.19089839291074312,
base,moderate,200,1,normalized_half_comb,44.0,3.0,0.0,3.0,step,0.0,0.0031777035588293387,1.7738053819471324,6.22619461805285,0.9950010293890575,1.0,0.9950010293890575,1.0,0.9950010293890575,1.0,0.9446589446589446,0.954954954954955,0.12392409275073993,
base,moderate,200,2,classical_invA,,3.0,0.0,3.0,step,0.0,0.0031777035588293387,2.000000000000002,5.999999999999999,0.018703241895261846,0.9924337957124842,0.3019366197183099,1.0,0.3019366197183099,1.0,0.49558638083228246,0.49558638083228246,1.0,fixed-tau 0.350: eff 0.9924 far 0.0284
base,moderate,200,2,fitted_moment,32.0,3.0,0.0,3.0,step,0.0,0.0031777035588293387,2.000000000000002,5.999999999999999,0.028395061728395062,0.9924337957124842,0.3019366197183099,1.0,0.3019366197183099,1.0,0.9747793190416141,0.9823455233291298,0.11525773152252716,mu=0.003
base,moderate,200,2,fitted_moment,40.0,3.0,0.0,3.0,step,0.0,0.0031777035588293387,2.000000000000002,5.999999999999999,0.028395061728395062,0.9924337957124842,0.3019366197183099,1.0,0.3019366197183099,1.0,0.9747793190416141,0.9823455233291298,0.11525773069388898,mu=0.003
base,moderate,200,2,fitted_moment,44.0,3.0,0.0,3.0,step,0.0,0.0031777035588293387,2.000000000000002,5.999999999999999,0.028395061728395062,0.9924337957124842,0.3019366197183099,1.0,0.3019366197183099,1.0,0.9747793190416141,0.9823455233291298,0.11525773046263718,mu=0.003
base,moderate,200,2,fitted_moment,80.0,3.0,0.0,3.0,step,0.0,0.0031777035588293387,2.000000000000002,5.999999999999999,0.028395061728395062,0.9924337957124842,0.3019366197183099,1.0,0.3019366197183099,1.0,0.9747793190416141,0.9823455233291298,0.11525772918227173,mu=0.003
base,moderate,200,2,fitted_moment,160.0,3.0,0.0,3.0,step,0.0,0.0031777035588293387,2.000000000000002,5.999999999999999,0.018703241895261846,0.9924337957124842,0.3019366197183099,1.0,0.3019366197183099,1.0,0.9747793190416141,0.9823455233291298,0.11525772844438802,mu=0.003
base,moderate,200,2,comb_prod,40.0,3.0,0.0,3.0,step,0.0,0.0031777035588293387,2.000000000000002,5.999999999999999,0.9950276731784983,0.9924337957124842,0.9950000630509073,1.0,0.9950000630509073,1.0,0.9495586380832283,0.9583858764186634,0.29647911112875003,
base,moderate,200,2,comb_prod,44.0,3.0,0.0,3.0,step,0.0,0.0031777035588293387,2.000000000000002,5.999999999999999,0.2998220640569395,0.9924337957124842,0.3008849557522124,0.9962168978562421,0.3019366197183099,1.0,0.9495586380832283,0.9583858764186634,0.21780320938466605,
base,moderate,200,2,normalized_half_comb,40.0,3.0,0.0,3.0,step,0.0,0.0031777035588293387,2.000000000000002,5.999999999999999,0.2952720785013381,0.9962168978562421,0.2952720785013381,0.9962168978562421,0.3019366197183099,1.0,0.9672131147540983,0.9810844892812106,0.19072573064243808,
base,moderate,200,2,normalized_half_comb,44.0,3.0,0.0,3.0,step,0.0,0.0031777035588293387,2.000000000000002,5.999999999999999,0.2952720785013381,0.9962168978562421,0.2952720785013381,0.9962168978562421,0.3019366197183099,1.0,0.9672131147540983,0.9810844892812106,0.12421368481845338,
base,moderate,200,3,classical_invA,,3.0,0.0,3.0,step,0.0,0.0031777035588293387,2.152240934977427,5.847759065022573,0.3304647160068847,0.9923469387755102,0.9950005101520253,1.0,0.9950005101520253,1.0,0.4872448979591837,0.9770408163265306,1.0,fixed-tau 0.350: eff 0.9821 far 0.0128
base,moderate,200,3,fitted_moment,32.0,3.0,0.0,3.0,step,0.0,0.0031777035588293387,2.152240934977427,5.847759065022573,0.3304647160068847,0.9923469387755102,0.9950005101520253,1.0,0.9950005101520253,1.0,0.9719387755102041,0.9821428571428571,0.11590383393339411,mu=0.646
base,moderate,200,3,fitted_moment,40.0,3.0,0.0,3.0,step,0.0,0.0031777035588293387,2.152240934977427,5.847759065022573,0.3304647160068847,0.9923469387755102,0.9950005101520253,1.0,0.9950005101520253,1.0,0.9719387755102041,0.9821428571428571,0.1143650118344861,mu=0.003
base,moderate,200,3,fitted_moment,44.0,3.0,0.0,3.0,step,0.0,0.0031777035588293387,2.152240934977427,5.847759065022573,0.3304647160068847,0.9923469387755102,0.9950005101520253,1.0,0.9950005101520253,1.0,0.9693877551020408,0.9770408163265306,0.11436501154988557,mu=0.003
base,moderate,200,3,fitted_moment,80.0,3.0,0.0,3.0,step,0.0,0.0031777035588293387,2.152240934977427,5.847759065022573,0.3304647160068847,0.9923469387755102,0.9950005101520253,1.0,0.9950005101520253,1.0,0.9719387755102041,0.9821428571428571,0.11436501048096724,mu=0.003
base,moderate,200,3,fitted_moment,160.0,3.0,0.0,3.0,step,0.0,0.0031777035588293387,2.152240934977427,5.847759065022573,0.3304647160068847,0.9923469387755102,0.9950005101520253,1.0,0.9950005101520253,1.0,0.9693877551020408,0.9821428571428571,0.11696049576034509,mu=1.39
base,moderate,200,3,comb_prod,40.0,3.0,0.0,3.0,step,0.0,0.0031777035588293387,2.152240934977427,5.847759065022573,0.3304647160068847,0.9923469387755102,0.9950005101520253,1.0,0.9950005101520253,1.0,0.9566326530612245,0.9719387755102041,0.23753397982014868,
base,moderate,200,3,comb_prod,44.0,3.0,0.0,3.0,step,0.0,0.0031777035588293387,2.152240934977427,5.847759065022573,0.3304647160068847,0.9923469387755102,0.9950005101520253,1.0,0.9950005101520253,1.0,0.9566326530612245,0.9719387755102041,0.14892082727346598,
base,moderate,200,3,normalized_half_comb,40.0,3.0,0.0,3.0,step,0.0,0.0031777035588293387,2.152240934977427,5.847759065022573,0.3304647160068847,0.9923469387755102,0.9950005101520253,1.0,0.9950005101520253,1.0,0.9693877551020408,0.9744897959183674,0.19040547912671965,
base,moderate,200,3,normalized_half_comb,44.0,3.0,0.0,3.0,step,0.0,0.0031777035588293387,2.152240934977427,5.847759065022573,0.3304647160068847,0.9923469387755102,0.9950005101520253,1.0,0.9950005101520253,1.0,0.9693877551020408,0.9744897959183674,0.12391894515963792,
base,moderate,200,4,classical_invA,,3.0,0.0,3.0,step,0.0,0.0031777035588293387,1.20139112154141,6.79860887845859,0.3378607809847199,0.9948979591836735,0.9950005101520253,1.0,0.9950005101520253,1.0,0.00510204081632653,0.00510204081632653,0.9999999999999998,fixed-tau 0.350: eff 0.9872 far 0.0397
base,moderate,200,4,fitted_moment,32.0,3.0,0.0,3.0,step,0.0,0.0031777035588293387,1.20139112154141,6.79860887845859,0.3378607809847199,0.9948979591836735,0.9950005101520253,1.0,0.9950005101520253,1.0,0.9566326530612245,0.9655612244897959,0.1156638710836622,mu=0.003
base,moderate,200,4,fitted_moment,40.0,3.0,0.0,3.0,step,0.0,0.0031777035588293387,1.20139112154141,6.79860887845859,0.336734693877551,0.9948979591836735,0.9950005101520253,1.0,0.9950005101520253,1.0,0.9566326530612245,0.9655612244897959,0.11566386915824832,mu=0.003
base,moderate,200,4,fitted_moment,44.0,3.0,0.0,3.0,step,0.0,0.0031777035588293387,1.20139112154141,6.79860887845859,0.336734693877551,0.9948979591836735,0.9950005101520253,1.0,0.9950005101520253,1.0,0.9566326530612245,0.9655612244897959,0.11566386116455712,mu=0.003
base,moderate,200,4,fitted_moment,80.0,3.0,0.0,3.0,step,0.0,0.0031777035588293387,1.20139112154141,6.79860887845859,0.336734693877551,0.9948979591836735,0.9950005101520253,1.0,0.9950005101520253,1.0,0.9566326530612245,0.9655612244897959,0.11566386316871605,mu=0.003
base,moderate,200,4,fitted_moment,160.0,3.0,0.0,3.0,step,0.0,0.0031777035588293387,1.20139112154141,6.79860887845859,0.336734693877551,0.9948979591836735,0.9950005101520253,1.0,0.9950005101520253,1.0,0.9566326530612245,0.9655612244897959,0.11566385916968812,mu=0.003
base,moderate,200,4,comb_prod,40.0,3.0,0.0,3.0,step,0.0,0.0031777035588293387,1.20139112154141,6.79860887845859,0.9950132003520094,0.9974489795918368,0.9950132003520094,0.9974489795918368,0.9950005101520253,1.0,0.9183673469387755,0.9247448979591837,0.772977151632138,
base,moderate,200,4,comb_prod,44.0,3.0,0.0,3.0,step,0.0,0.0031777035588293387,1.20139112154141,6.79860887845859,0.9950258274344749,0.9948979591836735,0.9950194820516418,0.9961734693877551,0.9950005101520253,1.0,0.9183673469387755,0.9349489795918368,0.4474537390769173,
base,moderate,200,4,normalized_half_comb,40.0,3.0,0.0,3.0,step,0.0,0.0031777035588293387,1.20139112154141,6.79860887845859,0.3378607809847199,0.9948979591836735,0.9950005101520253,1.0,0.9950005101520253,1.0,0.0,0.9566326530612245,0.1924800222576753,
base,moderate,200,4,normalized_half_comb,44.0,3.0,0.0,3.0,step,0.0,0.0031777035588293387,1.20139112154141,6.79860887845859,0.3378607809847199,0.9948979591836735,0.9950005101520253,1.0,0.9950005101520253,1.0,0.0,0.9566326530612245,0.12549723608609176,
base,moderate,200,5,classical_invA,,3.0,0.0,3.0,step,0.0,0.0031777035588293387,2.152240934977426,5.847759065022575,0.018703241895261846,0.9949431099873578,0.2917414721723519,0.9974715549936789,0.9950000632103261,1.0,0.4892541087231353,0.4943109987357775,1.0,fixed-tau 0.350: eff 0.9949 far 0.0187
base,moderate,200,5,fitted_moment,32.0,3.0,0.0,3.0,step,0.0,0.0031777035588293387,2.152240934977426,5.847759065022575,0.018703241895261846,0.9949431099873578,0.2917414721723519,0.9974715549936789,0.9950000632103261,1.0,0.9633375474083439,0.9810366624525917,0.114662312582692,mu=0.003
base,moderate,200,5,fitted_moment,40.0,3.0,0.0,3.0,step,0.0,0.0031777035588293387,2.152240934977426,5.847759065022575,0.018703241895261846,0.9949431099873578,0.2917414721723519,0.9974715549936789,0.9950000632103261,1.0,0.9633375474083439,0.9810366624525917,0.11466231138600733,mu=0.003
base,moderate,200,5,fitted_moment,44.0,3.0,0.0,3.0,step,0.0,0.0031777035588293387,2.152240934977426,5.847759065022575,0.018703241895261846,0.9949431099873578,0.2917414721723519,0.9974715549936789,0.994998387596507,1.0,0.9633375474083439,0.9810366624525917,0.11466231099948308,mu=0.003
base,moderate,200,5,fitted_moment,80.0,3.0,0.0,3.0,step,0.0,0.0031777035588293387,2.152240934977426,5.847759065022575,0.018703241895261846,0.9949431099873578,0.2917414721723519,0.9974715549936789,0.9950000632103261,1.0,0.9633375474083439,0.9810366624525917,0.11466230963499986,mu=0.003
base,moderate,200,5,fitted_moment,160.0,3.0,0.0,3.0,step,0.0,0.0031777035588293387,2.152240934977426,5.847759065022575,0.018703241895261846,0.9949431099873578,0.2917414721723519,0.9974715549936789,0.9950000632103261,1.0,0.9633375474083439,0.9810366624525917,0.11466230871513684,mu=0.003
base,moderate,200,5,comb_prod,40.0,3.0,0.0,3.0,step,0.0,0.0031777035588293387,2.152240934977426,5.847759065022575,0.018703241895261846,0.9949431099873578,0.2917414721723519,0.9974715549936789,0.9950000632103261,1.0,0.9216182048040455,0.9671302149178256,0.2387983951897901,
base,moderate,200,5,comb_prod,44.0,3.0,0.0,3.0,step,0.0,0.0031777035588293387,2.152240934977426,5.847759065022575,0.018703241895261846,0.9949431099873578,0.2917414721723519,0.9974715549936789,0.9950000632103261,1.0,0.9216182048040455,0.9671302149178256,0.14878971378111788,
base,moderate,200,5,normalized_half_comb,40.0,3.0,0.0,3.0,step,0.0,0.0031777035588293387,2.152240934977426,5.847759065022575,0.2917414721723519,0.9974715549936789,0.2917414721723519,0.9974715549936789,0.9950000632103261,1.0,0.9620733249051833,0.9620733249051833,0.19138155032217774,
base,moderate,200,5,normalized_half_comb,44.0,3.0,0.0,3.0,step,0.0,0.0031777035588293387,2.152240934977426,5.847759065022575,0.2921550946798918,0.9924146649810367,0.2917414721723519,0.9974715549936789,0.9950000632103261,1.0,0.9620733249051833,0.9620733249051833,0.1245210569907694,
base,moderate,200,6,classical_invA,,3.0,0.0,3.0,step,0.0,0.0031777035588293387,2.0000000000000013,5.9999999999999964,0.347024308466052,0.9961636828644501,0.347024308466052,0.9961636828644501,0.9950008310638896,1.0,0.4846547314578005,0.4846547314578005,0.9999999999999998,fixed-tau 0.350: eff 0.9859 far 0.0228
base,moderate,200,6,fitted_moment,32.0,3.0,0.0,3.0,step,0.0,0.0031777035588293387,2.0000000000000013,5.9999999999999964,0.347024308466052,0.9961636828644501,0.347024308466052,0.9961636828644501,0.9950008310638896,1.0,0.9603580562659847,0.9705882352941176,0.11733899611036494,mu=1.39
base,moderate,200,6,fitted_moment,40.0,3.0,0.0,3.0,step,0.0,0.0031777035588293387,2.0000000000000013,5.9999999999999964,0.347024308466052,0.9961636828644501,0.347024308466052,0.9961636828644501,0.9949991686597516,1.0,0.9603580562659847,0.9808184143222506,0.1146927673360727,mu=0.139
base,moderate,200,6,fitted_moment,44.0,3.0,0.0,3.0,step,0.0,0.0031777035588293387,2.0000000000000013,5.9999999999999964,0.347024308466052,0.9961636828644501,0.347024308466052,0.9961636828644501,0.9949991686597516,1.0,0.9603580562659847,0.9808184143222506,0.11469276731290477,mu=0.139
base,moderate,200,6,fitted_moment,80.0,3.0,0.0,3.0,step,0.0,0.0031777035588293387,2.0000000000000013,5.9999999999999964,0.347024308466052,0.9961636828644501,0.347024308466052,0.9961636828644501,0.9950008310638896,1.0,0.9603580562659847,0.9705882352941176,0.11733899584751584,mu=1.39
base,moderate,200,6,fitted_moment,160.0,3.0,0.0,3.0,step,0.0,0.0031777035588293387,2.0000000000000013,5.9999999999999964,0.347024308466052,0.9961636828644501,0.347024308466052,0.9961636828644501,0.9949991686597516,1.0,0.9603580562659847,0.9808184143222506,0.11469276511527639,mu=0.139
base,moderate,200,6,comb_prod,40.0,3.0,0.0,3.0,step,0.0,0.0031777035588293387,2.0000000000000013,5.9999999999999964,0.9950008310638896,1.0,0.9950008310638896,1.0,0.9950008310638896,1.0,0.9462915601023018,0.9552429667519181,0.2964883880027319,
base,moderate,200,6,comb_prod,44.0,3.0,0.0,3.0,step,0.0,0.0031777035588293387,2.0000000000000013,5.9999999999999964,0.34709351305812974,0.9910485933503836,0.347024308466052,0.9961636828644501,0.9950008310638896,1.0,0.9462915601023018,0.9552429667519181,0.21783679935551514,
base,moderate,200,6,normalized_half_comb,40.0,3.0,0.0,3.0,step,0.0,0.0031777035588293387,2.0000000000000013,5.9999999999999964,0.34650967199327165,0.9936061381074168,0.347024308466052,0.9961636828644501,0.9950008310638896,1.0,0.9539641943734015,0.9641943734015346,0.1899861256343484,
base,moderate,200,6,normalized_half_comb,44.0,3.0,0.0,3.0,step,0.0,0.0031777035588293387,2.0000000000000013,5.9999999999999964,0.34650967199327165,0.9936061381074168,0.347024308466052,0.9961636828644501,0.9950008310638896,1.0,0.9539641943734015,0.9641943734015346,0.12297578858018363,
base,moderate,200,7,classical_invA,,3.0,0.0,3.0,step,0.0,0.0031777035588293387,1.0381224980300257,6.961877501969975,0.02111801242236025,0.9924433249370277,0.34273858921161826,0.9974811083123426,0.9950000314859478,1.0,0.0,0.0,1.0000000000000002,fixed-tau 0.350: eff 0.9950 far 0.0235
base,moderate,200,7,fitted_moment,32.0,3.0,0.0,3.0,step,0.0,0.0031777035588293387,1.0381224980300257,6.961877501969975,0.022277227722772276,0.9949622166246851,0.34219269102990035,0.9974811083123426,0.9950000314859478,1.0,0.4987405541561713,0.9836272040302267,0.11981431664520806,mu=0.646
base,moderate,200,7,fitted_moment,40.0,3.0,0.0,3.0,step,0.0,0.0031777035588293387,1.0381224980300257,6.961877501969975,0.022277227722772276,0.9949622166246851,0.34273858921161826,0.9974811083123426,0.994999086734983,1.0,0.4987405541561713,0.9861460957178841,0.11981288473500615,mu=0.646
base,moderate,200,7,fitted_moment,44.0,3.0,0.0,3.0,step,0.0,0.0031777035588293387,1.0381224980300257,6.961877501969975,0.022277227722772276,0.9949622166246851,0.34273858921161826,0.9974811083123426,0.9950000314859478,1.0,0.4987405541561713,0.9861460957178841,0.1198129994129712,mu=0.646
base,moderate,200,7,fitted_moment,80.0,3.0,0.0,3.0,step,0.0,0.0031777035588293387,1.0381224980300257,6.961877501969975,0.022277227722772276,0.9949622166246851,0.34273858921161826,0.9974811083123426,0.994999086734983,1.0,0.4987405541561713,0.9836272040302267,0.11981298543044834,mu=0.646
base,moderate,200,7,fitted_moment,160.0,3.0,0.0,3.0,step,0.0,0.0031777035588293387,1.0381224980300257,6.961877501969975,0.022277227722772276,0.9949622166246851,0.34273858921161826,0.9974811083123426,0.994999086734983,1.0,0.4987405541561713,0.9836272040302267,0.11981298483449161,mu=0.646
base,moderate,200,7,comb_prod,40.0,3.0,0.0,3.0,step,0.0,0.0031777035588293387,1.0381224980300257,6.961877501969975,0.9950314401878836,0.9911838790931989,0.9950125316439754,0.9974811083123426,0.995,1.0,0.4760705289672544,0.9735516372795969,0.7985666789633297,
base,moderate,200,7,comb_prod,44.0,3.0,0.0,3.0,step,0.0,0.0031777035588293387,1.0381224980300257,6.961877501969975,0.9950314088197229,0.9911838790931989,0.9950064077069247,0.9962216624685138,0.9950000314859478,1.0,0.4760705289672544,0.9672544080604534,0.6712003699339382,
base,moderate,200,7,normalized_half_comb,40.0,3.0,0.0,3.0,step,0.0,0.0031777035588293387,1.0381224980300257,6.961877501969975,0.019925280199252802,0.9911838790931989,0.34273858921161826,0.9974811083123426,0.9950000314859478,1.0,0.0,0.9659949622166247,0.19330852982443175,
base,moderate,200,7,normalized_half_comb,44.0,3.0,0.0,3.0,step,0.0,0.0031777035588293387,1.0381224980300257,6.961877501969975,0.019925280199252802,0.9911838790931989,0.342477140482128,0.9962216624685138,0.9950000314859478,1.0,0.0,0.9659949622166247,0.12769403009740427,
base,moderate,200,8,classical_invA,,3.0,0.0,3.0,step,0.0,0.0031777035588293387,2.0000000000000018,5.999999999999999,0.28401826484018267,1.0,0.28401826484018267,1.0,0.28401826484018267,1.0,0.4885204081632653,0.4923469387755102,1.0000000000000002,fixed-tau 0.350: eff 0.9847 far 0.0191
base,moderate,200,8,fitted_moment,32.0,3.0,0.0,3.0,step,0.0,0.0031777035588293387,2.0000000000000018,5.999999999999999,0.28401826484018267,1.0,0.28401826484018267,1.0,0.28401826484018267,1.0,0.9655612244897959,0.9757653061224489,0.11569199256170587,mu=0.3
base,moderate,200,8,fitted_moment,40.0,3.0,0.0,3.0,step,0.0,0.0031777035588293387,2.0000000000000018,5.999999999999999,0.28401826484018267,1.0,0.28401826484018267,1.0,0.28401826484018267,1.0,0.9655612244897959,0.9757653061224489,0.11569199202451744,mu=0.3
base,moderate,200,8,fitted_moment,44.0,3.0,0.0,3.0,step,0.0,0.0031777035588293387,2.0000000000000018,5.999999999999999,0.28401826484018267,1.0,0.28401826484018267,1.0,0.28401826484018267,1.0,0.9655612244897959,0.9757653061224489,0.11569199201909165,mu=0.3
base,moderate,200,8,fitted_moment,80.0,3.0,0.0,3.0,step,0.0,0.0031777035588293387,2.0000000000000018,5.999999999999999,0.28401826484018267,1.0,0.28401826484018267,1.0,0.28401826484018267,1.0,0.9655612244897959,0.9757653061224489,0.1156919911926235,mu=0.3
base,moderate,200,8,fitted_moment,160.0,3.0,0.0,3.0,step,0.0,0.0031777035588293387,2.0000000000000018,5.999999999999999,0.28401826484018267,1.0,0.28401826484018267,1.0,0.28401826484018267,1.0,0.9655612244897959,0.9757653061224489,0.115691990639886,mu=0.3
base,moderate,200,8,comb_prod,40.0,3.0,0.0,3.0,step,0.0,0.0031777035588293387,2.0000000000000018,5.999999999999999,0.9950001275477667,1.0,0.9950001275477667,1.0,0.9950001275477667,1.0,0.9489795918367347,0.9642857142857143,0.2962379637436946,
base,moderate,200,8,comb_prod,44.0,3.0,0.0,3.0,step,0.0,0.0031777035588293387,2.0000000000000018,5.999999999999999,0.28294930875576035,0.9923469387755102,0.2832263978001833,0.9974489795918368,0.28401826484018267,1.0,0.9489795918367347,0.9642857142857143,0.21750369433271177,
base,moderate,200,8,normalized_half_comb,40.0,3.0,0.0,3.0,step,0.0,0.0031777035588293387,2.0000000000000018,5.999999999999999,0.28122109158186864,0.9910714285714286,0.2832263978001833,0.9974489795918368,0.28401826484018267,1.0,0.9566326530612245,0.9719387755102041,0.18999861031292334,
base,moderate,200,8,normalized_half_comb,44.0,3.0,0.0,3.0,step,0.0,0.0031777035588293387,2.0000000000000018,5.999999999999999,0.2826887661141805,0.9936224489795918,0.2832263978001833,0.9974489795918368,0.28401826484018267,1.0,0.9566326530612245,0.9719387755102041,0.12319959072797179,
base,moderate,200,9,classical_invA,,3.0,0.0,3.0,step,0.0,0.0031777035588293387,1.9999999999999993,6.0,0.3202785030461271,0.9949044585987261,0.9950004458201179,1.0,0.9950004458201179,1.0,0.4878980891719745,0.49171974522292994,1.0000000000000002,fixed-tau 0.350: eff 0.9847 far 0.0203
base,moderate,200,9,fitted_moment,32.0,3.0,0.0,3.0,step,0.0,0.0031777035588293387,1.9999999999999993,6.0,0.3202785030461271,0.9949044585987261,0.9949998089098947,1.0,0.9949998089098947,1.0,0.9656050955414013,0.9732484076433121,0.1142547726726622,mu=0.003
base,moderate,200,9,fitted_moment,40.0,3.0,0.0,3.0,step,0.0,0.0031777035588293387,1.9999999999999993,6.0,0.3202785030461271,0.9949044585987261,0.9950004458201179,1.0,0.9950004458201179,1.0,0.9656050955414013,0.9732484076433121,0.11425477144574891,mu=0.003
base,moderate,200,9,fitted_moment,44.0,3.0,0.0,3.0,step,0.0,0.0031777035588293387,1.9999999999999993,6.0,0.3202785030461271,0.9949044585987261,0.9949998089098947,1.0,0.9949998089098947,1.0,0.9656050955414013,0.9732484076433121,0.11425477136821252,mu=0.003
base,moderate,200,9,fitted_moment,80.0,3.0,0.0,3.0,step,0.0,0.0031777035588293387,1.9999999999999993,6.0,0.3202785030461271,0.9949044585987261,0.9949998089098947,1.0,0.9949998089098947,1.0,0.9656050955414013,0.9732484076433121,0.11425476919891331,mu=0.003
base,moderate,200,9,fitted_moment,160.0,3.0,0.0,3.0,step,0.0,0.0031777035588293387,1.9999999999999993,6.0,0.3202785030461271,0.9949044585987261,0.9950004458201179,1.0,0.9950004458201179,1.0,0.9656050955414013,0.9732484076433121,0.11425476771689294,mu=0.003
base,moderate,200,9,comb_prod,40.0,3.0,0.0,3.0,step,0.0,0.0031777035588293387,1.9999999999999993,6.0,0.9950004458201179,1.0,0.9950004458201179,1.0,0.9950004458201179,1.0,0.9477707006369427,0.9554140127388535,0.2964008002255572,
base,moderate,200,9,comb_prod,44.0,3.0,0.0,3.0,step,0.0,0.0031777035588293387,1.9999999999999993,6.0,0.31993006993006995,0.9910828025477707,0.9950004458201179,1.0,0.9950004458201179,1.0,0.9477707006369427,0.9554140127388535,0.2177197577607093,
base,moderate,200,9,normalized_half_comb,40.0,3.0,0.0,3.0,step,0.0,0.0031777035588293387,1.9999999999999993,6.0,0.31965065502183404,0.9923566878980892,0.9950004458201179,1.0,0.9950004458201179,1.0,0.9592356687898089,0.9707006369426752,0.1901692575202455,
base,moderate,200,9,normalized_half_comb,44.0,3.0,0.0,3.0,step,0.0,0.0031777035588293387,1.9999999999999993,6.0,0.31965065502183404,0.9923566878980892,0.9950004458201179,1.0,0.9950004458201179,1.0,0.9592356687898089,0.9707006369426752,0.12337286426070158,
occ_a0.05,moderate,200,0,classical_invA,,3.0,0.05,3.0,step,0.0,0.0031777035588293387,2.018299665278799,43.700993799370444,0.02871410736579276,0.9910828025477707,0.030978934324659233,0.9961783439490446,0.3203463203463203,1.0,0.49171974522292994,0.49554140127388535,1.0000000000000002,fixed-tau 0.386: eff 0.0000 far 0.0000
occ_a0.05,moderate,200,0,fitted_moment,32.0,3.0,0.05,3.0,step,0.0,0.0031777035588293387,2.018299665278799,43.700993799370444,0.026282853566958697,0.9910828025477707,0.026151930261519303,0.9961783439490446,0.3463780183180683,1.0,0.956687898089172,0.9707006369426752,0.12852493301688858,mu=1.39
occ_a0.05,moderate,200,0,fitted_moment,40.0,3.0,0.05,3.0,step,0.0,0.0031777035588293387,2.018299665278799,43.700993799370444,0.01643489254108723,0.9910828025477707,0.02736318407960199,0.9961783439490446,0.4236417033773862,1.0,0.9643312101910828,0.978343949044586,0.12768355541752144,mu=0.003
occ_a0.05,moderate,200,0,fitted_moment,44.0,3.0,0.05,3.0,step,0.0,0.0031777035588293387,2.018299665278799,43.700993799370444,0.031133250311332503,0.9910828025477707,0.11837655016910936,0.9961783439490446,0.9599101169501046,1.0,0.9643312101910828,0.9821656050955414,0.12762646199837793,mu=0.003
occ_a0.05,moderate,200,0,fitted_moment,80.0,3.0,0.05,3.0,step,0.0,0.0031777035588293387,2.018299665278799,43.700993799370444,0.011435832274459974,0.9910828025477707,0.015113350125944584,0.9961783439490446,0.4084400904295403,1.0,0.9707006369426752,0.9859872611464968,0.1268446738872785,mu=0.003
occ_a0.05,moderate,200,0,fitted_moment,160.0,3.0,0.05,3.0,step,0.0,0.0031777035588293387,2.018299665278799,43.700993799370444,0.01643489254108723,0.9910828025477707,0.020050125313283207,0.9961783439490446,0.9448813368908862,1.0,0.9707006369426752,0.9847133757961783,0.1251162800745584,mu=0.003
occ_a0.05,moderate,200,0,comb_prod,40.0,3.0,0.05,3.0,step,0.0,0.0031777035588293387,2.018299665278799,43.700993799370444,0.30473637176050045,0.9910828025477707,0.30612244897959184,0.9961783439490446,0.6365740740740741,1.0,0.0,0.4764331210191083,0.7381639830021941,
occ_a0.05,moderate,200,0,comb_prod,44.0,3.0,0.05,3.0,step,0.0,0.0031777035588293387,2.018299665278799,43.700993799370444,0.9950060338408606,0.9910828025477707,0.9950192351787216,0.9961783439490446,0.9950003502939284,1.0,0.0,0.4764331210191083,0.9430539109973006,
occ_a0.05,moderate,200,0,normalized_half_comb,40.0,3.0,0.05,3.0,step,0.0,0.0031777035588293387,2.018299665278799,43.700993799370444,0.9929890329731726,0.9910828025477707,0.9949830952121278,0.9961783439490446,0.994976321515423,1.0,0.0012738853503184713,0.0012738853503184713,0.9985573651463049,
occ_a0.05,moderate,200,0,normalized_half_comb,44.0,3.0,0.05,3.0,step,0.0,0.0031777035588293387,2.018299665278799,43.700993799370444,0.9946408029151828,0.9910828025477707,0.9949952960903151,0.9961783439490446,0.9949887006371053,1.0,0.0012738853503184713,0.0012738853503184713,0.9927802980693804,
occ_a0.05,moderate,200,1,classical_invA,,3.0,0.05,3.0,step,0.0,0.0031777035588293387,1.8070831816673267,43.60038118543302,0.986886251000562,0.990990990990991,0.9886561826735648,0.9961389961389961,0.9900164465231023,1.0,0.001287001287001287,0.49034749034749037,1.0000000000000002,fixed-tau 0.386: eff 0.0000 far 0.0000
occ_a0.05,moderate,200,1,fitted_moment,32.0,3.0,0.05,3.0,step,0.0,0.0031777035588293387,1.8070831816673267,43.60038118543302,0.5076726342710998,0.990990990990991,0.5354141656662665,0.9961389961389961,0.5733113673805601,1.0,0.9626769626769627,0.972972972972973,0.12671503505556977,mu=0.003
occ_a0.05,moderate,200,1,fitted_moment,40.0,3.0,0.05,3.0,step,0.0,0.0031777035588293387,1.8070831816673267,43.60038118543302,0.35185185185185186,0.990990990990991,0.3967264224473889,0.9961389961389961,0.4113636363636364,1.0,0.9472329472329473,0.9742599742599742,0.12731050471088104,mu=0.646
occ_a0.05,moderate,200,1,fitted_moment,44.0,3.0,0.05,3.0,step,0.0,0.0031777035588293387,1.8070831816673267,43.60038118543302,0.4416243654822335,0.990990990990991,0.4625,0.9961389961389961,0.5016035920461834,1.0,0.9626769626769627,0.972972972972973,0.1274588167962287,mu=0.003
occ_a0.05,moderate,200,1,fitted_moment,80.0,3.0,0.05,3.0,step,0.0,0.0031777035588293387,1.8070831816673267,43.60038118543302,0.391304347826087,0.990990990990991,0.4171686746987952,0.9961389961389961,0.43858381502890176,1.0,0.9652509652509652,0.9742599742599742,0.1277700464682335,mu=0.00646
occ_a0.05,moderate,200,1,fitted_moment,160.0,3.0,0.05,3.0,step,0.0,0.0031777035588293387,1.8070831816673267,43.60038118543302,0.3137254901960784,0.990990990990991,0.37630942788074134,0.9961389961389961,0.5385985748218527,1.0,0.9665379665379665,0.9845559845559846,0.1269118009806114,mu=0.00646
occ_a0.05,moderate,200,1,comb_prod,40.0,3.0,0.05,3.0,step,0.0,0.0031777035588293387,1.8070831816673267,43.60038118543302,0.9929502027961143,0.990990990990991,0.9950183433095192,0.9961389961389961,0.9950000643492362,1.0,0.4851994851994852,0.49034749034749037,0.7433876434949809,
occ_a0.05,moderate,200,1,comb_prod,44.0,3.0,0.05,3.0,step,0.0,0.0031777035588293387,1.8070831816673267,43.60038118543302,0.993420771564062,0.990990990990991,0.993393367760659,0.9961389961389961,0.9933680437009218,1.0,0.4839124839124839,0.4864864864864865,0.9087544894805534,
occ_a0.05,moderate,200,1,normalized_half_comb,40.0,3.0,0.05,3.0,step,0.0,0.0031777035588293387,1.8070831816673267,43.60038118543302,0.9949673531545545,0.990990990990991,0.9949423334531317,0.9961389961389961,0.994984022465382,1.0,0.0,0.0,0.9985094752232528,
occ_a0.05,moderate,200,1,normalized_half_comb,44.0,3.0,0.05,3.0,step,0.0,0.0031777035588293387,1.8070831816673267,43.60038118543302,0.9949683397481556,0.990990990990991,0.9949741238807036,0.9961389961389961,0.9949843462543976,1.0,0.0,0.0,0.9918847166669645,
occ_a0.05,moderate,200,2,classical_invA,,3.0,0.05,3.0,step,0.0,0.0031777035588293387,2.0225022574757676,44.00080968936743,0.018726591760299626,0.9911727616645649,0.029484029484029485,0.9962168978562421,0.11986681465038845,1.0,0.49558638083228246,0.49936948297604034,1.0000000000000002,fixed-tau 0.386: eff 0.0000 far 0.0000
occ_a0.05,moderate,200,2,fitted_moment,32.0,3.0,0.05,3.0,step,0.0,0.0031777035588293387,2.0225022574757676,44.00080968936743,0.018726591760299626,0.9911727616645649,0.028290282902829027,0.9962168978562421,0.03762135922330097,1.0,0.9760403530895334,0.9861286254728878,0.12191338654345665,mu=0.646
occ_a0.05,moderate,200,2,fitted_moment,40.0,3.0,0.05,3.0,step,0.0,0.0031777035588293387,2.0225022574757676,44.00080968936743,0.010075566750629723,0.9911727616645649,0.014962593516209476,0.9962168978562421,0.02219482120838471,1.0,0.978562421185372,0.987389659520807,0.12310120865968584,mu=0.003
occ_a0.05,moderate,200,2,fitted_moment,44.0,3.0,0.05,3.0,step,0.0,0.0031777035588293387,2.0225022574757676,44.00080968936743,0.01256281407035176,0.9911727616645649,0.019851116625310174,0.9962168978562421,0.049160671462829736,1.0,0.9798234552332913,0.9899117276166457,0.12372610508642873,mu=0.00646
occ_a0.05,moderate,200,2,fitted_moment,80.0,3.0,0.05,3.0,step,0.0,0.0031777035588293387,2.0225022574757676,44.00080968936743,0.0038022813688212928,0.9911727616645649,0.00878293601003764,0.9962168978562421,0.013681592039800995,1.0,0.9747793190416141,0.9987389659520807,0.12312727271766842,mu=0.003
occ_a0.05,moderate,200,2,fitted_moment,160.0,3.0,0.05,3.0,step,0.0,0.0031777035588293387,2.0225022574757676,44.00080968936743,0.0038022813688212928,0.9911727616645649,0.0125,0.9962168978562421,0.0681551116333725,1.0,0.978562421185372,0.9949558638083228,0.12231791763215048,mu=0.003
occ_a0.05,moderate,200,2,comb_prod,40.0,3.0,0.05,3.0,step,0.0,0.0031777035588293387,2.0225022574757676,44.00080968936743,0.2982142857142857,0.9911727616645649,0.2990239574090506,0.9962168978562421,0.3000882612533098,1.0,0.0012610340479192938,0.0012610340479192938,0.7902658389773692,
occ_a0.05,moderate,200,2,comb_prod,44.0,3.0,0.05,3.0,step,0.0,0.0031777035588293387,2.0225022574757676,44.00080968936743,0.2982142857142857,0.9911727616645649,0.2990239574090506,0.9962168978562421,0.9805637254901961,1.0,0.0012610340479192938,0.0012610340479192938,0.7089639104736001,
occ_a0.05,moderate,200,2,normalized_half_comb,40.0,3.0,0.05,3.0,step,0.0,0.0031777035588293387,2.0225022574757676,44.00080968936743,0.993124081461264,0.9911727616645649,0.9930893313271983,0.9962168978562421,0.9949747469946706,1.0,0.0,0.0,0.9985727051868507,
occ_a0.05,moderate,200,2,normalized_half_comb,44.0,3.0,0.05,3.0,step,0.0,0.0031777035588293387,2.0225022574757676,44.00080968936743,0.9946360205550968,0.9911727616645649,0.9946088701147151,0.9962168978562421,0.9949787244820425,1.0,0.0,0.0,0.9932715942158372,
occ_a0.05,moderate,200,3,classical_invA,,3.0,0.05,3.0,step,0.0,0.0031777035588293387,2.1691708728724195,43.800388586522125,0.022641509433962263,0.9910714285714286,0.7682492581602374,0.9961734693877551,0.9924694310770442,1.0,0.4897959183673469,0.9821428571428571,1.0,fixed-tau 0.386: eff 0.0000 far 0.0000
occ_a0.05,moderate,200,3,fitted_moment,32.0,3.0,0.05,3.0,step,0.0,0.0031777035588293387,2.1691708728724195,43.800388586522125,0.3426395939086294,0.9910714285714286,0.3776892430278884,0.9961734693877551,0.9476425804728196,1.0,0.9681122448979592,0.9821428571428571,0.12535691209732658,mu=0.003
occ_a0.05,moderate,200,3,fitted_moment,40.0,3.0,0.05,3.0,step,0.0,0.0031777035588293387,2.1691708728724195,43.800388586522125,0.007662835249042145,0.9910714285714286,0.23804878048780487,0.9961734693877551,0.27137546468401486,1.0,0.9693877551020408,0.9910714285714286,0.1250350419046966,mu=0.00646
occ_a0.05,moderate,200,3,fitted_moment,44.0,3.0,0.05,3.0,step,0.0,0.0031777035588293387,2.1691708728724195,43.800388586522125,0.00639386189258312,0.9910714285714286,0.24903846153846154,0.9961734693877551,0.27808471454880296,1.0,0.9719387755102041,0.9910714285714286,0.1247446364470267,mu=0.003
occ_a0.05,moderate,200,3,fitted_moment,80.0,3.0,0.05,3.0,step,0.0,0.0031777035588293387,2.1691708728724195,43.800388586522125,0.0038461538461538464,0.9910714285714286,0.25971563981042656,0.9961734693877551,0.29432943294329433,1.0,0.9783163265306123,0.9923469387755102,0.12498188323619824,mu=0.003
occ_a0.05,moderate,200,3,fitted_moment,160.0,3.0,0.05,3.0,step,0.0,0.0031777035588293387,2.1691708728724195,43.800388586522125,0.0025673940949935813,0.9910714285714286,0.1584051724137931,0.9961734693877551,0.18248175182481752,1.0,0.9783163265306123,0.9923469387755102,0.123814368874153,mu=0.0139
occ_a0.05,moderate,200,3,comb_prod,40.0,3.0,0.05,3.0,step,0.0,0.0031777035588293387,2.1691708728724195,43.800388586522125,0.32959447799827435,0.9910714285714286,0.9901291676145699,0.9961734693877551,0.993349563565109,1.0,0.0,0.49362244897959184,0.8878521973846754,
occ_a0.05,moderate,200,3,comb_prod,44.0,3.0,0.05,3.0,step,0.0,0.0031777035588293387,2.1691708728724195,43.800388586522125,0.330749354005168,0.9910714285714286,0.9933989773063432,0.9961734693877551,0.9950004782705736,1.0,0.0,0.4897959183673469,0.43120044455138506,
occ_a0.05,moderate,200,3,normalized_half_comb,40.0,3.0,0.05,3.0,step,0.0,0.0031777035588293387,2.1691708728724195,43.800388586522125,0.9946498657302211,0.9910714285714286,0.9949744863487487,0.9961734693877551,0.9949877250409165,1.0,0.0012755102040816326,0.0012755102040816326,0.9985129753972646,
occ_a0.05,moderate,200,3,normalized_half_comb,44.0,3.0,0.05,3.0,step,0.0,0.0031777035588293387,2.1691708728724195,43.800388586522125,0.9946502340952905,0.9910714285714286,0.9949744863487487,0.9961734693877551,0.9949877891291283,1.0,0.0012755102040816326,0.0012755102040816326,0.9913591452151133,
occ_a0.05,moderate,200,4,classical_invA,,3.0,0.05,3.0,step,0.0,0.0031777035588293387,1.2492744149760242,43.61143424924007,0.03955500618046971,0.9910714285714286,0.34808013355592654,0.9961734693877551,0.3536685902720528,1.0,0.00510204081632653,0.00510204081632653,0.9999999999999999,fixed-tau 0.386: eff 0.0000 far 0.0000
occ_a0.05,moderate,200,4,fitted_moment,32.0,3.0,0.05,3.0,step,0.0,0.0031777035588293387,1.2492744149760242,43.61143424924007,0.07829181494661921,0.9910714285714286,0.44014336917562724,0.9961734693877551,0.4528960223307746,1.0,0.9387755102040817,0.9630102040816326,0.12699367442996548,mu=0.139
occ_a0.05,moderate,200,4,fitted_moment,40.0,3.0,0.05,3.0,step,0.0,0.0031777035588293387,1.2492744149760242,43.61143424924007,0.03955500618046971,0.9910714285714286,0.46506849315068494,0.9961734693877551,0.48991541964866625,1.0,0.9387755102040817,0.9655612244897959,0.1274438631589361,mu=0.03
occ_a0.05,moderate,200,4,fitted_moment,44.0,3.0,0.05,3.0,step,0.0,0.0031777035588293387,1.2492744149760242,43.61143424924007,0.25360230547550433,0.9910714285714286,0.5298013245033113,0.9961734693877551,0.9835746160776015,1.0,0.9553571428571429,0.9732142857142857,0.12727982651371356,mu=0.00646
occ_a0.05,moderate,200,4,fitted_moment,80.0,3.0,0.05,3.0,step,0.0,0.0031777035588293387,1.2492744149760242,43.61143424924007,0.021410579345088162,0.9910714285714286,0.4236162361623616,0.9961734693877551,0.9638909358879882,1.0,0.9630102040816326,0.9808673469387755,0.12746191661569078,mu=0.003
occ_a0.05,moderate,200,4,fitted_moment,160.0,3.0,0.05,3.0,step,0.0,0.0031777035588293387,1.2492744149760242,43.61143424924007,0.38235294117647056,0.9910714285714286,0.3955108359133127,0.9961734693877551,0.9883810540043867,1.0,0.9732142857142857,0.9821428571428571,0.12709342575892088,mu=0.003
occ_a0.05,moderate,200,4,comb_prod,40.0,3.0,0.05,3.0,step,0.0,0.0031777035588293387,1.2492744149760242,43.61143424924007,0.338160136286201,0.9910714285714286,0.9949367909238249,0.9961734693877551,0.9949929108814776,1.0,0.0,0.0,0.8968869680583657,
occ_a0.05,moderate,200,4,comb_prod,44.0,3.0,0.05,3.0,step,0.0,0.0031777035588293387,1.2492744149760242,43.61143424924007,0.7964369924024103,0.9910714285714286,0.9950194185282732,0.9961734693877551,0.9950004782705736,1.0,0.0,0.0,0.9121582159014281,
occ_a0.05,moderate,200,4,normalized_half_comb,40.0,3.0,0.05,3.0,step,0.0,0.0031777035588293387,1.2492744149760242,43.61143424924007,0.9942021415513189,0.9910714285714286,0.9949921451700812,0.9961734693877551,0.9949732956330506,1.0,0.0,0.0,0.998240377936226,
occ_a0.05,moderate,200,4,normalized_half_comb,44.0,3.0,0.05,3.0,step,0.0,0.0031777035588293387,1.2492744149760242,43.61143424924007,0.9949749393694421,0.9910714285714286,0.9949923057194152,0.9961734693877551,0.9949873404772257,1.0,0.0,0.0,0.9902192223425523,
occ_a0.05,moderate,200,5,classical_invA,,3.0,0.05,3.0,step,0.0,0.0031777035588293387,2.1692339451501685,43.90078523827852,0.01631116687578419,0.9911504424778761,0.0186799501867995,0.9962073324905183,0.9803258301206318,1.0,0.4943109987357775,0.5018963337547409,0.9999999999999999,fixed-tau 0.386: eff 0.0000 far 0.0000
occ_a0.05,moderate,200,5,fitted_moment,32.0,3.0,0.05,3.0,step,0.0,0.0031777035588293387,2.1692339451501685,43.90078523827852,0.01877346683354193,0.9911504424778761,0.1406761177753544,0.9962073324905183,0.8246897163120568,1.0,0.9557522123893806,0.9873577749683944,0.12718963091664945,mu=0.00646
occ_a0.05,moderate,200,5,fitted_moment,40.0,3.0,0.05,3.0,step,0.0,0.0031777035588293387,2.1692339451501685,43.90078523827852,0.007594936708860759,0.9911504424778761,0.09006928406466513,0.9962073324905183,0.52291917973462,1.0,0.9570164348925411,0.9911504424778761,0.1272755819674469,mu=0.0139
occ_a0.05,moderate,200,5,fitted_moment,44.0,3.0,0.05,3.0,step,0.0,0.0031777035588293387,2.1692339451501685,43.90078523827852,0.008849557522123894,0.9911504424778761,0.03667481662591687,0.9962073324905183,0.4676985195154778,1.0,0.9570164348925411,0.9924146649810367,0.1264640972611275,mu=0.003
occ_a0.05,moderate,200,5,fitted_moment,80.0,3.0,0.05,3.0,step,0.0,0.0031777035588293387,2.1692339451501685,43.90078523827852,0.012594458438287154,0.9911504424778761,0.0186799501867995,0.9962073324905183,0.27630375114364136,1.0,0.4943109987357775,0.988621997471555,0.12514102581777617,mu=6.46
occ_a0.05,moderate,200,5,fitted_moment,160.0,3.0,0.05,3.0,step,0.0,0.0031777035588293387,2.1692339451501685,43.90078523827852,0.011349306431273645,0.9911504424778761,0.0186799501867995,0.9962073324905183,0.2743119266055046,1.0,0.49557522123893805,0.988621997471555,0.125287331171284,mu=6.46
occ_a0.05,moderate,200,5,comb_prod,40.0,3.0,0.05,3.0,step,0.0,0.0031777035588293387,2.1692339451501685,43.90078523827852,0.2885662431941924,0.9911504424778761,0.2894499549143372,0.9962073324905183,0.9891703176341731,1.0,0.0037926675094816687,0.4879898862199747,0.869797719779417,
occ_a0.05,moderate,200,5,comb_prod,44.0,3.0,0.05,3.0,step,0.0,0.0031777035588293387,2.1692339451501685,43.90078523827852,0.29305680793507666,0.9911504424778761,0.2920035938903863,0.9962073324905183,0.9923673697821178,1.0,0.006321112515802781,0.5056890012642224,0.3685477535285245,
occ_a0.05,moderate,200,5,normalized_half_comb,40.0,3.0,0.05,3.0,step,0.0,0.0031777035588293387,2.1692339451501685,43.90078523827852,0.9928677346870082,0.9911504424778761,0.9949788128843151,0.9962073324905183,0.9949929737051995,1.0,0.0,0.0,0.9985895254227527,
occ_a0.05,moderate,200,5,normalized_half_comb,44.0,3.0,0.05,3.0,step,0.0,0.0031777035588293387,2.1692339451501685,43.90078523827852,0.9946002162668485,0.9911504424778761,0.9950118689666086,0.9962073324905183,0.9949996839243948,1.0,0.0,0.0,0.9933722430335149,
occ_a0.05,moderate,200,6,classical_invA,,3.0,0.05,3.0,step,0.0,0.0031777035588293387,2.0226162126111564,43.80852310306209,0.0935672514619883,0.9910485933503836,0.13251670378619154,0.9961636828644501,0.9863962145988449,1.0,0.49104859335038364,0.49104859335038364,1.0000000000000002,fixed-tau 0.386: eff 0.0000 far 0.0000
occ_a0.05,moderate,200,6,fitted_moment,32.0,3.0,0.05,3.0,step,0.0,0.0031777035588293387,2.0226162126111564,43.80852310306209,0.26540284360189575,0.9910485933503836,0.7931492299522039,0.9961636828644501,0.9351575456053068,1.0,0.9616368286445013,0.9820971867007673,0.12561153717766607,mu=0.003
occ_a0.05,moderate,200,6,fitted_moment,40.0,3.0,0.05,3.0,step,0.0,0.0031777035588293387,2.0226162126111564,43.80852310306209,0.012738853503184714,0.9910485933503836,0.018891687657430732,0.9961636828644501,0.41025641025641024,1.0,0.9616368286445013,0.9859335038363172,0.1267878068981792,mu=0.0139
occ_a0.05,moderate,200,6,fitted_moment,44.0,3.0,0.05,3.0,step,0.0,0.0031777035588293387,2.0226162126111564,43.80852310306209,0.02269861286254729,0.9910485933503836,0.08136792452830188,0.9961636828644501,0.47162162162162163,1.0,0.9616368286445013,0.9884910485933504,0.12634027128068132,mu=0.003
occ_a0.05,moderate,200,6,fitted_moment,80.0,3.0,0.05,3.0,step,0.0,0.0031777035588293387,2.0226162126111564,43.80852310306209,0.005134788189987163,0.9910485933503836,0.017654476670870115,0.9961636828644501,0.38953942232630756,1.0,0.979539641943734,0.9923273657289002,0.12663951843722884,mu=0.003
occ_a0.05,moderate,200,6,fitted_moment,160.0,3.0,0.05,3.0,step,0.0,0.0031777035588293387,2.0226162126111564,43.80852310306209,0.011479591836734694,0.9910485933503836,0.013924050632911392,0.9961636828644501,0.3683360258481422,1.0,0.9782608695652174,0.9884910485933504,0.12621395594058438,mu=0.003
occ_a0.05,moderate,200,6,comb_prod,40.0,3.0,0.05,3.0,step,0.0,0.0031777035588293387,2.0226162126111564,43.80852310306209,0.34654300168634067,0.9910485933503836,0.347024308466052,0.9961636828644501,0.9933967760730239,1.0,0.0,0.0,0.5863602862657504,
occ_a0.05,moderate,200,6,comb_prod,44.0,3.0,0.05,3.0,step,0.0,0.0031777035588293387,2.0226162126111564,43.80852310306209,0.3454391891891892,0.9910485933503836,0.993370607708477,0.9961636828644501,0.9950007991050024,1.0,0.0,0.23785166240409208,0.8803900808634398,
occ_a0.05,moderate,200,6,normalized_half_comb,40.0,3.0,0.05,3.0,step,0.0,0.0031777035588293387,2.0226162126111564,43.80852310306209,0.9942234446158777,0.9910485933503836,0.9949640241261386,0.9961636828644501,0.9950006712653672,1.0,0.0,0.0,0.9984907139686086,
occ_a0.05,moderate,200,6,normalized_half_comb,44.0,3.0,0.05,3.0,step,0.0,0.0031777035588293387,2.0226162126111564,43.80852310306209,0.9947182618651692,0.9910485933503836,0.9949780814853016,0.9961636828644501,0.9950006712653672,1.0,0.0,0.0,0.9916164580784603,
occ_a0.05,moderate,200,7,classical_invA,,3.0,0.05,3.0,step,0.0,0.0031777035588293387,1.088371391985757,43.901668072035726,0.021144278606965175,0.9911838790931989,0.02345679012345679,0.9962216624685138,0.49873737373737376,1.0,0.0,0.0,1.0000000000000002,fixed-tau 0.386: eff 0.0000 far 0.0000
occ_a0.05,moderate,200,7,fitted_moment,32.0,3.0,0.05,3.0,step,0.0,0.0031777035588293387,1.088371391985757,43.901668072035726,0.019925280199252802,0.9911838790931989,0.26143790849673204,0.9962216624685138,0.9911208525770775,1.0,0.49622166246851385,0.9798488664987406,0.126880501151036,mu=0.003
occ_a0.05,moderate,200,7,fitted_moment,40.0,3.0,0.05,3.0,step,0.0,0.0031777035588293387,1.088371391985757,43.901668072035726,0.08275058275058275,0.9911838790931989,0.7993404363267377,0.9962216624685138,0.9862919098097441,1.0,0.7002518891687658,0.9811083123425692,0.11830167372215322,mu=0.003
occ_a0.05,moderate,200,7,fitted_moment,44.0,3.0,0.05,3.0,step,0.0,0.0031777035588293387,1.088371391985757,43.901668072035726,0.017478152309612985,0.9911838790931989,0.7380794701986755,0.9962216624685138,0.9487345041322314,1.0,0.6926952141057935,0.9811083123425692,0.1192072958609417,mu=0.003
occ_a0.05,moderate,200,7,fitted_moment,80.0,3.0,0.05,3.0,step,0.0,0.0031777035588293387,1.088371391985757,43.901668072035726,0.015018773466833541,0.9911838790931989,0.018610421836228287,0.9962216624685138,0.14162162162162162,1.0,0.7720403022670025,0.9886649874055415,0.12270773933099036,mu=0.0139
occ_a0.05,moderate,200,7,fitted_moment,160.0,3.0,0.05,3.0,step,0.0,0.0031777035588293387,1.088371391985757,43.901668072035726,0.017478152309612985,0.9911838790931989,0.022249690976514216,0.9962216624685138,0.1650893796004206,1.0,0.628463476070529,0.9874055415617129,0.12332021922035535,mu=0.0646
occ_a0.05,moderate,200,7,comb_prod,40.0,3.0,0.05,3.0,step,0.0,0.0031777035588293387,1.088371391985757,43.901668072035726,0.3408710217755444,0.9911838790931989,0.767830936307602,0.9962216624685138,0.9950000314859478,1.0,0.0,0.49748110831234255,0.6074336443508579,
occ_a0.05,moderate,200,7,comb_prod,44.0,3.0,0.05,3.0,step,0.0,0.0031777035588293387,1.088371391985757,43.901668072035726,0.3408710217755444,0.9911838790931989,0.9902137873014302,0.9962216624685138,0.9950000314859478,1.0,0.0,0.49622166246851385,0.8815111710250364,
occ_a0.05,moderate,200,7,normalized_half_comb,40.0,3.0,0.05,3.0,step,0.0,0.0031777035588293387,1.088371391985757,43.901668072035726,0.9934418306209012,0.9911838790931989,0.9942662046769213,0.9962216624685138,0.99499738528324,1.0,0.0,0.0,0.9981437293462182,
occ_a0.05,moderate,200,7,normalized_half_comb,44.0,3.0,0.05,3.0,step,0.0,0.0031777035588293387,1.088371391985757,43.901668072035726,0.9947789512790575,0.9911838790931989,0.9947525540666048,0.9962216624685138,0.99499738528324,1.0,0.0,0.0,0.9902737767982632,
occ_a0.05,moderate,200,8,classical_invA,,3.0,0.05,3.0,step,0.0,0.0031777035588293387,2.0226563875261765,43.80070854664224,0.021410579345088162,0.9910714285714286,0.036991368680641186,0.9961734693877551,0.07218934911242604,1.0,0.4923469387755102,0.4961734693877551,1.0,fixed-tau 0.386: eff 0.0000 far 0.0000
occ_a0.05,moderate,200,8,fitted_moment,32.0,3.0,0.05,3.0,step,0.0,0.0031777035588293387,2.0226563875261765,43.80070854664224,0.19398340248962656,0.9910714285714286,0.5306490384615384,0.9961734693877551,0.9188825659596482,1.0,0.9668367346938775,0.9795918367346939,0.12559867501967767,mu=0.00646
occ_a0.05,moderate,200,8,fitted_moment,40.0,3.0,0.05,3.0,step,0.0,0.0031777035588293387,2.0226563875261765,43.80070854664224,0.0201765447667087,0.9910714285714286,0.0322180916976456,0.9961734693877551,0.06998813760379596,1.0,0.9642857142857143,0.9821428571428571,0.12495980879125264,mu=0.003
occ_a0.05,moderate,200,8,fitted_moment,44.0,3.0,0.05,3.0,step,0.0,0.0031777035588293387,2.0226563875261765,43.80070854664224,0.02875,0.9910714285714286,0.07023809523809524,0.9961734693877551,0.4247982391782832,1.0,0.9668367346938775,0.9821428571428571,0.12593396151410363,mu=0.0139
occ_a0.05,moderate,200,8,fitted_moment,80.0,3.0,0.05,3.0,step,0.0,0.0031777035588293387,2.0226563875261765,43.80070854664224,0.008928571428571428,0.9910714285714286,0.01139240506329114,0.9961734693877551,0.012594458438287154,1.0,0.9757653061224489,0.9923469387755102,0.12580895096195477,mu=0.003
occ_a0.05,moderate,200,8,fitted_moment,160.0,3.0,0.05,3.0,step,0.0,0.0031777035588293387,2.0226563875261765,43.80070854664224,0.011450381679389313,0.9910714285714286,0.013888888888888888,0.9961734693877551,0.024875621890547265,1.0,0.9732142857142857,0.9897959183673469,0.12554003095771268,mu=0.00646
occ_a0.05,moderate,200,8,comb_prod,40.0,3.0,0.05,3.0,step,0.0,0.0031777035588293387,2.0226563875261765,43.80070854664224,0.28122109158186864,0.9910714285714286,0.2821691176470588,0.9961734693877551,0.282708142726441,1.0,0.002551020408163265,0.4885204081632653,0.8050614926936657,
occ_a0.05,moderate,200,8,comb_prod,44.0,3.0,0.05,3.0,step,0.0,0.0031777035588293387,2.0226563875261765,43.80070854664224,0.28122109158186864,0.9910714285714286,0.2821691176470588,0.9961734693877551,0.9805810814157977,1.0,0.002551020408163265,0.49362244897959184,0.6895699432063821,
occ_a0.05,moderate,200,8,normalized_half_comb,40.0,3.0,0.05,3.0,step,0.0,0.0031777035588293387,2.0226563875261765,43.80070854664224,0.9927410992049776,0.9910714285714286,0.9949614203504425,0.9961734693877551,0.9949791866794748,1.0,0.0,0.0,0.998599746044443,
occ_a0.05,moderate,200,8,normalized_half_comb,44.0,3.0,0.05,3.0,step,0.0,0.0031777035588293387,2.0226563875261765,43.80070854664224,0.9944984529111468,0.9910714285714286,0.9949983028812593,0.9961734693877551,0.994995691443526,1.0,0.0,0.0,0.9931675926140662,
occ_a0.05,moderate,200,9,classical_invA,,3.0,0.05,3.0,step,0.0,0.0031777035588293387,2.022711713294552,43.70045613369481,0.020151133501259445,0.9910828025477707,0.3252804141501294,0.9961783439490446,0.9564106835471153,1.0,0.49171974522292994,0.4942675159235669,0.9999999999999999,fixed-tau 0.386: eff 0.0000 far 0.0000
occ_a0.05,moderate,200,9,fitted_moment,32.0,3.0,0.05,3.0,step,0.0,0.0031777035588293387,2.022711713294552,43.70045613369481,0.739450770261219,0.9910828025477707,0.9028571428571428,0.9961783439490446,0.9555013888101581,1.0,0.9707006369426752,0.9808917197452229,0.12412289535224859,mu=0.003
occ_a0.05,moderate,200,9,fitted_moment,40.0,3.0,0.05,3.0,step,0.0,0.0031777035588293387,2.022711713294552,43.70045613369481,0.021383647798742137,0.9910828025477707,0.5127725856697819,0.9961783439490446,0.6402383134738772,1.0,0.9656050955414013,0.9821656050955414,0.12449769621865409,mu=0.003
occ_a0.05,moderate,200,9,fitted_moment,44.0,3.0,0.05,3.0,step,0.0,0.0031777035588293387,2.022711713294552,43.70045613369481,0.02871410736579276,0.9910828025477707,0.4741089441829186,0.9961783439490446,0.5078369905956113,1.0,0.9681528662420382,0.9847133757961783,0.1251186052352296,mu=0.003
occ_a0.05,moderate,200,9,fitted_moment,80.0,3.0,0.05,3.0,step,0.0,0.0031777035588293387,2.022711713294552,43.70045613369481,0.007653061224489796,0.9910828025477707,0.3024085637823372,0.9961783439490446,0.3364327979712595,1.0,0.9770700636942675,0.9949044585987261,0.1255938395760646,mu=0.003
occ_a0.05,moderate,200,9,fitted_moment,160.0,3.0,0.05,3.0,step,0.0,0.0031777035588293387,2.022711713294552,43.70045613369481,0.008917197452229299,0.9910828025477707,0.26572769953051645,0.9961783439490446,0.3095866314863676,1.0,0.978343949044586,0.9923566878980892,0.12491584304497308,mu=0.003
occ_a0.05,moderate,200,9,comb_prod,40.0,3.0,0.05,3.0,step,0.0,0.0031777035588293387,2.022711713294552,43.70045613369481,0.3193350831146107,0.9910828025477707,0.33219470538001705,0.9961783439490446,0.9933964803660957,1.0,0.0,0.48662420382165605,0.7412057805964349,
occ_a0.05,moderate,200,9,comb_prod,44.0,3.0,0.05,3.0,step,0.0,0.0031777035588293387,2.022711713294552,43.70045613369481,0.3193350831146107,0.9910828025477707,0.9950123097725562,0.9961783439490446,0.9950004458201179,1.0,0.0,0.4878980891719745,0.9387240990201926,
occ_a0.05,moderate,200,9,normalized_half_comb,40.0,3.0,0.05,3.0,step,0.0,0.0031777035588293387,2.022711713294552,43.70045613369481,0.9946568869842316,0.9910828025477707,0.9950125960649255,0.9961783439490446,0.9949939736370536,1.0,0.0,0.0,0.9985465986867768,
occ_a0.05,moderate,200,9,normalized_half_comb,44.0,3.0,0.05,3.0,step,0.0,0.0031777035588293387,2.022711713294552,43.70045613369481,0.9949487407561307,0.9910828025477707,0.9950130095403296,0.9961783439490446,0.9949940694070682,1.0,0.0,0.0,0.9921863312758769,
occ_a0.10,moderate,200,0,classical_invA,,3.0,0.1,3.0,step,0.0,0.0031777035588293387,2.0191689460468965,83.40049620221646,0.02871410736579276,0.9910828025477707,0.030978934324659233,0.9961783439490446,0.3203463203463203,1.0,0.49171974522292994,0.49554140127388535,0.9999999999999999,fixed-tau 0.418: eff 0.0000 far 0.0000
occ_a0.10,moderate,200,0,fitted_moment,32.0,3.0,0.1,3.0,step,0.0,0.0031777035588293387,2.0191689460468965,83.40049620221646,0.02506265664160401,0.9910828025477707,0.7417437252311757,0.9961783439490446,0.9941490828594215,1.0,0.954140127388535,0.975796178343949,0.13198681665506068,mu=0.003
occ_a0.10,moderate,200,0,fitted_moment,40.0,3.0,0.1,3.0,step,0.0,0.0031777035588293387,2.0191689460468965,83.40049620221646,0.03354037267080745,0.9910828025477707,0.035758323057953144,0.9961783439490446,0.810843373493976,1.0,0.9617834394904459,0.975796178343949,0.13282351408503495,mu=0.0139
occ_a0.10,moderate,200,0,fitted_moment,44.0,3.0,0.1,3.0,step,0.0,0.0031777035588293387,2.0191689460468965,83.40049620221646,0.026282853566958697,0.9910828025477707,0.026151930261519303,0.9961783439490446,0.3425460636515913,1.0,0.49171974522292994,0.9732484076433121,0.12834929997731387,mu=1.39
occ_a0.10,moderate,200,0,fitted_moment,80.0,3.0,0.1,3.0,step,0.0,0.0031777035588293387,2.0191689460468965,83.40049620221646,0.05121951219512195,0.9910828025477707,0.10423825887743414,0.9961783439490446,0.41894892672094747,1.0,0.9617834394904459,0.9808917197452229,0.12752814521130182,mu=0.0646
occ_a0.10,moderate,200,0,fitted_moment,160.0,3.0,0.1,3.0,step,0.0,0.0031777035588293387,2.0191689460468965,83.40049620221646,0.010178117048346057,0.9910828025477707,0.018820577164366373,0.9961783439490446,0.39615384615384613,1.0,0.9707006369426752,0.9872611464968153,0.12699527195099636,mu=0.003
occ_a0.10,moderate,200,0,comb_prod,40.0,3.0,0.1,3.0,step,0.0,0.0031777035588293387,2.0191689460468965,83.40049620221646,0.3053571428571429,0.9910828025477707,0.30612244897959184,0.9961783439490446,0.9765608670986236,1.0,0.005095541401273885,0.005095541401273885,0.8852812191599831,
occ_a0.10,moderate,200,0,comb_prod,44.0,3.0,0.1,3.0,step,0.0,0.0031777035588293387,2.0191689460468965,83.40049620221646,0.9950445544239135,0.9910828025477707,0.9950192351787216,0.9961783439490446,0.9950003502939284,1.0,0.005095541401273885,0.49044585987261147,0.996880151850043,
occ_a0.10,moderate,200,0,normalized_half_comb,40.0,3.0,0.1,3.0,step,0.0,0.0031777035588293387,2.0191689460468965,83.40049620221646,0.9922278498716297,0.9910828025477707,0.9949830952121278,0.9961783439490446,0.9949764822577033,1.0,0.0012738853503184713,0.0012738853503184713,0.9987402516238348,
occ_a0.10,moderate,200,0,normalized_half_comb,44.0,3.0,0.1,3.0,step,0.0,0.0031777035588293387,2.0191689460468965,83.40049620221646,0.9946408029151828,0.9910828025477707,0.9949952960903151,0.9961783439490446,0.994989212444626,1.0,0.0012738853503184713,0.0012738853503184713,0.9973214767579087,
occ_a0.10,moderate,200,1,classical_invA,,3.0,0.1,3.0,step,0.0,0.0031777035588293387,1.808833146614279,83.2001900365149,0.9868180028418332,0.990990990990991,0.9886361967964059,0.9961389961389961,0.990093076628841,1.0,0.001287001287001287,0.49034749034749037,0.9999999999999999,fixed-tau 0.418: eff 0.0000 far 0.0000
occ_a0.10,moderate,200,1,fitted_moment,32.0,3.0,0.1,3.0,step,0.0,0.0031777035588293387,1.808833146614279,83.2001900365149,0.3367786391042205,0.990990990990991,0.3915094339622642,0.9961389961389961,0.4023076923076923,1.0,0.9575289575289575,0.972972972972973,0.12761415219940095,mu=0.3
occ_a0.10,moderate,200,1,fitted_moment,40.0,3.0,0.1,3.0,step,0.0,0.0031777035588293387,1.808833146614279,83.2001900365149,0.42105263157894735,0.990990990990991,0.45722300140252453,0.9961389961389961,0.48645076007931265,1.0,0.9562419562419563,0.972972972972973,0.12896591979854075,mu=0.0139
occ_a0.10,moderate,200,1,fitted_moment,44.0,3.0,0.1,3.0,step,0.0,0.0031777035588293387,1.808833146614279,83.2001900365149,0.44802867383512546,0.990990990990991,0.476319350473613,0.9961389961389961,0.5158878504672897,1.0,0.9626769626769627,0.972972972972973,0.12835772445099575,mu=0.00646
occ_a0.10,moderate,200,1,fitted_moment,80.0,3.0,0.1,3.0,step,0.0,0.0031777035588293387,1.808833146614279,83.2001900365149,0.3667763157894737,0.990990990990991,0.43171806167400884,0.9961389961389961,0.5338932213557288,1.0,0.01287001287001287,0.9742599742599742,0.13705130762090026,mu=6.46
occ_a0.10,moderate,200,1,fitted_moment,160.0,3.0,0.1,3.0,step,0.0,0.0031777035588293387,1.808833146614279,83.2001900365149,0.3,0.990990990990991,0.40415704387990764,0.9961389961389961,0.41358490566037737,1.0,0.963963963963964,0.9858429858429858,0.12782637162652677,mu=0.00646
occ_a0.10,moderate,200,1,comb_prod,40.0,3.0,0.1,3.0,step,0.0,0.0031777035588293387,1.808833146614279,83.2001900365149,0.9945166068478323,0.990990990990991,0.994979926190646,0.9961389961389961,0.9950010293890575,1.0,0.4851994851994852,0.4851994851994852,0.7274001755368159,
occ_a0.10,moderate,200,1,comb_prod,44.0,3.0,0.1,3.0,step,0.0,0.0031777035588293387,1.808833146614279,83.2001900365149,0.9934229070750729,0.990990990990991,0.9950177981757674,0.9961389961389961,0.9950008685749581,1.0,0.25225225225225223,0.25225225225225223,0.8335510233629903,
occ_a0.10,moderate,200,1,normalized_half_comb,40.0,3.0,0.1,3.0,step,0.0,0.0031777035588293387,1.808833146614279,83.2001900365149,0.9949673531545545,0.990990990990991,0.9949425647861372,0.9961389961389961,0.9949840872265294,1.0,0.0,0.0,0.9987246814774561,
occ_a0.10,moderate,200,1,normalized_half_comb,44.0,3.0,0.1,3.0,step,0.0,0.0031777035588293387,1.808833146614279,83.2001900365149,0.9949686027744562,0.990990990990991,0.9949741238807036,0.9961389961389961,0.9949843462543976,1.0,0.0,0.0,0.997099738817271,
occ_a0.10,moderate,200,2,classical_invA,,3.0,0.1,3.0,step,0.0,0.0031777035588293387,2.0235553044637147,84.00040448475633,0.018726591760299626,0.9911727616645649,0.029484029484029485,0.9962168978562421,0.11986681465038845,1.0,0.49558638083228246,0.49936948297604034,1.0,fixed-tau 0.418: eff 0.0000 far 0.0000
occ_a0.10,moderate,200,2,fitted_moment,32.0,3.0,0.1,3.0,step,0.0,0.0031777035588293387,2.0235553044637147,84.00040448475633,0.026022304832713755,0.9911727616645649,0.0412621359223301,0.9962168978562421,0.11396648044692738,1.0,0.5081967213114754,0.9810844892812106,0.11484482660967824,mu=0.003
occ_a0.10,moderate,200,2,fitted_moment,40.0,3.0,0.1,3.0,step,0.0,0.0031777035588293387,2.0235553044637147,84.00040448475633,0.030826140567200986,0.9911727616645649,0.1394335511982571,0.9962168978562421,0.2101593625498008,1.0,0.9760403530895334,0.9823455233291298,0.12196111408834881,mu=0.00646
occ_a0.10,moderate,200,2,fitted_moment,44.0,3.0,0.1,3.0,step,0.0,0.0031777035588293387,2.0235553044637147,84.00040448475633,0.018726591760299626,0.9911727616645649,0.028290282902829027,0.9962168978562421,0.028186274509803922,1.0,0.49558638083228246,0.9861286254728878,0.12504760083376568,mu=3
occ_a0.10,moderate,200,2,fitted_moment,80.0,3.0,0.1,3.0,step,0.0,0.0031777035588293387,2.0235553044637147,84.00040448475633,0.011320754716981131,0.9911727616645649,0.09610983981693363,0.9962168978562421,0.35841423948220064,1.0,0.9747793190416141,0.9886506935687264,0.12401865173372326,mu=0.0646
occ_a0.10,moderate,200,2,fitted_moment,160.0,3.0,0.1,3.0,step,0.0,0.0031777035588293387,2.0235553044637147,84.00040448475633,0.0038022813688212928,0.9911727616645649,0.010025062656641603,0.9962168978562421,0.019777503090234856,1.0,0.978562421185372,0.9987389659520807,0.12318563690694133,mu=0.00646
occ_a0.10,moderate,200,2,comb_prod,40.0,3.0,0.1,3.0,step,0.0,0.0031777035588293387,2.0235553044637147,84.00040448475633,0.21163490471414242,0.9911727616645649,0.9803379875059111,0.9962168978562421,0.993332324353412,1.0,0.2421185372005044,0.2421185372005044,0.8758629640075797,
occ_a0.10,moderate,200,2,comb_prod,44.0,3.0,0.1,3.0,step,0.0,0.0031777035588293387,2.0235553044637147,84.00040448475633,0.9934178020818504,0.9911727616645649,0.9933846372855241,0.9962168978562421,0.9950000630509073,1.0,0.244640605296343,0.244640605296343,0.9119862487886029,
occ_a0.10,moderate,200,2,normalized_half_comb,40.0,3.0,0.1,3.0,step,0.0,0.0031777035588293387,2.0235553044637147,84.00040448475633,0.9923993347000348,0.9911727616645649,0.9923609499497177,0.9962168978562421,0.9949668369775634,1.0,0.0,0.0,0.9987378291125754,
occ_a0.10,moderate,200,2,normalized_half_comb,44.0,3.0,0.1,3.0,step,0.0,0.0031777035588293387,2.0235553044637147,84.00040448475633,0.9946360205550968,0.9911727616645649,0.9946088701147151,0.9962168978562421,0.9949787244820425,1.0,0.0,0.0,0.9974346892821602,
occ_a0.10,moderate,200,3,classical_invA,,3.0,0.1,3.0,step,0.0,0.0031777035588293387,2.169912244598323,83.60019396426658,0.022641509433962263,0.9910714285714286,0.7681804689818937,0.9961734693877551,0.9924669709344223,1.0,0.4897959183673469,0.9821428571428571,1.0,fixed-tau 0.418: eff 0.0000 far 0.0000
occ_a0.10,moderate,200,3,fitted_moment,32.0,3.0,0.1,3.0,step,0.0,0.0031777035588293387,2.169912244598323,83.60019396426658,0.02753441802252816,0.9910714285714286,0.872176759410802,0.9961734693877551,0.8775191376347445,1.0,0.4897959183673469,0.9821428571428571,0.11609892378147471,mu=0.003
occ_a0.10,moderate,200,3,fitted_moment,40.0,3.0,0.1,3.0,step,0.0,0.0031777035588293387,2.169912244598323,83.60019396426658,0.3589108910891089,0.9910714285714286,0.370668815471394,0.9961734693877551,0.95049880035358,1.0,0.9668367346938775,0.9821428571428571,0.12428215982235548,mu=0.003
occ_a0.10,moderate,200,3,fitted_moment,44.0,3.0,0.1,3.0,step,0.0,0.0031777035588293387,2.169912244598323,83.60019396426658,0.36674816625916873,0.9910714285714286,0.8933060109289618,0.9961734693877551,0.9481618619412854,1.0,0.9719387755102041,0.9821428571428571,0.12599475925098658,mu=0.0139
occ_a0.10,moderate,200,3,fitted_moment,80.0,3.0,0.1,3.0,step,0.0,0.0031777035588293387,2.169912244598323,83.60019396426658,0.007662835249042145,0.9910714285714286,0.24468085106382978,0.9961734693877551,0.2754158964879852,1.0,0.9757653061224489,0.9923469387755102,0.12501422793909406,mu=0.003
occ_a0.10,moderate,200,3,fitted_moment,160.0,3.0,0.1,3.0,step,0.0,0.0031777035588293387,2.169912244598323,83.60019396426658,0.0038461538461538464,0.9910714285714286,0.19318181818181818,0.9961734693877551,0.2283464566929134,1.0,0.9783163265306123,0.9923469387755102,0.12523702002645906,mu=0.00646
occ_a0.10,moderate,200,3,comb_prod,40.0,3.0,0.1,3.0,step,0.0,0.0031777035588293387,2.169912244598323,83.60019396426658,0.9933875716984665,0.9910714285714286,0.9933539267995881,0.9961734693877551,0.9950004463887153,1.0,0.002551020408163265,0.49107142857142855,0.8806344310092263,
occ_a0.10,moderate,200,3,comb_prod,44.0,3.0,0.1,3.0,step,0.0,0.0031777035588293387,2.169912244598323,83.60019396426658,0.3290155440414508,0.9910714285714286,0.987695361734308,0.9961734693877551,0.9906692215226783,1.0,0.003826530612244898,0.49107142857142855,0.8614112682375537,
occ_a0.10,moderate,200,3,normalized_half_comb,40.0,3.0,0.1,3.0,step,0.0,0.0031777035588293387,2.169912244598323,83.60019396426658,0.9946498657302211,0.9910714285714286,0.9949744863487487,0.9961734693877551,0.9949877250409165,1.0,0.0012755102040816326,0.0012755102040816326,0.9987476085581167,
occ_a0.10,moderate,200,3,normalized_half_comb,44.0,3.0,0.1,3.0,step,0.0,0.0031777035588293387,2.169912244598323,83.60019396426658,0.9946502340952905,0.9910714285714286,0.9949744863487487,0.9961734693877551,0.9949877891291283,1.0,0.0,0.0,0.996986305136205,
occ_a0.10,moderate,200,4,classical_invA,,3.0,0.1,3.0,step,0.0,0.0031777035588293387,1.2523764834987037,83.21121254276358,0.03955500618046971,0.9910714285714286,0.34644351464435147,0.9961734693877551,0.3536685902720528,1.0,0.00510204081632653,0.00510204081632653,1.0,fixed-tau 0.418: eff 0.0000 far 0.0000
occ_a0.10,moderate,200,4,fitted_moment,32.0,3.0,0.1,3.0,step,0.0,0.0031777035588293387,1.2523764834987037,83.21121254276358,0.04895960832313342,0.9910714285714286,0.34644351464435147,0.9961734693877551,0.7857338070511068,1.0,0.475765306122449,0.9630102040816326,0.1278675277881617,mu=0.139
occ_a0.10,moderate,200,4,fitted_moment,40.0,3.0,0.1,3.0,step,0.0,0.0031777035588293387,1.2523764834987037,83.21121254276358,0.04192355117139334,0.9910714285714286,0.9206784481007516,0.9961734693877551,0.9254327563249002,1.0,0.4885204081632653,0.9579081632653061,0.12289167532289945,mu=0.003
occ_a0.10,moderate,200,4,fitted_moment,44.0,3.0,0.1,3.0,step,0.0,0.0031777035588293387,1.2523764834987037,83.21121254276358,0.03955500618046971,0.9910714285714286,0.12345679012345678,0.9961734693877551,0.14689880304678998,1.0,0.4744897959183674,0.9655612244897959,0.12964037734368145,mu=0.646
occ_a0.10,moderate,200,4,fitted_moment,80.0,3.0,0.1,3.0,step,0.0,0.0031777035588293387,1.2523764834987037,83.21121254276358,0.02875,0.9910714285714286,0.45384615384615384,0.9961734693877551,0.48623853211009177,1.0,0.9591836734693877,0.9783163265306123,0.12813514712306037,mu=0.00646
occ_a0.10,moderate,200,4,fitted_moment,160.0,3.0,0.1,3.0,step,0.0,0.0031777035588293387,1.2523764834987037,83.21121254276358,0.02386934673366834,0.9910714285714286,0.3786793953858393,0.9961734693877551,0.3964588144726713,1.0,0.9591836734693877,0.9706632653061225,0.12748951129307481,mu=0.003
occ_a0.10,moderate,200,4,comb_prod,40.0,3.0,0.1,3.0,step,0.0,0.0031777035588293387,1.2523764834987037,83.21121254276358,0.336464560204953,0.9910714285714286,0.7565461346633416,0.9961734693877551,0.9919041718298224,1.0,0.01020408163265306,0.01020408163265306,0.5884878858679481,
occ_a0.10,moderate,200,4,comb_prod,44.0,3.0,0.1,3.0,step,0.0,0.0031777035588293387,1.2523764834987037,83.21121254276358,0.9950449272682053,0.9910714285714286,0.99501954557339,0.9961734693877551,0.9950005101520253,1.0,0.0012755102040816326,0.0012755102040816326,0.9935112748274121,
occ_a0.10,moderate,200,4,normalized_half_comb,40.0,3.0,0.1,3.0,step,0.0,0.0031777035588293387,1.2523764834987037,83.21121254276358,0.9942009299409644,0.9910714285714286,0.9949921451700812,0.9961734693877551,0.9949732634035623,1.0,0.0,0.0,0.9985044444624626,
occ_a0.10,moderate,200,4,normalized_half_comb,44.0,3.0,0.1,3.0,step,0.0,0.0031777035588293387,1.2523764834987037,83.21121254276358,0.9949747768723322,0.9910714285714286,0.9949924020440746,0.9961734693877551,0.9949873404772257,1.0,0.0,0.0,0.9965581531375108,
occ_a0.10,moderate,200,5,classical_invA,,3.0,0.1,3.0,step,0.0,0.0031777035588293387,2.169980970318532,83.80039125890391,0.01631116687578419,0.9911504424778761,0.0186799501867995,0.9962073324905183,0.9802782487284333,1.0,0.4943109987357775,0.5018963337547409,1.0,fixed-tau 0.418: eff 0.0000 far 0.0000
occ_a0.10,moderate,200,5,fitted_moment,32.0,3.0,0.1,3.0,step,0.0,0.0031777035588293387,2.169980970318532,83.80039125890391,0.013836477987421384,0.9911504424778761,0.0186799501867995,0.9962073324905183,0.7531210986267166,1.0,0.4804045512010114,0.9848293299620733,0.1207078512497214,mu=0.003
occ_a0.10,moderate,200,5,fitted_moment,40.0,3.0,0.1,3.0,step,0.0,0.0031777035588293387,2.169980970318532,83.80039125890391,0.013836477987421384,0.9911504424778761,0.07075471698113207,0.9962073324905183,0.5593314763231197,1.0,0.95448798988622,0.9848293299620733,0.12576156926651144,mu=0.003
occ_a0.10,moderate,200,5,fitted_moment,44.0,3.0,0.1,3.0,step,0.0,0.0031777035588293387,2.169980970318532,83.80039125890391,0.02,0.9911504424778761,0.1273532668881506,0.9962073324905183,0.8894788319128126,1.0,0.95448798988622,0.9848293299620733,0.12701047306117275,mu=0.00646
occ_a0.10,moderate,200,5,fitted_moment,80.0,3.0,0.1,3.0,step,0.0,0.0031777035588293387,2.169980970318532,83.80039125890391,0.012594458438287154,0.9911504424778761,0.1425462459194777,0.9962073324905183,0.7759841404701218,1.0,0.9557522123893806,0.9873577749683944,0.12743765017526898,mu=0.0139
occ_a0.10,moderate,200,5,fitted_moment,160.0,3.0,0.1,3.0,step,0.0,0.0031777035588293387,2.169980970318532,83.80039125890391,0.011349306431273645,0.9911504424778761,0.0186799501867995,0.9962073324905183,0.27497708524289644,1.0,0.4943109987357775,0.9898862199747156,0.125387245405321,mu=6.46
occ_a0.10,moderate,200,5,comb_prod,40.0,3.0,0.1,3.0,step,0.0,0.0031777035588293387,2.169980970318532,83.80039125890391,0.9804009799510025,0.9911504424778761,0.980341773730822,0.9962073324905183,0.9918344172602457,1.0,0.0012642225031605564,0.0012642225031605564,0.8105536974161928,
occ_a0.10,moderate,200,5,comb_prod,44.0,3.0,0.1,3.0,step,0.0,0.0031777035588293387,2.169980970318532,83.80039125890391,0.28921124206708976,0.9911504424778761,0.29009009009009007,0.9962073324905183,0.9949787660841358,1.0,0.018963337547408345,0.49557522123893805,0.8810962870598131,
occ_a0.10,moderate,200,5,normalized_half_comb,40.0,3.0,0.1,3.0,step,0.0,0.0031777035588293387,2.169980970318532,83.80039125890391,0.9885220701266378,0.9911504424778761,0.9949694849467583,0.9962073324905183,0.9949929737051995,1.0,0.0,0.0,0.9987519291914442,
occ_a0.10,moderate,200,5,normalized_half_comb,44.0,3.0,0.1,3.0,step,0.0,0.0031777035588293387,2.169980970318532,83.80039125890391,0.9946001790756939,0.9911504424778761,0.9950118689666086,0.9962073324905183,0.9949995890939205,1.0,0.0,0.0,0.9974654838376483,
occ_a0.10,moderate,200,6,classical_invA,,3.0,0.1,3.0,step,0.0,0.0031777035588293387,2.023677007800726,83.60833689597797,0.08930669800235018,0.9910485933503836,0.13058035714285715,0.9961636828644501,0.9863544356808822,1.0,0.49104859335038364,0.49104859335038364,1.0,fixed-tau 0.418: eff 0.0000 far 0.0000
occ_a0.10,moderate,200,6,fitted_moment,32.0,3.0,0.1,3.0,step,0.0,0.0031777035588293387,2.023677007800726,83.60833689597797,0.03245942571785269,0.9910485933503836,0.19938335046248715,0.9961636828644501,0.9186433624635871,1.0,0.9667519181585678,0.9833759590792839,0.12020229118484622,mu=0.003
occ_a0.10,moderate,200,6,fitted_moment,40.0,3.0,0.1,3.0,step,0.0,0.0031777035588293387,2.023677007800726,83.60833689597797,0.034869240348692404,0.9910485933503836,0.06706586826347305,0.9961636828644501,0.7101556708673091,1.0,0.9578005115089514,0.9833759590792839,0.12715520062630395,mu=0.0646
occ_a0.10,moderate,200,6,fitted_moment,44.0,3.0,0.1,3.0,step,0.0,0.0031777035588293387,2.023677007800726,83.60833689597797,0.12031782065834279,0.9910485933503836,0.6207400194741967,0.9961636828644501,0.7001533742331288,1.0,0.959079283887468,0.9833759590792839,0.12784964842736082,mu=0.0139
occ_a0.10,moderate,200,6,fitted_moment,80.0,3.0,0.1,3.0,step,0.0,0.0031777035588293387,2.023677007800726,83.60833689597797,0.015247776365946633,0.9910485933503836,0.08675263774912075,0.9961636828644501,0.49121665582303187,1.0,0.9680306905370843,0.9884910485933504,0.12654732114233982,mu=0.003
occ_a0.10,moderate,200,6,fitted_moment,160.0,3.0,0.1,3.0,step,0.0,0.0031777035588293387,2.023677007800726,83.60833689597797,0.00641025641025641,0.9910485933503836,0.016414141414141416,0.9961636828644501,0.3718875502008032,1.0,0.979539641943734,0.9910485933503836,0.1269174726688496,mu=0.003
occ_a0.10,moderate,200,6,comb_prod,40.0,3.0,0.1,3.0,step,0.0,0.0031777035588293387,2.023677007800726,83.60833689597797,0.9805808213686136,0.9910485933503836,0.9804889044732755,0.9961636828644501,0.9947351058028291,1.0,0.0,0.24296675191815856,0.6738337709298993,
occ_a0.10,moderate,200,6,comb_prod,44.0,3.0,0.1,3.0,step,0.0,0.0031777035588293387,2.023677007800726,83.60833689597797,0.9934148476068282,0.9910485933503836,0.9950196910801964,0.9961636828644501,0.9950007991050024,1.0,0.0012787723785166241,0.0012787723785166241,0.9165711406191457,
occ_a0.10,moderate,200,6,normalized_half_comb,40.0,3.0,0.1,3.0,step,0.0,0.0031777035588293387,2.023677007800726,83.60833689597797,0.9942233585020982,0.9910485933503836,0.9949640241261386,0.9961636828644501,0.9950007671457065,1.0,0.0,0.0,0.998712875360835,
occ_a0.10,moderate,200,6,normalized_half_comb,44.0,3.0,0.1,3.0,step,0.0,0.0031777035588293387,2.023677007800726,83.60833689597797,0.9947156328626269,0.9910485933503836,0.9949780814853016,0.9961636828644501,0.9950007671457065,1.0,0.0,0.0,0.9970209800550169,
occ_a0.10,moderate,200,7,classical_invA,,3.0,0.1,3.0,step,0.0,0.0031777035588293387,1.0917878301763346,83.8008382137109,0.021144278606965175,0.9911838790931989,0.02345679012345679,0.9962216624685138,0.49873737373737376,1.0,0.0,0.0,1.0,fixed-tau 0.418: eff 0.0000 far 0.0000
occ_a0.10,moderate,200,7,fitted_moment,32.0,3.0,0.1,3.0,step,0.0,0.0031777035588293387,1.0917878301763346,83.8008382137109,0.018703241895261846,0.9911838790931989,0.05155875299760192,0.9962216624685138,0.8518656716417911,1.0,0.006297229219143577,0.9861460957178841,0.1282356205768709,mu=0.003
occ_a0.10,moderate,200,7,fitted_moment,40.0,3.0,0.1,3.0,step,0.0,0.0031777035588293387,1.0917878301763346,83.8008382137109,0.017478152309612985,0.9911838790931989,0.02345679012345679,0.9962216624685138,0.3544715447154472,1.0,0.4836272040302267,0.9848866498740554,0.12758253459462426,mu=0.003
occ_a0.10,moderate,200,7,fitted_moment,44.0,3.0,0.1,3.0,step,0.0,0.0031777035588293387,1.0917878301763346,83.8008382137109,0.01625,0.9911838790931989,0.022249690976514216,0.9962216624685138,0.5034396497811132,1.0,0.48488664987405544,0.982367758186398,0.12611535258648351,mu=0.003
occ_a0.10,moderate,200,7,fitted_moment,80.0,3.0,0.1,3.0,step,0.0,0.0031777035588293387,1.0917878301763346,83.8008382137109,0.018703241895261846,0.9911838790931989,0.2689463955637708,0.9962216624685138,0.9428612550374208,1.0,0.8123425692695214,0.9861460957178841,0.12358326691426148,mu=0.0646
occ_a0.10,moderate,200,7,fitted_moment,160.0,3.0,0.1,3.0,step,0.0,0.0031777035588293387,1.0917878301763346,83.8008382137109,0.013784461152882205,0.9911838790931989,0.02103960396039604,0.9962216624685138,0.12362030905077263,1.0,0.836272040302267,0.9874055415617129,0.12151472056383104,mu=0.00646
occ_a0.10,moderate,200,7,comb_prod,40.0,3.0,0.1,3.0,step,0.0,0.0031777035588293387,1.0917878301763346,83.8008382137109,0.3414225941422594,0.9911838790931989,0.34193011647254573,0.9962216624685138,0.9949874686716792,1.0,0.006297229219143577,0.49370277078085645,0.44689398989702644,
occ_a0.10,moderate,200,7,comb_prod,44.0,3.0,0.1,3.0,step,0.0,0.0031777035588293387,1.0917878301763346,83.8008382137109,0.9950377371577016,0.9911838790931989,0.9950126417866217,0.9962216624685138,0.9949938210890016,1.0,0.0,0.0,0.9884388970790908,
occ_a0.10,moderate,200,7,normalized_half_comb,40.0,3.0,0.1,3.0,step,0.0,0.0031777035588293387,1.0917878301763346,83.8008382137109,0.9927337525044087,0.9911838790931989,0.9926970908385881,0.9962216624685138,0.99499738528324,1.0,0.0,0.0,0.9984019322149621,
occ_a0.10,moderate,200,7,normalized_half_comb,44.0,3.0,0.1,3.0,step,0.0,0.0031777035588293387,1.0917878301763346,83.8008382137109,0.9947789512790575,0.9911838790931989,0.9947525540666048,0.9962216624685138,0.99499738528324,1.0,0.0,0.0,0.9964889732036445,
occ_a0.10,moderate,200,8,classical_invA,,3.0,0.1,3.0,step,0.0,0.0031777035588293387,2.0237223327673477,83.60035391261414,0.021410579345088162,0.9910714285714286,0.02375,0.9961734693877551,0.0688836104513064,1.0,0.4923469387755102,0.4961734693877551,1.0,fixed-tau 0.418: eff 0.0000 far 0.0000
occ_a0.10,moderate,200,8,fitted_moment,32.0,3.0,0.1,3.0,step,0.0,0.0031777035588293387,2.0237223327673477,83.60035391261414,0.016455696202531647,0.9910714285714286,0.020075282308657464,0.9961734693877551,0.0743801652892562,1.0,0.4885204081632653,0.9795918367346939,0.12401629953889581,mu=0.003
occ_a0.10,moderate,200,8,fitted_moment,40.0,3.0,0.1,3.0,step,0.0,0.0031777035588293387,2.0237223327673477,83.60035391261414,0.038366336633663366,0.9910714285714286,0.049878345498783457,0.9961734693877551,0.6018283392585069,1.0,0.9617346938775511,0.9808673469387755,0.12599009511783008,mu=0.0139
occ_a0.10,moderate,200,8,fitted_moment,44.0,3.0,0.1,3.0,step,0.0,0.0031777035588293387,2.0237223327673477,83.60035391261414,0.09228971962616822,0.9910714285714286,0.24831568816169394,0.9961734693877551,0.7275886031966643,1.0,0.9642857142857143,0.9808673469387755,0.12580217934579696,mu=0.00646
occ_a0.10,moderate,200,8,fitted_moment,80.0,3.0,0.1,3.0,step,0.0,0.0031777035588293387,2.0237223327673477,83.60035391261414,0.06722689075630252,0.9910714285714286,0.22365805168986083,0.9961734693877551,0.9486440455915105,1.0,0.9681122448979592,0.9821428571428571,0.12618546981251685,mu=0.0646
occ_a0.10,moderate,200,8,fitted_moment,160.0,3.0,0.1,3.0,step,0.0,0.0031777035588293387,2.0237223327673477,83.60035391261414,0.008928571428571428,0.9910714285714286,0.010139416983523447,0.9961734693877551,0.013836477987421384,1.0,0.9744897959183674,0.9948979591836735,0.12604790212386402,mu=0.003
occ_a0.10,moderate,200,8,comb_prod,40.0,3.0,0.1,3.0,step,0.0,0.0031777035588293387,2.0237223327673477,83.60035391261414,0.1956521739130435,0.9910714285714286,0.990048166365096,0.9961734693877551,0.9933289086298736,1.0,0.2423469387755102,0.24744897959183673,0.8754666107944583,
occ_a0.10,moderate,200,8,comb_prod,44.0,3.0,0.1,3.0,step,0.0,0.0031777035588293387,2.0237223327673477,83.60035391261414,0.9807487425980526,0.9910714285714286,0.9901500819775507,0.9961734693877551,0.9950001275477667,1.0,0.23979591836734693,0.4923469387755102,0.8395405296756607,
occ_a0.10,moderate,200,8,normalized_half_comb,40.0,3.0,0.1,3.0,step,0.0,0.0031777035588293387,2.0237223327673477,83.60035391261414,0.9901538383556784,0.9910714285714286,0.9949614203504425,0.9961734693877551,0.9949791866794748,1.0,0.0,0.0,0.9987705902661114,
occ_a0.10,moderate,200,8,normalized_half_comb,44.0,3.0,0.1,3.0,step,0.0,0.0031777035588293387,2.0237223327673477,83.60035391261414,0.9944984529111468,0.9910714285714286,0.9949983028812593,0.9961734693877551,0.9949956595005872,1.0,0.0,0.0,0.9974343620368872,
occ_a0.10,moderate,200,9,classical_invA,,3.0,0.1,3.0,step,0.0,0.0031777035588293387,2.0237815791413625,83.40022702705447,0.020151133501259445,0.9910828025477707,0.3276010318142734,0.9961783439490446,0.9564131038312049,1.0,0.49171974522292994,0.4942675159235669,1.0,fixed-tau 0.418: eff 0.0000 far 0.0000
occ_a0.10,moderate,200,9,fitted_moment,32.0,3.0,0.1,3.0,step,0.0,0.0031777035588293387,2.0237815791413625,83.40022702705447,0.0275,0.9910828025477707,0.3605887162714636,0.9961783439490446,0.8650970957209142,1.0,0.9656050955414013,0.9796178343949045,0.1311175377998436,mu=0.003
occ_a0.10,moderate,200,9,fitted_moment,40.0,3.0,0.1,3.0,step,0.0,0.0031777035588293387,2.0237815791413625,83.40022702705447,0.2990990990990991,0.9910828025477707,0.8922419732671903,0.9961783439490446,0.91417951240844,1.0,0.9694267515923567,0.9808917197452229,0.12286785511814803,mu=0.003
occ_a0.10,moderate,200,9,fitted_moment,44.0,3.0,0.1,3.0,step,0.0,0.0031777035588293387,2.0237815791413625,83.40022702705447,0.6717299578059072,0.9910828025477707,0.7554721701063164,0.9961783439490446,0.9914797086820141,1.0,0.9656050955414013,0.9808917197452229,0.12467796189865347,mu=0.003
occ_a0.10,moderate,200,9,fitted_moment,80.0,3.0,0.1,3.0,step,0.0,0.0031777035588293387,2.0237815791413625,83.40022702705447,0.044226044226044224,0.9910828025477707,0.47901399067288475,0.9961783439490446,0.4955012853470437,1.0,0.9681528662420382,0.9847133757961783,0.12521081663190692,mu=0.003
occ_a0.10,moderate,200,9,fitted_moment,160.0,3.0,0.1,3.0,step,0.0,0.0031777035588293387,2.0237815791413625,83.40022702705447,0.007653061224489796,0.9910828025477707,0.2712022367194781,0.9961783439490446,0.3107989464442493,1.0,0.978343949044586,0.9949044585987261,0.12568509931294017,mu=0.003
occ_a0.10,moderate,200,9,comb_prod,40.0,3.0,0.1,3.0,step,0.0,0.0031777035588293387,2.0237815791413625,83.40022702705447,0.9806178375685102,0.9910828025477707,0.9933430945246526,0.9961783439490446,0.9950002229199972,1.0,0.0012738853503184713,0.4929936305732484,0.8888941513878811,
occ_a0.10,moderate,200,9,comb_prod,44.0,3.0,0.1,3.0,step,0.0,0.0031777035588293387,2.0237815791413625,83.40022702705447,0.9950446806748916,0.9910828025477707,0.9950194255142985,0.9961783439490446,0.9950004458201179,1.0,0.003821656050955414,0.49044585987261147,0.9971270228648162,
occ_a0.10,moderate,200,9,normalized_half_comb,40.0,3.0,0.1,3.0,step,0.0,0.0031777035588293387,2.0237815791413625,83.40022702705447,0.9946569236791681,0.9910828025477707,0.9950125960649255,0.9961783439490446,0.9949938140122189,1.0,0.0,0.0,0.9987513241494003,
occ_a0.10,moderate,200,9,normalized_half_comb,44.0,3.0,0.1,3.0,step,0.0,0.0031777035588293387,2.0237815791413625,83.40022702705447,0.9949490686939642,0.9910828025477707,0.9950128505194415,0.9961783439490446,0.9949940055607989,1.0,0.0,0.0,0.9971866283357862,
eps_s1.5,moderate,200,0,classical_invA,,3.0,0.0,1.5,step,0.0,0.0015889583070265037,2.1522409349774234,5.847759065022572,0.9950003821363972,1.0,0.9950003821363972,1.0,0.9950003821363972,1.0,0.4318471337579618,0.8904458598726115,1.0,fixed-tau 0.350: eff 0.8904 far 0.0014
eps_s1.5,moderate,200,0,fitted_moment,32.0,3.0,0.0,1.5,step,0.0,0.0015889583070265037,2.1522409349774234,5.847759065022572,0.9949996178051825,1.0,0.9949996178051825,1.0,0.9949996178051825,1.0,0.889171974522293,0.8904458598726115,0.10876582725520845,mu=0.003
eps_s1.5,moderate,200,0,fitted_moment,40.0,3.0,0.0,1.5,step,0.0,0.0015889583070265037,2.1522409349774234,5.847759065022572,0.9949996178051825,1.0,0.9949996178051825,1.0,0.9949996178051825,1.0,0.889171974522293,0.8904458598726115,0.10876582672048159,mu=0.003
eps_s1.5,moderate,200,0,fitted_moment,44.0,3.0,0.0,1.5,step,0.0,0.0015889583070265037,2.1522409349774234,5.847759065022572,0.9950003821363972,1.0,0.9950003821363972,1.0,0.9950003821363972,1.0,0.889171974522293,0.8904458598726115,0.10876582648115198,mu=0.003
eps_s1.5,moderate,200,0,fitted_moment,80.0,3.0,0.0,1.5,step,0.0,0.0015889583070265037,2.1522409349774234,5.847759065022572,0.9950003821363972,1.0,0.9950003821363972,1.0,0.9950003821363972,1.0,0.889171974522293,0.8904458598726115,0.1087658255853399,mu=0.003
eps_s1.5,moderate,200,0,fitted_moment,160.0,3.0,0.0,1.5,step,0.0,0.0015889583070265037,2.1522409349774234,5.847759065022572,0.9950003821363972,1.0,0.9950003821363972,1.0,0.9950003821363972,1.0,0.889171974522293,0.8904458598726115,0.10876582497045474,mu=0.003
eps_s1.5,moderate,200,0,comb_prod,40.0,3.0,0.0,1.5,step,0.0,0.0015889583070265037,2.1522409349774234,5.847759065022572,0.9950003821363972,1.0,0.9950003821363972,1.0,0.9950003821363972,1.0,0.8878980891719745,0.8904458598726115,0.24020978858205874,
eps_s1.5,moderate,200,0,comb_prod,44.0,3.0,0.0,1.5,step,0.0,0.0015889583070265037,2.1522409349774234,5.847759065022572,0.9950003821363972,1.0,0.9950003821363972,1.0,0.9950003821363972,1.0,0.8878980891719745,0.8904458598726115,0.14380792401136858,
eps_s1.5,moderate,200,0,normalized_half_comb,40.0,3.0,0.0,1.5,step,0.0,0.0015889583070265037,2.1522409349774234,5.847759065022572,0.9950003821363972,1.0,0.9950003821363972,1.0,0.9950003821363972,1.0,0.8089171974522293,0.8101910828025478,0.18787036191344286,
eps_s1.5,moderate,200,0,normalized_half_comb,44.0,3.0,0.0,1.5,step,0.0,0.0015889583070265037,2.1522409349774234,5.847759065022572,0.9950003821363972,1.0,0.9950003821363972,1.0,0.9950003821363972,1.0,0.8089171974522293,0.8101910828025478,0.1153916295951845,
eps_s1.5,moderate,200,1,classical_invA,,3.0,0.0,1.5,step,0.0,0.0015889583070265037,2.152240934977427,5.847759065022575,0.9950010293890575,1.0,0.9950010293890575,1.0,0.9950010293890575,1.0,0.4195624195624196,0.8661518661518661,1.0,fixed-tau 0.350: eff 0.8662 far 0.0044
eps_s1.5,moderate,200,1,fitted_moment,32.0,3.0,0.0,1.5,step,0.0,0.0015889583070265037,2.152240934977427,5.847759065022575,0.9950010293890575,1.0,0.9950010293890575,1.0,0.9950010293890575,1.0,0.47876447876447875,0.8661518661518661,0.10253479411332411,mu=0.003
eps_s1.5,moderate,200,1,fitted_moment,40.0,3.0,0.0,1.5,step,0.0,0.0015889583070265037,2.152240934977427,5.847759065022575,0.9950010293890575,1.0,0.9950010293890575,1.0,0.9950010293890575,1.0,0.47876447876447875,0.8661518661518661,0.10253477339321435,mu=0.003
eps_s1.5,moderate,200,1,fitted_moment,44.0,3.0,0.0,1.5,step,0.0,0.0015889583070265037,2.152240934977427,5.847759065022575,0.9950010293890575,1.0,0.9950010293890575,1.0,0.9950010293890575,1.0,0.47876447876447875,0.8661518661518661,0.10253476541905873,mu=0.003
eps_s1.5,moderate,200,1,fitted_moment,80.0,3.0,0.0,1.5,step,0.0,0.0015889583070265037,2.152240934977427,5.847759065022575,0.9950010293890575,1.0,0.9950010293890575,1.0,0.9950010293890575,1.0,0.47876447876447875,0.8661518661518661,0.10253472271699388,mu=0.003
eps_s1.5,moderate,200,1,fitted_moment,160.0,3.0,0.0,1.5,step,0.0,0.0015889583070265037,2.152240934977427,5.847759065022575,0.9950010293890575,1.0,0.9950010293890575,1.0,0.9950010293890575,1.0,0.47876447876447875,0.8661518661518661,0.10253469995184822,mu=0.003
eps_s1.5,moderate,200,1,comb_prod,40.0,3.0,0.0,1.5,step,0.0,0.0015889583070265037,2.152240934977427,5.847759065022575,0.9950010293890575,1.0,0.9950010293890575,1.0,0.9950010293890575,1.0,0.3861003861003861,0.8661518661518661,0.2411391747620089,
eps_s1.5,moderate,200,1,comb_prod,44.0,3.0,0.0,1.5,step,0.0,0.0015889583070265037,2.152240934977427,5.847759065022575,0.9950010293890575,1.0,0.9950010293890575,1.0,0.9950010293890575,1.0,0.5791505791505791,0.8661518661518661,0.1427917225393848,
eps_s1.5,moderate,200,1,normalized_half_comb,40.0,3.0,0.0,1.5,step,0.0,0.0015889583070265037,2.152240934977427,5.847759065022575,0.9950010293890575,1.0,0.9950010293890575,1.0,0.9950010293890575,1.0,0.0,0.7812097812097812,0.1878875022725463,
eps_s1.5,moderate,200,1,normalized_half_comb,44.0,3.0,0.0,1.5,step,0.0,0.0015889583070265037,2.152240934977427,5.847759065022575,0.9950010293890575,1.0,0.9950010293890575,1.0,0.9950010293890575,1.0,0.0,0.7812097812097812,0.11402564772407688,
eps_s1.5,moderate,200,2,classical_invA,,3.0,0.0,1.5,step,0.0,0.0015889583070265037,2.152240934977426,5.847759065022573,0.9950000630509073,1.0,0.9950000630509073,1.0,0.9950000630509073,1.0,0.4426229508196721,0.9117276166456494,1.0000000000000002,fixed-tau 0.350: eff 0.9117 far 0.0041
eps_s1.5,moderate,200,2,fitted_moment,32.0,3.0,0.0,1.5,step,0.0,0.0015889583070265037,2.152240934977426,5.847759065022573,0.9950000630509073,1.0,0.9950000630509073,1.0,0.9950000630509073,1.0,0.9079445145018915,0.9117276166456494,0.11008777247917605,mu=0.003
eps_s1.5,moderate,200,2,fitted_moment,40.0,3.0,0.0,1.5,step,0.0,0.0015889583070265037,2.152240934977426,5.847759065022573,0.9950000630509073,1.0,0.9950000630509073,1.0,0.9950000630509073,1.0,0.9079445145018915,0.9117276166456494,0.11008777170966116,mu=0.003
eps_s1.5,moderate,200,2,fitted_moment,44.0,3.0,0.0,1.5,step,0.0,0.0015889583070265037,2.152240934977426,5.847759065022573,0.9950000630509073,1.0,0.9950000630509073,1.0,0.9950000630509073,1.0,0.9079445145018915,0.9117276166456494,0.11008777137182506,mu=0.003
eps_s1.5,moderate,200,2,fitted_moment,80.0,3.0,0.0,1.5,step,0.0,0.0015889583070265037,2.152240934977426,5.847759065022573,0.9950000630509073,1.0,0.9950000630509073,1.0,0.9950000630509073,1.0,0.9079445145018915,0.9117276166456494,0.11008777029434089,mu=0.003
eps_s1.5,moderate,200,2,fitted_moment,160.0,3.0,0.0,1.5,step,0.0,0.0015889583070265037,2.152240934977426,5.847759065022573,0.9950000630509073,1.0,0.9950000630509073,1.0,0.9950000630509073,1.0,0.9079445145018915,0.9117276166456494,0.11008776961956289,mu=0.003
eps_s1.5,moderate,200,2,comb_prod,40.0,3.0,0.0,1.5,step,0.0,0.0015889583070265037,2.152240934977426,5.847759065022573,0.9950000630509073,1.0,0.9950000630509073,1.0,0.9950000630509073,1.0,0.9041614123581336,0.9117276166456494,0.24020678036071338,
eps_s1.5,moderate,200,2,comb_prod,44.0,3.0,0.0,1.5,step,0.0,0.0015889583070265037,2.152240934977426,5.847759065022573,0.9950000630509073,1.0,0.9950000630509073,1.0,0.9950000630509073,1.0,0.9041614123581336,0.9117276166456494,0.1445264184467471,
eps_s1.5,moderate,200,2,normalized_half_comb,40.0,3.0,0.0,1.5,step,0.0,0.0015889583070265037,2.152240934977426,5.847759065022573,0.9950000630509073,1.0,0.9950000630509073,1.0,0.9950000630509073,1.0,0.8284993694829761,0.832282471626734,0.18836133175868455,
eps_s1.5,moderate,200,2,normalized_half_comb,44.0,3.0,0.0,1.5,step,0.0,0.0015889583070265037,2.152240934977426,5.847759065022573,0.9950000630509073,1.0,0.9950000630509073,1.0,0.9950000630509073,1.0,0.8284993694829761,0.832282471626734,0.11670404008019608,
eps_s1.5,moderate,200,3,classical_invA,,3.0,0.0,1.5,step,0.0,0.0015889583070265037,2.1522409349774265,5.847759065022572,0.9950005101520253,1.0,0.9950005101520253,1.0,0.9950005101520253,1.0,0.41964285714285715,0.8839285714285714,1.0,fixed-tau 0.350: eff 0.8839 far 0.0029
eps_s1.5,moderate,200,3,fitted_moment,32.0,3.0,0.0,1.5,step,0.0,0.0015889583070265037,2.1522409349774265,5.847759065022572,0.9950005101520253,1.0,0.9950005101520253,1.0,0.9950005101520253,1.0,0.8813775510204082,0.8839285714285714,0.10792046990286115,mu=0.003
eps_s1.5,moderate,200,3,fitted_moment,40.0,3.0,0.0,1.5,step,0.0,0.0015889583070265037,2.1522409349774265,5.847759065022572,0.9950005101520253,1.0,0.9950005101520253,1.0,0.9950005101520253,1.0,0.8813775510204082,0.8839285714285714,0.10792046916954602,mu=0.003
eps_s1.5,moderate,200,3,fitted_moment,44.0,3.0,0.0,1.5,step,0.0,0.0015889583070265037,2.1522409349774265,5.847759065022572,0.9950005101520253,1.0,0.9950005101520253,1.0,0.9950005101520253,1.0,0.8813775510204082,0.8839285714285714,0.10792046884661152,mu=0.003
eps_s1.5,moderate,200,3,fitted_moment,80.0,3.0,0.0,1.5,step,0.0,0.0015889583070265037,2.1522409349774265,5.847759065022572,0.9950005101520253,1.0,0.9950005101520253,1.0,0.9950005101520253,1.0,0.8813775510204082,0.8839285714285714,0.10792046778301011,mu=0.003
eps_s1.5,moderate,200,3,fitted_moment,160.0,3.0,0.0,1.5,step,0.0,0.0015889583070265037,2.1522409349774265,5.847759065022572,0.9950005101520253,1.0,0.9950005101520253,1.0,0.9950005101520253,1.0,0.8813775510204082,0.8839285714285714,0.10792046710396715,mu=0.003
eps_s1.5,moderate,200,3,comb_prod,40.0,3.0,0.0,1.5,step,0.0,0.0015889583070265037,2.1522409349774265,5.847759065022572,0.9950005101520253,1.0,0.9950005101520253,1.0,0.9950005101520253,1.0,0.8788265306122449,0.8839285714285714,0.24292683990113714,
eps_s1.5,moderate,200,3,comb_prod,44.0,3.0,0.0,1.5,step,0.0,0.0015889583070265037,2.1522409349774265,5.847759065022572,0.9950005101520253,1.0,0.9950005101520253,1.0,0.9950005101520253,1.0,0.8788265306122449,0.8839285714285714,0.14275880438685895,
eps_s1.5,moderate,200,3,normalized_half_comb,40.0,3.0,0.0,1.5,step,0.0,0.0015889583070265037,2.1522409349774265,5.847759065022572,0.9950005101520253,1.0,0.9950005101520253,1.0,0.9950005101520253,1.0,0.7474489795918368,0.75,0.18778996992285538,
eps_s1.5,moderate,200,3,normalized_half_comb,44.0,3.0,0.0,1.5,step,0.0,0.0015889583070265037,2.1522409349774265,5.847759065022572,0.9950005101520253,1.0,0.9950005101520253,1.0,0.9950005101520253,1.0,0.7474489795918368,0.75,0.11230670800852191,
eps_s1.5,moderate,200,4,classical_invA,,3.0,0.0,1.5,step,0.0,0.0015889583070265037,2.097886967409693,5.902113032590308,0.9950005101520253,1.0,0.9950005101520253,1.0,0.9950005101520253,1.0,0.4221938775510204,0.8762755102040817,0.9999999999999998,fixed-tau 0.350: eff 0.8763 far 0.0087
eps_s1.5,moderate,200,4,fitted_moment,32.0,3.0,0.0,1.5,step,0.0,0.0015889583070265037,2.097886967409693,5.902113032590308,0.9950005101520253,1.0,0.9950005101520253,1.0,0.9950005101520253,1.0,0.8711734693877551,0.8762755102040817,0.10752992722773104,mu=0.003
eps_s1.5,moderate,200,4,fitted_moment,40.0,3.0,0.0,1.5,step,0.0,0.0015889583070265037,2.097886967409693,5.902113032590308,0.9950005101520253,1.0,0.9950005101520253,1.0,0.9950005101520253,1.0,0.8711734693877551,0.8762755102040817,0.10752992573446535,mu=0.003
eps_s1.5,moderate,200,4,fitted_moment,44.0,3.0,0.0,1.5,step,0.0,0.0015889583070265037,2.097886967409693,5.902113032590308,0.9950005101520253,1.0,0.9950005101520253,1.0,0.9950005101520253,1.0,0.8711734693877551,0.8762755102040817,0.10752992547276777,mu=0.003
eps_s1.5,moderate,200,4,fitted_moment,80.0,3.0,0.0,1.5,step,0.0,0.0015889583070265037,2.097886967409693,5.902113032590308,0.9950005101520253,1.0,0.9950005101520253,1.0,0.9950005101520253,1.0,0.8711734693877551,0.8762755102040817,0.10752992227368705,mu=0.003
eps_s1.5,moderate,200,4,fitted_moment,160.0,3.0,0.0,1.5,step,0.0,0.0015889583070265037,2.097886967409693,5.902113032590308,0.9950005101520253,1.0,0.9950005101520253,1.0,0.9950005101520253,1.0,0.8711734693877551,0.8762755102040817,0.10752992097745184,mu=0.003
eps_s1.5,moderate,200,4,comb_prod,40.0,3.0,0.0,1.5,step,0.0,0.0015889583070265037,2.097886967409693,5.902113032590308,0.9950005101520253,1.0,0.9950005101520253,1.0,0.9950005101520253,1.0,0.860969387755102,0.8762755102040817,0.27157851642906367,
eps_s1.5,moderate,200,4,comb_prod,44.0,3.0,0.0,1.5,step,0.0,0.0015889583070265037,2.097886967409693,5.902113032590308,0.9950005101520253,1.0,0.9950005101520253,1.0,0.9950005101520253,1.0,0.860969387755102,0.8762755102040817,0.17265860236379368,
eps_s1.5,moderate,200,4,normalized_half_comb,40.0,3.0,0.0,1.5,step,0.0,0.0015889583070265037,2.097886967409693,5.902113032590308,0.9950005101520253,1.0,0.9950005101520253,1.0,0.9950005101520253,1.0,0.7525510204081632,0.7602040816326531,0.18778278127436326,
eps_s1.5,moderate,200,4,normalized_half_comb,44.0,3.0,0.0,1.5,step,0.0,0.0015889583070265037,2.097886967409693,5.902113032590308,0.9950005101520253,1.0,0.9950005101520253,1.0,0.9950005101520253,1.0,0.7525510204081632,0.7602040816326531,0.11257384439137842,
eps_s1.5,moderate,200,5,classical_invA,,3.0,0.0,1.5,step,0.0,0.0015889583070265037,2.152240934977427,5.847759065022574,0.9950000632103261,1.0,0.9950000632103261,1.0,0.9950000632103261,1.0,0.41845764854614415,0.8621997471554994,1.0000000000000002,fixed-tau 0.350: eff 0.8622 far 0.0029
eps_s1.5,moderate,200,5,fitted_moment,32.0,3.0,0.0,1.5,step,0.0,0.0015889583070265037,2.152240934977427,5.847759065022574,0.9950000632103261,1.0,0.9950000632103261,1.0,0.9950000632103261,1.0,0.8584070796460177,0.8621997471554994,0.10511144405874968,mu=0.003
eps_s1.5,moderate,200,5,fitted_moment,40.0,3.0,0.0,1.5,step,0.0,0.0015889583070265037,2.152240934977427,5.847759065022574,0.994998387596507,1.0,0.994998387596507,1.0,0.994998387596507,1.0,0.8596713021491783,0.8621997471554994,0.10511143833342616,mu=0.003
eps_s1.5,moderate,200,5,fitted_moment,44.0,3.0,0.0,1.5,step,0.0,0.0015889583070265037,2.152240934977427,5.847759065022574,0.9950000632103261,1.0,0.9950000632103261,1.0,0.9950000632103261,1.0,0.8596713021491783,0.8621997471554994,0.1051114360006293,mu=0.003
eps_s1.5,moderate,200,5,fitted_moment,80.0,3.0,0.0,1.5,step,0.0,0.0015889583070265037,2.152240934977427,5.847759065022574,0.994998387596507,1.0,0.994998387596507,1.0,0.994998387596507,1.0,0.809102402022756,0.8621997471554994,0.10511142780411911,mu=0.003
eps_s1.5,moderate,200,5,fitted_moment,160.0,3.0,0.0,1.5,step,0.0,0.0015889583070265037,2.152240934977427,5.847759065022574,0.9950000632103261,1.0,0.9950000632103261,1.0,0.9950000632103261,1.0,0.8596713021491783,0.8621997471554994,0.10511142255023313,mu=0.003
eps_s1.5,moderate,200,5,comb_prod,40.0,3.0,0.0,1.5,step,0.0,0.0015889583070265037,2.152240934977427,5.847759065022574,0.9950000632103261,1.0,0.9950000632103261,1.0,0.9950000632103261,1.0,0.8065739570164349,0.8621997471554994,0.24075298709579993,
eps_s1.5,moderate,200,5,comb_prod,44.0,3.0,0.0,1.5,step,0.0,0.0015889583070265037,2.152240934977427,5.847759065022574,0.9950000632103261,1.0,0.9950000632103261,1.0,0.9950000632103261,1.0,0.8065739570164349,0.8621997471554994,0.14277940838741487,
eps_s1.5,moderate,200,5,normalized_half_comb,40.0,3.0,0.0,1.5,step,0.0,0.0015889583070265037,2.152240934977427,5.847759065022574,0.9950000632103261,1.0,0.9950000632103261,1.0,0.9950000632103261,1.0,0.7825537294563844,0.7838179519595448,0.18771168769058363,
eps_s1.5,moderate,200,5,normalized_half_comb,44.0,3.0,0.0,1.5,step,0.0,0.0015889583070265037,2.152240934977427,5.847759065022574,0.9950000632103261,1.0,0.9950000632103261,1.0,0.9950000632103261,1.0,0.7825537294563844,0.7838179519595448,0.11401370323709337,
eps_s1.5,moderate,200,6,classical_invA,,3.0,0.0,1.5,step,0.0,0.0015889583070265037,2.3819660112501055,5.618033988749895,0.9950008310638896,1.0,0.9950008310638896,1.0,0.9950008310638896,1.0,0.3734015345268542,0.8542199488491049,0.9999999999999998,fixed-tau 0.350: eff 0.8542 far 0.0045
eps_s1.5,moderate,200,6,fitted_moment,32.0,3.0,0.0,1.5,step,0.0,0.0015889583070265037,2.3819660112501055,5.618033988749895,0.9950008310638896,1.0,0.9950008310638896,1.0,0.9950008310638896,1.0,0.7468030690537084,0.8542199488491049,0.10121050206926535,mu=0.003
eps_s1.5,moderate,200,6,fitted_moment,40.0,3.0,0.0,1.5,step,0.0,0.0015889583070265037,2.3819660112501055,5.618033988749895,0.9950008310638896,1.0,0.9950008310638896,1.0,0.9950008310638896,1.0,0.7468030690537084,0.8542199488491049,0.10121050230669135,mu=0.003
eps_s1.5,moderate,200,6,fitted_moment,44.0,3.0,0.0,1.5,step,0.0,0.0015889583070265037,2.3819660112501055,5.618033988749895,0.9950008310638896,1.0,0.9950008310638896,1.0,0.9950008310638896,1.0,0.7468030690537084,0.8542199488491049,0.10121050227665478,mu=0.003
eps_s1.5,moderate,200,6,fitted_moment,80.0,3.0,0.0,1.5,step,0.0,0.0015889583070265037,2.3819660112501055,5.618033988749895,0.9950055316454887,0.9987212276214834,0.9950055316454887,0.9987212276214834,0.9950008310638896,1.0,0.7468030690537084,0.8542199488491049,0.10121050210872233,mu=0.003
eps_s1.5,moderate,200,6,fitted_moment,160.0,3.0,0.0,1.5,step,0.0,0.0015889583070265037,2.3819660112501055,5.618033988749895,0.9950055316454887,0.9987212276214834,0.9950055316454887,0.9987212276214834,0.9950008310638896,1.0,0.7468030690537084,0.8542199488491049,0.10121050202745456,mu=0.003
eps_s1.5,moderate,200,6,comb_prod,40.0,3.0,0.0,1.5,step,0.0,0.0015889583070265037,2.3819660112501055,5.618033988749895,0.9950008310638896,1.0,0.9950008310638896,1.0,0.9950008310638896,1.0,0.782608695652174,0.8542199488491049,0.10862830192588176,
eps_s1.5,moderate,200,6,comb_prod,44.0,3.0,0.0,1.5,step,0.0,0.0015889583070265037,2.3819660112501055,5.618033988749895,0.9950008310638896,1.0,0.9950008310638896,1.0,0.9950008310638896,1.0,0.782608695652174,0.8542199488491049,0.12720861793331273,
eps_s1.5,moderate,200,6,normalized_half_comb,40.0,3.0,0.0,1.5,step,0.0,0.0015889583070265037,2.3819660112501055,5.618033988749895,0.9950008310638896,1.0,0.9950008310638896,1.0,0.9950008310638896,1.0,0.7468030690537084,0.7468030690537084,0.18739290937098174,
eps_s1.5,moderate,200,6,normalized_half_comb,44.0,3.0,0.0,1.5,step,0.0,0.0015889583070265037,2.3819660112501055,5.618033988749895,0.9950008310638896,1.0,0.9950008310638896,1.0,0.9950008310638896,1.0,0.7468030690537084,0.7468030690537084,0.11195365937920085,
eps_s1.5,moderate,200,7,classical_invA,,3.0,0.0,1.5,step,0.0,0.0015889583070265037,1.9471191599662834,6.052880840033717,0.9950000314859478,1.0,0.9950000314859478,1.0,0.9950000314859478,1.0,0.4244332493702771,0.8664987405541562,1.0,fixed-tau 0.350: eff 0.8665 far 0.0086
eps_s1.5,moderate,200,7,fitted_moment,32.0,3.0,0.0,1.5,step,0.0,0.0015889583070265037,1.9471191599662834,6.052880840033717,0.9950000314859478,1.0,0.9950000314859478,1.0,0.9950000314859478,1.0,0.8614609571788413,0.8664987405541562,0.107637925485867,mu=0.003
eps_s1.5,moderate,200,7,fitted_moment,40.0,3.0,0.0,1.5,step,0.0,0.0015889583070265037,1.9471191599662834,6.052880840033717,0.994999086734983,1.0,0.994999086734983,1.0,0.994999086734983,1.0,0.8614609571788413,0.8664987405541562,0.10763792326465127,mu=0.003
eps_s1.5,moderate,200,7,fitted_moment,44.0,3.0,0.0,1.5,step,0.0,0.0015889583070265037,1.9471191599662834,6.052880840033717,0.9950000314859478,1.0,0.9950000314859478,1.0,0.9950000314859478,1.0,0.8614609571788413,0.8664987405541562,0.10763792321264455,mu=0.003
eps_s1.5,moderate,200,7,fitted_moment,80.0,3.0,0.0,1.5,step,0.0,0.0015889583070265037,1.9471191599662834,6.052880840033717,0.995,1.0,0.995,1.0,0.995,1.0,0.8614609571788413,0.8664987405541562,0.10763791926410511,mu=0.003
eps_s1.5,moderate,200,7,fitted_moment,160.0,3.0,0.0,1.5,step,0.0,0.0015889583070265037,1.9471191599662834,6.052880840033717,0.995,1.0,0.995,1.0,0.995,1.0,0.8614609571788413,0.8664987405541562,0.10763791726876952,mu=0.003
eps_s1.5,moderate,200,7,comb_prod,40.0,3.0,0.0,1.5,step,0.0,0.0015889583070265037,1.9471191599662834,6.052880840033717,0.9950000314859478,1.0,0.9950000314859478,1.0,0.9950000314859478,1.0,0.7909319899244333,0.8614609571788413,0.2877117093316886,
eps_s1.5,moderate,200,7,comb_prod,44.0,3.0,0.0,1.5,step,0.0,0.0015889583070265037,1.9471191599662834,6.052880840033717,0.9950250322743159,0.9949622166246851,0.9950187662157737,0.9962216624685138,0.9950000314859478,1.0,0.7909319899244333,0.8602015113350125,0.24881228094538715,
eps_s1.5,moderate,200,7,normalized_half_comb,40.0,3.0,0.0,1.5,step,0.0,0.0015889583070265037,1.9471191599662834,6.052880840033717,0.9950000314859478,1.0,0.9950000314859478,1.0,0.9950000314859478,1.0,0.0012594458438287153,0.8060453400503779,0.18809811306658725,
eps_s1.5,moderate,200,7,normalized_half_comb,44.0,3.0,0.0,1.5,step,0.0,0.0015889583070265037,1.9471191599662834,6.052880840033717,0.9950000314859478,1.0,0.9950000314859478,1.0,0.9950000314859478,1.0,0.0012594458438287153,0.8060453400503779,0.11527779606032569,
eps_s1.5,moderate,200,8,classical_invA,,3.0,0.0,1.5,step,0.0,0.0015889583070265037,2.1522409349774256,5.847759065022574,0.9950001275477667,1.0,0.9950001275477667,1.0,0.9950001275477667,1.0,0.4094387755102041,0.8533163265306123,1.0,fixed-tau 0.350: eff 0.8533 far 0.0030
eps_s1.5,moderate,200,8,fitted_moment,32.0,3.0,0.0,1.5,step,0.0,0.0015889583070265037,2.1522409349774256,5.847759065022574,0.9950001275477667,1.0,0.9950001275477667,1.0,0.9950001275477667,1.0,0.8494897959183674,0.8533163265306123,0.10622653459457575,mu=0.003
eps_s1.5,moderate,200,8,fitted_moment,40.0,3.0,0.0,1.5,step,0.0,0.0015889583070265037,2.1522409349774256,5.847759065022574,0.9950001275477667,1.0,0.9950001275477667,1.0,0.9950001275477667,1.0,0.8494897959183674,0.8533163265306123,0.10622653385038984,mu=0.003
eps_s1.5,moderate,200,8,fitted_moment,44.0,3.0,0.0,1.5,step,0.0,0.0015889583070265037,2.1522409349774256,5.847759065022574,0.9950001275477667,1.0,0.9950001275477667,1.0,0.9950001275477667,1.0,0.8494897959183674,0.8533163265306123,0.10622653352407463,mu=0.003
eps_s1.5,moderate,200,8,fitted_moment,80.0,3.0,0.0,1.5,step,0.0,0.0015889583070265037,2.1522409349774256,5.847759065022574,0.9950001275477667,1.0,0.9950001275477667,1.0,0.9950001275477667,1.0,0.8494897959183674,0.8533163265306123,0.10622653231460251,mu=0.003
eps_s1.5,moderate,200,8,fitted_moment,160.0,3.0,0.0,1.5,step,0.0,0.0015889583070265037,2.1522409349774256,5.847759065022574,0.9950001275477667,1.0,0.9950001275477667,1.0,0.9950001275477667,1.0,0.8494897959183674,0.8533163265306123,0.10622653141389415,mu=0.003
eps_s1.5,moderate,200,8,comb_prod,40.0,3.0,0.0,1.5,step,0.0,0.0015889583070265037,2.1522409349774256,5.847759065022574,0.9950001275477667,1.0,0.9950001275477667,1.0,0.9950001275477667,1.0,0.7461734693877551,0.8533163265306123,0.2420775085578553,
eps_s1.5,moderate,200,8,comb_prod,44.0,3.0,0.0,1.5,step,0.0,0.0015889583070265037,2.1522409349774256,5.847759065022574,0.9950001275477667,1.0,0.9950001275477667,1.0,0.9950001275477667,1.0,0.7461734693877551,0.8533163265306123,0.14217077901589842,
eps_s1.5,moderate,200,8,normalized_half_comb,40.0,3.0,0.0,1.5,step,0.0,0.0015889583070265037,2.1522409349774256,5.847759065022574,0.9950001275477667,1.0,0.9950001275477667,1.0,0.9950001275477667,1.0,0.7487244897959183,0.7538265306122449,0.18754508874328957,
eps_s1.5,moderate,200,8,normalized_half_comb,44.0,3.0,0.0,1.5,step,0.0,0.0015889583070265037,2.1522409349774256,5.847759065022574,0.9950001275477667,1.0,0.9950001275477667,1.0,0.9950001275477667,1.0,0.7487244897959183,0.7525510204081632,0.11221580540072548,
eps_s1.5,moderate,200,9,classical_invA,,3.0,0.0,1.5,step,0.0,0.0015889583070265037,2.1522409349774274,5.847759065022575,0.9950004458201179,1.0,0.9950004458201179,1.0,0.9950004458201179,1.0,0.3961783439490446,0.8267515923566879,0.9999999999999998,fixed-tau 0.350: eff 0.8268 far 0.0015
eps_s1.5,moderate,200,9,fitted_moment,32.0,3.0,0.0,1.5,step,0.0,0.0015889583070265037,2.1522409349774274,5.847759065022575,0.9949998089098947,1.0,0.9949998089098947,1.0,0.9949998089098947,1.0,0.8254777070063695,0.8267515923566879,0.10461003099374323,mu=0.003
eps_s1.5,moderate,200,9,fitted_moment,40.0,3.0,0.0,1.5,step,0.0,0.0015889583070265037,2.1522409349774274,5.847759065022575,0.9950004458201179,1.0,0.9950004458201179,1.0,0.9950004458201179,1.0,0.8254777070063695,0.8267515923566879,0.104610030388406,mu=0.003
eps_s1.5,moderate,200,9,fitted_moment,44.0,3.0,0.0,1.5,step,0.0,0.0015889583070265037,2.1522409349774274,5.847759065022575,0.9950004458201179,1.0,0.9950004458201179,1.0,0.9950004458201179,1.0,0.8254777070063695,0.8267515923566879,0.10461003012514106,mu=0.003
eps_s1.5,moderate,200,9,fitted_moment,80.0,3.0,0.0,1.5,step,0.0,0.0015889583070265037,2.1522409349774274,5.847759065022575,0.9949998089098947,1.0,0.9949998089098947,1.0,0.9949998089098947,1.0,0.8254777070063695,0.8267515923566879,0.10461002910637425,mu=0.003
eps_s1.5,moderate,200,9,fitted_moment,160.0,3.0,0.0,1.5,step,0.0,0.0015889583070265037,2.1522409349774274,5.847759065022575,0.9950004458201179,1.0,0.9950004458201179,1.0,0.9950004458201179,1.0,0.8254777070063695,0.8267515923566879,0.10461002842093046,mu=0.003
eps_s1.5,moderate,200,9,comb_prod,40.0,3.0,0.0,1.5,step,0.0,0.0015889583070265037,2.1522409349774274,5.847759065022575,0.9950004458201179,1.0,0.9950004458201179,1.0,0.9950004458201179,1.0,0.824203821656051,0.8267515923566879,0.24282411960368794,
eps_s1.5,moderate,200,9,comb_prod,44.0,3.0,0.0,1.5,step,0.0,0.0015889583070265037,2.1522409349774274,5.847759065022575,0.9950004458201179,1.0,0.9950004458201179,1.0,0.9950004458201179,1.0,0.824203821656051,0.8267515923566879,0.14104984928522382,
eps_s1.5,moderate,200,9,normalized_half_comb,40.0,3.0,0.0,1.5,step,0.0,0.0015889583070265037,2.1522409349774274,5.847759065022575,0.9950004458201179,1.0,0.9950004458201179,1.0,0.9950004458201179,1.0,0.7222929936305732,0.7235668789808917,0.1875382357079313,
eps_s1.5,moderate,200,9,normalized_half_comb,44.0,3.0,0.0,1.5,step,0.0,0.0015889583070265037,2.1522409349774274,5.847759065022575,0.9950004458201179,1.0,0.9950004458201179,1.0,0.9950004458201179,1.0,0.7222929936305732,0.7235668789808917,0.11079989442183953,
eps_s2.12,moderate,200,0,classical_invA,,3.0,0.0,2.12,step,0.0,0.0022456276459875612,2.1522409349774265,5.847759065022573,0.18363064008394545,0.9910828025477707,0.9950003821363972,1.0,0.9950003821363972,1.0,0.4840764331210191,0.9732484076433121,1.0000000000000002,fixed-tau 0.350: eff 0.9732 far 0.0039
eps_s2.12,moderate,200,0,fitted_moment,32.0,3.0,0.0,2.12,step,0.0,0.0022456276459875612,2.1522409349774265,5.847759065022573,0.18363064008394545,0.9910828025477707,0.9949996178051825,1.0,0.9949996178051825,1.0,0.9694267515923567,0.9732484076433121,0.11422499882380582,mu=0.003
eps_s2.12,moderate,200,0,fitted_moment,40.0,3.0,0.0,2.12,step,0.0,0.0022456276459875612,2.1522409349774265,5.847759065022573,0.18363064008394545,0.9910828025477707,0.9950003821363972,1.0,0.9950003821363972,1.0,0.9694267515923567,0.9732484076433121,0.11422499809648445,mu=0.003
eps_s2.12,moderate,200,0,fitted_moment,44.0,3.0,0.0,2.12,step,0.0,0.0022456276459875612,2.1522409349774265,5.847759065022573,0.18363064008394545,0.9910828025477707,0.9949996178051825,1.0,0.9949996178051825,1.0,0.9694267515923567,0.9732484076433121,0.11422499777354389,mu=0.003
eps_s2.12,moderate,200,0,fitted_moment,80.0,3.0,0.0,2.12,step,0.0,0.0022456276459875612,2.1522409349774265,5.847759065022573,0.18363064008394545,0.9910828025477707,0.9949996178051825,1.0,0.9949996178051825,1.0,0.9694267515923567,0.9732484076433121,0.11422499676506491,mu=0.003
eps_s2.12,moderate,200,0,fitted_moment,160.0,3.0,0.0,2.12,step,0.0,0.0022456276459875612,2.1522409349774265,5.847759065022573,0.18363064008394545,0.9910828025477707,0.9950003821363972,1.0,0.9950003821363972,1.0,0.9694267515923567,0.9732484076433121,0.11422499612969295,mu=0.003
eps_s2.12,moderate,200,0,comb_prod,40.0,3.0,0.0,2.12,step,0.0,0.0022456276459875612,2.1522409349774265,5.847759065022573,0.18363064008394545,0.9910828025477707,0.9950003821363972,1.0,0.9950003821363972,1.0,0.9656050955414013,0.9732484076433121,0.23746212745447914,
eps_s2.12,moderate,200,0,comb_prod,44.0,3.0,0.0,2.12,step,0.0,0.0022456276459875612,2.1522409349774265,5.847759065022573,0.18363064008394545,0.9910828025477707,0.9950003821363972,1.0,0.9950003821363972,1.0,0.9656050955414013,0.9732484076433121,0.14810891714660798,
eps_s2.12,moderate,200,0,normalized_half_comb,40.0,3.0,0.0,2.12,step,0.0,0.0022456276459875612,2.1522409349774265,5.847759065022573,0.18363064008394545,0.9910828025477707,0.9950003821363972,1.0,0.9950003821363972,1.0,0.954140127388535,0.9579617834394905,0.1898241917847033,
eps_s2.12,moderate,200,0,normalized_half_comb,44.0,3.0,0.0,2.12,step,0.0,0.0022456276459875612,2.1522409349774265,5.847759065022573,0.18363064008394545,0.9910828025477707,0.9950003821363972,1.0,0.9950003821363972,1.0,0.954140127388535,0.9579617834394905,0.1230270623275172,
eps_s2.12,moderate,200,1,classical_invA,,3.0,0.0,2.12,step,0.0,0.0022456276459875612,1.9385011493153572,6.061498850684639,0.9950010293890575,1.0,0.9950010293890575,1.0,0.9950010293890575,1.0,0.006435006435006435,0.9665379665379665,1.0,fixed-tau 0.350: eff 0.9665 far 0.0066
eps_s2.12,moderate,200,1,fitted_moment,32.0,3.0,0.0,2.12,step,0.0,0.0022456276459875612,1.9385011493153572,6.061498850684639,0.9950010293890575,1.0,0.9950010293890575,1.0,0.9950010293890575,1.0,0.9613899613899614,0.9665379665379665,0.11360583079091971,mu=0.003
eps_s2.12,moderate,200,1,fitted_moment,40.0,3.0,0.0,2.12,step,0.0,0.0022456276459875612,1.9385011493153572,6.061498850684639,0.9950010293890575,1.0,0.9950010293890575,1.0,0.9950010293890575,1.0,0.9613899613899614,0.9665379665379665,0.11360619614042093,mu=0.003
eps_s2.12,moderate,200,1,fitted_moment,44.0,3.0,0.0,2.12,step,0.0,0.0022456276459875612,1.9385011493153572,6.061498850684639,0.9950010293890575,1.0,0.9950010293890575,1.0,0.9950010293890575,1.0,0.9601029601029601,0.9665379665379665,0.11360643309777214,mu=0.003
eps_s2.12,moderate,200,1,fitted_moment,80.0,3.0,0.0,2.12,step,0.0,0.0022456276459875612,1.9385011493153572,6.061498850684639,0.9950010293890575,1.0,0.9950010293890575,1.0,0.9950010293890575,1.0,0.9601029601029601,0.9665379665379665,0.11360653605451979,mu=0.003
eps_s2.12,moderate,200,1,fitted_moment,160.0,3.0,0.0,2.12,step,0.0,0.0022456276459875612,1.9385011493153572,6.061498850684639,0.9950010293890575,1.0,0.9950010293890575,1.0,0.9950010293890575,1.0,0.9613899613899614,0.9665379665379665,0.11360654262476835,mu=0.003
eps_s2.12,moderate,200,1,comb_prod,40.0,3.0,0.0,2.12,step,0.0,0.0022456276459875612,1.9385011493153572,6.061498850684639,0.9950010293890575,1.0,0.9950010293890575,1.0,0.9950010293890575,1.0,0.9485199485199485,0.9665379665379665,0.2760439316813724,
eps_s2.12,moderate,200,1,comb_prod,44.0,3.0,0.0,2.12,step,0.0,0.0022456276459875612,1.9385011493153572,6.061498850684639,0.9950010293890575,1.0,0.9950010293890575,1.0,0.9950010293890575,1.0,0.9485199485199485,0.9665379665379665,0.25098250319284415,
eps_s2.12,moderate,200,1,normalized_half_comb,40.0,3.0,0.0,2.12,step,0.0,0.0022456276459875612,1.9385011493153572,6.061498850684639,0.9950010293890575,1.0,0.9950010293890575,1.0,0.9950010293890575,1.0,0.003861003861003861,0.9472329472329473,0.18973788210893608,
eps_s2.12,moderate,200,1,normalized_half_comb,44.0,3.0,0.0,2.12,step,0.0,0.0022456276459875612,1.9385011493153572,6.061498850684639,0.9950010293890575,1.0,0.9950010293890575,1.0,0.9950010293890575,1.0,0.002574002574002574,0.9472329472329473,0.12276450320563459,
eps_s2.12,moderate,200,2,classical_invA,,3.0,0.0,2.12,step,0.0,0.0022456276459875612,2.152240934977426,5.847759065022577,0.163135593220339,0.9962168978562421,0.163135593220339,0.9962168978562421,0.9950000630509073,1.0,0.48675914249684743,0.9886506935687264,1.0,fixed-tau 0.350: eff 0.9887 far 0.0126
eps_s2.12,moderate,200,2,fitted_moment,32.0,3.0,0.0,2.12,step,0.0,0.0022456276459875612,2.152240934977426,5.847759065022577,0.163135593220339,0.9962168978562421,0.163135593220339,0.9962168978562421,0.9950000630509073,1.0,0.4918032786885246,0.9886506935687264,0.11978943122722735,mu=6.46
eps_s2.12,moderate,200,2,fitted_moment,40.0,3.0,0.0,2.12,step,0.0,0.0022456276459875612,2.152240934977426,5.847759065022577,0.163135593220339,0.9962168978562421,0.163135593220339,0.9962168978562421,0.9950000630509073,1.0,0.4918032786885246,0.9886506935687264,0.11978943121505727,mu=6.46
eps_s2.12,moderate,200,2,fitted_moment,44.0,3.0,0.0,2.12,step,0.0,0.0022456276459875612,2.152240934977426,5.847759065022577,0.163135593220339,0.9962168978562421,0.163135593220339,0.9962168978562421,0.9950000630509073,1.0,0.4918032786885246,0.9886506935687264,0.11978943122129206,mu=6.46
eps_s2.12,moderate,200,2,fitted_moment,80.0,3.0,0.0,2.12,step,0.0,0.0022456276459875612,2.152240934977426,5.847759065022577,0.163135593220339,0.9962168978562421,0.163135593220339,0.9962168978562421,0.9950000630509073,1.0,0.4918032786885246,0.9886506935687264,0.11978943121383437,mu=6.46
eps_s2.12,moderate,200,2,fitted_moment,160.0,3.0,0.0,2.12,step,0.0,0.0022456276459875612,2.152240934977426,5.847759065022577,0.163135593220339,0.9962168978562421,0.163135593220339,0.9962168978562421,0.9950000630509073,1.0,0.4918032786885246,0.9886506935687264,0.11978943121217903,mu=6.46
eps_s2.12,moderate,200,2,comb_prod,40.0,3.0,0.0,2.12,step,0.0,0.0022456276459875612,2.152240934977426,5.847759065022577,0.163135593220339,0.9962168978562421,0.163135593220339,0.9962168978562421,0.9950000630509073,1.0,0.9583858764186634,0.978562421185372,0.2376362589422482,
eps_s2.12,moderate,200,2,comb_prod,44.0,3.0,0.0,2.12,step,0.0,0.0022456276459875612,2.152240934977426,5.847759065022577,0.163135593220339,0.9962168978562421,0.163135593220339,0.9962168978562421,0.9950000630509073,1.0,0.9583858764186634,0.978562421185372,0.14879641220571654,
eps_s2.12,moderate,200,2,normalized_half_comb,40.0,3.0,0.0,2.12,step,0.0,0.0022456276459875612,2.152240934977426,5.847759065022577,0.163135593220339,0.9962168978562421,0.163135593220339,0.9962168978562421,0.9950000630509073,1.0,0.9684741488020177,0.9735182849936949,0.19015472286204063,
eps_s2.12,moderate,200,2,normalized_half_comb,44.0,3.0,0.0,2.12,step,0.0,0.0022456276459875612,2.152240934977426,5.847759065022577,0.16204690831556504,0.9911727616645649,0.163135593220339,0.9962168978562421,0.9950000630509073,1.0,0.9684741488020177,0.9735182849936949,0.12386067541832475,
eps_s2.12,moderate,200,3,classical_invA,,3.0,0.0,2.12,step,0.0,0.0022456276459875612,2.1522409349774265,5.84775906502257,0.9950005101520253,1.0,0.9950005101520253,1.0,0.9950005101520253,1.0,0.48341836734693877,0.9732142857142857,0.9999999999999998,fixed-tau 0.350: eff 0.9732 far 0.0026
eps_s2.12,moderate,200,3,fitted_moment,32.0,3.0,0.0,2.12,step,0.0,0.0022456276459875612,2.1522409349774265,5.84775906502257,0.9950005101520253,1.0,0.9950005101520253,1.0,0.9950005101520253,1.0,0.9706632653061225,0.9732142857142857,0.11418018756528948,mu=0.003
eps_s2.12,moderate,200,3,fitted_moment,40.0,3.0,0.0,2.12,step,0.0,0.0022456276459875612,2.1522409349774265,5.84775906502257,0.9950005101520253,1.0,0.9950005101520253,1.0,0.9950005101520253,1.0,0.9706632653061225,0.9732142857142857,0.11418018689908432,mu=0.003
eps_s2.12,moderate,200,3,fitted_moment,44.0,3.0,0.0,2.12,step,0.0,0.0022456276459875612,2.1522409349774265,5.84775906502257,0.9950005101520253,1.0,0.9950005101520253,1.0,0.9950005101520253,1.0,0.9706632653061225,0.9732142857142857,0.11418018660148281,mu=0.003
eps_s2.12,moderate,200,3,fitted_moment,80.0,3.0,0.0,2.12,step,0.0,0.0022456276459875612,2.1522409349774265,5.84775906502257,0.9950005101520253,1.0,0.9950005101520253,1.0,0.9950005101520253,1.0,0.9706632653061225,0.9732142857142857,0.11418018564419705,mu=0.003
eps_s2.12,moderate,200,3,fitted_moment,160.0,3.0,0.0,2.12,step,0.0,0.0022456276459875612,2.1522409349774265,5.84775906502257,0.9950005101520253,1.0,0.9950005101520253,1.0,0.9950005101520253,1.0,0.9706632653061225,0.9732142857142857,0.11418018502753714,mu=0.003
eps_s2.12,moderate,200,3,comb_prod,40.0,3.0,0.0,2.12,step,0.0,0.0022456276459875612,2.1522409349774265,5.84775906502257,0.9950005101520253,1.0,0.9950005101520253,1.0,0.9950005101520253,1.0,0.9681122448979592,0.9732142857142857,0.23740907270910072,
eps_s2.12,moderate,200,3,comb_prod,44.0,3.0,0.0,2.12,step,0.0,0.0022456276459875612,2.1522409349774265,5.84775906502257,0.9950005101520253,1.0,0.9950005101520253,1.0,0.9950005101520253,1.0,0.9681122448979592,0.9732142857142857,0.14812039387689074,
eps_s2.12,moderate,200,3,normalized_half_comb,40.0,3.0,0.0,2.12,step,0.0,0.0022456276459875612,2.1522409349774265,5.84775906502257,0.9950005101520253,1.0,0.9950005101520253,1.0,0.9950005101520253,1.0,0.951530612244898,0.9540816326530612,0.1896392211645569,
eps_s2.12,moderate,200,3,normalized_half_comb,44.0,3.0,0.0,2.12,step,0.0,0.0022456276459875612,2.1522409349774265,5.84775906502257,0.9950005101520253,1.0,0.9950005101520253,1.0,0.9950005101520253,1.0,0.951530612244898,0.9540816326530612,0.12275975833333051,
eps_s2.12,moderate,200,4,classical_invA,,3.0,0.0,2.12,step,0.0,0.0022456276459875612,1.5167813349039427,6.4832186650960635,0.9950005101520253,1.0,0.9950005101520253,1.0,0.9950005101520253,1.0,0.00510204081632653,0.00510204081632653,1.0000000000000002,fixed-tau 0.350: eff 0.9745 far 0.0180
eps_s2.12,moderate,200,4,fitted_moment,32.0,3.0,0.0,2.12,step,0.0,0.0022456276459875612,1.5167813349039427,6.4832186650960635,0.9950005101520253,1.0,0.9950005101520253,1.0,0.9950005101520253,1.0,0.9362244897959183,0.9693877551020408,0.11343575811890837,mu=0.003
eps_s2.12,moderate,200,4,fitted_moment,40.0,3.0,0.0,2.12,step,0.0,0.0022456276459875612,1.5167813349039427,6.4832186650960635,0.9950005101520253,1.0,0.9950005101520253,1.0,0.9950005101520253,1.0,0.9362244897959183,0.9693877551020408,0.11344373491021731,mu=0.003
eps_s2.12,moderate,200,4,fitted_moment,44.0,3.0,0.0,2.12,step,0.0,0.0022456276459875612,1.5167813349039427,6.4832186650960635,0.9950005101520253,1.0,0.9950005101520253,1.0,0.9950005101520253,1.0,0.9362244897959183,0.9693877551020408,0.11345084844020488,mu=0.003
eps_s2.12,moderate,200,4,fitted_moment,80.0,3.0,0.0,2.12,step,0.0,0.0022456276459875612,1.5167813349039427,6.4832186650960635,0.9950005101520253,1.0,0.9950005101520253,1.0,0.9950005101520253,1.0,0.9362244897959183,0.9693877551020408,0.11346692602231143,mu=0.003
eps_s2.12,moderate,200,4,fitted_moment,160.0,3.0,0.0,2.12,step,0.0,0.0022456276459875612,1.5167813349039427,6.4832186650960635,0.9950005101520253,1.0,0.9950005101520253,1.0,0.9950005101520253,1.0,0.9362244897959183,0.9693877551020408,0.11347226073412232,mu=0.003
eps_s2.12,moderate,200,4,comb_prod,40.0,3.0,0.0,2.12,step,0.0,0.0022456276459875612,1.5167813349039427,6.4832186650960635,0.9950004782705736,1.0,0.9950004782705736,1.0,0.9950004782705736,1.0,0.9132653061224489,0.9540816326530612,0.41625340580034437,
eps_s2.12,moderate,200,4,comb_prod,44.0,3.0,0.0,2.12,step,0.0,0.0022456276459875612,1.5167813349039427,6.4832186650960635,0.9950004782705736,1.0,0.9950004782705736,1.0,0.9950004782705736,1.0,0.9132653061224489,0.9540816326530612,0.2729939623715992,
eps_s2.12,moderate,200,4,normalized_half_comb,40.0,3.0,0.0,2.12,step,0.0,0.0022456276459875612,1.5167813349039427,6.4832186650960635,0.9950005101520253,1.0,0.9950005101520253,1.0,0.9950005101520253,1.0,0.0,0.9400510204081632,0.19048518132751205,
eps_s2.12,moderate,200,4,normalized_half_comb,44.0,3.0,0.0,2.12,step,0.0,0.0022456276459875612,1.5167813349039427,6.4832186650960635,0.9950005101520253,1.0,0.9950005101520253,1.0,0.9950005101520253,1.0,0.0,0.9387755102040817,0.12293653132683517,
eps_s2.12,moderate,200,5,classical_invA,,3.0,0.0,2.12,step,0.0,0.0022456276459875612,2.152240934977424,5.847759065022574,0.17088607594936708,0.9936788874841972,0.9950000632103261,1.0,0.9950000632103261,1.0,0.4829329962073325,0.9759797724399494,1.0,fixed-tau 0.350: eff 0.9760 far 0.0052
eps_s2.12,moderate,200,5,fitted_moment,32.0,3.0,0.0,2.12,step,0.0,0.0022456276459875612,2.152240934977424,5.847759065022574,0.17088607594936708,0.9936788874841972,0.9950000632103261,1.0,0.9950000632103261,1.0,0.9709228824273072,0.9759797724399494,0.11427869715460152,mu=0.003
eps_s2.12,moderate,200,5,fitted_moment,40.0,3.0,0.0,2.12,step,0.0,0.0022456276459875612,2.152240934977424,5.847759065022574,0.17088607594936708,0.9936788874841972,0.994998387596507,1.0,0.994998387596507,1.0,0.9709228824273072,0.9759797724399494,0.11427869639756003,mu=0.003
eps_s2.12,moderate,200,5,fitted_moment,44.0,3.0,0.0,2.12,step,0.0,0.0022456276459875612,2.152240934977424,5.847759065022574,0.17088607594936708,0.9936788874841972,0.994998387596507,1.0,0.994998387596507,1.0,0.9709228824273072,0.9759797724399494,0.1142786960623297,mu=0.003
eps_s2.12,moderate,200,5,fitted_moment,80.0,3.0,0.0,2.12,step,0.0,0.0022456276459875612,2.152240934977424,5.847759065022574,0.17088607594936708,0.9936788874841972,0.994998387596507,1.0,0.994998387596507,1.0,0.9709228824273072,0.9759797724399494,0.11427869502912774,mu=0.003
eps_s2.12,moderate,200,5,fitted_moment,160.0,3.0,0.0,2.12,step,0.0,0.0022456276459875612,2.152240934977424,5.847759065022574,0.17088607594936708,0.9936788874841972,0.994998387596507,1.0,0.994998387596507,1.0,0.9709228824273072,0.9759797724399494,0.11427869438484442,mu=0.003
eps_s2.12,moderate,200,5,comb_prod,40.0,3.0,0.0,2.12,step,0.0,0.0022456276459875612,2.152240934977424,5.847759065022574,0.17088607594936708,0.9936788874841972,0.9950000632103261,1.0,0.9950000632103261,1.0,0.965865992414665,0.9759797724399494,0.23798965427342156,
eps_s2.12,moderate,200,5,comb_prod,44.0,3.0,0.0,2.12,step,0.0,0.0022456276459875612,2.152240934977424,5.847759065022574,0.17088607594936708,0.9936788874841972,0.9950000632103261,1.0,0.9950000632103261,1.0,0.965865992414665,0.9759797724399494,0.14788155504666073,
eps_s2.12,moderate,200,5,normalized_half_comb,40.0,3.0,0.0,2.12,step,0.0,0.0022456276459875612,2.152240934977424,5.847759065022574,0.17088607594936708,0.9936788874841972,0.9950000632103261,1.0,0.9950000632103261,1.0,0.9405815423514539,0.9456384323640961,0.18979717272875565,
eps_s2.12,moderate,200,5,normalized_half_comb,44.0,3.0,0.0,2.12,step,0.0,0.0022456276459875612,2.152240934977424,5.847759065022574,0.17088607594936708,0.9936788874841972,0.9950000632103261,1.0,0.9950000632103261,1.0,0.9405815423514539,0.9456384323640961,0.12249728438625083,
eps_s2.12,moderate,200,6,classical_invA,,3.0,0.0,2.12,step,0.0,0.0022456276459875612,2.0000000000000013,6.000000000000001,0.9950008310638896,1.0,0.9950008310638896,1.0,0.9950008310638896,1.0,0.47058823529411764,0.9501278772378516,1.0,fixed-tau 0.350: eff 0.9680 far 0.0117
eps_s2.12,moderate,200,6,fitted_moment,32.0,3.0,0.0,2.12,step,0.0,0.0022456276459875612,2.0000000000000013,6.000000000000001,0.9950008310638896,1.0,0.9950008310638896,1.0,0.9950008310638896,1.0,0.479539641943734,0.9680306905370843,0.13031230608698716,mu=13.9
eps_s2.12,moderate,200,6,fitted_moment,40.0,3.0,0.0,2.12,step,0.0,0.0022456276459875612,2.0000000000000013,6.000000000000001,0.9950008310638896,1.0,0.9950008310638896,1.0,0.9950008310638896,1.0,0.479539641943734,0.9680306905370843,0.13031230608590563,mu=13.9
eps_s2.12,moderate,200,6,fitted_moment,44.0,3.0,0.0,2.12,step,0.0,0.0022456276459875612,2.0000000000000013,6.000000000000001,0.9949991686597516,1.0,0.9949991686597516,1.0,0.9949991686597516,1.0,0.479539641943734,0.9680306905370843,0.13031230608304628,mu=13.9
eps_s2.12,moderate,200,6,fitted_moment,80.0,3.0,0.0,2.12,step,0.0,0.0022456276459875612,2.0000000000000013,6.000000000000001,0.9950008310638896,1.0,0.9950008310638896,1.0,0.9950008310638896,1.0,0.479539641943734,0.9680306905370843,0.1303123060825105,mu=13.9
eps_s2.12,moderate,200,6,fitted_moment,160.0,3.0,0.0,2.12,step,0.0,0.0022456276459875612,2.0000000000000013,6.000000000000001,0.9950008310638896,1.0,0.9950008310638896,1.0,0.9950008310638896,1.0,0.479539641943734,0.9680306905370843,0.13031230608265434,mu=13.9
eps_s2.12,moderate,200,6,comb_prod,40.0,3.0,0.0,2.12,step,0.0,0.0022456276459875612,2.0000000000000013,6.000000000000001,0.9950008310638896,1.0,0.9950008310638896,1.0,0.9950008310638896,1.0,0.9398976982097187,0.9629156010230179,0.2971079647357065,
eps_s2.12,moderate,200,6,comb_prod,44.0,3.0,0.0,2.12,step,0.0,0.0022456276459875612,2.0000000000000013,6.000000000000001,0.9950008310638896,1.0,0.9950008310638896,1.0,0.9950008310638896,1.0,0.9398976982097187,0.9629156010230179,0.21753371411259737,
eps_s2.12,moderate,200,6,normalized_half_comb,40.0,3.0,0.0,2.12,step,0.0,0.0022456276459875612,2.0000000000000013,6.000000000000001,0.9950008310638896,1.0,0.9950008310638896,1.0,0.9950008310638896,1.0,0.9347826086956522,0.9411764705882353,0.1893693572972536,
eps_s2.12,moderate,200,6,normalized_half_comb,44.0,3.0,0.0,2.12,step,0.0,0.0022456276459875612,2.0000000000000013,6.000000000000001,0.9950008310638896,1.0,0.9950008310638896,1.0,0.9950008310638896,1.0,0.9347826086956522,0.9411764705882353,0.121884154678315,
eps_s2.12,moderate,200,7,classical_invA,,3.0,0.0,2.12,step,0.0,0.0022456276459875612,1.5219022471685044,6.478097752831493,0.21063189568706117,0.9911838790931989,0.9950000314859478,1.0,0.9950000314859478,1.0,0.0025188916876574307,0.0025188916876574307,1.0,fixed-tau 0.350: eff 0.9761 far 0.0102
eps_s2.12,moderate,200,7,fitted_moment,32.0,3.0,0.0,2.12,step,0.0,0.0022456276459875612,1.5219022471685044,6.478097752831493,0.20745216515609266,0.9911838790931989,0.994999086734983,1.0,0.994999086734983,1.0,0.9710327455919395,0.9760705289672544,0.11512285022261157,mu=0.003
eps_s2.12,moderate,200,7,fitted_moment,40.0,3.0,0.0,2.12,step,0.0,0.0022456276459875612,1.5219022471685044,6.478097752831493,0.20745216515609266,0.9911838790931989,0.994999086734983,1.0,0.994999086734983,1.0,0.9710327455919395,0.9760705289672544,0.11512286354070478,mu=0.003
eps_s2.12,moderate,200,7,fitted_moment,44.0,3.0,0.0,2.12,step,0.0,0.0022456276459875612,1.5219022471685044,6.478097752831493,0.20745216515609266,0.9911838790931989,0.994999086734983,1.0,0.994999086734983,1.0,0.9710327455919395,0.9760705289672544,0.11512286318887267,mu=0.003
eps_s2.12,moderate,200,7,fitted_moment,80.0,3.0,0.0,2.12,step,0.0,0.0022456276459875612,1.5219022471685044,6.478097752831493,0.20745216515609266,0.9911838790931989,0.9950000314859478,1.0,0.9950000314859478,1.0,0.9710327455919395,0.9760705289672544,0.1151228622042584,mu=0.003
eps_s2.12,moderate,200,7,fitted_moment,160.0,3.0,0.0,2.12,step,0.0,0.0022456276459875612,1.5219022471685044,6.478097752831493,0.20745216515609266,0.9911838790931989,0.9950000314859478,1.0,0.9950000314859478,1.0,0.9710327455919395,0.9760705289672544,0.11512286097669534,mu=0.003
eps_s2.12,moderate,200,7,comb_prod,40.0,3.0,0.0,2.12,step,0.0,0.0022456276459875612,1.5219022471685044,6.478097752831493,0.20983935742971888,0.9911838790931989,0.995,1.0,0.995,1.0,0.9622166246851386,0.9760705289672544,0.4098162294202274,
eps_s2.12,moderate,200,7,comb_prod,44.0,3.0,0.0,2.12,step,0.0,0.0022456276459875612,1.5219022471685044,6.478097752831493,0.20983935742971888,0.9911838790931989,0.9950000314859478,1.0,0.9950000314859478,1.0,0.9596977329974811,0.9760705289672544,0.2648602037348468,
eps_s2.12,moderate,200,7,normalized_half_comb,40.0,3.0,0.0,2.12,step,0.0,0.0022456276459875612,1.5219022471685044,6.478097752831493,0.21063189568706117,0.9911838790931989,0.9950000314859478,1.0,0.9950000314859478,1.0,0.9596977329974811,0.9672544080604534,0.1897876948664288,
eps_s2.12,moderate,200,7,normalized_half_comb,44.0,3.0,0.0,2.12,step,0.0,0.0022456276459875612,1.5219022471685044,6.478097752831493,0.21063189568706117,0.9911838790931989,0.9950000314859478,1.0,0.9950000314859478,1.0,0.9596977329974811,0.9710327455919395,0.12319697098524784,
eps_s2.12,moderate,200,8,classical_invA,,3.0,0.0,2.12,step,0.0,0.0022456276459875612,2.1522409349774265,5.847759065022571,0.1589189189189189,0.9923469387755102,0.9950001275477667,1.0,0.9950001275477667,1.0,0.48086734693877553,0.9719387755102041,1.0,fixed-tau 0.350: eff 0.9719 far 0.0065
eps_s2.12,moderate,200,8,fitted_moment,32.0,3.0,0.0,2.12,step,0.0,0.0022456276459875612,2.1522409349774265,5.847759065022571,0.1589189189189189,0.9923469387755102,0.9950001275477667,1.0,0.9950001275477667,1.0,0.9451530612244898,0.9719387755102041,0.11316411672463435,mu=0.003
eps_s2.12,moderate,200,8,fitted_moment,40.0,3.0,0.0,2.12,step,0.0,0.0022456276459875612,2.1522409349774265,5.847759065022571,0.1589189189189189,0.9923469387755102,0.9950001275477667,1.0,0.9950001275477667,1.0,0.9655612244897959,0.9719387755102041,0.11316411377342532,mu=0.003
eps_s2.12,moderate,200,8,fitted_moment,44.0,3.0,0.0,2.12,step,0.0,0.0022456276459875612,2.1522409349774265,5.847759065022571,0.1589189189189189,0.9923469387755102,0.9950001275477667,1.0,0.9950001275477667,1.0,0.9451530612244898,0.9719387755102041,0.11316411259736317,mu=0.003
eps_s2.12,moderate,200,8,fitted_moment,80.0,3.0,0.0,2.12,step,0.0,0.0022456276459875612,2.1522409349774265,5.847759065022571,0.1589189189189189,0.9923469387755102,0.9950001275477667,1.0,0.9950001275477667,1.0,0.9451530612244898,0.9719387755102041,0.1131641084655056,mu=0.003
eps_s2.12,moderate,200,8,fitted_moment,160.0,3.0,0.0,2.12,step,0.0,0.0022456276459875612,2.1522409349774265,5.847759065022571,0.1589189189189189,0.9923469387755102,0.9950001275477667,1.0,0.9950001275477667,1.0,0.9451530612244898,0.9719387755102041,0.11316410584924722,mu=0.003
eps_s2.12,moderate,200,8,comb_prod,40.0,3.0,0.0,2.12,step,0.0,0.0022456276459875612,2.1522409349774265,5.847759065022571,0.1589189189189189,0.9923469387755102,0.9950001275477667,1.0,0.9950001275477667,1.0,0.9349489795918368,0.9719387755102041,0.23813012663667146,
eps_s2.12,moderate,200,8,comb_prod,44.0,3.0,0.0,2.12,step,0.0,0.0022456276459875612,2.1522409349774265,5.847759065022571,0.1589189189189189,0.9923469387755102,0.9950001275477667,1.0,0.9950001275477667,1.0,0.9349489795918368,0.9719387755102041,0.14768483271844782,
eps_s2.12,moderate,200,8,normalized_half_comb,40.0,3.0,0.0,2.12,step,0.0,0.0022456276459875612,2.1522409349774265,5.847759065022571,0.1589189189189189,0.9923469387755102,0.9950001275477667,1.0,0.9950001275477667,1.0,0.9336734693877551,0.9387755102040817,0.18970168785971875,
eps_s2.12,moderate,200,8,normalized_half_comb,44.0,3.0,0.0,2.12,step,0.0,0.0022456276459875612,2.1522409349774265,5.847759065022571,0.1589189189189189,0.9923469387755102,0.9950001275477667,1.0,0.9950001275477667,1.0,0.9336734693877551,0.9387755102040817,0.12216030169427482,
eps_s2.12,moderate,200,9,classical_invA,,3.0,0.0,2.12,step,0.0,0.0022456276459875612,2.152240934977427,5.847759065022573,0.18619246861924685,0.9910828025477707,0.9950004458201179,1.0,0.9950004458201179,1.0,0.48662420382165605,0.9808917197452229,1.0,fixed-tau 0.350: eff 0.9809 far 0.0026
eps_s2.12,moderate,200,9,fitted_moment,32.0,3.0,0.0,2.12,step,0.0,0.0022456276459875612,2.152240934977427,5.847759065022573,0.18619246861924685,0.9910828025477707,0.9950004458201179,1.0,0.9950004458201179,1.0,0.978343949044586,0.9808917197452229,0.114600630706451,mu=0.003
eps_s2.12,moderate,200,9,fitted_moment,40.0,3.0,0.0,2.12,step,0.0,0.0022456276459875612,2.152240934977427,5.847759065022573,0.18619246861924685,0.9910828025477707,0.9950004458201179,1.0,0.9950004458201179,1.0,0.978343949044586,0.9808917197452229,0.11460063004496722,mu=0.003
eps_s2.12,moderate,200,9,fitted_moment,44.0,3.0,0.0,2.12,step,0.0,0.0022456276459875612,2.152240934977427,5.847759065022573,0.18619246861924685,0.9910828025477707,0.9950004458201179,1.0,0.9950004458201179,1.0,0.978343949044586,0.9808917197452229,0.11460062974926201,mu=0.003
eps_s2.12,moderate,200,9,fitted_moment,80.0,3.0,0.0,2.12,step,0.0,0.0022456276459875612,2.152240934977427,5.847759065022573,0.18619246861924685,0.9910828025477707,0.9950004458201179,1.0,0.9950004458201179,1.0,0.978343949044586,0.9808917197452229,0.11460062879904423,mu=0.003
eps_s2.12,moderate,200,9,fitted_moment,160.0,3.0,0.0,2.12,step,0.0,0.0022456276459875612,2.152240934977427,5.847759065022573,0.18619246861924685,0.9910828025477707,0.9950004458201179,1.0,0.9950004458201179,1.0,0.978343949044586,0.9808917197452229,0.11460062818655792,mu=0.003
eps_s2.12,moderate,200,9,comb_prod,40.0,3.0,0.0,2.12,step,0.0,0.0022456276459875612,2.152240934977427,5.847759065022573,0.18619246861924685,0.9910828025477707,0.9950004458201179,1.0,0.9950004458201179,1.0,0.975796178343949,0.9808917197452229,0.2374504150344762,
eps_s2.12,moderate,200,9,comb_prod,44.0,3.0,0.0,2.12,step,0.0,0.0022456276459875612,2.152240934977427,5.847759065022573,0.18619246861924685,0.9910828025477707,0.9950004458201179,1.0,0.9950004458201179,1.0,0.975796178343949,0.9808917197452229,0.14834414914691232,
eps_s2.12,moderate,200,9,normalized_half_comb,40.0,3.0,0.0,2.12,step,0.0,0.0022456276459875612,2.152240934977427,5.847759065022573,0.18619246861924685,0.9910828025477707,0.9950004458201179,1.0,0.9950004458201179,1.0,0.9554140127388535,0.9579617834394905,0.18967996592672987,
eps_s2.12,moderate,200,9,normalized_half_comb,44.0,3.0,0.0,2.12,step,0.0,0.0022456276459875612,2.152240934977427,5.847759065022573,0.18619246861924685,0.9910828025477707,0.9950004458201179,1.0,0.9950004458201179,1.0,0.9554140127388535,0.9579617834394905,0.12294959871043022,
gamma1,moderate,200,0,classical_invA,,1.0,0.0,3.0,step,0.0,0.0031777035588293387,0.09788696740969342,4.000000000000001,0.3070796460176991,0.9974522292993631,0.3070796460176991,0.9974522292993631,0.9950003821363972,1.0,0.007643312101910828,0.007643312101910828,1.0000000000000002,fixed-tau 0.600: eff 0.9975 far 0.3071
gamma1,moderate,200,0,fitted_moment,32.0,1.0,0.0,3.0,step,0.0,0.0031777035588293387,0.09788696740969342,4.000000000000001,0.3070796460176991,0.9974522292993631,0.3070796460176991,0.9974522292993631,0.9950003821363972,1.0,0.007643312101910828,0.9656050955414013,0.8177166397244282,mu=0.003
gamma1,moderate,200,0,fitted_moment,40.0,1.0,0.0,3.0,step,0.0,0.0031777035588293387,0.09788696740969342,4.000000000000001,0.3070796460176991,0.9974522292993631,0.3070796460176991,0.9974522292993631,0.9949992674086012,1.0,0.01019108280254777,0.01019108280254777,0.8177298828898928,mu=0.003
gamma1,moderate,200,0,fitted_moment,44.0,1.0,0.0,3.0,step,0.0,0.0031777035588293387,0.09788696740969342,4.000000000000001,0.3070796460176991,0.9974522292993631,0.3070796460176991,0.9974522292993631,0.9950000318469309,1.0,0.015286624203821656,0.015286624203821656,0.8177922277907222,mu=0.003
gamma1,moderate,200,0,fitted_moment,80.0,1.0,0.0,3.0,step,0.0,0.0031777035588293387,0.09788696740969342,4.000000000000001,0.30604982206405695,0.9936305732484076,0.3052351375332742,0.9974522292993631,0.9950000318469309,1.0,0.007643312101910828,0.007643312101910828,0.9999999875211202,mu=0.003
gamma1,moderate,200,0,fitted_moment,160.0,1.0,0.0,3.0,step,0.0,0.0031777035588293387,0.09788696740969342,4.000000000000001,0.3070796460176991,0.9974522292993631,0.3070796460176991,0.9974522292993631,0.9950000318469309,1.0,0.007643312101910828,0.007643312101910828,1.0,mu=0.003
gamma1,moderate,200,0,comb_prod,40.0,1.0,0.0,3.0,step,0.0,0.0031777035588293387,0.09788696740969342,4.000000000000001,0.30604982206405695,0.9936305732484076,0.3070796460176991,0.9974522292993631,0.9950003821363972,1.0,0.9414012738853503,0.9592356687898089,0.0009844549747853243,
gamma1,moderate,200,0,comb_prod,44.0,1.0,0.0,3.0,step,0.0,0.0031777035588293387,0.09788696740969342,4.000000000000001,0.30604982206405695,0.9936305732484076,0.3070796460176991,0.9974522292993631,0.9950003821363972,1.0,0.9464968152866242,0.9643312101910828,0.0013285226719939062,
gamma1,moderate,200,1,classical_invA,,1.0,0.0,3.0,step,0.0,0.0031777035588293387,-0.22619461805286628,4.226194618052868,0.9950073988290549,0.9987129987129987,0.9950073988290549,0.9987129987129987,0.9950010293890575,1.0,0.007722007722007722,0.007722007722007722,0.9999999999999999,fixed-tau 0.600: eff 0.9846 far 0.3139
gamma1,moderate,200,1,fitted_moment,32.0,1.0,0.0,3.0,step,0.0,0.0031777035588293387,-0.22619461805286628,4.226194618052868,0.9950010293890575,1.0,0.9950010293890575,1.0,0.9950010293890575,1.0,0.963963963963964,0.972972972972973,0.351939317096421,mu=0.003
gamma1,moderate,200,1,fitted_moment,40.0,1.0,0.0,3.0,step,0.0,0.0031777035588293387,-0.22619461805286628,4.226194618052868,0.9949994851464758,1.0,0.9949994851464758,1.0,0.9949994851464758,1.0,0.963963963963964,0.972972972972973,0.3519407136591721,mu=0.003
gamma1,moderate,200,1,fitted_moment,44.0,1.0,0.0,3.0,step,0.0,0.0031777035588293387,-0.22619461805286628,4.226194618052868,0.9949994851464758,1.0,0.9949994851464758,1.0,0.9949994851464758,1.0,0.963963963963964,0.972972972972973,0.35194076306167155,mu=0.003
gamma1,moderate,200,1,fitted_moment,80.0,1.0,0.0,3.0,step,0.0,0.0031777035588293387,-0.22619461805286628,4.226194618052868,0.9949994851464758,1.0,0.9949994851464758,1.0,0.9949994851464758,1.0,0.963963963963964,0.972972972972973,0.35194074161765176,mu=0.003
gamma1,moderate,200,1,fitted_moment,160.0,1.0,0.0,3.0,step,0.0,0.0031777035588293387,-0.22619461805286628,4.226194618052868,0.9950010293890575,1.0,0.9950010293890575,1.0,0.9950010293890575,1.0,0.963963963963964,0.972972972972973,0.3519407168596411,mu=0.003
gamma1,moderate,200,1,comb_prod,40.0,1.0,0.0,3.0,step,0.0,0.0031777035588293387,-0.22619461805286628,4.226194618052868,0.9950010293890575,1.0,0.9950010293890575,1.0,0.9950010293890575,1.0,0.9575289575289575,0.9678249678249679,0.3956463902804531,
gamma1,moderate,200,1,comb_prod,44.0,1.0,0.0,3.0,step,0.0,0.0031777035588293387,-0.22619461805286628,4.226194618052868,0.9950010293890575,1.0,0.9950010293890575,1.0,0.9950010293890575,1.0,0.9575289575289575,0.9691119691119691,0.43332021503946805,
gamma1,moderate,200,2,classical_invA,,1.0,0.0,3.0,step,0.0,0.0031777035588293387,-1.3840159211300232e-16,3.999999999999999,0.018703241895261846,0.9924337957124842,0.3019366197183099,1.0,0.3019366197183099,1.0,0.007566204287515763,0.007566204287515763,1.0,fixed-tau 0.600: eff 1.0000 far 0.3019
gamma1,moderate,200,2,fitted_moment,32.0,1.0,0.0,3.0,step,0.0,0.0031777035588293387,-1.3840159211300232e-16,3.999999999999999,0.028395061728395062,0.9924337957124842,0.3019366197183099,1.0,0.3019366197183099,1.0,0.007566204287515763,0.9823455233291298,0.8177160017082777,mu=0.003
gamma1,moderate,200,2,fitted_moment,40.0,1.0,0.0,3.0,step,0.0,0.0031777035588293387,-1.3840159211300232e-16,3.999999999999999,0.028395061728395062,0.9924337957124842,0.3019366197183099,1.0,0.3019366197183099,1.0,0.007566204287515763,0.9836065573770492,0.8177159676337035,mu=0.003
gamma1,moderate,200,2,fitted_moment,44.0,1.0,0.0,3.0,step,0.0,0.0031777035588293387,-1.3840159211300232e-16,3.999999999999999,0.018703241895261846,0.9924337957124842,0.3019366197183099,1.0,0.3019366197183099,1.0,0.007566204287515763,0.9823455233291298,0.8177159523523183,mu=0.003
gamma1,moderate,200,2,fitted_moment,80.0,1.0,0.0,3.0,step,0.0,0.0031777035588293387,-1.3840159211300232e-16,3.999999999999999,0.018703241895261846,0.9924337957124842,0.3019366197183099,1.0,0.3019366197183099,1.0,0.007566204287515763,0.9823455233291298,0.8177158975796007,mu=0.003
gamma1,moderate,200,2,fitted_moment,160.0,1.0,0.0,3.0,step,0.0,0.0031777035588293387,-1.3840159211300232e-16,3.999999999999999,0.018703241895261846,0.9924337957124842,0.3019366197183099,1.0,0.3019366197183099,1.0,0.007566204287515763,0.9823455233291298,0.8177158654736246,mu=0.003
gamma1,moderate,200,2,comb_prod,40.0,1.0,0.0,3.0,step,0.0,0.0031777035588293387,-1.3840159211300232e-16,3.999999999999999,0.028395061728395062,0.9924337957124842,0.9950000630509073,1.0,0.9950000630509073,1.0,0.9558638083228247,0.9621689785624212,0.0013223222813779334,
gamma1,moderate,200,2,comb_prod,44.0,1.0,0.0,3.0,step,0.0,0.0031777035588293387,-1.3840159211300232e-16,3.999999999999999,0.2998220640569395,0.9924337957124842,0.3008849557522124,0.9962168978562421,0.3019366197183099,1.0,0.9558638083228247,0.9684741488020177,0.0009241747225936555,
gamma1,moderate,200,3,classical_invA,,1.0,0.0,3.0,step,0.0,0.0031777035588293387,0.15224093497742652,3.8477590650225744,0.3304647160068847,0.9923469387755102,0.9950005101520253,1.0,0.9950005101520253,1.0,0.01020408163265306,0.9770408163265306,1.0,fixed-tau 0.600: eff 0.9923 far 0.3305
gamma1,moderate,200,3,fitted_moment,32.0,1.0,0.0,3.0,step,0.0,0.0031777035588293387,0.15224093497742652,3.8477590650225744,0.3304647160068847,0.9923469387755102,0.9950005101520253,1.0,0.9950005101520253,1.0,0.9693877551020408,0.9770408163265306,0.3480237714034608,mu=0.003
gamma1,moderate,200,3,fitted_moment,40.0,1.0,0.0,3.0,step,0.0,0.0031777035588293387,0.15224093497742652,3.8477590650225744,0.3304647160068847,0.9923469387755102,0.9950005101520253,1.0,0.9950005101520253,1.0,0.9693877551020408,0.9770408163265306,0.34802376170064675,mu=0.003
gamma1,moderate,200,3,fitted_moment,44.0,1.0,0.0,3.0,step,0.0,0.0031777035588293387,0.15224093497742652,3.8477590650225744,0.3304647160068847,0.9923469387755102,0.9950005101520253,1.0,0.9950005101520253,1.0,0.9693877551020408,0.9770408163265306,0.34802375823442017,mu=0.003
gamma1,moderate,200,3,fitted_moment,80.0,1.0,0.0,3.0,step,0.0,0.0031777035588293387,0.15224093497742652,3.8477590650225744,0.3304647160068847,0.9923469387755102,0.9950005101520253,1.0,0.9950005101520253,1.0,0.01020408163265306,0.9821428571428571,0.35859489122418065,mu=6.46
gamma1,moderate,200,3,fitted_moment,160.0,1.0,0.0,3.0,step,0.0,0.0031777035588293387,0.15224093497742652,3.8477590650225744,0.3304647160068847,0.9923469387755102,0.9950005101520253,1.0,0.9950005101520253,1.0,0.9693877551020408,0.9821428571428571,0.34802373847764034,mu=0.003
gamma1,moderate,200,3,comb_prod,40.0,1.0,0.0,3.0,step,0.0,0.0031777035588293387,0.15224093497742652,3.8477590650225744,0.3304647160068847,0.9923469387755102,0.9950005101520253,1.0,0.9950005101520253,1.0,0.9642857142857143,0.9770408163265306,0.36033608959391517,
gamma1,moderate,200,3,comb_prod,44.0,1.0,0.0,3.0,step,0.0,0.0031777035588293387,0.15224093497742652,3.8477590650225744,0.3304647160068847,0.9923469387755102,0.9950005101520253,1.0,0.9950005101520253,1.0,0.9642857142857143,0.9821428571428571,0.3524176363120941,
gamma1,moderate,200,4,classical_invA,,1.0,0.0,3.0,step,0.0,0.0031777035588293387,-0.7986088784585895,4.798608878458584,0.3361774744027304,0.9923469387755102,0.9950004463887153,1.0,0.9950004463887153,1.0,0.02040816326530612,0.02040816326530612,1.0000000000000002,fixed-tau 0.600: eff 0.9949 far 0.3367
gamma1,moderate,200,4,fitted_moment,32.0,1.0,0.0,3.0,step,0.0,0.0031777035588293387,-0.7986088784585895,4.798608878458584,0.3378607809847199,0.9948979591836735,0.9950005101520253,1.0,0.9950005101520253,1.0,0.9566326530612245,0.9566326530612245,0.35840234673643256,mu=0.003
gamma1,moderate,200,4,fitted_moment,40.0,1.0,0.0,3.0,step,0.0,0.0031777035588293387,-0.7986088784585895,4.798608878458584,0.3378607809847199,0.9948979591836735,0.9950005101520253,1.0,0.9950005101520253,1.0,0.9566326530612245,0.9566326530612245,0.3584081904183352,mu=0.003
gamma1,moderate,200,4,fitted_moment,44.0,1.0,0.0,3.0,step,0.0,0.0031777035588293387,-0.7986088784585895,4.798608878458584,0.3378607809847199,0.9948979591836735,0.9950005101520253,1.0,0.9950005101520253,1.0,0.9566326530612245,0.9566326530612245,0.35840824059737025,mu=0.003
gamma1,moderate,200,4,fitted_moment,80.0,1.0,0.0,3.0,step,0.0,0.0031777035588293387,-0.7986088784585895,4.798608878458584,0.336734693877551,0.9948979591836735,0.9950005101520253,1.0,0.9950005101520253,1.0,0.9566326530612245,0.9566326530612245,0.35840825344580085,mu=0.003
gamma1,moderate,200,4,fitted_moment,160.0,1.0,0.0,3.0,step,0.0,0.0031777035588293387,-0.7986088784585895,4.798608878458584,0.336734693877551,0.9948979591836735,0.9950005101520253,1.0,0.9950005101520253,1.0,0.9566326530612245,0.9566326530612245,0.35840824585135767,mu=0.003
gamma1,moderate,200,4,comb_prod,40.0,1.0,0.0,3.0,step,0.0,0.0031777035588293387,-0.7986088784585895,4.798608878458584,0.9950132003520094,0.9974489795918368,0.9950132003520094,0.9974489795918368,0.9950005101520253,1.0,0.9285714285714286,0.9451530612244898,0.6630027438628797,
gamma1,moderate,200,4,comb_prod,44.0,1.0,0.0,3.0,step,0.0,0.0031777035588293387,-0.7986088784585895,4.798608878458584,0.3373083475298126,0.9923469387755102,0.9950005101520253,1.0,0.9950005101520253,1.0,0.9285714285714286,0.9451530612244898,0.34283252454462704,
gamma1,moderate,200,5,classical_invA,,1.0,0.0,3.0,step,0.0,0.0031777035588293387,0.15224093497742675,3.847759065022573,0.018703241895261846,0.9949431099873578,0.2917414721723519,0.9974715549936789,0.9950000632103261,1.0,0.02781289506953224,0.02781289506953224,1.0,fixed-tau 0.600: eff 0.9975 far 0.2917
gamma1,moderate,200,5,fitted_moment,32.0,1.0,0.0,3.0,step,0.0,0.0031777035588293387,0.15224093497742675,3.847759065022573,0.018703241895261846,0.9949431099873578,0.2917414721723519,0.9974715549936789,0.994998387596507,1.0,0.9633375474083439,0.9810366624525917,0.3697872764772115,mu=0.003
gamma1,moderate,200,5,fitted_moment,40.0,1.0,0.0,3.0,step,0.0,0.0031777035588293387,0.15224093497742675,3.847759065022573,0.018703241895261846,0.9949431099873578,0.2917414721723519,0.9974715549936789,0.994998387596507,1.0,0.9633375474083439,0.9810366624525917,0.3697872656206412,mu=0.003
gamma1,moderate,200,5,fitted_moment,44.0,1.0,0.0,3.0,step,0.0,0.0031777035588293387,0.15224093497742675,3.847759065022573,0.018703241895261846,0.9949431099873578,0.2917414721723519,0.9974715549936789,0.9950000632103261,1.0,0.9633375474083439,0.9810366624525917,0.36978726167464443,mu=0.003
gamma1,moderate,200,5,fitted_moment,80.0,1.0,0.0,3.0,step,0.0,0.0031777035588293387,0.15224093497742675,3.847759065022573,0.018703241895261846,0.9949431099873578,0.2917414721723519,0.9974715549936789,0.994998387596507,1.0,0.9633375474083439,0.9810366624525917,0.3697872488622071,mu=0.003
gamma1,moderate,200,5,fitted_moment,160.0,1.0,0.0,3.0,step,0.0,0.0031777035588293387,0.15224093497742675,3.847759065022573,0.018703241895261846,0.9949431099873578,0.2917414721723519,0.9974715549936789,0.994998387596507,1.0,0.9633375474083439,0.9810366624525917,0.369787240465408,mu=0.003
gamma1,moderate,200,5,comb_prod,40.0,1.0,0.0,3.0,step,0.0,0.0031777035588293387,0.15224093497742675,3.847759065022573,0.018703241895261846,0.9949431099873578,0.2917414721723519,0.9974715549936789,0.9950000632103261,1.0,0.9216182048040455,0.9709228824273072,0.35886219111787077,
gamma1,moderate,200,5,comb_prod,44.0,1.0,0.0,3.0,step,0.0,0.0031777035588293387,0.15224093497742675,3.847759065022573,0.018703241895261846,0.9949431099873578,0.2917414721723519,0.9974715549936789,0.9950000632103261,1.0,0.9216182048040455,0.9709228824273072,0.3510485348836999,
gamma1,moderate,200,6,classical_invA,,1.0,0.0,3.0,step,0.0,0.0031777035588293387,2.0848816463597846e-16,4.000000000000001,0.347024308466052,0.9961636828644501,0.347024308466052,0.9961636828644501,0.9950008310638896,1.0,0.0025575447570332483,0.9667519181585678,1.0000000000000002,fixed-tau 0.600: eff 0.9962 far 0.3470
gamma1,moderate,200,6,fitted_moment,32.0,1.0,0.0,3.0,step,0.0,0.0031777035588293387,2.0848816463597846e-16,4.000000000000001,0.347024308466052,0.9961636828644501,0.347024308466052,0.9961636828644501,0.9950008310638896,1.0,0.0025575447570332483,0.9667519181585678,0.9978214829804736,mu=6.46
gamma1,moderate,200,6,fitted_moment,40.0,1.0,0.0,3.0,step,0.0,0.0031777035588293387,2.0848816463597846e-16,4.000000000000001,0.347024308466052,0.9961636828644501,0.347024308466052,0.9961636828644501,0.9950008310638896,1.0,0.0025575447570332483,0.9731457800511509,0.817716244162666,mu=0.003
gamma1,moderate,200,6,fitted_moment,44.0,1.0,0.0,3.0,step,0.0,0.0031777035588293387,2.0848816463597846e-16,4.000000000000001,0.347024308466052,0.9961636828644501,0.347024308466052,0.9961636828644501,0.9950008310638896,1.0,0.0025575447570332483,0.979539641943734,0.9978214830739403,mu=6.46
gamma1,moderate,200,6,fitted_moment,80.0,1.0,0.0,3.0,step,0.0,0.0031777035588293387,2.0848816463597846e-16,4.000000000000001,0.347024308466052,0.9961636828644501,0.347024308466052,0.9961636828644501,0.9949991686597516,1.0,0.0025575447570332483,0.9731457800511509,0.8988198877079633,mu=0.3
gamma1,moderate,200,6,fitted_moment,160.0,1.0,0.0,3.0,step,0.0,0.0031777035588293387,2.0848816463597846e-16,4.000000000000001,0.347024308466052,0.9961636828644501,0.347024308466052,0.9961636828644501,0.9949991686597516,1.0,0.0025575447570332483,0.9731457800511509,0.8177159276417855,mu=0.003
gamma1,moderate,200,6,comb_prod,40.0,1.0,0.0,3.0,step,0.0,0.0031777035588293387,2.0848816463597846e-16,4.000000000000001,0.9950008310638896,1.0,0.9950008310638896,1.0,0.9950008310638896,1.0,0.948849104859335,0.9578005115089514,0.000769728700521888,
gamma1,moderate,200,6,comb_prod,44.0,1.0,0.0,3.0,step,0.0,0.0031777035588293387,2.0848816463597846e-16,4.000000000000001,0.34709351305812974,0.9910485933503836,0.347024308466052,0.9961636828644501,0.9950008310638896,1.0,0.948849104859335,0.9629156010230179,0.000538002609617519,
gamma1,moderate,200,7,classical_invA,,1.0,0.0,3.0,step,0.0,0.0031777035588293387,-0.9618775019699732,4.961877501969971,0.017456359102244388,0.9924433249370277,0.9950124688279302,0.9974811083123426,0.995,1.0,0.0025188916876574307,0.0025188916876574307,1.0000000000000002,fixed-tau 0.600: eff 0.9950 far 0.3417
gamma1,moderate,200,7,fitted_moment,32.0,1.0,0.0,3.0,step,0.0,0.0031777035588293387,-0.9618775019699732,4.961877501969971,0.017478152309612985,0.9911838790931989,0.34273858921161826,0.9974811083123426,0.9950000314859478,1.0,0.7367758186397985,0.9848866498740554,0.47076991097774806,mu=0.00646
gamma1,moderate,200,7,fitted_moment,40.0,1.0,0.0,3.0,step,0.0,0.0031777035588293387,-0.9618775019699732,4.961877501969971,0.018703241895261846,0.9911838790931989,0.34273858921161826,0.9974811083123426,0.9950000314859478,1.0,0.7405541561712846,0.982367758186398,0.46869745490562575,mu=0.003
gamma1,moderate,200,7,fitted_moment,44.0,1.0,0.0,3.0,step,0.0,0.0031777035588293387,-0.9618775019699732,4.961877501969971,0.018703241895261846,0.9911838790931989,0.34273858921161826,0.9974811083123426,0.9950000314859478,1.0,0.7405541561712846,0.9836272040302267,0.4686865471296331,mu=0.003
gamma1,moderate,200,7,fitted_moment,80.0,1.0,0.0,3.0,step,0.0,0.0031777035588293387,-0.9618775019699732,4.961877501969971,0.018703241895261846,0.9911838790931989,0.34273858921161826,0.9974811083123426,0.994999086734983,1.0,0.5025188916876574,0.982367758186398,0.46867860582893367,mu=0.003
gamma1,moderate,200,7,fitted_moment,160.0,1.0,0.0,3.0,step,0.0,0.0031777035588293387,-0.9618775019699732,4.961877501969971,0.018703241895261846,0.9911838790931989,0.34273858921161826,0.9974811083123426,0.9950000314859478,1.0,0.5025188916876574,0.982367758186398,0.46867793060516444,mu=0.003
gamma1,moderate,200,7,comb_prod,40.0,1.0,0.0,3.0,step,0.0,0.0031777035588293387,-0.9618775019699732,4.961877501969971,0.3419732441471572,0.9911838790931989,0.9950187662157737,0.9962216624685138,0.9950000314859478,1.0,0.4760705289672544,0.9672544080604534,0.6873962240240378,
gamma1,moderate,200,7,comb_prod,44.0,1.0,0.0,3.0,step,0.0,0.0031777035588293387,-0.9618775019699732,4.961877501969971,0.02236024844720497,0.9911838790931989,0.9950187975843372,0.9962216624685138,0.9950000314859478,1.0,0.4760705289672544,0.9735516372795969,0.470035190312246,
gamma1,moderate,200,8,classical_invA,,1.0,0.0,3.0,step,0.0,0.0031777035588293387,0.09788696740969263,3.999999999999999,0.28401826484018267,1.0,0.28401826484018267,1.0,0.28401826484018267,1.0,0.00510204081632653,0.00510204081632653,0.9999999999999999,fixed-tau 0.600: eff 1.0000 far 0.2840
gamma1,moderate,200,8,fitted_moment,32.0,1.0,0.0,3.0,step,0.0,0.0031777035588293387,0.09788696740969263,3.999999999999999,0.28401826484018267,1.0,0.28401826484018267,1.0,0.28401826484018267,1.0,0.00510204081632653,0.9732142857142857,0.8177167251535571,mu=0.003
gamma1,moderate,200,8,fitted_moment,40.0,1.0,0.0,3.0,step,0.0,0.0031777035588293387,0.09788696740969263,3.999999999999999,0.28401826484018267,1.0,0.28401826484018267,1.0,0.28401826484018267,1.0,0.007653061224489796,0.9719387755102041,0.8177308498551213,mu=0.003
gamma1,moderate,200,8,fitted_moment,44.0,1.0,0.0,3.0,step,0.0,0.0031777035588293387,0.09788696740969263,3.999999999999999,0.28401826484018267,1.0,0.28401826484018267,1.0,0.28401826484018267,1.0,0.01020408163265306,0.01020408163265306,0.8177860263886879,mu=0.003
gamma1,moderate,200,8,fitted_moment,80.0,1.0,0.0,3.0,step,0.0,0.0031777035588293387,0.09788696740969263,3.999999999999999,0.2834862385321101,0.9961734693877551,0.2834862385321101,0.9961734693877551,0.28401826484018267,1.0,0.00510204081632653,0.00510204081632653,0.9999999868863803,mu=0.003
gamma1,moderate,200,8,fitted_moment,160.0,1.0,0.0,3.0,step,0.0,0.0031777035588293387,0.09788696740969263,3.999999999999999,0.28401826484018267,1.0,0.28401826484018267,1.0,0.28401826484018267,1.0,0.00510204081632653,0.9681122448979592,0.9999999999999859,mu=0.003
gamma1,moderate,200,8,comb_prod,40.0,1.0,0.0,3.0,step,0.0,0.0031777035588293387,0.09788696740969263,3.999999999999999,0.2824287028518859,0.9948979591836735,0.2832263978001833,0.9974489795918368,0.28401826484018267,1.0,0.951530612244898,0.9668367346938775,0.0007976607082486421,
gamma1,moderate,200,8,comb_prod,44.0,1.0,0.0,3.0,step,0.0,0.0031777035588293387,0.09788696740969263,3.999999999999999,0.2824287028518859,0.9948979591836735,0.2832263978001833,0.9974489795918368,0.28401826484018267,1.0,0.9540816326530612,0.9681122448979592,0.0010763993796074612,
gamma1,moderate,200,9,classical_invA,,1.0,0.0,3.0,step,0.0,0.0031777035588293387,0.0978869674096925,4.000000000000001,0.3202785030461271,0.9949044585987261,0.9950004458201179,1.0,0.9950004458201179,1.0,0.0025477707006369425,0.9732484076433121,0.9999999999999999,fixed-tau 0.600: eff 0.9949 far 0.3203
gamma1,moderate,200,9,fitted_moment,32.0,1.0,0.0,3.0,step,0.0,0.0031777035588293387,0.0978869674096925,4.000000000000001,0.3202785030461271,0.9949044585987261,0.9949995222473484,1.0,0.9949995222473484,1.0,0.0025477707006369425,0.9707006369426752,0.8177169869391586,mu=0.003
gamma1,moderate,200,9,fitted_moment,40.0,1.0,0.0,3.0,step,0.0,0.0031777035588293387,0.0978869674096925,4.000000000000001,0.3202785030461271,0.9949044585987261,0.9949995222473484,1.0,0.9949995222473484,1.0,0.005095541401273885,0.9732484076433121,0.8177331790119267,mu=0.003
gamma1,moderate,200,9,fitted_moment,44.0,1.0,0.0,3.0,step,0.0,0.0031777035588293387,0.0978869674096925,4.000000000000001,0.3202785030461271,0.9949044585987261,0.9950004458201179,1.0,0.9950004458201179,1.0,0.008917197452229299,0.9732484076433121,0.8177849111549215,mu=0.003
gamma1,moderate,200,9,fitted_moment,80.0,1.0,0.0,3.0,step,0.0,0.0031777035588293387,0.0978869674096925,4.000000000000001,0.3193350831146107,0.9910828025477707,0.9950001592305977,1.0,0.9950001592305977,1.0,0.0025477707006369425,0.49171974522292994,0.9999999848710391,mu=0.003
gamma1,moderate,200,9,fitted_moment,160.0,1.0,0.0,3.0,step,0.0,0.0031777035588293387,0.0978869674096925,4.000000000000001,0.3202785030461271,0.9949044585987261,0.9950004458201179,1.0,0.9950004458201179,1.0,0.0025477707006369425,0.9694267515923567,0.9999999999999999,mu=0.003
gamma1,moderate,200,9,comb_prod,40.0,1.0,0.0,3.0,step,0.0,0.0031777035588293387,0.0978869674096925,4.000000000000001,0.31965065502183404,0.9923566878980892,0.9950004458201179,1.0,0.9950004458201179,1.0,0.9515923566878981,0.9630573248407643,0.000563873231758787,
gamma1,moderate,200,9,comb_prod,44.0,1.0,0.0,3.0,step,0.0,0.0031777035588293387,0.0978869674096925,4.000000000000001,0.31965065502183404,0.9923566878980892,0.9950004458201179,1.0,0.9950004458201179,1.0,0.9554140127388535,0.9668789808917198,0.0007609324453584018,
gamma2,moderate,200,0,classical_invA,,2.0,0.0,3.0,step,0.0,0.0031777035588293387,0.9999999999999991,4.999999999999999,0.3070796460176991,0.9974522292993631,0.3070796460176991,0.9974522292993631,0.9950003821363972,1.0,0.4878980891719745,0.4878980891719745,0.9999999999999998,fixed-tau 0.433: eff 0.9975 far 0.3071
gamma2,moderate,200,0,fitted_moment,32.0,2.0,0.0,3.0,step,0.0,0.0031777035588293387,0.9999999999999991,4.999999999999999,0.3070796460176991,0.9974522292993631,0.3070796460176991,0.9974522292993631,0.9949996178051825,1.0,0.9592356687898089,0.9719745222929936,0.15059280523707827,mu=0.646
gamma2,moderate,200,0,fitted_moment,40.0,2.0,0.0,3.0,step,0.0,0.0031777035588293387,0.9999999999999991,4.999999999999999,0.3070796460176991,0.9974522292993631,0.3070796460176991,0.9974522292993631,0.9950003821363972,1.0,0.9592356687898089,0.9681528662420382,0.14942727667351186,mu=0.3
gamma2,moderate,200,0,fitted_moment,44.0,2.0,0.0,3.0,step,0.0,0.0031777035588293387,0.9999999999999991,4.999999999999999,0.3070796460176991,0.9974522292993631,0.3070796460176991,0.9974522292993631,0.9949996178051825,1.0,0.9592356687898089,0.9719745222929936,0.15199100115989544,mu=1.39
gamma2,moderate,200,0,fitted_moment,80.0,2.0,0.0,3.0,step,0.0,0.0031777035588293387,0.9999999999999991,4.999999999999999,0.3070796460176991,0.9974522292993631,0.3070796460176991,0.9974522292993631,0.9949996178051825,1.0,0.9592356687898089,0.9719745222929936,0.15059280438999068,mu=0.646
gamma2,moderate,200,0,fitted_moment,160.0,2.0,0.0,3.0,step,0.0,0.0031777035588293387,0.9999999999999991,4.999999999999999,0.3070796460176991,0.9974522292993631,0.3070796460176991,0.9974522292993631,0.9950003821363972,1.0,0.9592356687898089,0.9719745222929936,0.1505928040493773,mu=0.646
gamma2,moderate,200,0,comb_prod,40.0,2.0,0.0,3.0,step,0.0,0.0031777035588293387,0.9999999999999991,4.999999999999999,0.9950003821363972,1.0,0.9950003821363972,1.0,0.9950003821363972,1.0,0.9363057324840764,0.9439490445859873,0.29713957945718567,
gamma2,moderate,200,0,comb_prod,44.0,2.0,0.0,3.0,step,0.0,0.0031777035588293387,0.9999999999999991,4.999999999999999,0.30604982206405695,0.9936305732484076,0.3070796460176991,0.9974522292993631,0.9950003821363972,1.0,0.9363057324840764,0.954140127388535,0.22334500894204276,
gamma2,moderate,200,1,classical_invA,,2.0,0.0,3.0,step,0.0,0.0031777035588293387,0.7738053819471326,5.226194618052801,0.9950010293890575,1.0,0.9950010293890575,1.0,0.9950010293890575,1.0,0.001287001287001287,0.001287001287001287,1.0,fixed-tau 0.433: eff 0.9871 far 0.3146
gamma2,moderate,200,1,fitted_moment,32.0,2.0,0.0,3.0,step,0.0,0.0031777035588293387,0.7738053819471326,5.226194618052801,0.9950010293890575,1.0,0.9950010293890575,1.0,0.9950010293890575,1.0,0.9652509652509652,0.9665379665379665,0.15016317343625535,mu=0.646
gamma2,moderate,200,1,fitted_moment,40.0,2.0,0.0,3.0,step,0.0,0.0031777035588293387,0.7738053819471326,5.226194618052801,0.9950010293890575,1.0,0.9950010293890575,1.0,0.9950010293890575,1.0,0.9652509652509652,0.9665379665379665,0.15016314137589262,mu=0.646
gamma2,moderate,200,1,fitted_moment,44.0,2.0,0.0,3.0,step,0.0,0.0031777035588293387,0.7738053819471326,5.226194618052801,0.9949994851464758,1.0,0.9949994851464758,1.0,0.9949994851464758,1.0,0.9652509652509652,0.9665379665379665,0.15016313727610806,mu=0.646
gamma2,moderate,200,1,fitted_moment,80.0,2.0,0.0,3.0,step,0.0,0.0031777035588293387,0.7738053819471326,5.226194618052801,0.9949994851464758,1.0,0.9949994851464758,1.0,0.9949994851464758,1.0,0.9652509652509652,0.9665379665379665,0.15016313401367695,mu=0.646
gamma2,moderate,200,1,fitted_moment,160.0,2.0,0.0,3.0,step,0.0,0.0031777035588293387,0.7738053819471326,5.226194618052801,0.9950010293890575,1.0,0.9950010293890575,1.0,0.9950010293890575,1.0,0.9652509652509652,0.9665379665379665,0.15016313250181496,mu=0.646
gamma2,moderate,200,1,comb_prod,40.0,2.0,0.0,3.0,step,0.0,0.0031777035588293387,0.7738053819471326,5.226194618052801,0.9950010293890575,1.0,0.9950010293890575,1.0,0.9950010293890575,1.0,0.9575289575289575,0.9691119691119691,0.23316408461002075,
gamma2,moderate,200,1,comb_prod,44.0,2.0,0.0,3.0,step,0.0,0.0031777035588293387,0.7738053819471326,5.226194618052801,0.9950010293890575,1.0,0.9950010293890575,1.0,0.9950010293890575,1.0,0.9575289575289575,0.9665379665379665,0.30948560332987274,
gamma2,moderate,200,2,classical_invA,,2.0,0.0,3.0,step,0.0,0.0031777035588293387,0.9999999999999994,5.000000000000002,0.028395061728395062,0.9924337957124842,0.3019366197183099,1.0,0.3019366197183099,1.0,0.4943253467843632,0.49810844892812106,1.0,fixed-tau 0.433: eff 1.0000 far 0.3019
gamma2,moderate,200,2,fitted_moment,32.0,2.0,0.0,3.0,step,0.0,0.0031777035588293387,0.9999999999999994,5.000000000000002,0.028395061728395062,0.9924337957124842,0.3019366197183099,1.0,0.3019366197183099,1.0,0.9747793190416141,0.9823455233291298,0.14869086996556313,mu=0.003
gamma2,moderate,200,2,fitted_moment,40.0,2.0,0.0,3.0,step,0.0,0.0031777035588293387,0.9999999999999994,5.000000000000002,0.028395061728395062,0.9924337957124842,0.3019366197183099,1.0,0.3019366197183099,1.0,0.9747793190416141,0.9823455233291298,0.14869086879417026,mu=0.003
gamma2,moderate,200,2,fitted_moment,44.0,2.0,0.0,3.0,step,0.0,0.0031777035588293387,0.9999999999999994,5.000000000000002,0.028395061728395062,0.9924337957124842,0.3019366197183099,1.0,0.3019366197183099,1.0,0.9747793190416141,0.9823455233291298,0.1486908684476322,mu=0.003
gamma2,moderate,200,2,fitted_moment,80.0,2.0,0.0,3.0,step,0.0,0.0031777035588293387,0.9999999999999994,5.000000000000002,0.028395061728395062,0.9924337957124842,0.3019366197183099,1.0,0.3019366197183099,1.0,0.9747793190416141,0.9823455233291298,0.14869086663646539,mu=0.003
gamma2,moderate,200,2,fitted_moment,160.0,2.0,0.0,3.0,step,0.0,0.0031777035588293387,0.9999999999999994,5.000000000000002,0.018703241895261846,0.9924337957124842,0.3019366197183099,1.0,0.3019366197183099,1.0,0.9747793190416141,0.9823455233291298,0.14869086558096803,mu=0.003
gamma2,moderate,200,2,comb_prod,40.0,2.0,0.0,3.0,step,0.0,0.0031777035588293387,0.9999999999999994,5.000000000000002,0.9950276731784983,0.9924337957124842,0.9950000630509073,1.0,0.9950000630509073,1.0,0.9495586380832283,0.9495586380832283,0.2970504230461141,
gamma2,moderate,200,2,comb_prod,44.0,2.0,0.0,3.0,step,0.0,0.0031777035588293387,0.9999999999999994,5.000000000000002,0.2998220640569395,0.9924337957124842,0.3008849557522124,0.9962168978562421,0.3019366197183099,1.0,0.9495586380832283,0.9621689785624212,0.22384208809834366,
gamma2,moderate,200,3,classical_invA,,2.0,0.0,3.0,step,0.0,0.0031777035588293387,1.152240934977426,4.84775906502257,0.3304647160068847,0.9923469387755102,0.9950005101520253,1.0,0.9950005101520253,1.0,0.4897959183673469,0.9770408163265306,1.0,fixed-tau 0.433: eff 0.9923 far 0.3305
gamma2,moderate,200,3,fitted_moment,32.0,2.0,0.0,3.0,step,0.0,0.0031777035588293387,1.152240934977426,4.84775906502257,0.3304647160068847,0.9923469387755102,0.9950005101520253,1.0,0.9950005101520253,1.0,0.9719387755102041,0.9821428571428571,0.14693724268751662,mu=0.003
gamma2,moderate,200,3,fitted_moment,40.0,2.0,0.0,3.0,step,0.0,0.0031777035588293387,1.152240934977426,4.84775906502257,0.3304647160068847,0.9923469387755102,0.9950005101520253,1.0,0.9950005101520253,1.0,0.9719387755102041,0.9821428571428571,0.14693724150842577,mu=0.003
gamma2,moderate,200,3,fitted_moment,44.0,2.0,0.0,3.0,step,0.0,0.0031777035588293387,1.152240934977426,4.84775906502257,0.3304647160068847,0.9923469387755102,0.9950005101520253,1.0,0.9950005101520253,1.0,0.9719387755102041,0.9821428571428571,0.14693724110963494,mu=0.003
gamma2,moderate,200,3,fitted_moment,80.0,2.0,0.0,3.0,step,0.0,0.0031777035588293387,1.152240934977426,4.84775906502257,0.3304647160068847,0.9923469387755102,0.9950005101520253,1.0,0.9950005101520253,1.0,0.9719387755102041,0.9821428571428571,0.14693723961917593,mu=0.003
gamma2,moderate,200,3,fitted_moment,160.0,2.0,0.0,3.0,step,0.0,0.0031777035588293387,1.152240934977426,4.84775906502257,0.3304647160068847,0.9923469387755102,0.9950005101520253,1.0,0.9950005101520253,1.0,0.9719387755102041,0.9821428571428571,0.14693723871331266,mu=0.003
gamma2,moderate,200,3,comb_prod,40.0,2.0,0.0,3.0,step,0.0,0.0031777035588293387,1.152240934977426,4.84775906502257,0.3304647160068847,0.9923469387755102,0.9950005101520253,1.0,0.9950005101520253,1.0,0.9540816326530612,0.9770408163265306,0.24036501485895767,
gamma2,moderate,200,3,comb_prod,44.0,2.0,0.0,3.0,step,0.0,0.0031777035588293387,1.152240934977426,4.84775906502257,0.3304647160068847,0.9923469387755102,0.9950005101520253,1.0,0.9950005101520253,1.0,0.9540816326530612,0.9770408163265306,0.17458511108784674,
gamma2,moderate,200,4,classical_invA,,2.0,0.0,3.0,step,0.0,0.0031777035588293387,0.2013911215414116,5.798608878458592,0.3378607809847199,0.9948979591836735,0.9950005101520253,1.0,0.9950005101520253,1.0,0.00510204081632653,0.00510204081632653,0.9999999999999998,fixed-tau 0.433: eff 0.9949 far 0.3379
gamma2,moderate,200,4,fitted_moment,32.0,2.0,0.0,3.0,step,0.0,0.0031777035588293387,0.2013911215414116,5.798608878458592,0.3378607809847199,0.9948979591836735,0.9950005101520253,1.0,0.9950005101520253,1.0,0.9566326530612245,0.9591836734693877,0.17638685910496,mu=0.003
gamma2,moderate,200,4,fitted_moment,40.0,2.0,0.0,3.0,step,0.0,0.0031777035588293387,0.2013911215414116,5.798608878458592,0.3378607809847199,0.9948979591836735,0.9950005101520253,1.0,0.9950005101520253,1.0,0.9566326530612245,0.9591836734693877,0.17640272266012597,mu=0.003
gamma2,moderate,200,4,fitted_moment,44.0,2.0,0.0,3.0,step,0.0,0.0031777035588293387,0.2013911215414116,5.798608878458592,0.3378607809847199,0.9948979591836735,0.9950005101520253,1.0,0.9950005101520253,1.0,0.9566326530612245,0.9591836734693877,0.1764024863855742,mu=0.003
gamma2,moderate,200,4,fitted_moment,80.0,2.0,0.0,3.0,step,0.0,0.0031777035588293387,0.2013911215414116,5.798608878458592,0.336734693877551,0.9948979591836735,0.9950005101520253,1.0,0.9950005101520253,1.0,0.9566326530612245,0.9591836734693877,0.17640221152499835,mu=0.003
gamma2,moderate,200,4,fitted_moment,160.0,2.0,0.0,3.0,step,0.0,0.0031777035588293387,0.2013911215414116,5.798608878458592,0.336734693877551,0.9948979591836735,0.9950005101520253,1.0,0.9950005101520253,1.0,0.9566326530612245,0.9591836734693877,0.176402123577134,mu=0.003
gamma2,moderate,200,4,comb_prod,40.0,2.0,0.0,3.0,step,0.0,0.0031777035588293387,0.2013911215414116,5.798608878458592,0.9950258908756983,0.9948979591836735,0.99501954557339,0.9961734693877551,0.9950005101520253,1.0,0.9183673469387755,0.9247448979591837,0.7224461936530546,
gamma2,moderate,200,4,comb_prod,44.0,2.0,0.0,3.0,step,0.0,0.0031777035588293387,0.2013911215414116,5.798608878458592,0.9950258274344749,0.9948979591836735,0.9950194820516418,0.9961734693877551,0.9950005101520253,1.0,0.9183673469387755,0.9349489795918368,0.38512251073844206,
gamma2,moderate,200,5,classical_invA,,2.0,0.0,3.0,step,0.0,0.0031777035588293387,1.1522409349774254,4.847759065022575,0.018703241895261846,0.9949431099873578,0.2917414721723519,0.9974715549936789,0.9950000632103261,1.0,0.4892541087231353,0.4943109987357775,1.0000000000000002,fixed-tau 0.433: eff 0.9975 far 0.2917
gamma2,moderate,200,5,fitted_moment,32.0,2.0,0.0,3.0,step,0.0,0.0031777035588293387,1.1522409349774254,4.847759065022575,0.018703241895261846,0.9949431099873578,0.2917414721723519,0.9974715549936789,0.9950000632103261,1.0,0.9633375474083439,0.9810366624525917,0.14788064875854454,mu=0.003
gamma2,moderate,200,5,fitted_moment,40.0,2.0,0.0,3.0,step,0.0,0.0031777035588293387,1.1522409349774254,4.847759065022575,0.018703241895261846,0.9949431099873578,0.2917414721723519,0.9974715549936789,0.9950000632103261,1.0,0.9633375474083439,0.9810366624525917,0.14788064715122462,mu=0.003
gamma2,moderate,200,5,fitted_moment,44.0,2.0,0.0,3.0,step,0.0,0.0031777035588293387,1.1522409349774254,4.847759065022575,0.018703241895261846,0.9949431099873578,0.2917414721723519,0.9974715549936789,0.9950000632103261,1.0,0.9633375474083439,0.9810366624525917,0.14788064661740982,mu=0.003
gamma2,moderate,200,5,fitted_moment,80.0,2.0,0.0,3.0,step,0.0,0.0031777035588293387,1.1522409349774254,4.847759065022575,0.018703241895261846,0.9949431099873578,0.2917414721723519,0.9974715549936789,0.994998387596507,1.0,0.9633375474083439,0.9810366624525917,0.14788064474435095,mu=0.003
gamma2,moderate,200,5,fitted_moment,160.0,2.0,0.0,3.0,step,0.0,0.0031777035588293387,1.1522409349774254,4.847759065022575,0.018703241895261846,0.9949431099873578,0.2917414721723519,0.9974715549936789,0.9950000632103261,1.0,0.9633375474083439,0.9810366624525917,0.1478806434816513,mu=0.003
gamma2,moderate,200,5,comb_prod,40.0,2.0,0.0,3.0,step,0.0,0.0031777035588293387,1.1522409349774254,4.847759065022575,0.018703241895261846,0.9949431099873578,0.2917414721723519,0.9974715549936789,0.9950000632103261,1.0,0.9216182048040455,0.9810366624525917,0.2411105505754937,
gamma2,moderate,200,5,comb_prod,44.0,2.0,0.0,3.0,step,0.0,0.0031777035588293387,1.1522409349774254,4.847759065022575,0.018703241895261846,0.9949431099873578,0.2917414721723519,0.9974715549936789,0.9950000632103261,1.0,0.9216182048040455,0.9810366624525917,0.17429496297521851,
gamma2,moderate,200,6,classical_invA,,2.0,0.0,3.0,step,0.0,0.0031777035588293387,0.9999999999999992,5.0,0.347024308466052,0.9961636828644501,0.347024308466052,0.9961636828644501,0.9950008310638896,1.0,0.4846547314578005,0.4884910485933504,1.0000000000000002,fixed-tau 0.433: eff 0.9962 far 0.3470
gamma2,moderate,200,6,fitted_moment,32.0,2.0,0.0,3.0,step,0.0,0.0031777035588293387,0.9999999999999992,5.0,0.347024308466052,0.9961636828644501,0.347024308466052,0.9961636828644501,0.9949991686597516,1.0,0.9603580562659847,0.9705882352941176,0.1481883714925563,mu=0.3
gamma2,moderate,200,6,fitted_moment,40.0,2.0,0.0,3.0,step,0.0,0.0031777035588293387,0.9999999999999992,5.0,0.347024308466052,0.9961636828644501,0.347024308466052,0.9961636828644501,0.9950008310638896,1.0,0.9603580562659847,0.9705882352941176,0.14818837079513555,mu=0.3
gamma2,moderate,200,6,fitted_moment,44.0,2.0,0.0,3.0,step,0.0,0.0031777035588293387,0.9999999999999992,5.0,0.347024308466052,0.9961636828644501,0.347024308466052,0.9961636828644501,0.9950008310638896,1.0,0.9603580562659847,0.9705882352941176,0.1481883707872352,mu=0.3
gamma2,moderate,200,6,fitted_moment,80.0,2.0,0.0,3.0,step,0.0,0.0031777035588293387,0.9999999999999992,5.0,0.347024308466052,0.9961636828644501,0.347024308466052,0.9961636828644501,0.9949991686597516,1.0,0.9603580562659847,0.9705882352941176,0.1481883696296666,mu=0.3
gamma2,moderate,200,6,fitted_moment,160.0,2.0,0.0,3.0,step,0.0,0.0031777035588293387,0.9999999999999992,5.0,0.347024308466052,0.9961636828644501,0.347024308466052,0.9961636828644501,0.9950008310638896,1.0,0.9603580562659847,0.9705882352941176,0.1481883688659114,mu=0.3
gamma2,moderate,200,6,comb_prod,40.0,2.0,0.0,3.0,step,0.0,0.0031777035588293387,0.9999999999999992,5.0,0.9950008310638896,1.0,0.9950008310638896,1.0,0.9950008310638896,1.0,0.9462915601023018,0.9654731457800512,0.29695902271120844,
gamma2,moderate,200,6,comb_prod,44.0,2.0,0.0,3.0,step,0.0,0.0031777035588293387,0.9999999999999992,5.0,0.34650967199327165,0.9936061381074168,0.347024308466052,0.9961636828644501,0.9950008310638896,1.0,0.9462915601023018,0.9578005115089514,0.2237651992917069,
gamma2,moderate,200,7,classical_invA,,2.0,0.0,3.0,step,0.0,0.0031777035588293387,0.03812249803002742,5.961877501969936,0.02111801242236025,0.9924433249370277,0.34273858921161826,0.9974811083123426,0.9950000314859478,1.0,0.0,0.0,1.0000000000000002,fixed-tau 0.433: eff 0.9975 far 0.3427
gamma2,moderate,200,7,fitted_moment,32.0,2.0,0.0,3.0,step,0.0,0.0031777035588293387,0.03812249803002742,5.961877501969936,0.023485784919653894,0.9949622166246851,0.34273858921161826,0.9974811083123426,0.994999086734983,1.0,0.5050377833753149,0.982367758186398,0.30251265695847135,mu=0.003
gamma2,moderate,200,7,fitted_moment,40.0,2.0,0.0,3.0,step,0.0,0.0031777035588293387,0.03812249803002742,5.961877501969936,0.023485784919653894,0.9949622166246851,0.34273858921161826,0.9974811083123426,0.994999086734983,1.0,0.5050377833753149,0.982367758186398,0.3482715672812062,mu=0.003
gamma2,moderate,200,7,fitted_moment,44.0,2.0,0.0,3.0,step,0.0,0.0031777035588293387,0.03812249803002742,5.961877501969936,0.023485784919653894,0.9949622166246851,0.34273858921161826,0.9974811083123426,0.9950000314859478,1.0,0.5050377833753149,0.982367758186398,0.3479287687223541,mu=0.003
gamma2,moderate,200,7,fitted_moment,80.0,2.0,0.0,3.0,step,0.0,0.0031777035588293387,0.03812249803002742,5.961877501969936,0.023485784919653894,0.9949622166246851,0.34273858921161826,0.9974811083123426,0.9950000314859478,1.0,0.5050377833753149,0.982367758186398,0.3473167329599085,mu=0.003
gamma2,moderate,200,7,fitted_moment,160.0,2.0,0.0,3.0,step,0.0,0.0031777035588293387,0.03812249803002742,5.961877501969936,0.023485784919653894,0.9949622166246851,0.34273858921161826,0.9974811083123426,0.9950000314859478,1.0,0.5050377833753149,0.982367758186398,0.34725454439861964,mu=0.003
gamma2,moderate,200,7,comb_prod,40.0,2.0,0.0,3.0,step,0.0,0.0031777035588293387,0.03812249803002742,5.961877501969936,0.9950314401878836,0.9911838790931989,0.9950125316439754,0.9974811083123426,0.9950000314859478,1.0,0.4760705289672544,0.9735516372795969,0.6211680890690212,
gamma2,moderate,200,7,comb_prod,44.0,2.0,0.0,3.0,step,0.0,0.0031777035588293387,0.03812249803002742,5.961877501969936,0.9950314401878836,0.9911838790931989,0.9950064077069247,0.9962216624685138,0.9950000314859478,1.0,0.4760705289672544,0.9735516372795969,0.49539257645325496,
gamma2,moderate,200,8,classical_invA,,2.0,0.0,3.0,step,0.0,0.0031777035588293387,0.9999999999999991,5.0,0.28401826484018267,1.0,0.28401826484018267,1.0,0.28401826484018267,1.0,0.4885204081632653,0.4885204081632653,1.0000000000000002,fixed-tau 0.433: eff 1.0000 far 0.2840
gamma2,moderate,200,8,fitted_moment,32.0,2.0,0.0,3.0,step,0.0,0.0031777035588293387,0.9999999999999991,5.0,0.28401826484018267,1.0,0.28401826484018267,1.0,0.28401826484018267,1.0,0.9655612244897959,0.9757653061224489,0.14889453760997498,mu=0.3
gamma2,moderate,200,8,fitted_moment,40.0,2.0,0.0,3.0,step,0.0,0.0031777035588293387,0.9999999999999991,5.0,0.28401826484018267,1.0,0.28401826484018267,1.0,0.28401826484018267,1.0,0.9655612244897959,0.9757653061224489,0.14889453687477341,mu=0.3
gamma2,moderate,200,8,fitted_moment,44.0,2.0,0.0,3.0,step,0.0,0.0031777035588293387,0.9999999999999991,5.0,0.28401826484018267,1.0,0.28401826484018267,1.0,0.28401826484018267,1.0,0.9655612244897959,0.9757653061224489,0.14889453686962253,mu=0.3
gamma2,moderate,200,8,fitted_moment,80.0,2.0,0.0,3.0,step,0.0,0.0031777035588293387,0.9999999999999991,5.0,0.28401826484018267,1.0,0.28401826484018267,1.0,0.28401826484018267,1.0,0.9655612244897959,0.9757653061224489,0.14889453568728028,mu=0.3
gamma2,moderate,200,8,fitted_moment,160.0,2.0,0.0,3.0,step,0.0,0.0031777035588293387,0.9999999999999991,5.0,0.28401826484018267,1.0,0.28401826484018267,1.0,0.28401826484018267,1.0,0.9655612244897959,0.9757653061224489,0.1488945348917574,mu=0.3
gamma2,moderate,200,8,comb_prod,40.0,2.0,0.0,3.0,step,0.0,0.0031777035588293387,0.9999999999999991,5.0,0.9950001275477667,1.0,0.9950001275477667,1.0,0.9950001275477667,1.0,0.9489795918367347,0.9668367346938775,0.2967344733482441,
gamma2,moderate,200,8,comb_prod,44.0,2.0,0.0,3.0,step,0.0,0.0031777035588293387,0.9999999999999991,5.0,0.2824287028518859,0.9948979591836735,0.2832263978001833,0.9974489795918368,0.28401826484018267,1.0,0.9489795918367347,0.9668367346938775,0.22345056600720747,
gamma2,moderate,200,9,classical_invA,,2.0,0.0,3.0,step,0.0,0.0031777035588293387,1.0,5.0,0.3202785030461271,0.9949044585987261,0.9950004458201179,1.0,0.9950004458201179,1.0,0.4878980891719745,0.49171974522292994,1.0,fixed-tau 0.433: eff 0.9949 far 0.3203
gamma2,moderate,200,9,fitted_moment,32.0,2.0,0.0,3.0,step,0.0,0.0031777035588293387,1.0,5.0,0.3202785030461271,0.9949044585987261,0.9949998089098947,1.0,0.9949998089098947,1.0,0.9656050955414013,0.9732484076433121,0.14698709435443652,mu=0.003
gamma2,moderate,200,9,fitted_moment,40.0,2.0,0.0,3.0,step,0.0,0.0031777035588293387,1.0,5.0,0.3202785030461271,0.9949044585987261,0.9949998089098947,1.0,0.9949998089098947,1.0,0.9656050955414013,0.9732484076433121,0.14698709246307518,mu=0.003
gamma2,moderate,200,9,fitted_moment,44.0,2.0,0.0,3.0,step,0.0,0.0031777035588293387,1.0,5.0,0.3202785030461271,0.9949044585987261,0.9949998089098947,1.0,0.9949998089098947,1.0,0.9656050955414013,0.9732484076433121,0.14698709233471743,mu=0.003
gamma2,moderate,200,9,fitted_moment,80.0,2.0,0.0,3.0,step,0.0,0.0031777035588293387,1.0,5.0,0.3202785030461271,0.9949044585987261,0.9949998089098947,1.0,0.9949998089098947,1.0,0.9656050955414013,0.9732484076433121,0.14698708907544164,mu=0.003
gamma2,moderate,200,9,fitted_moment,160.0,2.0,0.0,3.0,step,0.0,0.0031777035588293387,1.0,5.0,0.3202785030461271,0.9949044585987261,0.9949998089098947,1.0,0.9949998089098947,1.0,0.9656050955414013,0.9732484076433121,0.14698708682768438,mu=0.003
gamma2,moderate,200,9,comb_prod,40.0,2.0,0.0,3.0,step,0.0,0.0031777035588293387,1.0,5.0,0.9950004458201179,1.0,0.9950004458201179,1.0,0.9950004458201179,1.0,0.9477707006369427,0.9592356687898089,0.2969256382333662,
gamma2,moderate,200,9,comb_prod,44.0,2.0,0.0,3.0,step,0.0,0.0031777035588293387,1.0,5.0,0.31965065502183404,0.9923566878980892,0.9950004458201179,1.0,0.9950004458201179,1.0,0.9477707006369427,0.9592356687898089,0.2237016168195855,
erf,moderate,200,0,classical_invA,,3.0,0.0,3.0,erf,0.0,0.0031777035588293387,0.12566993155297945,7.874330068446978,0.050061050061050064,0.9910828025477707,0.07337278106508875,0.9974522292993631,0.9950003821363972,1.0,0.006369426751592357,0.006369426751592357,1.0000000000000002,fixed-tau 0.350: eff 0.9975 far 0.2952
erf,moderate,200,0,fitted_moment,32.0,3.0,0.0,3.0,erf,0.0,0.0031777035588293387,0.12566993155297945,7.874330068446978,0.5338526063511084,0.9910828025477707,0.6255380200860832,0.9974522292993631,0.9949623621066952,1.0,0.9617834394904459,0.9796178343949045,0.3344615669669292,mu=0.00646
erf,moderate,200,0,fitted_moment,40.0,3.0,0.0,3.0,erf,0.0,0.0031777035588293387,0.12566993155297945,7.874330068446978,0.3766025641025641,0.9910828025477707,0.4321972443799855,0.9974522292993631,0.9949618447991477,1.0,0.015286624203821656,0.9821656050955414,0.3897815043522084,mu=0.3
erf,moderate,200,0,fitted_moment,44.0,3.0,0.0,3.0,erf,0.0,0.0031777035588293387,0.12566993155297945,7.874330068446978,0.48202396804260983,0.9910828025477707,0.5091023226616447,0.9961783439490446,0.9949628146636637,1.0,0.015286624203821656,0.9821656050955414,0.389652875136281,mu=0.3
erf,moderate,200,0,fitted_moment,80.0,3.0,0.0,3.0,erf,0.0,0.0031777035588293387,0.12566993155297945,7.874330068446978,0.5270516717325228,0.9910828025477707,0.6384650947757744,0.9961783439490446,0.9949651085227564,1.0,0.9770700636942675,0.978343949044586,0.35655669061750594,mu=0.00646
erf,moderate,200,0,fitted_moment,160.0,3.0,0.0,3.0,erf,0.0,0.0031777035588293387,0.12566993155297945,7.874330068446978,0.2782931354359926,0.9910828025477707,0.5625698324022347,0.9974522292993631,0.9949718165513708,1.0,0.6458598726114649,0.9847133757961783,0.3850024202282638,mu=0.139
erf,moderate,200,0,comb_prod,40.0,3.0,0.0,3.0,erf,0.0,0.0031777035588293387,0.12566993155297945,7.874330068446978,0.9950445859872612,0.9910828025477707,0.9950193303483285,0.9961783439490446,0.9950003821363972,1.0,0.0,0.0,0.8701964196889679,
erf,moderate,200,0,comb_prod,44.0,3.0,0.0,3.0,erf,0.0,0.0031777035588293387,0.12566993155297945,7.874330068446978,0.9950446806748916,0.9910828025477707,0.9950193937927125,0.9961783439490446,0.9950003821363972,1.0,0.0,0.0,0.8654510254423321,
erf,moderate,200,0,normalized_half_comb,40.0,3.0,0.0,3.0,erf,0.0,0.0031777035588293387,0.12566993155297945,7.874330068446978,0.742469380999669,0.9910828025477707,0.7745748054194292,0.9961783439490446,0.9949949630838678,1.0,0.5235668789808917,0.9554140127388535,0.3622741472081485,
erf,moderate,200,0,normalized_half_comb,44.0,3.0,0.0,3.0,erf,0.0,0.0031777035588293387,0.12566993155297945,7.874330068446978,0.7740063823614738,0.9923566878980892,0.7748992515831894,0.9961783439490446,0.9949993948312216,1.0,0.5159235668789809,0.9554140127388535,0.3010513019523753,
erf,moderate,200,1,classical_invA,,3.0,0.0,3.0,erf,0.0,0.0031777035588293387,-0.26551733721261944,8.265517337212621,0.9950008364108965,1.0,0.9950008364108965,1.0,0.9950008364108965,1.0,0.001287001287001287,0.001287001287001287,0.9999999999999999,fixed-tau 0.350: eff 0.9871 far 0.3059
erf,moderate,200,1,fitted_moment,32.0,3.0,0.0,3.0,erf,0.0,0.0031777035588293387,-0.26551733721261944,8.265517337212621,0.9949602070401432,1.0,0.9949602070401432,1.0,0.9949602070401432,1.0,0.36164736164736166,0.9703989703989704,0.3339984911829422,mu=0.3
erf,moderate,200,1,fitted_moment,40.0,3.0,0.0,3.0,erf,0.0,0.0031777035588293387,-0.26551733721261944,8.265517337212621,0.9949990989367453,1.0,0.9949990989367453,1.0,0.9949990989367453,1.0,0.9575289575289575,0.9691119691119691,0.32080970458745045,mu=0.03
erf,moderate,200,1,fitted_moment,44.0,3.0,0.0,3.0,erf,0.0,0.0031777035588293387,-0.26551733721261944,8.265517337212621,0.9949617102950998,1.0,0.9949617102950998,1.0,0.9949617102950998,1.0,0.8314028314028314,0.9703989703989704,0.329776441819906,mu=0.139
erf,moderate,200,1,fitted_moment,80.0,3.0,0.0,3.0,erf,0.0,0.0031777035588293387,-0.26551733721261944,8.265517337212621,0.9949625595643294,1.0,0.9949625595643294,1.0,0.9949625595643294,1.0,0.4697554697554698,0.9716859716859717,0.33354386625803384,mu=0.3
erf,moderate,200,1,fitted_moment,160.0,3.0,0.0,3.0,erf,0.0,0.0031777035588293387,-0.26551733721261944,8.265517337212621,0.9949652035301894,1.0,0.9949652035301894,1.0,0.9949652035301894,1.0,0.9498069498069498,0.9716859716859717,0.3268387198720273,mu=0.0646
erf,moderate,200,1,comb_prod,40.0,3.0,0.0,3.0,erf,0.0,0.0031777035588293387,-0.26551733721261944,8.265517337212621,0.9950458420460029,0.990990990990991,0.9950202343192068,0.9961389961389961,0.9950010293890575,1.0,0.0,0.0,0.893468595349689,
erf,moderate,200,1,comb_prod,44.0,3.0,0.0,3.0,erf,0.0,0.0031777035588293387,-0.26551733721261944,8.265517337212621,0.9950458101708873,0.990990990990991,0.9950202343192068,0.9961389961389961,0.9950010293890575,1.0,0.0,0.0,0.8709809962446473,
erf,moderate,200,1,normalized_half_comb,40.0,3.0,0.0,3.0,erf,0.0,0.0031777035588293387,-0.26551733721261944,8.265517337212621,0.9949956525939523,1.0,0.9949956525939523,1.0,0.9949956525939523,1.0,0.7207207207207207,0.9459459459459459,0.3674258649330494,
erf,moderate,200,1,normalized_half_comb,44.0,3.0,0.0,3.0,erf,0.0,0.0031777035588293387,-0.26551733721261944,8.265517337212621,0.9950001608699849,1.0,0.9950001608699849,1.0,0.9950001608699849,1.0,0.5624195624195624,0.9459459459459459,0.3032695210813065,
erf,moderate,200,2,classical_invA,,3.0,0.0,3.0,erf,0.0,0.0031777035588293387,0.26298764041594763,7.737012359583988,0.02481389578163772,0.9911727616645649,0.07701283547257877,0.9974779319041615,0.13143483023001096,1.0,0.012610340479192938,0.012610340479192938,1.0000000000000002,fixed-tau 0.350: eff 1.0000 far 0.2745
erf,moderate,200,2,fitted_moment,32.0,3.0,0.0,3.0,erf,0.0,0.0031777035588293387,0.26298764041594763,7.737012359583988,0.010075566750629723,0.9911727616645649,0.4747675962815405,0.9974779319041615,0.5795334040296924,1.0,0.4930643127364439,0.9886506935687264,0.34077061712470413,mu=0.3
erf,moderate,200,2,fitted_moment,40.0,3.0,0.0,3.0,erf,0.0,0.0031777035588293387,0.26298764041594763,7.737012359583988,0.008827238335435058,0.9911727616645649,0.5742734122712594,0.9974779319041615,0.5869791666666667,1.0,0.5649432534678437,0.9924337957124842,0.3411602894028242,mu=0.3
erf,moderate,200,2,fitted_moment,44.0,3.0,0.0,3.0,erf,0.0,0.0031777035588293387,0.26298764041594763,7.737012359583988,0.008827238335435058,0.9911727616645649,0.5234939759036145,0.9974779319041615,0.6505068312031732,1.0,0.49936948297604034,0.9924337957124842,0.3415740469668771,mu=0.3
erf,moderate,200,2,fitted_moment,80.0,3.0,0.0,3.0,erf,0.0,0.0031777035588293387,0.26298764041594763,7.737012359583988,0.008827238335435058,0.9911727616645649,0.5165036674816625,0.9974779319041615,0.5754817987152034,1.0,0.9823455233291298,0.9911727616645649,0.33752967091014924,mu=0.139
erf,moderate,200,2,fitted_moment,160.0,3.0,0.0,3.0,erf,0.0,0.0031777035588293387,0.26298764041594763,7.737012359583988,0.005063291139240506,0.9911727616645649,0.4608043626448534,0.9974779319041615,0.5604212860310421,1.0,0.9861286254728878,0.9911727616645649,0.33775980678289574,mu=0.139
erf,moderate,200,2,comb_prod,40.0,3.0,0.0,3.0,erf,0.0,0.0031777035588293387,0.26298764041594763,7.737012359583988,0.9950439799489265,0.9911727616645649,0.9950188841039351,0.9962168978562421,0.9950000630509073,1.0,0.0,0.0,0.8932493507209461,
erf,moderate,200,2,comb_prod,44.0,3.0,0.0,3.0,erf,0.0,0.0031777035588293387,0.26298764041594763,7.737012359583988,0.9950439799489265,0.9911727616645649,0.9950188841039351,0.9962168978562421,0.9950000630509073,1.0,0.0,0.0,0.8116921471213067,
erf,moderate,200,2,normalized_half_comb,40.0,3.0,0.0,3.0,erf,0.0,0.0031777035588293387,0.26298764041594763,7.737012359583988,0.5025252525252525,0.9936948297604036,0.779020979020979,0.9962168978562421,0.9950000315256524,1.0,0.17023959646910466,0.9609079445145019,0.3672303799687073,
erf,moderate,200,2,normalized_half_comb,44.0,3.0,0.0,3.0,erf,0.0,0.0031777035588293387,0.26298764041594763,7.737012359583988,0.5043969849246231,0.9949558638083228,0.5153374233128835,0.9962168978562421,0.779783393501805,1.0,0.2030264817150063,0.9596469104665826,0.30512637375317797,
erf,moderate,200,3,classical_invA,,3.0,0.0,3.0,erf,0.0,0.0031777035588293387,0.36303764415411044,7.636962355845892,0.0535279805352798,0.9923469387755102,0.9950005101520253,1.0,0.9950005101520253,1.0,0.008928571428571428,0.9821428571428571,1.0,fixed-tau 0.350: eff 0.9923 far 0.3072
erf,moderate,200,3,fitted_moment,32.0,3.0,0.0,3.0,erf,0.0,0.0031777035588293387,0.36303764415411044,7.636962355845892,0.4266764922623434,0.9923469387755102,0.9949581020855708,1.0,0.9949581020855708,1.0,0.9808673469387755,0.9821428571428571,0.3181790827140141,mu=0.0646
erf,moderate,200,3,fitted_moment,40.0,3.0,0.0,3.0,erf,0.0,0.0031777035588293387,0.36303764415411044,7.636962355845892,0.2762790697674419,0.9923469387755102,0.994958361467477,1.0,0.994958361467477,1.0,0.9808673469387755,0.9821428571428571,0.31820771965603456,mu=0.0646
erf,moderate,200,3,fitted_moment,44.0,3.0,0.0,3.0,erf,0.0,0.0031777035588293387,0.36303764415411044,7.636962355845892,0.40610687022900765,0.9923469387755102,0.9949587504903001,1.0,0.9949587504903001,1.0,0.9808673469387755,0.9821428571428571,0.3181890625275981,mu=0.0646
erf,moderate,200,3,fitted_moment,80.0,3.0,0.0,3.0,erf,0.0,0.0031777035588293387,0.36303764415411044,7.636962355845892,0.0488997555012225,0.9923469387755102,0.9949997448849431,1.0,0.9949997448849431,1.0,0.012755102040816327,0.9872448979591837,0.3238429641547402,mu=6.46
erf,moderate,200,3,fitted_moment,160.0,3.0,0.0,3.0,erf,0.0,0.0031777035588293387,0.36303764415411044,7.636962355845892,0.0592503022974607,0.9923469387755102,0.9949663567723047,1.0,0.9949663567723047,1.0,0.01403061224489796,0.9872448979591837,0.324151626562456,mu=3
erf,moderate,200,3,comb_prod,40.0,3.0,0.0,3.0,erf,0.0,0.0031777035588293387,0.36303764415411044,7.636962355845892,0.9950449272682053,0.9910714285714286,0.99501954557339,0.9961734693877551,0.9950005101520253,1.0,0.0,0.0,0.8959597136848547,
erf,moderate,200,3,comb_prod,44.0,3.0,0.0,3.0,erf,0.0,0.0031777035588293387,0.36303764415411044,7.636962355845892,0.9950445796502506,0.9910714285714286,0.9950193867659813,0.9961734693877551,0.9950004782705736,1.0,0.0,0.0,0.5428975937796953,
erf,moderate,200,3,normalized_half_comb,40.0,3.0,0.0,3.0,erf,0.0,0.0031777035588293387,0.36303764415411044,7.636962355845892,0.7557371895630305,0.9910714285714286,0.9949960108504867,1.0,0.9949960108504867,1.0,0.8966836734693877,0.9706632653061225,0.3661785626553973,
erf,moderate,200,3,normalized_half_comb,44.0,3.0,0.0,3.0,erf,0.0,0.0031777035588293387,0.36303764415411044,7.636962355845892,0.7551213362748188,0.9910714285714286,0.9949997448849431,1.0,0.9949997448849431,1.0,0.8571428571428571,0.9706632653061225,0.30131765470751715,
erf,moderate,200,4,classical_invA,,3.0,0.0,3.0,erf,0.0,0.0031777035588293387,-1.2197673191952305,9.219767319195226,0.06377858002406739,0.9923469387755102,0.9950003826237788,1.0,0.9950003826237788,1.0,0.011479591836734694,0.011479591836734694,1.0,fixed-tau 0.350: eff 0.9949 far 0.3264
erf,moderate,200,4,fitted_moment,32.0,3.0,0.0,3.0,erf,0.0,0.0031777035588293387,-1.2197673191952305,9.219767319195226,0.42783505154639173,0.9910714285714286,0.9949530387985143,1.0,0.9949530387985143,1.0,0.9528061224489796,0.9693877551020408,0.3235615360789293,mu=0.139
erf,moderate,200,4,fitted_moment,40.0,3.0,0.0,3.0,erf,0.0,0.0031777035588293387,-1.2197673191952305,9.219767319195226,0.17758985200845667,0.9923469387755102,0.9949496250869644,1.0,0.9949496250869644,1.0,0.9438775510204082,0.9757653061224489,0.32321564570815897,mu=0.139
erf,moderate,200,4,fitted_moment,44.0,3.0,0.0,3.0,erf,0.0,0.0031777035588293387,-1.2197673191952305,9.219767319195226,0.1590909090909091,0.9910714285714286,0.9949984370115661,1.0,0.9949984370115661,1.0,0.9579081632653061,0.9783163265306123,0.32355536510219357,mu=0.139
erf,moderate,200,4,fitted_moment,80.0,3.0,0.0,3.0,erf,0.0,0.0031777035588293387,-1.2197673191952305,9.219767319195226,0.2547892720306513,0.9923469387755102,0.994950503339495,1.0,0.994950503339495,1.0,0.8724489795918368,0.9770408163265306,0.32551208610798366,mu=0.3
erf,moderate,200,4,fitted_moment,160.0,3.0,0.0,3.0,erf,0.0,0.0031777035588293387,-1.2197673191952305,9.219767319195226,0.390282131661442,0.9923469387755102,0.994958361467477,1.0,0.994958361467477,1.0,0.9757653061224489,0.985969387755102,0.323752623634245,mu=0.139
erf,moderate,200,4,comb_prod,40.0,3.0,0.0,3.0,erf,0.0,0.0031777035588293387,-1.2197673191952305,9.219767319195226,0.9950448640685684,0.9910714285714286,0.9950194820516418,0.9961734693877551,0.9950005101520253,1.0,0.0,0.0,0.9451865495692369,
erf,moderate,200,4,comb_prod,44.0,3.0,0.0,3.0,erf,0.0,0.0031777035588293387,-1.2197673191952305,9.219767319195226,0.9950448008673193,0.9910714285714286,0.9950194185282732,0.9961734693877551,0.9950004782705736,1.0,0.0,0.0,0.9420335903711577,
erf,moderate,200,4,normalized_half_comb,40.0,3.0,0.0,3.0,erf,0.0,0.0031777035588293387,-1.2197673191952305,9.219767319195226,0.7979193758127439,0.9910714285714286,0.9949936462730123,1.0,0.9949936462730123,1.0,0.0,0.0,0.3638976955981151,
erf,moderate,200,4,normalized_half_comb,44.0,3.0,0.0,3.0,erf,0.0,0.0031777035588293387,-1.2197673191952305,9.219767319195226,0.7982866043613707,0.9910714285714286,0.9949999043349044,1.0,0.9949999043349044,1.0,0.0,0.0,0.3010432937362063,
erf,moderate,200,5,classical_invA,,3.0,0.0,3.0,erf,0.0,0.0031777035588293387,0.4272482123002536,7.572751787699733,0.017543859649122806,0.9911504424778761,0.030712530712530713,0.9974715549936789,0.9950000632103261,1.0,0.022756005056890013,0.8419721871049305,1.0000000000000002,fixed-tau 0.350: eff 0.9975 far 0.2681
erf,moderate,200,5,fitted_moment,32.0,3.0,0.0,3.0,erf,0.0,0.0031777035588293387,0.4272482123002536,7.572751787699733,0.0063371356147021544,0.9911504424778761,0.31151832460732987,0.9974715549936789,0.9949975651865952,1.0,0.9797724399494311,0.9936788874841972,0.3201877897761317,mu=0.139
erf,moderate,200,5,fitted_moment,40.0,3.0,0.0,3.0,erf,0.0,0.0031777035588293387,0.4272482123002536,7.572751787699733,0.005076142131979695,0.9911504424778761,0.10645526613816535,0.9974715549936789,0.9949504944174555,1.0,0.9785082174462706,0.9936788874841972,0.3200967981390327,mu=0.139
erf,moderate,200,5,fitted_moment,44.0,3.0,0.0,3.0,erf,0.0,0.0031777035588293387,0.4272482123002536,7.572751787699733,0.005076142131979695,0.9911504424778761,0.10238907849829351,0.9974715549936789,0.9949526854138351,1.0,0.9797724399494311,0.9936788874841972,0.32010124913811977,mu=0.139
erf,moderate,200,5,fitted_moment,80.0,3.0,0.0,3.0,erf,0.0,0.0031777035588293387,0.4272482123002536,7.572751787699733,0.0038119440914866584,0.9911504424778761,0.11547085201793722,0.9974715549936789,0.9949571581578008,1.0,0.9873577749683944,0.9936788874841972,0.320106414302089,mu=0.139
erf,moderate,200,5,fitted_moment,160.0,3.0,0.0,3.0,erf,0.0,0.0031777035588293387,0.4272482123002536,7.572751787699733,0.007594936708860759,0.9911504424778761,0.044794188861985475,0.9974715549936789,0.9949619117984255,1.0,0.9709228824273072,0.9936788874841972,0.32205516501471537,mu=0.3
erf,moderate,200,5,comb_prod,40.0,3.0,0.0,3.0,erf,0.0,0.0031777035588293387,0.4272482123002536,7.572751787699733,0.9950439031791085,0.9911504424778761,0.9950187429279425,0.9962073324905183,0.995,1.0,0.0,0.0,0.8973190932678905,
erf,moderate,200,5,comb_prod,44.0,3.0,0.0,3.0,erf,0.0,0.0031777035588293387,0.4272482123002536,7.572751787699733,0.9950340773771821,0.9911504424778761,0.9950124688279302,0.9962073324905183,0.9949985140971085,1.0,0.0,0.0,0.1291513491542213,
erf,moderate,200,5,normalized_half_comb,40.0,3.0,0.0,3.0,erf,0.0,0.0031777035588293387,0.4272482123002536,7.572751787699733,0.7792463442069741,0.9924146649810367,0.7803178143295233,0.9962073324905183,0.9949936392002481,1.0,0.0,0.0,0.3422990225716576,
erf,moderate,200,5,normalized_half_comb,44.0,3.0,0.0,3.0,erf,0.0,0.0031777035588293387,0.4272482123002536,7.572751787699733,0.7794655414908579,0.9911504424778761,0.7809894385769872,0.9962073324905183,0.994999241351406,1.0,0.0,0.0,0.2839798260894791,
erf,moderate,200,6,classical_invA,,3.0,0.0,3.0,erf,0.0,0.0031777035588293387,0.2309513789938933,7.7690486210060925,0.05134474327628362,0.9923273657289002,0.10562571756601608,0.9961636828644501,0.9950008310638896,1.0,0.0076726342710997444,0.0076726342710997444,0.9999999999999999,fixed-tau 0.350: eff 0.9962 far 0.3284
erf,moderate,200,6,fitted_moment,32.0,3.0,0.0,3.0,erf,0.0,0.0031777035588293387,0.2309513789938933,7.7690486210060925,0.44404591104734575,0.9910485933503836,0.6055696202531645,0.9961636828644501,0.9949561403508772,1.0,0.10358056265984655,0.9718670076726342,0.332283917138721,mu=0.646
erf,moderate,200,6,fitted_moment,40.0,3.0,0.0,3.0,erf,0.0,0.0031777035588293387,0.2309513789938933,7.7690486210060925,0.104959630911188,0.9923273657289002,0.40488922841864017,0.9961636828644501,0.9949572787360954,1.0,0.010230179028132993,0.9731457800511509,0.3337191593541621,mu=1.39
erf,moderate,200,6,fitted_moment,44.0,3.0,0.0,3.0,erf,0.0,0.0031777035588293387,0.2309513789938933,7.7690486210060925,0.10092807424593968,0.9910485933503836,0.6371681415929203,0.9961636828644501,0.9949574738362533,1.0,0.4782608695652174,0.9731457800511509,0.32956278366581804,mu=0.3
erf,moderate,200,6,fitted_moment,80.0,3.0,0.0,3.0,erf,0.0,0.0031777035588293387,0.2309513789938933,7.7690486210060925,0.07074340527577938,0.9910485933503836,0.17653276955602537,0.9961636828644501,0.9949576038946384,1.0,0.8107416879795396,0.9846547314578005,0.3275822755019728,mu=0.3
erf,moderate,200,6,fitted_moment,160.0,3.0,0.0,3.0,erf,0.0,0.0031777035588293387,0.2309513789938933,7.7690486210060925,0.05256723716381418,0.9910485933503836,0.09942196531791908,0.9961636828644501,0.994932541894011,1.0,0.4040920716112532,0.9846547314578005,0.3286846119389412,mu=0.646
erf,moderate,200,6,comb_prod,40.0,3.0,0.0,3.0,erf,0.0,0.0031777035588293387,0.2309513789938933,7.7690486210060925,0.9950453589397708,0.9910485933503836,0.9950199139512732,0.9961636828644501,0.9950008310638896,1.0,0.0,0.0,0.8808190215017917,
erf,moderate,200,6,comb_prod,44.0,3.0,0.0,3.0,erf,0.0,0.0031777035588293387,0.2309513789938933,7.7690486210060925,0.9950453272641256,0.9910485933503836,0.9950199139512732,0.9961636828644501,0.9950008310638896,1.0,0.0,0.0,0.8149965809663094,
erf,moderate,200,6,normalized_half_comb,40.0,3.0,0.0,3.0,erf,0.0,0.0031777035588293387,0.2309513789938933,7.7690486210060925,0.7972265829408687,0.9910485933503836,0.7965526247061896,0.9961636828644501,0.9949934376900669,1.0,0.0,0.4578005115089514,0.36023952199246567,
erf,moderate,200,6,normalized_half_comb,44.0,3.0,0.0,3.0,erf,0.0,0.0031777035588293387,0.2309513789938933,7.7690486210060925,0.798019285900443,0.9910485933503836,0.7972410203019261,0.9961636828644501,0.9949992645977349,1.0,0.0,0.45652173913043476,0.29785345180377415,
erf,moderate,200,7,classical_invA,,3.0,0.0,3.0,erf,0.0,0.0031777035588293387,-1.360847723901389,9.360847723901388,0.013784461152882205,0.9911838790931989,0.2709677419354839,0.9962216624685138,0.9949999685136556,1.0,0.010075566750629723,0.9521410579345088,0.9999999999999999,fixed-tau 0.350: eff 0.9975 far 0.3167
erf,moderate,200,7,fitted_moment,32.0,3.0,0.0,3.0,erf,0.0,0.0031777035588293387,-1.360847723901389,9.360847723901388,0.010062893081761006,0.9911838790931989,0.11902113459399333,0.9974811083123426,0.9949535074394452,1.0,0.42317380352644834,0.9899244332493703,0.32748418391783757,mu=0.646
erf,moderate,200,7,fitted_moment,40.0,3.0,0.0,3.0,erf,0.0,0.0031777035588293387,-1.360847723901389,9.360847723901388,0.007566204287515763,0.9911838790931989,0.3669064748201439,0.9974811083123426,0.9949534432897956,1.0,0.4256926952141058,0.9911838790931989,0.3265770092721012,mu=0.646
erf,moderate,200,7,fitted_moment,44.0,3.0,0.0,3.0,erf,0.0,0.0031777035588293387,-1.360847723901389,9.360847723901388,0.008816120906801008,0.9911838790931989,0.1381936887921654,0.9974811083123426,0.9949533470622632,1.0,0.9080604534005038,0.9911838790931989,0.32500021904632054,mu=0.3
erf,moderate,200,7,fitted_moment,80.0,3.0,0.0,3.0,erf,0.0,0.0031777035588293387,-1.360847723901389,9.360847723901388,0.008816120906801008,0.9911838790931989,0.6819277108433734,0.9974811083123426,0.9949583140195699,1.0,0.9760705289672544,0.9937027707808564,0.3257170754496896,mu=0.3
erf,moderate,200,7,fitted_moment,160.0,3.0,0.0,3.0,erf,0.0,0.0031777035588293387,-1.360847723901389,9.360847723901388,0.006313131313131313,0.9911838790931989,0.07476635514018691,0.9974811083123426,0.9949966287107812,1.0,0.3929471032745592,0.9924433249370277,0.3267149779960795,mu=1.39
erf,moderate,200,7,comb_prod,40.0,3.0,0.0,3.0,erf,0.0,0.0031777035588293387,-1.360847723901389,9.360847723901388,0.9950435812172511,0.9911838790931989,0.9950186407375686,0.9962216624685138,0.9950000314859478,1.0,0.0,0.0,0.9461105277616672,
erf,moderate,200,7,comb_prod,44.0,3.0,0.0,3.0,erf,0.0,0.0031777035588293387,-1.360847723901389,9.360847723901388,0.9950438933460962,0.9911838790931989,0.9950188289525057,0.9962216624685138,0.9950000314859478,1.0,0.0,0.0,0.9426234155641271,
erf,moderate,200,7,normalized_half_comb,40.0,3.0,0.0,3.0,erf,0.0,0.0031777035588293387,-1.360847723901389,9.360847723901388,0.03198031980319803,0.9911838790931989,0.7635276532137518,0.9962216624685138,0.99499404202735,1.0,0.2455919395465995,0.924433249370277,0.3716608290873957,
erf,moderate,200,7,normalized_half_comb,44.0,3.0,0.0,3.0,erf,0.0,0.0031777035588293387,-1.360847723901389,9.360847723901388,0.033169533169533166,0.9911838790931989,0.7623911084409732,0.9962216624685138,0.9949987717386511,1.0,0.3954659949622166,0.8841309823677582,0.30883822963108637,
erf,moderate,200,8,classical_invA,,3.0,0.0,3.0,erf,0.0,0.0031777035588293387,0.21418005427195508,7.785819945727836,0.029925187032418952,0.9923469387755102,0.0322180916976456,0.9961734693877551,0.036855036855036855,1.0,0.007653061224489796,0.007653061224489796,1.0,fixed-tau 0.350: eff 1.0000 far 0.2693
erf,moderate,200,8,fitted_moment,32.0,3.0,0.0,3.0,erf,0.0,0.0031777035588293387,0.21418005427195508,7.785819945727836,0.06937799043062201,0.9923469387755102,0.07792207792207792,0.9961734693877551,0.27874885004599814,1.0,0.41964285714285715,0.9846938775510204,0.3401408075308237,mu=0.3
erf,moderate,200,8,fitted_moment,40.0,3.0,0.0,3.0,erf,0.0,0.0031777035588293387,0.21418005427195508,7.785819945727836,0.0592503022974607,0.9923469387755102,0.06129807692307692,0.9961734693877551,0.07981220657276995,1.0,0.01913265306122449,0.9846938775510204,0.34336149691520573,mu=0.646
erf,moderate,200,8,fitted_moment,44.0,3.0,0.0,3.0,erf,0.0,0.0031777035588293387,0.21418005427195508,7.785819945727836,0.06602641056422569,0.9923469387755102,0.07244655581947744,0.9961734693877551,0.38702111024237684,1.0,0.45535714285714285,0.9808673469387755,0.34064281572799077,mu=0.3
erf,moderate,200,8,fitted_moment,80.0,3.0,0.0,3.0,erf,0.0,0.0031777035588293387,0.21418005427195508,7.785819945727836,0.075,0.9910714285714286,0.0800942285041225,0.9961734693877551,0.27340129749768305,1.0,0.9655612244897959,0.9821428571428571,0.3369845446876279,mu=0.139
erf,moderate,200,8,fitted_moment,160.0,3.0,0.0,3.0,erf,0.0,0.0031777035588293387,0.21418005427195508,7.785819945727836,0.046625766871165646,0.9910714285714286,0.05103280680437424,0.9961734693877551,0.08411214953271028,1.0,0.9783163265306123,0.9834183673469388,0.3362577313264229,mu=0.139
erf,moderate,200,8,comb_prod,40.0,3.0,0.0,3.0,erf,0.0,0.0031777035588293387,0.21418005427195508,7.785819945727836,0.9950445480461999,0.9910714285714286,0.9950191644185943,0.9961734693877551,0.9950001275477667,1.0,0.0,0.0,0.8879281999026652,
erf,moderate,200,8,comb_prod,44.0,3.0,0.0,3.0,erf,0.0,0.0031777035588293387,0.21418005427195508,7.785819945727836,0.9950445480461999,0.9910714285714286,0.9950191644185943,0.9961734693877551,0.9950001275477667,1.0,0.0,0.0,0.8428058227792766,
erf,moderate,200,8,normalized_half_comb,40.0,3.0,0.0,3.0,erf,0.0,0.0031777035588293387,0.21418005427195508,7.785819945727836,0.7268892794376098,0.9910714285714286,0.7887476332161212,0.9961734693877551,0.9949997448849431,1.0,0.8928571428571429,0.9553571428571429,0.36122221979813957,
erf,moderate,200,8,normalized_half_comb,44.0,3.0,0.0,3.0,erf,0.0,0.0031777035588293387,0.21418005427195508,7.785819945727836,0.720804886812792,0.9910714285714286,0.7885343428880476,0.9974489795918368,0.7896995708154506,1.0,0.8278061224489796,0.9553571428571429,0.29718130927378716,
erf,moderate,200,9,classical_invA,,3.0,0.0,3.0,erf,0.0,0.0031777035588293387,0.2001286918507896,7.799871308149089,0.055825242718446605,0.9910828025477707,0.9950004458201179,1.0,0.9950004458201179,1.0,0.008917197452229299,0.9643312101910828,1.0000000000000002,fixed-tau 0.350: eff 0.9949 far 0.2964
erf,moderate,200,9,fitted_moment,32.0,3.0,0.0,3.0,erf,0.0,0.0031777035588293387,0.2001286918507896,7.799871308149089,0.628693994280267,0.9923566878980892,0.9949582966245024,0.9987261146496815,0.9949964943591051,1.0,0.4280254777070064,0.9847133757961783,0.33393645339782657,mu=0.139
erf,moderate,200,9,fitted_moment,40.0,3.0,0.0,3.0,erf,0.0,0.0031777035588293387,0.2001286918507896,7.799871308149089,0.38740157480314963,0.9910828025477707,0.9949531640768148,1.0,0.9949531640768148,1.0,0.011464968152866241,0.9847133757961783,0.3380435019964576,mu=0.3
erf,moderate,200,9,fitted_moment,44.0,3.0,0.0,3.0,erf,0.0,0.0031777035588293387,0.2001286918507896,7.799871308149089,0.6292241789623989,0.9923566878980892,0.9949536507283457,1.0,0.9949536507283457,1.0,0.9732484076433121,0.9847133757961783,0.32537963949687015,mu=0.03
erf,moderate,200,9,fitted_moment,80.0,3.0,0.0,3.0,erf,0.0,0.0031777035588293387,0.2001286918507896,7.799871308149089,0.44861800141743446,0.9910828025477707,0.9949575081739757,1.0,0.9949575081739757,1.0,0.9707006369426752,0.9847133757961783,0.33250984317626264,mu=0.0646
erf,moderate,200,9,fitted_moment,160.0,3.0,0.0,3.0,erf,0.0,0.0031777035588293387,0.2001286918507896,7.799871308149089,0.08685446009389672,0.9910828025477707,0.9949971002300697,1.0,0.9949971002300697,1.0,0.9808917197452229,0.9847133757961783,0.330904493426848,mu=0.03
erf,moderate,200,9,comb_prod,40.0,3.0,0.0,3.0,erf,0.0,0.0031777035588293387,0.2001286918507896,7.799871308149089,0.9950446175502067,0.9910828025477707,0.9950193303483285,0.9961783439490446,0.9950004458201179,1.0,0.0,0.0,0.8877369164410985,
erf,moderate,200,9,comb_prod,44.0,3.0,0.0,3.0,erf,0.0,0.0031777035588293387,0.2001286918507896,7.799871308149089,0.9950446491127501,0.9910828025477707,0.9950193620707225,0.9961783439490446,0.9950004458201179,1.0,0.0,0.0,0.8524716664692383,
erf,moderate,200,9,normalized_half_comb,40.0,3.0,0.0,3.0,erf,0.0,0.0031777035588293387,0.2001286918507896,7.799871308149089,0.7400601403274307,0.9910828025477707,0.99499576073999,1.0,0.99499576073999,1.0,0.5617834394904458,0.9617834394904459,0.3642664175221412,
erf,moderate,200,9,normalized_half_comb,44.0,3.0,0.0,3.0,erf,0.0,0.0031777035588293387,0.2001286918507896,7.799871308149089,0.770162481536189,0.9910828025477707,0.994999745209947,1.0,0.994999745209947,1.0,0.532484076433121,0.9617834394904459,0.30053172536059575,
fork_b0.5,clean,200,0,classical_invA,,3.0,0.0,3.0,step,0.5,0.0004247940677551889,2.381966011250104,5.618033988749895,0.0,1.0,0.0,1.0,0.0,1.0,1.0,1.0,1.0,fixed-tau 0.350: eff 1.0000 far 0.0000
fork_b0.5,clean,200,0,fitted_moment,32.0,3.0,0.0,3.0,step,0.5,0.0004247940677551889,2.381966011250104,5.618033988749895,0.0,1.0,0.0,1.0,0.0,1.0,1.0,1.0,0.1159229048379119,mu=0.003
fork_b0.5,clean,200,0,fitted_moment,40.0,3.0,0.0,3.0,step,0.5,0.0004247940677551889,2.381966011250104,5.618033988749895,0.0,1.0,0.0,1.0,0.0,1.0,1.0,1.0,0.1159229048350999,mu=0.003
fork_b0.5,clean,200,0,fitted_moment,44.0,3.0,0.0,3.0,step,0.5,0.0004247940677551889,2.381966011250104,5.618033988749895,0.0,1.0,0.0,1.0,0.0,1.0,1.0,1.0,0.11592290483625621,mu=0.003
fork_b0.5,clean,200,0,fitted_moment,80.0,3.0,0.0,3.0,step,0.5,0.0004247940677551889,2.381966011250104,5.618033988749895,0.0,1.0,0.0,1.0,0.0,1.0,1.0,1.0,0.1159229048345143,mu=0.003
fork_b0.5,clean,200,0,fitted_moment,160.0,3.0,0.0,3.0,step,0.5,0.0004247940677551889,2.381966011250104,5.618033988749895,0.0,1.0,0.0,1.0,0.0,1.0,1.0,1.0,0.11592290483356625,mu=0.003
fork_b0.5,clean,200,0,comb_prod,40.0,3.0,0.0,3.0,step,0.5,0.0004247940677551889,2.381966011250104,5.618033988749895,0.0,1.0,0.0,1.0,0.0,1.0,1.0,1.0,0.12036053611984912,
fork_b0.5,clean,200,0,comb_prod,44.0,3.0,0.0,3.0,step,0.5,0.0004247940677551889,2.381966011250104,5.618033988749895,0.0,1.0,0.0,1.0,0.0,1.0,1.0,1.0,0.13652880885347,
fork_b0.5,clean,200,0,normalized_half_comb,40.0,3.0,0.0,3.0,step,0.5,0.0004247940677551889,2.381966011250104,5.618033988749895,0.0,1.0,0.0,1.0,0.0,1.0,1.0,1.0,0.18983760591062343,
fork_b0.5,clean,200,0,normalized_half_comb,44.0,3.0,0.0,3.0,step,0.5,0.0004247940677551889,2.381966011250104,5.618033988749895,0.0,1.0,0.0,1.0,0.0,1.0,1.0,1.0,0.12484979632642963,
fork_b0.5,clean,200,1,classical_invA,,3.0,0.0,3.0,step,0.5,0.0004247940677551889,2.381966011250105,5.618033988749896,0.0,1.0,0.0,1.0,0.0,1.0,1.0,1.0,0.9999999999999998,fixed-tau 0.350: eff 1.0000 far 0.0000
fork_b0.5,clean,200,1,fitted_moment,32.0,3.0,0.0,3.0,step,0.5,0.0004247940677551889,2.381966011250105,5.618033988749896,0.0,1.0,0.0,1.0,0.0,1.0,1.0,1.0,0.11592290483791205,mu=0.003
fork_b0.5,clean,200,1,fitted_moment,40.0,3.0,0.0,3.0,step,0.5,0.0004247940677551889,2.381966011250105,5.618033988749896,0.0,1.0,0.0,1.0,0.0,1.0,1.0,1.0,0.1159229048351001,mu=0.003
fork_b0.5,clean,200,1,fitted_moment,44.0,3.0,0.0,3.0,step,0.5,0.0004247940677551889,2.381966011250105,5.618033988749896,0.0,1.0,0.0,1.0,0.0,1.0,1.0,1.0,0.11592290483625485,mu=0.003
fork_b0.5,clean,200,1,fitted_moment,80.0,3.0,0.0,3.0,step,0.5,0.0004247940677551889,2.381966011250105,5.618033988749896,0.0,1.0,0.0,1.0,0.0,1.0,1.0,1.0,0.11592290483451421,mu=0.003
fork_b0.5,clean,200,1,fitted_moment,160.0,3.0,0.0,3.0,step,0.5,0.0004247940677551889,2.381966011250105,5.618033988749896,0.0,1.0,0.0,1.0,0.0,1.0,1.0,1.0,0.11592290483356625,mu=0.003
fork_b0.5,clean,200,1,comb_prod,40.0,3.0,0.0,3.0,step,0.5,0.0004247940677551889,2.381966011250105,5.618033988749896,0.0,1.0,0.0,1.0,0.0,1.0,1.0,1.0,0.12036053611985892,
fork_b0.5,clean,200,1,comb_prod,44.0,3.0,0.0,3.0,step,0.5,0.0004247940677551889,2.381966011250105,5.618033988749896,0.0,1.0,0.0,1.0,0.0,1.0,1.0,1.0,0.13652880885345892,
fork_b0.5,clean,200,1,normalized_half_comb,40.0,3.0,0.0,3.0,step,0.5,0.0004247940677551889,2.381966011250105,5.618033988749896,0.0,1.0,0.0,1.0,0.0,1.0,1.0,1.0,0.1898376059106234,
fork_b0.5,clean,200,1,normalized_half_comb,44.0,3.0,0.0,3.0,step,0.5,0.0004247940677551889,2.381966011250105,5.618033988749896,0.0,1.0,0.0,1.0,0.0,1.0,1.0,1.0,0.12484979632642958,
fork_b0.5,clean,200,2,classical_invA,,3.0,0.0,3.0,step,0.5,0.0004247940677551889,1.7587876842617163,7.175983416478215,0.002506265664160401,0.995,0.002506265664160401,0.995,0.018404907975460124,1.0,0.5,0.995,1.0,fixed-tau 0.350: eff 0.9950 far 0.0025
fork_b0.5,clean,200,2,fitted_moment,32.0,3.0,0.0,3.0,step,0.5,0.0004247940677551889,1.7587876842617163,7.175983416478215,0.0,0.995,0.0,0.995,0.0012484394506866417,1.0,0.99875,1.0,0.11612661879588468,mu=0.003
fork_b0.5,clean,200,2,fitted_moment,40.0,3.0,0.0,3.0,step,0.5,0.0004247940677551889,1.7587876842617163,7.175983416478215,0.0,0.9925,0.0,0.995,0.0012484394506866417,1.0,0.99875,1.0,0.11614308285830502,mu=0.003
fork_b0.5,clean,200,2,fitted_moment,44.0,3.0,0.0,3.0,step,0.5,0.0004247940677551889,1.7587876842617163,7.175983416478215,0.0,0.9925,0.0,0.995,0.0012484394506866417,1.0,0.9975,1.0,0.11614502386894045,mu=0.003
fork_b0.5,clean,200,2,fitted_moment,80.0,3.0,0.0,3.0,step,0.5,0.0004247940677551889,1.7587876842617163,7.175983416478215,0.0,0.995,0.0,0.995,0.0024937655860349127,1.0,0.9975,1.0,0.11614557915711521,mu=0.003
fork_b0.5,clean,200,2,fitted_moment,160.0,3.0,0.0,3.0,step,0.5,0.0004247940677551889,1.7587876842617163,7.175983416478215,0.0,0.995,0.0,0.995,0.0024937655860349127,1.0,0.9975,1.0,0.11614557914334724,mu=0.003
fork_b0.5,clean,200,2,comb_prod,40.0,3.0,0.0,3.0,step,0.5,0.0004247940677551889,1.7587876842617163,7.175983416478215,0.0,0.99,0.0012547051442910915,0.995,0.995,1.0,0.9925,0.995,0.5726275415628354,
fork_b0.5,clean,200,2,comb_prod,44.0,3.0,0.0,3.0,step,0.5,0.0004247940677551889,1.7587876842617163,7.175983416478215,0.0,0.99,0.0012547051442910915,0.995,0.7992975413948821,1.0,0.9925,0.995,0.4005991959661008,
fork_b0.5,clean,200,2,normalized_half_comb,40.0,3.0,0.0,3.0,step,0.5,0.0004247940677551889,1.7587876842617163,7.175983416478215,0.0,0.99,0.002506265664160401,0.995,0.008674101610904586,1.0,0.9925,1.0,0.1929203581940266,
fork_b0.5,clean,200,2,normalized_half_comb,44.0,3.0,0.0,3.0,step,0.5,0.0004247940677551889,1.7587876842617163,7.175983416478215,0.0,0.99,0.002506265664160401,0.995,0.008674101610904586,1.0,0.9925,1.0,0.12571736935206834,
fork_b0.5,clean,200,3,classical_invA,,3.0,0.0,3.0,step,0.5,0.0004247940677551889,2.3819660112501024,5.6180339887498985,0.0,1.0,0.0,1.0,0.0,1.0,1.0,1.0,1.0000000000000002,fixed-tau 0.350: eff 1.0000 far 0.0000
fork_b0.5,clean,200,3,fitted_moment,32.0,3.0,0.0,3.0,step,0.5,0.0004247940677551889,2.3819660112501024,5.6180339887498985,0.0,1.0,0.0,1.0,0.0,1.0,1.0,1.0,0.11592458099805766,mu=0.003
fork_b0.5,clean,200,3,fitted_moment,40.0,3.0,0.0,3.0,step,0.5,0.0004247940677551889,2.3819660112501024,5.6180339887498985,0.0,1.0,0.0,1.0,0.0,1.0,1.0,1.0,0.11592458099524526,mu=0.003
fork_b0.5,clean,200,3,fitted_moment,44.0,3.0,0.0,3.0,step,0.5,0.0004247940677551889,2.3819660112501024,5.6180339887498985,0.0,1.0,0.0,1.0,0.0,1.0,1.0,1.0,0.11592458099640027,mu=0.003
fork_b0.5,clean,200,3,fitted_moment,80.0,3.0,0.0,3.0,step,0.5,0.0004247940677551889,2.3819660112501024,5.6180339887498985,0.0,1.0,0.0,1.0,0.0,1.0,1.0,1.0,0.11592458099465974,mu=0.003
fork_b0.5,clean,200,3,fitted_moment,160.0,3.0,0.0,3.0,step,0.5,0.0004247940677551889,2.3819660112501024,5.6180339887498985,0.0,1.0,0.0,1.0,0.0,1.0,1.0,1.0,0.11592458099371165,mu=0.003
fork_b0.5,clean,200,3,comb_prod,40.0,3.0,0.0,3.0,step,0.5,0.0004247940677551889,2.3819660112501024,5.6180339887498985,0.0,1.0,0.0,1.0,0.0,1.0,1.0,1.0,0.12035454557667534,
fork_b0.5,clean,200,3,comb_prod,44.0,3.0,0.0,3.0,step,0.5,0.0004247940677551889,2.3819660112501024,5.6180339887498985,0.0,1.0,0.0,1.0,0.0,1.0,1.0,1.0,0.13652476728184842,
fork_b0.5,clean,200,3,normalized_half_comb,40.0,3.0,0.0,3.0,step,0.5,0.0004247940677551889,2.3819660112501024,5.6180339887498985,0.0,1.0,0.0,1.0,0.0,1.0,1.0,1.0,0.1898317782837125,
fork_b0.5,clean,200,3,normalized_half_comb,44.0,3.0,0.0,3.0,step,0.5,0.0004247940677551889,2.3819660112501024,5.6180339887498985,0.0,1.0,0.0,1.0,0.0,1.0,1.0,1.0,0.124849565566185,
fork_b0.5,clean,200,4,classical_invA,,3.0,0.0,3.0,step,0.5,0.0004247940677551889,2.381966011250104,5.618033988749894,0.0,1.0,0.0,1.0,0.0,1.0,1.0,1.0,0.9999999999999998,fixed-tau 0.350: eff 1.0000 far 0.0000
fork_b0.5,clean,200,4,fitted_moment,32.0,3.0,0.0,3.0,step,0.5,0.0004247940677551889,2.381966011250104,5.618033988749894,0.0,1.0,0.0,1.0,0.0,1.0,1.0,1.0,0.11592290483791196,mu=0.003
fork_b0.5,clean,200,4,fitted_moment,40.0,3.0,0.0,3.0,step,0.5,0.0004247940677551889,2.381966011250104,5.618033988749894,0.0,1.0,0.0,1.0,0.0,1.0,1.0,1.0,0.11592290483509998,mu=0.003
fork_b0.5,clean,200,4,fitted_moment,44.0,3.0,0.0,3.0,step,0.5,0.0004247940677551889,2.381966011250104,5.618033988749894,0.0,1.0,0.0,1.0,0.0,1.0,1.0,1.0,0.11592290483625486,mu=0.003
fork_b0.5,clean,200,4,fitted_moment,80.0,3.0,0.0,3.0,step,0.5,0.0004247940677551889,2.381966011250104,5.618033988749894,0.0,1.0,0.0,1.0,0.0,1.0,1.0,1.0,0.11592290483451416,mu=0.003
fork_b0.5,clean,200,4,fitted_moment,160.0,3.0,0.0,3.0,step,0.5,0.0004247940677551889,2.381966011250104,5.618033988749894,0.0,1.0,0.0,1.0,0.0,1.0,1.0,1.0,0.11592290483356837,mu=0.003
fork_b0.5,clean,200,4,comb_prod,40.0,3.0,0.0,3.0,step,0.5,0.0004247940677551889,2.381966011250104,5.618033988749894,0.0,1.0,0.0,1.0,0.0,1.0,1.0,1.0,0.12036053611986454,
fork_b0.5,clean,200,4,comb_prod,44.0,3.0,0.0,3.0,step,0.5,0.0004247940677551889,2.381966011250104,5.618033988749894,0.0,1.0,0.0,1.0,0.0,1.0,1.0,1.0,0.13652880885345875,
fork_b0.5,clean,200,4,normalized_half_comb,40.0,3.0,0.0,3.0,step,0.5,0.0004247940677551889,2.381966011250104,5.618033988749894,0.0,1.0,0.0,1.0,0.0,1.0,1.0,1.0,0.1898376059106234,
fork_b0.5,clean,200,4,normalized_half_comb,44.0,3.0,0.0,3.0,step,0.5,0.0004247940677551889,2.381966011250104,5.618033988749894,0.0,1.0,0.0,1.0,0.0,1.0,1.0,1.0,0.12484979632642958,
fork_b0.5,clean,200,5,classical_invA,,3.0,0.0,3.0,step,0.5,0.0004247940677551889,2.3819660112501047,5.618033988749897,0.0,1.0,0.0,1.0,0.0,1.0,1.0,1.0,1.0,fixed-tau 0.350: eff 1.0000 far 0.0000
fork_b0.5,clean,200,5,fitted_moment,32.0,3.0,0.0,3.0,step,0.5,0.0004247940677551889,2.3819660112501047,5.618033988749897,0.0,1.0,0.0,1.0,0.0,1.0,1.0,1.0,0.11592458099805737,mu=0.003
fork_b0.5,clean,200,5,fitted_moment,40.0,3.0,0.0,3.0,step,0.5,0.0004247940677551889,2.3819660112501047,5.618033988749897,0.0,1.0,0.0,1.0,0.0,1.0,1.0,1.0,0.1159245809952455,mu=0.003
fork_b0.5,clean,200,5,fitted_moment,44.0,3.0,0.0,3.0,step,0.5,0.0004247940677551889,2.3819660112501047,5.618033988749897,0.0,0.9975,0.0,0.9975,0.0,1.0,1.0,1.0,0.11592458099640009,mu=0.003
fork_b0.5,clean,200,5,fitted_moment,80.0,3.0,0.0,3.0,step,0.5,0.0004247940677551889,2.3819660112501047,5.618033988749897,0.0,1.0,0.0,1.0,0.0,1.0,1.0,1.0,0.1159245809946597,mu=0.003
fork_b0.5,clean,200,5,fitted_moment,160.0,3.0,0.0,3.0,step,0.5,0.0004247940677551889,2.3819660112501047,5.618033988749897,0.0,0.9975,0.0,0.9975,0.0,1.0,1.0,1.0,0.11592458099371156,mu=0.003
fork_b0.5,clean,200,5,comb_prod,40.0,3.0,0.0,3.0,step,0.5,0.0004247940677551889,2.3819660112501047,5.618033988749897,0.0,1.0,0.0,1.0,0.0,1.0,1.0,1.0,0.12035454557668017,
fork_b0.5,clean,200,5,comb_prod,44.0,3.0,0.0,3.0,step,0.5,0.0004247940677551889,2.3819660112501047,5.618033988749897,0.0,1.0,0.0,1.0,0.0,1.0,1.0,1.0,0.13652476728185373,
fork_b0.5,clean,200,5,normalized_half_comb,40.0,3.0,0.0,3.0,step,0.5,0.0004247940677551889,2.3819660112501047,5.618033988749897,0.0,1.0,0.0,1.0,0.0,1.0,1.0,1.0,0.18983177828371242,
fork_b0.5,clean,200,5,normalized_half_comb,44.0,3.0,0.0,3.0,step,0.5,0.0004247940677551889,2.3819660112501047,5.618033988749897,0.0,1.0,0.0,1.0,0.0,1.0,1.0,1.0,0.12484956556618496,
fork_b0.5,clean,200,6,classical_invA,,3.0,0.0,3.0,step,0.5,0.0004247940677551889,2.3819660112501038,5.618033988749899,0.0,1.0,0.0,1.0,0.0,1.0,1.0,1.0,1.0,fixed-tau 0.350: eff 1.0000 far 0.0000
fork_b0.5,clean,200,6,fitted_moment,32.0,3.0,0.0,3.0,step,0.5,0.0004247940677551889,2.3819660112501038,5.618033988749899,0.0,1.0,0.0,1.0,0.0,1.0,1.0,1.0,0.11592402226993032,mu=0.003
fork_b0.5,clean,200,6,fitted_moment,40.0,3.0,0.0,3.0,step,0.5,0.0004247940677551889,2.3819660112501038,5.618033988749899,0.0,1.0,0.0,1.0,0.0,1.0,1.0,1.0,0.11592402226711819,mu=0.003
fork_b0.5,clean,200,6,fitted_moment,44.0,3.0,0.0,3.0,step,0.5,0.0004247940677551889,2.3819660112501038,5.618033988749899,0.0,0.9975,0.0,0.9975,0.0,1.0,1.0,1.0,0.11592402226827296,mu=0.003
fork_b0.5,clean,200,6,fitted_moment,80.0,3.0,0.0,3.0,step,0.5,0.0004247940677551889,2.3819660112501038,5.618033988749899,0.0,1.0,0.0,1.0,0.0,1.0,1.0,1.0,0.11592402226653113,mu=0.003
fork_b0.5,clean,200,6,fitted_moment,160.0,3.0,0.0,3.0,step,0.5,0.0004247940677551889,2.3819660112501038,5.618033988749899,0.0,0.9975,0.0,0.9975,0.0,1.0,1.0,1.0,0.1159240222655845,mu=0.003
fork_b0.5,clean,200,6,comb_prod,40.0,3.0,0.0,3.0,step,0.5,0.0004247940677551889,2.3819660112501038,5.618033988749899,0.0,1.0,0.0,1.0,0.0,1.0,1.0,1.0,0.12035654244165614,
fork_b0.5,clean,200,6,comb_prod,44.0,3.0,0.0,3.0,step,0.5,0.0004247940677551889,2.3819660112501038,5.618033988749899,0.0,1.0,0.0,1.0,0.0,1.0,1.0,1.0,0.1365261144826489,
fork_b0.5,clean,200,6,normalized_half_comb,40.0,3.0,0.0,3.0,step,0.5,0.0004247940677551889,2.3819660112501038,5.618033988749899,0.0,1.0,0.0,1.0,0.0,1.0,1.0,1.0,0.1898337208420621,
fork_b0.5,clean,200,6,normalized_half_comb,44.0,3.0,0.0,3.0,step,0.5,0.0004247940677551889,2.3819660112501038,5.618033988749899,0.0,1.0,0.0,1.0,0.0,1.0,1.0,1.0,0.12484964248412835,
fork_b0.5,clean,200,7,classical_invA,,3.0,0.0,3.0,step,0.5,0.0004247940677551889,2.381966011250105,5.618033988749894,0.0,1.0,0.0,1.0,0.0,1.0,1.0,1.0,1.0,fixed-tau 0.350: eff 1.0000 far 0.0000
fork_b0.5,clean,200,7,fitted_moment,32.0,3.0,0.0,3.0,step,0.5,0.0004247940677551889,2.381966011250105,5.618033988749894,0.0,1.0,0.0,1.0,0.0,1.0,1.0,1.0,0.11592402226993026,mu=0.003
fork_b0.5,clean,200,7,fitted_moment,40.0,3.0,0.0,3.0,step,0.5,0.0004247940677551889,2.381966011250105,5.618033988749894,0.0,1.0,0.0,1.0,0.0,1.0,1.0,1.0,0.11592402226711826,mu=0.003
fork_b0.5,clean,200,7,fitted_moment,44.0,3.0,0.0,3.0,step,0.5,0.0004247940677551889,2.381966011250105,5.618033988749894,0.0,1.0,0.0,1.0,0.0,1.0,1.0,1.0,0.11592402226827324,mu=0.003
fork_b0.5,clean,200,7,fitted_moment,80.0,3.0,0.0,3.0,step,0.5,0.0004247940677551889,2.381966011250105,5.618033988749894,0.0,1.0,0.0,1.0,0.0,1.0,1.0,1.0,0.11592402226653238,mu=0.003
fork_b0.5,clean,200,7,fitted_moment,160.0,3.0,0.0,3.0,step,0.5,0.0004247940677551889,2.381966011250105,5.618033988749894,0.0,0.9975,0.0,0.9975,0.0,1.0,1.0,1.0,0.11592402226558451,mu=0.003
fork_b0.5,clean,200,7,comb_prod,40.0,3.0,0.0,3.0,step,0.5,0.0004247940677551889,2.381966011250105,5.618033988749894,0.0,1.0,0.0,1.0,0.0,1.0,1.0,1.0,0.12035654244167827,
fork_b0.5,clean,200,7,comb_prod,44.0,3.0,0.0,3.0,step,0.5,0.0004247940677551889,2.381966011250105,5.618033988749894,0.0,1.0,0.0,1.0,0.0,1.0,1.0,1.0,0.13652611448264146,
fork_b0.5,clean,200,7,normalized_half_comb,40.0,3.0,0.0,3.0,step,0.5,0.0004247940677551889,2.381966011250105,5.618033988749894,0.0,1.0,0.0,1.0,0.0,1.0,1.0,1.0,0.1898337208420621,
fork_b0.5,clean,200,7,normalized_half_comb,44.0,3.0,0.0,3.0,step,0.5,0.0004247940677551889,2.381966011250105,5.618033988749894,0.0,1.0,0.0,1.0,0.0,1.0,1.0,1.0,0.12484964248412835,
fork_b0.5,clean,200,8,classical_invA,,3.0,0.0,3.0,step,0.5,0.0004247940677551889,2.2553557140949594,6.0,0.0,0.9975,0.0,0.9975,0.0024937655860349127,1.0,0.9975,1.0,1.0,fixed-tau 0.350: eff 0.9975 far 0.0000
fork_b0.5,clean,200,8,fitted_moment,32.0,3.0,0.0,3.0,step,0.5,0.0004247940677551889,2.2553557140949594,6.0,0.0,0.995,0.0,0.995,0.0024937655860349127,1.0,0.9975,1.0,0.11596122710406565,mu=0.003
fork_b0.5,clean,200,8,fitted_moment,40.0,3.0,0.0,3.0,step,0.5,0.0004247940677551889,2.2553557140949594,6.0,0.0,0.995,0.0,0.995,0.0024937655860349127,1.0,0.9975,1.0,0.11596137184279452,mu=0.003
fork_b0.5,clean,200,8,fitted_moment,44.0,3.0,0.0,3.0,step,0.5,0.0004247940677551889,2.2553557140949594,6.0,0.0,0.995,0.0,0.995,0.0024937655860349127,1.0,0.9975,1.0,0.11596143954547848,mu=0.003
fork_b0.5,clean,200,8,fitted_moment,80.0,3.0,0.0,3.0,step,0.5,0.0004247940677551889,2.2553557140949594,6.0,0.0,0.995,0.0,0.995,0.0024937655860349127,1.0,0.9975,1.0,0.11596159778523467,mu=0.003
fork_b0.5,clean,200,8,fitted_moment,160.0,3.0,0.0,3.0,step,0.5,0.0004247940677551889,2.2553557140949594,6.0,0.0,0.9975,0.0,0.9975,0.0024937655860349127,1.0,0.9975,1.0,0.11596164859134635,mu=0.003
fork_b0.5,clean,200,8,comb_prod,40.0,3.0,0.0,3.0,step,0.5,0.0004247940677551889,2.2553557140949594,6.0,0.0,0.99,0.0,0.995,0.0024937655860349127,1.0,0.9975,1.0,0.2612342183663765,
fork_b0.5,clean,200,8,comb_prod,44.0,3.0,0.0,3.0,step,0.5,0.0004247940677551889,2.2553557140949594,6.0,0.0,0.99,0.0,0.995,0.0024937655860349127,1.0,0.9975,1.0,0.17471603484265677,
fork_b0.5,clean,200,8,normalized_half_comb,40.0,3.0,0.0,3.0,step,0.5,0.0004247940677551889,2.2553557140949594,6.0,0.0,0.99,0.0,0.995,0.0024937655860349127,1.0,0.995,1.0,0.1907171623536967,
fork_b0.5,clean,200,8,normalized_half_comb,44.0,3.0,0.0,3.0,step,0.5,0.0004247940677551889,2.2553557140949594,6.0,0.0,0.99,0.0,0.995,0.0024937655860349127,1.0,0.995,1.0,0.1250017739681681,
fork_b0.5,clean,200,9,classical_invA,,3.0,0.0,3.0,step,0.5,0.0004247940677551889,2.381966011250104,5.618033988749895,0.0,1.0,0.0,1.0,0.0,1.0,1.0,1.0,1.0000000000000002,fixed-tau 0.350: eff 1.0000 far 0.0000
fork_b0.5,clean,200,9,fitted_moment,32.0,3.0,0.0,3.0,step,0.5,0.0004247940677551889,2.381966011250104,5.618033988749895,0.0,0.9975,0.0,0.9975,0.0,1.0,1.0,1.0,0.11592458099805752,mu=0.003
fork_b0.5,clean,200,9,fitted_moment,40.0,3.0,0.0,3.0,step,0.5,0.0004247940677551889,2.381966011250104,5.618033988749895,0.0,1.0,0.0,1.0,0.0,1.0,1.0,1.0,0.11592458099524539,mu=0.003
fork_b0.5,clean,200,9,fitted_moment,44.0,3.0,0.0,3.0,step,0.5,0.0004247940677551889,2.381966011250104,5.618033988749895,0.0,1.0,0.0,1.0,0.0,1.0,1.0,1.0,0.11592458099640168,mu=0.003
fork_b0.5,clean,200,9,fitted_moment,80.0,3.0,0.0,3.0,step,0.5,0.0004247940677551889,2.381966011250104,5.618033988749895,0.0,0.9975,0.0,0.9975,0.0,1.0,1.0,1.0,0.11592458099465966,mu=0.003
fork_b0.5,clean,200,9,fitted_moment,160.0,3.0,0.0,3.0,step,0.5,0.0004247940677551889,2.381966011250104,5.618033988749895,0.0,0.9975,0.0,0.9975,0.0,1.0,1.0,1.0,0.11592458099371174,mu=0.003
fork_b0.5,clean,200,9,comb_prod,40.0,3.0,0.0,3.0,step,0.5,0.0004247940677551889,2.381966011250104,5.618033988749895,0.0,1.0,0.0,1.0,0.0,1.0,1.0,1.0,0.1203545455766676,
fork_b0.5,clean,200,9,comb_prod,44.0,3.0,0.0,3.0,step,0.5,0.0004247940677551889,2.381966011250104,5.618033988749895,0.0,1.0,0.0,1.0,0.0,1.0,1.0,1.0,0.13652476728185356,
fork_b0.5,clean,200,9,normalized_half_comb,40.0,3.0,0.0,3.0,step,0.5,0.0004247940677551889,2.381966011250104,5.618033988749895,0.0,1.0,0.0,1.0,0.0,1.0,1.0,1.0,0.1898317782837125,
fork_b0.5,clean,200,9,normalized_half_comb,44.0,3.0,0.0,3.0,step,0.5,0.0004247940677551889,2.381966011250104,5.618033988749895,0.0,1.0,0.0,1.0,0.0,1.0,1.0,1.0,0.124849565566185,
