setout,regime,T,rep,family,degree,gamma,occ_alpha,eps_scale,kernel,fork_beta,eps,lam_min,lam_max,far_e990,eff_e990,far_e995,eff_e995,far_e999,eff_e999,eff_f001,eff_f010,cos_C,notes,eff_fixed_tau,far_fixed_tau,tau_fixed
base,clean,400,0,classical_invA,,3.0,0.0,3.0,step,0.0,0.0004247940677551,2.152240934977426,5.8477590650225775,0.0012484394506866,1.0,0.0012484394506866,1.0,0.0012484394506866,1.0,0.5,1.0,1.0,fixed-tau 0.350: eff 1.0000 far 0.0012,,,
base,clean,400,0,fitted_moment,40.0,3.0,0.0,3.0,step,0.0,0.0004247940677551,2.152240934977426,5.8477590650225775,0.0,0.99875,0.0,0.99875,0.0012484394506866,1.0,0.99875,1.0,0.0821477006275172,mu=0.003,,,
base,clean,400,0,fitted_moment,80.0,3.0,0.0,3.0,step,0.0,0.0004247940677551,2.152240934977426,5.8477590650225775,0.0,0.99875,0.0,0.99875,0.0012484394506866,1.0,0.99875,1.0,0.0821476998243685,mu=0.003,,,
base,clean,400,0,comb_prod,40.0,3.0,0.0,3.0,step,0.0,0.0004247940677551,2.152240934977426,5.8477590650225775,0.0,0.995,0.0,0.995,0.0012484394506866,1.0,0.9975,1.0,0.2524982581485928,,,,
base,clean,400,0,comb_prod,44.0,3.0,0.0,3.0,step,0.0,0.0004247940677551,2.152240934977426,5.8477590650225775,0.0,0.995,0.0,0.995,0.0012484394506866,1.0,0.9975,1.0,0.129805073948928,,,,
base,clean,400,0,normalized_half_comb,40.0,3.0,0.0,3.0,step,0.0,0.0004247940677551,2.152240934977426,5.8477590650225775,0.0,0.99625,0.0,0.99625,0.0012484394506866,1.0,0.99875,1.0,0.1898466054929671,,,,
base,clean,400,0,normalized_half_comb,44.0,3.0,0.0,3.0,step,0.0,0.0004247940677551,2.152240934977426,5.8477590650225775,0.0,0.99625,0.0,0.99625,0.0012484394506866,1.0,0.99875,1.0,0.0980361622081229,,,,
base,clean,400,1,classical_invA,,3.0,0.0,3.0,step,0.0,0.0004247940677551,2.1522409349774265,5.847759065022573,0.0012484394506866,1.0,0.0012484394506866,1.0,0.0012484394506866,1.0,0.5,1.0,1.0,fixed-tau 0.350: eff 1.0000 far 0.0012,,,
base,clean,400,1,fitted_moment,40.0,3.0,0.0,3.0,step,0.0,0.0004247940677551,2.1522409349774265,5.847759065022573,0.0,0.99875,0.0,0.99875,0.0012484394506866,1.0,0.99875,1.0,0.0821479988213905,mu=0.003,,,
base,clean,400,1,fitted_moment,80.0,3.0,0.0,3.0,step,0.0,0.0004247940677551,2.1522409349774265,5.847759065022573,0.0,0.99875,0.0,0.99875,0.0012484394506866,1.0,0.99875,1.0,0.0821479980182344,mu=0.003,,,
base,clean,400,1,comb_prod,40.0,3.0,0.0,3.0,step,0.0,0.0004247940677551,2.1522409349774265,5.847759065022573,0.0,0.995,0.0,0.995,0.0012484394506866,1.0,0.9975,1.0,0.2524977105021312,,,,
base,clean,400,1,comb_prod,44.0,3.0,0.0,3.0,step,0.0,0.0004247940677551,2.1522409349774265,5.847759065022573,0.0,0.995,0.0,0.995,0.0012484394506866,1.0,0.9975,1.0,0.1298025489981048,,,,
base,clean,400,1,normalized_half_comb,40.0,3.0,0.0,3.0,step,0.0,0.0004247940677551,2.1522409349774265,5.847759065022573,0.0,0.99625,0.0,0.99625,0.0012484394506866,1.0,0.99875,1.0,0.1898442889162417,,,,
base,clean,400,1,normalized_half_comb,44.0,3.0,0.0,3.0,step,0.0,0.0004247940677551,2.1522409349774265,5.847759065022573,0.0,0.99625,0.0,0.99625,0.0012484394506866,1.0,0.99875,1.0,0.098035796266326,,,,
base,clean,400,2,classical_invA,,3.0,0.0,3.0,step,0.0,0.0004247940677551,2.381966011250105,5.618033988749896,0.0,1.0,0.0,1.0,0.0,1.0,1.0,1.0,0.9999999999999998,fixed-tau 0.350: eff 1.0000 far 0.0000,,,
base,clean,400,2,fitted_moment,40.0,3.0,0.0,3.0,step,0.0,0.0004247940677551,2.381966011250105,5.618033988749896,0.0,0.99875,0.0,0.99875,0.0,1.0,1.0,1.0,0.0821440197764599,mu=0.003,,,
base,clean,400,2,fitted_moment,80.0,3.0,0.0,3.0,step,0.0,0.0004247940677551,2.381966011250105,5.618033988749896,0.0,1.0,0.0,1.0,0.0,1.0,1.0,1.0,0.0821440197756315,mu=0.003,,,
base,clean,400,2,comb_prod,40.0,3.0,0.0,3.0,step,0.0,0.0004247940677551,2.381966011250105,5.618033988749896,0.0,1.0,0.0,1.0,0.0,1.0,1.0,1.0,0.0884506248694588,,,,
base,clean,400,2,comb_prod,44.0,3.0,0.0,3.0,step,0.0,0.0004247940677551,2.381966011250105,5.618033988749896,0.0,1.0,0.0,1.0,0.0,1.0,1.0,1.0,0.1114154867921673,,,,
base,clean,400,2,normalized_half_comb,40.0,3.0,0.0,3.0,step,0.0,0.0004247940677551,2.381966011250105,5.618033988749896,0.0,1.0,0.0,1.0,0.0,1.0,1.0,1.0,0.1896826185678136,,,,
base,clean,400,2,normalized_half_comb,44.0,3.0,0.0,3.0,step,0.0,0.0004247940677551,2.381966011250105,5.618033988749896,0.0,1.0,0.0,1.0,0.0,1.0,1.0,1.0,0.0979732471678853,,,,
base,clean,400,3,classical_invA,,3.0,0.0,3.0,step,0.0,0.0004247940677551,2.381966011250105,5.618033988749896,0.0,1.0,0.0,1.0,0.0,1.0,1.0,1.0,1.0,fixed-tau 0.350: eff 1.0000 far 0.0000,,,
base,clean,400,3,fitted_moment,40.0,3.0,0.0,3.0,step,0.0,0.0004247940677551,2.381966011250105,5.618033988749896,0.0,1.0,0.0,1.0,0.0,1.0,1.0,1.0,0.0821430258207187,mu=0.003,,,
base,clean,400,3,fitted_moment,80.0,3.0,0.0,3.0,step,0.0,0.0004247940677551,2.381966011250105,5.618033988749896,0.0,1.0,0.0,1.0,0.0,1.0,1.0,1.0,0.0821430258198949,mu=0.003,,,
base,clean,400,3,comb_prod,40.0,3.0,0.0,3.0,step,0.0,0.0004247940677551,2.381966011250105,5.618033988749896,0.0,1.0,0.0,1.0,0.0,1.0,1.0,1.0,0.0884586820008354,,,,
base,clean,400,3,comb_prod,44.0,3.0,0.0,3.0,step,0.0,0.0004247940677551,2.381966011250105,5.618033988749896,0.0,1.0,0.0,1.0,0.0,1.0,1.0,1.0,0.1114212330765809,,,,
base,clean,400,3,normalized_half_comb,40.0,3.0,0.0,3.0,step,0.0,0.0004247940677551,2.381966011250105,5.618033988749896,0.0,1.0,0.0,1.0,0.0,1.0,1.0,1.0,0.1896903326964322,,,,
base,clean,400,3,normalized_half_comb,44.0,3.0,0.0,3.0,step,0.0,0.0004247940677551,2.381966011250105,5.618033988749896,0.0,1.0,0.0,1.0,0.0,1.0,1.0,1.0,0.0979744652147511,,,,
base,clean,400,4,classical_invA,,3.0,0.0,3.0,step,0.0,0.0004247940677551,2.1522409349774265,5.847759065022576,0.0012507817385866,0.998125,0.0012507817385866,0.998125,0.0012492192379762,0.999375,0.499375,0.999375,1.0000000000000002,fixed-tau 0.350: eff 0.9994 far 0.0012,,,
base,clean,400,4,fitted_moment,40.0,3.0,0.0,3.0,step,0.0,0.0004247940677551,2.1522409349774265,5.847759065022576,0.0,0.996875,0.0,0.996875,0.0012492192379762,0.999375,0.998125,0.999375,0.0821129264733758,mu=0.003,,,
base,clean,400,4,fitted_moment,80.0,3.0,0.0,3.0,step,0.0,0.0004247940677551,2.1522409349774265,5.847759065022576,0.0,0.996875,0.0,0.996875,0.0012492192379762,0.999375,0.998125,0.999375,0.0821129256587689,mu=0.003,,,
base,clean,400,4,comb_prod,40.0,3.0,0.0,3.0,step,0.0,0.0004247940677551,2.1522409349774265,5.847759065022576,0.0,0.9925,0.0,0.995625,0.0012492192379762,0.999375,0.996875,0.999375,0.2526231948424456,,,,
base,clean,400,4,comb_prod,44.0,3.0,0.0,3.0,step,0.0,0.0004247940677551,2.1522409349774265,5.847759065022576,0.0,0.9925,0.0,0.995625,0.0012492192379762,0.999375,0.996875,0.999375,0.1297812145763631,,,,
base,clean,400,4,normalized_half_comb,40.0,3.0,0.0,3.0,step,0.0,0.0004247940677551,2.1522409349774265,5.847759065022576,0.0,0.99375,0.0,0.995,0.029143897996357,0.999375,0.99625,0.9975,0.189878072839412,,,,
base,clean,400,4,normalized_half_comb,44.0,3.0,0.0,3.0,step,0.0,0.0004247940677551,2.1522409349774265,5.847759065022576,0.0,0.99375,0.0,0.995,0.029143897996357,0.999375,0.99625,0.9975,0.0979604966671277,,,,
base,moderate,400,0,classical_invA,,3.0,0.0,3.0,step,0.0,0.0031777035588293,0.9218663720536228,7.078133627945929,0.6579525483304042,0.994888178913738,0.997500299484886,1.0,0.997500299484886,1.0,0.0012779552715654,0.0012779552715654,1.0,fixed-tau 0.350: eff 0.9834 far 0.0989,,,
base,moderate,400,0,fitted_moment,40.0,3.0,0.0,3.0,step,0.0,0.0031777035588293,0.9218663720536228,7.078133627945929,0.6579525483304042,0.994888178913738,0.9975002595577136,1.0,0.9975002595577136,1.0,0.949520766773163,0.9559105431309904,0.080189166090222,mu=0.003,,,
base,moderate,400,0,fitted_moment,80.0,3.0,0.0,3.0,step,0.0,0.0031777035588293,0.9218663720536228,7.078133627945929,0.6576517150395779,0.994888178913738,0.997500299484886,1.0,0.997500299484886,1.0,0.949520766773163,0.9559105431309904,0.0803585435420394,mu=0.003,,,
base,moderate,400,0,comb_prod,40.0,3.0,0.0,3.0,step,0.0,0.0031777035588293,0.9218663720536228,7.078133627945929,0.9975018847672472,0.9993610223642172,0.9975018847672472,0.9993610223642172,0.9975018847672472,0.9993610223642172,0.678594249201278,0.9041533546325878,0.7958589277973778,,,,
base,moderate,400,0,comb_prod,44.0,3.0,0.0,3.0,step,0.0,0.0031777035588293,0.9218663720536228,7.078133627945929,0.9975002954922262,1.0,0.9975002954922262,1.0,0.9975002954922262,1.0,0.678594249201278,0.9041533546325878,0.863495889279637,,,,
base,moderate,400,0,normalized_half_comb,40.0,3.0,0.0,3.0,step,0.0,0.0031777035588293,0.9218663720536228,7.078133627945929,0.6579525483304042,0.994888178913738,0.997500299484886,1.0,0.997500299484886,1.0,0.0006389776357827,0.9431309904153354,0.1940576456524366,,,,
base,moderate,400,0,normalized_half_comb,44.0,3.0,0.0,3.0,step,0.0,0.0031777035588293,0.9218663720536228,7.078133627945929,0.6579525483304042,0.994888178913738,0.997500299484886,1.0,0.997500299484886,1.0,0.0006389776357827,0.9424920127795527,0.0984144530089992,,,,
base,moderate,400,1,classical_invA,,3.0,0.0,3.0,step,0.0,0.0031777035588293,1.568033495157581,6.4319665048424,0.6680823954130388,0.9974473516273132,0.6680823954130388,0.9974473516273132,0.9975002512510708,1.0,0.0019144862795149,0.0019144862795149,1.0,fixed-tau 0.350: eff 0.9847 far 0.1480,,,
base,moderate,400,1,fitted_moment,40.0,3.0,0.0,3.0,step,0.0,0.0031777035588293,1.568033495157581,6.4319665048424,0.6680823954130388,0.9974473516273132,0.6680823954130388,0.9974473516273132,0.9975002432756224,1.0,0.9132099553286536,0.9419272495213784,0.080723513366379,mu=0.03,,,
base,moderate,400,1,fitted_moment,80.0,3.0,0.0,3.0,step,0.0,0.0031777035588293,1.568033495157581,6.4319665048424,0.6680823954130388,0.9974473516273132,0.6680823954130388,0.9974473516273132,0.9975002432756224,1.0,0.9176770899808552,0.9432035737077218,0.0808538102481963,mu=0.03,,,
base,moderate,400,1,comb_prod,40.0,3.0,0.0,3.0,step,0.0,0.0031777035588293,1.568033495157581,6.4319665048424,0.9975240732823258,0.990427568602425,0.9975113584154373,0.9955328653477984,0.9975002512510708,1.0,0.8583280153158902,0.8596043395022336,0.4766872304439261,,,,
base,moderate,400,1,comb_prod,44.0,3.0,0.0,3.0,step,0.0,0.0031777035588293,1.568033495157581,6.4319665048424,0.6692946942254422,0.990427568602425,0.9975081917001408,0.9968091895341415,0.997501842510792,0.9993618379068284,0.4288449266113593,0.8596043395022336,0.20415360239236,,,,
base,moderate,400,1,normalized_half_comb,40.0,3.0,0.0,3.0,step,0.0,0.0031777035588293,1.568033495157581,6.4319665048424,0.6684423609631366,0.9929802169751116,0.6681557115507338,0.9955328653477984,0.997501838525606,0.9993618379068284,0.0012763241863433,0.9246968730057434,0.1951504076554248,,,,
base,moderate,400,1,normalized_half_comb,44.0,3.0,0.0,3.0,step,0.0,0.0031777035588293,1.568033495157581,6.4319665048424,0.6647261750754636,0.99234205488194,0.668083297917552,0.9968091895341415,0.9975002512510708,1.0,0.0006381620931716,0.9240587109125716,0.0986574005171363,,,,
base,moderate,400,2,classical_invA,,3.0,0.0,3.0,step,0.0,0.0031777035588293,0.7639320225002101,7.236067977499787,0.6475225225225225,0.9974506054811982,0.6475225225225225,0.9974506054811982,0.9974986449000416,1.0,0.0,0.0,1.0,fixed-tau 0.350: eff 0.9847 far 0.0986,,,
base,moderate,400,2,fitted_moment,40.0,3.0,0.0,3.0,step,0.0,0.0031777035588293,0.7639320225002101,7.236067977499787,0.6474431178193287,0.9974506054811982,0.6474431178193287,0.9974506054811982,0.9974986449000416,1.0,0.0031867431485022,0.9560229445506692,0.0865545442773833,mu=0.646,,,
base,moderate,400,2,fitted_moment,80.0,3.0,0.0,3.0,step,0.0,0.0031777035588293,0.7639320225002101,7.236067977499787,0.6473636773321316,0.9974506054811982,0.6473636773321316,0.9974506054811982,0.9974986449000416,1.0,0.0025493945188017,0.9572976418100702,0.0887150732426921,mu=1.39,,,
base,moderate,400,2,comb_prod,40.0,3.0,0.0,3.0,step,0.0,0.0031777035588293,0.7639320225002101,7.236067977499787,0.6477349560513861,0.9961759082217974,0.6477349560513861,0.9961759082217974,0.9975002311648477,0.9993626513702996,0.89993626513703,0.904397705544933,0.2335008720577201,,,,
base,moderate,400,2,comb_prod,44.0,3.0,0.0,3.0,step,0.0,0.0031777035588293,0.7639320225002101,7.236067977499787,0.9975208614328944,0.9910771191841936,0.9975097489661152,0.9955385595920968,0.9975002311648477,0.9993626513702996,0.89993626513703,0.904397705544933,0.883617393979044,,,,
base,moderate,400,2,normalized_half_comb,40.0,3.0,0.0,3.0,step,0.0,0.0031777035588293,0.7639320225002101,7.236067977499787,0.6472046889089269,0.9974506054811982,0.6472046889089269,0.9974506054811982,0.9974986449000416,1.0,0.0006373486297004,0.4582536647546207,0.1954032348333918,,,,
base,moderate,400,2,normalized_half_comb,44.0,3.0,0.0,3.0,step,0.0,0.0031777035588293,0.7639320225002101,7.236067977499787,0.645021645021645,0.992989165073295,0.6475225225225225,0.9974506054811982,0.9974986449000416,1.0,0.0006373486297004,0.9235181644359464,0.1010039744249418,,,,
base,moderate,400,3,classical_invA,,3.0,0.0,3.0,step,0.0,0.0031777035588293,1.2762465831191614,6.723753416880843,0.6532596685082873,0.9974570883661792,0.6532596685082873,0.9974570883661792,0.9974986085712014,1.0,0.0031786395422759,0.0031786395422759,0.9999999999999998,fixed-tau 0.350: eff 0.9898 far 0.1036,,,
base,moderate,400,3,fitted_moment,40.0,3.0,0.0,3.0,step,0.0,0.0031777035588293,1.2762465831191614,6.723753416880843,0.6532596685082873,0.9974570883661792,0.6532596685082873,0.9974570883661792,0.9974986085712014,1.0,0.2555626191989828,0.958041958041958,0.0822459470275162,mu=0.139,,,
base,moderate,400,3,fitted_moment,80.0,3.0,0.0,3.0,step,0.0,0.0031777035588293,1.2762465831191614,6.723753416880843,0.6532596685082873,0.9974570883661792,0.6532596685082873,0.9974570883661792,0.9974983937556856,1.0,0.2581055308328036,0.9586776859504132,0.0839423471023279,mu=0.646,,,
base,moderate,400,3,comb_prod,40.0,3.0,0.0,3.0,step,0.0,0.0031777035588293,1.2762465831191614,6.723753416880843,0.9975114047305672,0.9904640813731724,0.9974986085712014,1.0,0.9974986085712014,1.0,0.0,0.9078194532739988,0.7913062027582138,,,,
base,moderate,400,3,comb_prod,44.0,3.0,0.0,3.0,step,0.0,0.0031777035588293,1.2762465831191614,6.723753416880843,0.6539315859617948,0.9904640813731724,0.997509664758894,0.9955499046408136,0.9974986085712014,1.0,0.0,0.9078194532739988,0.454668430238232,,,,
base,moderate,400,3,normalized_half_comb,40.0,3.0,0.0,3.0,step,0.0,0.0031777035588293,1.2762465831191614,6.723753416880843,0.6530115146147033,0.996185632549269,0.6530115146147033,0.996185632549269,0.9974986085712014,1.0,0.0,0.9459631277813096,0.1935377153985468,,,,
base,moderate,400,3,normalized_half_comb,44.0,3.0,0.0,3.0,step,0.0,0.0031777035588293,1.2762465831191614,6.723753416880843,0.6509074613488685,0.9904640813731724,0.6533952665339526,0.996185632549269,0.9974986085712014,1.0,0.0,0.9459631277813096,0.0980614876298034,,,,
base,moderate,400,4,classical_invA,,3.0,0.0,3.0,step,0.0,0.0031777035588293,1.272835159726346,6.72716484027368,0.6608905461724063,0.9910256410256412,0.9975003765458408,1.0,0.9975003765458408,1.0,0.0032051282051282,0.0032051282051282,0.9999999999999998,fixed-tau 0.350: eff 0.9808 far 0.1467,,,
base,moderate,400,4,fitted_moment,40.0,3.0,0.0,3.0,step,0.0,0.0031777035588293,1.272835159726346,6.72716484027368,0.6608905461724063,0.9910256410256412,0.9975003645301728,1.0,0.9975003645301728,1.0,0.0314102564102564,0.9262820512820512,0.0860846706906659,mu=0.646,,,
base,moderate,400,4,fitted_moment,80.0,3.0,0.0,3.0,step,0.0,0.0031777035588293,1.272835159726346,6.72716484027368,0.6605927552140505,0.9910256410256412,0.9975003765458408,1.0,0.9975003765458408,1.0,0.0596153846153846,0.928846153846154,0.0690446217958364,mu=0.003,,,
base,moderate,400,4,comb_prod,40.0,3.0,0.0,3.0,step,0.0,0.0031777035588293,1.272835159726346,6.72716484027368,0.9975019748659254,0.9993589743589744,0.9975019748659254,0.9993589743589744,0.9975019748659254,0.9993589743589744,0.0,0.4307692307692308,0.7997811985274103,,,,
base,moderate,400,4,comb_prod,44.0,3.0,0.0,3.0,step,0.0,0.0031777035588293,1.272835159726346,6.72716484027368,0.9975147337352062,0.9942307692307693,0.997503573191132,0.9987179487179488,0.9975019748659254,0.9993589743589744,0.0,0.4307692307692308,0.4623567359676571,,,,
base,moderate,400,4,normalized_half_comb,40.0,3.0,0.0,3.0,step,0.0,0.0031777035588293,1.272835159726346,6.72716484027368,0.9975035571906526,0.9987179487179488,0.9975035571906526,0.9987179487179488,0.9975003765458408,1.0,0.0019230769230769,0.0019230769230769,0.195136381991084,,,,
base,moderate,400,4,normalized_half_comb,44.0,3.0,0.0,3.0,step,0.0,0.0031777035588293,1.272835159726346,6.72716484027368,0.6608905461724063,0.9910256410256412,0.9975003765458408,1.0,0.9975003765458408,1.0,0.0019230769230769,0.0019230769230769,0.0983692488216913,,,,
occ_a0.05,moderate,400,0,classical_invA,,3.0,0.05,3.0,step,0.0,0.0031777035588293,0.9509553139359735,83.30036791011673,0.2075664621676891,0.9904153354632588,0.8229142987042509,0.9955271565495208,0.9921014887986588,0.9993610223642172,0.0012779552715654,0.0012779552715654,1.0,fixed-tau 0.386: eff 0.0000 far 0.0000,,,
occ_a0.05,moderate,400,0,fitted_moment,40.0,3.0,0.05,3.0,step,0.0,0.0031777035588293,0.9509553139359735,83.30036791011673,0.2636579572446555,0.9904153354632588,0.8633573057358358,0.9955271565495208,0.9166400170557508,0.9993610223642172,0.0102236421725239,0.5009584664536741,0.0978441485553084,mu=0.3,,,
occ_a0.05,moderate,400,0,fitted_moment,80.0,3.0,0.05,3.0,step,0.0,0.0031777035588293,0.9509553139359735,83.30036791011673,0.516078676241024,0.9904153354632588,0.793286453496086,0.9955271565495208,0.8249384374300426,0.9993610223642172,0.0,0.9533546325878596,0.0946025100531119,mu=0.03,,,
occ_a0.05,moderate,400,0,comb_prod,40.0,3.0,0.05,3.0,step,0.0,0.0031777035588293,0.9509553139359735,83.30036791011673,0.6583645580780251,0.9904153354632588,0.9890831377220334,0.9955271565495208,0.9967586902953448,0.9993610223642172,0.0,0.0,0.3896663687392168,,,,
occ_a0.05,moderate,400,0,comb_prod,44.0,3.0,0.05,3.0,step,0.0,0.0031777035588293,0.9509553139359735,83.30036791011673,0.99752258839964,0.9904153354632588,0.9975104185309231,0.9955271565495208,0.9975010066277652,0.9993610223642172,0.0,0.0,0.9761938209435712,,,,
occ_a0.05,moderate,400,0,normalized_half_comb,40.0,3.0,0.05,3.0,step,0.0,0.0031777035588293,0.9509553139359735,83.30036791011673,0.9973001219299772,0.9904153354632588,0.9973262399176248,0.9955271565495208,0.9974274834900037,0.9993610223642172,0.0012779552715654,0.0012779552715654,0.9989908936531612,,,,
occ_a0.05,moderate,400,0,normalized_half_comb,44.0,3.0,0.05,3.0,step,0.0,0.0031777035588293,0.9509553139359735,83.30036791011673,0.9975023123753172,0.9904153354632588,0.997489453448537,0.9955271565495208,0.9974965104813616,0.9993610223642172,0.0,0.0,0.997181630587453,,,,
occ_a0.05,moderate,400,1,classical_invA,,3.0,0.05,3.0,step,0.0,0.0031777035588293,1.588147859740013,83.50094820658235,0.3508992053534086,0.990427568602425,0.5663052543786489,0.9955328653477984,0.9926712841632348,0.9993618379068284,0.0019144862795149,0.0019144862795149,1.0,fixed-tau 0.386: eff 0.0000 far 0.0000,,,
occ_a0.05,moderate,400,1,fitted_moment,40.0,3.0,0.05,3.0,step,0.0,0.0031777035588293,1.588147859740013,83.50094820658235,0.6284414651663873,0.990427568602425,0.874335427742871,0.9955328653477984,0.923951048951049,0.9993618379068284,0.0159540523292916,0.4920229738353542,0.1016296120351083,mu=0.3,,,
occ_a0.05,moderate,400,1,fitted_moment,80.0,3.0,0.05,3.0,step,0.0,0.0031777035588293,1.588147859740013,83.50094820658235,0.4869421487603306,0.990427568602425,0.7842025176372942,0.9955328653477984,0.9767403864719948,0.9993618379068284,0.0044671346522016,0.9125717932354818,0.097633998503349,mu=0.646,,,
occ_a0.05,moderate,400,1,comb_prod,40.0,3.0,0.05,3.0,step,0.0,0.0031777035588293,1.588147859740013,83.50094820658235,0.9950605024792968,0.990427568602425,0.9950353729676058,0.9955328653477984,0.9950187195628178,0.9993618379068284,0.0,0.0,0.7814836409713519,,,,
occ_a0.05,moderate,400,1,comb_prod,44.0,3.0,0.05,3.0,step,0.0,0.0031777035588293,1.588147859740013,83.50094820658235,0.9975178960970836,0.990427568602425,0.9975100873384748,0.9955328653477984,0.9975014080506994,0.9993618379068284,0.0,0.0,0.8303632518239258,,,,
occ_a0.05,moderate,400,1,normalized_half_comb,40.0,3.0,0.05,3.0,step,0.0,0.0031777035588293,1.588147859740013,83.50094820658235,0.997333434131356,0.990427568602425,0.9974487626498852,0.9955328653477984,0.9974860617696776,0.9993618379068284,0.0,0.0,0.9989859909585648,,,,
occ_a0.05,moderate,400,1,normalized_half_comb,44.0,3.0,0.05,3.0,step,0.0,0.0031777035588293,1.588147859740013,83.50094820658235,0.9974802658709156,0.990427568602425,0.997496260440273,0.9955328653477984,0.9974988260773736,0.9993618379068284,0.0,0.0,0.9969585622179458,,,,
occ_a0.05,moderate,400,2,classical_invA,,3.0,0.05,3.0,step,0.0,0.0031777035588293,0.7940516839142041,83.50026178438387,0.3284356093344857,0.9904397705544932,0.5146053449347421,0.9955385595920968,0.988689235297088,0.9993626513702996,0.0,0.0,1.0,fixed-tau 0.386: eff 0.0000 far 0.0000,,,
occ_a0.05,moderate,400,2,fitted_moment,40.0,3.0,0.05,3.0,step,0.0,0.0031777035588293,0.7940516839142041,83.50026178438387,0.5285194174757282,0.9904397705544932,0.7073262132284055,0.9955385595920968,0.9505097370829784,0.9993626513702996,0.0133843212237093,0.4939451880178457,0.0964937825628494,mu=0.0646,,,
occ_a0.05,moderate,400,2,fitted_moment,80.0,3.0,0.05,3.0,step,0.0,0.0031777035588293,0.7940516839142041,83.50026178438387,0.5714285714285714,0.9904397705544932,0.9600081929438272,0.9955385595920968,0.9694305265825748,0.9993626513702996,0.4754620777565328,0.9521988527724664,0.0886535899501801,mu=0.003,,,
occ_a0.05,moderate,400,2,comb_prod,40.0,3.0,0.05,3.0,step,0.0,0.0031777035588293,0.7940516839142041,83.50026178438387,0.6480181200453001,0.9904397705544932,0.9950205299533296,0.9955385595920968,0.99664537937379,0.9993626513702996,0.0006373486297004,0.0006373486297004,0.8275207675168207,,,,
occ_a0.05,moderate,400,2,comb_prod,44.0,3.0,0.05,3.0,step,0.0,0.0031777035588293,0.7940516839142041,83.50026178438387,0.996713510769914,0.9904397705544932,0.9966966477954036,0.9955385595920968,0.9974196181429807,0.9993626513702996,0.0,0.0,0.8322999730973862,,,,
occ_a0.05,moderate,400,2,normalized_half_comb,40.0,3.0,0.05,3.0,step,0.0,0.0031777035588293,0.7940516839142041,83.50026178438387,0.9972726937677368,0.9904397705544932,0.9974256538048244,0.9955385595920968,0.9974158375537474,0.9993626513702996,0.0006373486297004,0.0006373486297004,0.9988270079425624,,,,
occ_a0.05,moderate,400,2,normalized_half_comb,44.0,3.0,0.05,3.0,step,0.0,0.0031777035588293,0.7940516839142041,83.50026178438387,0.9974998833600668,0.9904397705544932,0.9974870450900046,0.9955385595920968,0.9974952476797496,0.9993626513702996,0.0,0.0,0.9970227848654368,,,,
occ_a0.05,moderate,400,3,classical_invA,,3.0,0.05,3.0,step,0.0,0.0031777035588293,1.3004947153982864,83.60050163941347,0.1035673187571921,0.9904640813731724,0.2939585211902615,0.9955499046408136,0.98983767430134,0.9993642720915448,0.0031786395422759,0.0031786395422759,1.0,fixed-tau 0.386: eff 0.0000 far 0.0000,,,
occ_a0.05,moderate,400,3,fitted_moment,40.0,3.0,0.05,3.0,step,0.0,0.0031777035588293,1.3004947153982864,83.60050163941347,0.6824943957611576,0.9904640813731724,0.9572773155094804,0.9955499046408136,0.9970618469992336,0.9993642720915448,0.4831532104259377,0.4844246662428481,0.0799176756967041,mu=0.003,,,
occ_a0.05,moderate,400,3,fitted_moment,80.0,3.0,0.05,3.0,step,0.0,0.0031777035588293,1.3004947153982864,83.60050163941347,0.1477024070021881,0.9904640813731724,0.5629360870778677,0.9955499046408136,0.7441822620016273,0.9993642720915448,0.0133502860775588,0.9593134138588684,0.0933663226771773,mu=0.646,,,
occ_a0.05,moderate,400,3,comb_prod,40.0,3.0,0.05,3.0,step,0.0,0.0031777035588293,1.3004947153982864,83.60050163941347,0.6537008224049788,0.9904640813731724,0.7596685082872928,0.9955499046408136,0.9905244122965642,0.9993642720915448,0.0,0.0,0.8300247734604068,,,,
occ_a0.05,moderate,400,3,comb_prod,44.0,3.0,0.05,3.0,step,0.0,0.0031777035588293,1.3004947153982864,83.60050163941347,0.99752239859804,0.9904640813731724,0.997509708321009,0.9955499046408136,0.9975001948003416,0.9993642720915448,0.0,0.0,0.8908994507721274,,,,
occ_a0.05,moderate,400,3,normalized_half_comb,40.0,3.0,0.05,3.0,step,0.0,0.0031777035588293,1.3004947153982864,83.60050163941347,0.9972795909957604,0.9904640813731724,0.997265660466968,0.9955499046408136,0.9974769482629944,0.9993642720915448,0.0012714558169103,0.0012714558169103,0.9990439898914032,,,,
occ_a0.05,moderate,400,3,normalized_half_comb,44.0,3.0,0.05,3.0,step,0.0,0.0031777035588293,1.3004947153982864,83.60050163941347,0.9975033811718405,0.9904640813731724,0.9974905937325736,0.9955499046408136,0.9974955590782,0.9993642720915448,0.0,0.0,0.9973105452057304,,,,
occ_a0.05,moderate,400,4,classical_invA,,3.0,0.05,3.0,step,0.0,0.0031777035588293,1.297024793477505,83.10076688978911,0.5121566150931481,0.9903846153846154,0.9865853553196452,0.9955128205128204,0.9966823081261106,0.9993589743589744,0.0032051282051282,0.0032051282051282,1.0,fixed-tau 0.386: eff 0.0000 far 0.0000,,,
occ_a0.05,moderate,400,4,fitted_moment,40.0,3.0,0.05,3.0,step,0.0,0.0031777035588293,1.297024793477505,83.10076688978911,0.9882341294017304,0.9903846153846154,0.9940301376182056,0.9955128205128204,0.996175640868392,0.9993589743589744,0.0416666666666666,0.4769230769230769,0.0896963418533282,mu=0.003,,,
occ_a0.05,moderate,400,4,fitted_moment,80.0,3.0,0.05,3.0,step,0.0,0.0031777035588293,1.297024793477505,83.10076688978911,0.7044193610101397,0.9903846153846154,0.8825975204112488,0.9955128205128204,0.9371092016620276,0.9993589743589744,0.0057692307692307,0.45,0.0990345578480571,mu=0.3,,,
occ_a0.05,moderate,400,4,comb_prod,40.0,3.0,0.05,3.0,step,0.0,0.0031777035588293,1.297024793477505,83.10076688978911,0.9950659312934924,0.9903846153846154,0.9959110057925225,0.9955128205128204,0.9972659627266016,0.9993589743589744,0.0,0.0,0.6753714297529024,,,,
occ_a0.05,moderate,400,4,comb_prod,44.0,3.0,0.05,3.0,step,0.0,0.0031777035588293,1.297024793477505,83.10076688978911,0.99752169519257,0.9903846153846154,0.9975089704332596,0.9955128205128204,0.9975019748659254,0.9993589743589744,0.0006410256410256,0.0006410256410256,0.983725230861364,,,,
occ_a0.05,moderate,400,4,normalized_half_comb,40.0,3.0,0.05,3.0,step,0.0,0.0031777035588293,1.297024793477505,83.10076688978911,0.99729278883052,0.9903846153846154,0.9974309771550512,0.9955128205128204,0.9974784927888776,0.9993589743589744,0.0,0.0,0.9989416362750336,,,,
occ_a0.05,moderate,400,4,normalized_half_comb,44.0,3.0,0.05,3.0,step,0.0,0.0031777035588293,1.297024793477505,83.10076688978911,0.9975010715469904,0.9903846153846154,0.997488168676024,0.9955128205128204,0.9974961615305054,0.9993589743589744,0.0,0.0,0.9969737117569216,,,,
erf,moderate,400,0,classical_invA,,3.0,0.0,3.0,erf,0.0,0.0031777035588293,-1.759945483660195,9.75994548364962,0.2265469061876247,0.9904153354632588,0.9975018727967684,0.9993610223642172,0.9975018727967684,0.9993610223642172,0.0044728434504792,0.0044728434504792,1.0,fixed-tau 0.350: eff 0.9936 far 0.6396,,,
erf,moderate,400,0,fitted_moment,40.0,3.0,0.0,3.0,erf,0.0,0.0031777035588293,-1.759945483660195,9.75994548364962,0.7214939845573711,0.9910543130990416,0.9974592134763968,1.0,0.9974592134763968,1.0,0.0210862619808306,0.9431309904153354,0.2564222826857388,mu=0.139,,,
erf,moderate,400,0,fitted_moment,80.0,3.0,0.0,3.0,erf,0.0,0.0031777035588293,-1.759945483660195,9.75994548364962,0.4767206477732793,0.9910543130990416,0.9974524387405116,1.0,0.9974524387405116,1.0,0.0217252396166134,0.9450479233226836,0.2554135464064545,mu=0.139,,,
erf,moderate,400,0,comb_prod,40.0,3.0,0.0,3.0,erf,0.0,0.0031777035588293,-1.759945483660195,9.75994548364962,0.9975239379291176,0.9904153354632588,0.9975113212520068,0.9955271565495208,0.9975018927475028,0.9993610223642172,0.0,0.0,0.9582567794398764,,,,
erf,moderate,400,0,comb_prod,44.0,3.0,0.0,3.0,erf,0.0,0.0031777035588293,-1.759945483660195,9.75994548364962,0.9975240328552852,0.9904153354632588,0.9975113451035954,0.9955271565495208,0.997501844865205,0.9993610223642172,0.0,0.0,0.960177021126116,,,,
erf,moderate,400,0,normalized_half_comb,40.0,3.0,0.0,3.0,erf,0.0,0.0031777035588293,-1.759945483660195,9.75994548364962,0.9301613048571686,0.9904153354632588,0.9974924758231674,0.9987220447284344,0.9974992245037624,0.9993610223642172,0.0,0.0,0.2865443171588183,,,,
erf,moderate,400,0,normalized_half_comb,44.0,3.0,0.0,3.0,erf,0.0,0.0031777035588293,-1.759945483660195,9.75994548364962,0.9297275241419958,0.9904153354632588,0.997499468736968,1.0,0.997499468736968,1.0,0.0,0.0,0.2062443718414773,,,,
erf,moderate,400,1,classical_invA,,3.0,0.0,3.0,erf,0.0,0.0031777035588293,-0.366240854420035,8.366240854419138,0.2806855025474757,0.9910657306955968,0.4230769230769231,0.9955328653477984,0.9975017667900894,0.9993618379068284,0.0031908104658583,0.0031908104658583,1.0,fixed-tau 0.350: eff 0.9962 far 0.6513,,,
erf,moderate,400,1,fitted_moment,40.0,3.0,0.0,3.0,erf,0.0,0.0031777035588293,-0.366240854420035,8.366240854419138,0.8364766621009377,0.990427568602425,0.8579623053810435,0.9955328653477984,0.997456870668809,1.0,0.0140395660497766,0.8328015315890236,0.361886872856877,mu=0.00646,,,
erf,moderate,400,1,fitted_moment,80.0,3.0,0.0,3.0,erf,0.0,0.0031777035588293,-0.366240854420035,8.366240854419138,0.8607572223219092,0.990427568602425,0.8902258813595102,0.9955328653477984,0.9974592087064664,1.0,0.0248883216336949,0.7811104020421187,0.3155552906344133,mu=0.003,,,
erf,moderate,400,1,comb_prod,40.0,3.0,0.0,3.0,erf,0.0,0.0031777035588293,-0.366240854420035,8.366240854419138,0.9975240574827068,0.990427568602425,0.9975113584154373,0.9955328653477984,0.9975018345404078,0.9993618379068284,0.0,0.0,0.7562046126641216,,,,
erf,moderate,400,1,comb_prod,44.0,3.0,0.0,3.0,erf,0.0,0.0031777035588293,-0.366240854420035,8.366240854419138,0.9975240377328992,0.990427568602425,0.9975113544453432,0.9955328653477984,0.9975018265699728,0.9993618379068284,0.0,0.0,0.6971418677327572,,,,
erf,moderate,400,1,normalized_half_comb,40.0,3.0,0.0,3.0,erf,0.0,0.0031777035588293,-0.366240854420035,8.366240854419138,0.9207678170308352,0.990427568602425,0.9307313174370588,0.9955328653477984,0.9974877674958476,1.0,0.0,0.0,0.2509378643322169,,,,
erf,moderate,400,1,normalized_half_comb,44.0,3.0,0.0,3.0,erf,0.0,0.0031777035588293,-0.366240854420035,8.366240854419138,0.9302993581975676,0.9910657306955968,0.931049723756906,0.9955328653477984,0.997499050373307,1.0,0.0,0.0,0.1857084212662779,,,,
erf,moderate,400,2,classical_invA,,3.0,0.0,3.0,erf,0.0,0.0031777035588293,-2.192829737255732,10.192829737252415,0.3181219833260202,0.9904397705544932,0.9975081268862428,0.9961759082217974,0.9975002311648477,0.9993626513702996,0.0012746972594008,0.0012746972594008,1.0000000000000002,fixed-tau 0.350: eff 0.9924 far 0.6302,,,
erf,moderate,400,2,fitted_moment,40.0,3.0,0.0,3.0,erf,0.0,0.0031777035588293,-2.192829737255732,10.192829737252415,0.6958308866705814,0.9904397705544932,0.8498654363706267,0.9955385595920968,0.9974569265928652,1.0,0.3397068196303378,0.9534735500318674,0.2409368259943813,mu=0.0646,,,
erf,moderate,400,2,fitted_moment,80.0,3.0,0.0,3.0,erf,0.0,0.0031777035588293,-2.192829737255732,10.192829737252415,0.4497523000707714,0.9910771191841936,0.7656320287899235,0.9961759082217974,0.9974553345529564,1.0,0.3460803059273422,0.9572976418100702,0.2402420641377791,mu=0.0646,,,
erf,moderate,400,2,comb_prod,40.0,3.0,0.0,3.0,erf,0.0,0.0031777035588293,-2.192829737255732,10.192829737252415,0.9975223253789456,0.9904397705544932,0.9975096854423418,0.9955385595920968,0.9975002112385274,0.9993626513702996,0.0,0.0,0.921151444275168,,,,
erf,moderate,400,2,comb_prod,44.0,3.0,0.0,3.0,erf,0.0,0.0031777035588293,-2.192829737255732,10.192829737252415,0.9975221989607268,0.9904397705544932,0.9975096338268892,0.9955385595920968,0.9975002351500736,0.9993626513702996,0.0,0.0,0.9614109875092026,,,,
erf,moderate,400,2,normalized_half_comb,40.0,3.0,0.0,3.0,erf,0.0,0.0031777035588293,-2.192829737255732,10.192829737252415,0.9276459387916222,0.992989165073295,0.927965320051651,0.9955385595920968,0.9974879601403795,1.0,0.0,0.0,0.3113356391479412,,,,
erf,moderate,400,2,normalized_half_comb,44.0,3.0,0.0,3.0,erf,0.0,0.0031777035588293,-2.192829737255732,10.192829737252415,0.9274099613287984,0.992989165073295,0.9280847145488028,0.9955385595920968,0.9974974559861682,1.0,0.0,0.0,0.2261590065070891,,,,
erf,moderate,400,3,classical_invA,,3.0,0.0,3.0,erf,0.0,0.0031777035588293,-1.086026820042146,9.086026820042129,0.2409931840311587,0.9910998092816274,0.405015197568389,0.9955499046408136,0.99750016697358,0.9993642720915448,0.003814367450731,0.003814367450731,1.0,fixed-tau 0.350: eff 0.9962 far 0.6344,,,
erf,moderate,400,3,fitted_moment,40.0,3.0,0.0,3.0,erf,0.0,0.0031777035588293,-1.086026820042146,9.086026820042129,0.8004355065966441,0.9904640813731724,0.8858434174077854,0.9955499046408136,0.9974537614078935,1.0,0.0190718372536554,0.944055944055944,0.2427998525752044,mu=0.139,,,
erf,moderate,400,3,fitted_moment,80.0,3.0,0.0,3.0,erf,0.0,0.0031777035588293,-1.086026820042146,9.086026820042129,0.8169212690951821,0.9904640813731724,0.8828019757521329,0.9955499046408136,0.9974559728033304,1.0,0.0184361093452002,0.9605848696757788,0.2428729724868923,mu=0.139,,,
erf,moderate,400,3,comb_prod,40.0,3.0,0.0,3.0,erf,0.0,0.0031777035588293,-1.086026820042146,9.086026820042129,0.9975223788979198,0.9904640813731724,0.9975096924804162,0.9955499046408136,0.9975001868499016,0.9993642720915448,0.0,0.0,0.962508164309803,,,,
erf,moderate,400,3,comb_prod,44.0,3.0,0.0,3.0,erf,0.0,0.0031777035588293,-1.086026820042146,9.086026820042129,0.9975222567501804,0.9904640813731724,0.9975096449574286,0.9955499046408136,0.99750016697358,0.9993642720915448,0.0,0.0,0.9490541799840936,,,,
erf,moderate,400,3,normalized_half_comb,40.0,3.0,0.0,3.0,erf,0.0,0.0031777035588293,-1.086026820042146,9.086026820042129,0.9117180417044424,0.9904640813731724,0.9328790021859328,0.9955499046408136,0.997488095200074,1.0,0.0,0.0,0.2799336095977037,,,,
erf,moderate,400,3,normalized_half_comb,44.0,3.0,0.0,3.0,erf,0.0,0.0031777035588293,-1.086026820042146,9.086026820042129,0.9227871939736346,0.9904640813731724,0.933022539668962,0.9955499046408136,0.9974992761899912,0.9993642720915448,0.0,0.0,0.2010732851079436,,,,
erf,moderate,400,4,classical_invA,,3.0,0.0,3.0,erf,0.0,0.0031777035588293,-1.136080586954753,9.136080586954758,0.3400256300726185,0.9903846153846154,0.9975003044500992,1.0,0.9975003044500992,1.0,0.0025641025641025,0.0025641025641025,1.0,fixed-tau 0.350: eff 0.9910 far 0.6439,,,
erf,moderate,400,4,fitted_moment,40.0,3.0,0.0,3.0,erf,0.0,0.0031777035588293,-1.136080586954753,9.136080586954758,0.876370328878931,0.9903846153846154,0.9974599675893168,0.9987179487179488,0.9974912176525584,0.9993589743589744,0.2403846153846154,0.8064102564102564,0.3089353534116946,mu=0.003,,,
erf,moderate,400,4,fitted_moment,80.0,3.0,0.0,3.0,erf,0.0,0.0031777035588293,-1.136080586954753,9.136080586954758,0.8748582536854042,0.9903846153846154,0.9974630778499666,0.9987179487179488,0.9974930532328196,0.9993589743589744,0.1,0.7717948717948718,0.3159670596796405,mu=0.003,,,
erf,moderate,400,4,comb_prod,40.0,3.0,0.0,3.0,erf,0.0,0.0031777035588293,-1.136080586954753,9.136080586954758,0.9975243360173056,0.9903846153846154,0.9975115489446116,0.9955128205128204,0.9975019588552274,0.9993589743589744,0.0,0.0,0.7708672824819794,,,,
erf,moderate,400,4,comb_prod,44.0,3.0,0.0,3.0,erf,0.0,0.0031777035588293,-1.136080586954753,9.136080586954758,0.9975240940107112,0.9903846153846154,0.997511421342166,0.9955128205128204,0.997501966860602,0.9993589743589744,0.0,0.0,0.7631546515641978,,,,
erf,moderate,400,4,normalized_half_comb,40.0,3.0,0.0,3.0,erf,0.0,0.0031777035588293,-1.136080586954753,9.136080586954758,0.9314338969511384,0.9903846153846154,0.9974924798537332,0.9987179487179488,0.9975008616336574,0.9993589743589744,0.0,0.0,0.2607601600278414,,,,
erf,moderate,400,4,normalized_half_comb,44.0,3.0,0.0,3.0,erf,0.0,0.0031777035588293,-1.136080586954753,9.136080586954758,0.9314369397355108,0.9903846153846154,0.9975011019835704,0.9993589743589744,0.9975011019835704,0.9993589743589744,0.0,0.0,0.1926116482533147,,,,
base,clean,700,0,classical_invA,,3.0,0.0,3.0,step,0.0,0.0004247940677551,1.9471191599662845,6.052880840033717,0.0017825311942959,1.0,0.0017825311942959,1.0,0.0017825311942959,1.0,0.5003571428571428,1.0,1.0000000000000002,fixed-tau 0.350: eff 1.0000 far 0.0018,,,
base,clean,700,0,fitted_moment,40.0,3.0,0.0,3.0,step,0.0,0.0004247940677551,1.9471191599662845,6.052880840033717,0.0,0.9989285714285714,0.0,0.9989285714285714,0.0003572704537334,0.9992857142857144,0.9996428571428572,1.0,0.0621754077040449,mu=0.003,,,
base,clean,700,0,fitted_moment,80.0,3.0,0.0,3.0,step,0.0,0.0004247940677551,1.9471191599662845,6.052880840033717,0.0,0.9989285714285714,0.0,0.9989285714285714,0.0003572704537334,0.9992857142857144,0.9996428571428572,1.0,0.0621754238612339,mu=0.003,,,
base,clean,700,0,comb_prod,40.0,3.0,0.0,3.0,step,0.0,0.0004247940677551,1.9471191599662845,6.052880840033717,0.0,0.9971428571428572,0.0,0.9971428571428572,0.9985722654137164,0.9992857142857144,0.9978571428571428,0.9985714285714286,0.3601215284730106,,,,
base,clean,700,0,comb_prod,44.0,3.0,0.0,3.0,step,0.0,0.0004247940677551,1.9471191599662845,6.052880840033717,0.0,0.9971428571428572,0.0,0.9971428571428572,0.9985724460662164,0.9992857142857144,0.9978571428571428,0.9982142857142856,0.2990928063236882,,,,
base,clean,700,0,normalized_half_comb,40.0,3.0,0.0,3.0,step,0.0,0.0004247940677551,1.9471191599662845,6.052880840033717,0.0007155635062611,0.9975,0.0007155635062611,0.9975,0.0010710460549803,0.9992857142857144,0.9975,1.0,0.2057422935774353,,,,
base,clean,700,0,normalized_half_comb,44.0,3.0,0.0,3.0,step,0.0,0.0004247940677551,1.9471191599662845,6.052880840033717,0.0007155635062611,0.9975,0.0007155635062611,0.9975,0.0010710460549803,0.9992857142857144,0.9975,1.0,0.0849378240649116,,,,
base,clean,700,1,classical_invA,,3.0,0.0,3.0,step,0.0,0.0004247940677551,2.1522409349774265,5.847759065022574,0.0007145409074669,0.9989285714285714,0.0007145409074669,0.9989285714285714,0.001427042454513,0.9996428571428572,0.9989285714285714,0.9996428571428572,1.0,fixed-tau 0.350: eff 0.9996 far 0.0014,,,
base,clean,700,1,fitted_moment,40.0,3.0,0.0,3.0,step,0.0,0.0004247940677551,2.1522409349774265,5.847759065022574,0.0,0.9978571428571428,0.0,0.9978571428571428,0.0007140307033202,0.9996428571428572,0.9996428571428572,0.9996428571428572,0.0621068827800771,mu=0.003,,,
base,clean,700,1,fitted_moment,80.0,3.0,0.0,3.0,step,0.0,0.0004247940677551,2.1522409349774265,5.847759065022574,0.0,0.9982142857142856,0.0,0.9982142857142856,0.0007140307033202,0.9996428571428572,0.9996428571428572,0.9996428571428572,0.0621068896308859,mu=0.003,,,
base,clean,700,1,comb_prod,40.0,3.0,0.0,3.0,step,0.0,0.0004247940677551,2.1522409349774265,5.847759065022574,0.0,0.9971428571428572,0.0,0.9971428571428572,0.0014275517487508,0.9992857142857144,0.9978571428571428,0.9996428571428572,0.2853700284803227,,,,
base,clean,700,1,comb_prod,44.0,3.0,0.0,3.0,step,0.0,0.0004247940677551,2.1522409349774265,5.847759065022574,0.0,0.9971428571428572,0.0,0.9971428571428572,0.0014275517487508,0.9992857142857144,0.9978571428571428,0.9996428571428572,0.125320746572735,,,,
base,clean,700,1,normalized_half_comb,40.0,3.0,0.0,3.0,step,0.0,0.0004247940677551,2.1522409349774265,5.847759065022574,0.0,0.9975,0.0,0.9975,0.096222150468195,0.9996428571428572,0.9985714285714286,0.9985714285714286,0.2057804019189623,,,,
base,clean,700,1,normalized_half_comb,44.0,3.0,0.0,3.0,step,0.0,0.0004247940677551,2.1522409349774265,5.847759065022574,0.0,0.9975,0.0,0.9975,0.0959612277867528,0.9992857142857144,0.9985714285714286,0.9985714285714286,0.0849093989102002,,,,
base,clean,700,2,classical_invA,,3.0,0.0,3.0,step,0.0,0.0004247940677551,2.152240934977426,5.847759065022573,0.0007137758743754,1.0,0.0007137758743754,1.0,0.0007137758743754,1.0,1.0,1.0,1.0,fixed-tau 0.350: eff 1.0000 far 0.0007,,,
base,clean,700,2,fitted_moment,40.0,3.0,0.0,3.0,step,0.0,0.0004247940677551,2.152240934977426,5.847759065022573,0.0,0.9992857142857144,0.0,0.9992857142857144,0.0,0.9992857142857144,1.0,1.0,0.0621524399150615,mu=0.003,,,
base,clean,700,2,fitted_moment,80.0,3.0,0.0,3.0,step,0.0,0.0004247940677551,2.152240934977426,5.847759065022573,0.0,0.9992857142857144,0.0,0.9992857142857144,0.0,0.9992857142857144,1.0,1.0,0.0621524421440163,mu=0.003,,,
base,clean,700,2,comb_prod,40.0,3.0,0.0,3.0,step,0.0,0.0004247940677551,2.152240934977426,5.847759065022573,0.0,0.9971428571428572,0.0,0.9971428571428572,0.0007142857142857,0.9992857142857144,1.0,1.0,0.2853699438623008,,,,
base,clean,700,2,comb_prod,44.0,3.0,0.0,3.0,step,0.0,0.0004247940677551,2.152240934977426,5.847759065022573,0.0,0.9971428571428572,0.0,0.9971428571428572,0.0007142857142857,0.9992857142857144,1.0,1.0,0.1253115963592057,,,,
base,clean,700,2,normalized_half_comb,40.0,3.0,0.0,3.0,step,0.0,0.0004247940677551,2.152240934977426,5.847759065022573,0.0,0.9978571428571428,0.0,0.9978571428571428,0.0,0.9992857142857144,1.0,1.0,0.2057654760461593,,,,
base,clean,700,2,normalized_half_comb,44.0,3.0,0.0,3.0,step,0.0,0.0004247940677551,2.152240934977426,5.847759065022573,0.0,0.9978571428571428,0.0,0.9978571428571428,0.0,0.9992857142857144,1.0,1.0,0.0849492137042723,,,,
base,moderate,700,0,classical_invA,,3.0,0.0,3.0,step,0.0,0.0031777035588293,0.7639320225002093,7.236067977499793,0.846062591797537,0.9948886454910552,0.9985716051372152,1.0,0.9985716051372152,1.0,0.0,0.0,1.0,fixed-tau 0.350: eff 0.9817 far 0.3655,,,
base,moderate,700,0,fitted_moment,40.0,3.0,0.0,3.0,step,0.0,0.0031777035588293,0.7639320225002093,7.236067977499793,0.846062591797537,0.9948886454910552,0.9985716051372152,1.0,0.9985716051372152,1.0,0.2727272727272727,0.4775465498357064,0.0643713183235999,mu=0.3,,,
base,moderate,700,0,fitted_moment,80.0,3.0,0.0,3.0,step,0.0,0.0031777035588293,0.7639320225002093,7.236067977499793,0.846062591797537,0.9948886454910552,0.9985715827895284,1.0,0.9985715827895284,1.0,0.0697334793720335,0.7123037604965315,0.0632063049479958,mu=0.139,,,
base,moderate,700,0,comb_prod,40.0,3.0,0.0,3.0,step,0.0,0.0031777035588293,0.7639320225002093,7.236067977499793,0.8462495053982251,0.9930631617378606,0.9985736844520654,0.9985396129974444,0.9985726429312708,0.9992698064987222,0.0,0.0,0.265427447575868,,,,
base,moderate,700,0,comb_prod,44.0,3.0,0.0,3.0,step,0.0,0.0031777035588293,0.7639320225002093,7.236067977499793,0.9985825248996868,0.9923329682365828,0.9985773245984124,0.9959839357429718,0.998572646653125,0.9992698064987222,0.0,0.0,0.9249497569834028,,,,
base,moderate,700,0,normalized_half_comb,40.0,3.0,0.0,3.0,step,0.0,0.0031777035588293,0.7639320225002093,7.236067977499793,0.8460973266263494,0.9941584519897771,0.9985721244056168,0.9996349032493612,0.9985721244056168,0.9996349032493612,0.0007301935012778,0.0007301935012778,0.2154006246838002,,,,
base,moderate,700,0,normalized_half_comb,44.0,3.0,0.0,3.0,step,0.0,0.0031777035588293,0.7639320225002093,7.236067977499793,0.8428190564506781,0.9901423877327492,0.9985716051372152,1.0,0.9985716051372152,1.0,0.0007301935012778,0.0007301935012778,0.087732356560103,,,,
base,moderate,700,1,classical_invA,,3.0,0.0,3.0,step,0.0,0.0031777035588293,1.2396649496464138,6.760335050354073,0.8524501884760366,0.9963636363636365,0.8524501884760366,0.9963636363636365,0.9985710232616628,1.0,0.0007272727272727,0.0007272727272727,1.0,fixed-tau 0.350: eff 0.9847 far 0.3227,,,
base,moderate,700,1,fitted_moment,40.0,3.0,0.0,3.0,step,0.0,0.0031777035588293,1.2396649496464138,6.760335050354073,0.8524422424470892,0.9963636363636365,0.8524422424470892,0.9963636363636365,0.9985710232616628,1.0,0.0512727272727272,0.9432727272727272,0.0616200893650101,mu=0.03,,,
base,moderate,700,1,fitted_moment,80.0,3.0,0.0,3.0,step,0.0,0.0031777035588293,1.2396649496464138,6.760335050354073,0.8521077346575269,0.9963636363636365,0.8521077346575269,0.9963636363636365,0.9985709846487376,1.0,0.272,0.9465454545454546,0.0618389930133015,mu=0.03,,,
base,moderate,700,1,comb_prod,40.0,3.0,0.0,3.0,step,0.0,0.0031777035588293,1.2396649496464138,6.760335050354073,0.9985710232616628,1.0,0.9985710232616628,1.0,0.9985710232616628,1.0,0.0,0.432,0.8804939159455563,,,,
base,moderate,700,1,comb_prod,44.0,3.0,0.0,3.0,step,0.0,0.0031777035588293,1.2396649496464138,6.760335050354073,0.9985839823197852,0.990909090909091,0.9985777599485354,0.9952727272727272,0.9985720602914804,0.9992727272727272,0.0,0.432,0.5691309311345366,,,,
base,moderate,700,1,normalized_half_comb,40.0,3.0,0.0,3.0,step,0.0,0.0031777035588293,1.2396649496464138,6.760335050354073,0.8525323275862069,0.9952727272727272,0.8525323275862069,0.9952727272727272,0.9985715406627657,0.9996363636363635,0.0,0.0,0.2131704043214056,,,,
base,moderate,700,1,normalized_half_comb,44.0,3.0,0.0,3.0,step,0.0,0.0031777035588293,1.2396649496464138,6.760335050354073,0.8498873192986314,0.9930909090909092,0.8524342955622577,0.9963636363636365,0.9985710232616628,1.0,0.0,0.0,0.0866794548765604,,,,
base,moderate,700,2,classical_invA,,3.0,0.0,3.0,step,0.0,0.0031777035588293,0.5928790789532734,7.4071209210462365,0.3639740018570102,0.9906001446131598,0.8573199710713917,0.9985538684020244,0.9985714698882792,1.0,0.0,0.0,1.0,fixed-tau 0.350: eff 0.9906 far 0.3640,,,
base,moderate,700,2,fitted_moment,40.0,3.0,0.0,3.0,step,0.0,0.0031777035588293,0.5928790789532734,7.4071209210462365,0.2400110987791343,0.990238611713666,0.8573199710713917,0.9985538684020244,0.9985714698882792,1.0,0.0003615328994938,0.9005784526391901,0.0595733919962843,mu=0.003,,,
base,moderate,700,2,fitted_moment,80.0,3.0,0.0,3.0,step,0.0,0.0031777035588293,0.5928790789532734,7.4071209210462365,0.2400110987791343,0.990238611713666,0.8573199710713917,0.9985538684020244,0.9985714698882792,1.0,0.0057845263919016,0.9385394070860448,0.0631844926779662,mu=0.0646,,,
base,moderate,700,2,comb_prod,40.0,3.0,0.0,3.0,step,0.0,0.0031777035588293,0.5928790789532734,7.4071209210462365,0.9985771325838704,0.9960231381055676,0.9985771325838704,0.9960231381055676,0.9985724998605552,0.9992769342010124,0.0,0.4338394793926247,0.797034281172368,,,,
base,moderate,700,2,comb_prod,44.0,3.0,0.0,3.0,step,0.0,0.0031777035588293,0.5928790789532734,7.4071209210462365,0.9985743270605112,0.990238611713666,0.9985714691504992,1.0,0.9985714691504992,1.0,0.0,0.4338394793926247,0.8242024453735477,,,,
base,moderate,700,2,normalized_half_comb,40.0,3.0,0.0,3.0,step,0.0,0.0031777035588293,0.5928790789532734,7.4071209210462365,0.8477489465513418,0.9927693420101228,0.8572758299720757,0.9978308026030368,0.9985719856113994,0.9996384671005062,0.0003615328994938,0.0003615328994938,0.2142584701337546,,,,
base,moderate,700,2,normalized_half_comb,44.0,3.0,0.0,3.0,step,0.0,0.0031777035588293,0.5928790789532734,7.4071209210462365,0.8475159589231196,0.9931308749096168,0.8542041248016923,0.9967462039045552,0.9985714698882792,1.0,0.0003615328994938,0.0003615328994938,0.0882774681266369,,,,
erf,moderate,700,0,classical_invA,,3.0,0.0,3.0,erf,0.0,0.0031777035588293,-2.1291585381456706,10.129158538145676,0.7201815930664466,0.9901423877327492,0.9540559216624812,0.995253742241694,0.9985726332543596,0.9992698064987222,0.0014603870025556,0.0014603870025556,1.0,fixed-tau 0.350: eff 0.9916 far 0.8382,,,
erf,moderate,700,0,fitted_moment,40.0,3.0,0.0,3.0,erf,0.0,0.0031777035588293,-2.1291585381456706,10.129158538145676,0.9293253068563834,0.9901423877327492,0.9513339876862676,0.9956188389923328,0.9985512913243092,0.9996349032493612,0.0047462577583059,0.3694779116465863,0.2520553732789642,mu=0.003,,,
erf,moderate,700,0,fitted_moment,80.0,3.0,0.0,3.0,erf,0.0,0.0031777035588293,-2.1291585381456706,10.129158538145676,0.8085016240643977,0.9901423877327492,0.9106346708628376,0.995253742241694,0.9985595006689724,1.0,0.0080321285140562,0.759766338079591,0.2232475396969254,mu=0.003,,,
erf,moderate,700,0,comb_prod,40.0,3.0,0.0,3.0,erf,0.0,0.0031777035588293,-2.1291585381456706,10.129158538145676,0.998585498332797,0.9901423877327492,0.998578286057607,0.995253742241694,0.998572633998742,0.9992698064987222,0.0,0.0,0.848652932780845,,,,
erf,moderate,700,0,comb_prod,44.0,3.0,0.0,3.0,erf,0.0,0.0031777035588293,-2.1291585381456706,10.129158538145676,0.998585438571418,0.9901423877327492,0.9985782652959044,0.995253742241694,0.9985726287880486,0.9992698064987222,0.0,0.0,0.886118602126673,,,,
erf,moderate,700,0,normalized_half_comb,40.0,3.0,0.0,3.0,erf,0.0,0.0031777035588293,-2.1291585381456706,10.129158538145676,0.9701433383975164,0.9901423877327492,0.9717348927875245,0.995253742241694,0.998567149239495,0.9992698064987222,0.0,0.0,0.2210922542323119,,,,
erf,moderate,700,0,normalized_half_comb,44.0,3.0,0.0,3.0,erf,0.0,0.0031777035588293,-2.1291585381456706,10.129158538145676,0.9659450499773972,0.9901423877327492,0.9718873431167304,0.995253742241694,0.9985706932607508,0.9996349032493612,0.0,0.0,0.1468249875477399,,,,
erf,moderate,700,1,classical_invA,,3.0,0.0,3.0,erf,0.0,0.0031777035588293,-1.0016390957099215,9.001639095707908,0.4918858421936206,0.9905454545454544,0.6939072107322527,0.9956363636363637,0.9985710017277888,1.0,0.001090909090909,0.001090909090909,1.0,fixed-tau 0.350: eff 0.9964 far 0.8428,,,
erf,moderate,700,1,fitted_moment,40.0,3.0,0.0,3.0,erf,0.0,0.0031777035588293,-1.0016390957099215,9.001639095707908,0.7297887114373574,0.9905454545454544,0.8372770511296076,0.9952727272727272,0.998564021450354,0.9996363636363635,0.0003636363636363,0.8963636363636364,0.1877559265850913,mu=0.00646,,,
erf,moderate,700,1,fitted_moment,80.0,3.0,0.0,3.0,erf,0.0,0.0031777035588293,-1.0016390957099215,9.001639095707908,0.945230001810246,0.9901818181818182,0.9570287364439632,0.9956363636363637,0.9985502333597104,1.0,0.001090909090909,0.8909090909090909,0.2388461111179893,mu=0.0646,,,
erf,moderate,700,1,comb_prod,40.0,3.0,0.0,3.0,erf,0.0,0.0031777035588293,-1.0016390957099215,9.001639095707908,0.9985850054225004,0.9901818181818182,0.9985777547752,0.9952727272727272,0.9985720602914804,0.9992727272727272,0.0,0.0,0.943584193287661,,,,
erf,moderate,700,1,comb_prod,44.0,3.0,0.0,3.0,erf,0.0,0.0031777035588293,-1.0016390957099215,9.001639095707908,0.9985848862946004,0.9901818181818182,0.998577688996655,0.9952727272727272,0.9985720558394758,0.9992727272727272,0.0,0.0,0.9107867677913808,,,,
erf,moderate,700,1,normalized_half_comb,40.0,3.0,0.0,3.0,erf,0.0,0.0031777035588293,-1.0016390957099215,9.001639095707908,0.963720905445195,0.9901818181818182,0.9721843939917478,0.9952727272727272,0.9985703895844452,0.9992727272727272,0.0,0.0,0.2249204180843276,,,,
erf,moderate,700,1,normalized_half_comb,44.0,3.0,0.0,3.0,erf,0.0,0.0031777035588293,-1.0016390957099215,9.001639095707908,0.9608871141498728,0.9901818181818182,0.9721733649183094,0.9952727272727272,0.9985696147686496,1.0,0.0,0.0,0.1428938987054862,,,,
erf,moderate,700,2,classical_invA,,3.0,0.0,3.0,erf,0.0,0.0031777035588293,-2.334594758355623,10.33459475835562,0.5689112649465072,0.9906001446131598,0.9129981354485984,0.99530007230658,0.9985724954370468,0.9992769342010124,0.0021691973969631,0.0021691973969631,1.0,fixed-tau 0.350: eff 0.9946 far 0.8501,,,
erf,moderate,700,2,fitted_moment,40.0,3.0,0.0,3.0,erf,0.0,0.0031777035588293,-2.334594758355623,10.33459475835562,0.7670068027210885,0.9906001446131598,0.8718891008047635,0.9956616052060736,0.9538525753401786,0.9992769342010124,0.0,0.3496023138105568,0.1993779535476907,mu=0.003,,,
erf,moderate,700,2,fitted_moment,80.0,3.0,0.0,3.0,erf,0.0,0.0031777035588293,-2.334594758355623,10.33459475835562,0.7644883920894239,0.990238611713666,0.8577628519762336,0.99530007230658,0.9435388323732484,0.9992769342010124,0.0,0.6554591467823572,0.1866454449247827,mu=0.003,,,
erf,moderate,700,2,comb_prod,40.0,3.0,0.0,3.0,erf,0.0,0.0031777035588293,-2.334594758355623,10.33459475835562,0.9985853105757202,0.990238611713666,0.998578131004078,0.99530007230658,0.9985724983860556,0.9992769342010124,0.0,0.0,0.7858191134914398,,,,
erf,moderate,700,2,comb_prod,44.0,3.0,0.0,3.0,erf,0.0,0.0031777035588293,-2.334594758355623,10.33459475835562,0.9985853025381396,0.990238611713666,0.9985781398164236,0.99530007230658,0.9985724976488044,0.9992769342010124,0.0,0.0,0.9413412183758416,,,,
erf,moderate,700,2,normalized_half_comb,40.0,3.0,0.0,3.0,erf,0.0,0.0031777035588293,-2.334594758355623,10.33459475835562,0.8845813492899582,0.990238611713666,0.9625640816437536,0.99530007230658,0.9728617855845418,0.9992769342010124,0.0,0.0,0.2173047205127637,,,,
erf,moderate,700,2,normalized_half_comb,44.0,3.0,0.0,3.0,erf,0.0,0.0031777035588293,-2.334594758355623,10.33459475835562,0.8825522061661164,0.990238611713666,0.9633093525179856,0.9956616052060736,0.9738878234499436,0.9992769342010124,0.0,0.0,0.1405933290252979,,,,
base,clean,1000,0,classical_invA,,3.0,0.0,3.0,step,0.0,0.0004247940677551,2.381966011250104,5.618033988749895,0.0,0.99925,0.0,0.99925,0.0,0.99925,0.99975,0.99975,1.0,fixed-tau 0.350: eff 0.9998 far 0.0000,,,
base,clean,1000,0,fitted_moment,40.0,3.0,0.0,3.0,step,0.0,0.0004247940677551,2.381966011250104,5.618033988749895,0.0,0.99925,0.0,0.99925,0.0,0.99925,0.99975,0.99975,0.0520071694145154,mu=0.003,,,
base,clean,1000,0,fitted_moment,80.0,3.0,0.0,3.0,step,0.0,0.0004247940677551,2.381966011250104,5.618033988749895,0.0,0.99925,0.0,0.99925,0.0,0.99925,0.99975,0.99975,0.0520069195787224,mu=0.003,,,
base,clean,1000,0,comb_prod,40.0,3.0,0.0,3.0,step,0.0,0.0004247940677551,2.381966011250104,5.618033988749895,0.0,0.999,0.0,0.999,0.0,0.999,0.99975,0.99975,0.0620678081453638,,,,
base,clean,1000,0,comb_prod,44.0,3.0,0.0,3.0,step,0.0,0.0004247940677551,2.381966011250104,5.618033988749895,0.0,0.999,0.0,0.999,0.0,0.999,0.99975,0.99975,0.0984499800841575,,,,
base,clean,1000,0,normalized_half_comb,40.0,3.0,0.0,3.0,step,0.0,0.0004247940677551,2.381966011250104,5.618033988749895,0.0,0.999,0.0,0.999,0.0,0.999,0.999,0.999,0.2237537291121888,,,,
base,clean,1000,0,normalized_half_comb,44.0,3.0,0.0,3.0,step,0.0,0.0004247940677551,2.381966011250104,5.618033988749895,0.0,0.999,0.0,0.999,0.0,0.999,0.999,0.999,0.0800940098221899,,,,
base,clean,1000,1,classical_invA,,3.0,0.0,3.0,step,0.0,0.0004247940677551,2.152240934977427,5.847759065022576,0.0007494379215588,1.0,0.0007494379215588,1.0,0.0007494379215588,1.0,1.0,1.0,1.0000000000000002,fixed-tau 0.350: eff 1.0000 far 0.0007,,,
base,clean,1000,1,fitted_moment,40.0,3.0,0.0,3.0,step,0.0,0.0004247940677551,2.152240934977427,5.847759065022576,0.0,0.9985,0.0,0.9985,0.0,0.99925,1.0,1.0,0.0520186157295272,mu=0.003,,,
base,clean,1000,1,fitted_moment,80.0,3.0,0.0,3.0,step,0.0,0.0004247940677551,2.152240934977427,5.847759065022576,0.0,0.99875,0.0,0.99875,0.0,0.99925,1.0,1.0,0.0520185129260374,mu=0.003,,,
base,clean,1000,1,comb_prod,40.0,3.0,0.0,3.0,step,0.0,0.0004247940677551,2.152240934977427,5.847759065022576,0.0,0.997,0.0,0.997,0.00075,0.99925,1.0,1.0,0.3162179045541582,,,,
base,clean,1000,1,comb_prod,44.0,3.0,0.0,3.0,step,0.0,0.0004247940677551,2.152240934977427,5.847759065022576,0.0,0.997,0.0,0.997,0.00075,0.99925,1.0,1.0,0.1275653990624284,,,,
base,clean,1000,1,normalized_half_comb,40.0,3.0,0.0,3.0,step,0.0,0.0004247940677551,2.152240934977427,5.847759065022576,0.0,0.99775,0.0,0.99775,0.0,0.99925,1.0,1.0,0.2238200273441604,,,,
base,clean,1000,1,normalized_half_comb,44.0,3.0,0.0,3.0,step,0.0,0.0004247940677551,2.152240934977427,5.847759065022576,0.0,0.99775,0.0,0.99775,0.0,0.99925,1.0,1.0,0.0801398537220514,,,,
base,clean,1000,2,classical_invA,,3.0,0.0,3.0,step,0.0,0.0004247940677551,2.000000000000001,6.000000000000001,0.0024937655860349,1.0,0.0024937655860349,1.0,0.0024937655860349,1.0,0.5,1.0,1.0000000000000002,fixed-tau 0.350: eff 1.0000 far 0.0025,,,
base,clean,1000,2,fitted_moment,40.0,3.0,0.0,3.0,step,0.0,0.0004247940677551,2.000000000000001,6.000000000000001,0.0,0.997,0.0,0.997,0.0024937655860349,1.0,0.9975,1.0,0.0520238102265588,mu=0.003,,,
base,clean,1000,2,fitted_moment,80.0,3.0,0.0,3.0,step,0.0,0.0004247940677551,2.000000000000001,6.000000000000001,0.0,0.9975,0.0,0.9975,0.0024937655860349,1.0,0.9975,1.0,0.052023811202641,mu=0.003,,,
base,clean,1000,2,comb_prod,40.0,3.0,0.0,3.0,step,0.0,0.0004247940677551,2.000000000000001,6.000000000000001,0.0,0.992,0.0,0.995,0.9990007736752374,0.999,0.995,0.998,0.4309151529828188,,,,
base,clean,1000,2,comb_prod,44.0,3.0,0.0,3.0,step,0.0,0.0004247940677551,2.000000000000001,6.000000000000001,0.0,0.992,0.0,0.995,0.1844897959183673,0.999,0.995,0.998,0.2757482487921192,,,,
base,clean,1000,2,normalized_half_comb,40.0,3.0,0.0,3.0,step,0.0,0.0004247940677551,2.000000000000001,6.000000000000001,0.0,0.9935,0.0,0.995,0.0014992503748125,0.999,0.9965,1.0,0.2240726998988668,,,,
base,clean,1000,2,normalized_half_comb,44.0,3.0,0.0,3.0,step,0.0,0.0004247940677551,2.000000000000001,6.000000000000001,0.0,0.9935,0.0,0.995,0.0014992503748125,0.999,0.9965,1.0,0.0801709967049995,,,,
base,moderate,1000,0,classical_invA,,3.0,0.0,3.0,step,0.0,0.0031777035588293,1.0965366810276498,6.90346331897064,0.92003367003367,0.9951456310679612,0.92003367003367,0.9951456310679612,0.998999611755303,1.0,0.0,0.0,1.0,fixed-tau 0.350: eff 0.9854 far 0.5820,,,
base,moderate,1000,0,fitted_moment,40.0,3.0,0.0,3.0,step,0.0,0.0031777035588293,1.0965366810276498,6.90346331897064,0.92003367003367,0.9951456310679612,0.92003367003367,0.9951456310679612,0.998999611755303,1.0,0.0066428206438426,0.0066428206438426,0.05550567549644,mu=0.3,,,
base,moderate,1000,0,fitted_moment,80.0,3.0,0.0,3.0,step,0.0,0.0031777035588293,1.0965366810276498,6.90346331897064,0.9200320282505596,0.9951456310679612,0.9200320282505596,0.9951456310679612,0.998999604340194,1.0,0.0127746550843127,0.0127746550843127,0.0563946562556143,mu=0.646,,,
base,moderate,1000,0,comb_prod,40.0,3.0,0.0,3.0,step,0.0,0.0031777035588293,1.0965366810276498,6.90346331897064,0.999009558083987,0.990035769034236,0.999004455540697,0.9951456310679612,0.9989996114996116,1.0,0.0,0.0,0.937641852090068,,,,
base,moderate,1000,0,comb_prod,44.0,3.0,0.0,3.0,step,0.0,0.0031777035588293,1.0965366810276498,6.90346331897064,0.9990077719419274,0.9918242207460398,0.9990036969030258,0.99591211037302,0.998999866836346,0.9997445068983136,0.0,0.0,0.81528721940275,,,,
base,moderate,1000,0,normalized_half_comb,40.0,3.0,0.0,3.0,step,0.0,0.0031777035588293,1.0965366810276498,6.90346331897064,0.9203314212874444,0.990035769034236,0.999001395541424,0.9982115482881962,0.998999866836346,0.9997445068983136,0.0,0.0,0.2367901613042496,,,,
base,moderate,1000,0,normalized_half_comb,44.0,3.0,0.0,3.0,step,0.0,0.0031777035588293,1.0965366810276498,6.90346331897064,0.9178064762389464,0.9902912621359224,0.999000122428772,0.9994890137966276,0.999000122428772,0.9994890137966276,0.0,0.0,0.0839161447856145,,,,
base,moderate,1000,1,classical_invA,,3.0,0.0,3.0,step,0.0,0.0031777035588293,0.7639320225002123,7.236067977499793,0.9203584886444648,0.9959246051961284,0.9203584886444648,0.9959246051961284,0.9990000853212984,1.0,0.0,0.0,1.0000000000000002,fixed-tau 0.350: eff 0.9857 far 0.5531,,,
base,moderate,1000,1,fitted_moment,40.0,3.0,0.0,3.0,step,0.0,0.0031777035588293,0.7639320225002123,7.236067977499793,0.9203584886444648,0.9959246051961284,0.9203584886444648,0.9959246051961284,0.9990000853212984,1.0,0.0007641365257259,0.0272542027508914,0.0532850278640096,mu=0.0646,,,
base,moderate,1000,1,fitted_moment,80.0,3.0,0.0,3.0,step,0.0,0.0031777035588293,0.7639320225002123,7.236067977499793,0.9203584886444648,0.9959246051961284,0.9203584886444648,0.9959246051961284,0.9990000853212984,1.0,0.0002547121752419,0.086602139582272,0.0483258935789907,mu=0.003,,,
base,moderate,1000,1,comb_prod,40.0,3.0,0.0,3.0,step,0.0,0.0031777035588293,0.7639320225002123,7.236067977499793,0.9205828408396168,0.9926133469179826,0.9990013569930988,0.99872643912379,0.9990008481202548,0.999235863474274,0.0,0.4146714212939378,0.2837525489340429,,,,
base,moderate,1000,1,comb_prod,44.0,3.0,0.0,3.0,step,0.0,0.0031777035588293,0.7639320225002123,7.236067977499793,0.9990069462821356,0.9931227712684666,0.9990049125280672,0.9951604686704024,0.9990008471023548,0.999235863474274,0.0,0.0,0.9371074197615328,,,,
base,moderate,1000,1,normalized_half_comb,40.0,3.0,0.0,3.0,step,0.0,0.0031777035588293,0.7639320225002123,7.236067977499793,0.9205138662316475,0.9928680590932246,0.9990016091411852,0.998471726948548,0.9990000853212984,1.0,0.0,0.0,0.2347524075480714,,,,
base,moderate,1000,1,normalized_half_comb,44.0,3.0,0.0,3.0,step,0.0,0.0031777035588293,0.7639320225002123,7.236067977499793,0.9183373878030366,0.9918492103922568,0.9204033818885606,0.9951604686704024,0.9990003397571372,0.999745287824758,0.0,0.0,0.0838470725401003,,,,
base,moderate,1000,2,classical_invA,,3.0,0.0,3.0,step,0.0,0.0031777035588293,0.632781834130051,7.3672181658698594,0.9189077197198856,0.9961822346653092,0.9189077197198856,0.9961822346653092,0.99900007558604,1.0,0.0005090353779587,0.0005090353779587,1.0,fixed-tau 0.350: eff 0.9878 far 0.6035,,,
base,moderate,1000,2,fitted_moment,40.0,3.0,0.0,3.0,step,0.0,0.0031777035588293,0.632781834130051,7.3672181658698594,0.9189077197198856,0.9961822346653092,0.9189077197198856,0.9961822346653092,0.99900007558604,1.0,0.0025451768897938,0.0025451768897938,0.0558648959794525,mu=0.139,,,
base,moderate,1000,2,fitted_moment,80.0,3.0,0.0,3.0,step,0.0,0.0031777035588293,0.632781834130051,7.3672181658698594,0.9189077197198856,0.9961822346653092,0.9189077197198856,0.9961822346653092,0.99900007558604,1.0,0.0027996945787732,0.0027996945787732,0.0567566179935269,mu=0.3,,,
base,moderate,1000,2,comb_prod,40.0,3.0,0.0,3.0,step,0.0,0.0031777035588293,0.632781834130051,7.3672181658698594,0.999008459398881,0.9916009162636804,0.9990049021928292,0.9951641639093916,0.9990000753315608,1.0,0.0,0.0,0.7434038128584345,,,,
base,moderate,1000,2,comb_prod,44.0,3.0,0.0,3.0,step,0.0,0.0031777035588293,0.632781834130051,7.3672181658698594,0.9990038862180508,0.9961822346653092,0.9990038862180508,0.9961822346653092,0.9990008370471096,0.9992364469330618,0.0,0.0,0.8931222513748962,,,,
base,moderate,1000,2,normalized_half_comb,40.0,3.0,0.0,3.0,step,0.0,0.0031777035588293,0.632781834130051,7.3672181658698594,0.9190181757822226,0.993382540086536,0.9189721272407004,0.9951641639093916,0.9990008365385374,0.9992364469330618,0.0015271061338763,0.0015271061338763,0.2383843698506661,,,,
base,moderate,1000,2,normalized_half_comb,44.0,3.0,0.0,3.0,step,0.0,0.0031777035588293,0.632781834130051,7.3672181658698594,0.9163786255608752,0.991346398574701,0.9189586917321284,0.9951641639093916,0.99900007558604,1.0,0.0012725884448969,0.0012725884448969,0.085216797773911,,,,
occ_a0.05,moderate,1000,0,classical_invA,,3.0,0.05,3.0,step,0.0,0.0031777035588293,1.1089328549640425,202.2001131091905,0.7428836838962245,0.990035769034236,0.914159779614325,0.9951456310679612,0.9986296632531464,0.9992335206949412,0.0,0.0,0.9999999999999998,fixed-tau 0.386: eff 0.0000 far 0.0000,,,
occ_a0.05,moderate,1000,0,fitted_moment,40.0,3.0,0.05,3.0,step,0.0,0.0031777035588293,1.1089328549640425,202.2001131091905,0.963524262248788,0.990035769034236,0.9929393509278543,0.9951456310679612,0.998487735032308,0.9992335206949412,0.005109862033725,0.005109862033725,0.1139413458172914,mu=1.39,,,
occ_a0.05,moderate,1000,0,fitted_moment,80.0,3.0,0.05,3.0,step,0.0,0.0031777035588293,1.1089328549640425,202.2001131091905,0.94606669635898,0.990035769034236,0.9958430009797498,0.9951456310679612,0.9989765785073116,0.9994890137966276,0.003065917220235,0.003065917220235,0.0798170078106134,mu=0.003,,,
occ_a0.05,moderate,1000,0,comb_prod,40.0,3.0,0.05,3.0,step,0.0,0.0031777035588293,1.1089328549640425,202.2001131091905,0.9986822166238628,0.990035769034236,0.9986754246207786,0.9951456310679612,0.999000370611765,0.9992335206949412,0.0012774655084312,0.0012774655084312,0.8688616523245128,,,,
occ_a0.05,moderate,1000,0,comb_prod,44.0,3.0,0.05,3.0,step,0.0,0.0031777035588293,1.1089328549640425,202.2001131091905,0.9990092506585608,0.990035769034236,0.9990041429697862,0.9951456310679612,0.9990003376512304,0.9992335206949412,0.0,0.0,0.9927815295031648,,,,
occ_a0.05,moderate,1000,1,classical_invA,,3.0,0.05,3.0,step,0.0,0.0031777035588293,0.7765464670749966,202.2027178285728,0.57472647702407,0.9900662251655628,0.8983319888625777,0.9951604686704024,0.9979345261098436,0.999235863474274,0.0002547121752419,0.0002547121752419,1.0000000000000002,fixed-tau 0.386: eff 0.0000 far 0.0000,,,
occ_a0.05,moderate,1000,1,fitted_moment,40.0,3.0,0.05,3.0,step,0.0,0.0031777035588293,0.7765464670749966,202.2027178285728,0.9426611594630476,0.9900662251655628,0.9932847954844676,0.9951604686704024,0.998707023272922,0.999235863474274,0.0022924095771777,0.0022924095771777,0.1023881170765506,mu=0.003,,,
occ_a0.05,moderate,1000,1,fitted_moment,80.0,3.0,0.05,3.0,step,0.0,0.0031777035588293,0.7765464670749966,202.2027178285728,0.7719298245614035,0.9900662251655628,0.9696336136543812,0.9951604686704024,0.9985822687097704,0.999235863474274,0.0033112582781456,0.0033112582781456,0.0800198068514465,mu=0.003,,,
occ_a0.05,moderate,1000,1,comb_prod,40.0,3.0,0.05,3.0,step,0.0,0.0031777035588293,0.7765464670749966,202.2027178285728,0.9990100079107678,0.9900662251655628,0.9990049193709624,0.9951604686704024,0.9990008483747296,0.999235863474274,0.0002547121752419,0.0002547121752419,0.9701672706857482,,,,
occ_a0.05,moderate,1000,1,comb_prod,44.0,3.0,0.05,3.0,step,0.0,0.0031777035588293,0.7765464670749966,202.2027178285728,0.9990099900082088,0.9900662251655628,0.9990049013764808,0.9951604686704024,0.999000848629204,0.999235863474274,0.0,0.0,0.9961083309159012,,,,
occ_a0.05,moderate,1000,2,classical_invA,,3.0,0.05,3.0,step,0.0,0.0031777035588293,0.6460265331558738,202.60022483620057,0.6560565870910698,0.990073810129804,0.8725221700573813,0.9951641639093916,0.9972060161034813,0.9992364469330618,0.0005090353779587,0.0005090353779587,1.0000000000000002,fixed-tau 0.386: eff 0.0000 far 0.0000,,,
occ_a0.05,moderate,1000,2,fitted_moment,40.0,3.0,0.05,3.0,step,0.0,0.0031777035588293,0.6460265331558738,202.60022483620057,0.926194361173301,0.990073810129804,0.986031324130441,0.9951641639093916,0.9962923823851332,0.9992364469330618,0.0015271061338763,0.0015271061338763,0.118880343979043,mu=0.646,,,
occ_a0.05,moderate,1000,2,fitted_moment,80.0,3.0,0.05,3.0,step,0.0,0.0031777035588293,0.6460265331558738,202.60022483620057,0.8336896109448483,0.990073810129804,0.9784898913491954,0.9951641639093916,0.9985406007401824,0.9992364469330618,0.005344871468567,0.005344871468567,0.0897120820810891,mu=0.003,,,
occ_a0.05,moderate,1000,2,comb_prod,40.0,3.0,0.05,3.0,step,0.0,0.0031777035588293,0.6460265331558738,202.60022483620057,0.9982734438802684,0.990073810129804,0.9990025947841064,0.9951641639093916,0.9990008057689596,0.9992364469330618,0.0002545176889793,0.0002545176889793,0.9513533669542338,,,,
occ_a0.05,moderate,1000,2,comb_prod,44.0,3.0,0.05,3.0,step,0.0,0.0031777035588293,0.6460265331558738,202.60022483620057,0.9990099632312052,0.990073810129804,0.9990049039655976,0.9951641639093916,0.9990008383185376,0.9992364469330618,0.0,0.0,0.9952577711023132,,,,
erf,moderate,1000,0,classical_invA,,3.0,0.0,3.0,erf,0.0,0.0031777035588293,-1.54414136881327,9.544141368813264,0.6547915924474528,0.9902912621359224,0.999000344294614,0.9992335206949412,0.999000344294614,0.9992335206949412,0.0012774655084312,0.0012774655084312,1.0000000000000002,fixed-tau 0.350: eff 0.9939 far 0.9159,,,
erf,moderate,1000,0,fitted_moment,40.0,3.0,0.0,3.0,erf,0.0,0.0031777035588293,-1.54414136881327,9.544141368813264,0.9645390070921984,0.990035769034236,0.978910721150462,0.9951456310679612,0.99899117633789,0.9997445068983136,0.0063873275421563,0.0063873275421563,0.568618589352194,mu=30,,,
erf,moderate,1000,0,fitted_moment,80.0,3.0,0.0,3.0,erf,0.0,0.0031777035588293,-1.54414136881327,9.544141368813264,0.9673406434103954,0.990035769034236,0.9774599648245856,0.9954011241696474,0.99898311778063,1.0,0.0035769034236075,0.0035769034236075,0.6571987109254883,mu=3,,,
erf,moderate,1000,0,comb_prod,40.0,3.0,0.0,3.0,erf,0.0,0.0031777035588293,-1.54414136881327,9.544141368813264,0.9990093897073672,0.990035769034236,0.999004358837766,0.9951456310679612,0.9990003491493384,0.9992335206949412,0.0,0.0,0.552767920881093,,,,
erf,moderate,1000,0,comb_prod,44.0,3.0,0.0,3.0,erf,0.0,0.0031777035588293,-1.54414136881327,9.544141368813264,0.9990095350463564,0.990035769034236,0.9990044445989394,0.9951456310679612,0.9990003754662338,0.9992335206949412,0.0,0.0,0.5519022925846881,,,,
erf,moderate,1000,0,normalized_half_comb,40.0,3.0,0.0,3.0,erf,0.0,0.0031777035588293,-1.54414136881327,9.544141368813264,0.9836417134197052,0.990035769034236,0.9989822183733928,0.9987225344915688,0.9989971036270692,0.9992335206949412,0.0,0.0,0.114329608948811,,,,
erf,moderate,1000,0,normalized_half_comb,44.0,3.0,0.0,3.0,erf,0.0,0.0031777035588293,-1.54414136881327,9.544141368813264,0.9813951478545604,0.990035769034236,0.985156928798988,0.9951456310679612,0.9989978587359756,1.0,0.0,0.0,0.0724653131043998,,,,
erf,moderate,1000,1,classical_invA,,3.0,0.0,3.0,erf,0.0,0.0031777035588293,-2.22078876490335,10.220788764889823,0.7770448548812665,0.9900662251655628,0.9829229807637672,0.9951604686704024,0.999000847611305,0.999235863474274,0.0007641365257259,0.0007641365257259,1.0,fixed-tau 0.350: eff 0.9929 far 0.9160,,,
erf,moderate,1000,1,fitted_moment,40.0,3.0,0.0,3.0,erf,0.0,0.0031777035588293,-2.22078876490335,10.220788764889823,0.9737380834949226,0.9900662251655628,0.977794954277043,0.9951604686704024,0.998997778148498,0.999235863474274,0.0043301069791136,0.0043301069791136,0.4271752850244219,mu=30,,,
erf,moderate,1000,1,fitted_moment,80.0,3.0,0.0,3.0,erf,0.0,0.0031777035588293,-2.22078876490335,10.220788764889823,0.9567149220489978,0.9900662251655628,0.9723182655519342,0.9951604686704024,0.9989931072095832,0.999745287824758,0.0033112582781456,0.0033112582781456,0.6016805018572481,mu=0.3,,,
erf,moderate,1000,1,comb_prod,40.0,3.0,0.0,3.0,erf,0.0,0.0031777035588293,-2.22078876490335,10.220788764889823,0.999009880813798,0.9900662251655628,0.9990048590488674,0.9951604686704024,0.9990008313246383,0.999235863474274,0.0,0.0,0.316805365677101,,,,
erf,moderate,1000,1,comb_prod,44.0,3.0,0.0,3.0,erf,0.0,0.0031777035588293,-2.22078876490335,10.220788764889823,0.9990096810240412,0.9900662251655628,0.9990047434533288,0.9951604686704024,0.9990008287797988,0.999235863474274,0.0,0.0,0.3498583810450935,,,,
erf,moderate,1000,1,normalized_half_comb,40.0,3.0,0.0,3.0,erf,0.0,0.0031777035588293,-2.22078876490335,10.220788764889823,0.9815666672989738,0.9900662251655628,0.984183530954858,0.9951604686704024,0.9989950727054524,0.999235863474274,0.0,0.0,0.0706111209689139,,,,
erf,moderate,1000,1,normalized_half_comb,44.0,3.0,0.0,3.0,erf,0.0,0.0031777035588293,-2.22078876490335,10.220788764889823,0.9790431746168604,0.9905756495160468,0.9837926857597984,0.9951604686704024,0.9989990012971658,0.999490575649516,0.0,0.0,0.0434830072430926,,,,
erf,moderate,1000,2,classical_invA,,3.0,0.0,3.0,erf,0.0,0.0031777035588293,-2.234605241202125,10.234605241199365,0.8030678884220118,0.990073810129804,0.9990020821132952,0.9979638584881648,0.9990008352671048,0.9992364469330618,0.0,0.0,0.9999999999999998,fixed-tau 0.350: eff 0.9924 far 0.9154,,,
erf,moderate,1000,2,fitted_moment,40.0,3.0,0.0,3.0,erf,0.0,0.0031777035588293,-2.234605241202125,10.234605241199365,0.9606370922043228,0.990073810129804,0.9729789498417436,0.9951641639093916,0.9989857601132932,1.0,0.0022906592008144,0.0022906592008144,0.3705743625455349,mu=0.3,,,
erf,moderate,1000,2,fitted_moment,80.0,3.0,0.0,3.0,erf,0.0,0.0031777035588293,-2.234605241202125,10.234605241199365,0.910605155539218,0.9903283278187834,0.960086971611731,0.9951641639093916,0.9989789345462732,0.9997454823110206,0.0012725884448969,0.0012725884448969,0.3773293480598653,mu=0.003,,,
erf,moderate,1000,2,comb_prod,40.0,3.0,0.0,3.0,erf,0.0,0.0031777035588293,-2.234605241202125,10.234605241199365,0.9990098778051766,0.990073810129804,0.999004831783484,0.9951641639093916,0.9990008271298594,0.9992364469330618,0.0,0.0,0.2044709494105608,,,,
erf,moderate,1000,2,comb_prod,44.0,3.0,0.0,3.0,erf,0.0,0.0031777035588293,-2.234605241202125,10.234605241199365,0.9990097106904148,0.990073810129804,0.9990047144968808,0.9951641639093916,0.9990007897476854,0.9992364469330618,0.0,0.0,0.2274248668470202,,,,
erf,moderate,1000,2,normalized_half_comb,40.0,3.0,0.0,3.0,erf,0.0,0.0031777035588293,-2.234605241202125,10.234605241199365,0.9832447472928852,0.990073810129804,0.9839728481191666,0.9951641639093916,0.9989822985794952,0.9992364469330618,0.0,0.0,0.04699931040178,,,,
erf,moderate,1000,2,normalized_half_comb,44.0,3.0,0.0,3.0,erf,0.0,0.0031777035588293,-2.234605241202125,10.234605241199365,0.982967571446072,0.9908373631967422,0.9846744796770274,0.9951641639093916,0.9989984234348518,0.9997454823110206,0.0,0.0,0.029554713449761,,,,
occ_a0.05,moderate,700,0,classical_invA,,3.0,0.05,3.0,step,0.0,0.0031777035588293,0.781732436510453,142.9001149623148,0.6394096529716793,0.9901423877327492,0.9532923256172576,0.995253742241694,0.9980782800711956,0.9992698064987222,0.0003650967506389,0.0003650967506389,1.0,fixed-tau 0.386: eff 0.0000 far 0.0000,,,
occ_a0.05,moderate,700,0,fitted_moment,40.0,3.0,0.05,3.0,step,0.0,0.0031777035588293,0.781732436510453,142.9001149623148,0.988509789134294,0.9901423877327492,0.9933157112661896,0.995253742241694,0.99842319181235,0.9992698064987222,0.0047462577583059,0.0047462577583059,0.0925505413331648,mu=0.003,,,
occ_a0.05,moderate,700,0,fitted_moment,80.0,3.0,0.05,3.0,step,0.0,0.0031777035588293,0.781732436510453,142.9001149623148,0.7228977214672525,0.9901423877327492,0.99113916644455,0.995253742241694,0.997122064626841,0.9992698064987222,0.02701715954728,0.02701715954728,0.0735505840748571,mu=0.003,,,
occ_a0.05,moderate,700,0,comb_prod,40.0,3.0,0.05,3.0,step,0.0,0.0031777035588293,0.781732436510453,142.9001149623148,0.8466410314408505,0.9901423877327492,0.9917159223861548,0.995253742241694,0.9985226886311256,0.9992698064987222,0.0,0.0,0.7905890678219414,,,,
occ_a0.05,moderate,700,0,comb_prod,44.0,3.0,0.05,3.0,step,0.0,0.0031777035588293,0.781732436510453,142.9001149623148,0.9985855853835478,0.9901423877327492,0.9985783194233588,0.995253742241694,0.9985726243217096,0.9992698064987222,0.0,0.0,0.9536476137344964,,,,
occ_a0.05,moderate,700,1,classical_invA,,3.0,0.05,3.0,step,0.0,0.0031777035588293,1.2545314012168176,143.00023537025388,0.5314059542247461,0.9901818181818182,0.716255442670537,0.9952727272727272,0.9957646906513408,0.9992727272727272,0.0007272727272727,0.0007272727272727,1.0,fixed-tau 0.386: eff 0.0000 far 0.0000,,,
occ_a0.05,moderate,700,1,fitted_moment,40.0,3.0,0.05,3.0,step,0.0,0.0031777035588293,1.2545314012168176,143.00023537025388,0.9871386737200076,0.9901818181818182,0.993428271637842,0.9952727272727272,0.9979286296845156,0.9992727272727272,0.0087272727272727,0.0087272727272727,0.0867747833346911,mu=0.003,,,
occ_a0.05,moderate,700,1,fitted_moment,80.0,3.0,0.05,3.0,step,0.0,0.0031777035588293,1.2545314012168176,143.00023537025388,0.727754449110178,0.9901818181818182,0.9028123002627654,0.9952727272727272,0.9963178543864164,0.9992727272727272,0.0221818181818181,0.0221818181818181,0.0731571026991764,mu=0.003,,,
occ_a0.05,moderate,700,1,comb_prod,40.0,3.0,0.05,3.0,step,0.0,0.0031777035588293,1.2545314012168176,143.00023537025388,0.9971799040980976,0.9901818181818182,0.997165445989163,0.9952727272727272,0.9978938106544976,0.9992727272727272,0.0003636363636363,0.0003636363636363,0.8039245202576671,,,,
occ_a0.05,moderate,700,1,comb_prod,44.0,3.0,0.05,3.0,step,0.0,0.0031777035588293,1.2545314012168176,143.00023537025388,0.9985774691593432,0.9901818181818182,0.9985706646278923,0.9952727272727272,0.998572058807482,0.9992727272727272,0.0,0.0,0.9871356282461404,,,,
occ_a0.05,moderate,700,2,classical_invA,,3.0,0.05,3.0,step,0.0,0.0031777035588293,0.6124026116299589,143.30034760915973,0.2522522522522522,0.990238611713666,0.5863260706235913,0.99530007230658,0.931596010592224,0.9992769342010124,0.0,0.0,1.0,fixed-tau 0.386: eff 0.0000 far 0.0000,,,
occ_a0.05,moderate,700,2,fitted_moment,40.0,3.0,0.05,3.0,step,0.0,0.0031777035588293,0.6124026116299589,143.30034760915973,0.3634673483616081,0.990238611713666,0.9877336422572236,0.99530007230658,0.998358570412222,0.9992769342010124,0.0057845263919016,0.0057845263919016,0.0973637313095786,mu=0.003,,,
occ_a0.05,moderate,700,2,fitted_moment,80.0,3.0,0.05,3.0,step,0.0,0.0031777035588293,0.6124026116299589,143.30034760915973,0.5462226640159046,0.990238611713666,0.8283023574903331,0.99530007230658,0.9920737110460464,0.9992769342010124,0.0133767172812725,0.0133767172812725,0.0794526071373957,mu=0.003,,,
occ_a0.05,moderate,700,2,comb_prod,40.0,3.0,0.05,3.0,step,0.0,0.0031777035588293,0.6124026116299589,143.30034760915973,0.8580534825870647,0.990238611713666,0.8575936271466997,0.99530007230658,0.9985724983860556,0.9992769342010124,0.0010845986984815,0.0010845986984815,0.7669972684235143,,,,
occ_a0.05,moderate,700,2,comb_prod,44.0,3.0,0.05,3.0,step,0.0,0.0031777035588293,0.6124026116299589,143.30034760915973,0.9985853931383044,0.990238611713666,0.998578172861746,0.99530007230658,0.9985725013350522,0.9992769342010124,0.0,0.0,0.9932206250367968,,,,
occ0.05_fork0.5,clean,400,0,classical_invA,,3.0,0.05,3.0,step,0.5,0.0004247940677551,2.2636876151122043,84.00495572268268,0.0012602394454946,0.990625,0.001254705144291,0.995,0.0012492192379762,0.999375,0.50125,1.0,1.0000000000000002,fixed-tau 0.386,0.0,0.0,0.3857142857142857
occ0.05_fork0.5,clean,400,0,fitted_moment,40.0,3.0,0.05,3.0,step,0.5,0.0004247940677551,2.2636876151122043,84.00495572268268,0.0,0.995,0.0,0.995,0.000625,0.999375,0.999375,1.0,0.0853604740084675,mu=0.003,,,
occ0.05_fork0.5,clean,400,0,comb_prod,40.0,3.0,0.05,3.0,step,0.5,0.0004247940677551,2.2636876151122043,84.00495572268268,0.0434782608695652,0.99,0.0432692307692307,0.995,0.0430879712746858,0.999375,0.5,0.5,0.8672653299131916,,,,
occ0.05_fork0.5,moderate,400,0,classical_invA,,3.0,0.05,3.0,step,0.5,0.0031777035588293,1.7318455627628817,83.31091629460023,0.2234468937875751,0.9904153354632588,0.9674235771337766,0.9955271565495208,0.9946876443574902,0.9993610223642172,0.0012779552715654,0.0012779552715654,1.0,fixed-tau 0.386,0.0,0.0,0.3857142857142857
occ0.05_fork0.5,moderate,400,0,fitted_moment,40.0,3.0,0.05,3.0,step,0.5,0.0031777035588293,1.7318455627628817,83.31091629460023,0.7297297297297297,0.9904153354632588,0.9286825963563125,0.9955271565495208,0.963542273712674,0.9993610223642172,0.0287539936102236,0.949520766773163,0.1040236021791313,mu=1.39,,,
occ0.05_fork0.5,moderate,400,0,comb_prod,40.0,3.0,0.05,3.0,step,0.5,0.0031777035588293,1.7318455627628817,83.31091629460023,0.6593406593406593,0.9904153354632588,0.9936063165324732,0.9955271565495208,0.9964716127256568,0.9993610223642172,0.0006389776357827,0.0006389776357827,0.8181881573039949,,,,
occ0.05_fork0.5,heavy,400,0,classical_invA,,3.0,0.05,3.0,step,0.5,0.0063126685373225,1.5545226171015991,83.41226807193449,0.7942864771058603,0.9903598971722364,0.9938654680105344,0.9955012853470436,0.9973437329178966,0.9993573264781492,0.0012853470437017,0.0012853470437017,1.0,fixed-tau 0.386,0.0,0.0,0.3857142857142857
occ0.05_fork0.5,heavy,400,0,fitted_moment,40.0,3.0,0.05,3.0,step,0.5,0.0063126685373225,1.5545226171015991,83.41226807193449,0.941973867530218,0.9903598971722364,0.980764215728886,0.9955012853470436,0.9956936540245642,0.9993573264781492,0.0147814910025706,0.0147814910025706,0.1582577698462205,mu=0.3,,,
occ0.05_fork0.5,heavy,400,0,comb_prod,40.0,3.0,0.05,3.0,step,0.5,0.0063126685373225,1.5545226171015991,83.41226807193449,0.9966338497967422,0.9903598971722364,0.9966760369949142,0.9955012853470436,0.9972537467371686,0.9993573264781492,0.0025706940874035,0.0025706940874035,0.8764161245880315,,,,
occ_a0.05,clean,400,0,classical_invA,,3.0,0.05,3.0,step,0.0,0.0004247940677551889,2.1610671655096354,84.00424690558003,0.001260239445494644,0.990625,0.0012547051442910915,0.995,0.0012492192379762648,0.999375,0.5,1.0,1.0,fixed-tau 0.386,0.0,0.0,0.3857142857142857
occ_a0.05,clean,400,0,fitted_moment,40.0,3.0,0.05,3.0,step,0.0,0.0004247940677551889,2.1610671655096354,84.00424690558003,0.0,0.99,0.0,0.995,0.000625,0.999375,0.999375,1.0,0.08298328763228925,mu=0.003,,,
occ_a0.05,clean,400,0,comb_prod,40.0,3.0,0.05,3.0,step,0.0,0.0004247940677551889,2.1610671655096354,84.00424690558003,0.04232164449818621,0.99,0.0421179302045728,0.995,0.04308797127468582,0.999375,0.5,0.5,0.8593262976022629,,,,
occ_a0.05,clean,400,1,classical_invA,,3.0,0.05,3.0,step,0.0,0.0004247940677551889,2.1610736619460513,84.00423778012816,0.0012610340479192938,0.99,0.0012547051442910915,0.995,0.0012492192379762648,0.999375,0.5,1.0,0.9999999999999998,fixed-tau 0.386,0.0,0.0,0.3857142857142857
occ_a0.05,clean,400,1,fitted_moment,40.0,3.0,0.05,3.0,step,0.0,0.0004247940677551889,2.1610736619460513,84.00423778012816,0.0,0.991875,0.0,0.995,0.0012484394506866417,1.0,0.99875,1.0,0.08277664867635433,mu=0.003,,,
occ_a0.05,clean,400,1,comb_prod,40.0,3.0,0.05,3.0,step,0.0,0.0004247940677551889,2.1610736619460513,84.00423778012816,0.038834951456310676,0.99,0.03864734299516908,0.995,0.03963963963963964,0.999375,0.5,0.5,0.8596287247221353,,,,
occ_a0.05,clean,400,2,classical_invA,,3.0,0.05,3.0,step,0.0,0.0004247940677551889,2.385930641736385,84.00419947397533,0.0,0.99125,0.0,0.996875,0.0,0.999375,1.0,1.0,1.0,fixed-tau 0.386,0.0,0.0,0.3857142857142857
occ_a0.05,clean,400,2,fitted_moment,40.0,3.0,0.05,3.0,step,0.0,0.0004247940677551889,2.385930641736385,84.00419947397533,0.0,0.99,0.0,0.995625,0.0,0.999375,1.0,1.0,0.08215730271225699,mu=0.003,,,
occ_a0.05,clean,400,2,comb_prod,40.0,3.0,0.05,3.0,step,0.0,0.0004247940677551889,2.385930641736385,84.00419947397533,0.02702702702702703,0.99,0.02689486552567237,0.995,0.02678027997565429,0.999375,0.5,0.5,0.8657324106673415,,,,
occ_a0.05,clean,400,3,classical_invA,,3.0,0.05,3.0,step,0.0,0.0004247940677551889,2.3859304174812332,84.00423542934581,0.0,0.99375,0.0,0.995,0.0,0.999375,1.0,1.0,0.9999999999999998,fixed-tau 0.386,0.0,0.0,0.3857142857142857
occ_a0.05,clean,400,3,fitted_moment,40.0,3.0,0.05,3.0,step,0.0,0.0004247940677551889,2.3859304174812332,84.00423542934581,0.0,0.991875,0.0,0.995,0.0,1.0,1.0,1.0,0.0823058611707324,mu=0.003,,,
occ_a0.05,clean,400,3,comb_prod,40.0,3.0,0.05,3.0,step,0.0,0.0004247940677551889,2.3859304174812332,84.00423542934581,0.038834951456310676,0.99,0.03864734299516908,0.995,0.03848466626578473,0.999375,0.5,0.5,0.864959290287459,,,,
occ_a0.05,clean,400,4,classical_invA,,3.0,0.05,3.0,step,0.0,0.0004247940677551889,2.1610736619460447,84.00420956061996,0.0012610340479192938,0.99,0.0012547051442910915,0.995,0.0012492192379762648,0.999375,0.499375,0.999375,1.0,fixed-tau 0.386,0.0,0.0,0.3857142857142857
occ_a0.05,clean,400,4,fitted_moment,40.0,3.0,0.05,3.0,step,0.0,0.0004247940677551889,2.1610736619460447,84.00420956061996,0.0,0.990625,0.0,0.995625,0.0012492192379762648,0.999375,0.998125,1.0,0.08284572011916111,mu=0.003,,,
occ_a0.05,clean,400,4,comb_prod,40.0,3.0,0.05,3.0,step,0.0,0.0004247940677551889,2.1610736619460447,84.00420956061996,0.02822085889570552,0.99,0.028083028083028084,0.995,0.029143897996357013,0.999375,0.5,0.5,0.8606130583186574,,,,
fork_b0.5,clean,400,0,classical_invA,,3.0,0.0,3.0,step,0.5,0.0004247940677551889,2.255355714094962,6.000000000000001,0.0,0.99875,0.0,0.99875,0.0012484394506866417,1.0,0.99875,1.0,1.0,fixed-tau 0.350,0.99875,0.0,0.35
fork_b0.5,clean,400,0,fitted_moment,40.0,3.0,0.0,3.0,step,0.5,0.0004247940677551889,2.255355714094962,6.000000000000001,0.0,0.9975,0.0,0.9975,0.0012484394506866417,1.0,0.99875,1.0,0.08215064445835808,mu=0.003,,,
fork_b0.5,clean,400,0,comb_prod,40.0,3.0,0.0,3.0,step,0.5,0.0004247940677551889,2.255355714094962,6.000000000000001,0.0,0.995,0.0,0.995,0.0012484394506866417,1.0,0.99875,1.0,0.27783036824096485,,,,
fork_b0.5,clean,400,0,normalized_half_comb,40.0,3.0,0.0,3.0,step,0.5,0.0004247940677551889,2.255355714094962,6.000000000000001,0.0,0.995,0.0,0.995,0.0012484394506866417,1.0,0.9975,1.0,0.1901172296001345,,,,
fork_b0.5,clean,400,1,classical_invA,,3.0,0.0,3.0,step,0.5,0.0004247940677551889,2.2553557140949576,6.000000000000001,0.0,0.99875,0.0,0.99875,0.0012484394506866417,1.0,0.99875,1.0,1.0,fixed-tau 0.350,0.99875,0.0,0.35
fork_b0.5,clean,400,1,fitted_moment,40.0,3.0,0.0,3.0,step,0.5,0.0004247940677551889,2.2553557140949576,6.000000000000001,0.0,0.9975,0.0,0.9975,0.0012484394506866417,1.0,0.99875,1.0,0.08214691793160413,mu=0.003,,,
fork_b0.5,clean,400,1,comb_prod,40.0,3.0,0.0,3.0,step,0.5,0.0004247940677551889,2.2553557140949576,6.000000000000001,0.0,0.995,0.0,0.995,0.0012484394506866417,1.0,0.99875,1.0,0.27786226147070114,,,,
fork_b0.5,clean,400,1,normalized_half_comb,40.0,3.0,0.0,3.0,step,0.5,0.0004247940677551889,2.2553557140949576,6.000000000000001,0.0,0.995,0.0,0.995,0.0012484394506866417,1.0,0.9975,1.0,0.19010523178596847,,,,
fork_b0.5,clean,400,2,classical_invA,,3.0,0.0,3.0,step,0.5,0.0004247940677551889,2.381966011250104,5.618033988749895,0.0,1.0,0.0,1.0,0.0,1.0,1.0,1.0,1.0,fixed-tau 0.350,1.0,0.0,0.35
fork_b0.5,clean,400,2,fitted_moment,40.0,3.0,0.0,3.0,step,0.5,0.0004247940677551889,2.381966011250104,5.618033988749895,0.0,1.0,0.0,1.0,0.0,1.0,1.0,1.0,0.08214419994320639,mu=0.003,,,
fork_b0.5,clean,400,2,comb_prod,40.0,3.0,0.0,3.0,step,0.5,0.0004247940677551889,2.381966011250104,5.618033988749895,0.0,1.0,0.0,1.0,0.0,1.0,1.0,1.0,0.08845062486947368,,,,
fork_b0.5,clean,400,2,normalized_half_comb,40.0,3.0,0.0,3.0,step,0.5,0.0004247940677551889,2.381966011250104,5.618033988749895,0.0,1.0,0.0,1.0,0.0,1.0,1.0,1.0,0.1896826185677595,,,,
fork_b0.5,clean,400,3,classical_invA,,3.0,0.0,3.0,step,0.5,0.0004247940677551889,2.3819660112501047,5.618033988749896,0.0,1.0,0.0,1.0,0.0,1.0,1.0,1.0,1.0,fixed-tau 0.350,1.0,0.0,0.35
fork_b0.5,clean,400,3,fitted_moment,40.0,3.0,0.0,3.0,step,0.5,0.0004247940677551889,2.3819660112501047,5.618033988749896,0.0,1.0,0.0,1.0,0.0,1.0,1.0,1.0,0.08214302583026542,mu=0.003,,,
fork_b0.5,clean,400,3,comb_prod,40.0,3.0,0.0,3.0,step,0.5,0.0004247940677551889,2.3819660112501047,5.618033988749896,0.0,1.0,0.0,1.0,0.0,1.0,1.0,1.0,0.08845868200083298,,,,
fork_b0.5,clean,400,3,normalized_half_comb,40.0,3.0,0.0,3.0,step,0.5,0.0004247940677551889,2.3819660112501047,5.618033988749896,0.0,1.0,0.0,1.0,0.0,1.0,1.0,1.0,0.1896903326963778,,,,
fork_b0.5,clean,400,4,classical_invA,,3.0,0.0,3.0,step,0.5,0.0004247940677551889,2.2553557140949607,6.000000000000002,0.0,0.996875,0.0,0.996875,0.0012492192379762648,0.999375,0.998125,0.999375,1.0,fixed-tau 0.350,0.998125,0.0,0.35
fork_b0.5,clean,400,4,fitted_moment,40.0,3.0,0.0,3.0,step,0.5,0.0004247940677551889,2.2553557140949607,6.000000000000002,0.0,0.995625,0.0,0.995625,0.0012492192379762648,0.999375,0.998125,0.999375,0.08211321328340736,mu=0.003,,,
fork_b0.5,clean,400,4,comb_prod,40.0,3.0,0.0,3.0,step,0.5,0.0004247940677551889,2.2553557140949607,6.000000000000002,0.0,0.9925,0.0,0.995,0.33291614518147683,0.999375,0.99625,0.9975,0.2780019986283264,,,,
fork_b0.5,clean,400,4,normalized_half_comb,40.0,3.0,0.0,3.0,step,0.5,0.0004247940677551889,2.2553557140949607,6.000000000000002,0.0,0.9925,0.0,0.995,0.029143897996357013,0.999375,0.995,0.9975,0.19013954415733603,,,,
occ0.05_fork0.5,clean,400,1,classical_invA,,3.0,0.05,3.0,step,0.5,0.0004247940677551889,2.2637160381128387,84.00491356327278,0.0012610340479192938,0.99,0.0012539184952978057,0.995625,0.0012492192379762648,0.999375,0.50125,1.0,0.9999999999999998,fixed-tau 0.386,0.0,0.0,0.3857142857142857
occ0.05_fork0.5,clean,400,1,fitted_moment,40.0,3.0,0.05,3.0,step,0.5,0.0004247940677551889,2.2637160381128387,84.00491356327278,0.0,0.993125,0.0,0.995,0.0012484394506866417,1.0,0.99875,1.0,0.08410132422055444,mu=0.003,,,
occ0.05_fork0.5,clean,400,1,comb_prod,40.0,3.0,0.05,3.0,step,0.5,0.0004247940677551889,2.2637160381128387,84.00491356327278,0.04,0.99,0.039806996381182146,0.995,0.03963963963963964,0.999375,0.5,0.5,0.8677878613411582,,,,
occ0.05_fork0.5,clean,400,2,classical_invA,,3.0,0.05,3.0,step,0.5,0.0004247940677551889,2.3859306417041566,84.00419947397535,0.0,0.99125,0.0,0.996875,0.0,0.999375,1.0,1.0,1.0,fixed-tau 0.386,0.0,0.0,0.3857142857142857
occ0.05_fork0.5,clean,400,2,fitted_moment,40.0,3.0,0.05,3.0,step,0.5,0.0004247940677551889,2.3859306417041566,84.00419947397535,0.0,0.99,0.0,0.995625,0.0,0.999375,1.0,1.0,0.08215730271225699,mu=0.003,,,
occ0.05_fork0.5,clean,400,2,comb_prod,40.0,3.0,0.05,3.0,step,0.5,0.0004247940677551889,2.3859306417041566,84.00419947397535,0.02702702702702703,0.99,0.02689486552567237,0.995,0.02678027997565429,0.999375,0.5,0.5,0.8657324106703971,,,,
occ0.05_fork0.5,clean,400,3,classical_invA,,3.0,0.05,3.0,step,0.5,0.0004247940677551889,2.3859304174826073,84.00423542934591,0.0,0.99375,0.0,0.995,0.0,0.999375,1.0,1.0,0.9999999999999998,fixed-tau 0.386,0.0,0.0,0.3857142857142857
occ0.05_fork0.5,clean,400,3,fitted_moment,40.0,3.0,0.05,3.0,step,0.5,0.0004247940677551889,2.3859304174826073,84.00423542934591,0.0,0.991875,0.0,0.995,0.0,1.0,1.0,1.0,0.08232027316365066,mu=0.003,,,
occ0.05_fork0.5,clean,400,3,comb_prod,40.0,3.0,0.05,3.0,step,0.5,0.0004247940677551889,2.3859304174826073,84.00423542934591,0.038834951456310676,0.99,0.03864734299516908,0.995,0.03848466626578473,0.999375,0.5,0.5,0.8649592902869224,,,,
occ0.05_fork0.5,clean,400,4,classical_invA,,3.0,0.05,3.0,step,0.5,0.0004247940677551889,2.2637160381118187,84.00488691750805,0.0012610340479192938,0.99,0.0012547051442910915,0.995,0.0012492192379762648,0.999375,0.500625,0.999375,1.0000000000000002,fixed-tau 0.386,0.0,0.0,0.3857142857142857
occ0.05_fork0.5,clean,400,4,fitted_moment,40.0,3.0,0.05,3.0,step,0.5,0.0004247940677551889,2.2637160381118187,84.00488691750805,0.0,0.991875,0.0,0.995,0.0012492192379762648,0.999375,0.998125,1.0,0.08418273834155106,mu=0.003,,,
occ0.05_fork0.5,clean,400,4,comb_prod,40.0,3.0,0.05,3.0,step,0.5,0.0004247940677551889,2.2637160381118187,84.00488691750805,0.029411764705882353,0.99,0.02926829268292683,0.995,0.029143897996357013,0.999375,0.500625,0.500625,0.8686318730415531,,,,
occ_a0.10,moderate,400,0,classical_invA,,3.0,0.1,3.0,step,0.0,0.0031777035588293387,0.9520315903102379,162.60018405847188,0.20756646216768918,0.9904153354632588,0.8402870322911328,0.9955271565495207,0.9921257860368639,0.9993610223642172,0.0012779552715654952,0.0012779552715654952,1.0,fixed-tau 0.418,0.0,0.0,0.4181818181818181
occ_a0.10,moderate,400,0,fitted_moment,40.0,3.0,0.1,3.0,step,0.0,0.0031777035588293387,0.9520315903102379,162.60018405847188,0.1004062681369704,0.9904153354632588,0.8851286588512866,0.9955271565495207,0.9166089042921888,0.9993610223642172,0.0012779552715654952,0.48881789137380194,0.10172832704106159,mu=1.39,,,
occ_a0.10,moderate,400,0,comb_prod,40.0,3.0,0.1,3.0,step,0.0,0.0031777035588293387,0.9520315903102379,162.60018405847188,0.6588157605106758,0.9904153354632588,0.9939547733234002,0.9955271565495207,0.9969917870400646,0.9993610223642172,0.0,0.0,0.8348452400534495,,,,
occ_a0.10,moderate,400,1,classical_invA,,3.0,0.1,3.0,step,0.0,0.0031777035588293387,1.5887391662549943,163.00047614882956,0.343207786711807,0.990427568602425,0.5678670360110804,0.9955328653477984,0.9926625278200774,0.9993618379068283,0.0019144862795149968,0.0019144862795149968,1.0,fixed-tau 0.418,0.0,0.0,0.4181818181818181
occ_a0.10,moderate,400,1,fitted_moment,40.0,3.0,0.1,3.0,step,0.0,0.0031777035588293387,1.5887391662549943,163.00047614882956,0.6912057302029447,0.990427568602425,0.8833034111310593,0.9955328653477984,0.9723960444906665,0.9993618379068283,0.021059349074664963,0.48500319081046583,0.10258468020501475,mu=0.0139,,,
occ_a0.10,moderate,400,1,comb_prod,40.0,3.0,0.1,3.0,step,0.0,0.0031777035588293387,1.5887391662549943,163.00047614882956,0.9950415018626317,0.990427568602425,0.9955386507278291,0.9955328653477984,0.9966730825610891,0.9993618379068283,0.0,0.0,0.7844794119920974,,,,
occ_a0.10,moderate,400,2,classical_invA,,3.0,0.1,3.0,step,0.0,0.0031777035588293387,0.7952205261302261,163.00013086534324,0.3219895287958115,0.9904397705544933,0.511875,0.9955385595920969,0.9886542886499472,0.9993626513702996,0.0,0.0,1.0,fixed-tau 0.418,0.0,0.0,0.4181818181818181
occ_a0.10,moderate,400,2,fitted_moment,40.0,3.0,0.1,3.0,step,0.0,0.0031777035588293387,0.7952205261302261,163.00013086534324,0.24305893813930832,0.9904397705544933,0.5994871794871794,0.9955385595920969,0.8974694304583797,0.9993626513702996,0.014021669853409816,0.48502230720203954,0.09979338115509366,mu=0.139,,,
occ_a0.10,moderate,400,2,comb_prod,40.0,3.0,0.1,3.0,step,0.0,0.0031777035588293387,0.7952205261302261,163.00013086534324,0.6479383778885365,0.9904397705544933,0.9900403614035311,0.9955385595920969,0.9950396699862073,0.9993626513702996,0.015296367112810707,0.015296367112810707,0.8415746461134855,,,,
occ_a0.10,moderate,400,3,classical_invA,,3.0,0.1,3.0,step,0.0,0.0031777035588293387,1.301289239192811,163.2002509023768,0.10356731875719218,0.9904640813731723,0.2933212996389892,0.9955499046408137,0.9894164220504672,0.9993642720915448,0.003178639542275906,0.003178639542275906,0.9999999999999999,fixed-tau 0.418,0.0,0.0,0.4181818181818181
occ_a0.10,moderate,400,3,fitted_moment,40.0,3.0,0.1,3.0,step,0.0,0.0031777035588293387,1.301289239192811,163.2002509023768,0.3246640658864326,0.9904640813731723,0.8372479733943047,0.9955499046408137,0.9624597014925373,0.9993642720915448,0.01589319771137953,0.49777495232040686,0.09977336749159292,mu=0.139,,,
occ_a0.10,moderate,400,3,comb_prod,40.0,3.0,0.1,3.0,step,0.0,0.0031777035588293387,1.301289239192811,163.2002509023768,0.9901594820780041,0.9904640813731723,0.9950183075606567,0.9955499046408137,0.9950169746189031,0.9993642720915448,0.0,0.0,0.8391824587512791,,,,
occ_a0.10,moderate,400,4,classical_invA,,3.0,0.1,3.0,step,0.0,0.0031777035588293387,1.2978226600723297,162.2003844191692,0.5107663077897403,0.9903846153846154,0.9857878890485299,0.9955128205128205,0.9966770893946079,0.9993589743589744,0.003205128205128205,0.003205128205128205,0.9999999999999999,fixed-tau 0.418,0.0,0.0,0.4181818181818181
occ_a0.10,moderate,400,4,fitted_moment,40.0,3.0,0.1,3.0,step,0.0,0.0031777035588293387,1.2978226600723297,162.2003844191692,0.9083086053412462,0.9903846153846154,0.9576180989547799,0.9955128205128205,0.9908678206367337,0.9993589743589744,0.003205128205128205,0.47307692307692306,0.1046082554650451,mu=0.03,,,
occ_a0.10,moderate,400,4,comb_prod,40.0,3.0,0.1,3.0,step,0.0,0.0031777035588293387,1.2978226600723297,162.2003844191692,0.9967103512152538,0.9903846153846154,0.9967902081714314,0.9955128205128205,0.9975019708632702,0.9993589743589744,0.0,0.0,0.8189870540368198,,,,
fork_b0.5,moderate,400,0,classical_invA,,3.0,0.0,3.0,step,0.5,0.0031777035588293387,1.7177945439293187,8.162529203414369,0.6440055121727147,0.9904153354632588,0.9973836956594424,1.0,0.9973836956594424,1.0,0.0012779552715654952,0.48562300319488816,1.0000000000000002,fixed-tau 0.350,0.9648562300319489,0.05625,0.35
fork_b0.5,moderate,400,0,fitted_moment,40.0,3.0,0.0,3.0,step,0.5,0.0031777035588293387,1.7177945439293187,8.162529203414369,0.6682292776475602,0.994888178913738,0.9975002875068683,1.0,0.9975002875068683,1.0,0.936741214057508,0.9539936102236422,0.08263057389765785,mu=0.3,,,
fork_b0.5,moderate,400,0,comb_prod,40.0,3.0,0.0,3.0,step,0.5,0.0031777035588293387,1.7177945439293187,8.162529203414369,0.951909695376527,0.9936102236421726,0.9975031510138357,0.9987220447284345,0.9975016892350601,0.9993610223642172,0.9431309904153354,0.9431309904153354,0.4391623526422424,,,,
fork_b0.5,moderate,400,0,normalized_half_comb,40.0,3.0,0.0,3.0,step,0.5,0.0031777035588293387,1.7177945439293187,8.162529203414369,0.9519577895029159,0.994888178913738,0.9975001277889948,1.0,0.9975001277889948,1.0,0.0006389776357827476,0.9105431309904153,0.20325709194541908,,,,
fork_b0.5,moderate,400,1,classical_invA,,3.0,0.0,3.0,step,0.5,0.0031777035588293387,1.8548840877262778,7.151020482647519,0.6506186726659168,0.9910657306955967,0.665164198325821,0.9955328653477984,0.997285298487152,0.9993618379068283,0.028079132099553285,0.4862795149968092,1.0,fixed-tau 0.350,0.9572431397574984,0.08592321755027423,0.35
fork_b0.5,moderate,400,1,fitted_moment,40.0,3.0,0.0,3.0,step,0.5,0.0031777035588293387,1.8548840877262778,7.151020482647519,0.7335038363171356,0.9974473516273133,0.7335038363171356,0.9974473516273133,0.9975002512510708,1.0,0.9189534141671984,0.9374601148691768,0.08256838474953852,mu=0.139,,,
fork_b0.5,moderate,400,1,comb_prod,40.0,3.0,0.0,3.0,step,0.5,0.0031777035588293387,1.8548840877262778,7.151020482647519,0.9974889932868677,0.9987236758136566,0.9974889932868677,0.9987236758136566,0.9974874331546513,0.9993618379068283,0.8864071474154436,0.8927887683471601,0.5513351617554856,,,,
fork_b0.5,moderate,400,1,normalized_half_comb,40.0,3.0,0.0,3.0,step,0.5,0.0031777035588293387,1.8548840877262778,7.151020482647519,0.9714515774833468,0.9955328653477984,0.9714515774833468,0.9955328653477984,0.9975018425107919,0.9993618379068283,0.41608168474792595,0.8781110402042118,0.21290455192193822,,,,
fork_b0.5,moderate,400,2,classical_invA,,3.0,0.0,3.0,step,0.5,0.0031777035588293387,1.763932022500211,8.23606797749809,0.6324947096167411,0.9961759082217974,0.6324947096167411,0.9961759082217974,0.9973565075572883,1.0,0.0012746972594008922,0.0012746972594008922,1.0,fixed-tau 0.350,0.9694072657743786,0.06572481572481573,0.35
fork_b0.5,moderate,400,2,fitted_moment,40.0,3.0,0.0,3.0,step,0.5,0.0031777035588293387,1.763932022500211,8.23606797749809,0.708969110532192,0.9968132568514978,0.708969110532192,0.9968132568514978,0.9974986449000415,1.0,0.9235181644359465,0.947100063734863,0.0830479344789173,mu=0.3,,,
fork_b0.5,moderate,400,2,comb_prod,40.0,3.0,0.0,3.0,step,0.5,0.0031777035588293387,1.763932022500211,8.23606797749809,0.9584797189396359,0.994263862332696,0.997502664887947,0.9974506054811982,0.9975000318873484,0.9993626513702996,0.9165073295092415,0.9254302103250478,0.45863465589961866,,,,
fork_b0.5,moderate,400,2,normalized_half_comb,40.0,3.0,0.0,3.0,step,0.5,0.0031777035588293387,1.763932022500211,8.23606797749809,0.959181529247984,0.9904397705544933,0.9589802769618129,0.9968132568514978,0.9975000837025546,0.9993626513702996,0.4461440407903123,0.9120458891013384,0.205157824624563,,,,
fork_b0.5,moderate,400,3,classical_invA,,3.0,0.0,3.0,step,0.5,0.0031777035588293387,1.7884222176794118,7.549185076239096,0.643507972665148,0.9949141767323586,0.6516129032258065,0.9955499046408137,0.9973832832891114,1.0,0.020343293070565798,0.4869675778766688,0.9999999999999998,fixed-tau 0.350,0.9802924348378894,0.07609346914319952,0.35
fork_b0.5,moderate,400,3,fitted_moment,40.0,3.0,0.0,3.0,step,0.5,0.0031777035588293387,1.7884222176794118,7.549185076239096,0.6997703788748565,0.9974570883661793,0.6997703788748565,0.9974570883661793,0.9974986085712014,1.0,0.013350286077558804,0.954227590591227,0.08218419291921795,mu=0.139,,,
fork_b0.5,moderate,400,3,comb_prod,40.0,3.0,0.0,3.0,step,0.5,0.0031777035588293387,1.7884222176794118,7.549185076239096,0.9975102753079397,0.9904640813731723,0.9975003301600839,0.9987285441830897,0.9974972872694179,1.0,0.22568340750158933,0.9224411951684679,0.6413857869627698,,,,
fork_b0.5,moderate,400,3,normalized_half_comb,40.0,3.0,0.0,3.0,step,0.5,0.0031777035588293387,1.7884222176794118,7.549185076239096,0.6950934579439252,0.9955499046408137,0.6950934579439252,0.9955499046408137,0.9975000477090132,0.9993642720915448,0.003814367450731087,0.9205340114431023,0.2016850875485307,,,,
fork_b0.5,moderate,400,4,classical_invA,,3.0,0.0,3.0,step,0.5,0.0031777035588293387,1.8616660234093036,7.652498367832261,0.6605887521968365,0.9903846153846154,0.9972497240008832,0.9980769230769231,0.9974697012949939,1.0,0.03141025641025641,0.03141025641025641,0.9999999999999998,fixed-tau 0.350,0.9564102564102565,0.07558859975216853,0.35
fork_b0.5,moderate,400,4,fitted_moment,40.0,3.0,0.0,3.0,step,0.5,0.0031777035588293387,1.8616660234093036,7.652498367832261,0.8242582698647266,0.9910256410256411,0.9975003765458409,1.0,0.9975003765458409,1.0,0.023076923076923078,0.9262820512820513,0.08456681628092255,mu=0.3,,,
fork_b0.5,moderate,400,4,comb_prod,40.0,3.0,0.0,3.0,step,0.5,0.0031777035588293387,1.8616660234093036,7.652498367832261,0.9974884733378723,0.9955128205128205,0.9974884733378723,0.9955128205128205,0.9975003765458409,1.0,0.0,0.8846153846153846,0.5987624405718467,,,,
fork_b0.5,moderate,400,4,normalized_half_comb,40.0,3.0,0.0,3.0,step,0.5,0.0031777035588293387,1.8616660234093036,7.652498367832261,0.9752594158339739,0.9903846153846154,0.997503293153126,0.9987179487179487,0.9975016946490755,0.9993589743589744,0.003205128205128205,0.42628205128205127,0.21374918532362522,,,,
occ0.05_fork0.5,moderate,400,1,classical_invA,,3.0,0.05,3.0,step,0.5,0.0031777035588293387,1.8656184681370944,83.53882956777213,0.34707614640302903,0.990427568602425,0.568941696601271,0.9955328653477984,0.9923873043960157,0.9993618379068283,0.015315890236119975,0.015315890236119975,1.0,fixed-tau 0.386,0.0,0.0,0.3857142857142857
occ0.05_fork0.5,moderate,400,1,fitted_moment,40.0,3.0,0.05,3.0,step,0.5,0.0031777035588293387,1.8656184681370944,83.53882956777213,0.9441867155752148,0.990427568602425,0.9887912514280377,0.9955328653477984,0.9970392218031253,0.9993618379068283,0.017868538608806637,0.5067007019783025,0.10720228948243134,mu=0.646,,,
occ0.05_fork0.5,moderate,400,1,comb_prod,40.0,3.0,0.05,3.0,step,0.5,0.0031777035588293387,1.8656184681370944,83.53882956777213,0.995034203840813,0.990427568602425,0.9950176140120024,0.9955328653477984,0.9952700396579689,0.9993618379068283,0.007657945118059987,0.007657945118059987,0.743277325608348,,,,
occ0.05_fork0.5,moderate,400,2,classical_invA,,3.0,0.05,3.0,step,0.5,0.0031777035588293387,1.7897203997939353,83.5164745514695,0.2933151432469304,0.9904397705544933,0.5171561051004637,0.9955385595920969,0.9811579225648297,0.9993626513702996,0.0012746972594008922,0.0012746972594008922,1.0,fixed-tau 0.386,0.0,0.0,0.3857142857142857
occ0.05_fork0.5,moderate,400,2,fitted_moment,40.0,3.0,0.05,3.0,step,0.5,0.0031777035588293387,1.7897203997939353,83.5164745514695,0.867020366250214,0.9904397705544933,0.9244351990711625,0.9955385595920969,0.9793963444279463,0.9993626513702996,0.018483110261312937,0.49203314212874444,0.10139925144901404,mu=0.646,,,
occ0.05_fork0.5,moderate,400,2,comb_prod,40.0,3.0,0.05,3.0,step,0.5,0.0031777035588293387,1.7897203997939353,83.5164745514695,0.9851882916972464,0.9904397705544933,0.9900361047676154,0.9955385595920969,0.9950653339711473,0.9993626513702996,0.010197578075207138,0.010197578075207138,0.8405072917301352,,,,
occ0.05_fork0.5,moderate,400,3,classical_invA,,3.0,0.05,3.0,step,0.5,0.0031777035588293387,1.7967386687890878,83.62010497038672,0.1261918115535614,0.9904640813731723,0.32847341337907376,0.9955499046408137,0.9892805269725672,0.9993642720915448,0.007628734901462174,0.007628734901462174,1.0,fixed-tau 0.386,0.0,0.0,0.3857142857142857
occ0.05_fork0.5,moderate,400,3,fitted_moment,40.0,3.0,0.05,3.0,step,0.5,0.0031777035588293387,1.7967386687890878,83.62010497038672,0.8585693536673928,0.9904640813731723,0.923080701409696,0.9955499046408137,0.9747615836624602,0.9993642720915448,0.017164653528289893,0.4907819453273999,0.09838003452026631,mu=0.139,,,
occ0.05_fork0.5,moderate,400,3,comb_prod,40.0,3.0,0.05,3.0,step,0.5,0.0031777035588293387,1.7967386687890878,83.62010497038672,0.5772048846675712,0.9904640813731723,0.990073718172195,0.9955499046408137,0.9913408467462075,0.9993642720915448,0.0006357279084551812,0.0006357279084551812,0.8211296081801582,,,,
occ0.05_fork0.5,moderate,400,4,classical_invA,,3.0,0.05,3.0,step,0.5,0.0031777035588293387,1.8707037140398104,83.19641419137061,0.5250537964955426,0.9903846153846154,0.9902247120287027,0.9955128205128205,0.9972632366132949,0.9993589743589744,0.026923076923076925,0.026923076923076925,1.0,fixed-tau 0.386,0.0,0.0,0.3857142857142857
occ0.05_fork0.5,moderate,400,4,fitted_moment,40.0,3.0,0.05,3.0,step,0.5,0.0031777035588293387,1.8707037140398104,83.19641419137061,0.954326425636326,0.9903846153846154,0.985736197727711,0.9955128205128205,0.9898303979125896,0.9993589743589744,0.035256410256410256,0.4814102564102564,0.10249802407475637,mu=0.003,,,
occ0.05_fork0.5,moderate,400,4,comb_prod,40.0,3.0,0.05,3.0,step,0.5,0.0031777035588293387,1.8707037140398104,83.19641419137061,0.9902046561168594,0.9903846153846154,0.996314228076421,0.9955128205128205,0.9972445607027343,0.9993589743589744,0.008333333333333333,0.008333333333333333,0.7387413265620735,,,,
base,heavy,400,0,classical_invA,,3.0,0.0,3.0,step,0.0,0.006312668537322595,0.7592080574173842,7.240791942582422,0.8760848601735777,0.9910025706940874,0.9975004899425242,1.0,0.9975004899425242,1.0,0.0,0.0,1.0,fixed-tau 0.350,0.980719794344473,0.5765815760266371,0.35
base,heavy,400,0,fitted_moment,40.0,3.0,0.0,3.0,step,0.0,0.006312668537322595,0.7592080574173842,7.240791942582422,0.8760848601735777,0.9910025706940874,0.9975004899425242,1.0,0.9975004899425242,1.0,0.012210796915167094,0.012210796915167094,0.08650034720600085,mu=0.003,,,
base,heavy,400,0,comb_prod,40.0,3.0,0.0,3.0,step,0.0,0.006312668537322595,0.7592080574173842,7.240791942582422,0.9975116785647735,0.9955012853470437,0.9975116785647735,0.9955012853470437,0.9975020882863201,0.9993573264781491,0.0006426735218508997,0.0006426735218508997,0.22228451858947196,,,,
base,heavy,400,0,normalized_half_comb,40.0,3.0,0.0,3.0,step,0.0,0.006312668537322595,0.7592080574173842,7.240791942582422,0.9975052649672054,0.9980719794344473,0.9975052649672054,0.9980719794344473,0.9975004899425242,1.0,0.0,0.0,0.20663778866613394,,,,
base,heavy,400,1,classical_invA,,3.0,0.0,3.0,step,0.0,0.006312668537322595,0.4242872495655992,7.575712750433513,0.8695872801082544,0.9910025706940874,0.9975004899425242,1.0,0.9975004899425242,1.0,0.0,0.0,1.0,fixed-tau 0.350,0.9794344473007712,0.5339449541284403,0.35
base,heavy,400,1,fitted_moment,40.0,3.0,0.0,3.0,step,0.0,0.006312668537322595,0.4242872495655992,7.575712750433513,0.8695872801082544,0.9910025706940874,0.9975004899425242,1.0,0.9975004899425242,1.0,0.07647814910025708,0.07647814910025708,0.0856645353957876,mu=0.003,,,
base,heavy,400,1,comb_prod,40.0,3.0,0.0,3.0,step,0.0,0.006312668537322595,0.4242872495655992,7.575712750433513,0.9975164618738344,0.993573264781491,0.9975100801593548,0.9961439588688946,0.9975020882863201,0.9993573264781491,0.0,0.0,0.8461087570557096,,,,
base,heavy,400,1,normalized_half_comb,40.0,3.0,0.0,3.0,step,0.0,0.006312668537322595,0.4242872495655992,7.575712750433513,0.997505280997245,0.9980719794344473,0.997505280997245,0.9980719794344473,0.9975020922988943,0.9993573264781491,0.0019280205655526992,0.0019280205655526992,0.21084071858466252,,,,
base,heavy,400,2,classical_invA,,3.0,0.0,3.0,step,0.0,0.006312668537322595,0.670317546954911,7.3296824530450895,0.5988729508196722,0.9930247305009512,0.8760636621493855,0.9974635383639823,0.9975001188909849,1.0,0.0,0.0,0.9999999999999998,fixed-tau 0.350,0.9930247305009512,0.5988729508196722,0.35
base,heavy,400,2,fitted_moment,40.0,3.0,0.0,3.0,step,0.0,0.006312668537322595,0.670317546954911,7.3296824530450895,0.5988729508196722,0.9930247305009512,0.8760636621493855,0.9974635383639823,0.9975001070023952,1.0,0.04819277108433735,0.04819277108433735,0.08861256441342956,mu=0.0139,,,
base,heavy,400,2,comb_prod,40.0,3.0,0.0,3.0,step,0.0,0.006312668537322595,0.670317546954911,7.3296824530450895,0.9975238146570515,0.9904882688649335,0.9975111640935486,0.9955611921369689,0.9975001070023952,1.0,0.0,0.0,0.49470712284844787,,,,
base,heavy,400,2,normalized_half_comb,40.0,3.0,0.0,3.0,step,0.0,0.006312668537322595,0.670317546954911,7.3296824530450895,0.8763432364096081,0.9923906150919467,0.8762024917205488,0.9955611921369689,0.9975001188909849,1.0,0.0025364616360177552,0.0025364616360177552,0.20750219498794473,,,,
base,heavy,400,3,classical_invA,,3.0,0.0,3.0,step,0.0,0.006312668537322595,0.5358983848622462,7.464101615137755,0.8770203232517203,0.9916129032258064,0.9974990359186848,1.0,0.9974990359186848,1.0,0.0,0.0,1.0,fixed-tau 0.350,0.9812903225806452,0.5693657984144961,0.35
base,heavy,400,3,fitted_moment,40.0,3.0,0.0,3.0,step,0.0,0.006312668537322595,0.5358983848622462,7.464101615137755,0.8770203232517203,0.9916129032258064,0.9974990359186848,1.0,0.9974990359186848,1.0,0.003870967741935484,0.003870967741935484,0.09056394679811758,mu=0.139,,,
base,heavy,400,3,comb_prod,40.0,3.0,0.0,3.0,step,0.0,0.006312668537322595,0.5358983848622462,7.464101615137755,0.9975086286323759,0.9961290322580645,0.9975086286323759,0.9961290322580645,0.9975006373455445,0.9993548387096775,0.0,0.16322580645161291,0.7953350050658692,,,,
base,heavy,400,3,normalized_half_comb,40.0,3.0,0.0,3.0,step,0.0,0.006312668537322595,0.5358983848622462,7.464101615137755,0.9975038483011001,0.9980645161290322,0.9975038483011001,0.9980645161290322,0.9975006413783423,0.9993548387096775,0.004516129032258065,0.004516129032258065,0.20795787901457924,,,,
base,heavy,400,4,classical_invA,,3.0,0.0,3.0,step,0.0,0.006312668537322595,0.8361882257492782,7.163811774236152,0.8843960601347849,0.9936346276257161,0.9975002108351778,1.0,0.9975002108351778,1.0,0.0,0.0,1.0,fixed-tau 0.350,0.9872692552514322,0.6245461147421931,0.35
base,heavy,400,4,fitted_moment,40.0,3.0,0.0,3.0,step,0.0,0.006312668537322595,0.8361882257492782,7.163811774236152,0.8843960601347849,0.9936346276257161,0.9975002108351778,1.0,0.9975002108351778,1.0,0.0076384468491406746,0.0076384468491406746,0.0871905936914895,mu=0.0139,,,
base,heavy,400,4,comb_prod,40.0,3.0,0.0,3.0,step,0.0,0.006312668537322595,0.8361882257492782,7.163811774236152,0.9975144605249548,0.9942711648631445,0.9975112898965371,0.9955442393380013,0.9975017940937321,0.9993634627625716,0.0,0.0,0.5954867189229566,,,,
base,heavy,400,4,normalized_half_comb,40.0,3.0,0.0,3.0,step,0.0,0.006312668537322595,0.8361882257492782,7.163811774236152,0.8846296433602728,0.9904519414385742,0.9975049606410723,0.9980903882877148,0.9975017901185457,0.9993634627625716,0.0019096117122851686,0.0019096117122851686,0.20802680002948196,,,,
occ_a0.05,heavy,400,0,classical_invA,,3.0,0.05,3.0,step,0.0,0.006312668537322595,0.7939467754830103,83.2022815075693,0.7797627554666285,0.9903598971722365,0.992794745606609,0.9955012853470437,0.9969015263220818,0.9993573264781491,0.0,0.0,1.0,fixed-tau 0.386,0.0,0.0,0.3857142857142857
occ_a0.05,heavy,400,0,fitted_moment,40.0,3.0,0.05,3.0,step,0.0,0.006312668537322595,0.7939467754830103,83.2022815075693,0.9852315418232002,0.9903598971722365,0.9936032970481838,0.9955012853470437,0.9958715754652111,0.9993573264781491,0.007069408740359897,0.007069408740359897,0.14288317408402612,mu=0.003,,,
occ_a0.05,heavy,400,0,comb_prod,40.0,3.0,0.05,3.0,step,0.0,0.006312668537322595,0.7939467754830103,83.2022815075693,0.9967164140940628,0.9903598971722365,0.99699387324586,0.9955012853470437,0.997409490427609,0.9993573264781491,0.0,0.0,0.8481021989311718,,,,
occ_a0.05,heavy,400,1,classical_invA,,3.0,0.05,3.0,step,0.0,0.006312668537322595,0.46019846276759874,83.20037125682894,0.8562634082641545,0.9903598971722365,0.9872413679493938,0.9955012853470437,0.9957746517144589,0.9993573264781491,0.0,0.0,1.0,fixed-tau 0.386,0.0,0.0,0.3857142857142857
occ_a0.05,heavy,400,1,fitted_moment,40.0,3.0,0.05,3.0,step,0.0,0.006312668537322595,0.46019846276759874,83.20037125682894,0.9849790427916951,0.9903598971722365,0.9946277580861085,0.9955012853470437,0.9971673555487952,0.9993573264781491,0.008997429305912597,0.008997429305912597,0.14329962844193317,mu=0.003,,,
occ_a0.05,heavy,400,1,comb_prod,40.0,3.0,0.05,3.0,step,0.0,0.006312668537322595,0.46019846276759874,83.20037125682894,0.9975243468677606,0.9903598971722365,0.9975116425889841,0.9955012853470437,0.997502084273733,0.9993573264781491,0.0,0.0,0.8749142792840618,,,,
occ_a0.05,heavy,400,2,classical_invA,,3.0,0.05,3.0,step,0.0,0.006312668537322595,0.7018807928838778,83.51647782198229,0.4525061338941465,0.9904882688649335,0.7125595020139143,0.9955611921369689,0.9495809072877344,0.9993658845909955,0.0,0.0,1.0,fixed-tau 0.386,0.0,0.0,0.3857142857142857
occ_a0.05,heavy,400,2,fitted_moment,40.0,3.0,0.05,3.0,step,0.0,0.006312668537322595,0.7018807928838778,83.51647782198229,0.5515360321561872,0.9904882688649335,0.9250059708621925,0.9955611921369689,0.9943955477320816,0.9993658845909955,0.0025364616360177552,0.0025364616360177552,0.14069449870962464,mu=0.003,,,
occ_a0.05,heavy,400,2,comb_prod,40.0,3.0,0.05,3.0,step,0.0,0.006312668537322595,0.7018807928838778,83.51647782198229,0.9916084667454604,0.9904882688649335,0.9951498300895891,0.9955611921369689,0.9970482303429185,0.9993658845909955,0.0,0.0,0.5716530654063843,,,,
occ_a0.05,heavy,400,3,classical_invA,,3.0,0.05,3.0,step,0.0,0.006312668537322595,0.5696490652487743,82.90583264263178,0.7923149776755514,0.9903225806451613,0.9862733411025808,0.9954838709677419,0.9968613863392296,0.9993548387096775,0.0,0.0,0.9999999999999998,fixed-tau 0.386,0.0,0.0,0.3857142857142857
occ_a0.05,heavy,400,3,fitted_moment,40.0,3.0,0.05,3.0,step,0.0,0.006312668537322595,0.5696490652487743,82.90583264263178,0.9851320199143759,0.9903225806451613,0.9950614043791228,0.9954838709677419,0.9966022878074995,0.9993548387096775,0.0,0.0,0.1303014006102848,mu=0.003,,,
occ_a0.05,heavy,400,3,comb_prod,40.0,3.0,0.05,3.0,step,0.0,0.006312668537322595,0.5696490652487743,82.90583264263178,0.9967723757417227,0.9903225806451613,0.9968622841676512,0.9954838709677419,0.9970881488221007,0.9993548387096775,0.0,0.0,0.8041742977762032,,,,
occ_a0.05,heavy,400,4,classical_invA,,3.0,0.05,3.0,step,0.0,0.006312668537322595,0.8652419141040602,83.50270051171829,0.7120651369356032,0.9904519414385742,0.9672076152136537,0.9955442393380013,0.995971931805062,0.9993634627625716,0.0,0.0,1.0,fixed-tau 0.386,0.0,0.0,0.3857142857142857
occ_a0.05,heavy,400,4,fitted_moment,40.0,3.0,0.05,3.0,step,0.0,0.006312668537322595,0.8652419141040602,83.50270051171829,0.9416354088522131,0.9904519414385742,0.9939999846546922,0.9955442393380013,0.9961422312646355,0.9993634627625716,0.011457670273711012,0.011457670273711012,0.14100526636520588,mu=0.003,,,
occ_a0.05,heavy,400,4,comb_prod,40.0,3.0,0.05,3.0,step,0.0,0.006312668537322595,0.8652419141040602,83.50270051171829,0.9951016502024189,0.9904519414385742,0.9965305968526923,0.9955442393380013,0.9973169410393521,0.9993634627625716,0.0,0.0,0.6373520652407877,,,,
fork_b0.5,heavy,400,0,classical_invA,,3.0,0.0,3.0,step,0.5,0.006312668537322595,1.5444218844691164,8.776382042852326,0.8740086665031478,0.9903598971722365,0.9969759830001207,0.9987146529562982,0.9974313781523432,0.9993573264781491,0.0012853470437017994,0.0012853470437017994,0.9999999999999998,fixed-tau 0.350,0.9376606683804627,0.4384141647421093,0.35
fork_b0.5,heavy,400,0,fitted_moment,40.0,3.0,0.0,3.0,step,0.5,0.006312668537322595,1.5444218844691164,8.776382042852326,0.9237987061089437,0.9916452442159382,0.9975002891696333,1.0,0.9975002891696333,1.0,0.006426735218508998,0.006426735218508998,0.10328129555356509,mu=3,,,
fork_b0.5,heavy,400,0,comb_prod,40.0,3.0,0.0,3.0,step,0.5,0.006312668537322595,1.5444218844691164,8.776382042852326,0.9975018434949129,0.9993573264781491,0.9975018434949129,0.9993573264781491,0.9975018434949129,0.9993573264781491,0.0,0.0,0.5674451965268157,,,,
fork_b0.5,heavy,400,0,normalized_half_comb,40.0,3.0,0.0,3.0,step,0.5,0.006312668537322595,1.5444218844691164,8.776382042852326,0.9975065391052157,0.9967866323907455,0.9975065391052157,0.9967866323907455,0.9975019719160598,0.9993573264781491,0.0,0.0,0.1977127794880984,,,,
fork_b0.5,heavy,400,1,classical_invA,,3.0,0.0,3.0,step,0.5,0.006312668537322595,1.3517570571484046,8.7066343858461,0.8688287368062649,0.9903598971722365,0.9969855285987069,0.9993573264781491,0.9969855285987069,0.9993573264781491,0.0,0.0,0.9999999999999998,fixed-tau 0.350,0.9350899742930592,0.3962655601659751,0.35
fork_b0.5,heavy,400,1,fitted_moment,40.0,3.0,0.0,3.0,step,0.5,0.006312668537322595,1.3517570571484046,8.7066343858461,0.9191257403427853,0.9916452442159382,0.9975004899425242,1.0,0.9975004899425242,1.0,0.012210796915167094,0.012210796915167094,0.09645975989202492,mu=1.39,,,
fork_b0.5,heavy,400,1,comb_prod,40.0,3.0,0.0,3.0,step,0.5,0.006312668537322595,1.3517570571484046,8.7066343858461,0.9975082909608833,0.9961439588688946,0.9975082909608833,0.9961439588688946,0.9975020240833794,0.9993573264781491,0.0,0.0,0.620864537509648,,,,
fork_b0.5,heavy,400,1,normalized_half_comb,40.0,3.0,0.0,3.0,step,0.5,0.006312668537322595,1.3517570571484046,8.7066343858461,0.9975050798631652,0.9974293059125964,0.9975050798631652,0.9974293059125964,0.997502084273733,0.9993573264781491,0.0,0.0,0.23410405616083335,,,,
fork_b0.5,heavy,400,2,classical_invA,,3.0,0.0,3.0,step,0.5,0.006312668537322595,1.667050661494624,8.41873845697513,0.8664043790626069,0.9904882688649335,0.8707393380536802,0.9955611921369689,0.9968421474198522,1.0,0.0,0.0,1.0,fixed-tau 0.350,0.9315155358275206,0.45309009679821294,0.35
fork_b0.5,heavy,400,2,fitted_moment,40.0,3.0,0.0,3.0,step,0.5,0.006312668537322595,1.667050661494624,8.41873845697513,0.7046700699565135,0.9904882688649335,0.9461670088980151,0.9974635383639823,0.997500110965271,1.0,0.0,0.0,0.09033265546763877,mu=0.003,,,
fork_b0.5,heavy,400,2,comb_prod,40.0,3.0,0.0,3.0,step,0.5,0.006312668537322595,1.667050661494624,8.41873845697513,0.9890419800202043,0.9904882688649335,0.9890242794124844,0.9955611921369689,0.997501616973786,0.9993658845909955,0.0,0.0,0.4218348488610074,,,,
fork_b0.5,heavy,400,2,normalized_half_comb,40.0,3.0,0.0,3.0,step,0.5,0.006312668537322595,1.667050661494624,8.41873845697513,0.989062947416942,0.9930247305009512,0.9975070140026152,0.9961953075459734,0.997500003963215,1.0,0.0,0.0,0.2068626098794619,,,,
fork_b0.5,heavy,400,3,classical_invA,,3.0,0.0,3.0,step,0.5,0.006312668537322595,1.6249898780803642,8.57691919880365,0.8740151017728168,0.9903225806451613,0.9969488819465661,0.9987096774193548,0.997425066783694,0.9993548387096775,0.0006451612903225806,0.0006451612903225806,1.0,fixed-tau 0.350,0.9148387096774193,0.4314354450681636,0.35
fork_b0.5,heavy,400,3,fitted_moment,40.0,3.0,0.0,3.0,step,0.5,0.006312668537322595,1.6249898780803642,8.57691919880365,0.9348517623107265,0.9909677419354839,0.9974990197771062,1.0,0.9974990197771062,1.0,0.0025806451612903226,0.0025806451612903226,0.11691806379197683,mu=6.46,,,
fork_b0.5,heavy,400,3,comb_prod,40.0,3.0,0.0,3.0,step,0.5,0.006312668537322595,1.6249898780803642,8.57691919880365,0.9975082251194177,0.9948387096774194,0.9975066333571413,0.9954838709677419,0.9974990359186848,1.0,0.0,0.0,0.4321847384855997,,,,
fork_b0.5,heavy,400,3,normalized_half_comb,40.0,3.0,0.0,3.0,step,0.5,0.006312668537322595,1.6249898780803642,8.57691919880365,0.9975089456636753,0.9948387096774194,0.9975092294107867,0.9954838709677419,0.9975005687859929,0.9993548387096775,0.0006451612903225806,0.0006451612903225806,0.204022759002394,,,,
fork_b0.5,heavy,400,4,classical_invA,,3.0,0.0,3.0,step,0.5,0.006312668537322595,1.6524606862956048,8.153595522630551,0.8748391248391248,0.9904519414385742,0.9968427868740373,0.9993634627625716,0.9968427868740373,0.9993634627625716,0.0038192234245703373,0.0038192234245703373,1.0,fixed-tau 0.350,0.9318905155951623,0.4925476603119584,0.35
fork_b0.5,heavy,400,4,fitted_moment,40.0,3.0,0.0,3.0,step,0.5,0.006312668537322595,1.6524606862956048,8.153595522630551,0.9512659611001842,0.9936346276257161,0.9975002108351778,1.0,0.9975002108351778,1.0,0.022278803309993635,0.022278803309993635,0.13190430419186008,mu=13.9,,,
fork_b0.5,heavy,400,4,comb_prod,40.0,3.0,0.0,3.0,step,0.5,0.006312668537322595,1.6524606862956048,8.153595522630551,0.9975201754511704,0.9910884786760026,0.9975091218061733,0.9955442393380013,0.9975002108351778,1.0,0.0,0.0,0.5189892627198702,,,,
fork_b0.5,heavy,400,4,normalized_half_comb,40.0,3.0,0.0,3.0,step,0.5,0.006312668537322595,1.6524606862956048,8.153595522630551,0.9891839288196858,0.9904519414385742,0.9975074378691062,0.9961807765754297,0.9975016470034086,0.9993634627625716,0.0,0.0,0.21782044666768136,,,,
occ0.05_fork0.5,heavy,400,1,classical_invA,,3.0,0.05,3.0,step,0.5,0.006312668537322595,1.3792803208614932,83.2603135811437,0.8489807918463348,0.9903598971722365,0.9884389180797707,0.9955012853470437,0.9949539364163538,0.9993573264781491,0.0,0.0,1.0,fixed-tau 0.386,0.0,0.0,0.3857142857142857
occ0.05_fork0.5,heavy,400,1,fitted_moment,40.0,3.0,0.05,3.0,step,0.5,0.006312668537322595,1.3792803208614932,83.2603135811437,0.9705680125291264,0.9903598971722365,0.9802988871224165,0.9955012853470437,0.9874484417502765,0.9993573264781491,0.015424164524421594,0.015424164524421594,0.15058764521447535,mu=0.646,,,
occ0.05_fork0.5,heavy,400,1,comb_prod,40.0,3.0,0.05,3.0,step,0.5,0.006312668537322595,1.3792803208614932,83.2603135811437,0.995494797529009,0.9903598971722365,0.996632637977061,0.9955012853470437,0.9970347854939037,0.9993573264781491,0.0006426735218508997,0.0006426735218508997,0.839448518625532,,,,
occ0.05_fork0.5,heavy,400,2,classical_invA,,3.0,0.05,3.0,step,0.5,0.006312668537322595,1.6764121680803814,83.6648715161283,0.4926924326079896,0.9904882688649335,0.7517394054395952,0.9955611921369689,0.9898959461971958,0.9993658845909955,0.0,0.0,1.0,fixed-tau 0.386,0.0,0.0,0.3857142857142857
occ0.05_fork0.5,heavy,400,2,fitted_moment,40.0,3.0,0.05,3.0,step,0.5,0.006312668537322595,1.6764121680803814,83.6648715161283,0.3769445552453131,0.9904882688649335,0.9190638210124755,0.9955611921369689,0.9808696074385181,0.9993658845909955,0.024730500951173115,0.024730500951173115,0.16591902895536512,mu=1.39,,,
occ0.05_fork0.5,heavy,400,2,comb_prod,40.0,3.0,0.05,3.0,step,0.5,0.006312668537322595,1.6764121680803814,83.6648715161283,0.9195508858673259,0.9904882688649335,0.9611010629072619,0.9955611921369689,0.9968712714827116,0.9993658845909955,0.0006341154090044388,0.0006341154090044388,0.7479985718267105,,,,
occ0.05_fork0.5,heavy,400,3,classical_invA,,3.0,0.05,3.0,step,0.5,0.006312668537322595,1.6537024106890286,83.15007597327775,0.8261608154020385,0.9903225806451613,0.9897366653141858,0.9954838709677419,0.9971823299893587,0.9993548387096775,0.0012903225806451613,0.0012903225806451613,1.0000000000000002,fixed-tau 0.386,0.0,0.0,0.3857142857142857
occ0.05_fork0.5,heavy,400,3,fitted_moment,40.0,3.0,0.05,3.0,step,0.5,0.006312668537322595,1.6537024106890286,83.15007597327775,0.9618529287507145,0.9903225806451613,0.9829921850027006,0.9954838709677419,0.9917065100416013,0.9993548387096775,0.013548387096774193,0.013548387096774193,0.16283994193609477,mu=1.39,,,
occ0.05_fork0.5,heavy,400,3,comb_prod,40.0,3.0,0.05,3.0,step,0.5,0.006312668537322595,1.6537024106890286,83.15007597327775,0.9950990878237076,0.9903225806451613,0.9963461301658568,0.9954838709677419,0.9971073816855618,0.9993548387096775,0.0,0.0,0.8605662635216671,,,,
occ0.05_fork0.5,heavy,400,4,classical_invA,,3.0,0.05,3.0,step,0.5,0.006312668537322595,1.667702794505813,83.76617523313881,0.715018315018315,0.9904519414385742,0.9828273401043096,0.9955442393380013,0.9965984552220212,0.9993634627625716,0.004455760661998727,0.004455760661998727,1.0,fixed-tau 0.386,0.0,0.0,0.3857142857142857
occ0.05_fork0.5,heavy,400,4,fitted_moment,40.0,3.0,0.05,3.0,step,0.5,0.006312668537322595,1.667702794505813,83.76617523313881,0.9639213503988129,0.9904519414385742,0.981359649122807,0.9955442393380013,0.9871076877596938,0.9993634627625716,0.032463399108847865,0.032463399108847865,0.19356813598691802,mu=6.46,,,
occ0.05_fork0.5,heavy,400,4,comb_prod,40.0,3.0,0.05,3.0,step,0.5,0.006312668537322595,1.667702794505813,83.76617523313881,0.9966553314790055,0.9904519414385742,0.9966636659570202,0.9955442393380013,0.9972614782435785,0.9993634627625716,0.002546148949713558,0.002546148949713558,0.8767506086197556,,,,
erf,heavy,400,0,classical_invA,,3.0,0.0,3.0,erf,0.0,0.006312668537322595,-2.2150955905539274,10.215095590554789,0.9975146598120331,0.9942159383033419,0.9975116026146646,0.9955012853470437,0.9975020762485202,0.9993573264781491,0.004498714652956298,0.004498714652956298,1.0,fixed-tau 0.350,0.9813624678663239,0.8754892367906066,0.35
erf,heavy,400,0,fitted_moment,40.0,3.0,0.0,3.0,erf,0.0,0.006312668537322595,-2.2150955905539274,10.215095590554789,0.9491821659411687,0.9903598971722365,0.9974501542853303,1.0,0.9974501542853303,1.0,0.009640102827763496,0.009640102827763496,0.6724804419141064,mu=6.46,,,
erf,heavy,400,0,comb_prod,40.0,3.0,0.0,3.0,erf,0.0,0.006312668537322595,-2.2150955905539274,10.215095590554789,0.9975242235685562,0.9903598971722365,0.9975114946775867,0.9955012853470437,0.9975019719160598,0.9993573264781491,0.0,0.0,0.6240573837380666,,,,
erf,heavy,400,0,normalized_half_comb,40.0,3.0,0.0,3.0,erf,0.0,0.006312668537322595,-2.2150955905539274,10.215095590554789,0.9686073989569752,0.9903598971722365,0.9974192712141556,0.9980719794344473,0.9974937504935941,0.9993573264781491,0.0,0.0,0.17398367591462946,,,,
erf,heavy,400,1,classical_invA,,3.0,0.0,3.0,erf,0.0,0.006312668537322595,-2.672708761846089,10.672708761844577,0.9975210501878893,0.9916452442159382,0.9975116305968231,0.9955012853470437,0.9975020762485202,0.9993573264781491,0.005141388174807198,0.005141388174807198,1.0,fixed-tau 0.350,0.9813624678663239,0.8673673238947277,0.35
erf,heavy,400,1,fitted_moment,40.0,3.0,0.0,3.0,erf,0.0,0.006312668537322595,-2.672708761846089,10.672708761844577,0.9537736981041517,0.9903598971722365,0.997457358463434,1.0,0.997457358463434,1.0,0.015424164524421594,0.015424164524421594,0.6496758418416131,mu=3,,,
erf,heavy,400,1,comb_prod,40.0,3.0,0.0,3.0,erf,0.0,0.006312668537322595,-2.672708761846089,10.672708761844577,0.9975244025472468,0.9903598971722365,0.9975116545810294,0.9955012853470437,0.9975020882863201,0.9993573264781491,0.0,0.0,0.34590835504950296,,,,
erf,heavy,400,1,normalized_half_comb,40.0,3.0,0.0,3.0,erf,0.0,0.006312668537322595,-2.672708761846089,10.672708761844577,0.9696246944729165,0.9903598971722365,0.9974289273796071,0.9987146529562982,0.997463464923227,0.9993573264781491,0.0,0.0,0.16390586864538909,,,,
erf,heavy,400,2,classical_invA,,3.0,0.0,3.0,erf,0.0,0.006312668537322595,-2.3688043787871718,10.368804378761476,0.7981651376146789,0.9904882688649335,0.9975076696235344,0.9968294229549778,0.9975016724210634,0.9993658845909955,0.0050729232720355105,0.0050729232720355105,1.0,fixed-tau 0.350,0.9936588459099556,0.8763122582682138,0.35
erf,heavy,400,2,fitted_moment,40.0,3.0,0.0,3.0,erf,0.0,0.006312668537322595,-2.3688043787871718,10.368804378761476,0.8574815355156378,0.9911223842739378,0.9399341954242865,0.9955611921369689,0.9974461083517278,1.0,0.011414077362079899,0.011414077362079899,0.4995163871271706,mu=0.003,,,
erf,heavy,400,2,comb_prod,40.0,3.0,0.0,3.0,erf,0.0,0.006312668537322595,-2.3688043787871718,10.368804378761476,0.9975234652460679,0.9904882688649335,0.997511041779621,0.9955611921369689,0.9975016050919063,0.9993658845909955,0.0,0.0,0.5163278329303667,,,,
erf,heavy,400,2,normalized_half_comb,40.0,3.0,0.0,3.0,erf,0.0,0.006312668537322595,-2.3688043787871718,10.368804378761476,0.9662382546711308,0.9911223842739378,0.9690170307658911,0.9955611921369689,0.9974169566307673,0.9993658845909955,0.0,0.0,0.16865073378421822,,,,
erf,heavy,400,3,classical_invA,,3.0,0.0,3.0,erf,0.0,0.006312668537322595,-2.6572542149078706,10.657254214897714,0.9975100212366302,0.9954838709677419,0.9975100212366302,0.9954838709677419,0.9975006252470734,0.9993548387096775,0.0012903225806451613,0.0012903225806451613,1.0,fixed-tau 0.350,0.9870967741935484,0.875710804224208,0.35
erf,heavy,400,3,fitted_moment,40.0,3.0,0.0,3.0,erf,0.0,0.006312668537322595,-2.6572542149078706,10.657254214897714,0.9543263508688408,0.9903225806451613,0.9974537337835904,0.9987096774193548,0.9974620412135671,0.9993548387096775,0.007741935483870968,0.007741935483870968,0.5904574815207136,mu=3,,,
erf,heavy,400,3,comb_prod,40.0,3.0,0.0,3.0,erf,0.0,0.006312668537322595,-2.6572542149078706,10.657254214897714,0.9975230349679689,0.9903225806451613,0.9975102422148678,0.9954838709677419,0.9975006413783423,0.9993548387096775,0.0,0.0,0.26451787849786623,,,,
erf,heavy,400,3,normalized_half_comb,40.0,3.0,0.0,3.0,erf,0.0,0.006312668537322595,-2.6572542149078706,10.657254214897714,0.9694915927972334,0.9903225806451613,0.9974157145907854,0.9993548387096775,0.9974157145907854,0.9993548387096775,0.0,0.0,0.1360407746200862,,,,
erf,heavy,400,4,classical_invA,,3.0,0.0,3.0,erf,0.0,0.006312668537322595,-2.083224748084664,10.083224748084655,0.9975204191414729,0.991725015913431,0.9975112344531717,0.9955442393380013,0.9975017503659857,0.9993634627625716,0.0019096117122851686,0.0019096117122851686,1.0,fixed-tau 0.350,0.9840865690642903,0.8850386674598454,0.35
erf,heavy,400,4,fitted_moment,40.0,3.0,0.0,3.0,erf,0.0,0.006312668537322595,-2.083224748084664,10.083224748084655,0.954544126668809,0.9904519414385742,0.9974253372382113,1.0,0.9974253372382113,1.0,0.01782304264799491,0.01782304264799491,0.5910580995441753,mu=6.46,,,
erf,heavy,400,4,comb_prod,40.0,3.0,0.0,3.0,erf,0.0,0.006312668537322595,-2.083224748084664,10.083224748084655,0.9975234681631965,0.9904519414385742,0.99751109583395,0.9955442393380013,0.9975017781929104,0.9993634627625716,0.0,0.0,0.4061148017944702,,,,
erf,heavy,400,4,normalized_half_comb,40.0,3.0,0.0,3.0,erf,0.0,0.006312668537322595,-2.083224748084664,10.083224748084655,0.9691600269552464,0.9904519414385742,0.9974114220999838,0.9980903882877148,0.9974631879486885,0.9993634627625716,0.0,0.0,0.10742165873095708,,,,
occ_a0.05,clean,700,0,classical_invA,,3.0,0.05,3.0,step,0.0,0.0004247940677551889,1.9545898763054992,144.00248156155254,0.0018005041411595247,0.99,0.0017914725904693658,0.995,0.0017838030681412772,0.9992857142857143,0.5007142857142857,1.0,1.0,fixed-tau 0.386,0.0,0.0,0.3857142857142857
occ_a0.05,clean,700,0,fitted_moment,40.0,3.0,0.05,3.0,step,0.0,0.0004247940677551889,1.9545898763054992,144.00248156155254,0.0,0.99,0.0,0.995,0.0014275517487508922,0.9992857142857143,0.9985714285714286,1.0,0.06289686174577952,mu=0.003,,,
occ_a0.05,clean,700,0,comb_prod,40.0,3.0,0.05,3.0,step,0.0,0.0004247940677551889,1.9545898763054992,144.00248156155254,0.08211920529801324,0.99,0.08174027686222808,0.995,0.9985724446095243,0.9992857142857143,0.5003571428571428,0.5003571428571428,0.9990160160318644,,,,
occ_a0.05,clean,700,1,classical_invA,,3.0,0.05,3.0,step,0.0,0.0004247940677551889,2.158021003491357,144.0025008525055,0.0007209805335255948,0.99,0.0007173601147776184,0.995,0.0007142857142857143,0.9992857142857143,0.9996428571428572,0.9996428571428572,1.0,fixed-tau 0.386,0.0,0.0,0.3857142857142857
occ_a0.05,clean,700,1,fitted_moment,40.0,3.0,0.05,3.0,step,0.0,0.0004247940677551889,2.158021003491357,144.0025008525055,0.0003606202668589975,0.99,0.0003586800573888092,0.9953571428571428,0.0007142857142857143,0.9992857142857143,0.9996428571428572,1.0,0.06267479607433953,mu=0.646,,,
occ_a0.05,clean,700,1,comb_prod,40.0,3.0,0.05,3.0,step,0.0,0.0004247940677551889,2.158021003491357,144.0025008525055,0.0967741935483871,0.99,0.09633473889069089,0.995,0.9985715897470979,0.9992857142857143,0.49964285714285717,0.49964285714285717,0.9990251439441679,,,,
occ_a0.05,clean,700,2,classical_invA,,3.0,0.05,3.0,step,0.0,0.0004247940677551889,2.157383122686216,144.00248369404406,0.0007209805335255948,0.99,0.0007173601147776184,0.995,0.0007142857142857143,0.9992857142857143,1.0,1.0,1.0,fixed-tau 0.386,0.0,0.0,0.3857142857142857
occ_a0.05,clean,700,2,fitted_moment,40.0,3.0,0.05,3.0,step,0.0,0.0004247940677551889,2.157383122686216,144.00248369404406,0.0,0.99,0.0,0.995,0.0,0.9992857142857143,1.0,1.0,0.06251573793683701,mu=0.003,,,
occ_a0.05,clean,700,2,comb_prod,40.0,3.0,0.05,3.0,step,0.0,0.0004247940677551889,2.157383122686216,144.00248369404406,0.08695652173913043,0.99,0.08655737704918033,0.995,0.9985724475229056,0.9992857142857143,0.5,0.5,0.9990273363775706,,,,
fork_b0.5,clean,700,0,classical_invA,,3.0,0.0,3.0,step,0.5,0.0004247940677551889,2.085061349587363,6.430738897540315,0.0003572704537334762,0.9992857142857143,0.0003572704537334762,0.9992857142857143,0.0003572704537334762,0.9992857142857143,0.9992857142857143,0.9992857142857143,1.0,fixed-tau 0.350,0.9992857142857143,0.0003572704537334762,0.35
fork_b0.5,clean,700,0,fitted_moment,40.0,3.0,0.0,3.0,step,0.5,0.0004247940677551889,2.085061349587363,6.430738897540315,0.0,0.9992857142857143,0.0,0.9992857142857143,0.0,0.9992857142857143,1.0,1.0,0.0621842779705517,mu=0.003,,,
fork_b0.5,clean,700,0,comb_prod,40.0,3.0,0.0,3.0,step,0.5,0.0004247940677551889,2.085061349587363,6.430738897540315,0.0,0.9971428571428571,0.0,0.9971428571428571,0.6938730853391685,0.9992857142857143,0.9982142857142857,0.9982142857142857,0.13965222607745764,,,,
fork_b0.5,clean,700,0,normalized_half_comb,40.0,3.0,0.0,3.0,step,0.5,0.0004247940677551889,2.085061349587363,6.430738897540315,0.0,0.9971428571428571,0.0,0.9971428571428571,0.0017838030681412772,0.9992857142857143,0.9982142857142857,0.9996428571428572,0.2065956933096533,,,,
fork_b0.5,clean,700,1,classical_invA,,3.0,0.0,3.0,step,0.5,0.0004247940677551889,2.1522409349774265,5.847759065022576,0.0007145409074669524,0.9989285714285714,0.0007145409074669524,0.9989285714285714,0.0014270424545130217,0.9996428571428572,0.9989285714285714,0.9996428571428572,1.0,fixed-tau 0.350,0.9996428571428572,0.0014270424545130217,0.35
fork_b0.5,clean,700,1,fitted_moment,40.0,3.0,0.0,3.0,step,0.5,0.0004247940677551889,2.1522409349774265,5.847759065022576,0.0,0.9978571428571429,0.0,0.9978571428571429,0.0014270424545130217,0.9996428571428572,0.9989285714285714,0.9996428571428572,0.062109889102380605,mu=0.003,,,
fork_b0.5,clean,700,1,comb_prod,40.0,3.0,0.0,3.0,step,0.5,0.0004247940677551889,2.1522409349774265,5.847759065022576,0.0,0.9971428571428571,0.0,0.9971428571428571,0.23216245883644346,0.9992857142857143,0.9971428571428571,0.9971428571428571,0.2836151810685301,,,,
fork_b0.5,clean,700,1,normalized_half_comb,40.0,3.0,0.0,3.0,step,0.5,0.0004247940677551889,2.1522409349774265,5.847759065022576,0.0,0.9975,0.0,0.9975,0.09622215046819503,0.9996428571428572,0.9985714285714286,0.9985714285714286,0.2058856919897692,,,,
fork_b0.5,clean,700,2,classical_invA,,3.0,0.0,3.0,step,0.5,0.0004247940677551889,2.2553557140949585,6.000000000000003,0.0,0.9992857142857143,0.0,0.9992857142857143,0.0,0.9992857142857143,1.0,1.0,1.0000000000000002,fixed-tau 0.350,0.9992857142857143,0.0,0.35
fork_b0.5,clean,700,2,fitted_moment,40.0,3.0,0.0,3.0,step,0.5,0.0004247940677551889,2.2553557140949585,6.000000000000003,0.0,0.9985714285714286,0.0,0.9985714285714286,0.0,0.9992857142857143,1.0,1.0,0.06215388930045433,mu=0.003,,,
fork_b0.5,clean,700,2,comb_prod,40.0,3.0,0.0,3.0,step,0.5,0.0004247940677551889,2.2553557140949585,6.000000000000003,0.0,0.9971428571428571,0.0,0.9971428571428571,0.0,0.9992857142857143,1.0,1.0,0.31290933801723386,,,,
fork_b0.5,clean,700,2,normalized_half_comb,40.0,3.0,0.0,3.0,step,0.5,0.0004247940677551889,2.2553557140949585,6.000000000000003,0.0,0.9971428571428571,0.0,0.9971428571428571,0.0007142857142857143,0.9992857142857143,1.0,1.0,0.20609548551889292,,,,
occ0.05_fork0.5,clean,700,0,classical_invA,,3.0,0.05,3.0,step,0.5,0.0004247940677551889,2.090237799414026,144.00455733233906,0.001440922190201729,0.99,0.0014336917562724014,0.995,0.0014275517487508922,0.9992857142857143,0.5007142857142857,1.0,1.0,fixed-tau 0.386,0.0,0.0,0.3857142857142857
occ0.05_fork0.5,clean,700,0,fitted_moment,40.0,3.0,0.05,3.0,step,0.5,0.0004247940677551889,2.090237799414026,144.00455733233906,0.001440922190201729,0.99,0.0014336917562724014,0.995,0.0014275517487508922,0.9992857142857143,0.5007142857142857,1.0,0.06663583392656054,mu=0.003,,,
occ0.05_fork0.5,clean,700,0,comb_prod,40.0,3.0,0.05,3.0,step,0.5,0.0004247940677551889,2.090237799414026,144.00455733233906,0.4652777777777778,0.99,0.4640246248557137,0.995,0.46295585412667944,0.9992857142857143,0.5003571428571428,0.5003571428571428,0.9986941885533595,,,,
occ0.05_fork0.5,clean,700,1,classical_invA,,3.0,0.05,3.0,step,0.5,0.0004247940677551889,2.158097023949254,144.00269052147567,0.001440922190201729,0.99,0.0014336917562724014,0.995,0.0014275517487508922,0.9992857142857143,0.5,0.9996428571428572,0.9999999999999998,fixed-tau 0.386,0.0,0.0,0.3857142857142857
occ0.05_fork0.5,clean,700,1,fitted_moment,40.0,3.0,0.05,3.0,step,0.5,0.0004247940677551889,2.158097023949254,144.00269052147567,0.0007209805335255948,0.99,0.0007173601147776184,0.995,0.0014275517487508922,0.9992857142857143,0.9989285714285714,0.9996428571428572,0.06373044856136058,mu=0.003,,,
occ0.05_fork0.5,clean,700,1,comb_prod,40.0,3.0,0.05,3.0,step,0.5,0.0004247940677551889,2.158097023949254,144.00269052147567,0.29141104294478526,0.99,0.29037187977585327,0.995,0.2894870492635856,0.9992857142857143,0.49964285714285717,0.49964285714285717,0.998769703950015,,,,
occ0.05_fork0.5,clean,700,2,classical_invA,,3.0,0.05,3.0,step,0.5,0.0004247940677551889,2.26009140095165,144.00317106449305,0.0007209805335255948,0.99,0.0007173601147776184,0.995,0.0007142857142857143,0.9992857142857143,1.0,1.0,1.0000000000000002,fixed-tau 0.386,0.0,0.0,0.3857142857142857
occ0.05_fork0.5,clean,700,2,fitted_moment,40.0,3.0,0.05,3.0,step,0.5,0.0004247940677551889,2.26009140095165,144.00317106449305,0.0,0.99,0.0,0.995,0.0,0.9992857142857143,1.0,1.0,0.06553208099256273,mu=0.003,,,
occ0.05_fork0.5,clean,700,2,comb_prod,40.0,3.0,0.05,3.0,step,0.5,0.0004247940677551889,2.26009140095165,144.00317106449305,0.29964628600303184,0.99,0.2985901309164149,0.995,0.2976907630522088,0.9992857142857143,0.5,0.5,0.9984931251244825,,,,
occ_a0.10,moderate,700,0,classical_invA,,3.0,0.1,3.0,step,0.0,0.0031777035588293387,0.7821355738143482,281.80005747285736,0.63815877251501,0.9901423877327492,0.9536835666711975,0.995253742241694,0.9980769338864344,0.9992698064987222,0.0003650967506389193,0.0003650967506389193,1.0,fixed-tau 0.418,0.0,0.0,0.4181818181818181
occ_a0.10,moderate,700,0,fitted_moment,40.0,3.0,0.1,3.0,step,0.0,0.0031777035588293387,0.7821355738143482,281.80005747285736,0.9836798555739431,0.9901423877327492,0.9931079119956716,0.995253742241694,0.9983774298536308,0.9992698064987222,0.0014603870025556773,0.0014603870025556773,0.10195321499196534,mu=0.003,,,
occ_a0.10,moderate,700,0,comb_prod,40.0,3.0,0.1,3.0,step,0.0,0.0031777035588293387,0.7821355738143482,281.80005747285736,0.9981127808299728,0.9901423877327492,0.9981034582319027,0.995253742241694,0.998100102457025,0.9992698064987222,0.001095290251916758,0.001095290251916758,0.8744962232289508,,,,
occ_a0.10,moderate,700,1,classical_invA,,3.0,0.1,3.0,step,0.0,0.0031777035588293387,1.2548189092884101,282.0001177346972,0.5316477468180254,0.9901818181818182,0.7164905738553967,0.9952727272727273,0.9957688185950261,0.9992727272727273,0.0007272727272727272,0.0007272727272727272,1.0,fixed-tau 0.418,0.0,0.0,0.4181818181818181
occ_a0.10,moderate,700,1,fitted_moment,40.0,3.0,0.1,3.0,step,0.0,0.0031777035588293387,1.2548189092884101,282.0001177346972,0.35089392133492253,0.9901818181818182,0.6583874188716925,0.9952727272727273,0.9976480133929718,0.9992727272727273,0.002909090909090909,0.002909090909090909,0.13457300754636184,mu=30,,,
occ_a0.10,moderate,700,1,comb_prod,40.0,3.0,0.1,3.0,step,0.0,0.0031777035588293387,1.2548189092884101,282.0001177346972,0.9985823770148285,0.9901818181818182,0.9985751196207121,0.9952727272727273,0.998572015770184,0.9992727272727273,0.0018181818181818182,0.0018181818181818182,0.9848583632715232,,,,
occ_a0.10,moderate,700,2,classical_invA,,3.0,0.1,3.0,step,0.0,0.0031777035588293387,0.6128653738992828,282.6001733724149,0.25225225225225223,0.9902386117136659,0.5896556863914145,0.9953000723065799,0.9332383275766286,0.9992769342010123,0.0,0.0,1.0,fixed-tau 0.418,0.0,0.0,0.4181818181818181
occ_a0.10,moderate,700,2,fitted_moment,40.0,3.0,0.1,3.0,step,0.0,0.0031777035588293387,0.6128653738992828,282.6001733724149,0.36361524163568776,0.9902386117136659,0.9797279883360456,0.9953000723065799,0.9960334089147843,0.9992769342010123,0.0025307302964569776,0.0025307302964569776,0.10446700761039135,mu=0.003,,,
occ_a0.10,moderate,700,2,comb_prod,40.0,3.0,0.1,3.0,step,0.0,0.0031777035588293387,0.6128653738992828,282.6001733724149,0.9985853449170807,0.9902386117136659,0.9985781243947474,0.9953000723065799,0.9985725005978041,0.9992769342010123,0.0025307302964569776,0.0025307302964569776,0.8255092252231745,,,,
fork_b0.5,moderate,700,0,classical_invA,,3.0,0.0,3.0,step,0.5,0.0031777035588293387,1.76393202250021,8.236067977499797,0.843191673894189,0.9901423877327492,0.9984247482014389,0.9992698064987222,0.9984247482014389,0.9992698064987222,0.0018254837531945967,0.0018254837531945967,1.0000000000000002,fixed-tau 0.350,0.9463307776560789,0.2534562211981567,0.35
fork_b0.5,moderate,700,0,fitted_moment,40.0,3.0,0.0,3.0,step,0.5,0.0031777035588293387,1.76393202250021,8.236067977499797,0.9105941795990682,0.9948886454910552,0.9862088845733705,0.9956188389923329,0.9985716051372151,1.0,0.0003650967506389193,0.8879152975538518,0.06634739215435181,mu=0.646,,,
fork_b0.5,moderate,700,0,comb_prod,40.0,3.0,0.0,3.0,step,0.5,0.0031777035588293387,1.76393202250021,8.236067977499797,0.9985751241071615,0.9934282584884995,0.9985781407129534,0.995253742241694,0.998572445645229,0.9992698064987222,0.0,0.8671047827674334,0.4693231285217121,,,,
fork_b0.5,moderate,700,0,normalized_half_comb,40.0,3.0,0.0,3.0,step,0.5,0.0031777035588293387,1.76393202250021,8.236067977499797,0.9861733154117319,0.995253742241694,0.9861733154117319,0.995253742241694,0.9985717788082855,0.9996349032493611,0.0,0.0,0.22901817623633888,,,,
fork_b0.5,moderate,700,1,classical_invA,,3.0,0.0,3.0,step,0.5,0.0031777035588293387,1.7562298143144162,7.582553862966469,0.8407762450315642,0.9905454545454545,0.8513550209091403,0.9952727272727273,0.9984542024438109,0.9996363636363637,0.008363636363636363,0.008363636363636363,0.9999999999999999,fixed-tau 0.350,0.9563636363636364,0.22097156398104265,0.35
fork_b0.5,moderate,700,1,fitted_moment,40.0,3.0,0.0,3.0,step,0.5,0.0031777035588293387,1.7562298143144162,7.582553862966469,0.8931205369337027,0.996,0.8931205369337027,0.996,0.9985710232616628,1.0,0.031636363636363636,0.9418181818181818,0.0644397473767667,mu=0.3,,,
fork_b0.5,moderate,700,1,comb_prod,40.0,3.0,0.0,3.0,step,0.5,0.0031777035588293387,1.7562298143144162,7.582553862966469,0.9985698214620529,0.9985454545454545,0.9985698214620529,0.9985454545454545,0.9985689743430848,0.9992727272727273,0.0,0.9003636363636364,0.6257921989924897,,,,
fork_b0.5,moderate,700,1,normalized_half_comb,40.0,3.0,0.0,3.0,step,0.5,0.0031777035588293387,1.7562298143144162,7.582553862966469,0.9834223199011305,0.9901818181818182,0.983320651346827,0.9963636363636363,0.9985712659706114,0.9996363636363637,0.0025454545454545456,0.4218181818181818,0.23389076670255327,,,,
fork_b0.5,moderate,700,2,classical_invA,,3.0,0.0,3.0,step,0.5,0.0031777035588293387,1.6174945090233848,8.522733476702129,0.8460244476841987,0.9927693420101229,0.8548761201897733,0.9953000723065799,0.9984414009015636,0.9996384671005062,0.0,0.0,1.0,fixed-tau 0.350,0.9613159797541576,0.2482329657902177,0.35
fork_b0.5,moderate,700,2,fitted_moment,40.0,3.0,0.0,3.0,step,0.5,0.0031777035588293387,1.6174945090233848,8.522733476702129,0.564200477326969,0.9902386117136659,0.889612725310739,0.9985538684020245,0.9985714698882793,1.0,0.0007230657989877079,0.8850325379609545,0.06353496676053974,mu=0.0646,,,
fork_b0.5,moderate,700,2,comb_prod,40.0,3.0,0.0,3.0,step,0.5,0.0031777035588293387,1.6174945090233848,8.522733476702129,0.9847835452406465,0.9960231381055676,0.9847835452406465,0.9960231381055676,0.9985714691504993,1.0,0.00036153289949385393,0.00036153289949385393,0.35946417853239104,,,,
fork_b0.5,moderate,700,2,normalized_half_comb,40.0,3.0,0.0,3.0,step,0.5,0.0031777035588293387,1.6174945090233848,8.522733476702129,0.9848197658951849,0.9902386117136659,0.9847586229747192,0.9978308026030369,0.9985724873272097,0.9992769342010123,0.0,0.0,0.23238199533785484,,,,
occ0.05_fork0.5,moderate,700,0,classical_invA,,3.0,0.05,3.0,step,0.5,0.0031777035588293387,1.775949834424522,142.9194585813951,0.6590823381521056,0.9901423877327492,0.9667552867143101,0.995253742241694,0.9982961912996817,0.9992698064987222,0.0007301935012778386,0.0007301935012778386,1.0,fixed-tau 0.386,0.0,0.0,0.3857142857142857
occ0.05_fork0.5,moderate,700,0,fitted_moment,40.0,3.0,0.05,3.0,step,0.5,0.0031777035588293387,1.775949834424522,142.9194585813951,0.6471047495120364,0.9901423877327492,0.9823256718643628,0.995253742241694,0.9979991008016025,0.9992698064987222,0.0036509675063891934,0.0036509675063891934,0.23676256401042933,mu=30,,,
occ0.05_fork0.5,moderate,700,0,comb_prod,40.0,3.0,0.05,3.0,step,0.5,0.0031777035588293387,1.775949834424522,142.9194585813951,0.9980707903286272,0.9901423877327492,0.9980759919651844,0.995253742241694,0.9981427119255945,0.9992698064987222,0.0003650967506389193,0.0003650967506389193,0.8309359657417681,,,,
occ0.05_fork0.5,moderate,700,1,classical_invA,,3.0,0.05,3.0,step,0.5,0.0031777035588293387,1.7619598729360135,143.0165450250898,0.585792515972011,0.9901818181818182,0.7661083575457187,0.9952727272727273,0.9976658792831498,0.9992727272727273,0.0025454545454545456,0.0025454545454545456,1.0,fixed-tau 0.386,0.0,0.0,0.3857142857142857
occ0.05_fork0.5,moderate,700,1,fitted_moment,40.0,3.0,0.05,3.0,step,0.5,0.0031777035588293387,1.7619598729360135,143.0165450250898,0.7638539588934178,0.9901818181818182,0.881129207383279,0.9952727272727273,0.9816828086360091,0.9992727272727273,0.04,0.048363636363636366,0.11421063903058293,mu=6.46,,,
occ0.05_fork0.5,moderate,700,1,comb_prod,40.0,3.0,0.05,3.0,step,0.5,0.0031777035588293387,1.7619598729360135,143.0165450250898,0.998066420548915,0.9901818181818182,0.9980668856164142,0.9952727272727273,0.9980768638604368,0.9992727272727273,0.002181818181818182,0.002181818181818182,0.87154374975429,,,,
occ0.05_fork0.5,moderate,700,2,classical_invA,,3.0,0.05,3.0,step,0.5,0.0031777035588293387,1.6256758956676425,143.3243760076312,0.27996845425867506,0.9902386117136659,0.6148034140198685,0.9953000723065799,0.9598751542425782,0.9992769342010123,0.0,0.0,1.0000000000000002,fixed-tau 0.386,0.0,0.0,0.3857142857142857
occ0.05_fork0.5,moderate,700,2,fitted_moment,40.0,3.0,0.05,3.0,step,0.5,0.0031777035588293387,1.6256758956676425,143.3243760076312,0.2878315132605304,0.9902386117136659,0.7112439689532201,0.9953000723065799,0.9772811336418409,0.9992769342010123,0.005784526391901663,0.005784526391901663,0.23304877623441064,mu=30,,,
occ0.05_fork0.5,moderate,700,2,comb_prod,40.0,3.0,0.05,3.0,step,0.5,0.0031777035588293387,1.6256758956676425,143.3243760076312,0.9319401649935394,0.9902386117136659,0.9375283652536989,0.9953000723065799,0.9850131216518099,0.9992769342010123,0.0018076644974692696,0.0018076644974692696,0.9100965732160416,,,,
base,heavy,700,0,classical_invA,,3.0,0.0,3.0,step,0.0,0.006312668537322595,0.4203133967030266,7.57968660329702,0.9545764063044958,0.9956315981070258,0.9545764063044958,0.9956315981070258,0.9985715548575975,1.0,0.0,0.0,0.9999999999999999,fixed-tau 0.350,0.9890789952675646,0.8614976805831677,0.35
base,heavy,700,0,fitted_moment,40.0,3.0,0.0,3.0,step,0.0,0.006312668537322595,0.4203133967030266,7.57968660329702,0.9545741429710337,0.9956315981070258,0.9545741429710337,0.9956315981070258,0.9985715548575975,1.0,0.00036403349108117945,0.00036403349108117945,0.09699170862257955,mu=0.003,,,
base,heavy,700,0,comb_prod,40.0,3.0,0.0,3.0,step,0.0,0.006312668537322595,0.4203133967030266,7.57968660329702,0.9985848210222471,0.9905351292318894,0.9985782986176112,0.9952675646159447,0.9985725933768332,0.9992719330178377,0.0,0.0,0.8172063254467183,,,,
base,heavy,700,0,normalized_half_comb,40.0,3.0,0.0,3.0,step,0.0,0.006312668537322595,0.4203133967030266,7.57968660329702,0.9546598656465136,0.9901710957408082,0.9985731029913877,0.9989078995267565,0.9985720741169454,0.9996359665089188,0.0,0.0,0.2213867445011231,,,,
base,heavy,700,1,classical_invA,,3.0,0.0,3.0,step,0.0,0.006312668537322595,0.3284478167882509,7.671552183211462,0.957309813259807,0.9963436928702011,0.957309813259807,0.9963436928702011,0.9985716322509248,1.0,0.0,0.0,1.0000000000000002,fixed-tau 0.350,0.9893967093235831,0.8735868448098664,0.35
base,heavy,700,1,fitted_moment,40.0,3.0,0.0,3.0,step,0.0,0.006312668537322595,0.3284478167882509,7.671552183211462,0.9573241422528591,0.9959780621572212,0.9573241422528591,0.9959780621572212,0.9985716322509248,1.0,0.0014625228519195613,0.0014625228519195613,0.10915193637478765,mu=0.003,,,
base,heavy,700,1,comb_prod,40.0,3.0,0.0,3.0,step,0.0,0.006312668537322595,0.3284478167882509,7.671552183211462,0.998578058428112,0.9952468007312614,0.998578058428112,0.9952468007312614,0.9985726745248776,0.9992687385740402,0.0,0.0,0.8228955127433466,,,,
base,heavy,700,1,normalized_half_comb,40.0,3.0,0.0,3.0,step,0.0,0.006312668537322595,0.3284478167882509,7.671552183211462,0.9575362227937025,0.990127970749543,0.9985778658900899,0.9956124314442413,0.9985726693068542,0.9992687385740402,0.00036563071297989033,0.00036563071297989033,0.22478759935105685,,,,
base,heavy,700,2,classical_invA,,3.0,0.0,3.0,step,0.0,0.006312668537322595,0.6327818341300532,7.367218165869787,0.9553937187073281,0.9956458635703919,0.9553937187073281,0.9956458635703919,0.9985715233490625,1.0,0.0,0.0,0.9999999999999999,fixed-tau 0.350,0.988388969521045,0.8660503540519277,0.35
base,heavy,700,2,fitted_moment,40.0,3.0,0.0,3.0,step,0.0,0.006312668537322595,0.6327818341300532,7.367218165869787,0.9553937187073281,0.9956458635703919,0.9553937187073281,0.9956458635703919,0.9985715233490625,1.0,0.000725689404934688,0.000725689404934688,0.10167374166282425,mu=0.3,,,
base,heavy,700,2,comb_prod,40.0,3.0,0.0,3.0,step,0.0,0.006312668537322595,0.6327818341300532,7.367218165869787,0.9985854877993787,0.9902031930333817,0.9985782503927564,0.9952830188679245,0.998572039443847,0.9996371552975326,0.0,0.0,0.5934698680943585,,,,
base,heavy,700,2,normalized_half_comb,40.0,3.0,0.0,3.0,step,0.0,0.006312668537322595,0.6327818341300532,7.367218165869787,0.9481187592543376,0.9916545718432511,0.9553162721748905,0.9952830188679245,0.9985720401839814,0.9996371552975326,0.0021770682148040637,0.0021770682148040637,0.21925371171228822,,,,
occ_a0.05,heavy,700,0,classical_invA,,3.0,0.05,3.0,step,0.0,0.006312668537322595,0.44246040846174045,142.80971907999736,0.8647708064035,0.9901710957408082,0.9305139023026483,0.9952675646159447,0.9975281872202326,0.9992719330178377,0.0,0.0,1.0,fixed-tau 0.386,0.0,0.0,0.3857142857142857
occ_a0.05,heavy,700,0,fitted_moment,40.0,3.0,0.05,3.0,step,0.0,0.006312668537322595,0.44246040846174045,142.80971907999736,0.9901265041653811,0.9901710957408082,0.9981553164199104,0.9952675646159447,0.9985208670898047,0.9992719330178377,0.0,0.0,0.17981446295629008,mu=0.003,,,
occ_a0.05,heavy,700,0,comb_prod,40.0,3.0,0.05,3.0,step,0.0,0.006312668537322595,0.44246040846174045,142.80971907999736,0.9547924942244087,0.9901710957408082,0.9938732520616709,0.9952675646159447,0.9981927877417681,0.9992719330178377,0.0,0.0,0.5783072528291395,,,,
occ_a0.05,heavy,700,1,classical_invA,,3.0,0.05,3.0,step,0.0,0.006312668537322595,0.35123086470600595,142.8026552640663,0.873999627768472,0.990127970749543,0.8998491482394496,0.9952468007312614,0.9962611580423407,0.9992687385740402,0.0,0.0,1.0000000000000002,fixed-tau 0.386,0.0,0.0,0.3857142857142857
occ_a0.05,heavy,700,1,fitted_moment,40.0,3.0,0.05,3.0,step,0.0,0.006312668537322595,0.35123086470600595,142.8026552640663,0.9809863506150649,0.990127970749543,0.996722858842141,0.9952468007312614,0.998465548101951,0.9992687385740402,0.00036563071297989033,0.00036563071297989033,0.17898829553702766,mu=0.003,,,
occ_a0.05,heavy,700,1,comb_prod,40.0,3.0,0.05,3.0,step,0.0,0.006312668537322595,0.35123086470600595,142.8026552640663,0.9974662794353208,0.990127970749543,0.9983819029938361,0.9952468007312614,0.9985649957679714,0.9992687385740402,0.0,0.0,0.7263504149716571,,,,
occ_a0.05,heavy,700,2,classical_invA,,3.0,0.05,3.0,step,0.0,0.006312668537322595,0.6513442372141609,143.400513163939,0.8728153982383371,0.9902031930333817,0.9468874043953917,0.9952830188679245,0.9926601299002428,0.9992743105950653,0.0,0.0,1.0,fixed-tau 0.386,0.0,0.0,0.3857142857142857
occ_a0.05,heavy,700,2,fitted_moment,40.0,3.0,0.05,3.0,step,0.0,0.006312668537322595,0.6513442372141609,143.400513163939,0.9910705521271653,0.9902031930333817,0.997953785236221,0.9952830188679245,0.9985425718262305,0.9992743105950653,0.0,0.0,0.17160905953155967,mu=0.003,,,
occ_a0.05,heavy,700,2,comb_prod,40.0,3.0,0.05,3.0,step,0.0,0.006312668537322595,0.6513442372141609,143.400513163939,0.9556086928232156,0.9902031930333817,0.9911372609839159,0.9952830188679245,0.9985643733129823,0.9992743105950653,0.0,0.0,0.6771682243068166,,,,
fork_b0.5,heavy,700,0,classical_invA,,3.0,0.0,3.0,step,0.5,0.006312668537322595,1.3043933336328313,8.680990148407368,0.9517036879205952,0.9901710957408082,0.9980304454913937,0.9981798325445941,0.9984699132133883,1.0,0.00036403349108117945,0.00036403349108117945,0.9999999999999999,fixed-tau 0.350,0.9115398616672734,0.7823176562635834,0.35
fork_b0.5,heavy,700,0,fitted_moment,40.0,3.0,0.0,3.0,step,0.5,0.006312668537322595,1.3043933336328313,8.680990148407368,0.9774293377346812,0.9956315981070258,0.9774293377346812,0.9956315981070258,0.9985698778903747,1.0,0.0007280669821623589,0.0007280669821623589,0.15295729225765667,mu=30,,,
fork_b0.5,heavy,700,0,comb_prod,40.0,3.0,0.0,3.0,step,0.5,0.006312668537322595,1.3043933336328313,8.680990148407368,0.9985598712355458,0.9901710957408082,0.9985731470439668,0.9974517655624318,0.9985725822429231,0.9992719330178377,0.0,0.0,0.6447912320968087,,,,
fork_b0.5,heavy,700,0,normalized_half_comb,40.0,3.0,0.0,3.0,step,0.5,0.006312668537322595,1.3043933336328313,8.680990148407368,0.9953420052291292,0.9916272297051328,0.9985757686889988,0.9952675646159447,0.9985723439356083,0.9992719330178377,0.0,0.0,0.19814515722407414,,,,
fork_b0.5,heavy,700,1,classical_invA,,3.0,0.0,3.0,step,0.5,0.006312668537322595,1.1944592014150495,9.072343224300278,0.955033791076499,0.990127970749543,0.9980013680631945,0.9978062157221207,0.9984561432843645,0.9992687385740402,0.00036563071297989033,0.00036563071297989033,0.9999999999999999,fixed-tau 0.350,0.8943327239488117,0.798815594670176,0.35
fork_b0.5,heavy,700,1,fitted_moment,40.0,3.0,0.0,3.0,step,0.5,0.006312668537322595,1.1944592014150495,9.072343224300278,0.9866080204442698,0.9963436928702011,0.9866080204442698,0.9963436928702011,0.998571625537142,1.0,0.004753199268738574,0.004753199268738574,0.11600425287772662,mu=0.3,,,
fork_b0.5,heavy,700,1,comb_prod,40.0,3.0,0.0,3.0,step,0.5,0.006312668537322595,1.1944592014150495,9.072343224300278,0.9985199541120189,0.990127970749543,0.9985736482692885,0.9985374771480804,0.9985726230884091,0.9992687385740402,0.0,0.0,0.6944427055457493,,,,
fork_b0.5,heavy,700,1,normalized_half_comb,40.0,3.0,0.0,3.0,step,0.5,0.006312668537322595,1.1944592014150495,9.072343224300278,0.9955231310390753,0.9930530164533821,0.9985740982113412,0.9959780621572212,0.9985724508610738,0.9992687385740402,0.0,0.0,0.20743895799386794,,,,
fork_b0.5,heavy,700,2,classical_invA,,3.0,0.0,3.0,step,0.5,0.006312668537322595,1.4705355689778798,8.330583109017065,0.9528311670353983,0.9902031930333817,0.9980050710181674,0.9989114658925979,0.9980045011035384,0.9992743105950653,0.0010885341074020319,0.0010885341074020319,1.0,fixed-tau 0.350,0.9013062409288825,0.7879641485275288,0.35
fork_b0.5,heavy,700,2,fitted_moment,40.0,3.0,0.0,3.0,step,0.5,0.006312668537322595,1.4705355689778798,8.330583109017065,0.983433516801854,0.9960087082728593,0.983433516801854,0.9960087082728593,0.9985714707786469,1.0,0.002902757619738752,0.002902757619738752,0.11169020777488634,mu=0.003,,,
fork_b0.5,heavy,700,2,comb_prod,40.0,3.0,0.0,3.0,step,0.5,0.006312668537322595,1.4705355689778798,8.330583109017065,0.9955115784227903,0.9934687953555879,0.9985750437231946,0.9974600870827286,0.9985719691275794,0.9996371552975326,0.0,0.0,0.47700451709733577,,,,
fork_b0.5,heavy,700,2,normalized_half_comb,40.0,3.0,0.0,3.0,step,0.5,0.006312668537322595,1.4705355689778798,8.330583109017065,0.995471038526852,0.9909288824383164,0.998573943003437,0.9960087082728593,0.998572055213865,0.9992743105950653,0.0,0.0,0.20376920422722875,,,,
occ0.05_fork0.5,heavy,700,0,classical_invA,,3.0,0.05,3.0,step,0.5,0.006312668537322595,1.3201218223867344,143.18948481742723,0.8827434582058025,0.9901710957408082,0.9384414473239817,0.9952675646159447,0.9972379192929074,0.9992719330178377,0.00036403349108117945,0.00036403349108117945,0.9999999999999998,fixed-tau 0.386,0.0,0.0,0.3857142857142857
occ0.05_fork0.5,heavy,700,0,fitted_moment,40.0,3.0,0.05,3.0,step,0.5,0.006312668537322595,1.3201218223867344,143.18948481742723,0.9542411089801823,0.9901710957408082,0.9814389876305177,0.9952675646159447,0.9963411171788881,0.9992719330178377,0.0014561339643247178,0.0014561339643247178,0.19635725145089822,mu=1.39,,,
occ0.05_fork0.5,heavy,700,0,comb_prod,40.0,3.0,0.05,3.0,step,0.5,0.006312668537322595,1.3201218223867344,143.18948481742723,0.9966153662372828,0.9901710957408082,0.9971195097898738,0.9952675646159447,0.9984867595596002,0.9992719330178377,0.00036403349108117945,0.00036403349108117945,0.8665333939703809,,,,
occ0.05_fork0.5,heavy,700,1,classical_invA,,3.0,0.05,3.0,step,0.5,0.006312668537322595,1.2071156556685045,142.91008538764697,0.8866803364439051,0.990127970749543,0.9443057658468715,0.9952468007312614,0.9973770057556153,0.9992687385740402,0.0010968921389396709,0.0010968921389396709,1.0,fixed-tau 0.386,0.0,0.0,0.3857142857142857
occ0.05_fork0.5,heavy,700,1,fitted_moment,40.0,3.0,0.05,3.0,step,0.5,0.006312668537322595,1.2071156556685045,142.91008538764697,0.9797544819749099,0.990127970749543,0.9926217866010344,0.9952468007312614,0.9979438125912701,0.9992687385740402,0.0043875685557586835,0.0043875685557586835,0.2342899075427602,mu=6.46,,,
occ0.05_fork0.5,heavy,700,1,comb_prod,40.0,3.0,0.05,3.0,step,0.5,0.006312668537322595,1.2071156556685045,142.91008538764697,0.99465689069711,0.990127970749543,0.9947463502381706,0.9952468007312614,0.9973326904984052,0.9992687385740402,0.0007312614259597807,0.0007312614259597807,0.7512039098740424,,,,
occ0.05_fork0.5,heavy,700,2,classical_invA,,3.0,0.05,3.0,step,0.5,0.006312668537322595,1.4844721890884371,143.48787447928538,0.8820198002680386,0.9902031930333817,0.9470769824426009,0.9952830188679245,0.9941604291681686,0.9992743105950653,0.0,0.0,0.9999999999999998,fixed-tau 0.386,0.0,0.0,0.3857142857142857
occ0.05_fork0.5,heavy,700,2,fitted_moment,40.0,3.0,0.05,3.0,step,0.5,0.006312668537322595,1.4844721890884371,143.48787447928538,0.937706863886416,0.9902031930333817,0.9776371892808517,0.9952830188679245,0.9954850978720614,0.9992743105950653,0.009071117561683599,0.009071117561683599,0.27522402214050506,mu=30,,,
occ0.05_fork0.5,heavy,700,2,comb_prod,40.0,3.0,0.05,3.0,step,0.5,0.006312668537322595,1.4844721890884371,143.48787447928538,0.9983844079082907,0.9902031930333817,0.9985246810691787,0.9952830188679245,0.9985678962270774,0.9992743105950653,0.000362844702467344,0.000362844702467344,0.8832827904118472,,,,
erf,heavy,700,0,classical_invA,,3.0,0.0,3.0,erf,0.0,0.006312668537322595,-2.4360563791901573,10.436056379182778,0.975372134294303,0.9901710957408082,0.998578169968495,0.9952675646159447,0.9985725703665608,0.9992719330178377,0.0014561339643247178,0.0014561339643247178,1.0,fixed-tau 0.350,0.9861667273389152,0.9565990579640489,0.35
erf,heavy,700,0,fitted_moment,40.0,3.0,0.0,3.0,erf,0.0,0.006312668537322595,-2.4360563791901573,10.436056379182778,0.9770580296896086,0.9901710957408082,0.9835263494052855,0.9952675646159447,0.9985441187702073,0.9992719330178377,0.0032763014197306154,0.0032763014197306154,0.4456679293649091,mu=6.46,,,
erf,heavy,700,0,comb_prod,40.0,3.0,0.0,3.0,erf,0.0,0.006312668537322595,-2.4360563791901573,10.436056379182778,0.9985849208752264,0.9901710957408082,0.9985779791700474,0.9952675646159447,0.9985725035583404,0.9992719330178377,0.0,0.0,0.13869425088958376,,,,
erf,heavy,700,0,normalized_half_comb,40.0,3.0,0.0,3.0,erf,0.0,0.006312668537322595,-2.4360563791901573,10.436056379182778,0.9813281711218199,0.9901710957408082,0.9871350257628874,0.9952675646159447,0.9985544962801318,0.9992719330178377,0.0,0.0,0.054787822247940314,,,,
erf,heavy,700,1,classical_invA,,3.0,0.0,3.0,erf,0.0,0.006312668537322595,-3.1772580904142407,11.177258090406301,0.9985853386123676,0.990127970749543,0.9985783473209263,0.9952468007312614,0.9985726476889218,0.9992687385740402,0.0014625228519195613,0.0014625228519195613,0.9999999999999999,fixed-tau 0.350,0.9820840950639854,0.9597114101006464,0.35
erf,heavy,700,1,fitted_moment,40.0,3.0,0.0,3.0,erf,0.0,0.006312668537322595,-3.1772580904142407,11.177258090406301,0.9780611500883063,0.990127970749543,0.9840632318501171,0.9952468007312614,0.9985213655375915,0.9992687385740402,0.0,0.0,0.3901243055739114,mu=0.003,,,
erf,heavy,700,1,comb_prod,40.0,3.0,0.0,3.0,erf,0.0,0.006312668537322595,-3.1772580904142407,11.177258090406301,0.9985855122608089,0.990127970749543,0.9985783109372911,0.9952468007312614,0.9985726611070259,0.9992687385740402,0.0,0.0,0.28777864700968536,,,,
erf,heavy,700,1,normalized_half_comb,40.0,3.0,0.0,3.0,erf,0.0,0.006312668537322595,-3.1772580904142407,11.177258090406301,0.9856496348817738,0.990127970749543,0.9870879603056767,0.9952468007312614,0.9985514728018215,0.9992687385740402,0.0,0.0,0.06941099023409256,,,,
erf,heavy,700,2,classical_invA,,3.0,0.0,3.0,erf,0.0,0.006312668537322595,-2.373148712425023,10.373148712425028,0.9985820662224326,0.9923802612481858,0.9985781405831748,0.9952830188679245,0.9985725422224803,0.9992743105950653,0.001451378809869376,0.001451378809869376,1.0,fixed-tau 0.350,0.9833091436865021,0.957493529919222,0.35
erf,heavy,700,2,fitted_moment,40.0,3.0,0.0,3.0,erf,0.0,0.006312668537322595,-2.373148712425023,10.373148712425028,0.977447772048129,0.9902031930333817,0.9822516984794565,0.9952830188679245,0.9985362890302995,0.9992743105950653,0.005805515239477504,0.005805515239477504,0.5729330859680991,mu=13.9,,,
erf,heavy,700,2,comb_prod,40.0,3.0,0.0,3.0,erf,0.0,0.006312668537322595,-2.373148712425023,10.373148712425028,0.998585032348784,0.9902031930333817,0.9985780241222681,0.9952830188679245,0.9985725437022432,0.9992743105950653,0.0,0.0,0.432416921414916,,,,
erf,heavy,700,2,normalized_half_comb,40.0,3.0,0.0,3.0,erf,0.0,0.006312668537322595,-2.373148712425023,10.373148712425028,0.9816341627437795,0.9909288824383164,0.9984779493675933,0.9974600870827286,0.9985457057129369,0.9992743105950653,0.0,0.0,0.1303592619409071,,,,
occ_a0.05,clean,1000,0,classical_invA,,3.0,0.05,3.0,step,0.0,0.0004247940677551889,2.38357204803902,204.00186215982214,0.0,0.99,0.0,0.995,0.0,0.999,0.99975,0.99975,0.9999999999999998,fixed-tau 0.386,0.0,0.0,0.3857142857142857
occ_a0.05,clean,1000,0,fitted_moment,40.0,3.0,0.05,3.0,step,0.0,0.0004247940677551889,2.38357204803902,204.00186215982214,0.0,0.991,0.0,0.995,0.0,0.999,0.99975,1.0,0.05269171513844729,mu=0.003,,,
occ_a0.05,clean,1000,0,comb_prod,40.0,3.0,0.05,3.0,step,0.0,0.0004247940677551889,2.38357204803902,204.00186215982214,0.999009990099901,0.99,0.9990049950249751,0.995,0.999000999000999,0.999,0.49975,0.49975,0.9991667223497293,,,,
occ_a0.05,clean,1000,1,classical_invA,,3.0,0.05,3.0,step,0.0,0.0004247940677551889,2.1558693521073016,204.00187984698326,0.000757002271006813,0.99,0.0007532011046949536,0.995,0.0007501875468867217,0.999,1.0,1.0,1.0000000000000002,fixed-tau 0.386,0.0,0.0,0.3857142857142857
occ_a0.05,clean,1000,1,fitted_moment,40.0,3.0,0.05,3.0,step,0.0,0.0004247940677551889,2.1558693521073016,204.00187984698326,0.000757002271006813,0.99,0.0007532011046949536,0.995,0.0007501875468867217,0.999,1.0,1.0,0.05299947754259617,mu=0.003,,,
occ_a0.05,clean,1000,1,comb_prod,40.0,3.0,0.05,3.0,step,0.0,0.0004247940677551889,2.1558693521073016,204.00187984698326,0.999009765809614,0.99,0.9990047696041634,0.995,0.9990007726757837,0.999,0.00075,0.00075,0.999095978281666,,,,
occ_a0.05,clean,1000,2,classical_invA,,3.0,0.05,3.0,step,0.0,0.0004247940677551889,2.0039217194106564,204.0018825638175,0.0025188916876574307,0.99,0.002506265664160401,0.995,0.0024962556165751375,0.999,0.501,1.0,1.0000000000000002,fixed-tau 0.386,0.0,0.0,0.3857142857142857
occ_a0.05,clean,1000,2,fitted_moment,40.0,3.0,0.05,3.0,step,0.0,0.0004247940677551889,2.0039217194106564,204.0018825638175,0.0010090817356205853,0.99,0.001004016064257028,0.995,0.0014992503748125937,0.999,0.5025,1.0,0.05284370361911408,mu=0.003,,,
occ_a0.05,clean,1000,2,comb_prod,40.0,3.0,0.05,3.0,step,0.0,0.0004247940677551889,2.0039217194106564,204.0018825638175,0.9990097677905468,0.99,0.999004771595081,0.995,0.9990007746746892,0.999,0.0025,0.0025,0.9990868145836153,,,,
fork_b0.5,clean,1000,0,classical_invA,,3.0,0.0,3.0,step,0.5,0.0004247940677551889,2.381966011250105,5.618033988749895,0.0,0.99925,0.0,0.99925,0.0,0.99925,0.99975,0.99975,1.0000000000000002,fixed-tau 0.350,0.99975,0.0,0.35
fork_b0.5,clean,1000,0,fitted_moment,40.0,3.0,0.0,3.0,step,0.5,0.0004247940677551889,2.381966011250105,5.618033988749895,0.0,0.99925,0.0,0.99925,0.0,0.99925,0.99975,0.99975,0.052006949151218895,mu=0.003,,,
fork_b0.5,clean,1000,0,comb_prod,40.0,3.0,0.0,3.0,step,0.5,0.0004247940677551889,2.381966011250105,5.618033988749895,0.0,0.999,0.0,0.999,0.0,0.999,0.999,0.999,0.06214026437821372,,,,
fork_b0.5,clean,1000,0,normalized_half_comb,40.0,3.0,0.0,3.0,step,0.5,0.0004247940677551889,2.381966011250105,5.618033988749895,0.0,0.999,0.0,0.999,0.0,0.999,0.999,0.999,0.22375712883877344,,,,
fork_b0.5,clean,1000,1,classical_invA,,3.0,0.0,3.0,step,0.5,0.0004247940677551889,2.255355714094961,5.999999999999998,0.0,0.99875,0.0,0.99875,0.0,0.999,1.0,1.0,1.0,fixed-tau 0.350,0.999,0.0,0.35
fork_b0.5,clean,1000,1,fitted_moment,40.0,3.0,0.0,3.0,step,0.5,0.0004247940677551889,2.255355714094961,5.999999999999998,0.0,0.99825,0.0,0.99825,0.0,0.99925,1.0,1.0,0.05201747733406792,mu=0.003,,,
fork_b0.5,clean,1000,1,comb_prod,40.0,3.0,0.0,3.0,step,0.5,0.0004247940677551889,2.255355714094961,5.999999999999998,0.0,0.99675,0.0,0.99675,0.0,0.99925,1.0,1.0,0.34171967814860593,,,,
fork_b0.5,clean,1000,1,normalized_half_comb,40.0,3.0,0.0,3.0,step,0.5,0.0004247940677551889,2.255355714094961,5.999999999999998,0.0,0.996,0.0,0.996,0.0007501875468867217,0.999,0.99975,0.99975,0.22431067417411715,,,,
fork_b0.5,clean,1000,2,classical_invA,,3.0,0.0,3.0,step,0.5,0.0004247940677551889,2.0663217121777717,6.107446378620112,0.0005012531328320802,0.997,0.0005012531328320802,0.997,0.00249500998003992,0.9995,0.9975,1.0,0.9999999999999999,fixed-tau 0.350,0.9975,0.000501002004008016,0.35
fork_b0.5,clean,1000,2,fitted_moment,40.0,3.0,0.0,3.0,step,0.5,0.0004247940677551889,2.0663217121777717,6.107446378620112,0.0,0.9955,0.0,0.9955,0.0014992503748125937,0.999,0.9975,1.0,0.05202498375403012,mu=0.003,,,
fork_b0.5,clean,1000,2,comb_prod,40.0,3.0,0.0,3.0,step,0.5,0.0004247940677551889,2.0663217121777717,6.107446378620112,0.0,0.9915,0.0,0.995,0.7889287978026621,0.999,0.9965,0.998,0.32896707789632734,,,,
fork_b0.5,clean,1000,2,normalized_half_comb,40.0,3.0,0.0,3.0,step,0.5,0.0004247940677551889,2.0663217121777717,6.107446378620112,0.0005042864346949068,0.991,0.001004016064257028,0.995,0.0024962556165751375,0.999,0.991,0.9995,0.22522751767226787,,,,
occ0.05_fork0.5,clean,1000,0,classical_invA,,3.0,0.05,3.0,step,0.5,0.0004247940677551889,2.3835720504430413,204.00186637179237,0.0,0.99,0.0,0.995,0.0,0.999,0.99975,0.99975,1.0,fixed-tau 0.386,0.0,0.0,0.3857142857142857
occ0.05_fork0.5,clean,1000,0,fitted_moment,40.0,3.0,0.05,3.0,step,0.5,0.0004247940677551889,2.3835720504430413,204.00186637179237,0.0,0.99025,0.0,0.995,0.0,0.999,0.99975,0.99975,0.05260497552515327,mu=0.003,,,
occ0.05_fork0.5,clean,1000,0,comb_prod,40.0,3.0,0.05,3.0,step,0.5,0.0004247940677551889,2.3835720504430413,204.00186637179237,0.999009990099901,0.99,0.9990049950249751,0.995,0.999000999000999,0.999,0.0,0.0,0.9991641208119818,,,,
occ0.05_fork0.5,clean,1000,1,classical_invA,,3.0,0.05,3.0,step,0.5,0.0004247940677551889,2.2587747212240954,204.00311936493762,0.000757002271006813,0.99,0.0007532011046949536,0.995,0.0007501875468867217,0.999,1.0,1.0,1.0,fixed-tau 0.386,0.0,0.0,0.3857142857142857
occ0.05_fork0.5,clean,1000,1,fitted_moment,40.0,3.0,0.05,3.0,step,0.5,0.0004247940677551889,2.2587747212240954,204.00311936493762,0.0,0.99,0.0,0.995,0.0,0.999,1.0,1.0,0.05540107626469628,mu=0.003,,,
occ0.05_fork0.5,clean,1000,1,comb_prod,40.0,3.0,0.05,3.0,step,0.5,0.0004247940677551889,2.2587747212240954,204.00311936493762,0.999009765809614,0.99,0.9990047696041634,0.995,0.9990009987512485,0.999,0.00075,0.00075,0.9990674888018368,,,,
occ0.05_fork0.5,clean,1000,2,classical_invA,,3.0,0.05,3.0,step,0.5,0.0004247940677551889,2.0700344027250237,204.0057634933856,0.0025188916876574307,0.99,0.002506265664160401,0.995,0.0024962556165751375,0.999,0.5005,1.0,1.0,fixed-tau 0.386,0.0,0.0,0.3857142857142857
occ0.05_fork0.5,clean,1000,2,fitted_moment,40.0,3.0,0.05,3.0,step,0.5,0.0004247940677551889,2.0700344027250237,204.0057634933856,0.0010090817356205853,0.99,0.001004016064257028,0.995,0.0012496875781054736,0.999,0.5025,1.0,0.057899456115407796,mu=0.003,,,
occ0.05_fork0.5,clean,1000,2,comb_prod,40.0,3.0,0.05,3.0,step,0.5,0.0004247940677551889,2.0700344027250237,204.0057634933856,0.999009766057231,0.99,0.9990047698530286,0.995,0.9990007736752374,0.999,0.002,0.002,0.9989475473983898,,,,
occ_a0.10,moderate,1000,0,classical_invA,,3.0,0.1,3.0,step,0.0,0.0031777035588293387,1.1091095121880616,400.4000565463877,0.743156359779943,0.9900357690342361,0.9141427500771503,0.9951456310679612,0.9986310460963987,0.9992335206949412,0.0,0.0,1.0,fixed-tau 0.418,0.0,0.0,0.4181818181818181
occ_a0.10,moderate,1000,0,fitted_moment,40.0,3.0,0.1,3.0,step,0.0,0.0031777035588293387,1.1091095121880616,400.4000565463877,0.9850723844891481,0.9900357690342361,0.9937178635252221,0.9951456310679612,0.998804965184795,0.9992335206949412,0.0015329586101175269,0.0015329586101175269,0.10856738042845335,mu=0.139,,,
occ_a0.10,moderate,1000,0,comb_prod,40.0,3.0,0.1,3.0,step,0.0,0.0031777035588293387,1.1091095121880616,400.4000565463877,0.9990070666108403,0.9900357690342361,0.9990019469081878,0.9951456310679612,0.9990000692869402,0.9992335206949412,0.0012774655084312723,0.0012774655084312723,0.8987584976394429,,,,
occ_a0.10,moderate,1000,1,classical_invA,,3.0,0.1,3.0,step,0.0,0.0031777035588293387,0.7767478700656619,400.4013842271047,0.5749589939857845,0.9900662251655629,0.8982525586603818,0.9951604686704024,0.9979343749391185,0.9992358634742741,0.00025471217524197657,0.00025471217524197657,1.0,fixed-tau 0.418,0.0,0.0,0.4181818181818181
occ_a0.10,moderate,1000,1,fitted_moment,40.0,3.0,0.1,3.0,step,0.0,0.0031777035588293387,0.7767478700656619,400.4013842271047,0.9533373349339735,0.9900662251655629,0.9795003908934933,0.9951604686704024,0.9975915050054702,0.9992358634742741,0.0,0.0,0.10541730288868013,mu=0.003,,,
occ_a0.10,moderate,1000,1,comb_prod,40.0,3.0,0.1,3.0,step,0.0,0.0031777035588293387,0.7767478700656619,400.4013842271047,0.9990099970684503,0.9900662251655629,0.9990049183572061,0.9951604686704024,0.9990008483747295,0.9992358634742741,0.0,0.0,0.9881260636971029,,,,
occ_a0.10,moderate,1000,2,classical_invA,,3.0,0.1,3.0,step,0.0,0.0031777035588293387,0.6462451800930287,401.2001124056875,0.6556912727916445,0.990073810129804,0.872567871459766,0.9951641639093917,0.9972087057665893,0.9992364469330618,0.0005090353779587681,0.0005090353779587681,0.9999999999999999,fixed-tau 0.418,0.0,0.0,0.4181818181818181
occ_a0.10,moderate,1000,2,fitted_moment,40.0,3.0,0.1,3.0,step,0.0,0.0031777035588293387,0.6462451800930287,401.2001124056875,0.9761986343278103,0.990073810129804,0.993310395918486,0.9951641639093917,0.9984295711041083,0.9992364469330618,0.0007635530669381522,0.0007635530669381522,0.11581245464193814,mu=0.003,,,
occ_a0.10,moderate,1000,2,comb_prod,40.0,3.0,0.1,3.0,step,0.0,0.0031777035588293387,0.6462451800930287,401.2001124056875,0.9980400741849556,0.990073810129804,0.9983576990313364,0.9951641639093917,0.9990008380642522,0.9992364469330618,0.0015271061338763044,0.0015271061338763044,0.7507844986570612,,,,
fork_b0.5,moderate,1000,0,classical_invA,,3.0,0.0,3.0,step,0.5,0.0031777035588293387,1.5679669948797816,7.715859111604982,0.9172484468071479,0.9902912621359223,0.9199630124319326,0.9951456310679612,0.9988629665533797,1.0,0.0015329586101175269,0.0015329586101175269,1.0000000000000002,fixed-tau 0.350,0.9481349003576903,0.4589590319288526,0.35
fork_b0.5,moderate,1000,0,fitted_moment,40.0,3.0,0.0,3.0,step,0.5,0.0031777035588293387,1.5679669948797816,7.715859111604982,0.9580081072922506,0.9951456310679612,0.9580081072922506,0.9951456310679612,0.9989996114996115,1.0,0.0007664793050587634,0.0007664793050587634,0.06066104045282399,mu=1.39,,,
fork_b0.5,moderate,1000,0,comb_prod,40.0,3.0,0.0,3.0,step,0.5,0.0031777035588293387,1.5679669948797816,7.715859111604982,0.9989972694440185,0.9956566172713337,0.9989972694440185,0.9956566172713337,0.9990003649907423,0.9992335206949412,0.0,0.0,0.5617454011906985,,,,
fork_b0.5,moderate,1000,0,normalized_half_comb,40.0,3.0,0.0,3.0,step,0.5,0.0031777035588293387,1.5679669948797816,7.715859111604982,0.9924745024259828,0.9902912621359223,0.998999998721553,0.9992335206949412,0.998999998721553,0.9992335206949412,0.0,0.0,0.20437819221922265,,,,
fork_b0.5,moderate,1000,1,classical_invA,,3.0,0.0,3.0,step,0.5,0.0031777035588293387,1.7130767671496419,8.236067977499022,0.9149713435708973,0.9900662251655629,0.9195560863119749,0.9951604686704024,0.9989909348631234,1.0,0.00025471217524197657,0.00025471217524197657,1.0,fixed-tau 0.350,0.9544065206316862,0.445299777942265,0.35
fork_b0.5,moderate,1000,1,fitted_moment,40.0,3.0,0.0,3.0,step,0.5,0.0031777035588293387,1.7130767671496419,8.236067977499022,0.9620048975784196,0.9959246051961284,0.9620048975784196,0.9959246051961284,0.9990000853212984,1.0,0.001782985226693836,0.001782985226693836,0.05728246766922236,mu=0.3,,,
fork_b0.5,moderate,1000,1,comb_prod,40.0,3.0,0.0,3.0,step,0.5,0.0031777035588293387,1.7130767671496419,8.236067977499022,0.990905453686134,0.9900662251655629,0.9990034181634945,0.9954151808456444,0.9990008371777204,0.9992358634742741,0.0005094243504839531,0.0005094243504839531,0.4172489912159798,,,,
fork_b0.5,moderate,1000,1,normalized_half_comb,40.0,3.0,0.0,3.0,step,0.5,0.0031777035588293387,1.7130767671496419,8.236067977499022,0.9909239498447241,0.9900662251655629,0.9909438365075434,0.9964340295466123,0.9990005436757063,0.9992358634742741,0.0,0.0,0.21971492577002072,,,,
fork_b0.5,moderate,1000,2,classical_invA,,3.0,0.0,3.0,step,0.5,0.0031777035588293387,1.4865454613916729,8.642001756430448,0.9150311101408143,0.9905828455077628,0.9171610169491525,0.9951641639093917,0.9988364558213209,0.9994909646220412,0.00025451768897938407,0.00025451768897938407,1.0,fixed-tau 0.350,0.9417154492237211,0.4663204961777008,0.35
fork_b0.5,moderate,1000,2,fitted_moment,40.0,3.0,0.0,3.0,step,0.5,0.0031777035588293387,1.4865454613916729,8.642001756430448,0.962714576942862,0.9961822346653092,0.962714576942862,0.9961822346653092,0.99900007558604,1.0,0.002799694578773225,0.002799694578773225,0.06431783390715272,mu=3,,,
fork_b0.5,moderate,1000,2,comb_prod,40.0,3.0,0.0,3.0,step,0.5,0.0031777035588293387,1.4865454613916729,8.642001756430448,0.9990025964559724,0.9974548231102062,0.9990025964559724,0.9974548231102062,0.9990008367928236,0.9992364469330618,0.0,0.0,0.5860968895648437,,,,
fork_b0.5,moderate,1000,2,normalized_half_comb,40.0,3.0,0.0,3.0,step,0.5,0.0031777035588293387,1.4865454613916729,8.642001756430448,0.9934771215211593,0.9946551285314329,0.9990011592459732,0.9984728938661237,0.9990008207725442,0.9992364469330618,0.0,0.0,0.23001035358188865,,,,
occ0.05_fork0.5,moderate,1000,0,classical_invA,,3.0,0.05,3.0,step,0.5,0.0031777035588293387,1.5761924390602826,202.23063673048873,0.8050314465408805,0.9900357690342361,0.9201009251471826,0.9951456310679612,0.9986842300037276,0.9992335206949412,0.0,0.0,1.0,fixed-tau 0.386,0.0,0.0,0.3857142857142857
occ0.05_fork0.5,moderate,1000,0,fitted_moment,40.0,3.0,0.05,3.0,step,0.5,0.0031777035588293387,1.5761924390602826,202.23063673048873,0.9674536582088173,0.9900357690342361,0.9887713330258303,0.9951456310679612,0.9982167007276371,0.9992335206949412,0.005620848237097598,0.005620848237097598,0.11646679516535789,mu=3,,,
occ0.05_fork0.5,moderate,1000,0,comb_prod,40.0,3.0,0.05,3.0,step,0.5,0.0031777035588293387,1.5761924390602826,202.23063673048873,0.9987083449582287,0.9900357690342361,0.9987463492854352,0.9951456310679612,0.9989966103851723,0.9992335206949412,0.0012774655084312723,0.0012774655084312723,0.8799117822645787,,,,
occ0.05_fork0.5,moderate,1000,1,classical_invA,,3.0,0.05,3.0,step,0.5,0.0031777035588293387,1.7202640615702072,202.25017907601543,0.7114756532066508,0.9900662251655629,0.9118794686153777,0.9951604686704024,0.9982116620784379,0.9992358634742741,0.00025471217524197657,0.00025471217524197657,1.0,fixed-tau 0.386,0.0,0.0,0.3857142857142857
occ0.05_fork0.5,moderate,1000,1,fitted_moment,40.0,3.0,0.05,3.0,step,0.5,0.0031777035588293387,1.7202640615702072,202.25017907601543,0.7411427810335642,0.9900662251655629,0.9013782310177706,0.9951604686704024,0.9979628282362496,0.9992358634742741,0.018339276617422313,0.018339276617422313,0.2157334402432132,mu=30,,,
occ0.05_fork0.5,moderate,1000,1,comb_prod,40.0,3.0,0.05,3.0,step,0.5,0.0031777035588293387,1.7202640615702072,202.25017907601543,0.9990050454205597,0.9900662251655629,0.9990025280183166,0.9951604686704024,0.9990002545872209,0.9992358634742741,0.001782985226693836,0.001782985226693836,0.974039119999998,,,,
occ0.05_fork0.5,moderate,1000,2,classical_invA,,3.0,0.05,3.0,step,0.5,0.0031777035588293387,1.4931282755364186,202.64491857727018,0.7617589416952474,0.990073810129804,0.8988173796030329,0.9951641639093917,0.997364711568151,0.9992364469330618,0.0007635530669381522,0.0007635530669381522,0.9999999999999998,fixed-tau 0.386,0.0,0.0,0.3857142857142857
occ0.05_fork0.5,moderate,1000,2,fitted_moment,40.0,3.0,0.05,3.0,step,0.5,0.0031777035588293387,1.4931282755364186,202.64491857727018,0.7931841139879845,0.990073810129804,0.865714187588007,0.9951641639093917,0.9972397734167542,0.9992364469330618,0.00814456604734029,0.00814456604734029,0.2452933660017037,mu=30,,,
occ0.05_fork0.5,moderate,1000,2,comb_prod,40.0,3.0,0.05,3.0,step,0.5,0.0031777035588293387,1.4931282755364186,202.64491857727018,0.9980367991650593,0.990073810129804,0.9989904719659746,0.9951641639093917,0.9989958136735596,0.9992364469330618,0.002799694578773225,0.002799694578773225,0.8626993691011474,,,,
base,heavy,1000,0,classical_invA,,3.0,0.0,3.0,step,0.0,0.006312668537322595,0.06447994045241108,7.935520059547584,0.9770225436981982,0.9956819913639827,0.9770225436981982,0.9956819913639827,0.9990000622262522,1.0,0.000254000508001016,0.000254000508001016,1.0000000000000002,fixed-tau 0.350,0.9895859791719583,0.9433506848518335,0.35
base,heavy,1000,0,fitted_moment,40.0,3.0,0.0,3.0,step,0.0,0.006312668537322595,0.06447994045241108,7.935520059547584,0.9770225436981982,0.9956819913639827,0.9770225436981982,0.9956819913639827,0.9990000607024364,1.0,0.000254000508001016,0.000254000508001016,0.18069251953818133,mu=0.003,,,
base,heavy,1000,0,comb_prod,40.0,3.0,0.0,3.0,step,0.0,0.006312668537322595,0.06447994045241108,7.935520059547584,0.999008866087925,0.9908559817119634,0.9990047092140353,0.9951739903479807,0.9990008224039288,0.9992379984759969,0.0,0.0,0.7409383573900552,,,,
base,heavy,1000,0,normalized_half_comb,40.0,3.0,0.0,3.0,step,0.0,0.006312668537322595,0.06447994045241108,7.935520059547584,0.9771339406702606,0.9900939801879604,0.9990048586165198,0.9951739903479807,0.9990008206274917,0.9992379984759969,0.003556007112014224,0.003556007112014224,0.225309575045628,,,,
base,heavy,1000,1,classical_invA,,3.0,0.0,3.0,step,0.0,0.006312668537322595,0.4255170562410383,7.574482943755644,0.9372417895092192,0.9926264937706585,0.9755482763999376,0.9964403763030766,0.9990000724585175,1.0,0.0,0.0,1.0,fixed-tau 0.350,0.9926264937706585,0.9372417895092192,0.35
base,heavy,1000,1,fitted_moment,40.0,3.0,0.0,3.0,step,0.0,0.006312668537322595,0.4255170562410383,7.574482943755644,0.9372417895092192,0.9926264937706585,0.9755482763999376,0.9964403763030766,0.9990000719500732,1.0,0.0002542588354945334,0.0002542588354945334,0.11152669026870063,mu=0.003,,,
base,heavy,1000,1,comb_prod,40.0,3.0,0.0,3.0,step,0.0,0.006312668537322595,0.4255170562410383,7.574482943755644,0.9990074290276161,0.9926264937706585,0.9990048929064932,0.9951690821256038,0.9990008339096124,0.9992372234935164,0.0,0.0,0.7790243504700701,,,,
base,heavy,1000,1,normalized_half_comb,40.0,3.0,0.0,3.0,step,0.0,0.006312668537322595,0.4255170562410383,7.574482943755644,0.975564322405434,0.9905924230867023,0.9990033578197131,0.996694635138571,0.9990003244115083,0.9997457411645054,0.0012712941774726673,0.0012712941774726673,0.2256588707975904,,,,
base,heavy,1000,2,classical_invA,,3.0,0.0,3.0,step,0.0,0.006312668537322595,0.5759606877567615,7.424039312242955,0.9349171825330433,0.9908303616912888,0.9761881561959513,0.9959246051961284,0.9990000876133115,1.0,0.0,0.0,1.0,fixed-tau 0.350,0.9908303616912888,0.9349171825330433,0.35
base,heavy,1000,2,fitted_moment,40.0,3.0,0.0,3.0,step,0.0,0.006312668537322595,0.5759606877567615,7.424039312242955,0.934940847710045,0.9903209373408048,0.9761881561959513,0.9959246051961284,0.9990000876133115,1.0,0.0005094243504839531,0.0005094243504839531,0.10339992890120871,mu=0.003,,,
base,heavy,1000,2,comb_prod,40.0,3.0,0.0,3.0,step,0.0,0.006312668537322595,0.5759606877567615,7.424039312242955,0.9990099821913956,0.9900662251655629,0.9990049099936378,0.9951604686704024,0.999000844812072,0.9992358634742741,0.0,0.0,0.6704155225580122,,,,
base,heavy,1000,2,normalized_half_comb,40.0,3.0,0.0,3.0,step,0.0,0.006312668537322595,0.5759606877567615,7.424039312242955,0.9763069854173395,0.9903209373408048,0.9990043942659834,0.9956698930208864,0.999000341793965,0.999745287824758,0.0,0.0,0.2238940377472878,,,,
occ_a0.05,heavy,1000,0,classical_invA,,3.0,0.05,3.0,step,0.0,0.006312668537322595,0.08344383297845537,202.70487253298614,0.9433421997412753,0.9900939801879604,0.9695807453416149,0.9951739903479807,0.9982771381398873,0.9992379984759969,0.000254000508001016,0.000254000508001016,1.0000000000000002,fixed-tau 0.386,0.000254000508001016,0.5,0.3857142857142857
occ_a0.05,heavy,1000,0,fitted_moment,40.0,3.0,0.05,3.0,step,0.0,0.006312668537322595,0.08344383297845537,202.70487253298614,0.9850858196677406,0.9900939801879604,0.9973034505921672,0.9951739903479807,0.9987978381866975,0.9992379984759969,0.000254000508001016,0.000254000508001016,0.19236301498299724,mu=0.003,,,
occ_a0.05,heavy,1000,0,comb_prod,40.0,3.0,0.05,3.0,step,0.0,0.006312668537322595,0.08344383297845537,202.70487253298614,0.9980710017825171,0.9900939801879604,0.9984759394483508,0.9951739903479807,0.9989731950130791,0.9992379984759969,0.0,0.0,0.851836827973967,,,,
occ_a0.05,heavy,1000,1,classical_invA,,3.0,0.05,3.0,step,0.0,0.006312668537322595,0.4408184456601482,202.71320096651152,0.9147193447362082,0.9900839054157132,0.9646527589632439,0.9951690821256038,0.9984123604806225,0.9992372234935164,0.0,0.0,1.0000000000000002,fixed-tau 0.386,0.0,0.0,0.3857142857142857
occ_a0.05,heavy,1000,1,fitted_moment,40.0,3.0,0.05,3.0,step,0.0,0.006312668537322595,0.4408184456601482,202.71320096651152,0.8896571266647776,0.9900839054157132,0.9916511307449136,0.9951690821256038,0.998857955199297,0.9992372234935164,0.0,0.0,0.16731828447998948,mu=0.003,,,
occ_a0.05,heavy,1000,1,comb_prod,40.0,3.0,0.05,3.0,step,0.0,0.006312668537322595,0.4408184456601482,202.71320096651152,0.9987044434197104,0.9900839054157132,0.9987007085022594,0.9951690821256038,0.9989414711665365,0.9992372234935164,0.0,0.0,0.8486589334477941,,,,
occ_a0.05,heavy,1000,2,classical_invA,,3.0,0.05,3.0,step,0.0,0.006312668537322595,0.5900754780106967,202.32098779210577,0.9201306840364107,0.9900662251655629,0.9644501464941493,0.9951604686704024,0.9984567579486013,0.9992358634742741,0.0,0.0,1.0,fixed-tau 0.386,0.0,0.0,0.3857142857142857
occ_a0.05,heavy,1000,2,fitted_moment,40.0,3.0,0.05,3.0,step,0.0,0.006312668537322595,0.5900754780106967,202.32098779210577,0.9172291901790848,0.9900662251655629,0.9953971124449968,0.9951604686704024,0.9986408289038144,0.9992358634742741,0.0,0.0,0.16433545639597688,mu=0.003,,,
occ_a0.05,heavy,1000,2,comb_prod,40.0,3.0,0.05,3.0,step,0.0,0.006312668537322595,0.5900754780106967,202.32098779210577,0.9990100086671997,0.9900662251655629,0.9990049213984687,0.9951604686704024,0.9990008509194693,0.9992358634742741,0.0,0.0,0.9327713355660812,,,,
fork_b0.5,heavy,1000,0,classical_invA,,3.0,0.0,3.0,step,0.5,0.006312668537322595,1.2004385833187579,9.424328316886875,0.9766187805536395,0.9900939801879604,0.9984374358154228,0.9951739903479807,0.9988636787058762,0.9992379984759969,0.0,0.0,0.9999999999999999,fixed-tau 0.350,0.8796037592075184,0.9041145198803854,0.35
fork_b0.5,heavy,1000,0,fitted_moment,40.0,3.0,0.0,3.0,step,0.5,0.006312668537322595,1.2004385833187579,9.424328316886875,0.9901419498876167,0.9959359918719838,0.9901419498876167,0.9959359918719838,0.9989993269539685,1.0,0.0,0.0,0.1413061967898776,mu=0.003,,,
fork_b0.5,heavy,1000,0,comb_prod,40.0,3.0,0.0,3.0,step,0.5,0.006312668537322595,1.2004385833187579,9.424328316886875,0.9989649242626214,0.9900939801879604,0.9989646665370078,0.9951739903479807,0.9990007574329779,0.9992379984759969,0.0,0.0,0.7272607710727435,,,,
fork_b0.5,heavy,1000,0,normalized_half_comb,40.0,3.0,0.0,3.0,step,0.5,0.006312668537322595,1.2004385833187579,9.424328316886875,0.9990044792078553,0.9944119888239776,0.9990037508095478,0.9951739903479807,0.9990008056544138,0.9992379984759969,0.0,0.0,0.22855912709299442,,,,
fork_b0.5,heavy,1000,1,classical_invA,,3.0,0.0,3.0,step,0.5,0.006312668537322595,1.2467726875847505,8.81712111878102,0.9747890998789307,0.9900839054157132,0.9984219215591528,0.9964403763030766,0.9988785017925422,0.9992372234935164,0.0,0.0,1.0000000000000002,fixed-tau 0.350,0.8916857360793288,0.8932257573451058,0.35
fork_b0.5,heavy,1000,1,fitted_moment,40.0,3.0,0.0,3.0,step,0.5,0.006312668537322595,1.2467726875847505,8.81712111878102,0.9312266346899908,0.9916094584286804,0.997560886116019,0.9972031528095602,0.9989999443142142,1.0,0.0002542588354945334,0.0002542588354945334,0.12545708311886605,mu=0.003,,,
fork_b0.5,heavy,1000,1,comb_prod,40.0,3.0,0.0,3.0,step,0.5,0.006312668537322595,1.2467726875847505,8.81712111878102,0.998990697256091,0.9900839054157132,0.9990031970476106,0.9959318586320874,0.9990003145792077,0.999491482329011,0.0,0.0,0.692336780300679,,,,
fork_b0.5,heavy,1000,1,normalized_half_comb,40.0,3.0,0.0,3.0,step,0.5,0.006312668537322595,1.2467726875847505,8.81712111878102,0.9975419958917747,0.9918637172641749,0.9990017182993911,0.9951690821256038,0.999000599386068,0.9992372234935164,0.0,0.0,0.2237663426869632,,,,
fork_b0.5,heavy,1000,2,classical_invA,,3.0,0.0,3.0,step,0.5,0.006312668537322595,1.4548977945209693,8.675981596064164,0.9752398303033392,0.9900662251655629,0.9760575550149219,0.9951604686704024,0.9989338431178948,0.999490575649516,0.00025471217524197657,0.00025471217524197657,1.0,fixed-tau 0.350,0.8968415690269995,0.8937697993664203,0.35
fork_b0.5,heavy,1000,2,fitted_moment,40.0,3.0,0.0,3.0,step,0.5,0.006312668537322595,1.4548977945209693,8.675981596064164,0.9362643847742697,0.9903209373408048,0.9916095255049405,0.9964340295466123,0.9989999933774396,1.0,0.0007641365257259297,0.0007641365257259297,0.12580987498650076,mu=0.003,,,
fork_b0.5,heavy,1000,2,comb_prod,40.0,3.0,0.0,3.0,step,0.5,0.006312668537322595,1.4548977945209693,8.675981596064164,0.9990064844267456,0.9903209373408048,0.9990025328568026,0.9951604686704024,0.999000778898325,0.9992358634742741,0.0,0.0,0.6479454894087231,,,,
fork_b0.5,heavy,1000,2,normalized_half_comb,40.0,3.0,0.0,3.0,step,0.5,0.006312668537322595,1.4548977945209693,8.675981596064164,0.9973125284697103,0.9903209373408048,0.9990019853226838,0.9971981660723382,0.9990005671011045,0.9992358634742741,0.0,0.0,0.2108274468886728,,,,
occ0.05_fork0.5,heavy,1000,0,classical_invA,,3.0,0.05,3.0,step,0.5,0.006312668537322595,1.21099495360188,202.85100770069317,0.9596851761834335,0.9900939801879604,0.9748520520160721,0.9951739903479807,0.9960809316504119,0.9992379984759969,0.0,0.0,0.9999999999999998,fixed-tau 0.386,0.0,0.0,0.3857142857142857
occ0.05_fork0.5,heavy,1000,0,fitted_moment,40.0,3.0,0.05,3.0,step,0.5,0.006312668537322595,1.21099495360188,202.85100770069317,0.9706566496789395,0.9900939801879604,0.991438348680789,0.9951739903479807,0.9973930791353558,0.9992379984759969,0.000762001524003048,0.000762001524003048,0.28720186587572455,mu=13.9,,,
occ0.05_fork0.5,heavy,1000,0,comb_prod,40.0,3.0,0.05,3.0,step,0.5,0.006312668537322595,1.21099495360188,202.85100770069317,0.999007797368703,0.9900939801879604,0.9990037741145528,0.9951739903479807,0.9990006231498255,0.9992379984759969,0.0,0.0,0.9310850043578687,,,,
occ0.05_fork0.5,heavy,1000,1,classical_invA,,3.0,0.05,3.0,step,0.5,0.006312668537322595,1.2525119373419902,203.27234713248666,0.9318897362345204,0.9900839054157132,0.9682134909935517,0.9951690821256038,0.9983966356274907,0.9992372234935164,0.0,0.0,1.0,fixed-tau 0.386,0.0,0.0,0.3857142857142857
occ0.05_fork0.5,heavy,1000,1,fitted_moment,40.0,3.0,0.05,3.0,step,0.5,0.006312668537322595,1.2525119373419902,203.27234713248666,0.9217443729903537,0.9900839054157132,0.9804545295653955,0.9951690821256038,0.9985959511948348,0.9992372234935164,0.0010170353419781336,0.0010170353419781336,0.31711591576675274,mu=30,,,
occ0.05_fork0.5,heavy,1000,1,comb_prod,40.0,3.0,0.05,3.0,step,0.5,0.006312668537322595,1.2525119373419902,203.27234713248666,0.9990097202039966,0.9900839054157132,0.9990047684154078,0.9951690821256038,0.99900081841362,0.9992372234935164,0.0012712941774726673,0.0012712941774726673,0.9097793385955192,,,,
occ0.05_fork0.5,heavy,1000,2,classical_invA,,3.0,0.05,3.0,step,0.5,0.006312668537322595,1.4648783094293432,202.45623653609525,0.9313541961005933,0.9900662251655629,0.9715614627613114,0.9951604686704024,0.9987544224670055,0.9992358634742741,0.0,0.0,1.0,fixed-tau 0.386,0.0,0.0,0.3857142857142857
occ0.05_fork0.5,heavy,1000,2,fitted_moment,40.0,3.0,0.05,3.0,step,0.5,0.006312668537322595,1.4648783094293432,202.45623653609525,0.9383681106107693,0.9900662251655629,0.9807931490485062,0.9951604686704024,0.9988052532311916,0.9992358634742741,0.0058583800305654615,0.0058583800305654615,0.3045114406226449,mu=30,,,
occ0.05_fork0.5,heavy,1000,2,comb_prod,40.0,3.0,0.05,3.0,step,0.5,0.006312668537322595,1.4648783094293432,202.45623653609525,0.9990098212889187,0.9900662251655629,0.9990048177316161,0.9951604686704024,0.9990008359053171,0.9992358634742741,0.0,0.0,0.9214630166623679,,,,
erf,heavy,1000,0,classical_invA,,3.0,0.0,3.0,erf,0.0,0.006312668537322595,-3.2142059983388895,11.214205998339837,0.9990097842864096,0.9900939801879604,0.9990048141290994,0.9951739903479807,0.9990008211350458,0.9992379984759969,0.000762001524003048,0.000762001524003048,0.9999999999999998,fixed-tau 0.350,0.9781559563119127,0.9792536485241592,0.35
erf,heavy,1000,0,fitted_moment,40.0,3.0,0.0,3.0,erf,0.0,0.006312668537322595,-3.2142059983388895,11.214205998339837,0.9896994120367312,0.9900939801879604,0.9908217551109331,0.9951739903479807,0.9989826873242685,0.9992379984759969,0.0,0.0,0.3556175067563754,mu=0.003,,,
erf,heavy,1000,0,comb_prod,40.0,3.0,0.0,3.0,erf,0.0,0.006312668537322595,-3.2142059983388895,11.214205998339837,0.9990097322136041,0.9900939801879604,0.9990047893559707,0.9951739903479807,0.9990008021014143,0.9992379984759969,0.0,0.0,0.16860715206206525,,,,
erf,heavy,1000,0,normalized_half_comb,40.0,3.0,0.0,3.0,erf,0.0,0.006312668537322595,-3.2142059983388895,11.214205998339837,0.9907211243197951,0.9900939801879604,0.9922555242148291,0.9951739903479807,0.9989785890560516,0.9992379984759969,0.0,0.0,0.04675413202920021,,,,
erf,heavy,1000,1,classical_invA,,3.0,0.0,3.0,erf,0.0,0.006312668537322595,-2.639802220881434,10.639802220862157,0.9990098957034202,0.9900839054157132,0.9990048658348627,0.9951690821256038,0.9990008280669176,0.9992372234935164,0.0002542588354945334,0.0002542588354945334,1.0,fixed-tau 0.350,0.977116704805492,0.9776923836004481,0.35
erf,heavy,1000,1,fitted_moment,40.0,3.0,0.0,3.0,erf,0.0,0.006312668537322595,-2.639802220881434,10.639802220862157,0.9876973044016732,0.9900839054157132,0.9900516986330617,0.9951690821256038,0.9989787506369822,0.9997457411645054,0.0,0.0,0.4243937848941251,mu=0.003,,,
erf,heavy,1000,1,comb_prod,40.0,3.0,0.0,3.0,erf,0.0,0.006312668537322595,-2.639802220881434,10.639802220862157,0.9990097091230357,0.9900839054157132,0.9990047792969684,0.9951690821256038,0.9990008217160848,0.9992372234935164,0.0,0.0,0.11257956420567976,,,,
erf,heavy,1000,1,normalized_half_comb,40.0,3.0,0.0,3.0,erf,0.0,0.006312668537322595,-2.639802220881434,10.639802220862157,0.9845094458964353,0.9900839054157132,0.9917935342107305,0.9951690821256038,0.9989632297424853,0.9992372234935164,0.0,0.0,0.05457669603119736,,,,
erf,heavy,1000,2,classical_invA,,3.0,0.0,3.0,erf,0.0,0.006312668537322595,-2.463480102264944,10.463480102264787,0.9840479669057899,0.9900662251655629,0.999004839784809,0.9951604686704024,0.9990008371777204,0.9992358634742741,0.0020376974019358125,0.0020376974019358125,0.9999999999999999,fixed-tau 0.350,0.9867549668874173,0.9778607064686283,0.35
erf,heavy,1000,2,fitted_moment,40.0,3.0,0.0,3.0,erf,0.0,0.006312668537322595,-2.463480102264944,10.463480102264787,0.9902575349332665,0.9900662251655629,0.9914966319523794,0.9951604686704024,0.9989875636706376,0.999745287824758,0.0028018339276617422,0.0028018339276617422,0.5685630269115628,mu=30,,,
erf,heavy,1000,2,comb_prod,40.0,3.0,0.0,3.0,erf,0.0,0.006312668537322595,-2.463480102264944,10.463480102264787,0.9990092890304312,0.9900662251655629,0.9990046012035485,0.9951604686704024,0.9990008135104887,0.9992358634742741,0.0,0.0,0.23698148584547293,,,,
erf,heavy,1000,2,normalized_half_comb,40.0,3.0,0.0,3.0,erf,0.0,0.006312668537322595,-2.463480102264944,10.463480102264787,0.9906413571597109,0.9900662251655629,0.9924362248108088,0.9951604686704024,0.9989898703800024,0.9992358634742741,0.0,0.0,0.08830217557161747,,,,
