setout,regime,T,rep,family,degree,gamma,occ_alpha,kernel,eps,n_seg,n_true,lam_min,lam_max,far_e970,eff_e970,far_e980,eff_e980,far_e990,eff_e990,far_e995,eff_e995,eff_f001,eff_f010,eff_f100,cos_C,notes
base,heavy,200,0,classical_invA,,3.0,0.0,step,0.006312668537322595,157609,788,0.6327818341300506,7.367218165869949,0.1311659192825112,0.983502538071066,0.1311659192825112,0.983502538071066,0.6496872207327972,0.9949238578680203,0.9950002855166901,1.0,0.0,0.0,0.5,1.0,reference only (tau_abs 0.350)
base,heavy,200,0,fitted_moment,40.0,3.0,0.0,step,0.006312668537322595,157609,788,0.6327818341300506,7.367218165869949,0.08422301304863583,0.9796954314720813,0.09451575262543757,0.9847715736040609,0.6496872207327972,0.9949238578680203,0.9950002855166901,1.0,0.3134517766497462,0.5139593908629442,0.9847715736040609,0.08879465790450491,mu=0.00646
base,heavy,200,0,fitted_moment,80.0,3.0,0.0,step,0.006312668537322595,157609,788,0.6327818341300506,7.367218165869949,0.07151515151515152,0.9720812182741116,0.08726415094339622,0.9822335025380711,0.6496872207327972,0.9949238578680203,0.9950002855166901,1.0,0.3147208121827411,0.5152284263959391,0.9822335025380711,0.0715801756501841,mu=0.003
base,heavy,200,0,fitted_moment,84.0,3.0,0.0,step,0.006312668537322595,157609,788,0.6327818341300506,7.367218165869949,0.07151515151515152,0.9720812182741116,0.08293838862559241,0.9822335025380711,0.6495306213679034,0.9949238578680203,0.9950002855166901,1.0,0.5152284263959391,0.5152284263959391,0.9822335025380711,0.071568541272207,mu=0.003
base,heavy,200,0,fitted_moment,160.0,3.0,0.0,step,0.006312668537322595,157609,788,0.6327818341300506,7.367218165869949,0.07151515151515152,0.9720812182741116,0.08293838862559241,0.9822335025380711,0.6493738819320215,0.9949238578680203,0.9950002855166901,1.0,0.5152284263959391,0.5152284263959391,0.9822335025380711,0.07154000739663659,mu=0.003
base,heavy,200,0,comb_prod,40.0,3.0,0.0,step,0.006312668537322595,157609,788,0.6327818341300506,7.367218165869949,0.2047817047817048,0.9708121827411168,0.20880245649948823,0.9809644670050761,0.9950380080965494,0.9923857868020305,0.9950129118630517,0.9974619289340102,0.0,0.0,0.8058375634517766,0.5537785346765493,
base,heavy,200,0,comb_prod,44.0,3.0,0.0,step,0.006312668537322595,157609,788,0.6327818341300506,7.367218165869949,0.9950937120194461,0.9733502538071066,0.9950556479467827,0.9809644670050761,0.9950380080965494,0.9923857868020305,0.9950191619502043,0.9961928934010152,0.0,0.0,0.8058375634517766,0.7334492797916423,
base,heavy,200,0,normalized_half_comb,40.0,3.0,0.0,step,0.006312668537322595,157609,788,0.6327818341300506,7.367218165869949,0.07263922518159806,0.9720812182741116,0.6281744130330618,0.9847715736040609,0.649059982094897,0.9949238578680203,0.9950002855166901,1.0,0.0012690355329949238,0.0012690355329949238,0.9796954314720813,0.20256120915724266,
base,heavy,200,0,normalized_half_comb,44.0,3.0,0.0,step,0.006312668537322595,157609,788,0.6327818341300506,7.367218165869949,0.07263922518159806,0.9720812182741116,0.6281744130330618,0.9847715736040609,0.6425629290617849,0.9911167512690355,0.9950002855166901,1.0,0.0,0.0,0.9796954314720813,0.13420280790129235,
base,heavy,200,1,classical_invA,,3.0,0.0,step,0.006312668537322595,156611,783,0.9324217837610916,7.067578216238909,0.11098265895953757,0.9821200510855683,0.11098265895953757,0.9821200510855683,0.6666666666666666,0.9974457215836526,0.6666666666666666,0.9974457215836526,0.0,0.0,0.5019157088122606,0.9999999999999998,reference only (tau_abs 0.350)
base,heavy,200,1,fitted_moment,40.0,3.0,0.0,step,0.006312668537322595,156611,783,0.9324217837610916,7.067578216238909,0.05795314426633785,0.9757343550446999,0.06341463414634146,0.9808429118773946,0.6666666666666666,0.9974457215836526,0.6666666666666666,0.9974457215836526,0.27330779054916987,0.9310344827586207,0.9821200510855683,0.12037098238171925,mu=0.139
base,heavy,200,1,fitted_moment,80.0,3.0,0.0,step,0.006312668537322595,156611,783,0.9324217837610916,7.067578216238909,0.056511056511056514,0.9808429118773946,0.056511056511056514,0.9808429118773946,0.6663818880820163,0.9974457215836526,0.6663818880820163,0.9974457215836526,0.07279693486590039,0.5159642401021711,0.9808429118773946,0.12087400114539425,mu=0.139
base,heavy,200,1,fitted_moment,84.0,3.0,0.0,step,0.006312668537322595,156611,783,0.9324217837610916,7.067578216238909,0.056511056511056514,0.9808429118773946,0.056511056511056514,0.9808429118773946,0.6663818880820163,0.9974457215836526,0.6663818880820163,0.9974457215836526,0.07279693486590039,0.9348659003831418,0.9808429118773946,0.12087027060150043,mu=0.139
base,heavy,200,1,fitted_moment,160.0,3.0,0.0,step,0.006312668537322595,156611,783,0.9324217837610916,7.067578216238909,0.056580565805658053,0.979565772669221,0.05766871165644172,0.9808429118773946,0.6659538066723696,0.9974457215836526,0.6659538066723696,0.9974457215836526,0.07279693486590039,0.9348659003831418,0.9821200510855683,0.12308538788546654,mu=0.3
base,heavy,200,1,comb_prod,40.0,3.0,0.0,step,0.006312668537322595,156611,783,0.9324217837610916,7.067578216238909,0.995103124335539,0.9706257982120051,0.9950456457733367,0.9821200510855683,0.9950130261544748,0.9974457215836526,0.9950130261544748,0.9974457215836526,0.0,0.0,0.8416347381864623,0.72511182894769,
base,heavy,200,1,comb_prod,44.0,3.0,0.0,step,0.006312668537322595,156611,783,0.9324217837610916,7.067578216238909,0.9950967126712285,0.9719029374201787,0.9950519927326144,0.9808429118773946,0.995032023652165,0.9936143039591315,0.9950193479177043,0.9961685823754789,0.0,0.0,0.8416347381864623,0.7852967724849089,
base,heavy,200,1,normalized_half_comb,40.0,3.0,0.0,step,0.006312668537322595,156611,783,0.9324217837610916,7.067578216238909,0.05693069306930693,0.9731800766283525,0.06341463414634146,0.9808429118773946,0.6476449275362319,0.9936143039591315,0.6666666666666666,0.9974457215836526,0.0038314176245210726,0.0038314176245210726,0.9808429118773946,0.199173427990605,
base,heavy,200,1,normalized_half_comb,44.0,3.0,0.0,step,0.006312668537322595,156611,783,0.9324217837610916,7.067578216238909,0.05693069306930693,0.9731800766283525,0.06341463414634146,0.9808429118773946,0.6476449275362319,0.9936143039591315,0.660574412532637,0.9961685823754789,0.001277139208173691,0.001277139208173691,0.9808429118773946,0.13064136978276175,
base,heavy,200,2,classical_invA,,3.0,0.0,step,0.006312668537322595,157212,786,0.8361882257492791,7.163811774250719,0.13077790304396844,0.9809160305343512,0.13077790304396844,0.9809160305343512,0.6272076372315036,0.9936386768447837,0.9950003816502557,1.0,0.0,0.0,0.5063613231552163,1.0,reference only (tau_abs 0.350)
base,heavy,200,2,fitted_moment,40.0,3.0,0.0,step,0.006312668537322595,157212,786,0.8361882257492791,7.163811774250719,0.06951219512195123,0.9707379134860051,0.09294117647058824,0.9809160305343512,0.6272076372315036,0.9936386768447837,0.9950003816502557,1.0,0.24681933842239187,0.9223918575063613,0.9809160305343512,0.11756678273473513,mu=0.0646
base,heavy,200,2,fitted_moment,80.0,3.0,0.0,step,0.006312668537322595,157212,786,0.8361882257492791,7.163811774250719,0.06150061500615006,0.9707379134860051,0.12045454545454545,0.9847328244274809,0.6250600096015363,0.9936386768447837,0.9950003180459258,1.0,0.12086513994910941,0.926208651399491,0.9770992366412213,0.10002511893081582,mu=0.003
base,heavy,200,2,fitted_moment,84.0,3.0,0.0,step,0.006312668537322595,157212,786,0.8361882257492791,7.163811774250719,0.05334987593052109,0.9707379134860051,0.10969976905311778,0.9809160305343512,0.6243386243386243,0.9936386768447837,0.9950003180459258,1.0,0.089058524173028,0.9274809160305344,0.9770992366412213,0.11827554790481118,mu=0.0646
base,heavy,200,2,fitted_moment,160.0,3.0,0.0,step,0.006312668537322595,157212,786,0.8361882257492791,7.163811774250719,0.05672009864364982,0.9732824427480916,0.17796610169491525,0.9872773536895675,0.6230694980694981,0.9936386768447837,0.9949998727702996,1.0,0.2900763358778626,0.926208651399491,0.9796437659033079,0.12203493233269176,mu=0.3
base,heavy,200,2,comb_prod,40.0,3.0,0.0,step,0.006312668537322595,157212,786,0.8361882257492791,7.163811774250719,0.19002123142250532,0.9707379134860051,0.9950535016338823,0.9821882951653944,0.9950090017362779,0.9910941475826972,0.9950003498482931,1.0,0.1984732824427481,0.3969465648854962,0.8295165394402035,0.5227048131210436,
base,heavy,200,2,comb_prod,44.0,3.0,0.0,step,0.006312668537322595,157212,786,0.8361882257492791,7.163811774250719,0.9951106354892248,0.9707379134860051,0.9950597823997539,0.9809160305343512,0.9950255402250593,0.9949109414758269,0.9950192423905092,0.9961832061068703,0.0,0.7938931297709924,0.8027989821882952,0.8277853254918233,
base,heavy,200,2,normalized_half_comb,40.0,3.0,0.0,step,0.006312668537322595,157212,786,0.8361882257492791,7.163811774250719,0.07064555420219244,0.9707379134860051,0.6085192697768763,0.9821882951653944,0.6272076372315036,0.9936386768447837,0.9950003816502557,1.0,0.010178117048346057,0.010178117048346057,0.9770992366412213,0.1993489213741644,
base,heavy,200,2,normalized_half_comb,44.0,3.0,0.0,step,0.006312668537322595,157212,786,0.8361882257492791,7.163811774250719,0.07177615571776155,0.9707379134860051,0.6077235772357723,0.9821882951653944,0.6272076372315036,0.9936386768447837,0.9950003816502557,1.0,0.010178117048346057,0.010178117048346057,0.9770992366412213,0.13093975910878058,
base,heavy,200,3,classical_invA,,3.0,0.0,step,0.006312668537322595,157608,788,0.975112968044996,7.024887031955003,0.14126807563959956,0.9796954314720813,0.2176529588766299,0.9898477157360406,0.6508218569524655,0.9974619289340102,0.6508218569524655,0.9974619289340102,0.0025380710659898475,0.0025380710659898475,0.501269035532995,1.0000000000000002,reference only (tau_abs 0.350)
base,heavy,200,3,fitted_moment,40.0,3.0,0.0,step,0.006312668537322595,157608,788,0.975112968044996,7.024887031955003,0.0924170616113744,0.9720812182741116,0.17834394904458598,0.9822335025380711,0.6508218569524655,0.9974619289340102,0.6508218569524655,0.9974619289340102,0.282994923857868,0.9149746192893401,0.9720812182741116,0.11205263981248266,mu=0.00646
base,heavy,200,3,fitted_moment,80.0,3.0,0.0,step,0.006312668537322595,157608,788,0.975112968044996,7.024887031955003,0.06707317073170732,0.9708121827411168,0.19395203336809178,0.9809644670050761,0.6505113383726101,0.9974619289340102,0.6505113383726101,0.9974619289340102,0.4860406091370558,0.9213197969543148,0.9708121827411168,0.12449523816789843,mu=0.646
base,heavy,200,3,fitted_moment,84.0,3.0,0.0,step,0.006312668537322595,157608,788,0.975112968044996,7.024887031955003,0.06707317073170732,0.9708121827411168,0.19395203336809178,0.9809644670050761,0.6505113383726101,0.9974619289340102,0.6505113383726101,0.9974619289340102,0.0901015228426396,0.9200507614213198,0.9758883248730964,0.12449622563883192,mu=0.646
base,heavy,200,3,fitted_moment,160.0,3.0,0.0,step,0.006312668537322595,157608,788,0.975112968044996,7.024887031955003,0.06364749082007344,0.9708121827411168,0.19395203336809178,0.9809644670050761,0.6494201605709188,0.9974619289340102,0.6494201605709188,0.9974619289340102,0.2880710659898477,0.9213197969543148,0.9708121827411168,0.12448814782061125,mu=0.646
base,heavy,200,3,comb_prod,40.0,3.0,0.0,step,0.006312668537322595,157608,788,0.975112968044996,7.024887031955003,0.9951062237319362,0.9708121827411168,0.9950556163209436,0.9809644670050761,0.9950253807106599,0.9949238578680203,0.9950190987424018,0.9961928934010152,0.39593908629441626,0.39593908629441626,0.8020304568527918,0.7767941862650585,
base,heavy,200,3,comb_prod,44.0,3.0,0.0,step,0.006312668537322595,157608,788,0.975112968044996,7.024887031955003,0.9950809815009083,0.9758883248730964,0.9950556795722172,0.9809644670050761,0.995012848577139,0.9974619289340102,0.995012848577139,0.9974619289340102,0.0,0.39593908629441626,0.8020304568527918,0.758137332619507,
base,heavy,200,3,normalized_half_comb,40.0,3.0,0.0,step,0.006312668537322595,157608,788,0.975112968044996,7.024887031955003,0.08052884615384616,0.9708121827411168,0.6326045627376425,0.9809644670050761,0.6508218569524655,0.9974619289340102,0.6508218569524655,0.9974619289340102,0.0,0.0,0.9733502538071066,0.19734501714542632,
base,heavy,200,3,normalized_half_comb,44.0,3.0,0.0,step,0.006312668537322595,157608,788,0.975112968044996,7.024887031955003,0.0924170616113744,0.9720812182741116,0.6326045627376425,0.9809644670050761,0.6453224341507721,0.9911167512690355,0.6508218569524655,0.9974619289340102,0.0,0.0,0.9720812182741116,0.12735420711102302,
base,heavy,200,4,classical_invA,,3.0,0.0,step,0.006312668537322595,158006,790,0.49983301046878914,7.500166989531206,0.15250544662309368,0.9848101265822785,0.15250544662309368,0.9848101265822785,0.234375,0.9924050632911392,0.6428571428571429,1.0,0.0012658227848101266,0.0012658227848101266,0.5113924050632911,1.0,reference only (tau_abs 0.350)
base,heavy,200,4,fitted_moment,40.0,3.0,0.0,step,0.006312668537322595,158006,790,0.49983301046878914,7.500166989531206,0.09918319719953325,0.9772151898734177,0.19338159255429163,0.9873417721518988,0.20426829268292682,0.9911392405063291,0.6428571428571429,1.0,0.012658227848101266,0.9139240506329114,0.979746835443038,0.11650409138361464,mu=0.00646
base,heavy,200,4,fitted_moment,80.0,3.0,0.0,step,0.006312668537322595,158006,790,0.49983301046878914,7.500166989531206,0.078125,0.970886075949367,0.08608490566037735,0.9810126582278481,0.234375,0.9924050632911392,0.6428571428571429,1.0,0.09113924050632911,0.9253164556962026,0.9810126582278481,0.10875927219560233,mu=0.003
base,heavy,200,4,fitted_moment,84.0,3.0,0.0,step,0.006312668537322595,158006,790,0.49983301046878914,7.500166989531206,0.078125,0.970886075949367,0.08608490566037735,0.9810126582278481,0.20406091370558377,0.9924050632911392,0.6428571428571429,1.0,0.0670886075949367,0.9253164556962026,0.9810126582278481,0.11916240248992138,mu=0.00646
base,heavy,200,4,fitted_moment,160.0,3.0,0.0,step,0.006312668537322595,158006,790,0.49983301046878914,7.500166989531206,0.057387057387057384,0.9772151898734177,0.06626506024096386,0.9810126582278481,0.14596949891067537,0.9924050632911392,0.6402550091074681,1.0,0.3139240506329114,0.930379746835443,0.9848101265822785,0.11090276619497909,mu=0.003
base,heavy,200,4,comb_prod,40.0,3.0,0.0,step,0.006312668537322595,158006,790,0.49983301046878914,7.500166989531206,0.9950890038331281,0.9746835443037974,0.9950573979591837,0.9810126582278481,0.995025221997886,0.9949367088607595,0.995018955816176,0.9962025316455696,0.0,0.41012658227848103,0.8240506329113924,0.7566092084948006,
base,heavy,200,4,comb_prod,44.0,3.0,0.0,step,0.006312668537322595,158006,790,0.49983301046878914,7.500166989531206,0.22289766970618036,0.970886075949367,0.22577422577422576,0.9810126582278481,0.2323529411764706,0.9911392405063291,0.995000158222841,1.0,0.20506329113924052,0.41012658227848103,0.8645569620253165,0.43306916173303994,
base,heavy,200,4,normalized_half_comb,40.0,3.0,0.0,step,0.006312668537322595,158006,790,0.49983301046878914,7.500166989531206,0.078125,0.970886075949367,0.08500590318772137,0.9810126582278481,0.6275534441805226,0.9924050632911392,0.6426956128448665,1.0,0.006329113924050633,0.006329113924050633,0.9810126582278481,0.19905520246426567,
base,heavy,200,4,normalized_half_comb,44.0,3.0,0.0,step,0.006312668537322595,158006,790,0.49983301046878914,7.500166989531206,0.07692307692307693,0.9721518987341772,0.08500590318772137,0.9810126582278481,0.6354793886058361,0.9962025316455696,0.6354793886058361,0.9962025316455696,0.006329113924050633,0.006329113924050633,0.9810126582278481,0.13085137356206564,
base,heavy,200,5,classical_invA,,3.0,0.0,step,0.006312668537322595,156814,784,1.3318495777925252,6.668150422207479,0.10187353629976581,0.9783163265306123,0.17584745762711865,0.9923469387755102,0.17584745762711865,0.9923469387755102,0.9950004463887153,1.0,0.0012755102040816326,0.0012755102040816326,0.49107142857142855,1.0,reference only (tau_abs 0.350)
base,heavy,200,5,fitted_moment,40.0,3.0,0.0,step,0.006312668537322595,156814,784,1.3318495777925252,6.668150422207479,0.04396984924623116,0.9706632653061225,0.16523605150214593,0.9923469387755102,0.16523605150214593,0.9923469387755102,0.9950003507407006,1.0,0.9272959183673469,0.9362244897959183,0.9783163265306123,0.11333721917503052,mu=0.003
base,heavy,200,5,fitted_moment,80.0,3.0,0.0,step,0.006312668537322595,156814,784,1.3318495777925252,6.668150422207479,0.041561712846347604,0.9706632653061225,0.0975609756097561,0.9910714285714286,0.0975609756097561,0.9910714285714286,0.9950000637746967,1.0,0.9272959183673469,0.9362244897959183,0.9910714285714286,0.11570084515129217,mu=0.139
base,heavy,200,5,fitted_moment,84.0,3.0,0.0,step,0.006312668537322595,156814,784,1.3318495777925252,6.668150422207479,0.04396984924623116,0.9706632653061225,0.0975609756097561,0.9910714285714286,0.0975609756097561,0.9910714285714286,0.9950000637746967,1.0,0.9285714285714286,0.9362244897959183,0.9910714285714286,0.11570080137708488,mu=0.139
base,heavy,200,5,fitted_moment,160.0,3.0,0.0,step,0.006312668537322595,156814,784,1.3318495777925252,6.668150422207479,0.0403530895334174,0.9706632653061225,0.0975609756097561,0.9910714285714286,0.0975609756097561,0.9910714285714286,0.9950000637746967,1.0,0.9298469387755102,0.9362244897959183,0.9910714285714286,0.11570040372139287,mu=0.139
base,heavy,200,5,comb_prod,40.0,3.0,0.0,step,0.006312668537322595,156814,784,1.3318495777925252,6.668150422207479,0.9951062037388346,0.9706632653061225,0.9950826572784326,0.9834183673469388,0.995025700547173,0.9948979591836735,0.9950004463887153,1.0,0.42346938775510207,0.8469387755102041,0.8762755102040817,0.6316031786137388,
base,heavy,200,5,comb_prod,44.0,3.0,0.0,step,0.006312668537322595,156814,784,1.3318495777925252,6.668150422207479,0.9951397171851181,0.9719387755102041,0.9950889411884762,0.9821428571428571,0.995025700547173,0.9948979591836735,0.9950004463887153,1.0,0.42346938775510207,0.8469387755102041,0.8762755102040817,0.37376112172970805,
base,heavy,200,5,normalized_half_comb,40.0,3.0,0.0,step,0.006312668537322595,156814,784,1.3318495777925252,6.668150422207479,0.0451693851944793,0.9706632653061225,0.6396438612933458,0.9808673469387755,0.6492805755395683,0.9948979591836735,0.9950004463887153,1.0,0.8686224489795918,0.9183673469387755,0.9706632653061225,0.19477399067386522,
base,heavy,200,5,normalized_half_comb,44.0,3.0,0.0,step,0.006312668537322595,156814,784,1.3318495777925252,6.668150422207479,0.0451693851944793,0.9706632653061225,0.6447911886186324,0.9872448979591837,0.6492805755395683,0.9948979591836735,0.9950004463887153,1.0,0.8686224489795918,0.9183673469387755,0.9706632653061225,0.12512971293230404,
base,heavy,200,6,classical_invA,,3.0,0.0,step,0.006312668537322595,156816,785,0.8282553596440795,7.171744640355919,0.07673860911270983,0.9808917197452229,0.07673860911270983,0.9808917197452229,0.6418732782369146,0.9936305732484076,0.994994133251709,1.0,0.0012738853503184713,0.0012738853503184713,0.9808917197452229,1.0,reference only (tau_abs 0.350)
base,heavy,200,6,fitted_moment,40.0,3.0,0.0,step,0.006312668537322595,156816,785,0.8282553596440795,7.171744640355919,0.07451923076923077,0.9808917197452229,0.07451923076923077,0.9808917197452229,0.6418732782369146,0.9936305732484076,0.994994133251709,1.0,0.8980891719745223,0.9528662420382166,0.9808917197452229,0.11245646298253154,mu=0.003
base,heavy,200,6,fitted_moment,80.0,3.0,0.0,step,0.006312668537322595,156816,785,0.8282553596440795,7.171744640355919,0.04125,0.9770700636942675,0.05289052890528905,0.9808917197452229,0.641049240681086,0.9936305732484076,0.9949941013295922,1.0,0.02165605095541401,0.9528662420382166,0.9859872611464968,0.12503578106602728,mu=0.646
base,heavy,200,6,fitted_moment,84.0,3.0,0.0,step,0.006312668537322595,156816,785,0.8282553596440795,7.171744640355919,0.04125,0.9770700636942675,0.05289052890528905,0.9808917197452229,0.641049240681086,0.9936305732484076,0.9949940694070682,1.0,0.02165605095541401,0.9528662420382166,0.9859872611464968,0.12503575815934118,mu=0.646
base,heavy,200,6,fitted_moment,160.0,3.0,0.0,step,0.006312668537322595,156816,785,0.8282553596440795,7.171744640355919,0.04125,0.9770700636942675,0.07117008443908324,0.9808917197452229,0.641049240681086,0.9936305732484076,0.9949940055607989,1.0,0.02165605095541401,0.9528662420382166,0.9808917197452229,0.12503571833807806,mu=0.646
base,heavy,200,6,comb_prod,40.0,3.0,0.0,step,0.006312668537322595,156816,785,0.8282553596440795,7.171744640355919,0.12009237875288684,0.9707006369426752,0.125,0.9808917197452229,0.9949974923161996,0.9910828025477707,0.994994133251709,1.0,0.8764331210191083,0.8764331210191083,0.9337579617834395,0.4866598128568657,
base,heavy,200,6,comb_prod,44.0,3.0,0.0,step,0.006312668537322595,156816,785,0.8282553596440795,7.171744640355919,0.9950995524000618,0.9707006369426752,0.9950485499324803,0.9808917197452229,0.9950257639916331,0.9936305732484076,0.9950130731458453,0.9961783439490446,0.8764331210191083,0.8764331210191083,0.9337579617834395,0.8194368156872295,
base,heavy,200,6,normalized_half_comb,40.0,3.0,0.0,step,0.006312668537322595,156816,785,0.8282553596440795,7.171744640355919,0.04505632040050062,0.9719745222929936,0.6314285714285715,0.9859872611464968,0.6418732782369146,0.9936305732484076,0.994994133251709,1.0,0.0,0.4445859872611465,0.978343949044586,0.1982532658089768,
base,heavy,200,6,normalized_half_comb,44.0,3.0,0.0,step,0.006312668537322595,156816,785,0.8282553596440795,7.171744640355919,0.04505632040050062,0.9719745222929936,0.6314285714285715,0.9859872611464968,0.6384758364312267,0.9910828025477707,0.994994133251709,1.0,0.0,0.4445859872611465,0.978343949044586,0.1305802196849703,
base,heavy,200,7,classical_invA,,3.0,0.0,step,0.006312668537322595,158801,794,1.5219022471685026,6.478097752831494,0.12666666666666668,0.9899244332493703,0.12666666666666668,0.9899244332493703,0.21739130434782608,0.9974811083123426,0.21739130434782608,0.9974811083123426,0.0025188916876574307,0.0025188916876574307,0.5062972292191436,1.0,reference only (tau_abs 0.350)
base,heavy,200,7,fitted_moment,40.0,3.0,0.0,step,0.006312668537322595,158801,794,1.5219022471685026,6.478097752831494,0.06904761904761905,0.9848866498740554,0.06904761904761905,0.9848866498740554,0.1447084233261339,0.9974811083123426,0.1447084233261339,0.9974811083123426,0.12468513853904283,0.5277078085642317,0.9861460957178841,0.11394878404878642,mu=0.03
base,heavy,200,7,fitted_moment,80.0,3.0,0.0,step,0.006312668537322595,158801,794,1.5219022471685026,6.478097752831494,0.05896510228640193,0.9848866498740554,0.05896510228640193,0.9848866498740554,0.14099783080260303,0.9974811083123426,0.14099783080260303,0.9974811083123426,0.13476070528967254,0.5377833753148614,0.9899244332493703,0.09332696237869202,mu=0.00646
base,heavy,200,7,fitted_moment,84.0,3.0,0.0,step,0.006312668537322595,158801,794,1.5219022471685026,6.478097752831494,0.05896510228640193,0.9848866498740554,0.05896510228640193,0.9848866498740554,0.14099783080260303,0.9974811083123426,0.14099783080260303,0.9974811083123426,0.13476070528967254,0.336272040302267,0.9899244332493703,0.07749473238012616,mu=0.003
base,heavy,200,7,fitted_moment,160.0,3.0,0.0,step,0.006312668537322595,158801,794,1.5219022471685026,6.478097752831494,0.060024009603841535,0.9861460957178841,0.060024009603841535,0.9861460957178841,0.13725490196078433,0.9974811083123426,0.13725490196078433,0.9974811083123426,0.13476070528967254,0.5377833753148614,0.9861460957178841,0.09330763916174822,mu=0.00646
base,heavy,200,7,comb_prod,40.0,3.0,0.0,step,0.006312668537322595,158801,794,1.5219022471685026,6.478097752831494,0.212461695607763,0.9710327455919395,0.21370967741935484,0.982367758186398,0.9950437060735068,0.9911838790931989,0.9950062972292192,0.9987405541561712,0.0,0.0,0.8438287153652393,0.4266114242279222,
base,heavy,200,7,comb_prod,44.0,3.0,0.0,step,0.006312668537322595,158801,794,1.5219022471685026,6.478097752831494,0.21326530612244898,0.9710327455919395,0.21370967741935484,0.982367758186398,0.6549758877685226,0.9911838790931989,0.995018734846815,0.9962216624685138,0.0,0.20151133501259447,0.8438287153652393,0.2756734546516951,
base,heavy,200,7,normalized_half_comb,40.0,3.0,0.0,step,0.006312668537322595,158801,794,1.5219022471685026,6.478097752831494,0.06642512077294686,0.9735516372795969,0.6319018404907976,0.982367758186398,0.655006558810669,0.9937027707808564,0.654585152838428,0.9962216624685138,0.0012594458438287153,0.0012594458438287153,0.9798488664987406,0.19608066743769187,
base,heavy,200,7,normalized_half_comb,44.0,3.0,0.0,step,0.006312668537322595,158801,794,1.5219022471685026,6.478097752831494,0.06642512077294686,0.9735516372795969,0.07151370679380215,0.9811083123425692,0.6469798657718121,0.9937027707808564,0.6542994325621999,0.9974811083123426,0.0012594458438287153,0.0012594458438287153,0.9836272040302267,0.126755524353057,
base,heavy,200,8,classical_invA,,3.0,0.0,step,0.006312668537322595,157015,785,1.12328822864702,6.876711771352962,0.1291053227633069,0.9796178343949045,0.1871713985278654,0.9847133757961783,0.6292241789623989,0.9923566878980892,0.9950004776613699,1.0,0.0,0.0,0.5057324840764331,1.0000000000000002,reference only (tau_abs 0.350)
base,heavy,200,8,fitted_moment,40.0,3.0,0.0,step,0.006312668537322595,157015,785,1.12328822864702,6.876711771352962,0.07524271844660194,0.9707006369426752,0.14206437291897892,0.9847133757961783,0.6292241789623989,0.9923566878980892,0.9950004139784604,1.0,0.09044585987261146,0.09044585987261146,0.9732484076433121,0.09148269943372984,mu=0.003
base,heavy,200,8,fitted_moment,80.0,3.0,0.0,step,0.006312668537322595,157015,785,1.12328822864702,6.876711771352962,0.072992700729927,0.9707006369426752,0.1871713985278654,0.9847133757961783,0.6292241789623989,0.9923566878980892,0.9950004139784604,1.0,0.11082802547770701,0.5184713375796178,0.9770700636942675,0.10999892662476474,mu=0.0139
base,heavy,200,8,fitted_moment,84.0,3.0,0.0,step,0.006312668537322595,157015,785,1.12328822864702,6.876711771352962,0.07073170731707316,0.9707006369426752,0.1863157894736842,0.9847133757961783,0.6290476190476191,0.9923566878980892,0.9950004139784604,1.0,0.11719745222929936,0.5248407643312102,0.975796178343949,0.07989410172705186,mu=0.003
base,heavy,200,8,fitted_moment,160.0,3.0,0.0,step,0.006312668537322595,157015,785,1.12328822864702,6.876711771352962,0.06041923551171394,0.9707006369426752,0.13727678571428573,0.9847133757961783,0.6292241789623989,0.9923566878980892,0.9950004776613699,1.0,0.32101910828025476,0.5248407643312102,0.9796178343949045,0.07921812897379178,mu=0.003
base,heavy,200,8,comb_prod,40.0,3.0,0.0,step,0.006312668537322595,157015,785,1.12328822864702,6.876711771352962,0.9951101499682352,0.9707006369426752,0.9950592885375494,0.9808917197452229,0.9950320053501481,0.9936305732484076,0.9950193303483285,0.9961783439490446,0.40764331210191085,0.40764331210191085,0.8229299363057325,0.8143478896705669,
base,heavy,200,8,comb_prod,44.0,3.0,0.0,step,0.006312668537322595,157015,785,1.12328822864702,6.876711771352962,0.9951102754801491,0.9707006369426752,0.9950952914798207,0.9808917197452229,0.9950447122366309,0.9910828025477707,0.9950194889562581,0.9961783439490446,0.0,0.40764331210191085,0.8484076433121019,0.5632698075063963,
base,heavy,200,8,normalized_half_comb,40.0,3.0,0.0,step,0.006312668537322595,157015,785,1.12328822864702,6.876711771352962,0.07411907654921021,0.9707006369426752,0.6125628140703517,0.9821656050955414,0.6288167938931297,0.9910828025477707,0.9950067510763508,0.9987261146496815,0.0012738853503184713,0.0012738853503184713,0.9745222929936306,0.1970682216805278,
base,heavy,200,8,normalized_half_comb,44.0,3.0,0.0,step,0.006312668537322595,157015,785,1.12328822864702,6.876711771352962,0.07411907654921021,0.9707006369426752,0.6122551481667504,0.9834394904458599,0.6288708909004288,0.9923566878980892,0.9950004776613699,1.0,0.0012738853503184713,0.0012738853503184713,0.975796178343949,0.12967919376888806,
base,heavy,200,9,classical_invA,,3.0,0.0,step,0.006312668537322595,157608,788,1.465168334834343,6.534831665165657,0.06521739130434782,0.9822335025380711,0.06521739130434782,0.9822335025380711,0.637372802960222,0.9949238578680203,0.9950002537942236,1.0,0.0025380710659898475,0.0025380710659898475,0.9822335025380711,1.0,reference only (tau_abs 0.350)
base,heavy,200,9,fitted_moment,40.0,3.0,0.0,step,0.006312668537322595,157608,788,1.465168334834343,6.534831665165657,0.03018867924528302,0.9784263959390863,0.06408706166868199,0.9822335025380711,0.6372049976862564,0.9949238578680203,0.9950002537942236,1.0,0.5114213197969543,0.9568527918781726,0.9822335025380711,0.11733225413029146,mu=0.3
base,heavy,200,9,fitted_moment,80.0,3.0,0.0,step,0.006312668537322595,157608,788,1.465168334834343,6.534831665165657,0.03018867924528302,0.9784263959390863,0.06408706166868199,0.9822335025380711,0.6372049976862564,0.9949238578680203,0.9950002220713547,1.0,0.7309644670050761,0.9568527918781726,0.9822335025380711,0.11733225640616048,mu=0.3
base,heavy,200,9,fitted_moment,84.0,3.0,0.0,step,0.006312668537322595,157608,788,1.465168334834343,6.534831665165657,0.03018867924528302,0.9784263959390863,0.06408706166868199,0.9822335025380711,0.6372049976862564,0.9949238578680203,0.9950002220713547,1.0,0.7309644670050761,0.9568527918781726,0.9822335025380711,0.11733225633978868,mu=0.3
base,heavy,200,9,fitted_moment,160.0,3.0,0.0,step,0.006312668537322595,157608,788,1.465168334834343,6.534831665165657,0.03018867924528302,0.9784263959390863,0.03731343283582089,0.9822335025380711,0.6372049976862564,0.9949238578680203,0.9950002220713547,1.0,0.5114213197969543,0.9568527918781726,0.9898477157360406,0.1173322556728028,mu=0.3
base,heavy,200,9,comb_prod,40.0,3.0,0.0,step,0.006312668537322595,157608,788,1.465168334834343,6.534831665165657,0.11560693641618497,0.9708121827411168,0.9950821752649279,0.983502538071066,0.9950442904642249,0.9911167512690355,0.9950191303465036,0.9961928934010152,0.6586294416243654,0.8807106598984772,0.9086294416243654,0.45550128483136887,
base,heavy,200,9,comb_prod,44.0,3.0,0.0,step,0.006312668537322595,157608,788,1.465168334834343,6.534831665165657,0.11560693641618497,0.9708121827411168,0.9950758609311445,0.9847715736040609,0.9950443219096811,0.9911167512690355,0.9950191619502043,0.9961928934010152,0.43908629441624364,0.8807106598984772,0.9086294416243654,0.3265101522421913,
base,heavy,200,9,normalized_half_comb,40.0,3.0,0.0,step,0.006312668537322595,157608,788,1.465168334834343,6.534831665165657,0.02918781725888325,0.9708121827411168,0.6260869565217392,0.9822335025380711,0.6375,0.9936548223350253,0.9950065352841897,0.998730964467005,0.0038071065989847717,0.9479695431472082,0.9771573604060914,0.1940741842560436,
base,heavy,200,9,normalized_half_comb,44.0,3.0,0.0,step,0.006312668537322595,157608,788,1.465168334834343,6.534831665165657,0.02795425667090216,0.9708121827411168,0.625965250965251,0.983502538071066,0.6336772983114447,0.9911167512690355,0.9950002537942236,1.0,0.0012690355329949238,0.9479695431472082,0.9784263959390863,0.12574061411891876,
occ_a0.05,heavy,200,0,classical_invA,,3.0,0.05,step,0.006312668537322595,157609,788,0.6913005880343831,43.80095006908406,0.12471395881006865,0.9708121827411168,0.1235827664399093,0.9809644670050761,0.2119071644803229,0.9911167512690355,0.8378434207808304,0.9961928934010152,0.0012690355329949238,0.0012690355329949238,0.5038071065989848,1.0,reference only (tau_abs 0.386)
occ_a0.05,heavy,200,0,fitted_moment,40.0,3.0,0.05,step,0.006312668537322595,157609,788,0.6913005880343831,43.80095006908406,0.08052884615384616,0.9708121827411168,0.08085612366230678,0.9809644670050761,0.49580374435119434,0.9911167512690355,0.7679574342299734,0.9961928934010152,0.03553299492385787,0.4302030456852792,0.9809644670050761,0.14875771872688381,mu=0.3
occ_a0.05,heavy,200,0,fitted_moment,80.0,3.0,0.05,step,0.006312668537322595,157609,788,0.6913005880343831,43.80095006908406,0.07496977025392987,0.9708121827411168,0.10944700460829493,0.9809644670050761,0.5370480142264374,0.9911167512690355,0.9550349410012602,0.9961928934010152,0.3401015228426396,0.47081218274111675,0.9784263959390863,0.13918402125386808,mu=0.003
occ_a0.05,heavy,200,0,fitted_moment,84.0,3.0,0.05,step,0.006312668537322595,157609,788,0.6913005880343831,43.80095006908406,0.07384987893462469,0.9708121827411168,0.11251435132032148,0.9809644670050761,0.5878627968337731,0.9911167512690355,0.9555618454571186,0.9961928934010152,0.35279187817258884,0.47081218274111675,0.9796954314720813,0.13878874627957113,mu=0.003
occ_a0.05,heavy,200,0,fitted_moment,160.0,3.0,0.05,step,0.006312668537322595,157609,788,0.6913005880343831,43.80095006908406,0.06707317073170732,0.9708121827411168,0.08412322274881516,0.9809644670050761,0.14364035087719298,0.9911167512690355,0.5009535918626827,0.9961928934010152,0.24873096446700507,0.9314720812182741,0.9822335025380711,0.13869855608096468,mu=0.3
occ_a0.05,heavy,200,0,comb_prod,40.0,3.0,0.05,step,0.006312668537322595,157609,788,0.6913005880343831,43.80095006908406,0.6530612244897959,0.9708121827411168,0.9809877514880221,0.9809644670050761,0.994823220606366,0.9911167512690355,0.9950191619502043,0.9961928934010152,0.0,0.0,0.0,0.920283481498594,
occ_a0.05,heavy,200,0,comb_prod,44.0,3.0,0.05,step,0.006312668537322595,157609,788,0.6913005880343831,43.80095006908406,0.6522727272727272,0.9708121827411168,0.6516448850833709,0.9809644670050761,0.9835717290702566,0.9911167512690355,0.9933523025591519,0.9961928934010152,0.0,0.0,0.0,0.7349688124310454,
occ_a0.05,heavy,200,0,normalized_half_comb,40.0,3.0,0.05,step,0.006312668537322595,157609,788,0.6913005880343831,43.80095006908406,0.9949738508843394,0.9708121827411168,0.994935663932493,0.9809644670050761,0.9949947127247092,0.9911167512690355,0.9949693998526066,0.9961928934010152,0.0,0.0,0.0,0.9951769168918521,
occ_a0.05,heavy,200,0,normalized_half_comb,44.0,3.0,0.05,step,0.006312668537322595,157609,788,0.6913005880343831,43.80095006908406,0.9949899471488542,0.9708121827411168,0.9950055888300932,0.9809644670050761,0.9949947127247092,0.9911167512690355,0.9950064883845194,0.9961928934010152,0.0,0.0,0.0,0.9597061791130372,
occ_a0.05,heavy,200,1,classical_invA,,3.0,0.05,step,0.006312668537322595,156611,783,0.9843930965544477,43.70313705651843,0.107981220657277,0.9706257982120051,0.10801393728222997,0.9808429118773946,0.22322322322322322,0.9910600255427842,0.36636880584890336,0.9961685823754789,0.0,0.0,0.5031928480204342,0.9999999999999999,reference only (tau_abs 0.386)
occ_a0.05,heavy,200,1,fitted_moment,40.0,3.0,0.05,step,0.006312668537322595,156611,783,0.9843930965544477,43.70313705651843,0.05472636815920398,0.9706257982120051,0.12627986348122866,0.9808429118773946,0.5082382762991128,0.9910600255427842,0.8876566325795765,0.9961685823754789,0.4163473818646232,0.8697318007662835,0.9782886334610472,0.14272555627078945,mu=0.139
occ_a0.05,heavy,200,1,fitted_moment,80.0,3.0,0.05,step,0.006312668537322595,156611,783,0.9843930965544477,43.70313705651843,0.058240396530359353,0.9706257982120051,0.08571428571428572,0.9808429118773946,0.1444321940463065,0.9910600255427842,0.42136498516320475,0.9961685823754789,0.4495530012771392,0.9169859514687101,0.9833971902937421,0.13339753037394564,mu=0.003
occ_a0.05,heavy,200,1,fitted_moment,84.0,3.0,0.05,step,0.006312668537322595,156611,783,0.9843930965544477,43.70313705651843,0.055900621118012424,0.9706257982120051,0.08680142687277051,0.9808429118773946,0.18487394957983194,0.9910600255427842,0.4957983193277311,0.9961685823754789,0.45338441890166026,0.9157088122605364,0.9833971902937421,0.13303007815494586,mu=0.003
occ_a0.05,heavy,200,1,fitted_moment,160.0,3.0,0.05,step,0.006312668537322595,156611,783,0.9843930965544477,43.70313705651843,0.05,0.9706257982120051,0.09753231492361927,0.9808429118773946,0.47066848567530695,0.9910600255427842,0.6148148148148148,0.9961685823754789,0.47509578544061304,0.9386973180076629,0.9808429118773946,0.13869313559675706,mu=0.3
occ_a0.05,heavy,200,1,comb_prod,40.0,3.0,0.05,step,0.006312668537322595,156611,783,0.9843930965544477,43.70313705651843,0.6701388888888888,0.9706257982120051,0.6689655172413793,0.9808429118773946,0.9803564196030782,0.9910600255427842,0.992605723928067,0.9961685823754789,0.0,0.0,0.0,0.6472425950781175,
occ_a0.05,heavy,200,1,comb_prod,44.0,3.0,0.05,step,0.006312668537322595,156611,783,0.9843930965544477,43.70313705651843,0.6699956578376032,0.9706257982120051,0.6685369011653,0.9808429118773946,0.9811150860285708,0.9910600255427842,0.9894370488739623,0.9961685823754789,0.0,0.0,0.0,0.5115063134533662,
occ_a0.05,heavy,200,1,normalized_half_comb,40.0,3.0,0.05,step,0.006312668537322595,156611,783,0.9843930965544477,43.70313705651843,0.9948660096059663,0.9706257982120051,0.9949091198345464,0.9808429118773946,0.9949408681365965,0.9910600255427842,0.9949794673086083,0.9961685823754789,0.0,0.0,0.0,0.9958192453371633,
occ_a0.05,heavy,200,1,normalized_half_comb,44.0,3.0,0.05,step,0.006312668537322595,156611,783,0.9843930965544477,43.70313705651843,0.9950433381812964,0.9706257982120051,0.9949914241181189,0.9808429118773946,0.9950065314054426,0.9910600255427842,0.9950078722015283,0.9961685823754789,0.0,0.0,0.0,0.9623286242460889,
occ_a0.05,heavy,200,2,classical_invA,,3.0,0.05,step,0.006312668537322595,157212,786,0.89064060632979,43.90177168020129,0.12998859749144812,0.9707379134860051,0.1288135593220339,0.9809160305343512,0.4616447823082239,0.9910941475826972,0.6306603773584906,0.9961832061068703,0.0,0.0,0.5063613231552163,0.9999999999999999,reference only (tau_abs 0.386)
occ_a0.05,heavy,200,2,fitted_moment,40.0,3.0,0.05,step,0.006312668537322595,157212,786,0.89064060632979,43.90177168020129,0.10655737704918032,0.9707379134860051,0.1158256880733945,0.9809160305343512,0.38613081166272656,0.9910941475826972,0.9586327134404058,0.9961832061068703,0.030534351145038167,0.030534351145038167,0.9681933842239185,0.13293752833256323,mu=0.003
occ_a0.05,heavy,200,2,fitted_moment,80.0,3.0,0.05,step,0.006312668537322595,157212,786,0.89064060632979,43.90177168020129,0.16793893129770993,0.9707379134860051,0.2358771060455897,0.9809160305343512,0.3124448367166814,0.9910941475826972,0.8624143384290985,0.9961832061068703,0.019083969465648856,0.41348600508905853,0.9592875318066157,0.14460091417207954,mu=0.0139
occ_a0.05,heavy,200,2,fitted_moment,84.0,3.0,0.05,step,0.006312668537322595,157212,786,0.89064060632979,43.90177168020129,0.2027168234064786,0.9707379134860051,0.3466101694915254,0.9809160305343512,0.8614372109569548,0.9910941475826972,0.9017195933224551,0.9961832061068703,0.007633587786259542,0.6577608142493638,0.9173027989821882,0.14636181405615462,mu=0.003
occ_a0.05,heavy,200,2,fitted_moment,160.0,3.0,0.05,step,0.006312668537322595,157212,786,0.89064060632979,43.90177168020129,0.07402912621359223,0.9707379134860051,0.07775119617224881,0.9809160305343512,0.21153846153846154,0.9910941475826972,0.7323076923076923,0.9961832061068703,0.035623409669211195,0.9185750636132316,0.9821882951653944,0.13770247855809928,mu=0.03
occ_a0.05,heavy,200,2,comb_prod,40.0,3.0,0.05,step,0.006312668537322595,157212,786,0.89064060632979,43.90177168020129,0.6285296981499513,0.9707379134860051,0.6277160791887977,0.9809160305343512,0.993399759375053,0.9910941475826972,0.9934507678410117,0.9961832061068703,0.0,0.0,0.0,0.8710662712799478,
occ_a0.05,heavy,200,2,comb_prod,44.0,3.0,0.05,step,0.006312668537322595,157212,786,0.89064060632979,43.90177168020129,0.6285296981499513,0.9707379134860051,0.6282545805207329,0.9809160305343512,0.9900401462653745,0.9910941475826972,0.9934057604850934,0.9961832061068703,0.0,0.0,0.0,0.6622048339418677,
occ_a0.05,heavy,200,2,normalized_half_comb,40.0,3.0,0.05,step,0.006312668537322595,157212,786,0.89064060632979,43.90177168020129,0.9947429343107939,0.9707379134860051,0.9947436596673029,0.9809160305343512,0.9948807591459607,0.9910941475826972,0.9949699998715198,0.9961832061068703,0.0,0.0,0.0,0.9963413287640932,
occ_a0.05,heavy,200,2,normalized_half_comb,44.0,3.0,0.05,step,0.006312668537322595,157212,786,0.89064060632979,43.90177168020129,0.9949830356908025,0.9707379134860051,0.994931999395258,0.9809160305343512,0.9949956959130446,0.9910941475826972,0.9949711951600162,0.9961832061068703,0.0,0.0,0.0,0.9692963384418706,
occ_a0.05,heavy,200,3,classical_invA,,3.0,0.05,step,0.006312668537322595,157608,788,1.029959833213406,43.80308712987304,0.1404494382022472,0.9708121827411168,0.1411111111111111,0.9809644670050761,0.21743486973947895,0.9911167512690355,0.21734795613160518,0.9961928934010152,0.0025380710659898475,0.0025380710659898475,0.5025380710659898,0.9999999999999999,reference only (tau_abs 0.386)
occ_a0.05,heavy,200,3,fitted_moment,40.0,3.0,0.05,step,0.006312668537322595,157608,788,1.029959833213406,43.80308712987304,0.13068181818181818,0.9708121827411168,0.1888772298006296,0.9809644670050761,0.5739225313693399,0.9911167512690355,0.9443893454236327,0.9961928934010152,0.008883248730964468,0.008883248730964468,0.9200507614213198,0.13111896087932542,mu=0.003
occ_a0.05,heavy,200,3,fitted_moment,80.0,3.0,0.05,step,0.006312668537322595,157608,788,1.029959833213406,43.80308712987304,0.4869215291750503,0.9708121827411168,0.8057300829354109,0.9809644670050761,0.9613423748948176,0.9911167512690355,0.9855899845803656,0.9961928934010152,0.0266497461928934,0.8388324873096447,0.9213197969543148,0.1468584592070186,mu=0.00646
occ_a0.05,heavy,200,3,fitted_moment,84.0,3.0,0.05,step,0.006312668537322595,157608,788,1.029959833213406,43.80308712987304,0.10316529894490035,0.9708121827411168,0.1533406352683461,0.9809644670050761,0.4861842105263158,0.9911167512690355,0.9068912347289764,0.9961928934010152,0.024111675126903553,0.8477157360406091,0.9682741116751269,0.1464843091322394,mu=0.0139
occ_a0.05,heavy,200,3,fitted_moment,160.0,3.0,0.05,step,0.006312668537322595,157608,788,1.029959833213406,43.80308712987304,0.09144893111638955,0.9708121827411168,0.1411111111111111,0.9809644670050761,0.24101068999028183,0.9911167512690355,0.2656688493919551,0.9961928934010152,0.3616751269035533,0.9098984771573604,0.9708121827411168,0.14075117151190952,mu=0.00646
occ_a0.05,heavy,200,3,comb_prod,40.0,3.0,0.05,step,0.006312668537322595,157608,788,1.029959833213406,43.80308712987304,0.6541591320072333,0.9708121827411168,0.6530520646319569,0.9809644670050761,0.6519607843137255,0.9911167512690355,0.6511111111111111,0.9961928934010152,0.0,0.0,0.0,0.3682458143727541,
occ_a0.05,heavy,200,3,comb_prod,44.0,3.0,0.05,step,0.006312668537322595,157608,788,1.029959833213406,43.80308712987304,0.6535326086956522,0.9708121827411168,0.6522717049032839,0.9809644670050761,0.9744896292666994,0.9911167512690355,0.9933978132884778,0.9961928934010152,0.0,0.0,0.0,0.6628603611262254,
occ_a0.05,heavy,200,3,normalized_half_comb,40.0,3.0,0.05,step,0.006312668537322595,157608,788,1.029959833213406,43.80308712987304,0.9948009759213826,0.9708121827411168,0.9949513751461359,0.9809644670050761,0.9949068760434057,0.9911167512690355,0.9949750030406033,0.9961928934010152,0.0,0.0,0.0,0.9961795925027773,
occ_a0.05,heavy,200,3,normalized_half_comb,44.0,3.0,0.05,step,0.006312668537322595,157608,788,1.029959833213406,43.80308712987304,0.9950061036510931,0.9708121827411168,0.9950455704964685,0.9809644670050761,0.995000480107544,0.9911167512690355,0.994975549809263,0.9961928934010152,0.0,0.0,0.0,0.9647505788658478,
occ_a0.05,heavy,200,4,classical_invA,,3.0,0.05,step,0.006312668537322595,158006,790,0.576851190453087,43.902002676376625,0.15248618784530388,0.970886075949367,0.1511500547645126,0.9810126582278481,0.15806451612903225,0.9911392405063291,0.23887814313346228,0.9962025316455696,0.0012658227848101266,0.0012658227848101266,0.5151898734177215,0.9999999999999999,reference only (tau_abs 0.386)
occ_a0.05,heavy,200,4,fitted_moment,40.0,3.0,0.05,step,0.006312668537322595,158006,790,0.576851190453087,43.902002676376625,0.35219594594594594,0.970886075949367,0.42677514792899407,0.9810126582278481,0.5608524957936063,0.9911392405063291,0.9222639273014619,0.9962025316455696,0.05189873417721519,0.05189873417721519,0.5177215189873418,0.13204779951438056,mu=0.003
occ_a0.05,heavy,200,4,fitted_moment,80.0,3.0,0.05,step,0.006312668537322595,158006,790,0.576851190453087,43.902002676376625,0.19853709508881923,0.970886075949367,0.49577098243331164,0.9810126582278481,0.6526175687666371,0.9911392405063291,0.8227876604368386,0.9962025316455696,0.08354430379746836,0.41012658227848103,0.9569620253164557,0.1450753034083228,mu=0.003
occ_a0.05,heavy,200,4,fitted_moment,84.0,3.0,0.05,step,0.006312668537322595,158006,790,0.576851190453087,43.902002676376625,0.24951076320939333,0.970886075949367,0.30180180180180183,0.9810126582278481,0.5659645232815964,0.9911392405063291,0.9658078811313378,0.9962025316455696,0.039240506329113925,0.41012658227848103,0.9354430379746835,0.1459603167606004,mu=0.003
occ_a0.05,heavy,200,4,fitted_moment,160.0,3.0,0.05,step,0.006312668537322595,158006,790,0.576851190453087,43.902002676376625,0.08581644815256258,0.970886075949367,0.11931818181818182,0.9810126582278481,0.23684210526315788,0.9911392405063291,0.6638188808201623,0.9962025316455696,0.010126582278481013,0.9037974683544304,0.9746835443037974,0.13522609867589408,mu=0.003
occ_a0.05,heavy,200,4,comb_prod,40.0,3.0,0.05,step,0.006312668537322595,158006,790,0.576851190453087,43.902002676376625,0.9817189436552579,0.970886075949367,0.9934694496642034,0.9810126582278481,0.995043833275311,0.9911392405063291,0.9950189873417722,0.9962025316455696,0.0,0.0,0.0,0.9343870781765002,
occ_a0.05,heavy,200,4,comb_prod,44.0,3.0,0.05,step,0.006312668537322595,158006,790,0.576851190453087,43.902002676376625,0.667965367965368,0.970886075949367,0.9205209722079787,0.9810126582278481,0.9902504015639203,0.9911392405063291,0.9939977729983679,0.9962025316455696,0.0,0.0,0.0,0.7805770883657924,
occ_a0.05,heavy,200,4,normalized_half_comb,40.0,3.0,0.05,step,0.006312668537322595,158006,790,0.576851190453087,43.902002676376625,0.9949384964628867,0.970886075949367,0.9949758516741759,0.9810126582278481,0.9949243843466198,0.9911392405063291,0.9949361387253483,0.9962025316455696,0.0012658227848101266,0.0012658227848101266,0.0012658227848101266,0.9936774392484201,
occ_a0.05,heavy,200,4,normalized_half_comb,44.0,3.0,0.05,step,0.006312668537322595,158006,790,0.576851190453087,43.902002676376625,0.9950310961388961,0.970886075949367,0.9950116823181838,0.9810126582278481,0.9949923894552385,0.9911392405063291,0.9949918546046937,0.9962025316455696,0.0012658227848101266,0.0012658227848101266,0.0012658227848101266,0.9616039043774887,
occ_a0.05,heavy,200,5,classical_invA,,3.0,0.05,step,0.006312668537322595,156814,784,1.3743113768258797,43.70296749265717,0.10259433962264151,0.9706632653061225,0.10163551401869159,0.9808673469387755,0.10483870967741936,0.9910714285714286,0.6489887640449438,0.9961734693877551,0.0012755102040816326,0.0012755102040816326,0.4987244897959184,1.0000000000000002,reference only (tau_abs 0.386)
occ_a0.05,heavy,200,5,fitted_moment,40.0,3.0,0.05,step,0.006312668537322595,156814,784,1.3743113768258797,43.70296749265717,0.053482587064676616,0.9706632653061225,0.07237635705669482,0.9808673469387755,0.07938388625592417,0.9910714285714286,0.8222576240327719,0.9961734693877551,0.0,0.8290816326530612,0.9923469387755102,0.13780684504696594,mu=0.139
occ_a0.05,heavy,200,5,fitted_moment,80.0,3.0,0.05,step,0.006312668537322595,156814,784,1.3743113768258797,43.70296749265717,0.09512485136741974,0.9706632653061225,0.10477299185098952,0.9808673469387755,0.5524193548387096,0.9910714285714286,0.6848264729620662,0.9961734693877551,0.8724489795918368,0.9323979591836735,0.9770408163265306,0.13883573911262356,mu=0.03
occ_a0.05,heavy,200,5,fitted_moment,84.0,3.0,0.05,step,0.006312668537322595,156814,784,1.3743113768258797,43.70296749265717,0.13325740318906606,0.9706632653061225,0.16230936819172112,0.9808673469387755,0.6132404181184669,0.9910714285714286,0.7456026058631922,0.9961734693877551,0.8801020408163265,0.9158163265306123,0.9579081632653061,0.1390843931970967,mu=0.0139
occ_a0.05,heavy,200,5,fitted_moment,160.0,3.0,0.05,step,0.006312668537322595,156814,784,1.3743113768258797,43.70296749265717,0.046365914786967416,0.9706632653061225,0.08669833729216152,0.9808673469387755,0.7034351145038168,0.9910714285714286,0.9326375711574952,0.9961734693877551,0.9247448979591837,0.9464285714285714,0.9821428571428571,0.13173752028274602,mu=0.003
occ_a0.05,heavy,200,5,comb_prod,40.0,3.0,0.05,step,0.006312668537322595,156814,784,1.3743113768258797,43.70296749265717,0.9940742240426095,0.9706632653061225,0.9946124313417778,0.9808673469387755,0.995044737664458,0.9910714285714286,0.9950194820516418,0.9961734693877551,0.0,0.0,0.0,0.9629620169179416,
occ_a0.05,heavy,200,5,comb_prod,44.0,3.0,0.05,step,0.006312668537322595,156814,784,1.3743113768258797,43.70296749265717,0.6513971598717362,0.9706632653061225,0.6506133575647433,0.9808673469387755,0.6496844003606853,0.9910714285714286,0.9751795588889595,0.9961734693877551,0.0,0.0,0.0,0.5121087722938227,
occ_a0.05,heavy,200,5,normalized_half_comb,40.0,3.0,0.05,step,0.006312668537322595,156814,784,1.3743113768258797,43.70296749265717,0.9948515333770829,0.9706632653061225,0.9949089705395564,0.9808673469387755,0.9948562803691298,0.9910714285714286,0.9949657724090809,0.9961734693877551,0.0,0.0,0.0,0.9967498453208582,
occ_a0.05,heavy,200,5,normalized_half_comb,44.0,3.0,0.05,step,0.006312668537322595,156814,784,1.3743113768258797,43.70296749265717,0.9949617997166426,0.9706632653061225,0.9949109583148588,0.9808673469387755,0.9949971669928918,0.9910714285714286,0.994971606639282,0.9961734693877551,0.0,0.0,0.0,0.9671293180383275,
occ_a0.05,heavy,200,6,classical_invA,,3.0,0.05,step,0.006312668537322595,156816,785,0.8823258428677742,43.80129523044288,0.0774818401937046,0.9707006369426752,0.07673860911270983,0.9808917197452229,0.13169642857142858,0.9910828025477707,0.807104094721263,0.9961783439490446,0.0012738853503184713,0.0012738853503184713,0.9859872611464968,1.0000000000000002,reference only (tau_abs 0.386)
occ_a0.05,heavy,200,6,fitted_moment,40.0,3.0,0.05,step,0.006312668537322595,156816,785,0.8823258428677742,43.80129523044288,0.06157635467980296,0.9707006369426752,0.45390070921985815,0.9808917197452229,0.5224063842848373,0.9910828025477707,0.9049471253190714,0.9961783439490446,0.0,0.9363057324840764,0.9770700636942675,0.13529210497738006,mu=0.0139
occ_a0.05,heavy,200,6,fitted_moment,80.0,3.0,0.05,step,0.006312668537322595,156816,785,0.8823258428677742,43.80129523044288,0.04271356783919598,0.9707006369426752,0.04938271604938271,0.9808917197452229,0.14411441144114412,0.9910828025477707,0.5378250591016549,0.9961783439490446,0.003821656050955414,0.9286624203821656,0.9859872611464968,0.13512592083105937,mu=0.3
occ_a0.05,heavy,200,6,fitted_moment,84.0,3.0,0.05,step,0.006312668537322595,156816,785,0.8823258428677742,43.80129523044288,0.04271356783919598,0.9707006369426752,0.04938271604938271,0.9808917197452229,0.08146399055489964,0.9910828025477707,0.611525086934923,0.9961783439490446,0.8802547770700637,0.9312101910828026,0.9936305732484076,0.13455649183655102,mu=0.03
occ_a0.05,heavy,200,6,fitted_moment,160.0,3.0,0.05,step,0.006312668537322595,156816,785,0.8823258428677742,43.80129523044288,0.024327784891165175,0.9707006369426752,0.0375,0.9808917197452229,0.06602641056422569,0.9910828025477707,0.6932130247155748,0.9961783439490446,0.9363057324840764,0.9528662420382166,0.9910828025477707,0.13449637384732147,mu=0.003
occ_a0.05,heavy,200,6,comb_prod,40.0,3.0,0.05,step,0.006312668537322595,156816,785,0.8823258428677742,43.80129523044288,0.644091546006539,0.9707006369426752,0.9861573033707866,0.9808917197452229,0.9933964826509133,0.9910828025477707,0.9933628694131826,0.9961783439490446,0.0,0.0,0.48280254777070064,0.8740557622331583,
occ_a0.05,heavy,200,6,comb_prod,44.0,3.0,0.05,step,0.006312668537322595,156816,785,0.8823258428677742,43.80129523044288,0.6444237050863276,0.9707006369426752,0.6425255338904364,0.9808917197452229,0.9367736692401463,0.9910828025477707,0.9938952512549084,0.9961783439490446,0.0,0.0,0.4573248407643312,0.5450537347229936,
occ_a0.05,heavy,200,6,normalized_half_comb,40.0,3.0,0.05,step,0.006312668537322595,156816,785,0.8823258428677742,43.80129523044288,0.9948181948005141,0.9707006369426752,0.9949009324009324,0.9808917197452229,0.9948597328118186,0.9910828025477707,0.994971222790264,0.9961783439490446,0.0012738853503184713,0.0012738853503184713,0.0012738853503184713,0.9960708375925126,
occ_a0.05,heavy,200,6,normalized_half_comb,44.0,3.0,0.05,step,0.006312668537322595,156816,785,0.8823258428677742,43.80129523044288,0.9949568820029517,0.9707006369426752,0.9949131939856777,0.9808917197452229,0.9949968167407284,0.9910828025477707,0.9949974731482014,0.9961783439490446,0.0012738853503184713,0.0012738853503184713,0.0012738853503184713,0.966162416420912,
occ_a0.05,heavy,200,7,classical_invA,,3.0,0.05,step,0.006312668537322595,158801,794,1.5595383751085892,44.00267213186481,0.12386363636363637,0.9710327455919395,0.12373453318335208,0.9811083123425692,0.12458286985539488,0.9911838790931989,0.13740458015267176,0.9962216624685138,0.0025188916876574307,0.0025188916876574307,0.5062972292191436,0.9999999999999999,reference only (tau_abs 0.386)
occ_a0.05,heavy,200,7,fitted_moment,40.0,3.0,0.05,step,0.006312668537322595,158801,794,1.5595383751085892,44.00267213186481,0.05745721271393643,0.9710327455919395,0.06818181818181818,0.9811083123425692,0.12263099219620958,0.9911838790931989,0.15219721329046088,0.9962216624685138,0.3211586901763224,0.44080604534005036,0.9848866498740554,0.1387534927365543,mu=0.3
occ_a0.05,heavy,200,7,fitted_moment,80.0,3.0,0.05,step,0.006312668537322595,158801,794,1.5595383751085892,44.00267213186481,0.056303549571603426,0.9710327455919395,0.06594724220623502,0.9811083123425692,0.07845433255269321,0.9911838790931989,0.08236658932714618,0.9962216624685138,0.3904282115869018,0.7632241813602015,0.9962216624685138,0.13613494778005988,mu=0.0139
occ_a0.05,heavy,200,7,fitted_moment,84.0,3.0,0.05,step,0.006312668537322595,158801,794,1.5595383751085892,44.00267213186481,0.05514705882352941,0.9710327455919395,0.06482593037214886,0.9811083123425692,0.07953216374269007,0.9911838790931989,0.08023255813953488,0.9962216624685138,0.3929471032745592,0.792191435768262,0.9987405541561712,0.13630140903514754,mu=0.0139
occ_a0.05,heavy,200,7,fitted_moment,160.0,3.0,0.05,step,0.006312668537322595,158801,794,1.5595383751085892,44.00267213186481,0.06090133982947625,0.9710327455919395,0.08675263774912075,0.9811083123425692,0.5003174603174603,0.9911838790931989,0.6150851581508516,0.9962216624685138,0.48488664987405544,0.9382871536523929,0.9811083123425692,0.13359107306122606,mu=0.00646
occ_a0.05,heavy,200,7,comb_prod,40.0,3.0,0.05,step,0.006312668537322595,158801,794,1.5595383751085892,44.00267213186481,0.9951434600485024,0.9710327455919395,0.9950934697168196,0.9811083123425692,0.9950437060735068,0.9911838790931989,0.995018734846815,0.9962216624685138,0.0,0.0,0.0,0.9569858292038969,
occ_a0.05,heavy,200,7,comb_prod,44.0,3.0,0.05,step,0.006312668537322595,158801,794,1.5595383751085892,44.00267213186481,0.6577896138482024,0.9710327455919395,0.6563740626378474,0.9811083123425692,0.7236657303370787,0.9911838790931989,0.9901179351356754,0.9962216624685138,0.0,0.0,0.0,0.5176008509981882,
occ_a0.05,heavy,200,7,normalized_half_comb,40.0,3.0,0.05,step,0.006312668537322595,158801,794,1.5595383751085892,44.00267213186481,0.9949434001862613,0.9710327455919395,0.9949568516252663,0.9811083123425692,0.9949843859537314,0.9911838790931989,0.994982970005645,0.9962216624685138,0.0,0.0,0.0,0.9966221506616078,
occ_a0.05,heavy,200,7,normalized_half_comb,44.0,3.0,0.05,step,0.006312668537322595,158801,794,1.5595383751085892,44.00267213186481,0.9950423745161332,0.9710327455919395,0.9949925434536666,0.9811083123425692,0.9950082455917798,0.9911838790931989,0.9950094322361656,0.9962216624685138,0.0,0.0,0.0,0.9659912140575801,
occ_a0.05,heavy,200,8,classical_invA,,3.0,0.05,step,0.006312668537322595,157015,785,1.1702697213586584,43.90157553765681,0.12211981566820276,0.9707006369426752,0.12100456621004566,0.9808917197452229,0.5874867444326617,0.9910828025477707,0.9819853025870211,0.9961783439490446,0.0,0.0,0.5082802547770701,0.9999999999999999,reference only (tau_abs 0.386)
occ_a0.05,heavy,200,8,fitted_moment,40.0,3.0,0.05,step,0.006312668537322595,157015,785,1.1702697213586584,43.90157553765681,0.12614678899082568,0.9707006369426752,0.21267893660531698,0.9808917197452229,0.5006418485237484,0.9910828025477707,0.9540837296694263,0.9961783439490446,0.0012738853503184713,0.3910828025477707,0.9630573248407643,0.13546066883957103,mu=0.00646
occ_a0.05,heavy,200,8,fitted_moment,80.0,3.0,0.05,step,0.006312668537322595,157015,785,1.1702697213586584,43.90157553765681,0.1340909090909091,0.9707006369426752,0.23076923076923078,0.9808917197452229,0.8702468312208139,0.9910828025477707,0.9291987324581259,0.9961783439490446,0.011464968152866241,0.32101910828025476,0.9579617834394905,0.14388500754571132,mu=0.03
occ_a0.05,heavy,200,8,fitted_moment,84.0,3.0,0.05,step,0.006312668537322595,157015,785,1.1702697213586584,43.90157553765681,0.10981308411214953,0.9707006369426752,0.16846652267818574,0.9808917197452229,0.8697689989956479,0.9910828025477707,0.8788723667905824,0.9961783439490446,0.011464968152866241,0.2917197452229299,0.9656050955414013,0.1437299180648065,mu=0.03
occ_a0.05,heavy,200,8,fitted_moment,160.0,3.0,0.05,step,0.006312668537322595,157015,785,1.1702697213586584,43.90157553765681,0.12110726643598616,0.9707006369426752,0.14634146341463414,0.9808917197452229,0.933882892835897,0.9910828025477707,0.9617977528089887,0.9961783439490446,0.4152866242038217,0.45987261146496816,0.9643312101910828,0.14135457041768862,mu=0.003
occ_a0.05,heavy,200,8,comb_prod,40.0,3.0,0.05,step,0.006312668537322595,157015,785,1.1702697213586584,43.90157553765681,0.9795869163385036,0.9707006369426752,0.9915109420649357,0.9808917197452229,0.9950380754365601,0.9910828025477707,0.9950194889562581,0.9961783439490446,0.0,0.0,0.0,0.8526065803636818,
occ_a0.05,heavy,200,8,comb_prod,44.0,3.0,0.05,step,0.006312668537322595,157015,785,1.1702697213586584,43.90157553765681,0.9916467518800289,0.9707006369426752,0.9934913443332432,0.9808917197452229,0.9934244445007903,0.9910828025477707,0.9934271905862576,0.9961783439490446,0.0,0.0,0.0,0.8097085579657303,
occ_a0.05,heavy,200,8,normalized_half_comb,40.0,3.0,0.05,step,0.006312668537322595,157015,785,1.1702697213586584,43.90157553765681,0.9948867982768108,0.9707006369426752,0.994833567052919,0.9808917197452229,0.9948291904825203,0.9910828025477707,0.9950014701558365,0.9961783439490446,0.0,0.0,0.0,0.9962671707511647,
occ_a0.05,heavy,200,8,normalized_half_comb,44.0,3.0,0.05,step,0.006312668537322595,157015,785,1.1702697213586584,43.90157553765681,0.9949895780593492,0.9707006369426752,0.9950163747686174,0.9808917197452229,0.9949648575533608,0.9910828025477707,0.9950015340560442,0.9961783439490446,0.0,0.0,0.0,0.9627131297210404,
occ_a0.05,heavy,200,9,classical_invA,,3.0,0.05,step,0.006312668537322595,157608,788,1.505880581610461,43.80088195087647,0.06593406593406594,0.9708121827411168,0.06529625151148731,0.9809644670050761,0.12148481439820022,0.9911167512690355,0.6379151291512916,0.9961928934010152,0.0025380710659898475,0.0025380710659898475,0.9898477157360406,1.0000000000000002,reference only (tau_abs 0.386)
occ_a0.05,heavy,200,9,fitted_moment,40.0,3.0,0.05,step,0.006312668537322595,157608,788,1.505880581610461,43.80088195087647,0.022988505747126436,0.9708121827411168,0.03855721393034826,0.9809644670050761,0.6255992329817833,0.9911167512690355,0.9336769178776614,0.9961928934010152,0.6560913705583756,0.9581218274111675,0.9873096446700508,0.124331148042494,mu=0.003
occ_a0.05,heavy,200,9,fitted_moment,80.0,3.0,0.05,step,0.006312668537322595,157608,788,1.505880581610461,43.80088195087647,0.01034928848641656,0.9708121827411168,0.023989898989898988,0.9809644670050761,0.04171779141104295,0.9911167512690355,0.895305414777274,0.9961928934010152,0.6421319796954315,0.9695431472081218,0.9923857868020305,0.12146205599600256,mu=0.003
occ_a0.05,heavy,200,9,fitted_moment,84.0,3.0,0.05,step,0.006312668537322595,157608,788,1.505880581610461,43.80088195087647,0.011627906976744186,0.9708121827411168,0.021518987341772152,0.9809644670050761,0.04054054054054054,0.9911167512690355,0.8943330192488895,0.9961928934010152,0.6357868020304569,0.9695431472081218,0.9936548223350253,0.1214925697713305,mu=0.003
occ_a0.05,heavy,200,9,fitted_moment,160.0,3.0,0.05,step,0.006312668537322595,157608,788,1.505880581610461,43.80088195087647,0.012903225806451613,0.9708121827411168,0.027672955974842768,0.9809644670050761,0.7875408052230686,0.9911167512690355,0.851578748345623,0.9961928934010152,0.7956852791878173,0.9682741116751269,0.9885786802030457,0.12731351893821913,mu=0.00646
occ_a0.05,heavy,200,9,comb_prod,40.0,3.0,0.05,step,0.006312668537322595,157608,788,1.505880581610461,43.80088195087647,0.9935327336669822,0.9708121827411168,0.9938079255348975,0.9809644670050761,0.9949730630845182,0.9911167512690355,0.9950190987424018,0.9961928934010152,0.0,0.0,0.46954314720812185,0.9530511777613483,
occ_a0.05,heavy,200,9,comb_prod,44.0,3.0,0.05,step,0.006312668537322595,157608,788,1.505880581610461,43.80088195087647,0.6415182755388941,0.9708121827411168,0.6392907139524032,0.9809644670050761,0.6379230412610106,0.9911167512690355,0.9904010760577158,0.9961928934010152,0.0,0.0,0.4847715736040609,0.37366045804896786,
occ_a0.05,heavy,200,9,normalized_half_comb,40.0,3.0,0.05,step,0.006312668537322595,157608,788,1.505880581610461,43.80088195087647,0.994921667551779,0.9708121827411168,0.9948688333067813,0.9809644670050761,0.9948175870260514,0.9911167512690355,0.9949614890885751,0.9961928934010152,0.0,0.0,0.0,0.9970185694876805,
occ_a0.05,heavy,200,9,normalized_half_comb,44.0,3.0,0.05,step,0.006312668537322595,157608,788,1.505880581610461,43.80088195087647,0.9950126801791523,0.9708121827411168,0.9950381287390556,0.9809644670050761,0.9949870343269404,0.9911167512690355,0.995006107181027,0.9961928934010152,0.0,0.0,0.0,0.970444447117955,
occ_a0.10,heavy,200,0,classical_invA,,3.0,0.1,step,0.006312668537322595,157609,788,0.6957725443607095,83.60047358543424,0.12471395881006865,0.9708121827411168,0.1235827664399093,0.9809644670050761,0.2119071644803229,0.9911167512690355,0.8378434207808304,0.9961928934010152,0.0012690355329949238,0.0012690355329949238,0.5038071065989848,1.0,reference only (tau_abs 0.418)
occ_a0.10,heavy,200,0,fitted_moment,40.0,3.0,0.1,step,0.006312668537322595,157609,788,0.6957725443607095,83.60047358543424,0.205607476635514,0.9708121827411168,0.20799180327868852,0.9809644670050761,0.6726739312657167,0.9911167512690355,0.9906949729146663,0.9961928934010152,0.43147208121827413,0.4733502538071066,0.5266497461928934,0.1307430702690264,mu=0.003
occ_a0.10,heavy,200,0,fitted_moment,80.0,3.0,0.1,step,0.006312668537322595,157609,788,0.6957725443607095,83.60047358543424,0.07720144752714113,0.9708121827411168,0.09165687426556991,0.9809644670050761,0.5810085836909872,0.9911167512690355,0.7994891443167306,0.9961928934010152,0.41878172588832485,0.4302030456852792,0.983502538071066,0.14162057398726163,mu=0.139
occ_a0.10,heavy,200,0,fitted_moment,84.0,3.0,0.1,step,0.006312668537322595,157609,788,0.6957725443607095,83.60047358543424,0.0783132530120482,0.9708121827411168,0.11858608893956671,0.9809644670050761,0.6550353356890459,0.9911167512690355,0.799181376311077,0.9961928934010152,0.4200507614213198,0.4289340101522843,0.9796954314720813,0.1417765795722102,mu=0.139
occ_a0.10,heavy,200,0,fitted_moment,160.0,3.0,0.1,step,0.006312668537322595,157609,788,0.6957725443607095,83.60047358543424,0.08711217183770883,0.9708121827411168,0.1616052060737527,0.9809644670050761,0.5485549132947977,0.9911167512690355,0.9455239417071478,0.9961928934010152,0.4631979695431472,0.46954314720812185,0.9720812182741116,0.14051114265846162,mu=0.003
occ_a0.10,heavy,200,0,comb_prod,40.0,3.0,0.1,step,0.006312668537322595,157609,788,0.6957725443607095,83.60047358543424,0.9908955667955965,0.9708121827411168,0.9924814224020543,0.9809644670050761,0.9933993120409733,0.9911167512690355,0.9933661224351824,0.9961928934010152,0.0,0.0,0.24111675126903553,0.8552225321391648,
occ_a0.10,heavy,200,0,comb_prod,44.0,3.0,0.1,step,0.006312668537322595,157609,788,0.6957725443607095,83.60047358543424,0.6541591320072333,0.9708121827411168,0.6519585772174696,0.9809644670050761,0.9043009435118246,0.9911167512690355,0.9932976443567874,0.9961928934010152,0.03426395939086294,0.03426395939086294,0.03426395939086294,0.8187311098975142,
occ_a0.10,heavy,200,0,normalized_half_comb,40.0,3.0,0.1,step,0.006312668537322595,157609,788,0.6957725443607095,83.60047358543424,0.9946701038110499,0.9708121827411168,0.9949355312123277,0.9809644670050761,0.9949947127247092,0.9911167512690355,0.9949692386567547,0.9961928934010152,0.0,0.0,0.0,0.9964978444396051,
occ_a0.10,heavy,200,0,normalized_half_comb,44.0,3.0,0.1,step,0.006312668537322595,157609,788,0.6957725443607095,83.60047358543424,0.9949878135073512,0.9708121827411168,0.994943449051815,0.9809644670050761,0.9949947127247092,0.9911167512690355,0.9950064883845194,0.9961928934010152,0.0,0.0,0.0,0.9876306468957126,
occ_a0.10,heavy,200,1,classical_invA,,3.0,0.1,step,0.006312668537322595,156611,783,0.9880622911544854,83.4015829682657,0.107981220657277,0.9706257982120051,0.10801393728222997,0.9808429118773946,0.21616161616161617,0.9910600255427842,0.35855263157894735,0.9961685823754789,0.0,0.0,0.5031928480204342,1.0,reference only (tau_abs 0.418)
occ_a0.10,heavy,200,1,fitted_moment,40.0,3.0,0.1,step,0.006312668537322595,156611,783,0.9880622911544854,83.4015829682657,0.14606741573033707,0.9706257982120051,0.2163265306122449,0.9808429118773946,0.43971119133574005,0.9910600255427842,0.965712778583674,0.9961685823754789,0.47509578544061304,0.48020434227330777,0.5312899106002554,0.12747665920303553,mu=0.003
occ_a0.10,heavy,200,1,fitted_moment,80.0,3.0,0.1,step,0.006312668537322595,156611,783,0.9880622911544854,83.4015829682657,0.07654921020656136,0.9706257982120051,0.1418994413407821,0.9808429118773946,0.7301808066759388,0.9910600255427842,0.956014210793436,0.9961685823754789,0.4278416347381865,0.9157088122605364,0.9770114942528736,0.13420025166950095,mu=0.003
occ_a0.10,heavy,200,1,fitted_moment,84.0,3.0,0.1,step,0.006312668537322595,156611,783,0.9880622911544854,83.4015829682657,0.09631391200951249,0.9706257982120051,0.12027491408934708,0.9808429118773946,0.32463011314186246,0.9910600255427842,0.7677880321524263,0.9961685823754789,0.42017879948914433,0.9016602809706258,0.9706257982120051,0.1329451228495207,mu=0.003
occ_a0.10,heavy,200,1,fitted_moment,160.0,3.0,0.1,step,0.006312668537322595,156611,783,0.9880622911544854,83.4015829682657,0.13439635535307518,0.9706257982120051,0.1724137931034483,0.9808429118773946,0.3015301530153015,0.9910600255427842,0.9058993847267462,0.9961685823754789,0.4648786717752235,0.9259259259259259,0.9616858237547893,0.1337603916837532,mu=0.003
occ_a0.10,heavy,200,1,comb_prod,40.0,3.0,0.1,step,0.006312668537322595,156611,783,0.9880622911544854,83.4015829682657,0.6714223951578037,0.9706257982120051,0.6695352839931153,0.9808429118773946,0.9902310064832882,0.9910600255427842,0.9922862398386044,0.9961685823754789,0.0,0.0,0.022988505747126436,0.8363992943633521,
occ_a0.10,heavy,200,1,comb_prod,44.0,3.0,0.1,step,0.006312668537322595,156611,783,0.9880622911544854,83.4015829682657,0.9951464680976071,0.9706257982120051,0.9950956288514959,0.9808429118773946,0.9950447947995887,0.9910600255427842,0.995019379721213,0.9961685823754789,0.0,0.0,0.24648786717752236,0.9324329781520807,
occ_a0.10,heavy,200,1,normalized_half_comb,40.0,3.0,0.1,step,0.006312668537322595,156611,783,0.9880622911544854,83.4015829682657,0.9948216183805293,0.9706257982120051,0.9947962191279601,0.9808429118773946,0.9949071339502527,0.9910600255427842,0.9949794673086083,0.9961685823754789,0.0,0.0,0.0,0.9970608973576252,
occ_a0.10,heavy,200,1,normalized_half_comb,44.0,3.0,0.1,step,0.006312668537322595,156611,783,0.9880622911544854,83.4015829682657,0.9950432411984921,0.9706257982120051,0.9949913914540617,0.9808429118773946,0.9950065314054426,0.9910600255427842,0.9950079361015821,0.9961685823754789,0.0,0.0,0.0,0.9886489521372496,
occ_a0.10,heavy,200,2,classical_invA,,3.0,0.1,step,0.006312668537322595,157212,786,0.8945922765815162,83.80088637236365,0.12998859749144812,0.9707379134860051,0.1288135593220339,0.9809160305343512,0.4605263157894737,0.9910941475826972,0.6311822892133773,0.9961832061068703,0.0,0.0,0.5063613231552163,1.0,reference only (tau_abs 0.418)
occ_a0.10,heavy,200,2,fitted_moment,40.0,3.0,0.1,step,0.006312668537322595,157212,786,0.8945922765815162,83.80088637236365,0.2035490605427975,0.9707379134860051,0.22745490981963928,0.9809160305343512,0.4761264290517821,0.9910941475826972,0.9904691189716873,0.9961832061068703,0.07888040712468193,0.07888040712468193,0.5190839694656488,0.13297230244542832,mu=0.003
occ_a0.10,heavy,200,2,fitted_moment,80.0,3.0,0.1,step,0.006312668537322595,157212,786,0.8945922765815162,83.80088637236365,0.08182912154031288,0.9707379134860051,0.09187279151943463,0.9809160305343512,0.3154657293497364,0.9910941475826972,0.8422643029814666,0.9961832061068703,0.002544529262086514,0.002544529262086514,0.9809160305343512,0.15540166736293148,mu=1.39
occ_a0.10,heavy,200,2,fitted_moment,84.0,3.0,0.1,step,0.006312668537322595,157212,786,0.8945922765815162,83.80088637236365,0.08403361344537816,0.9707379134860051,0.09507042253521127,0.9809160305343512,0.4928385416666667,0.9910941475826972,0.8364320033423857,0.9961832061068703,0.001272264631043257,0.001272264631043257,0.9809160305343512,0.14363944536743675,mu=0.139
occ_a0.10,heavy,200,2,fitted_moment,160.0,3.0,0.1,step,0.006312668537322595,157212,786,0.8945922765815162,83.80088637236365,0.10235294117647059,0.9707379134860051,0.13950892857142858,0.9809160305343512,0.3069395017793594,0.9910941475826972,0.8439928272564255,0.9961832061068703,0.003816793893129771,0.8486005089058524,0.9643765903307888,0.1414536456390189,mu=0.03
occ_a0.10,heavy,200,2,comb_prod,40.0,3.0,0.1,step,0.006312668537322595,157212,786,0.8945922765815162,83.80088637236365,0.9943884680444216,0.9707379134860051,0.9948239401161425,0.9809160305343512,0.9948853302868549,0.9910941475826972,0.9948761909747671,0.9961832061068703,0.0,0.0,0.0,0.8871486411973528,
occ_a0.10,heavy,200,2,comb_prod,44.0,3.0,0.1,step,0.006312668537322595,157212,786,0.8945922765815162,83.80088637236365,0.9951458472500556,0.9707379134860051,0.9950952014402678,0.9809160305343512,0.9950445923079859,0.9910941475826972,0.9950192740735087,0.9961832061068703,0.002544529262086514,0.002544529262086514,0.2684478371501272,0.9089708709600994,
occ_a0.10,heavy,200,2,normalized_half_comb,40.0,3.0,0.1,step,0.006312668537322595,157212,786,0.8945922765815162,83.80088637236365,0.994612495057335,0.9707379134860051,0.9946852144181654,0.9809160305343512,0.9948726049667937,0.9910941475826972,0.9949699998715198,0.9961832061068703,0.0,0.0,0.0,0.9973265725332563,
occ_a0.10,heavy,200,2,normalized_half_comb,44.0,3.0,0.1,step,0.006312668537322595,157212,786,0.8945922765815162,83.80088637236365,0.9949830356908025,0.9707379134860051,0.9949306998395708,0.9809160305343512,0.9949956959130446,0.9910941475826972,0.9949701291192908,0.9961832061068703,0.0,0.0,0.0,0.9905968340093888,
occ_a0.10,heavy,200,3,classical_invA,,3.0,0.1,step,0.006312668537322595,157608,788,1.0337562762419605,83.60155283613503,0.1404494382022472,0.9708121827411168,0.14015572858731926,0.9809644670050761,0.21743486973947895,0.9911167512690355,0.21734795613160518,0.9961928934010152,0.0025380710659898475,0.0025380710659898475,0.5025380710659898,1.0,reference only (tau_abs 0.418)
occ_a0.10,heavy,200,3,fitted_moment,40.0,3.0,0.1,step,0.006312668537322595,157608,788,1.0337562762419605,83.60155283613503,0.47350309704060567,0.9708121827411168,0.8054856567689985,0.9809644670050761,0.9675489259151535,0.9911167512690355,0.9898612869062072,0.9961928934010152,0.08629441624365482,0.08629441624365482,0.5063451776649747,0.13389578474209915,mu=0.003
occ_a0.10,heavy,200,3,fitted_moment,80.0,3.0,0.1,step,0.006312668537322595,157608,788,1.0337562762419605,83.60155283613503,0.08711217183770883,0.9708121827411168,0.10635838150289018,0.9809644670050761,0.4460992907801418,0.9911167512690355,0.9163023776522017,0.9961928934010152,0.03680203045685279,0.03680203045685279,0.9784263959390863,0.14425586437961258,mu=0.003
occ_a0.10,heavy,200,3,fitted_moment,84.0,3.0,0.1,step,0.006312668537322595,157608,788,1.0337562762419605,83.60155283613503,0.08711217183770883,0.9708121827411168,0.09058823529411765,0.9809644670050761,0.5170068027210885,0.9911167512690355,0.8610619469026549,0.9961928934010152,0.050761421319796954,0.050761421319796954,0.9873096446700508,0.14895441772038662,mu=0.003
occ_a0.10,heavy,200,3,fitted_moment,160.0,3.0,0.1,step,0.006312668537322595,157608,788,1.0337562762419605,83.60155283613503,0.15469613259668508,0.9708121827411168,0.1776595744680851,0.9809644670050761,0.2821691176470588,0.9911167512690355,0.6881207787048073,0.9961928934010152,0.013959390862944163,0.8845177664974619,0.9517766497461929,0.1411412247486329,mu=0.003
occ_a0.10,heavy,200,3,comb_prod,40.0,3.0,0.1,step,0.006312668537322595,157608,788,1.0337562762419605,83.60155283613503,0.6538461538461539,0.9708121827411168,0.6522717049032839,0.9809644670050761,0.9808037360206464,0.9911167512690355,0.9947284302138175,0.9961928934010152,0.0,0.0,0.0,0.6572541376699675,
occ_a0.10,heavy,200,3,comb_prod,44.0,3.0,0.1,step,0.006312668537322595,157608,788,1.0337562762419605,83.60155283613503,0.9951454154318676,0.9708121827411168,0.9950949286765826,0.9809644670050761,0.9950444476875147,0.9911167512690355,0.995019193553504,0.9961928934010152,0.0,0.0,0.0,0.9600399702237387,
occ_a0.10,heavy,200,3,normalized_half_comb,40.0,3.0,0.1,step,0.006312668537322595,157608,788,1.0337562762419605,83.60155283613503,0.9947273742323677,0.9708121827411168,0.9949513751461359,0.9809644670050761,0.9948993919761754,0.9911167512690355,0.9949750030406033,0.9961928934010152,0.0,0.0,0.0,0.9973372251727127,
occ_a0.10,heavy,200,3,normalized_half_comb,44.0,3.0,0.1,step,0.006312668537322595,157608,788,1.0337562762419605,83.60155283613503,0.9950061362508813,0.9708121827411168,0.9950128388753403,0.9809644670050761,0.995000480107544,0.9911167512690355,0.9949750030406033,0.9961928934010152,0.0,0.0,0.0,0.9894744127086169,
occ_a0.10,heavy,200,4,classical_invA,,3.0,0.1,step,0.006312668537322595,158006,790,0.582940078105152,83.80100063419701,0.1515486725663717,0.970886075949367,0.15021929824561403,0.9810126582278481,0.15715823466092574,0.9911392405063291,0.23814133591481124,0.9962025316455696,0.0012658227848101266,0.0012658227848101266,0.5151898734177215,1.0,reference only (tau_abs 0.418)
occ_a0.10,heavy,200,4,fitted_moment,40.0,3.0,0.1,step,0.006312668537322595,158006,790,0.582940078105152,83.80100063419701,0.2189409368635438,0.970886075949367,0.22808764940239043,0.9810126582278481,0.25,0.9911392405063291,0.6514614703277236,0.9962025316455696,0.056962025316455694,0.056962025316455694,0.5151898734177215,0.14307724133286118,mu=0.003
occ_a0.10,heavy,200,4,fitted_moment,80.0,3.0,0.1,step,0.006312668537322595,158006,790,0.582940078105152,83.80100063419701,0.09551886792452831,0.970886075949367,0.09883720930232558,0.9810126582278481,0.1498371335504886,0.9911392405063291,0.8914632464487657,0.9962025316455696,0.002531645569620253,0.002531645569620253,0.9810126582278481,0.1874347357560748,mu=3
occ_a0.10,heavy,200,4,fitted_moment,84.0,3.0,0.1,step,0.006312668537322595,158006,790,0.582940078105152,83.80100063419701,0.09445100354191263,0.970886075949367,0.09988385598141696,0.9810126582278481,0.15075921908893708,0.9911392405063291,0.8406560032395222,0.9962025316455696,0.002531645569620253,0.002531645569620253,0.9810126582278481,0.18796385734218038,mu=3
occ_a0.10,heavy,200,4,fitted_moment,160.0,3.0,0.1,step,0.006312668537322595,158006,790,0.582940078105152,83.80100063419701,0.09870740305522914,0.970886075949367,0.11123853211009174,0.9810126582278481,0.2224428997020854,0.9911392405063291,0.9177294584988501,0.9962025316455696,0.0037974683544303796,0.43544303797468353,0.9734177215189873,0.14470304827811728,mu=0.003
occ_a0.10,heavy,200,4,comb_prod,40.0,3.0,0.1,step,0.006312668537322595,158006,790,0.582940078105152,83.80100063419701,0.9935358268579231,0.970886075949367,0.9934695046935301,0.9810126582278481,0.9934034271849568,0.9911392405063291,0.993370454296569,0.9962025316455696,0.0,0.0,0.25949367088607594,0.836446962466271,
occ_a0.10,heavy,200,4,comb_prod,44.0,3.0,0.1,step,0.006312668537322595,158006,790,0.582940078105152,83.80100063419701,0.6458910433979687,0.970886075949367,0.6456332876085963,0.9810126582278481,0.9892479024484023,0.9911392405063291,0.9940844858689116,0.9962025316455696,0.0,0.0,0.0,0.5325893672398462,
occ_a0.10,heavy,200,4,normalized_half_comb,40.0,3.0,0.1,step,0.006312668537322595,158006,790,0.582940078105152,83.80100063419701,0.9947586376558059,0.970886075949367,0.9949003092715668,0.9810126582278481,0.9949243514449069,0.9911392405063291,0.9948985875504793,0.9962025316455696,0.0012658227848101266,0.0012658227848101266,0.0012658227848101266,0.9948796094589668,
occ_a0.10,heavy,200,4,normalized_half_comb,44.0,3.0,0.1,step,0.006312668537322595,158006,790,0.582940078105152,83.80100063419701,0.9950310961388961,0.970886075949367,0.9950116823181838,0.9810126582278481,0.9949604819401179,0.9911392405063291,0.9949931927779828,0.9962025316455696,0.0012658227848101266,0.0012658227848101266,0.0012658227848101266,0.986965344165853,
occ_a0.10,heavy,200,5,classical_invA,,3.0,0.1,step,0.006312668537322595,156814,784,1.376935177384007,83.40149263710471,0.10259433962264151,0.9706632653061225,0.10163551401869159,0.9808673469387755,0.10586881472957423,0.9910714285714286,0.6489887640449438,0.9961734693877551,0.0012755102040816326,0.0012755102040816326,0.4987244897959184,1.0,reference only (tau_abs 0.418)
occ_a0.10,heavy,200,5,fitted_moment,40.0,3.0,0.1,step,0.006312668537322595,156814,784,1.376935177384007,83.40149263710471,0.0546583850931677,0.9706632653061225,0.05759803921568627,0.9808673469387755,0.075,0.9910714285714286,0.8482611229842627,0.9961734693877551,0.0,0.5841836734693877,0.9910714285714286,0.139580624166529,mu=0.139
occ_a0.10,heavy,200,5,fitted_moment,80.0,3.0,0.1,step,0.006312668537322595,156814,784,1.376935177384007,83.40149263710471,0.057001239157372985,0.9706632653061225,0.0587515299877601,0.9808673469387755,0.060459492140266025,0.9910714285714286,0.7588761963569003,0.9961734693877551,0.0,0.9081632653061225,0.9923469387755102,0.13834347034607633,mu=0.646
occ_a0.10,heavy,200,5,fitted_moment,84.0,3.0,0.1,step,0.006312668537322595,156814,784,1.376935177384007,83.40149263710471,0.05583126550868486,0.9706632653061225,0.0587515299877601,0.9808673469387755,0.060459492140266025,0.9910714285714286,0.7595443349753694,0.9961734693877551,0.0,0.9081632653061225,0.9923469387755102,0.13883928525244654,mu=0.646
occ_a0.10,heavy,200,5,fitted_moment,160.0,3.0,0.1,step,0.006312668537322595,156814,784,1.376935177384007,83.40149263710471,0.14972067039106146,0.9706632653061225,0.6256085686465434,0.9808673469387755,0.9411006670709521,0.9910714285714286,0.949861975990242,0.9961734693877551,0.8775510204081632,0.9400510204081632,0.9540816326530612,0.13884141691469246,mu=0.003
occ_a0.10,heavy,200,5,comb_prod,40.0,3.0,0.1,step,0.006312668537322595,156814,784,1.376935177384007,83.40149263710471,0.6525114155251142,0.9706632653061225,0.6504545454545455,0.9808673469387755,0.6495263870094723,0.9910714285714286,0.9840582964217918,0.9961734693877551,0.0,0.0,0.4872448979591837,0.8158403018690477,
occ_a0.10,heavy,200,5,comb_prod,44.0,3.0,0.1,step,0.006312668537322595,156814,784,1.376935177384007,83.40149263710471,0.9951324037354484,0.9706632653061225,0.995081547809402,0.9808673469387755,0.9950309844022792,0.9910714285714286,0.9950065215723383,0.9961734693877551,0.0012755102040816326,0.0012755102040816326,0.0012755102040816326,0.9614050376142752,
occ_a0.10,heavy,200,5,normalized_half_comb,40.0,3.0,0.1,step,0.006312668537322595,156814,784,1.376935177384007,83.40149263710471,0.9946138765225885,0.9706632653061225,0.9949089705395564,0.9808673469387755,0.9948562803691298,0.9910714285714286,0.9948299373767062,0.9961734693877551,0.0,0.0,0.0,0.9978393690199442,
occ_a0.10,heavy,200,5,normalized_half_comb,44.0,3.0,0.1,step,0.006312668537322595,156814,784,1.376935177384007,83.40149263710471,0.9949615995762712,0.9706632653061225,0.9949108235994838,0.9808673469387755,0.9949971669928918,0.9910714285714286,0.994971606639282,0.9961734693877551,0.0,0.0,0.0,0.9904055881703295,
occ_a0.10,heavy,200,6,classical_invA,,3.0,0.1,step,0.006312668537322595,156816,785,0.8862591437422652,83.60064680755877,0.0774818401937046,0.9707006369426752,0.07673860911270983,0.9808917197452229,0.13169642857142858,0.9910828025477707,0.8107454017424975,0.9961783439490446,0.0012738853503184713,0.0012738853503184713,0.9859872611464968,1.0,reference only (tau_abs 0.418)
occ_a0.10,heavy,200,6,fitted_moment,40.0,3.0,0.1,step,0.006312668537322595,156816,785,0.8862591437422652,83.60064680755877,0.06273062730627306,0.9707006369426752,0.12,0.9808917197452229,0.29465095194922936,0.9910828025477707,0.8213796253997259,0.9961783439490446,0.007643312101910828,0.49554140127388535,0.9770700636942675,0.14266694477932507,mu=0.139
occ_a0.10,heavy,200,6,fitted_moment,80.0,3.0,0.1,step,0.006312668537322595,156816,785,0.8862591437422652,83.60064680755877,0.03909205548549811,0.9707006369426752,0.09198113207547169,0.9808917197452229,0.6040712468193384,0.9910828025477707,0.7066766691672918,0.9961783439490446,0.0,0.932484076433121,0.9821656050955414,0.1373269317241667,mu=0.139
occ_a0.10,heavy,200,6,fitted_moment,84.0,3.0,0.1,step,0.006312668537322595,156816,785,0.8862591437422652,83.60064680755877,0.04030226700251889,0.9707006369426752,0.25675675675675674,0.9808917197452229,0.5481997677119629,0.9910828025477707,0.6872,0.9961783439490446,0.0,0.9401273885350319,0.9732484076433121,0.13815896546207065,mu=0.139
occ_a0.10,heavy,200,6,fitted_moment,160.0,3.0,0.1,step,0.006312668537322595,156816,785,0.8862591437422652,83.60064680755877,0.030534351145038167,0.9707006369426752,0.0375,0.9808917197452229,0.08685446009389672,0.9910828025477707,0.5466666666666666,0.9961783439490446,0.8496815286624204,0.9401273885350319,0.9923566878980892,0.13537029493834782,mu=0.0646
occ_a0.10,heavy,200,6,comb_prod,40.0,3.0,0.1,step,0.006312668537322595,156816,785,0.8862591437422652,83.60064680755877,0.9935315189894909,0.9707006369426752,0.9934641077658283,0.9808917197452229,0.9933967068409438,0.9910828025477707,0.9935154319452045,0.9961783439490446,0.0,0.0,0.0,0.888039684209447,
occ_a0.10,heavy,200,6,comb_prod,44.0,3.0,0.1,step,0.006312668537322595,156816,785,0.8862591437422652,83.60064680755877,0.9904780946192487,0.9707006369426752,0.9903790888872229,0.9808917197452229,0.9902938057513567,0.9910828025477707,0.9903043828652904,0.9961783439490446,0.0,0.0,0.4840764331210191,0.6884905438736005,
occ_a0.10,heavy,200,6,normalized_half_comb,40.0,3.0,0.1,step,0.006312668537322595,156816,785,0.8862591437422652,83.60064680755877,0.9945897972948986,0.9707006369426752,0.994900831098308,0.9808917197452229,0.9948482280023309,0.9910828025477707,0.994971222790264,0.9961783439490446,0.0012738853503184713,0.0012738853503184713,0.0012738853503184713,0.9971706658576256,
occ_a0.10,heavy,200,6,normalized_half_comb,44.0,3.0,0.1,step,0.006312668537322595,156816,785,0.8862591437422652,83.60064680755877,0.994957349233345,0.9707006369426752,0.9949121184088807,0.9808917197452229,0.9949968167407284,0.9910828025477707,0.9949746806158908,0.9961783439490446,0.0,0.0,0.0,0.989699928914637,
occ_a0.10,heavy,200,7,classical_invA,,3.0,0.1,step,0.006312668537322595,158801,794,1.5616826100734618,84.00134283032426,0.12386363636363637,0.9710327455919395,0.12373453318335208,0.9811083123425692,0.12360801781737193,0.9911838790931989,0.1383442265795207,0.9962216624685138,0.0025188916876574307,0.0025188916876574307,0.5062972292191436,1.0,reference only (tau_abs 0.418)
occ_a0.10,heavy,200,7,fitted_moment,40.0,3.0,0.1,step,0.006312668537322595,158801,794,1.5616826100734618,84.00134283032426,0.05860805860805861,0.9710327455919395,0.11977401129943503,0.9811083123425692,0.21063189568706117,0.9911838790931989,0.2183794466403162,0.9962216624685138,0.04659949622166247,0.5088161209068011,0.9785894206549118,0.14857715650989445,mu=0.3
occ_a0.10,heavy,200,7,fitted_moment,80.0,3.0,0.1,step,0.006312668537322595,158801,794,1.5616826100734618,84.00134283032426,0.05745721271393643,0.9710327455919395,0.06706586826347305,0.9811083123425692,0.07845433255269321,0.9911838790931989,0.09496567505720824,0.9962216624685138,0.04659949622166247,0.4521410579345088,0.9974811083123426,0.1410354567704507,mu=0.646
occ_a0.10,heavy,200,7,fitted_moment,84.0,3.0,0.1,step,0.006312668537322595,158801,794,1.5616826100734618,84.00134283032426,0.05745721271393643,0.9710327455919395,0.06706586826347305,0.9811083123425692,0.07845433255269321,0.9911838790931989,0.09496567505720824,0.9962216624685138,0.04785894206549118,0.4521410579345088,0.9974811083123426,0.1410221575489192,mu=0.646
occ_a0.10,heavy,200,7,fitted_moment,160.0,3.0,0.1,step,0.006312668537322595,158801,794,1.5616826100734618,84.00134283032426,0.1366181410974244,0.9710327455919395,0.21073961499493415,0.9811083123425692,0.5793693212185996,0.9911838790931989,0.6412698412698413,0.9962216624685138,0.482367758186398,0.9030226700251889,0.9571788413098237,0.13414132410408847,mu=0.003
occ_a0.10,heavy,200,7,comb_prod,40.0,3.0,0.1,step,0.006312668537322595,158801,794,1.5616826100734618,84.00134283032426,0.554335260115607,0.9710327455919395,0.6278069756330625,0.9811083123425692,0.6537615486141664,0.9911838790931989,0.6532222709338009,0.9962216624685138,0.0,0.0,0.20780856423173805,0.8393982948236245,
occ_a0.10,heavy,200,7,comb_prod,44.0,3.0,0.1,step,0.006312668537322595,158801,794,1.5616826100734618,84.00134283032426,0.9951400007564201,0.9710327455919395,0.995090222673213,0.9811083123425692,0.9950414264562266,0.9911838790931989,0.9950165694341192,0.9962216624685138,0.0,0.0,0.0,0.860094965149118,
occ_a0.10,heavy,200,7,normalized_half_comb,40.0,3.0,0.1,step,0.006312668537322595,158801,794,1.5616826100734618,84.00134283032426,0.9947136020185675,0.9710327455919395,0.9949567863269997,0.9811083123425692,0.9949053244861628,0.9911838790931989,0.994982970005645,0.9962216624685138,0.0,0.0,0.0,0.9977510218374585,
occ_a0.10,heavy,200,7,normalized_half_comb,44.0,3.0,0.1,step,0.006312668537322595,158801,794,1.5616826100734618,84.00134283032426,0.9950426932770948,0.9710327455919395,0.9949924146974879,0.9811083123425692,0.9950089103950381,0.9911838790931989,0.99498366997495,0.9962216624685138,0.0,0.0,0.0,0.9900546097882129,
occ_a0.10,heavy,200,8,classical_invA,,3.0,0.1,step,0.006312668537322595,157015,785,1.1733780260187667,83.80078788339071,0.12211981566820276,0.9707006369426752,0.12100456621004566,0.9808917197452229,0.5870488322717622,0.9910828025477707,0.9820056146164112,0.9961783439490446,0.0,0.0,0.5082802547770701,1.0000000000000002,reference only (tau_abs 0.418)
occ_a0.10,heavy,200,8,fitted_moment,40.0,3.0,0.1,step,0.006312668537322595,157015,785,1.1733780260187667,83.80078788339071,0.11498257839721254,0.9707006369426752,0.12200684150513112,0.9808917197452229,0.8514416650754248,0.9910828025477707,0.9842896174863388,0.9961783439490446,0.05987261146496815,0.05987261146496815,0.5082802547770701,0.13916088418645745,mu=0.003
occ_a0.10,heavy,200,8,fitted_moment,80.0,3.0,0.1,step,0.006312668537322595,157015,785,1.1733780260187667,83.80078788339071,0.08523409363745499,0.9707006369426752,0.125,0.9808917197452229,0.5212307692307693,0.9910828025477707,0.8253294616930981,0.9961783439490446,0.01019108280254777,0.01019108280254777,0.975796178343949,0.14957319801280022,mu=0.646
occ_a0.10,heavy,200,8,fitted_moment,84.0,3.0,0.1,step,0.006312668537322595,157015,785,1.1733780260187667,83.80078788339071,0.08523409363745499,0.9707006369426752,0.11085450346420324,0.9808917197452229,0.4878209348255431,0.9910828025477707,0.8154354496105736,0.9961783439490446,0.01019108280254777,0.01019108280254777,0.975796178343949,0.1503783649000785,mu=0.646
occ_a0.10,heavy,200,8,fitted_moment,160.0,3.0,0.1,step,0.006312668537322595,157015,785,1.1733780260187667,83.80078788339071,0.08851674641148326,0.9707006369426752,0.09198113207547169,0.9808917197452229,0.5546651402404121,0.9910828025477707,0.7478232828119962,0.9961783439490446,0.09426751592356689,0.1464968152866242,0.9834394904458599,0.14239554884708336,mu=0.3
occ_a0.10,heavy,200,8,comb_prod,40.0,3.0,0.1,step,0.006312668537322595,157015,785,1.1733780260187667,83.80078788339071,0.6304558680892337,0.9707006369426752,0.6299855838539163,0.9808917197452229,0.7347425843845892,0.9910828025477707,0.9931961543481098,0.9961783439490446,0.0,0.0,0.0,0.3934709435311644,
occ_a0.10,heavy,200,8,comb_prod,44.0,3.0,0.1,step,0.006312668537322595,157015,785,1.1733780260187667,83.80078788339071,0.995134472454218,0.9707006369426752,0.9950842068974323,0.9808917197452229,0.9950344334594936,0.9910828025477707,0.9950110369642606,0.9961783439490446,0.0,0.0,0.23312101910828026,0.9285147512212508,
occ_a0.10,heavy,200,8,normalized_half_comb,40.0,3.0,0.1,step,0.006312668537322595,157015,785,1.1733780260187667,83.80078788339071,0.9948091228643833,0.9707006369426752,0.9948333937222379,0.9808917197452229,0.9947800299242501,0.9910828025477707,0.9950002877072291,0.9961783439490446,0.0,0.0,0.0,0.9975139579704885,
occ_a0.10,heavy,200,8,normalized_half_comb,44.0,3.0,0.1,step,0.006312668537322595,157015,785,1.1733780260187667,83.80078788339071,0.9949109414758269,0.9707006369426752,0.9950163747686174,0.9808917197452229,0.9949648575533608,0.9910828025477707,0.995001406253995,0.9961783439490446,0.0,0.0,0.0,0.989102232508054,
occ_a0.10,heavy,200,9,classical_invA,,3.0,0.1,step,0.006312668537322595,157608,788,1.5082658979104284,83.60043807445685,0.06593406593406594,0.9708121827411168,0.06529625151148731,0.9809644670050761,0.12148481439820022,0.9911167512690355,0.6379151291512916,0.9961928934010152,0.0025380710659898475,0.0025380710659898475,0.9898477157360406,0.9999999999999999,reference only (tau_abs 0.418)
occ_a0.10,heavy,200,9,fitted_moment,40.0,3.0,0.1,step,0.006312668537322595,157608,788,1.5082658979104284,83.60043807445685,0.02918781725888325,0.9708121827411168,0.061893203883495146,0.9809644670050761,0.1322222222222222,0.9911167512690355,0.6639554794520548,0.9961928934010152,0.10152284263959391,0.5126903553299492,0.9898477157360406,0.13960100088978233,mu=0.646
occ_a0.10,heavy,200,9,fitted_moment,80.0,3.0,0.1,step,0.006312668537322595,157608,788,1.5082658979104284,83.60043807445685,0.021739130434782608,0.9708121827411168,0.030112923462986198,0.9809644670050761,0.10332950631458095,0.9911167512690355,0.6945525291828794,0.9961928934010152,0.815989847715736,0.9568527918781726,0.9898477157360406,0.13231574747730412,mu=0.03
occ_a0.10,heavy,200,9,fitted_moment,84.0,3.0,0.1,step,0.006312668537322595,157608,788,1.5082658979104284,83.60043807445685,0.022988505747126436,0.9708121827411168,0.030112923462986198,0.9809644670050761,0.08974358974358974,0.9911167512690355,0.6897233201581028,0.9961928934010152,0.8210659898477157,0.9568527918781726,0.9911167512690355,0.13208142025134392,mu=0.03
occ_a0.10,heavy,200,9,fitted_moment,160.0,3.0,0.1,step,0.006312668537322595,157608,788,1.5082658979104284,83.60043807445685,0.015444015444015444,0.9708121827411168,0.03254067584480601,0.9809644670050761,0.1839080459770115,0.9911167512690355,0.877420362273579,0.9961928934010152,0.6078680203045685,0.9644670050761421,0.9898477157360406,0.12268327734589864,mu=0.003
occ_a0.10,heavy,200,9,comb_prod,40.0,3.0,0.1,step,0.006312668537322595,157608,788,1.5082658979104284,83.60043807445685,0.6421889616463985,0.9708121827411168,0.6397949673811743,0.9809644670050761,0.6548828988068935,0.9911167512690355,0.9933230130647795,0.9961928934010152,0.0,0.0,0.4860406091370558,0.8256482617197316,
occ_a0.10,heavy,200,9,comb_prod,44.0,3.0,0.1,step,0.006312668537322595,157608,788,1.5082658979104284,83.60043807445685,0.9951367124175943,0.9708121827411168,0.9950869789051526,0.9809644670050761,0.9950395376163105,0.9911167512690355,0.9950166640215838,0.9961928934010152,0.0,0.0,0.0,0.9626871800632453,
occ_a0.10,heavy,200,9,normalized_half_comb,40.0,3.0,0.1,step,0.006312668537322595,157608,788,1.5082658979104284,83.60043807445685,0.994921667551779,0.9708121827411168,0.9948688333067813,0.9809644670050761,0.9948160046728972,0.9911167512690355,0.9949614890885751,0.9961928934010152,0.0,0.0,0.0,0.9979877480828488,
occ_a0.10,heavy,200,9,normalized_half_comb,44.0,3.0,0.1,step,0.006312668537322595,157608,788,1.5082658979104284,83.60043807445685,0.9950122899782888,0.9708121827411168,0.9950381287390556,0.9809644670050761,0.9949870343269404,0.9911167512690355,0.9950060436414531,0.9961928934010152,0.0,0.0,0.0,0.9913434804597068,
erf,heavy,200,0,classical_invA,,3.0,0.0,erf,0.006312668537322595,157609,788,-2.1291755970131456,10.129175597013147,0.10630841121495327,0.9708121827411168,0.1588683351468988,0.9809644670050761,0.5351190476190476,0.9911167512690355,0.9950062501189744,0.998730964467005,0.006345177664974619,0.006345177664974619,0.9657360406091371,1.0,reference only (tau_abs 0.350)
erf,heavy,200,0,fitted_moment,40.0,3.0,0.0,erf,0.006312668537322595,157609,788,-2.1291755970131456,10.129175597013147,0.20146137787056367,0.9708121827411168,0.3004524886877828,0.9809644670050761,0.8028773346794548,0.9911167512690355,0.9948390139110843,1.0,0.8020304568527918,0.9010152284263959,0.9530456852791879,0.31505752255422415,mu=0.0139
erf,heavy,200,0,fitted_moment,80.0,3.0,0.0,erf,0.006312668537322595,157609,788,-2.1291755970131456,10.129175597013147,0.2121524201853759,0.9708121827411168,0.3684640522875817,0.9809644670050761,0.714859437751004,0.9911167512690355,0.9948473831506813,1.0,0.8236040609137056,0.8883248730964467,0.950507614213198,0.32582781693985385,mu=0.03
erf,heavy,200,0,fitted_moment,84.0,3.0,0.0,erf,0.006312668537322595,157609,788,-2.1291755970131456,10.129175597013147,0.2121524201853759,0.9708121827411168,0.337617823479006,0.9809644670050761,0.7540157480314961,0.9911167512690355,0.9948482926797377,1.0,0.8261421319796954,0.8883248730964467,0.9517766497461929,0.32589713230546785,mu=0.03
erf,heavy,200,0,fitted_moment,160.0,3.0,0.0,erf,0.006312668537322595,157609,788,-2.1291755970131456,10.129175597013147,0.19133192389006343,0.9708121827411168,0.3611570247933884,0.9809644670050761,0.8524187452758881,0.9911167512690355,0.9948656646220776,0.9974619289340102,0.8540609137055838,0.9137055837563451,0.9517766497461929,0.3282601706833165,mu=0.03
erf,heavy,200,0,comb_prod,40.0,3.0,0.0,erf,0.006312668537322595,157609,788,-2.1291755970131456,10.129175597013147,0.9951435663363445,0.9708121827411168,0.9950935276457185,0.9809644670050761,0.9950440074371617,0.9911167512690355,0.9950189091093683,0.9961928934010152,0.0,0.0,0.0,0.8828827773821462,
erf,heavy,200,0,comb_prod,44.0,3.0,0.0,erf,0.006312668537322595,157609,788,-2.1291755970131456,10.129175597013147,0.995142826303659,0.9708121827411168,0.9950935276457185,0.9809644670050761,0.995043630017452,0.9911167512690355,0.9950190039276899,0.9961928934010152,0.0,0.0,0.0,0.9204661574389069,
erf,heavy,200,0,normalized_half_comb,40.0,3.0,0.0,erf,0.006312668537322595,157609,788,-2.1291755970131456,10.129175597013147,0.1997907949790795,0.9708121827411168,0.5741046831955923,0.9809644670050761,0.8917682926829268,0.9911167512690355,0.9949401551343299,1.0,0.0,0.0,0.8984771573604061,0.30586251530060315,
erf,heavy,200,0,normalized_half_comb,44.0,3.0,0.0,erf,0.006312668537322595,157609,788,-2.1291755970131456,10.129175597013147,0.2006269592476489,0.9708121827411168,0.5959226346053319,0.9809644670050761,0.9006361323155216,0.9911167512690355,0.9949928196525475,1.0,0.0,0.0,0.8959390862944162,0.25710469586009255,
erf,heavy,200,1,classical_invA,,3.0,0.0,erf,0.006312668537322595,156611,783,-1.699545021820923,9.699545021820926,0.15367483296213807,0.9706257982120051,0.26153846153846155,0.9808429118773946,0.6623150565709313,0.9910600255427842,0.9195046439628483,0.9961685823754789,0.007662835249042145,0.007662835249042145,0.9616858237547893,1.0,reference only (tau_abs 0.350)
erf,heavy,200,1,fitted_moment,40.0,3.0,0.0,erf,0.006312668537322595,156611,783,-1.699545021820923,9.699545021820926,0.3780687397708674,0.9706257982120051,0.5477031802120141,0.9808429118773946,0.8114674441205053,0.9910600255427842,0.8894714467904209,0.9961685823754789,0.031928480204342274,0.789272030651341,0.9195402298850575,0.49415750824130666,mu=0.0139
erf,heavy,200,1,fitted_moment,80.0,3.0,0.0,erf,0.006312668537322595,156611,783,-1.699545021820923,9.699545021820926,0.4113090627420604,0.9706257982120051,0.46368715083798884,0.9808429118773946,0.7872981111415275,0.9923371647509579,0.8396051819864281,0.9961685823754789,0.5210727969348659,0.6934865900383141,0.879948914431673,0.30200592695069184,mu=0.003
erf,heavy,200,1,fitted_moment,84.0,3.0,0.0,erf,0.006312668537322595,156611,783,-1.699545021820923,9.699545021820926,0.4255479969765684,0.9706257982120051,0.5492957746478874,0.9808429118773946,0.8408857904449457,0.9910600255427842,0.868020304568528,0.9961685823754789,0.5312899106002554,0.6947637292464879,0.8786717752234994,0.30046688908955516,mu=0.003
erf,heavy,200,1,fitted_moment,160.0,3.0,0.0,erf,0.006312668537322595,156611,783,-1.699545021820923,9.699545021820926,0.48299319727891155,0.9706257982120051,0.5728587319243604,0.9808429118773946,0.8209506229810798,0.9910600255427842,0.8543417366946778,0.9961685823754789,0.6347381864623244,0.789272030651341,0.8505747126436781,0.28487095288602027,mu=0.003
erf,heavy,200,1,comb_prod,40.0,3.0,0.0,erf,0.006312668537322595,156611,783,-1.699545021820923,9.699545021820926,0.9951429630481742,0.9706257982120051,0.9950929339526801,0.9808429118773946,0.9950435604608978,0.9910600255427842,0.9950189662439174,0.9961685823754789,0.0,0.0,0.0,0.6095745517908396,
erf,heavy,200,1,comb_prod,44.0,3.0,0.0,erf,0.006312668537322595,156611,783,-1.699545021820923,9.699545021820926,0.9951456930800577,0.9706257982120051,0.9950950337216432,0.9808429118773946,0.9950443834216744,0.9910600255427842,0.9950193161137895,0.9961685823754789,0.0,0.0,0.0,0.6092289444164026,
erf,heavy,200,1,normalized_half_comb,40.0,3.0,0.0,erf,0.006312668537322595,156611,783,-1.699545021820923,9.699545021820926,0.2,0.9706257982120051,0.6631578947368421,0.9808429118773946,0.8924015529672767,0.9910600255427842,0.9192546583850931,0.9961685823754789,0.0,0.0,0.9080459770114943,0.22519708104959968,
erf,heavy,200,1,normalized_half_comb,44.0,3.0,0.0,erf,0.006312668537322595,156611,783,-1.699545021820923,9.699545021820926,0.20502092050209206,0.9706257982120051,0.6417910447761194,0.9808429118773946,0.8862670379598417,0.9910600255427842,0.9197943444730077,0.9961685823754789,0.0,0.0,0.9080459770114943,0.19138118182299743,
erf,heavy,200,2,classical_invA,,3.0,0.0,erf,0.006312668537322595,157212,786,-1.8113477303718757,9.81134773037187,0.10023584905660378,0.9707379134860051,0.1366181410974244,0.9809160305343512,0.9950187354076939,0.9961832061068703,0.9950187354076939,0.9961832061068703,0.005089058524173028,0.005089058524173028,0.9694656488549618,1.0,reference only (tau_abs 0.350)
erf,heavy,200,2,fitted_moment,40.0,3.0,0.0,erf,0.006312668537322595,157212,786,-1.8113477303718757,9.81134773037187,0.271251193887297,0.9707379134860051,0.43392070484581496,0.9809160305343512,0.7425644415069399,0.9910941475826972,0.994861300888485,1.0,0.03435114503816794,0.03435114503816794,0.9363867684478372,0.4109695533786659,mu=0.003
erf,heavy,200,2,fitted_moment,80.0,3.0,0.0,erf,0.006312668537322595,157212,786,-1.8113477303718757,9.81134773037187,0.29417206290471787,0.9707379134860051,0.40325077399380804,0.9809160305343512,0.8512223071046601,0.9910941475826972,0.9948717948717949,1.0,0.21882951653944022,0.47837150127226463,0.9287531806615776,0.3348446752919933,mu=0.003
erf,heavy,200,2,fitted_moment,84.0,3.0,0.0,erf,0.006312668537322595,157212,786,-1.8113477303718757,9.81134773037187,0.31199278629395855,0.9707379134860051,0.36647493837304845,0.9809160305343512,0.7971882322311898,0.9910941475826972,0.9948791545712515,0.9987277353689568,0.02544529262086514,0.5063613231552163,0.9198473282442748,0.3981526773985111,mu=0.00646
erf,heavy,200,2,fitted_moment,160.0,3.0,0.0,erf,0.006312668537322595,157212,786,-1.8113477303718757,9.81134773037187,0.34393809114359414,0.9707379134860051,0.4046332046332046,0.9809160305343512,0.7426494879418566,0.9910941475826972,0.9949818362903895,1.0,0.49363867684478374,0.7620865139949109,0.926208651399491,0.2702510801141955,mu=0.003
erf,heavy,200,2,comb_prod,40.0,3.0,0.0,erf,0.006312668537322595,157212,786,-1.8113477303718757,9.81134773037187,0.9951440245408144,0.9707379134860051,0.9950939842447536,0.9809160305343512,0.9950437095193861,0.9910941475826972,0.9950185769543974,0.9961832061068703,0.0,0.0,0.0,0.5105873017458014,
erf,heavy,200,2,comb_prod,44.0,3.0,0.0,erf,0.006312668537322595,157212,786,-1.8113477303718757,9.81134773037187,0.995144117253976,0.9707379134860051,0.995094233975134,0.9809160305343512,0.9950441824809624,0.9910941475826972,0.9950192107071066,0.9961832061068703,0.0,0.0,0.0,0.5110205936614235,
erf,heavy,200,2,normalized_half_comb,40.0,3.0,0.0,erf,0.006312668537322595,157212,786,-1.8113477303718757,9.81134773037187,0.41352805534204456,0.9707379134860051,0.8040162684290798,0.9809160305343512,0.9081367924528302,0.9910941475826972,0.9949528720408399,0.9987277353689568,0.0,0.0,0.8384223918575063,0.19056696747855045,
erf,heavy,200,2,normalized_half_comb,44.0,3.0,0.0,erf,0.006312668537322595,157212,786,-1.8113477303718757,9.81134773037187,0.2849109653233365,0.9707379134860051,0.6627296587926509,0.9809160305343512,0.9036844708209694,0.9910941475826972,0.994999139979487,0.9987277353689568,0.0,0.0,0.8371501272264631,0.16030678925938976,
erf,heavy,200,3,classical_invA,,3.0,0.0,erf,0.006312668537322595,157608,788,-1.4422699761290956,9.442269976129097,0.10316529894490035,0.9708121827411168,0.13823857302118173,0.9809644670050761,0.271455223880597,0.9911167512690355,0.9950125004759064,0.9974619289340102,0.0038071065989847717,0.0038071065989847717,0.9682741116751269,1.0000000000000002,reference only (tau_abs 0.350)
erf,heavy,200,3,fitted_moment,40.0,3.0,0.0,erf,0.006312668537322595,157608,788,-1.4422699761290956,9.442269976129097,0.29880843263061413,0.9708121827411168,0.371033360455655,0.9809644670050761,0.5323353293413173,0.9911167512690355,0.8168455436304246,0.9961928934010152,0.046954314720812185,0.817258883248731,0.9314720812182741,0.38915344412099206,mu=0.00646
erf,heavy,200,3,fitted_moment,80.0,3.0,0.0,erf,0.006312668537322595,157608,788,-1.4422699761290956,9.442269976129097,0.235,0.9708121827411168,0.3756058158319871,0.9809644670050761,0.5988700564971752,0.9911167512690355,0.8571688500727802,0.9961928934010152,0.04568527918781726,0.7817258883248731,0.9441624365482234,0.4128786777358326,mu=0.0139
erf,heavy,200,3,fitted_moment,84.0,3.0,0.0,erf,0.006312668537322595,157608,788,-1.4422699761290956,9.442269976129097,0.24481737413622903,0.9708121827411168,0.3520536462699078,0.9809644670050761,0.5485549132947977,0.9911167512690355,0.6742738589211619,0.9961928934010152,0.05203045685279188,0.799492385786802,0.9441624365482234,0.4117527012731679,mu=0.0139
erf,heavy,200,3,fitted_moment,160.0,3.0,0.0,erf,0.006312668537322595,157608,788,-1.4422699761290956,9.442269976129097,0.26371511068334935,0.9708121827411168,0.3098214285714286,0.9809644670050761,0.4324127906976744,0.9911167512690355,0.5619419642857143,0.9961928934010152,0.16624365482233502,0.8489847715736041,0.9467005076142132,0.40078438369031094,mu=0.0139
erf,heavy,200,3,comb_prod,40.0,3.0,0.0,erf,0.006312668537322595,157608,788,-1.4422699761290956,9.442269976129097,0.9951429188200784,0.9708121827411168,0.9950932784897708,0.9809644670050761,0.9950435041981075,0.9911167512690355,0.9950186878525785,0.9961928934010152,0.0,0.0,0.0,0.8368792011465608,
erf,heavy,200,3,comb_prod,44.0,3.0,0.0,erf,0.006312668537322595,157608,788,-1.4422699761290956,9.442269976129097,0.9951453230105344,0.9708121827411168,0.9950948975512561,0.9809644670050761,0.9950443847993959,0.9911167512690355,0.995019193553504,0.9961928934010152,0.0,0.0,0.0,0.832626716721192,
erf,heavy,200,3,normalized_half_comb,40.0,3.0,0.0,erf,0.006312668537322595,157608,788,-1.4422699761290956,9.442269976129097,0.2672413793103448,0.9708121827411168,0.6265700483091787,0.9809644670050761,0.9112298249602182,0.9911167512690355,0.912700177935943,0.9961928934010152,0.0,0.0,0.0,0.27689113588125996,
erf,heavy,200,3,normalized_half_comb,44.0,3.0,0.0,erf,0.006312668537322595,157608,788,-1.4422699761290956,9.442269976129097,0.2608695652173913,0.9708121827411168,0.37861736334405144,0.9809644670050761,0.7302245250431779,0.9911167512690355,0.9135557757956172,0.9961928934010152,0.0,0.0,0.0,0.23292385193407003,
erf,heavy,200,4,classical_invA,,3.0,0.0,erf,0.006312668537322595,158006,790,-2.2625449219795395,10.262544921979488,0.13916947250280584,0.970886075949367,0.1833508956796628,0.9810126582278481,0.34338358458961477,0.9924050632911392,0.792457805907173,0.9962025316455696,0.005063291139240506,0.005063291139240506,0.005063291139240506,1.0000000000000002,reference only (tau_abs 0.350)
erf,heavy,200,4,fitted_moment,40.0,3.0,0.0,erf,0.006312668537322595,158006,790,-2.2625449219795395,10.262544921979488,0.7139127191346513,0.970886075949367,0.8003091986601392,0.9810126582278481,0.8419459023011707,0.9911392405063291,0.8620991764499737,0.9962025316455696,0.007594936708860759,0.007594936708860759,0.01139240506329114,0.8566102840547762,mu=0.003
erf,heavy,200,4,fitted_moment,80.0,3.0,0.0,erf,0.006312668537322595,158006,790,-2.2625449219795395,10.262544921979488,0.8556642830259691,0.970886075949367,0.8577720682694072,0.9810126582278481,0.8675575101488497,0.9911392405063291,0.9949958033420657,0.9962025316455696,0.010126582278481013,0.010126582278481013,0.010126582278481013,0.9782302861278649,mu=1.39
erf,heavy,200,4,fitted_moment,84.0,3.0,0.0,erf,0.006312668537322595,158006,790,-2.2625449219795395,10.262544921979488,0.8534861509073544,0.970886075949367,0.8576152856880397,0.9810126582278481,0.8655101339745792,0.9911392405063291,0.8655849701110162,0.9962025316455696,0.010126582278481013,0.010126582278481013,0.010126582278481013,0.9796083628383823,mu=1.39
erf,heavy,200,4,fitted_moment,160.0,3.0,0.0,erf,0.006312668537322595,158006,790,-2.2625449219795395,10.262544921979488,0.8682356983336197,0.970886075949367,0.8740247074122237,0.9810126582278481,0.8799816063764562,0.9911392405063291,0.8812613156306578,0.9962025316455696,0.010126582278481013,0.010126582278481013,0.010126582278481013,0.9706204945188966,mu=0.646
erf,heavy,200,4,comb_prod,40.0,3.0,0.0,erf,0.006312668537322595,158006,790,-2.2625449219795395,10.262544921979488,0.995143756212763,0.970886075949367,0.9950939120195991,0.9810126582278481,0.9950439587566223,0.9911392405063291,0.995018955816176,0.9962025316455696,0.0,0.0,0.0,0.029030695522049718,
erf,heavy,200,4,comb_prod,44.0,3.0,0.0,erf,0.006312668537322595,158006,790,-2.2625449219795395,10.262544921979488,0.9951412028531972,0.970886075949367,0.995091612674406,0.9810126582278481,0.9950426094994492,0.9911392405063291,0.9950186090082791,0.9962025316455696,0.0,0.0,0.0,0.028544845032299516,
erf,heavy,200,4,normalized_half_comb,40.0,3.0,0.0,erf,0.006312668537322595,158006,790,-2.2625449219795395,10.262544921979488,0.24507874015748032,0.970886075949367,0.557395773843518,0.9810126582278481,0.8181607059916396,0.9911392405063291,0.9086583101207056,0.9962025316455696,0.0,0.0,0.8835443037974684,0.054420183621288525,
erf,heavy,200,4,normalized_half_comb,44.0,3.0,0.0,erf,0.006312668537322595,158006,790,-2.2625449219795395,10.262544921979488,0.24433497536945814,0.970886075949367,0.3098842386464826,0.9810126582278481,0.8748003832641329,0.9924050632911392,0.9090488847798451,0.9962025316455696,0.0,0.0,0.8822784810126583,0.05282969201027598,
erf,heavy,200,5,classical_invA,,3.0,0.0,erf,0.006312668537322595,156814,784,-1.161494150419253,9.161494150419255,0.07533414337788578,0.9706632653061225,0.08669833729216152,0.9808673469387755,0.14895947426067907,0.9910714285714286,0.9950003188572157,1.0,0.01020408163265306,0.01020408163265306,0.985969387755102,1.0000000000000002,reference only (tau_abs 0.350)
erf,heavy,200,5,fitted_moment,40.0,3.0,0.0,erf,0.006312668537322595,156814,784,-1.161494150419253,9.161494150419255,0.21302998965873837,0.9706632653061225,0.31765749778172137,0.9808673469387755,0.5185873605947955,0.9910714285714286,0.9948378940714794,1.0,0.10459183673469388,0.9068877551020408,0.9566326530612245,0.3565997469699557,mu=0.0646
erf,heavy,200,5,fitted_moment,80.0,3.0,0.0,erf,0.006312668537322595,156814,784,-1.161494150419253,9.161494150419255,0.17818574514038876,0.9706632653061225,0.22868605817452356,0.9808673469387755,0.4742895805142084,0.9910714285714286,0.9948239208799334,1.0,0.8022959183673469,0.9005102040816326,0.9489795918367347,0.27974095370068736,mu=0.003
erf,heavy,200,5,fitted_moment,84.0,3.0,0.0,erf,0.006312668537322595,156814,784,-1.161494150419253,9.161494150419255,0.1664841182913472,0.9706632653061225,0.2612872238232469,0.9808673469387755,0.5511265164644714,0.9910714285714286,0.9948426820684528,1.0,0.43239795918367346,0.9017857142857143,0.9591836734693877,0.3554031060836393,mu=0.0646
erf,heavy,200,5,fitted_moment,160.0,3.0,0.0,erf,0.006312668537322595,156814,784,-1.161494150419253,9.161494150419255,0.2281947261663286,0.9706632653061225,0.35323801513877207,0.9808673469387755,0.4520451339915374,0.9910714285714286,0.9948458691350396,1.0,0.8520408163265306,0.9209183673469388,0.9553571428571429,0.294232944932481,mu=0.003
erf,heavy,200,5,comb_prod,40.0,3.0,0.0,erf,0.006312668537322595,156814,784,-1.161494150419253,9.161494150419255,0.9951459097432627,0.9706632653061225,0.9950952879046866,0.9808673469387755,0.9950447060624227,0.9910714285714286,0.9950193867659813,0.9961734693877551,0.0,0.0,0.0,0.9154965628228265,
erf,heavy,200,5,comb_prod,44.0,3.0,0.0,erf,0.006312668537322595,156814,784,-1.161494150419253,9.161494150419255,0.9951452594511145,0.9706632653061225,0.9950949437736403,0.9808673469387755,0.9950444532316287,0.9910714285714286,0.9950192914766749,0.9961734693877551,0.0,0.0,0.0,0.9016170244356064,
erf,heavy,200,5,normalized_half_comb,40.0,3.0,0.0,erf,0.006312668537322595,156814,784,-1.161494150419253,9.161494150419255,0.27246653919694075,0.9706632653061225,0.6877791311408851,0.9808673469387755,0.9185449208512423,0.9910714285714286,0.9949446037034168,0.9987244897959183,0.0,0.0,0.9081632653061225,0.31296220263743124,
erf,heavy,200,5,normalized_half_comb,44.0,3.0,0.0,erf,0.006312668537322595,156814,784,-1.161494150419253,9.161494150419255,0.2546523016650343,0.9706632653061225,0.6740144128868164,0.9808673469387755,0.9174984073051603,0.9910714285714286,0.9949931986691105,1.0,0.0,0.0,0.9081632653061225,0.2618115400947021,
erf,heavy,200,6,classical_invA,,3.0,0.0,erf,0.006312668537322595,156816,785,-1.9418030321098563,9.941803032109863,0.07524271844660194,0.9707006369426752,0.21747967479674796,0.9808917197452229,0.6973940101127966,0.9910828025477707,0.9950064730904383,0.9974522292993631,0.006369426751592357,0.006369426751592357,0.9732484076433121,1.0,reference only (tau_abs 0.350)
erf,heavy,200,6,fitted_moment,40.0,3.0,0.0,erf,0.006312668537322595,156816,785,-1.9418030321098563,9.941803032109863,0.17173913043478262,0.9707006369426752,0.32926829268292684,0.9808917197452229,0.7519132653061225,0.9910828025477707,0.9948336909165099,1.0,0.017834394904458598,0.8955414012738854,0.954140127388535,0.34771849155313506,mu=0.03
erf,heavy,200,6,fitted_moment,80.0,3.0,0.0,erf,0.006312668537322595,156816,785,-1.9418030321098563,9.941803032109863,0.35478408128704486,0.9707006369426752,0.43047337278106507,0.9808917197452229,0.8452049343414246,0.9910828025477707,0.9949726216017164,1.0,0.8140127388535032,0.8968152866242038,0.9452229299363057,0.29167183400281016,mu=0.00646
erf,heavy,200,6,fitted_moment,84.0,3.0,0.0,erf,0.006312668537322595,156816,785,-1.9418030321098563,9.941803032109863,0.1970495258166491,0.9707006369426752,0.4507845934379458,0.9808917197452229,0.7893311670728405,0.9910828025477707,0.9948321604202738,1.0,0.8649681528662421,0.8968152866242038,0.9452229299363057,0.2771736078003077,mu=0.003
erf,heavy,200,6,fitted_moment,160.0,3.0,0.0,erf,0.006312668537322595,156816,785,-1.9418030321098563,9.941803032109863,0.21846153846153846,0.9707006369426752,0.3006357856494096,0.9808917197452229,0.8647426981919333,0.9910828025477707,0.9948392610610742,1.0,0.32611464968152865,0.9095541401273886,0.954140127388535,0.3432978810692398,mu=0.03
erf,heavy,200,6,comb_prod,40.0,3.0,0.0,erf,0.006312668537322595,156816,785,-1.9418030321098563,9.941803032109863,0.9951391901201807,0.9707006369426752,0.9950887845698541,0.9808917197452229,0.9950384235196582,0.9910828025477707,0.9950131367497386,0.9961783439490446,0.0,0.0,0.0,0.8899601981619433,
erf,heavy,200,6,comb_prod,44.0,3.0,0.0,erf,0.006312668537322595,156816,785,-1.9418030321098563,9.941803032109863,0.9951380425836008,0.9707006369426752,0.9950880639955091,0.9808917197452229,0.9950376640026534,0.9910828025477707,0.9950125960649255,0.9961783439490446,0.0,0.0,0.0,0.9016135693323304,
erf,heavy,200,6,normalized_half_comb,40.0,3.0,0.0,erf,0.006312668537322595,156816,785,-1.9418030321098563,9.941803032109863,0.13507377979568672,0.9707006369426752,0.5383693045563549,0.9808917197452229,0.8914014517029593,0.9910828025477707,0.9949256953736563,1.0,0.0,0.0,0.9388535031847134,0.3003395060766168,
erf,heavy,200,6,normalized_half_comb,44.0,3.0,0.0,erf,0.006312668537322595,156816,785,-1.9418030321098563,9.941803032109863,0.1360544217687075,0.9707006369426752,0.5589919816723941,0.9808917197452229,0.903617443012884,0.9910828025477707,0.9949871325759753,1.0,0.0,0.0,0.9401273885350319,0.25126719240871,
erf,heavy,200,7,classical_invA,,3.0,0.0,erf,0.006312668537322595,158801,794,-0.7913664295236265,8.791366429523551,0.09718969555035128,0.9710327455919395,0.09942196531791908,0.9811083123425692,0.14642082429501085,0.9911838790931989,0.1708595387840671,0.9962216624685138,0.006297229219143577,0.006297229219143577,0.982367758186398,1.0,reference only (tau_abs 0.350)
erf,heavy,200,7,fitted_moment,40.0,3.0,0.0,erf,0.006312668537322595,158801,794,-0.7913664295236265,8.791366429523551,0.16828478964401294,0.9710327455919395,0.25383141762452105,0.9811083123425692,0.32964224872231684,0.9911838790931989,0.517976843388178,0.9962216624685138,0.8312342569269522,0.8954659949622166,0.9546599496221663,0.26738761833355984,mu=0.003
erf,heavy,200,7,fitted_moment,80.0,3.0,0.0,erf,0.006312668537322595,158801,794,-0.7913664295236265,8.791366429523551,0.21084953940634596,0.9710327455919395,0.33361847733105215,0.9811083123425692,0.47915287888815355,0.9911838790931989,0.6449730700179533,0.9962216624685138,0.6977329974811083,0.9017632241813602,0.9458438287153652,0.31487255544181425,mu=0.00646
erf,heavy,200,7,fitted_moment,84.0,3.0,0.0,erf,0.006312668537322595,158801,794,-0.7913664295236265,8.791366429523551,0.2557915057915058,0.9710327455919395,0.3057040998217469,0.9811083123425692,0.40423921271763813,0.9911838790931989,0.6312354312354312,0.9962216624685138,0.8211586901763224,0.8992443324937027,0.9420654911838791,0.25829915517099533,mu=0.003
erf,heavy,200,7,fitted_moment,160.0,3.0,0.0,erf,0.006312668537322595,158801,794,-0.7913664295236265,8.791366429523551,0.25,0.9710327455919395,0.3894984326018809,0.9811083123425692,0.5006345177664975,0.9911838790931989,0.6193455245428297,0.9962216624685138,0.8387909319899244,0.9093198992443325,0.9420654911838791,0.27243023361158414,mu=0.003
erf,heavy,200,7,comb_prod,40.0,3.0,0.0,erf,0.006312668537322595,158801,794,-0.7913664295236265,8.791366429523551,0.9951432764930803,0.9710327455919395,0.9950931606596203,0.9811083123425692,0.9950436436461653,0.9911838790931989,0.9950186721077126,0.9962216624685138,0.0,0.0,0.0,0.622053923263926,
erf,heavy,200,7,comb_prod,44.0,3.0,0.0,erf,0.006312668537322595,158801,794,-0.7913664295236265,8.791366429523551,0.9951437659433754,0.9710327455919395,0.9950936860336955,0.9811083123425692,0.9950436124319048,0.9911838790931989,0.9950186721077126,0.9962216624685138,0.0,0.0,0.0,0.571663158259193,
erf,heavy,200,7,normalized_half_comb,40.0,3.0,0.0,erf,0.006312668537322595,158801,794,-0.7913664295236265,8.791366429523551,0.229,0.9710327455919395,0.2859761686526123,0.9811083123425692,0.7064528161133905,0.9911838790931989,0.9139094471049195,0.9962216624685138,0.0,0.0,0.8904282115869018,0.23518151944388052,
erf,heavy,200,7,normalized_half_comb,44.0,3.0,0.0,erf,0.006312668537322595,158801,794,-0.7913664295236265,8.791366429523551,0.23053892215568864,0.9710327455919395,0.30384271671134944,0.9811083123425692,0.7044686443860307,0.9911838790931989,0.8838643371017472,0.9962216624685138,0.0,0.0,0.8853904282115869,0.20141884451248804,
erf,heavy,200,8,classical_invA,,3.0,0.0,erf,0.006312668537322595,157015,785,-1.2321598282363697,9.232159828236357,0.11805555555555555,0.9707006369426752,0.23686818632309217,0.9808917197452229,0.9950248122360316,0.9949044585987261,0.9950188227350613,0.9961783439490446,0.0025477707006369425,0.0025477707006369425,0.9643312101910828,1.0,reference only (tau_abs 0.350)
erf,heavy,200,8,fitted_moment,40.0,3.0,0.0,erf,0.006312668537322595,157015,785,-1.2321598282363697,9.232159828236357,0.25,0.9707006369426752,0.4496068620443174,0.9808917197452229,0.7736398021530404,0.9910828025477707,0.9948442436144151,1.0,0.035668789808917196,0.035668789808917196,0.9503184713375796,0.38511714042008777,mu=0.00646
erf,heavy,200,8,fitted_moment,80.0,3.0,0.0,erf,0.006312668537322595,157015,785,-1.2321598282363697,9.232159828236357,0.3634085213032581,0.9707006369426752,0.4821788836583726,0.9808917197452229,0.8316017316017316,0.9910828025477707,0.9948421771925675,1.0,0.08152866242038216,0.4802547770700637,0.8942675159235669,0.36361040704714587,mu=0.003
erf,heavy,200,8,fitted_moment,84.0,3.0,0.0,erf,0.006312668537322595,157015,785,-1.2321598282363697,9.232159828236357,0.3569620253164557,0.9707006369426752,0.4700619408121129,0.9808917197452229,0.5808189655172413,0.9910828025477707,0.9948403465183842,1.0,0.08535031847133757,0.47006369426751593,0.8789808917197452,0.3633047761845754,mu=0.003
erf,heavy,200,8,fitted_moment,160.0,3.0,0.0,erf,0.006312668537322595,157015,785,-1.2321598282363697,9.232159828236357,0.3655287260616153,0.9707006369426752,0.5035460992907801,0.9808917197452229,0.8070827142149579,0.9923566878980892,0.9948637083371501,1.0,0.19490445859872613,0.6828025477707006,0.9414012738853503,0.2928280996222695,mu=0.003
erf,heavy,200,8,comb_prod,40.0,3.0,0.0,erf,0.006312668537322595,157015,785,-1.2321598282363697,9.232159828236357,0.9951454764377226,0.9707006369426752,0.9950949790421831,0.9808917197452229,0.9950445859872612,0.9910828025477707,0.9950194572354804,0.9961783439490446,0.0,0.0,0.0,0.653865368417344,
erf,heavy,200,8,comb_prod,44.0,3.0,0.0,erf,0.006312668537322595,157015,785,-1.2321598282363697,9.232159828236357,0.9951458166112449,0.9707006369426752,0.9950953852033504,0.9808917197452229,0.9950447753589035,0.9910828025477707,0.9950194255142985,0.9961783439490446,0.0,0.0,0.0,0.6469064914863005,
erf,heavy,200,8,normalized_half_comb,40.0,3.0,0.0,erf,0.006312668537322595,157015,785,-1.2321598282363697,9.232159828236357,0.255859375,0.9707006369426752,0.5561959654178674,0.9808917197452229,0.9157735195409765,0.9910828025477707,0.9949452944172582,0.9987261146496815,0.0,0.0,0.9031847133757962,0.2506542424467759,
erf,heavy,200,8,normalized_half_comb,44.0,3.0,0.0,erf,0.006312668537322595,157015,785,-1.2321598282363697,9.232159828236357,0.24254473161033796,0.9707006369426752,0.5669291338582677,0.9808917197452229,0.8993410001292157,0.9923566878980892,0.9949915781951817,1.0,0.0,0.0,0.9019108280254777,0.21212566126188856,
erf,heavy,200,9,classical_invA,,3.0,0.0,erf,0.006312668537322595,157608,788,-0.8516456276337494,8.851645627633731,0.041353383458646614,0.9708121827411168,0.0468557336621455,0.9809644670050761,0.1609442060085837,0.9923857868020305,0.9950001586244092,1.0,0.006345177664974619,0.006345177664974619,0.9898477157360406,1.0,reference only (tau_abs 0.350)
erf,heavy,200,9,fitted_moment,40.0,3.0,0.0,erf,0.006312668537322595,157608,788,-0.8516456276337494,8.851645627633731,0.02918781725888325,0.9708121827411168,0.05961070559610705,0.9809644670050761,0.6095856215676485,0.9923857868020305,0.99498440583031,1.0,0.4289340101522843,0.950507614213198,0.9860406091370558,0.34323744260755207,mu=0.0646
erf,heavy,200,9,fitted_moment,80.0,3.0,0.0,erf,0.006312668537322595,157608,788,-0.8516456276337494,8.851645627633731,0.02918781725888325,0.9708121827411168,0.061893203883495146,0.9809644670050761,0.7828142380422692,0.9911167512690355,0.9948551207218501,1.0,0.027918781725888325,0.949238578680203,0.983502538071066,0.35786405112746983,mu=0.139
erf,heavy,200,9,fitted_moment,84.0,3.0,0.0,erf,0.006312668537322595,157608,788,-0.8516456276337494,8.851645627633731,0.07608695652173914,0.9708121827411168,0.1616052060737527,0.9809644670050761,0.7382864792503346,0.9923857868020305,0.9948552886718418,1.0,0.9263959390862944,0.950507614213198,0.9771573604060914,0.31931675179504515,mu=0.0139
erf,heavy,200,9,fitted_moment,160.0,3.0,0.0,erf,0.006312668537322595,157608,788,-0.8516456276337494,8.851645627633731,0.02423469387755102,0.9708121827411168,0.07756563245823389,0.9809644670050761,0.5547320410490307,0.9911167512690355,0.9948684219094941,1.0,0.011421319796954314,0.9644670050761421,0.9873096446700508,0.36812460196288416,mu=0.3
erf,heavy,200,9,comb_prod,40.0,3.0,0.0,erf,0.006312668537322595,157608,788,-0.8516456276337494,8.851645627633731,0.9951447375936938,0.9708121827411168,0.9950944306239529,0.9809644670050761,0.9950441961254625,0.9911167512690355,0.9950190039276899,0.9961928934010152,0.0,0.0,0.0,0.911506802644871,
erf,heavy,200,9,comb_prod,44.0,3.0,0.0,erf,0.006312668537322595,157608,788,-0.8516456276337494,8.851645627633731,0.995144614330052,0.9708121827411168,0.9950942126941213,0.9809644670050761,0.9950439445378685,0.9911167512690355,0.9950189407158766,0.9961928934010152,0.0,0.0,0.0,0.8510866971471993,
erf,heavy,200,9,normalized_half_comb,40.0,3.0,0.0,erf,0.006312668537322595,157608,788,-0.8516456276337494,8.851645627633731,0.136568848758465,0.9708121827411168,0.6411327762302693,0.9809644670050761,0.9137873937520697,0.9911167512690355,0.9949440184787142,1.0,0.0,0.0,0.9619289340101523,0.3493110945480299,
erf,heavy,200,9,normalized_half_comb,44.0,3.0,0.0,erf,0.006312668537322595,157608,788,-0.8516456276337494,8.851645627633731,0.13851351351351351,0.9708121827411168,0.6178942165101334,0.9809644670050761,0.9006234889935106,0.9911167512690355,0.9949932968631862,1.0,0.0,0.0,0.9619289340101523,0.29282501766594204,
