config,regime,setout,family,degree,rep,n_true,eff,tau,L1,L2,L3,twin_frac,n_probes
moderate/base/fitted_moment_d32,moderate,base,fitted_moment,32.0,0,785,0.9643312101910828,0.09890115261077881,0.035668789808917196,0.0,0.0,0.04076433121019108,5
moderate/base/fitted_moment_d40,moderate,base,fitted_moment,40.0,0,785,0.9643312101910828,0.09890108555555344,0.035668789808917196,0.0,0.0,0.04076433121019108,5
moderate/base/fitted_moment_d44,moderate,base,fitted_moment,44.0,0,785,0.9643312101910828,0.09890107810497284,0.035668789808917196,0.0,0.0,0.04076433121019108,5
moderate/base/fitted_moment_d80,moderate,base,fitted_moment,80.0,0,785,0.9643312101910828,0.09890110045671463,0.035668789808917196,0.0,0.0,0.04076433121019108,5
moderate/base/fitted_moment_d160,moderate,base,fitted_moment,160.0,0,785,0.9643312101910828,0.09890110790729523,0.035668789808917196,0.0,0.0,0.04076433121019108,5
moderate/base/comb_prod_d40,moderate,base,comb_prod,40.0,0,785,0.9414012738853503,0.10486801713705063,0.03694267515923567,0.0,0.02165605095541401,0.04076433121019108,5
moderate/base/comb_prod_d44,moderate,base,comb_prod,44.0,0,785,0.9414012738853503,0.10637079924345016,0.03694267515923567,0.0,0.02165605095541401,0.04076433121019108,5
moderate/base/normalized_half_comb_d40,moderate,base,normalized_half_comb,40.0,0,785,0.9605095541401274,0.022121522575616837,0.035668789808917196,0.0,0.003821656050955414,0.04076433121019108,5
moderate/base/normalized_half_comb_d44,moderate,base,normalized_half_comb,44.0,0,785,0.9605095541401274,0.018984001129865646,0.035668789808917196,0.0,0.003821656050955414,0.04076433121019108,5
moderate/base/fitted_moment_d32,moderate,base,fitted_moment,32.0,1,777,0.972972972972973,0.2280099093914032,0.02702702702702703,0.0,0.0,0.03474903474903475,5
moderate/base/fitted_moment_d40,moderate,base,fitted_moment,40.0,1,777,0.972972972972973,0.2280091792345047,0.02702702702702703,0.0,0.0,0.03474903474903475,5
moderate/base/fitted_moment_d44,moderate,base,fitted_moment,44.0,1,777,0.972972972972973,0.22800911962985992,0.02702702702702703,0.0,0.0,0.03474903474903475,5
moderate/base/fitted_moment_d80,moderate,base,fitted_moment,80.0,1,777,0.972972972972973,0.22800908982753754,0.02702702702702703,0.0,0.0,0.03474903474903475,5
moderate/base/fitted_moment_d160,moderate,base,fitted_moment,160.0,1,777,0.972972972972973,0.22800906002521515,0.02702702702702703,0.0,0.0,0.03474903474903475,5
moderate/base/comb_prod_d40,moderate,base,comb_prod,40.0,1,777,0.9665379665379665,0.05826934799551964,0.02702702702702703,0.0,0.006435006435006435,0.03474903474903475,5
moderate/base/comb_prod_d44,moderate,base,comb_prod,44.0,1,777,0.9665379665379665,0.0650753527879715,0.02702702702702703,0.0,0.006435006435006435,0.03474903474903475,5
moderate/base/normalized_half_comb_d40,moderate,base,normalized_half_comb,40.0,1,777,0.9562419562419563,0.07879636436700821,0.032175032175032175,0.0,0.011583011583011582,0.03474903474903475,5
moderate/base/normalized_half_comb_d44,moderate,base,normalized_half_comb,44.0,1,777,0.954954954954955,0.08604986220598221,0.032175032175032175,0.001287001287001287,0.011583011583011582,0.03474903474903475,5
moderate/base/fitted_moment_d32,moderate,base,fitted_moment,32.0,2,793,0.9823455233291298,0.0011965259909629822,0.017654476670870115,0.0,0.0,0.025220680958385876,5
moderate/base/fitted_moment_d40,moderate,base,fitted_moment,40.0,2,793,0.9823455233291298,0.001196497119963169,0.017654476670870115,0.0,0.0,0.025220680958385876,5
moderate/base/fitted_moment_d44,moderate,base,fitted_moment,44.0,2,793,0.9823455233291298,0.0011964926961809397,0.017654476670870115,0.0,0.0,0.025220680958385876,5
moderate/base/fitted_moment_d80,moderate,base,fitted_moment,80.0,2,793,0.9823455233291298,0.0011964475270360708,0.017654476670870115,0.0,0.0,0.025220680958385876,5
moderate/base/fitted_moment_d160,moderate,base,fitted_moment,160.0,2,793,0.9823455233291298,0.0011964282020926476,0.017654476670870115,0.0,0.0,0.025220680958385876,5
moderate/base/comb_prod_d40,moderate,base,comb_prod,40.0,2,793,0.9558638083228247,0.10486801713705063,0.02395964691046658,0.0,0.0201765447667087,0.025220680958385876,5
moderate/base/comb_prod_d44,moderate,base,comb_prod,44.0,2,793,0.9558638083228247,0.10637079924345016,0.02395964691046658,0.0,0.0201765447667087,0.025220680958385876,5
moderate/base/normalized_half_comb_d40,moderate,base,normalized_half_comb,40.0,2,793,0.9810844892812106,0.022121522575616837,0.018915510718789406,0.0,0.0,0.025220680958385876,5
moderate/base/normalized_half_comb_d44,moderate,base,normalized_half_comb,44.0,2,793,0.9810844892812106,0.018984001129865646,0.018915510718789406,0.0,0.0,0.025220680958385876,5
moderate/base/fitted_moment_d32,moderate,base,fitted_moment,32.0,3,784,0.9770408163265306,0.15379807353019714,0.02295918367346939,0.0,0.0,0.030612244897959183,5
moderate/base/fitted_moment_d40,moderate,base,fitted_moment,40.0,3,784,0.9770408163265306,0.0011727483943104744,0.02295918367346939,0.0,0.0,0.030612244897959183,5
moderate/base/fitted_moment_d44,moderate,base,fitted_moment,44.0,3,784,0.9770408163265306,0.001172614865936339,0.02295918367346939,0.0,0.0,0.030612244897959183,5
moderate/base/fitted_moment_d80,moderate,base,fitted_moment,80.0,3,784,0.9770408163265306,0.0011722220806404948,0.02295918367346939,0.0,0.0,0.030612244897959183,5
moderate/base/fitted_moment_d160,moderate,base,fitted_moment,160.0,3,784,0.9770408163265306,0.22800908982753754,0.02295918367346939,0.0,0.0,0.030612244897959183,5
moderate/base/comb_prod_d40,moderate,base,comb_prod,40.0,3,784,0.9719387755102041,0.08370382338762283,0.02295918367346939,0.0,0.00510204081632653,0.030612244897959183,5
moderate/base/comb_prod_d44,moderate,base,comb_prod,44.0,3,784,0.9719387755102041,0.08421363681554794,0.02295918367346939,0.0,0.00510204081632653,0.030612244897959183,5
moderate/base/normalized_half_comb_d40,moderate,base,normalized_half_comb,40.0,3,784,0.9744897959183674,0.07810018956661224,0.025510204081632654,0.0,0.0,0.030612244897959183,5
moderate/base/normalized_half_comb_d44,moderate,base,normalized_half_comb,44.0,3,784,0.9744897959183674,0.07996311783790588,0.025510204081632654,0.0,0.0,0.030612244897959183,5
moderate/base/fitted_moment_d32,moderate,base,fitted_moment,32.0,4,784,0.9655612244897959,0.0012817967217415571,0.03443877551020408,0.0,0.0,0.04336734693877551,5
moderate/base/fitted_moment_d40,moderate,base,fitted_moment,40.0,4,784,0.9655612244897959,0.0012819647090509534,0.03443877551020408,0.0,0.0,0.04336734693877551,5
moderate/base/fitted_moment_d44,moderate,base,fitted_moment,44.0,4,784,0.9655612244897959,0.0012819375842809677,0.03443877551020408,0.0,0.0,0.04336734693877551,5
moderate/base/fitted_moment_d80,moderate,base,fitted_moment,80.0,4,784,0.9655612244897959,0.0012818529503419995,0.03443877551020408,0.0,0.0,0.04336734693877551,5
moderate/base/fitted_moment_d160,moderate,base,fitted_moment,160.0,4,784,0.9655612244897959,0.0012818644754588604,0.03443877551020408,0.0,0.0,0.04336734693877551,5
moderate/base/comb_prod_d40,moderate,base,comb_prod,40.0,4,784,0.9247448979591837,0.14141930639743805,0.036989795918367346,0.01020408163265306,0.02806122448979592,0.04336734693877551,5
moderate/base/comb_prod_d44,moderate,base,comb_prod,44.0,4,784,0.9349489795918368,0.11298228800296783,0.036989795918367346,0.0,0.02806122448979592,0.04336734693877551,5
moderate/base/normalized_half_comb_d40,moderate,base,normalized_half_comb,40.0,4,784,0.9566326530612245,0.10383331775665283,0.04336734693877551,0.0,0.0,0.04336734693877551,5
moderate/base/normalized_half_comb_d44,moderate,base,normalized_half_comb,44.0,4,784,0.9566326530612245,0.10092130303382874,0.04336734693877551,0.0,0.0,0.04336734693877551,5
moderate/base/fitted_moment_d32,moderate,base,fitted_moment,32.0,5,791,0.9810366624525917,0.002294751349836588,0.018963337547408345,0.0,0.0,0.03666245259165613,5
moderate/base/fitted_moment_d40,moderate,base,fitted_moment,40.0,5,791,0.9810366624525917,0.002294565550982952,0.018963337547408345,0.0,0.0,0.03666245259165613,5
moderate/base/fitted_moment_d44,moderate,base,fitted_moment,44.0,5,791,0.9810366624525917,0.00229451572522521,0.018963337547408345,0.0,0.0,0.03666245259165613,5
moderate/base/fitted_moment_d80,moderate,base,fitted_moment,80.0,5,791,0.9810366624525917,0.0022942707873880863,0.018963337547408345,0.0,0.0,0.03666245259165613,5
moderate/base/fitted_moment_d160,moderate,base,fitted_moment,160.0,5,791,0.9810366624525917,0.002294087316840887,0.018963337547408345,0.0,0.0,0.03666245259165613,5
moderate/base/comb_prod_d40,moderate,base,comb_prod,40.0,5,791,0.9671302149178256,0.08370382338762283,0.018963337547408345,0.0,0.01390644753476612,0.03666245259165613,5
moderate/base/comb_prod_d44,moderate,base,comb_prod,44.0,5,791,0.9671302149178256,0.08421363681554794,0.018963337547408345,0.0,0.01390644753476612,0.03666245259165613,5
moderate/base/normalized_half_comb_d40,moderate,base,normalized_half_comb,40.0,5,791,0.9620733249051833,0.10393522679805756,0.03666245259165613,0.0,0.0012642225031605564,0.03666245259165613,5
moderate/base/normalized_half_comb_d44,moderate,base,normalized_half_comb,44.0,5,791,0.9620733249051833,0.1013040542602539,0.03666245259165613,0.0,0.0012642225031605564,0.03666245259165613,5
moderate/base/fitted_moment_d32,moderate,base,fitted_moment,32.0,6,782,0.9705882352941176,0.23280924558639526,0.029411764705882353,0.0,0.0,0.03964194373401535,5
moderate/base/fitted_moment_d40,moderate,base,fitted_moment,40.0,6,782,0.9680306905370843,0.0635376125574112,0.0319693094629156,0.0,0.0,0.03964194373401535,5
moderate/base/fitted_moment_d44,moderate,base,fitted_moment,44.0,6,782,0.9680306905370843,0.0635376051068306,0.0319693094629156,0.0,0.0,0.03964194373401535,5
moderate/base/fitted_moment_d80,moderate,base,fitted_moment,80.0,6,782,0.9705882352941176,0.23280923068523407,0.029411764705882353,0.0,0.0,0.03964194373401535,5
moderate/base/fitted_moment_d160,moderate,base,fitted_moment,160.0,6,782,0.9680306905370843,0.06353763490915298,0.0319693094629156,0.0,0.0,0.03964194373401535,5
moderate/base/comb_prod_d40,moderate,base,comb_prod,40.0,6,782,0.9552429667519181,0.10486801713705063,0.03324808184143223,0.0,0.011508951406649617,0.03964194373401535,5
moderate/base/comb_prod_d44,moderate,base,comb_prod,44.0,6,782,0.9552429667519181,0.10637079924345016,0.03324808184143223,0.0,0.011508951406649617,0.03964194373401535,5
moderate/base/normalized_half_comb_d40,moderate,base,normalized_half_comb,40.0,6,782,0.9641943734015346,0.0032275188714265823,0.034526854219948847,0.0,0.0012787723785166241,0.03964194373401535,5
moderate/base/normalized_half_comb_d44,moderate,base,normalized_half_comb,44.0,6,782,0.9641943734015346,0.0007350302184931934,0.034526854219948847,0.0,0.0012787723785166241,0.03964194373401535,5
moderate/base/fitted_moment_d32,moderate,base,fitted_moment,32.0,7,794,0.9836272040302267,0.2204071581363678,0.0163727959697733,0.0,0.0,0.49496221662468515,5
moderate/base/fitted_moment_d40,moderate,base,fitted_moment,40.0,7,794,0.9836272040302267,0.2204505056142807,0.0163727959697733,0.0,0.0,0.49496221662468515,5
moderate/base/fitted_moment_d44,moderate,base,fitted_moment,44.0,7,794,0.9836272040302267,0.22046072781085968,0.0163727959697733,0.0,0.0,0.49496221662468515,5
moderate/base/fitted_moment_d80,moderate,base,fitted_moment,80.0,7,794,0.9836272040302267,0.22046121954917908,0.0163727959697733,0.0,0.0,0.49496221662468515,5
moderate/base/fitted_moment_d160,moderate,base,fitted_moment,160.0,7,794,0.9836272040302267,0.22046107053756714,0.0163727959697733,0.0,0.0,0.49496221662468515,5
moderate/base/comb_prod_d40,moderate,base,comb_prod,40.0,7,794,0.9735516372795969,0.09697791188955307,0.0163727959697733,0.0,0.010075566750629723,0.49496221662468515,5
moderate/base/comb_prod_d44,moderate,base,comb_prod,44.0,7,794,0.9672544080604534,0.0894172266125679,0.0163727959697733,0.006297229219143577,0.010075566750629723,0.49496221662468515,5
moderate/base/normalized_half_comb_d40,moderate,base,normalized_half_comb,40.0,7,794,0.9659949622166247,0.14114350080490112,0.017632241813602016,0.0,0.0163727959697733,0.49496221662468515,5
moderate/base/normalized_half_comb_d44,moderate,base,normalized_half_comb,44.0,7,794,0.9659949622166247,0.1387515813112259,0.017632241813602016,0.0,0.0163727959697733,0.49496221662468515,5
moderate/base/fitted_moment_d32,moderate,base,fitted_moment,32.0,8,784,0.9757653061224489,0.09230777621269226,0.02423469387755102,0.0,0.0,0.03443877551020408,5
moderate/base/fitted_moment_d40,moderate,base,fitted_moment,40.0,8,784,0.9757653061224489,0.09230773895978928,0.02423469387755102,0.0,0.0,0.03443877551020408,5
moderate/base/fitted_moment_d44,moderate,base,fitted_moment,44.0,8,784,0.9757653061224489,0.09230774641036987,0.02423469387755102,0.0,0.0,0.03443877551020408,5
moderate/base/fitted_moment_d80,moderate,base,fitted_moment,80.0,8,784,0.9757653061224489,0.09230771660804749,0.02423469387755102,0.0,0.0,0.03443877551020408,5
moderate/base/fitted_moment_d160,moderate,base,fitted_moment,160.0,8,784,0.9757653061224489,0.09230770170688629,0.02423469387755102,0.0,0.0,0.03443877551020408,5
moderate/base/comb_prod_d40,moderate,base,comb_prod,40.0,8,784,0.9642857142857143,0.08058184385299683,0.02423469387755102,0.0,0.011479591836734694,0.03443877551020408,5
moderate/base/comb_prod_d44,moderate,base,comb_prod,44.0,8,784,0.9642857142857143,0.08373679965734482,0.02423469387755102,0.0,0.011479591836734694,0.03443877551020408,5
moderate/base/normalized_half_comb_d40,moderate,base,normalized_half_comb,40.0,8,784,0.9719387755102041,0.0032275188714265823,0.026785714285714284,0.0,0.0012755102040816326,0.03443877551020408,5
moderate/base/normalized_half_comb_d44,moderate,base,normalized_half_comb,44.0,8,784,0.9719387755102041,0.0007350302184931934,0.026785714285714284,0.0,0.0012755102040816326,0.03443877551020408,5
moderate/base/fitted_moment_d32,moderate,base,fitted_moment,32.0,9,785,0.9732484076433121,0.0011967552127316594,0.0267515923566879,0.0,0.0,0.034394904458598725,5
moderate/base/fitted_moment_d40,moderate,base,fitted_moment,40.0,9,785,0.9732484076433121,0.0011966192396357656,0.0267515923566879,0.0,0.0,0.034394904458598725,5
moderate/base/fitted_moment_d44,moderate,base,fitted_moment,44.0,9,785,0.9732484076433121,0.0011966418242082,0.0267515923566879,0.0,0.0,0.034394904458598725,5
moderate/base/fitted_moment_d80,moderate,base,fitted_moment,80.0,9,785,0.9732484076433121,0.0011965309968218207,0.0267515923566879,0.0,0.0,0.034394904458598725,5
moderate/base/fitted_moment_d160,moderate,base,fitted_moment,160.0,9,785,0.9732484076433121,0.0011964610312134027,0.0267515923566879,0.0,0.0,0.034394904458598725,5
moderate/base/comb_prod_d40,moderate,base,comb_prod,40.0,9,785,0.9554140127388535,0.10486801713705063,0.030573248407643312,0.0,0.014012738853503185,0.034394904458598725,5
moderate/base/comb_prod_d44,moderate,base,comb_prod,44.0,9,785,0.9554140127388535,0.10637079924345016,0.030573248407643312,0.0,0.014012738853503185,0.034394904458598725,5
moderate/base/normalized_half_comb_d40,moderate,base,normalized_half_comb,40.0,9,785,0.9707006369426752,0.0032275188714265823,0.02802547770700637,0.0,0.0012738853503184713,0.034394904458598725,5
moderate/base/normalized_half_comb_d44,moderate,base,normalized_half_comb,44.0,9,785,0.9707006369426752,0.0007350302184931934,0.02802547770700637,0.0,0.0012738853503184713,0.034394904458598725,5
moderate/eps_s1.5/fitted_moment_d32,moderate,eps_s1.5,fitted_moment,32.0,0,785,0.8904458598726115,0.0011770104756578803,0.10955414012738854,0.0,0.0,0.11082802547770701,5
moderate/eps_s1.5/fitted_moment_d40,moderate,eps_s1.5,fitted_moment,40.0,0,785,0.8904458598726115,0.0011757937027141452,0.10955414012738854,0.0,0.0,0.11082802547770701,5
moderate/eps_s1.5/fitted_moment_d44,moderate,eps_s1.5,fitted_moment,44.0,0,785,0.8904458598726115,0.0011752081336453557,0.10955414012738854,0.0,0.0,0.11082802547770701,5
moderate/eps_s1.5/fitted_moment_d80,moderate,eps_s1.5,fitted_moment,80.0,0,785,0.8904458598726115,0.00117365806363523,0.10955414012738854,0.0,0.0,0.11082802547770701,5
moderate/eps_s1.5/fitted_moment_d160,moderate,eps_s1.5,fitted_moment,160.0,0,785,0.8904458598726115,0.0011726963566616178,0.10955414012738854,0.0,0.0,0.11082802547770701,5
moderate/eps_s1.5/comb_prod_d40,moderate,eps_s1.5,comb_prod,40.0,0,785,0.8904458598726115,0.07469482719898224,0.10955414012738854,0.0,0.0,0.11082802547770701,5
moderate/eps_s1.5/comb_prod_d44,moderate,eps_s1.5,comb_prod,44.0,0,785,0.8904458598726115,0.07517451047897339,0.10955414012738854,0.0,0.0,0.11082802547770701,5
moderate/eps_s1.5/normalized_half_comb_d40,moderate,eps_s1.5,normalized_half_comb,40.0,0,785,0.8101910828025478,0.07810018956661224,0.10955414012738854,0.0,0.08025477707006369,0.11082802547770701,5
moderate/eps_s1.5/normalized_half_comb_d44,moderate,eps_s1.5,normalized_half_comb,44.0,0,785,0.8101910828025478,0.07996311783790588,0.10955414012738854,0.0,0.08025477707006369,0.11082802547770701,5
moderate/eps_s1.5/fitted_moment_d32,moderate,eps_s1.5,fitted_moment,32.0,1,777,0.8661518661518661,0.0011742955539375544,0.13384813384813385,0.0,0.0,0.5212355212355212,5
moderate/eps_s1.5/fitted_moment_d40,moderate,eps_s1.5,fitted_moment,40.0,1,777,0.8661518661518661,0.0011737430468201637,0.13384813384813385,0.0,0.0,0.5212355212355212,5
moderate/eps_s1.5/fitted_moment_d44,moderate,eps_s1.5,fitted_moment,44.0,1,777,0.8661518661518661,0.0011734761064872146,0.13384813384813385,0.0,0.0,0.5212355212355212,5
moderate/eps_s1.5/fitted_moment_d80,moderate,eps_s1.5,fitted_moment,80.0,1,777,0.8661518661518661,0.0011726842494681478,0.13384813384813385,0.0,0.0,0.5212355212355212,5
moderate/eps_s1.5/fitted_moment_d160,moderate,eps_s1.5,fitted_moment,160.0,1,777,0.8661518661518661,0.001172214630059898,0.13384813384813385,0.0,0.0,0.5212355212355212,5
moderate/eps_s1.5/comb_prod_d40,moderate,eps_s1.5,comb_prod,40.0,1,777,0.8661518661518661,0.07469482719898224,0.13384813384813385,0.0,0.0,0.5212355212355212,5
moderate/eps_s1.5/comb_prod_d44,moderate,eps_s1.5,comb_prod,44.0,1,777,0.8661518661518661,0.07517451047897339,0.13384813384813385,0.0,0.0,0.5212355212355212,5
moderate/eps_s1.5/normalized_half_comb_d40,moderate,eps_s1.5,normalized_half_comb,40.0,1,777,0.7812097812097812,0.07810018956661224,0.13384813384813385,0.0,0.08494208494208494,0.5212355212355212,5
moderate/eps_s1.5/normalized_half_comb_d44,moderate,eps_s1.5,normalized_half_comb,44.0,1,777,0.7812097812097812,0.07996311783790588,0.13384813384813385,0.0,0.08494208494208494,0.5212355212355212,5
moderate/eps_s1.5/fitted_moment_d32,moderate,eps_s1.5,fitted_moment,32.0,2,793,0.9117276166456494,0.0011735198786482215,0.08827238335435057,0.0,0.0,0.09205548549810845,5
moderate/eps_s1.5/fitted_moment_d40,moderate,eps_s1.5,fitted_moment,40.0,2,793,0.9117276166456494,0.0011731089325621724,0.08827238335435057,0.0,0.0,0.09205548549810845,5
moderate/eps_s1.5/fitted_moment_d44,moderate,eps_s1.5,fitted_moment,44.0,2,793,0.9117276166456494,0.0011729112593457103,0.08827238335435057,0.0,0.0,0.09205548549810845,5
moderate/eps_s1.5/fitted_moment_d80,moderate,eps_s1.5,fitted_moment,80.0,2,793,0.9117276166456494,0.0011723884381353855,0.08827238335435057,0.0,0.0,0.09205548549810845,5
moderate/eps_s1.5/fitted_moment_d160,moderate,eps_s1.5,fitted_moment,160.0,2,793,0.9117276166456494,0.0011720642214640975,0.08827238335435057,0.0,0.0,0.09205548549810845,5
moderate/eps_s1.5/comb_prod_d40,moderate,eps_s1.5,comb_prod,40.0,2,793,0.9117276166456494,0.07469482719898224,0.08827238335435057,0.0,0.0,0.09205548549810845,5
moderate/eps_s1.5/comb_prod_d44,moderate,eps_s1.5,comb_prod,44.0,2,793,0.9117276166456494,0.07517451047897339,0.08827238335435057,0.0,0.0,0.09205548549810845,5
moderate/eps_s1.5/normalized_half_comb_d40,moderate,eps_s1.5,normalized_half_comb,40.0,2,793,0.832282471626734,0.07810018956661224,0.08827238335435057,0.0,0.07944514501891552,0.09205548549810845,5
moderate/eps_s1.5/normalized_half_comb_d44,moderate,eps_s1.5,normalized_half_comb,44.0,2,793,0.832282471626734,0.07996311783790588,0.08827238335435057,0.0,0.07944514501891552,0.09205548549810845,5
moderate/eps_s1.5/fitted_moment_d32,moderate,eps_s1.5,fitted_moment,32.0,3,784,0.8839285714285714,0.0011743770446628332,0.11607142857142858,0.0,0.0,0.11862244897959184,5
moderate/eps_s1.5/fitted_moment_d40,moderate,eps_s1.5,fitted_moment,40.0,3,784,0.8839285714285714,0.0011737680761143565,0.11607142857142858,0.0,0.0,0.11862244897959184,5
moderate/eps_s1.5/fitted_moment_d44,moderate,eps_s1.5,fitted_moment,44.0,3,784,0.8839285714285714,0.0011734750587493181,0.11607142857142858,0.0,0.0,0.11862244897959184,5
moderate/eps_s1.5/fitted_moment_d80,moderate,eps_s1.5,fitted_moment,80.0,3,784,0.8839285714285714,0.0011726999655365944,0.11607142857142858,0.0,0.0,0.11862244897959184,5
moderate/eps_s1.5/fitted_moment_d160,moderate,eps_s1.5,fitted_moment,160.0,3,784,0.8839285714285714,0.001172219286672771,0.11607142857142858,0.0,0.0,0.11862244897959184,5
moderate/eps_s1.5/comb_prod_d40,moderate,eps_s1.5,comb_prod,40.0,3,784,0.8839285714285714,0.07469482719898224,0.11607142857142858,0.0,0.0,0.11862244897959184,5
moderate/eps_s1.5/comb_prod_d44,moderate,eps_s1.5,comb_prod,44.0,3,784,0.8839285714285714,0.07517451047897339,0.11607142857142858,0.0,0.0,0.11862244897959184,5
moderate/eps_s1.5/normalized_half_comb_d40,moderate,eps_s1.5,normalized_half_comb,40.0,3,784,0.75,0.07810018956661224,0.11607142857142858,0.0,0.13392857142857142,0.11862244897959184,5
moderate/eps_s1.5/normalized_half_comb_d44,moderate,eps_s1.5,normalized_half_comb,44.0,3,784,0.75,0.07996311783790588,0.11607142857142858,0.0,0.13392857142857142,0.11862244897959184,5
moderate/eps_s1.5/fitted_moment_d32,moderate,eps_s1.5,fitted_moment,32.0,4,784,0.8762755102040817,0.0011744273360818624,0.12372448979591837,0.0,0.0,0.1288265306122449,5
moderate/eps_s1.5/fitted_moment_d40,moderate,eps_s1.5,fitted_moment,40.0,4,784,0.8762755102040817,0.001173847122117877,0.12372448979591837,0.0,0.0,0.1288265306122449,5
moderate/eps_s1.5/fitted_moment_d44,moderate,eps_s1.5,fitted_moment,44.0,4,784,0.8762755102040817,0.0011736758751794696,0.12372448979591837,0.0,0.0,0.1288265306122449,5
moderate/eps_s1.5/fitted_moment_d80,moderate,eps_s1.5,fitted_moment,80.0,4,784,0.8762755102040817,0.0011726926313713193,0.12372448979591837,0.0,0.0,0.1288265306122449,5
moderate/eps_s1.5/fitted_moment_d160,moderate,eps_s1.5,fitted_moment,160.0,4,784,0.8762755102040817,0.0011722334893420339,0.12372448979591837,0.0,0.0,0.1288265306122449,5
moderate/eps_s1.5/comb_prod_d40,moderate,eps_s1.5,comb_prod,40.0,4,784,0.8762755102040817,0.026812968775629997,0.12372448979591837,0.0,0.0,0.1288265306122449,5
moderate/eps_s1.5/comb_prod_d44,moderate,eps_s1.5,comb_prod,44.0,4,784,0.8762755102040817,0.027405166998505592,0.12372448979591837,0.0,0.0,0.1288265306122449,5
moderate/eps_s1.5/normalized_half_comb_d40,moderate,eps_s1.5,normalized_half_comb,40.0,4,784,0.7602040816326531,0.0032275188714265823,0.12627551020408162,0.0,0.11352040816326531,0.1288265306122449,5
moderate/eps_s1.5/normalized_half_comb_d44,moderate,eps_s1.5,normalized_half_comb,44.0,4,784,0.7602040816326531,0.0007350302184931934,0.12627551020408162,0.0,0.11352040816326531,0.1288265306122449,5
moderate/eps_s1.5/fitted_moment_d32,moderate,eps_s1.5,fitted_moment,32.0,5,791,0.8621997471554994,0.0011771576246246696,0.13780025284450062,0.0,0.0,0.19089759797724398,5
moderate/eps_s1.5/fitted_moment_d40,moderate,eps_s1.5,fitted_moment,40.0,5,791,0.8621997471554994,0.001175858429633081,0.13780025284450062,0.0,0.0,0.19089759797724398,5
moderate/eps_s1.5/fitted_moment_d44,moderate,eps_s1.5,fitted_moment,44.0,5,791,0.8621997471554994,0.0011752825230360031,0.13780025284450062,0.0,0.0,0.19089759797724398,5
moderate/eps_s1.5/fitted_moment_d80,moderate,eps_s1.5,fitted_moment,80.0,5,791,0.8621997471554994,0.0011736967135220766,0.13780025284450062,0.0,0.0,0.19089759797724398,5
moderate/eps_s1.5/fitted_moment_d160,moderate,eps_s1.5,fitted_moment,160.0,5,791,0.8621997471554994,0.0011727053206413984,0.13780025284450062,0.0,0.0,0.19089759797724398,5
moderate/eps_s1.5/comb_prod_d40,moderate,eps_s1.5,comb_prod,40.0,5,791,0.8621997471554994,0.07469482719898224,0.13780025284450062,0.0,0.0,0.19089759797724398,5
moderate/eps_s1.5/comb_prod_d44,moderate,eps_s1.5,comb_prod,44.0,5,791,0.8621997471554994,0.07517451047897339,0.13780025284450062,0.0,0.0,0.19089759797724398,5
moderate/eps_s1.5/normalized_half_comb_d40,moderate,eps_s1.5,normalized_half_comb,40.0,5,791,0.7838179519595448,0.07810018956661224,0.18963337547408343,0.0,0.02654867256637168,0.19089759797724398,5
moderate/eps_s1.5/normalized_half_comb_d44,moderate,eps_s1.5,normalized_half_comb,44.0,5,791,0.7838179519595448,0.07996311783790588,0.18963337547408343,0.0,0.02654867256637168,0.19089759797724398,5
moderate/eps_s1.5/fitted_moment_d32,moderate,eps_s1.5,fitted_moment,32.0,6,782,0.8542199488491049,0.02767528034746647,0.14578005115089515,0.0,0.0,0.2531969309462916,5
moderate/eps_s1.5/fitted_moment_d40,moderate,eps_s1.5,fitted_moment,40.0,6,782,0.8542199488491049,0.027675284072756767,0.14578005115089515,0.0,0.0,0.2531969309462916,5
moderate/eps_s1.5/fitted_moment_d44,moderate,eps_s1.5,fitted_moment,44.0,6,782,0.8542199488491049,0.02767527475953102,0.14578005115089515,0.0,0.0,0.2531969309462916,5
moderate/eps_s1.5/fitted_moment_d80,moderate,eps_s1.5,fitted_moment,80.0,6,782,0.8542199488491049,0.02767527475953102,0.14578005115089515,0.0,0.0,0.2531969309462916,5
moderate/eps_s1.5/fitted_moment_d160,moderate,eps_s1.5,fitted_moment,160.0,6,782,0.8542199488491049,0.02767527475953102,0.14578005115089515,0.0,0.0,0.2531969309462916,5
moderate/eps_s1.5/comb_prod_d40,moderate,eps_s1.5,comb_prod,40.0,6,782,0.8542199488491049,0.09979207068681717,0.14578005115089515,0.0,0.0,0.2531969309462916,5
moderate/eps_s1.5/comb_prod_d44,moderate,eps_s1.5,comb_prod,44.0,6,782,0.8542199488491049,0.09933631122112274,0.14578005115089515,0.0,0.0,0.2531969309462916,5
moderate/eps_s1.5/normalized_half_comb_d40,moderate,eps_s1.5,normalized_half_comb,40.0,6,782,0.7468030690537084,0.14114350080490112,0.2531969309462916,0.0,0.0,0.2531969309462916,5
moderate/eps_s1.5/normalized_half_comb_d44,moderate,eps_s1.5,normalized_half_comb,44.0,6,782,0.7468030690537084,0.1387515813112259,0.2531969309462916,0.0,0.0,0.2531969309462916,5
moderate/eps_s1.5/fitted_moment_d32,moderate,eps_s1.5,fitted_moment,32.0,7,794,0.8664987405541562,0.0011782837100327015,0.13350125944584382,0.0,0.0,0.1385390428211587,5
moderate/eps_s1.5/fitted_moment_d40,moderate,eps_s1.5,fitted_moment,40.0,7,794,0.8664987405541562,0.0011765488889068365,0.13350125944584382,0.0,0.0,0.1385390428211587,5
moderate/eps_s1.5/fitted_moment_d44,moderate,eps_s1.5,fitted_moment,44.0,7,794,0.8664987405541562,0.0011765849776566029,0.13350125944584382,0.0,0.0,0.1385390428211587,5
moderate/eps_s1.5/fitted_moment_d80,moderate,eps_s1.5,fitted_moment,80.0,7,794,0.8664987405541562,0.0011737588793039322,0.13350125944584382,0.0,0.0,0.1385390428211587,5
moderate/eps_s1.5/fitted_moment_d160,moderate,eps_s1.5,fitted_moment,160.0,7,794,0.8664987405541562,0.0011727043893188238,0.13350125944584382,0.0,0.0,0.1385390428211587,5
moderate/eps_s1.5/comb_prod_d40,moderate,eps_s1.5,comb_prod,40.0,7,794,0.8614609571788413,0.008225951343774796,0.13602015113350127,0.0,0.0025188916876574307,0.1385390428211587,5
moderate/eps_s1.5/comb_prod_d44,moderate,eps_s1.5,comb_prod,44.0,7,794,0.8602015113350125,0.014894090592861176,0.13602015113350127,0.0012594458438287153,0.0025188916876574307,0.1385390428211587,5
moderate/eps_s1.5/normalized_half_comb_d40,moderate,eps_s1.5,normalized_half_comb,40.0,7,794,0.8060453400503779,0.013903762213885784,0.13350125944584382,0.0,0.060453400503778336,0.1385390428211587,5
moderate/eps_s1.5/normalized_half_comb_d44,moderate,eps_s1.5,normalized_half_comb,44.0,7,794,0.8060453400503779,0.015300094150006771,0.13350125944584382,0.0,0.060453400503778336,0.1385390428211587,5
moderate/eps_s1.5/fitted_moment_d32,moderate,eps_s1.5,fitted_moment,32.0,8,784,0.8533163265306123,0.0011770050041377544,0.14668367346938777,0.0,0.0,0.15051020408163265,5
moderate/eps_s1.5/fitted_moment_d40,moderate,eps_s1.5,fitted_moment,40.0,8,784,0.8533163265306123,0.0011757906759157777,0.14668367346938777,0.0,0.0,0.15051020408163265,5
moderate/eps_s1.5/fitted_moment_d44,moderate,eps_s1.5,fitted_moment,44.0,8,784,0.8533163265306123,0.0011751531856134534,0.14668367346938777,0.0,0.0,0.15051020408163265,5
moderate/eps_s1.5/fitted_moment_d80,moderate,eps_s1.5,fitted_moment,80.0,8,784,0.8533163265306123,0.0011736864689737558,0.14668367346938777,0.0,0.0,0.15051020408163265,5
moderate/eps_s1.5/fitted_moment_d160,moderate,eps_s1.5,fitted_moment,160.0,8,784,0.8533163265306123,0.0011726898374035954,0.14668367346938777,0.0,0.0,0.15051020408163265,5
moderate/eps_s1.5/comb_prod_d40,moderate,eps_s1.5,comb_prod,40.0,8,784,0.8533163265306123,0.07469482719898224,0.14668367346938777,0.0,0.0,0.15051020408163265,5
moderate/eps_s1.5/comb_prod_d44,moderate,eps_s1.5,comb_prod,44.0,8,784,0.8533163265306123,0.07517451047897339,0.14668367346938777,0.0,0.0,0.15051020408163265,5
moderate/eps_s1.5/normalized_half_comb_d40,moderate,eps_s1.5,normalized_half_comb,40.0,8,784,0.75,0.07810018956661224,0.14923469387755103,0.0,0.10076530612244898,0.15051020408163265,5
moderate/eps_s1.5/normalized_half_comb_d44,moderate,eps_s1.5,normalized_half_comb,44.0,8,784,0.75,0.07996311783790588,0.14923469387755103,0.0,0.10076530612244898,0.15051020408163265,5
moderate/eps_s1.5/fitted_moment_d32,moderate,eps_s1.5,fitted_moment,32.0,9,785,0.8267515923566879,0.0011770108249038458,0.1732484076433121,0.0,0.0,0.17452229299363056,5
moderate/eps_s1.5/fitted_moment_d40,moderate,eps_s1.5,fitted_moment,40.0,9,785,0.8267515923566879,0.0011757939355447888,0.1732484076433121,0.0,0.0,0.17452229299363056,5
moderate/eps_s1.5/fitted_moment_d44,moderate,eps_s1.5,fitted_moment,44.0,9,785,0.8267515923566879,0.0011752082500606775,0.1732484076433121,0.0,0.0,0.17452229299363056,5
moderate/eps_s1.5/fitted_moment_d80,moderate,eps_s1.5,fitted_moment,80.0,9,785,0.8267515923566879,0.00117365806363523,0.1732484076433121,0.0,0.0,0.17452229299363056,5
moderate/eps_s1.5/fitted_moment_d160,moderate,eps_s1.5,fitted_moment,160.0,9,785,0.8267515923566879,0.0011726963566616178,0.1732484076433121,0.0,0.0,0.17452229299363056,5
moderate/eps_s1.5/comb_prod_d40,moderate,eps_s1.5,comb_prod,40.0,9,785,0.8267515923566879,0.07469482719898224,0.1732484076433121,0.0,0.0,0.17452229299363056,5
moderate/eps_s1.5/comb_prod_d44,moderate,eps_s1.5,comb_prod,44.0,9,785,0.8267515923566879,0.07517451047897339,0.1732484076433121,0.0,0.0,0.17452229299363056,5
moderate/eps_s1.5/normalized_half_comb_d40,moderate,eps_s1.5,normalized_half_comb,40.0,9,785,0.7235668789808917,0.07810018956661224,0.1732484076433121,0.0,0.10318471337579618,0.17452229299363056,5
moderate/eps_s1.5/normalized_half_comb_d44,moderate,eps_s1.5,normalized_half_comb,44.0,9,785,0.7235668789808917,0.07996311783790588,0.1732484076433121,0.0,0.10318471337579618,0.17452229299363056,5
moderate/eps_s2.12/fitted_moment_d32,moderate,eps_s2.12,fitted_moment,32.0,0,785,0.9732484076433121,0.001173502067103982,0.0267515923566879,0.0,0.0,0.030573248407643312,5
moderate/eps_s2.12/fitted_moment_d40,moderate,eps_s2.12,fitted_moment,40.0,0,785,0.9732484076433121,0.0011730951955541968,0.0267515923566879,0.0,0.0,0.030573248407643312,5
moderate/eps_s2.12/fitted_moment_d44,moderate,eps_s2.12,fitted_moment,44.0,0,785,0.9732484076433121,0.0011728996178135276,0.0267515923566879,0.0,0.0,0.030573248407643312,5
moderate/eps_s2.12/fitted_moment_d80,moderate,eps_s2.12,fitted_moment,80.0,0,785,0.9732484076433121,0.0011723819188773632,0.0267515923566879,0.0,0.0,0.030573248407643312,5
moderate/eps_s2.12/fitted_moment_d160,moderate,eps_s2.12,fitted_moment,160.0,0,785,0.9732484076433121,0.0011720609618350863,0.0267515923566879,0.0,0.0,0.030573248407643312,5
moderate/eps_s2.12/comb_prod_d40,moderate,eps_s2.12,comb_prod,40.0,0,785,0.9732484076433121,0.07469482719898224,0.0267515923566879,0.0,0.0,0.030573248407643312,5
moderate/eps_s2.12/comb_prod_d44,moderate,eps_s2.12,comb_prod,44.0,0,785,0.9732484076433121,0.07517451047897339,0.0267515923566879,0.0,0.0,0.030573248407643312,5
moderate/eps_s2.12/normalized_half_comb_d40,moderate,eps_s2.12,normalized_half_comb,40.0,0,785,0.9579617834394905,0.07810018956661224,0.0267515923566879,0.0,0.015286624203821656,0.030573248407643312,5
moderate/eps_s2.12/normalized_half_comb_d44,moderate,eps_s2.12,normalized_half_comb,44.0,0,785,0.9579617834394905,0.07996311783790588,0.0267515923566879,0.0,0.015286624203821656,0.030573248407643312,5
moderate/eps_s2.12/fitted_moment_d32,moderate,eps_s2.12,fitted_moment,32.0,1,777,0.9665379665379665,0.001172560383565724,0.03346203346203346,0.0,0.0,0.039897039897039896,5
moderate/eps_s2.12/fitted_moment_d40,moderate,eps_s2.12,fitted_moment,40.0,1,777,0.9665379665379665,0.001172536169178784,0.03346203346203346,0.0,0.0,0.039897039897039896,5
moderate/eps_s2.12/fitted_moment_d44,moderate,eps_s2.12,fitted_moment,44.0,1,777,0.9665379665379665,0.001172617543488741,0.03346203346203346,0.0,0.0,0.039897039897039896,5
moderate/eps_s2.12/fitted_moment_d80,moderate,eps_s2.12,fitted_moment,80.0,1,777,0.9665379665379665,0.0011723566567525268,0.03346203346203346,0.0,0.0,0.039897039897039896,5
moderate/eps_s2.12/fitted_moment_d160,moderate,eps_s2.12,fitted_moment,160.0,1,777,0.9665379665379665,0.0011720741167664528,0.03346203346203346,0.0,0.0,0.039897039897039896,5
moderate/eps_s2.12/comb_prod_d40,moderate,eps_s2.12,comb_prod,40.0,1,777,0.9665379665379665,0.019141441211104393,0.03346203346203346,0.0,0.0,0.039897039897039896,5
moderate/eps_s2.12/comb_prod_d44,moderate,eps_s2.12,comb_prod,44.0,1,777,0.9665379665379665,0.022267663851380348,0.03346203346203346,0.0,0.0,0.039897039897039896,5
moderate/eps_s2.12/normalized_half_comb_d40,moderate,eps_s2.12,normalized_half_comb,40.0,1,777,0.9472329472329473,0.06390012800693512,0.03346203346203346,0.0,0.019305019305019305,0.039897039897039896,5
moderate/eps_s2.12/normalized_half_comb_d44,moderate,eps_s2.12,normalized_half_comb,44.0,1,777,0.9472329472329473,0.06625993549823761,0.03346203346203346,0.0,0.019305019305019305,0.039897039897039896,5
moderate/eps_s2.12/fitted_moment_d32,moderate,eps_s2.12,fitted_moment,32.0,2,793,0.978562421185372,0.33926209807395935,0.021437578814627996,0.0,0.0,0.031525851197982346,5
moderate/eps_s2.12/fitted_moment_d40,moderate,eps_s2.12,fitted_moment,40.0,2,793,0.978562421185372,0.33926209807395935,0.021437578814627996,0.0,0.0,0.031525851197982346,5
moderate/eps_s2.12/fitted_moment_d44,moderate,eps_s2.12,fitted_moment,44.0,2,793,0.978562421185372,0.33926209807395935,0.021437578814627996,0.0,0.0,0.031525851197982346,5
moderate/eps_s2.12/fitted_moment_d80,moderate,eps_s2.12,fitted_moment,80.0,2,793,0.978562421185372,0.33926209807395935,0.021437578814627996,0.0,0.0,0.031525851197982346,5
moderate/eps_s2.12/fitted_moment_d160,moderate,eps_s2.12,fitted_moment,160.0,2,793,0.978562421185372,0.33926206827163696,0.021437578814627996,0.0,0.0,0.031525851197982346,5
moderate/eps_s2.12/comb_prod_d40,moderate,eps_s2.12,comb_prod,40.0,2,793,0.978562421185372,0.08370382338762283,0.01639344262295082,0.0,0.005044136191677175,0.031525851197982346,5
moderate/eps_s2.12/comb_prod_d44,moderate,eps_s2.12,comb_prod,44.0,2,793,0.978562421185372,0.08421363681554794,0.01639344262295082,0.0,0.005044136191677175,0.031525851197982346,5
moderate/eps_s2.12/normalized_half_comb_d40,moderate,eps_s2.12,normalized_half_comb,40.0,2,793,0.9735182849936949,0.07810018956661224,0.02648171500630517,0.0,0.0,0.031525851197982346,5
moderate/eps_s2.12/normalized_half_comb_d44,moderate,eps_s2.12,normalized_half_comb,44.0,2,793,0.9735182849936949,0.07996311783790588,0.02648171500630517,0.0,0.0,0.031525851197982346,5
moderate/eps_s2.12/fitted_moment_d32,moderate,eps_s2.12,fitted_moment,32.0,3,784,0.9732142857142857,0.0011743770446628332,0.026785714285714284,0.0,0.0,0.029336734693877552,5
moderate/eps_s2.12/fitted_moment_d40,moderate,eps_s2.12,fitted_moment,40.0,3,784,0.9732142857142857,0.0011737679596990347,0.026785714285714284,0.0,0.0,0.029336734693877552,5
moderate/eps_s2.12/fitted_moment_d44,moderate,eps_s2.12,fitted_moment,44.0,3,784,0.9732142857142857,0.0011734750587493181,0.026785714285714284,0.0,0.0,0.029336734693877552,5
moderate/eps_s2.12/fitted_moment_d80,moderate,eps_s2.12,fitted_moment,80.0,3,784,0.9732142857142857,0.0011726999655365944,0.026785714285714284,0.0,0.0,0.029336734693877552,5
moderate/eps_s2.12/fitted_moment_d160,moderate,eps_s2.12,fitted_moment,160.0,3,784,0.9732142857142857,0.001172219286672771,0.026785714285714284,0.0,0.0,0.029336734693877552,5
moderate/eps_s2.12/comb_prod_d40,moderate,eps_s2.12,comb_prod,40.0,3,784,0.9732142857142857,0.07469482719898224,0.026785714285714284,0.0,0.0,0.029336734693877552,5
moderate/eps_s2.12/comb_prod_d44,moderate,eps_s2.12,comb_prod,44.0,3,784,0.9732142857142857,0.07517451047897339,0.026785714285714284,0.0,0.0,0.029336734693877552,5
moderate/eps_s2.12/normalized_half_comb_d40,moderate,eps_s2.12,normalized_half_comb,40.0,3,784,0.9540816326530612,0.07810018956661224,0.026785714285714284,0.0,0.01913265306122449,0.029336734693877552,5
moderate/eps_s2.12/normalized_half_comb_d44,moderate,eps_s2.12,normalized_half_comb,44.0,3,784,0.9540816326530612,0.07996311783790588,0.026785714285714284,0.0,0.01913265306122449,0.029336734693877552,5
moderate/eps_s2.12/fitted_moment_d32,moderate,eps_s2.12,fitted_moment,32.0,4,784,0.9693877551020408,0.003505212254822254,0.030612244897959183,0.0,0.0,0.06377551020408163,5
moderate/eps_s2.12/fitted_moment_d40,moderate,eps_s2.12,fitted_moment,40.0,4,784,0.9693877551020408,0.0033517570700496435,0.030612244897959183,0.0,0.0,0.06377551020408163,5
moderate/eps_s2.12/fitted_moment_d44,moderate,eps_s2.12,fitted_moment,44.0,4,784,0.9693877551020408,0.00313424039632082,0.030612244897959183,0.0,0.0,0.06377551020408163,5
moderate/eps_s2.12/fitted_moment_d80,moderate,eps_s2.12,fitted_moment,80.0,4,784,0.9693877551020408,0.002616382436826825,0.030612244897959183,0.0,0.0,0.06377551020408163,5
moderate/eps_s2.12/fitted_moment_d160,moderate,eps_s2.12,fitted_moment,160.0,4,784,0.9693877551020408,0.002251169877126813,0.030612244897959183,0.0,0.0,0.06377551020408163,5
moderate/eps_s2.12/comb_prod_d40,moderate,eps_s2.12,comb_prod,40.0,4,784,0.9540816326530612,0.08106211572885513,0.03316326530612245,0.0,0.012755102040816327,0.06377551020408163,5
moderate/eps_s2.12/comb_prod_d44,moderate,eps_s2.12,comb_prod,44.0,4,784,0.9540816326530612,0.08107136189937592,0.03316326530612245,0.0,0.012755102040816327,0.06377551020408163,5
moderate/eps_s2.12/normalized_half_comb_d40,moderate,eps_s2.12,normalized_half_comb,40.0,4,784,0.9400510204081632,0.07604627311229706,0.058673469387755105,0.0,0.0012755102040816326,0.06377551020408163,5
moderate/eps_s2.12/normalized_half_comb_d44,moderate,eps_s2.12,normalized_half_comb,44.0,4,784,0.9387755102040817,0.07961723953485489,0.058673469387755105,0.0012755102040816326,0.0012755102040816326,0.06377551020408163,5
moderate/eps_s2.12/fitted_moment_d32,moderate,eps_s2.12,fitted_moment,32.0,5,791,0.9759797724399494,0.0011730719124898314,0.02402022756005057,0.0,0.0,0.029077117572692796,5
moderate/eps_s2.12/fitted_moment_d40,moderate,eps_s2.12,fitted_moment,40.0,5,791,0.9759797724399494,0.0011727643432095647,0.02402022756005057,0.0,0.0,0.029077117572692796,5
moderate/eps_s2.12/fitted_moment_d44,moderate,eps_s2.12,fitted_moment,44.0,5,791,0.9759797724399494,0.0011726164957508445,0.02402022756005057,0.0,0.0,0.029077117572692796,5
moderate/eps_s2.12/fitted_moment_d80,moderate,eps_s2.12,fitted_moment,80.0,5,791,0.9759797724399494,0.0011722252238541842,0.02402022756005057,0.0,0.0,0.029077117572692796,5
moderate/eps_s2.12/fitted_moment_d160,moderate,eps_s2.12,fitted_moment,160.0,5,791,0.9759797724399494,0.0011719827307388186,0.02402022756005057,0.0,0.0,0.029077117572692796,5
moderate/eps_s2.12/comb_prod_d40,moderate,eps_s2.12,comb_prod,40.0,5,791,0.9759797724399494,0.07469482719898224,0.02402022756005057,0.0,0.0,0.029077117572692796,5
moderate/eps_s2.12/comb_prod_d44,moderate,eps_s2.12,comb_prod,44.0,5,791,0.9759797724399494,0.07517451047897339,0.02402022756005057,0.0,0.0,0.029077117572692796,5
moderate/eps_s2.12/normalized_half_comb_d40,moderate,eps_s2.12,normalized_half_comb,40.0,5,791,0.9456384323640961,0.07810018956661224,0.02402022756005057,0.0,0.03034134007585335,0.029077117572692796,5
moderate/eps_s2.12/normalized_half_comb_d44,moderate,eps_s2.12,normalized_half_comb,44.0,5,791,0.9456384323640961,0.07996311783790588,0.02402022756005057,0.0,0.03034134007585335,0.029077117572692796,5
moderate/eps_s2.12/fitted_moment_d32,moderate,eps_s2.12,fitted_moment,32.0,6,782,0.9501278772378516,0.3636363744735718,0.049872122762148335,0.0,0.0,0.06265984654731457,5
moderate/eps_s2.12/fitted_moment_d40,moderate,eps_s2.12,fitted_moment,40.0,6,782,0.9501278772378516,0.3636363744735718,0.049872122762148335,0.0,0.0,0.06265984654731457,5
moderate/eps_s2.12/fitted_moment_d44,moderate,eps_s2.12,fitted_moment,44.0,6,782,0.9501278772378516,0.3636363744735718,0.049872122762148335,0.0,0.0,0.06265984654731457,5
moderate/eps_s2.12/fitted_moment_d80,moderate,eps_s2.12,fitted_moment,80.0,6,782,0.9501278772378516,0.3636363744735718,0.049872122762148335,0.0,0.0,0.06265984654731457,5
moderate/eps_s2.12/fitted_moment_d160,moderate,eps_s2.12,fitted_moment,160.0,6,782,0.9501278772378516,0.3636363744735718,0.049872122762148335,0.0,0.0,0.06265984654731457,5
moderate/eps_s2.12/comb_prod_d40,moderate,eps_s2.12,comb_prod,40.0,6,782,0.9629156010230179,0.07260572165250778,0.034526854219948847,0.0,0.0025575447570332483,0.06265984654731457,5
moderate/eps_s2.12/comb_prod_d44,moderate,eps_s2.12,comb_prod,44.0,6,782,0.9629156010230179,0.07483915239572525,0.034526854219948847,0.0,0.0025575447570332483,0.06265984654731457,5
moderate/eps_s2.12/normalized_half_comb_d40,moderate,eps_s2.12,normalized_half_comb,40.0,6,782,0.9411764705882353,0.013903762213885784,0.058823529411764705,0.0,0.0,0.06265984654731457,5
moderate/eps_s2.12/normalized_half_comb_d44,moderate,eps_s2.12,normalized_half_comb,44.0,6,782,0.9411764705882353,0.015300094150006771,0.058823529411764705,0.0,0.0,0.06265984654731457,5
moderate/eps_s2.12/fitted_moment_d32,moderate,eps_s2.12,fitted_moment,32.0,7,794,0.9760705289672544,0.0011754350271075964,0.02392947103274559,0.0,0.0,0.028967254408060455,5
moderate/eps_s2.12/fitted_moment_d40,moderate,eps_s2.12,fitted_moment,40.0,7,794,0.9760705289672544,0.0011737352469936013,0.02392947103274559,0.0,0.0,0.028967254408060455,5
moderate/eps_s2.12/fitted_moment_d44,moderate,eps_s2.12,fitted_moment,44.0,7,794,0.9760705289672544,0.0011736162705346942,0.02392947103274559,0.0,0.0,0.028967254408060455,5
moderate/eps_s2.12/fitted_moment_d80,moderate,eps_s2.12,fitted_moment,80.0,7,794,0.9760705289672544,0.0011726617813110352,0.02392947103274559,0.0,0.0,0.028967254408060455,5
moderate/eps_s2.12/fitted_moment_d160,moderate,eps_s2.12,fitted_moment,160.0,7,794,0.9760705289672544,0.0011722102062776685,0.02392947103274559,0.0,0.0,0.028967254408060455,5
moderate/eps_s2.12/comb_prod_d40,moderate,eps_s2.12,comb_prod,40.0,7,794,0.9760705289672544,0.0163721963763237,0.02392947103274559,0.0,0.0,0.028967254408060455,5
moderate/eps_s2.12/comb_prod_d44,moderate,eps_s2.12,comb_prod,44.0,7,794,0.9760705289672544,0.015305781736969948,0.02392947103274559,0.0,0.0,0.028967254408060455,5
moderate/eps_s2.12/normalized_half_comb_d40,moderate,eps_s2.12,normalized_half_comb,40.0,7,794,0.9672544080604534,0.003484918037429452,0.02644836272040302,0.0025188916876574307,0.003778337531486146,0.028967254408060455,5
moderate/eps_s2.12/normalized_half_comb_d44,moderate,eps_s2.12,normalized_half_comb,44.0,7,794,0.9710327455919395,0.0007049865089356899,0.02518891687657431,0.0,0.003778337531486146,0.028967254408060455,5
moderate/eps_s2.12/fitted_moment_d32,moderate,eps_s2.12,fitted_moment,32.0,8,784,0.9719387755102041,0.0011730886762961745,0.02806122448979592,0.0,0.0,0.0548469387755102,5
moderate/eps_s2.12/fitted_moment_d40,moderate,eps_s2.12,fitted_moment,40.0,8,784,0.9719387755102041,0.0011727643432095647,0.02806122448979592,0.0,0.0,0.0548469387755102,5
moderate/eps_s2.12/fitted_moment_d44,moderate,eps_s2.12,fitted_moment,44.0,8,784,0.9719387755102041,0.001172621501609683,0.02806122448979592,0.0,0.0,0.0548469387755102,5
moderate/eps_s2.12/fitted_moment_d80,moderate,eps_s2.12,fitted_moment,80.0,8,784,0.9719387755102041,0.001172227319329977,0.02806122448979592,0.0,0.0,0.0548469387755102,5
moderate/eps_s2.12/fitted_moment_d160,moderate,eps_s2.12,fitted_moment,160.0,8,784,0.9719387755102041,0.0011719809845089912,0.02806122448979592,0.0,0.0,0.0548469387755102,5
moderate/eps_s2.12/comb_prod_d40,moderate,eps_s2.12,comb_prod,40.0,8,784,0.9719387755102041,0.07469482719898224,0.02806122448979592,0.0,0.0,0.0548469387755102,5
moderate/eps_s2.12/comb_prod_d44,moderate,eps_s2.12,comb_prod,44.0,8,784,0.9719387755102041,0.07517451047897339,0.02806122448979592,0.0,0.0,0.0548469387755102,5
moderate/eps_s2.12/normalized_half_comb_d40,moderate,eps_s2.12,normalized_half_comb,40.0,8,784,0.9387755102040817,0.07810018956661224,0.04974489795918367,0.0,0.011479591836734694,0.0548469387755102,5
moderate/eps_s2.12/normalized_half_comb_d44,moderate,eps_s2.12,normalized_half_comb,44.0,8,784,0.9387755102040817,0.07996311783790588,0.04974489795918367,0.0,0.011479591836734694,0.0548469387755102,5
moderate/eps_s2.12/fitted_moment_d32,moderate,eps_s2.12,fitted_moment,32.0,9,785,0.9808917197452229,0.0011743803042918444,0.01910828025477707,0.0,0.0,0.02165605095541401,5
moderate/eps_s2.12/fitted_moment_d40,moderate,eps_s2.12,fitted_moment,40.0,9,785,0.9808917197452229,0.0011737705208361149,0.01910828025477707,0.0,0.0,0.02165605095541401,5
moderate/eps_s2.12/fitted_moment_d44,moderate,eps_s2.12,fitted_moment,44.0,9,785,0.9808917197452229,0.0011734772706404328,0.01910828025477707,0.0,0.0,0.02165605095541401,5
moderate/eps_s2.12/fitted_moment_d80,moderate,eps_s2.12,fitted_moment,80.0,9,785,0.9808917197452229,0.0011727011296898127,0.01910828025477707,0.0,0.0,0.02165605095541401,5
moderate/eps_s2.12/fitted_moment_d160,moderate,eps_s2.12,fitted_moment,160.0,9,785,0.9808917197452229,0.0011722198687493801,0.01910828025477707,0.0,0.0,0.02165605095541401,5
moderate/eps_s2.12/comb_prod_d40,moderate,eps_s2.12,comb_prod,40.0,9,785,0.9808917197452229,0.07469482719898224,0.01910828025477707,0.0,0.0,0.02165605095541401,5
moderate/eps_s2.12/comb_prod_d44,moderate,eps_s2.12,comb_prod,44.0,9,785,0.9808917197452229,0.07517451047897339,0.01910828025477707,0.0,0.0,0.02165605095541401,5
moderate/eps_s2.12/normalized_half_comb_d40,moderate,eps_s2.12,normalized_half_comb,40.0,9,785,0.9579617834394905,0.07810018956661224,0.01910828025477707,0.0,0.022929936305732482,0.02165605095541401,5
moderate/eps_s2.12/normalized_half_comb_d44,moderate,eps_s2.12,normalized_half_comb,44.0,9,785,0.9579617834394905,0.07996311783790588,0.01910828025477707,0.0,0.022929936305732482,0.02165605095541401,5
moderate/erf/fitted_moment_d32,moderate,erf,fitted_moment,32.0,0,785,0.9796178343949045,0.11988307535648346,0.0025477707006369425,0.005095541401273885,0.012738853503184714,0.0025477707006369425,5
moderate/erf/fitted_moment_d40,moderate,erf,fitted_moment,40.0,0,785,0.9821656050955414,0.5387982130050659,0.0025477707006369425,0.0025477707006369425,0.012738853503184714,0.0025477707006369425,5
moderate/erf/fitted_moment_d44,moderate,erf,fitted_moment,44.0,0,785,0.9821656050955414,0.5016152262687683,0.0025477707006369425,0.0025477707006369425,0.012738853503184714,0.0025477707006369425,5
moderate/erf/fitted_moment_d80,moderate,erf,fitted_moment,80.0,0,785,0.978343949044586,0.18891479074954987,0.0025477707006369425,0.006369426751592357,0.012738853503184714,0.0025477707006369425,5
moderate/erf/fitted_moment_d160,moderate,erf,fitted_moment,160.0,0,785,0.9847133757961783,0.351692259311676,0.0025477707006369425,0.0,0.012738853503184714,0.0025477707006369425,5
moderate/erf/comb_prod_d40,moderate,erf,comb_prod,40.0,0,785,0.0,inf,0.0025477707006369425,0.0,0.9974522292993631,0.0025477707006369425,5
moderate/erf/comb_prod_d44,moderate,erf,comb_prod,44.0,0,785,0.0,inf,0.0025477707006369425,0.0,0.9974522292993631,0.0025477707006369425,5
moderate/erf/normalized_half_comb_d40,moderate,erf,normalized_half_comb,40.0,0,785,0.9554140127388535,0.10692019015550613,0.0025477707006369425,0.0,0.04203821656050955,0.0025477707006369425,5
moderate/erf/normalized_half_comb_d44,moderate,erf,normalized_half_comb,44.0,0,785,0.9554140127388535,0.10458850860595703,0.0025477707006369425,0.0,0.04203821656050955,0.0025477707006369425,5
moderate/erf/fitted_moment_d32,moderate,erf,fitted_moment,32.0,1,777,0.9703989703989704,0.514691174030304,0.01287001287001287,0.003861003861003861,0.01287001287001287,0.01287001287001287,5
moderate/erf/fitted_moment_d40,moderate,erf,fitted_moment,40.0,1,777,0.9691119691119691,0.19538825750350952,0.01287001287001287,0.005148005148005148,0.01287001287001287,0.01287001287001287,5
moderate/erf/fitted_moment_d44,moderate,erf,fitted_moment,44.0,1,777,0.9703989703989704,0.41270911693573,0.01287001287001287,0.003861003861003861,0.01287001287001287,0.01287001287001287,5
moderate/erf/fitted_moment_d80,moderate,erf,fitted_moment,80.0,1,777,0.9716859716859717,0.5428919196128845,0.01287001287001287,0.002574002574002574,0.01287001287001287,0.01287001287001287,5
moderate/erf/fitted_moment_d160,moderate,erf,fitted_moment,160.0,1,777,0.9716859716859717,0.2196563184261322,0.01287001287001287,0.002574002574002574,0.01287001287001287,0.01287001287001287,5
moderate/erf/comb_prod_d40,moderate,erf,comb_prod,40.0,1,777,0.0,inf,0.01287001287001287,0.0,0.9871299871299871,0.01287001287001287,5
moderate/erf/comb_prod_d44,moderate,erf,comb_prod,44.0,1,777,0.0,inf,0.01287001287001287,0.0,0.9871299871299871,0.01287001287001287,5
moderate/erf/normalized_half_comb_d40,moderate,erf,normalized_half_comb,40.0,1,777,0.9459459459459459,0.1005076915025711,0.01287001287001287,0.0,0.04118404118404118,0.01287001287001287,5
moderate/erf/normalized_half_comb_d44,moderate,erf,normalized_half_comb,44.0,1,777,0.9459459459459459,0.09791793674230576,0.01287001287001287,0.0,0.04118404118404118,0.01287001287001287,5
moderate/erf/fitted_moment_d32,moderate,erf,fitted_moment,32.0,2,793,0.9886506935687264,0.5188112258911133,0.0,0.0037831021437578815,0.007566204287515763,0.0,5
moderate/erf/fitted_moment_d40,moderate,erf,fitted_moment,40.0,2,793,0.9924337957124842,0.4990658462047577,0.0,0.0,0.007566204287515763,0.0,5
moderate/erf/fitted_moment_d44,moderate,erf,fitted_moment,44.0,2,793,0.9924337957124842,0.4984448552131653,0.0,0.0,0.007566204287515763,0.0,5
moderate/erf/fitted_moment_d80,moderate,erf,fitted_moment,80.0,2,793,0.9911727616645649,0.30623576045036316,0.0,0.0012610340479192938,0.007566204287515763,0.0,5
moderate/erf/fitted_moment_d160,moderate,erf,fitted_moment,160.0,2,793,0.9911727616645649,0.35723939538002014,0.0,0.0012610340479192938,0.007566204287515763,0.0,5
moderate/erf/comb_prod_d40,moderate,erf,comb_prod,40.0,2,793,0.0,inf,0.0,0.0,1.0,0.0,5
moderate/erf/comb_prod_d44,moderate,erf,comb_prod,44.0,2,793,0.0,inf,0.0,0.0,1.0,0.0,5
moderate/erf/normalized_half_comb_d40,moderate,erf,normalized_half_comb,40.0,2,793,0.9609079445145019,0.12126754969358444,0.0,0.0,0.03909205548549811,0.0,5
moderate/erf/normalized_half_comb_d44,moderate,erf,normalized_half_comb,44.0,2,793,0.9596469104665826,0.12297791242599487,0.0,0.0012610340479192938,0.03909205548549811,0.0,5
moderate/erf/fitted_moment_d32,moderate,erf,fitted_moment,32.0,3,784,0.9821428571428571,0.2193797081708908,0.00510204081632653,0.00510204081632653,0.007653061224489796,0.00510204081632653,5
moderate/erf/fitted_moment_d40,moderate,erf,fitted_moment,40.0,3,784,0.9821428571428571,0.2176169455051422,0.00510204081632653,0.00510204081632653,0.007653061224489796,0.00510204081632653,5
moderate/erf/fitted_moment_d44,moderate,erf,fitted_moment,44.0,3,784,0.9821428571428571,0.20604999363422394,0.00510204081632653,0.00510204081632653,0.007653061224489796,0.00510204081632653,5
moderate/erf/fitted_moment_d80,moderate,erf,fitted_moment,80.0,3,784,0.9872448979591837,0.3890497386455536,0.00510204081632653,0.0,0.007653061224489796,0.00510204081632653,5
moderate/erf/fitted_moment_d160,moderate,erf,fitted_moment,160.0,3,784,0.9872448979591837,0.30760568380355835,0.00510204081632653,0.0,0.007653061224489796,0.00510204081632653,5
moderate/erf/comb_prod_d40,moderate,erf,comb_prod,40.0,3,784,0.0,inf,0.00510204081632653,0.0,0.9948979591836735,0.00510204081632653,5
moderate/erf/comb_prod_d44,moderate,erf,comb_prod,44.0,3,784,0.0,inf,0.00510204081632653,0.0,0.9948979591836735,0.00510204081632653,5
moderate/erf/normalized_half_comb_d40,moderate,erf,normalized_half_comb,40.0,3,784,0.9706632653061225,0.03949230536818504,0.00510204081632653,0.0,0.02423469387755102,0.00510204081632653,5
moderate/erf/normalized_half_comb_d44,moderate,erf,normalized_half_comb,44.0,3,784,0.9706632653061225,0.03667815402150154,0.00510204081632653,0.0,0.02423469387755102,0.00510204081632653,5
moderate/erf/fitted_moment_d32,moderate,erf,fitted_moment,32.0,4,784,0.9693877551020408,0.4310580790042877,0.00510204081632653,0.016581632653061226,0.008928571428571428,0.00510204081632653,5
moderate/erf/fitted_moment_d40,moderate,erf,fitted_moment,40.0,4,784,0.9757653061224489,0.35062286257743835,0.00510204081632653,0.01020408163265306,0.008928571428571428,0.00510204081632653,5
moderate/erf/fitted_moment_d44,moderate,erf,fitted_moment,44.0,4,784,0.9783163265306123,0.35681694746017456,0.00510204081632653,0.007653061224489796,0.008928571428571428,0.00510204081632653,5
moderate/erf/fitted_moment_d80,moderate,erf,fitted_moment,80.0,4,784,0.9770408163265306,0.47902947664260864,0.00510204081632653,0.008928571428571428,0.008928571428571428,0.00510204081632653,5
moderate/erf/fitted_moment_d160,moderate,erf,fitted_moment,160.0,4,784,0.985969387755102,0.36723563075065613,0.00510204081632653,0.0,0.008928571428571428,0.00510204081632653,5
moderate/erf/comb_prod_d40,moderate,erf,comb_prod,40.0,4,784,0.0,inf,0.00510204081632653,0.0,0.9948979591836735,0.00510204081632653,5
moderate/erf/comb_prod_d44,moderate,erf,comb_prod,44.0,4,784,0.0,inf,0.00510204081632653,0.0,0.9948979591836735,0.00510204081632653,5
moderate/erf/normalized_half_comb_d40,moderate,erf,normalized_half_comb,40.0,4,784,0.0,inf,0.00510204081632653,0.0,0.9948979591836735,0.00510204081632653,5
moderate/erf/normalized_half_comb_d44,moderate,erf,normalized_half_comb,44.0,4,784,0.0,inf,0.00510204081632653,0.0,0.9948979591836735,0.00510204081632653,5
moderate/erf/fitted_moment_d32,moderate,erf,fitted_moment,32.0,5,791,0.9936788874841972,0.3282335698604584,0.0025284450063211127,0.0,0.0037926675094816687,0.0025284450063211127,5
moderate/erf/fitted_moment_d40,moderate,erf,fitted_moment,40.0,5,791,0.9936788874841972,0.3207368552684784,0.0025284450063211127,0.0,0.0037926675094816687,0.0025284450063211127,5
moderate/erf/fitted_moment_d44,moderate,erf,fitted_moment,44.0,5,791,0.9936788874841972,0.31454557180404663,0.0025284450063211127,0.0,0.0037926675094816687,0.0025284450063211127,5
moderate/erf/fitted_moment_d80,moderate,erf,fitted_moment,80.0,5,791,0.9936788874841972,0.29027479887008667,0.0025284450063211127,0.0,0.0037926675094816687,0.0025284450063211127,5
moderate/erf/fitted_moment_d160,moderate,erf,fitted_moment,160.0,5,791,0.9936788874841972,0.4757979214191437,0.0025284450063211127,0.0,0.0037926675094816687,0.0025284450063211127,5
moderate/erf/comb_prod_d40,moderate,erf,comb_prod,40.0,5,791,0.0,inf,0.0025284450063211127,0.0,0.9974715549936789,0.0025284450063211127,5
moderate/erf/comb_prod_d44,moderate,erf,comb_prod,44.0,5,791,0.0,inf,0.0025284450063211127,0.0,0.9974715549936789,0.0025284450063211127,5
moderate/erf/normalized_half_comb_d40,moderate,erf,normalized_half_comb,40.0,5,791,0.0,inf,0.0025284450063211127,0.0,0.9974715549936789,0.0025284450063211127,5
moderate/erf/normalized_half_comb_d44,moderate,erf,normalized_half_comb,44.0,5,791,0.0,inf,0.0025284450063211127,0.0,0.9974715549936789,0.0025284450063211127,5
moderate/erf/fitted_moment_d32,moderate,erf,fitted_moment,32.0,6,782,0.9718670076726342,0.6016567945480347,0.0038363171355498722,0.014066496163682864,0.010230179028132993,0.0038363171355498722,5
moderate/erf/fitted_moment_d40,moderate,erf,fitted_moment,40.0,6,782,0.9731457800511509,0.6439926028251648,0.0038363171355498722,0.01278772378516624,0.010230179028132993,0.0038363171355498722,5
moderate/erf/fitted_moment_d44,moderate,erf,fitted_moment,44.0,6,782,0.9731457800511509,0.4410420358181,0.0038363171355498722,0.01278772378516624,0.010230179028132993,0.0038363171355498722,5
moderate/erf/fitted_moment_d80,moderate,erf,fitted_moment,80.0,6,782,0.9846547314578005,0.4012211561203003,0.0038363171355498722,0.0012787723785166241,0.010230179028132993,0.0038363171355498722,5
moderate/erf/fitted_moment_d160,moderate,erf,fitted_moment,160.0,6,782,0.9846547314578005,0.4219459593296051,0.0038363171355498722,0.0012787723785166241,0.010230179028132993,0.0038363171355498722,5
moderate/erf/comb_prod_d40,moderate,erf,comb_prod,40.0,6,782,0.0,inf,0.0038363171355498722,0.0,0.9961636828644501,0.0038363171355498722,5
moderate/erf/comb_prod_d44,moderate,erf,comb_prod,44.0,6,782,0.0,inf,0.0038363171355498722,0.0,0.9961636828644501,0.0038363171355498722,5
moderate/erf/normalized_half_comb_d40,moderate,erf,normalized_half_comb,40.0,6,782,0.4578005115089514,0.1801280677318573,0.0038363171355498722,0.0012787723785166241,0.5370843989769821,0.0038363171355498722,5
moderate/erf/normalized_half_comb_d44,moderate,erf,normalized_half_comb,44.0,6,782,0.45652173913043476,0.18180511891841888,0.0038363171355498722,0.0025575447570332483,0.5370843989769821,0.0038363171355498722,5
moderate/erf/fitted_moment_d32,moderate,erf,fitted_moment,32.0,7,794,0.9899244332493703,0.4252127707004547,0.0025188916876574307,0.005037783375314861,0.0025188916876574307,0.0025188916876574307,5
moderate/erf/fitted_moment_d40,moderate,erf,fitted_moment,40.0,7,794,0.9911838790931989,0.4346672594547272,0.0025188916876574307,0.003778337531486146,0.0025188916876574307,0.0025188916876574307,5
moderate/erf/fitted_moment_d44,moderate,erf,fitted_moment,44.0,7,794,0.9911838790931989,0.37111684679985046,0.0025188916876574307,0.003778337531486146,0.0025188916876574307,0.0025188916876574307,5
moderate/erf/fitted_moment_d80,moderate,erf,fitted_moment,80.0,7,794,0.9937027707808564,0.29494380950927734,0.0025188916876574307,0.0012594458438287153,0.0025188916876574307,0.0025188916876574307,5
moderate/erf/fitted_moment_d160,moderate,erf,fitted_moment,160.0,7,794,0.9924433249370277,0.4648595452308655,0.0025188916876574307,0.0025188916876574307,0.0025188916876574307,0.0025188916876574307,5
moderate/erf/comb_prod_d40,moderate,erf,comb_prod,40.0,7,794,0.0,inf,0.0025188916876574307,0.0,0.9974811083123426,0.0025188916876574307,5
moderate/erf/comb_prod_d44,moderate,erf,comb_prod,44.0,7,794,0.0,inf,0.0025188916876574307,0.0,0.9974811083123426,0.0025188916876574307,5
moderate/erf/normalized_half_comb_d40,moderate,erf,normalized_half_comb,40.0,7,794,0.924433249370277,0.135236918926239,0.0025188916876574307,0.0,0.07304785894206549,0.0025188916876574307,5
moderate/erf/normalized_half_comb_d44,moderate,erf,normalized_half_comb,44.0,7,794,0.8841309823677582,0.13555943965911865,0.0025188916876574307,0.04030226700251889,0.07304785894206549,0.0025188916876574307,5
moderate/erf/fitted_moment_d32,moderate,erf,fitted_moment,32.0,8,784,0.9846938775510204,0.48410969972610474,0.0,0.0,0.015306122448979591,0.0,5
moderate/erf/fitted_moment_d40,moderate,erf,fitted_moment,40.0,8,784,0.9846938775510204,0.5072070360183716,0.0,0.0,0.015306122448979591,0.0,5
moderate/erf/fitted_moment_d44,moderate,erf,fitted_moment,44.0,8,784,0.9808673469387755,0.48136746883392334,0.0,0.003826530612244898,0.015306122448979591,0.0,5
moderate/erf/fitted_moment_d80,moderate,erf,fitted_moment,80.0,8,784,0.9821428571428571,0.35842326283454895,0.0,0.002551020408163265,0.015306122448979591,0.0,5
moderate/erf/fitted_moment_d160,moderate,erf,fitted_moment,160.0,8,784,0.9834183673469388,0.3769533932209015,0.0,0.0012755102040816326,0.015306122448979591,0.0,5
moderate/erf/comb_prod_d40,moderate,erf,comb_prod,40.0,8,784,0.0,inf,0.0,0.0,1.0,0.0,5
moderate/erf/comb_prod_d44,moderate,erf,comb_prod,44.0,8,784,0.0,inf,0.0,0.0,1.0,0.0,5
moderate/erf/normalized_half_comb_d40,moderate,erf,normalized_half_comb,40.0,8,784,0.9553571428571429,0.08072024583816528,0.0,0.0,0.044642857142857144,0.0,5
moderate/erf/normalized_half_comb_d44,moderate,erf,normalized_half_comb,44.0,8,784,0.9553571428571429,0.08260184526443481,0.0,0.0,0.044642857142857144,0.0,5
moderate/erf/fitted_moment_d32,moderate,erf,fitted_moment,32.0,9,785,0.9847133757961783,0.40333810448646545,0.005095541401273885,0.0,0.01019108280254777,0.005095541401273885,5
moderate/erf/fitted_moment_d40,moderate,erf,fitted_moment,40.0,9,785,0.9847133757961783,0.5287638902664185,0.005095541401273885,0.0,0.01019108280254777,0.005095541401273885,5
moderate/erf/fitted_moment_d44,moderate,erf,fitted_moment,44.0,9,785,0.9847133757961783,0.20122846961021423,0.005095541401273885,0.0,0.01019108280254777,0.005095541401273885,5
moderate/erf/fitted_moment_d80,moderate,erf,fitted_moment,80.0,9,785,0.9847133757961783,0.27117058634757996,0.005095541401273885,0.0,0.01019108280254777,0.005095541401273885,5
moderate/erf/fitted_moment_d160,moderate,erf,fitted_moment,160.0,9,785,0.9847133757961783,0.13719306886196136,0.005095541401273885,0.0,0.01019108280254777,0.005095541401273885,5
moderate/erf/comb_prod_d40,moderate,erf,comb_prod,40.0,9,785,0.0,inf,0.005095541401273885,0.0,0.9949044585987261,0.005095541401273885,5
moderate/erf/comb_prod_d44,moderate,erf,comb_prod,44.0,9,785,0.0,inf,0.005095541401273885,0.0,0.9949044585987261,0.005095541401273885,5
moderate/erf/normalized_half_comb_d40,moderate,erf,normalized_half_comb,40.0,9,785,0.9617834394904459,0.11136040091514587,0.005095541401273885,0.0,0.033121019108280254,0.005095541401273885,5
moderate/erf/normalized_half_comb_d44,moderate,erf,normalized_half_comb,44.0,9,785,0.9617834394904459,0.10902842879295349,0.005095541401273885,0.0,0.033121019108280254,0.005095541401273885,5
clean/fork_b0.5/fitted_moment_d32,clean,fork_b0.5,fitted_moment,32.0,0,800,1.0,0.3636361062526703,0.0,0.0,0.0,0.0,5
clean/fork_b0.5/fitted_moment_d40,clean,fork_b0.5,fitted_moment,40.0,0,800,1.0,0.3636361360549927,0.0,0.0,0.0,0.0,5
clean/fork_b0.5/fitted_moment_d44,clean,fork_b0.5,fitted_moment,44.0,0,800,1.0,0.36363616585731506,0.0,0.0,0.0,0.0,5
clean/fork_b0.5/fitted_moment_d80,clean,fork_b0.5,fitted_moment,80.0,0,800,1.0,0.3636362552642822,0.0,0.0,0.0,0.0,5
clean/fork_b0.5/fitted_moment_d160,clean,fork_b0.5,fitted_moment,160.0,0,800,1.0,0.363636314868927,0.0,0.0,0.0,0.0,5
clean/fork_b0.5/comb_prod_d40,clean,fork_b0.5,comb_prod,40.0,0,800,1.0,0.3628080189228058,0.0,0.0,0.0,0.0,5
clean/fork_b0.5/comb_prod_d44,clean,fork_b0.5,comb_prod,44.0,0,800,1.0,0.36242416501045227,0.0,0.0,0.0,0.0,5
clean/fork_b0.5/normalized_half_comb_d40,clean,fork_b0.5,normalized_half_comb,40.0,0,800,1.0,0.14114350080490112,0.0,0.0,0.0,0.0,5
clean/fork_b0.5/normalized_half_comb_d44,clean,fork_b0.5,normalized_half_comb,44.0,0,800,1.0,0.1387515813112259,0.0,0.0,0.0,0.0,5
clean/fork_b0.5/fitted_moment_d32,clean,fork_b0.5,fitted_moment,32.0,1,800,1.0,0.3636361062526703,0.0,0.0,0.0,0.0,5
clean/fork_b0.5/fitted_moment_d40,clean,fork_b0.5,fitted_moment,40.0,1,800,1.0,0.3636361360549927,0.0,0.0,0.0,0.0,5
clean/fork_b0.5/fitted_moment_d44,clean,fork_b0.5,fitted_moment,44.0,1,800,1.0,0.36363616585731506,0.0,0.0,0.0,0.0,5
clean/fork_b0.5/fitted_moment_d80,clean,fork_b0.5,fitted_moment,80.0,1,800,1.0,0.3636362552642822,0.0,0.0,0.0,0.0,5
clean/fork_b0.5/fitted_moment_d160,clean,fork_b0.5,fitted_moment,160.0,1,800,1.0,0.363636314868927,0.0,0.0,0.0,0.0,5
clean/fork_b0.5/comb_prod_d40,clean,fork_b0.5,comb_prod,40.0,1,800,1.0,0.3628080189228058,0.0,0.0,0.0,0.0,5
clean/fork_b0.5/comb_prod_d44,clean,fork_b0.5,comb_prod,44.0,1,800,1.0,0.36242416501045227,0.0,0.0,0.0,0.0,5
clean/fork_b0.5/normalized_half_comb_d40,clean,fork_b0.5,normalized_half_comb,40.0,1,800,1.0,0.14114350080490112,0.0,0.0,0.0,0.0,5
clean/fork_b0.5/normalized_half_comb_d44,clean,fork_b0.5,normalized_half_comb,44.0,1,800,1.0,0.1387515813112259,0.0,0.0,0.0,0.0,5
clean/fork_b0.5/fitted_moment_d32,clean,fork_b0.5,fitted_moment,32.0,2,800,1.0,0.0016793208196759224,0.0,0.0,0.0,0.0025,5
clean/fork_b0.5/fitted_moment_d40,clean,fork_b0.5,fitted_moment,40.0,2,800,1.0,0.0011984561569988728,0.0,0.0,0.0,0.0025,5
clean/fork_b0.5/fitted_moment_d44,clean,fork_b0.5,fitted_moment,44.0,2,800,1.0,0.0010538238566368818,0.0,0.0,0.0,0.0025,5
clean/fork_b0.5/fitted_moment_d80,clean,fork_b0.5,fitted_moment,80.0,2,800,1.0,0.0009082388132810593,0.0,0.0,0.0,0.0025,5
clean/fork_b0.5/fitted_moment_d160,clean,fork_b0.5,fitted_moment,160.0,2,800,1.0,0.0009031610679812729,0.0,0.0,0.0,0.0025,5
clean/fork_b0.5/comb_prod_d40,clean,fork_b0.5,comb_prod,40.0,2,800,0.995,0.1851455420255661,0.0025,0.0,0.0025,0.0025,5
clean/fork_b0.5/comb_prod_d44,clean,fork_b0.5,comb_prod,44.0,2,800,0.995,0.18447473645210266,0.0025,0.0,0.0025,0.0025,5
clean/fork_b0.5/normalized_half_comb_d40,clean,fork_b0.5,normalized_half_comb,40.0,2,800,1.0,0.013412289321422577,0.0,0.0,0.0,0.0025,5
clean/fork_b0.5/normalized_half_comb_d44,clean,fork_b0.5,normalized_half_comb,44.0,2,800,1.0,0.01512753777205944,0.0,0.0,0.0,0.0025,5
clean/fork_b0.5/fitted_moment_d32,clean,fork_b0.5,fitted_moment,32.0,3,800,1.0,0.3636361062526703,0.0,0.0,0.0,0.0,5
clean/fork_b0.5/fitted_moment_d40,clean,fork_b0.5,fitted_moment,40.0,3,800,1.0,0.3636361360549927,0.0,0.0,0.0,0.0,5
clean/fork_b0.5/fitted_moment_d44,clean,fork_b0.5,fitted_moment,44.0,3,800,1.0,0.36363616585731506,0.0,0.0,0.0,0.0,5
clean/fork_b0.5/fitted_moment_d80,clean,fork_b0.5,fitted_moment,80.0,3,800,1.0,0.3636362552642822,0.0,0.0,0.0,0.0,5
clean/fork_b0.5/fitted_moment_d160,clean,fork_b0.5,fitted_moment,160.0,3,800,1.0,0.363636314868927,0.0,0.0,0.0,0.0,5
clean/fork_b0.5/comb_prod_d40,clean,fork_b0.5,comb_prod,40.0,3,800,1.0,0.3628080189228058,0.0,0.0,0.0,0.0,5
clean/fork_b0.5/comb_prod_d44,clean,fork_b0.5,comb_prod,44.0,3,800,1.0,0.36242416501045227,0.0,0.0,0.0,0.0,5
clean/fork_b0.5/normalized_half_comb_d40,clean,fork_b0.5,normalized_half_comb,40.0,3,800,1.0,0.14114350080490112,0.0,0.0,0.0,0.0,5
clean/fork_b0.5/normalized_half_comb_d44,clean,fork_b0.5,normalized_half_comb,44.0,3,800,1.0,0.1387515813112259,0.0,0.0,0.0,0.0,5
clean/fork_b0.5/fitted_moment_d32,clean,fork_b0.5,fitted_moment,32.0,4,800,1.0,0.3636361062526703,0.0,0.0,0.0,0.0,5
clean/fork_b0.5/fitted_moment_d40,clean,fork_b0.5,fitted_moment,40.0,4,800,1.0,0.3636361360549927,0.0,0.0,0.0,0.0,5
clean/fork_b0.5/fitted_moment_d44,clean,fork_b0.5,fitted_moment,44.0,4,800,1.0,0.36363616585731506,0.0,0.0,0.0,0.0,5
clean/fork_b0.5/fitted_moment_d80,clean,fork_b0.5,fitted_moment,80.0,4,800,1.0,0.3636362552642822,0.0,0.0,0.0,0.0,5
clean/fork_b0.5/fitted_moment_d160,clean,fork_b0.5,fitted_moment,160.0,4,800,1.0,0.363636314868927,0.0,0.0,0.0,0.0,5
clean/fork_b0.5/comb_prod_d40,clean,fork_b0.5,comb_prod,40.0,4,800,1.0,0.3628080189228058,0.0,0.0,0.0,0.0,5
clean/fork_b0.5/comb_prod_d44,clean,fork_b0.5,comb_prod,44.0,4,800,1.0,0.36242416501045227,0.0,0.0,0.0,0.0,5
clean/fork_b0.5/normalized_half_comb_d40,clean,fork_b0.5,normalized_half_comb,40.0,4,800,1.0,0.14114350080490112,0.0,0.0,0.0,0.0,5
clean/fork_b0.5/normalized_half_comb_d44,clean,fork_b0.5,normalized_half_comb,44.0,4,800,1.0,0.1387515813112259,0.0,0.0,0.0,0.0,5
clean/fork_b0.5/fitted_moment_d32,clean,fork_b0.5,fitted_moment,32.0,5,800,1.0,0.3636361062526703,0.0,0.0,0.0,0.0,5
clean/fork_b0.5/fitted_moment_d40,clean,fork_b0.5,fitted_moment,40.0,5,800,1.0,0.3636361360549927,0.0,0.0,0.0,0.0,5
clean/fork_b0.5/fitted_moment_d44,clean,fork_b0.5,fitted_moment,44.0,5,800,1.0,0.36363616585731506,0.0,0.0,0.0,0.0,5
clean/fork_b0.5/fitted_moment_d80,clean,fork_b0.5,fitted_moment,80.0,5,800,1.0,0.3636362552642822,0.0,0.0,0.0,0.0,5
clean/fork_b0.5/fitted_moment_d160,clean,fork_b0.5,fitted_moment,160.0,5,800,1.0,0.363636314868927,0.0,0.0,0.0,0.0,5
clean/fork_b0.5/comb_prod_d40,clean,fork_b0.5,comb_prod,40.0,5,800,1.0,0.3628080189228058,0.0,0.0,0.0,0.0,5
clean/fork_b0.5/comb_prod_d44,clean,fork_b0.5,comb_prod,44.0,5,800,1.0,0.36242416501045227,0.0,0.0,0.0,0.0,5
clean/fork_b0.5/normalized_half_comb_d40,clean,fork_b0.5,normalized_half_comb,40.0,5,800,1.0,0.14114350080490112,0.0,0.0,0.0,0.0,5
clean/fork_b0.5/normalized_half_comb_d44,clean,fork_b0.5,normalized_half_comb,44.0,5,800,1.0,0.1387515813112259,0.0,0.0,0.0,0.0,5
clean/fork_b0.5/fitted_moment_d32,clean,fork_b0.5,fitted_moment,32.0,6,800,1.0,0.3636361062526703,0.0,0.0,0.0,0.0,5
clean/fork_b0.5/fitted_moment_d40,clean,fork_b0.5,fitted_moment,40.0,6,800,1.0,0.3636361360549927,0.0,0.0,0.0,0.0,5
clean/fork_b0.5/fitted_moment_d44,clean,fork_b0.5,fitted_moment,44.0,6,800,1.0,0.36363616585731506,0.0,0.0,0.0,0.0,5
clean/fork_b0.5/fitted_moment_d80,clean,fork_b0.5,fitted_moment,80.0,6,800,1.0,0.3636362552642822,0.0,0.0,0.0,0.0,5
clean/fork_b0.5/fitted_moment_d160,clean,fork_b0.5,fitted_moment,160.0,6,800,1.0,0.363636314868927,0.0,0.0,0.0,0.0,5
clean/fork_b0.5/comb_prod_d40,clean,fork_b0.5,comb_prod,40.0,6,800,1.0,0.3628080189228058,0.0,0.0,0.0,0.0,5
clean/fork_b0.5/comb_prod_d44,clean,fork_b0.5,comb_prod,44.0,6,800,1.0,0.36242416501045227,0.0,0.0,0.0,0.0,5
clean/fork_b0.5/normalized_half_comb_d40,clean,fork_b0.5,normalized_half_comb,40.0,6,800,1.0,0.14114350080490112,0.0,0.0,0.0,0.0,5
clean/fork_b0.5/normalized_half_comb_d44,clean,fork_b0.5,normalized_half_comb,44.0,6,800,1.0,0.1387515813112259,0.0,0.0,0.0,0.0,5
clean/fork_b0.5/fitted_moment_d32,clean,fork_b0.5,fitted_moment,32.0,7,800,1.0,0.3636361062526703,0.0,0.0,0.0,0.0,5
clean/fork_b0.5/fitted_moment_d40,clean,fork_b0.5,fitted_moment,40.0,7,800,1.0,0.3636361360549927,0.0,0.0,0.0,0.0,5
clean/fork_b0.5/fitted_moment_d44,clean,fork_b0.5,fitted_moment,44.0,7,800,1.0,0.36363616585731506,0.0,0.0,0.0,0.0,5
clean/fork_b0.5/fitted_moment_d80,clean,fork_b0.5,fitted_moment,80.0,7,800,1.0,0.3636362552642822,0.0,0.0,0.0,0.0,5
clean/fork_b0.5/fitted_moment_d160,clean,fork_b0.5,fitted_moment,160.0,7,800,1.0,0.363636314868927,0.0,0.0,0.0,0.0,5
clean/fork_b0.5/comb_prod_d40,clean,fork_b0.5,comb_prod,40.0,7,800,1.0,0.3628080189228058,0.0,0.0,0.0,0.0,5
clean/fork_b0.5/comb_prod_d44,clean,fork_b0.5,comb_prod,44.0,7,800,1.0,0.36242416501045227,0.0,0.0,0.0,0.0,5
clean/fork_b0.5/normalized_half_comb_d40,clean,fork_b0.5,normalized_half_comb,40.0,7,800,1.0,0.14114350080490112,0.0,0.0,0.0,0.0,5
clean/fork_b0.5/normalized_half_comb_d44,clean,fork_b0.5,normalized_half_comb,44.0,7,800,1.0,0.1387515813112259,0.0,0.0,0.0,0.0,5
clean/fork_b0.5/fitted_moment_d32,clean,fork_b0.5,fitted_moment,32.0,8,800,1.0,0.0010803784243762493,0.0,0.0,0.0,0.0025,5
clean/fork_b0.5/fitted_moment_d40,clean,fork_b0.5,fitted_moment,40.0,8,800,1.0,0.0010704785818234086,0.0,0.0,0.0,0.0025,5
clean/fork_b0.5/fitted_moment_d44,clean,fork_b0.5,fitted_moment,44.0,8,800,1.0,0.0010649190517142415,0.0,0.0,0.0,0.0025,5
clean/fork_b0.5/fitted_moment_d80,clean,fork_b0.5,fitted_moment,80.0,8,800,1.0,0.0010473576840013266,0.0,0.0,0.0,0.0025,5
clean/fork_b0.5/fitted_moment_d160,clean,fork_b0.5,fitted_moment,160.0,8,800,1.0,0.0010358551517128944,0.0,0.0,0.0,0.0025,5
clean/fork_b0.5/comb_prod_d40,clean,fork_b0.5,comb_prod,40.0,8,800,1.0,0.1578034609556198,0.0,0.0,0.0,0.0025,5
clean/fork_b0.5/comb_prod_d44,clean,fork_b0.5,comb_prod,44.0,8,800,1.0,0.1572285294532776,0.0,0.0,0.0,0.0025,5
clean/fork_b0.5/normalized_half_comb_d40,clean,fork_b0.5,normalized_half_comb,40.0,8,800,1.0,0.03263535723090172,0.0,0.0,0.0,0.0025,5
clean/fork_b0.5/normalized_half_comb_d44,clean,fork_b0.5,normalized_half_comb,44.0,8,800,1.0,0.030216652899980545,0.0,0.0,0.0,0.0025,5
clean/fork_b0.5/fitted_moment_d32,clean,fork_b0.5,fitted_moment,32.0,9,800,1.0,0.3636361062526703,0.0,0.0,0.0,0.0,5
clean/fork_b0.5/fitted_moment_d40,clean,fork_b0.5,fitted_moment,40.0,9,800,1.0,0.3636361360549927,0.0,0.0,0.0,0.0,5
clean/fork_b0.5/fitted_moment_d44,clean,fork_b0.5,fitted_moment,44.0,9,800,1.0,0.36363616585731506,0.0,0.0,0.0,0.0,5
clean/fork_b0.5/fitted_moment_d80,clean,fork_b0.5,fitted_moment,80.0,9,800,1.0,0.3636362552642822,0.0,0.0,0.0,0.0,5
clean/fork_b0.5/fitted_moment_d160,clean,fork_b0.5,fitted_moment,160.0,9,800,1.0,0.363636314868927,0.0,0.0,0.0,0.0,5
clean/fork_b0.5/comb_prod_d40,clean,fork_b0.5,comb_prod,40.0,9,800,1.0,0.3628080189228058,0.0,0.0,0.0,0.0,5
clean/fork_b0.5/comb_prod_d44,clean,fork_b0.5,comb_prod,44.0,9,800,1.0,0.36242416501045227,0.0,0.0,0.0,0.0,5
clean/fork_b0.5/normalized_half_comb_d40,clean,fork_b0.5,normalized_half_comb,40.0,9,800,1.0,0.14114350080490112,0.0,0.0,0.0,0.0,5
clean/fork_b0.5/normalized_half_comb_d44,clean,fork_b0.5,normalized_half_comb,44.0,9,800,1.0,0.1387515813112259,0.0,0.0,0.0,0.0,5
moderate/gamma1/fitted_moment_d32,moderate,gamma1,fitted_moment,32.0,0,785,0.9656050955414013,128094.9296875,0.033121019108280254,0.0,0.0012738853503184713,0.04076433121019108,5
moderate/gamma1/fitted_moment_d40,moderate,gamma1,fitted_moment,40.0,0,785,0.01019108280254777,1010979520.0,0.04076433121019108,0.9477707006369427,0.0012738853503184713,0.04076433121019108,5
moderate/gamma1/fitted_moment_d44,moderate,gamma1,fitted_moment,44.0,0,785,0.015286624203821656,1145459456.0,0.04076433121019108,0.9426751592356688,0.0012738853503184713,0.04076433121019108,5
moderate/gamma1/fitted_moment_d80,moderate,gamma1,fitted_moment,80.0,0,785,0.007643312101910828,4359443456.0,0.04076433121019108,0.9503184713375796,0.0012738853503184713,0.04076433121019108,5
moderate/gamma1/fitted_moment_d160,moderate,gamma1,fitted_moment,160.0,0,785,0.007643312101910828,4358084608.0,0.04076433121019108,0.9503184713375796,0.0012738853503184713,0.04076433121019108,5
moderate/gamma1/comb_prod_d40,moderate,gamma1,comb_prod,40.0,0,785,0.9515923566878981,0.1527533233165741,0.03694267515923567,0.0,0.011464968152866241,0.04076433121019108,5
moderate/gamma1/comb_prod_d44,moderate,gamma1,comb_prod,44.0,0,785,0.956687898089172,0.15035869181156158,0.03184713375796178,0.0,0.011464968152866241,0.04076433121019108,5
moderate/gamma1/fitted_moment_d32,moderate,gamma1,fitted_moment,32.0,1,777,0.972972972972973,0.014001845382153988,0.02702702702702703,0.0,0.0,0.03474903474903475,5
moderate/gamma1/fitted_moment_d40,moderate,gamma1,fitted_moment,40.0,1,777,0.972972972972973,0.013688482344150543,0.02702702702702703,0.0,0.0,0.03474903474903475,5
moderate/gamma1/fitted_moment_d44,moderate,gamma1,fitted_moment,44.0,1,777,0.972972972972973,0.013625767081975937,0.02702702702702703,0.0,0.0,0.03474903474903475,5
moderate/gamma1/fitted_moment_d80,moderate,gamma1,fitted_moment,80.0,1,777,0.972972972972973,0.013553299009799957,0.02702702702702703,0.0,0.0,0.03474903474903475,5
moderate/gamma1/fitted_moment_d160,moderate,gamma1,fitted_moment,160.0,1,777,0.972972972972973,0.013543718494474888,0.02702702702702703,0.0,0.0,0.03474903474903475,5
moderate/gamma1/comb_prod_d40,moderate,gamma1,comb_prod,40.0,1,777,0.9678249678249679,0.06687100231647491,0.02702702702702703,0.001287001287001287,0.003861003861003861,0.03474903474903475,5
moderate/gamma1/comb_prod_d44,moderate,gamma1,comb_prod,44.0,1,777,0.9691119691119691,0.04485616832971573,0.02702702702702703,0.0,0.003861003861003861,0.03474903474903475,5
moderate/gamma1/fitted_moment_d32,moderate,gamma1,fitted_moment,32.0,2,793,0.9823455233291298,6590.525390625,0.017654476670870115,0.0,0.0,0.025220680958385876,5
moderate/gamma1/fitted_moment_d40,moderate,gamma1,fitted_moment,40.0,2,793,0.9823455233291298,4266.87060546875,0.017654476670870115,0.0,0.0,0.025220680958385876,5
moderate/gamma1/fitted_moment_d44,moderate,gamma1,fitted_moment,44.0,2,793,0.9823455233291298,2104.8818359375,0.017654476670870115,0.0,0.0,0.025220680958385876,5
moderate/gamma1/fitted_moment_d80,moderate,gamma1,fitted_moment,80.0,2,793,0.9823455233291298,971.2720947265625,0.017654476670870115,0.0,0.0,0.025220680958385876,5
moderate/gamma1/fitted_moment_d160,moderate,gamma1,fitted_moment,160.0,2,793,0.9823455233291298,318.1161193847656,0.017654476670870115,0.0,0.0,0.025220680958385876,5
moderate/gamma1/comb_prod_d40,moderate,gamma1,comb_prod,40.0,2,793,0.9621689785624212,0.18836653232574463,0.02395964691046658,0.006305170239596469,0.007566204287515763,0.025220680958385876,5
moderate/gamma1/comb_prod_d44,moderate,gamma1,comb_prod,44.0,2,793,0.9684741488020177,0.15208716690540314,0.02395964691046658,0.0,0.007566204287515763,0.025220680958385876,5
moderate/gamma1/fitted_moment_d32,moderate,gamma1,fitted_moment,32.0,3,784,0.9770408163265306,0.00598158547654748,0.02295918367346939,0.0,0.0,0.030612244897959183,5
moderate/gamma1/fitted_moment_d40,moderate,gamma1,fitted_moment,40.0,3,784,0.9770408163265306,0.005981591064482927,0.02295918367346939,0.0,0.0,0.030612244897959183,5
moderate/gamma1/fitted_moment_d44,moderate,gamma1,fitted_moment,44.0,3,784,0.9770408163265306,0.005981838330626488,0.02295918367346939,0.0,0.0,0.030612244897959183,5
moderate/gamma1/fitted_moment_d80,moderate,gamma1,fitted_moment,80.0,3,784,0.9770408163265306,1.7320221662521362,0.02295918367346939,0.0,0.0,0.030612244897959183,5
moderate/gamma1/fitted_moment_d160,moderate,gamma1,fitted_moment,160.0,3,784,0.9770408163265306,0.005982039496302605,0.02295918367346939,0.0,0.0,0.030612244897959183,5
moderate/gamma1/comb_prod_d40,moderate,gamma1,comb_prod,40.0,3,784,0.9770408163265306,0.15097010135650635,0.02295918367346939,0.0,0.0,0.030612244897959183,5
moderate/gamma1/comb_prod_d44,moderate,gamma1,comb_prod,44.0,3,784,0.9770408163265306,0.15303947031497955,0.02295918367346939,0.0,0.0,0.030612244897959183,5
moderate/gamma1/fitted_moment_d32,moderate,gamma1,fitted_moment,32.0,4,784,0.9566326530612245,1.1422795057296753,0.04336734693877551,0.0,0.0,0.04336734693877551,5
moderate/gamma1/fitted_moment_d40,moderate,gamma1,fitted_moment,40.0,4,784,0.9566326530612245,1.2305370569229126,0.04336734693877551,0.0,0.0,0.04336734693877551,5
moderate/gamma1/fitted_moment_d44,moderate,gamma1,fitted_moment,44.0,4,784,0.9566326530612245,1.236000895500183,0.04336734693877551,0.0,0.0,0.04336734693877551,5
moderate/gamma1/fitted_moment_d80,moderate,gamma1,fitted_moment,80.0,4,784,0.9566326530612245,1.2465909719467163,0.04336734693877551,0.0,0.0,0.04336734693877551,5
moderate/gamma1/fitted_moment_d160,moderate,gamma1,fitted_moment,160.0,4,784,0.9566326530612245,1.2481626272201538,0.04336734693877551,0.0,0.0,0.04336734693877551,5
moderate/gamma1/comb_prod_d40,moderate,gamma1,comb_prod,40.0,4,784,0.9451530612244898,0.26751792430877686,0.036989795918367346,0.0,0.017857142857142856,0.04336734693877551,5
moderate/gamma1/comb_prod_d44,moderate,gamma1,comb_prod,44.0,4,784,0.9451530612244898,0.22998961806297302,0.036989795918367346,0.0,0.017857142857142856,0.04336734693877551,5
moderate/gamma1/fitted_moment_d32,moderate,gamma1,fitted_moment,32.0,5,791,0.9810366624525917,0.017787916585803032,0.018963337547408345,0.0,0.0,0.03666245259165613,5
moderate/gamma1/fitted_moment_d40,moderate,gamma1,fitted_moment,40.0,5,791,0.9810366624525917,0.0177869014441967,0.018963337547408345,0.0,0.0,0.03666245259165613,5
moderate/gamma1/fitted_moment_d44,moderate,gamma1,fitted_moment,44.0,5,791,0.9810366624525917,0.017786715179681778,0.018963337547408345,0.0,0.0,0.03666245259165613,5
moderate/gamma1/fitted_moment_d80,moderate,gamma1,fitted_moment,80.0,5,791,0.9810366624525917,0.017786726355552673,0.018963337547408345,0.0,0.0,0.03666245259165613,5
moderate/gamma1/fitted_moment_d160,moderate,gamma1,fitted_moment,160.0,5,791,0.9810366624525917,0.017786569893360138,0.018963337547408345,0.0,0.0,0.03666245259165613,5
moderate/gamma1/comb_prod_d40,moderate,gamma1,comb_prod,40.0,5,791,0.9709228824273072,0.15425391495227814,0.029077117572692796,0.0,0.0,0.03666245259165613,5
moderate/gamma1/comb_prod_d44,moderate,gamma1,comb_prod,44.0,5,791,0.9709228824273072,0.15542636811733246,0.029077117572692796,0.0,0.0,0.03666245259165613,5
moderate/gamma1/fitted_moment_d32,moderate,gamma1,fitted_moment,32.0,6,782,0.9667519181585678,1.9906102418899536,0.03324808184143223,0.0,0.0,0.03964194373401535,5
moderate/gamma1/fitted_moment_d40,moderate,gamma1,fitted_moment,40.0,6,782,0.9667519181585678,17.417917251586914,0.03324808184143223,0.0,0.0,0.03964194373401535,5
moderate/gamma1/fitted_moment_d44,moderate,gamma1,fitted_moment,44.0,6,782,0.9667519181585678,1.9986934661865234,0.03324808184143223,0.0,0.0,0.03964194373401535,5
moderate/gamma1/fitted_moment_d80,moderate,gamma1,fitted_moment,80.0,6,782,0.9667519181585678,2.0635569095611572,0.03324808184143223,0.0,0.0,0.03964194373401535,5
moderate/gamma1/fitted_moment_d160,moderate,gamma1,fitted_moment,160.0,6,782,0.9667519181585678,1.694365382194519,0.03324808184143223,0.0,0.0,0.03964194373401535,5
moderate/gamma1/comb_prod_d40,moderate,gamma1,comb_prod,40.0,6,782,0.9578005115089514,0.18836653232574463,0.03324808184143223,0.0025575447570332483,0.00639386189258312,0.03964194373401535,5
moderate/gamma1/comb_prod_d44,moderate,gamma1,comb_prod,44.0,6,782,0.9629156010230179,0.148378387093544,0.030690537084398978,0.0,0.00639386189258312,0.03964194373401535,5
moderate/gamma1/fitted_moment_d32,moderate,gamma1,fitted_moment,32.0,7,794,0.9848866498740554,0.12248928099870682,0.015113350125944584,0.0,0.0,0.49496221662468515,5
moderate/gamma1/fitted_moment_d40,moderate,gamma1,fitted_moment,40.0,7,794,0.982367758186398,0.08680487424135208,0.017632241813602016,0.0,0.0,0.49496221662468515,5
moderate/gamma1/fitted_moment_d44,moderate,gamma1,fitted_moment,44.0,7,794,0.982367758186398,0.0873589813709259,0.017632241813602016,0.0,0.0,0.49496221662468515,5
moderate/gamma1/fitted_moment_d80,moderate,gamma1,fitted_moment,80.0,7,794,0.982367758186398,0.08745315670967102,0.017632241813602016,0.0,0.0,0.49496221662468515,5
moderate/gamma1/fitted_moment_d160,moderate,gamma1,fitted_moment,160.0,7,794,0.982367758186398,0.08745283633470535,0.017632241813602016,0.0,0.0,0.49496221662468515,5
moderate/gamma1/comb_prod_d40,moderate,gamma1,comb_prod,40.0,7,794,0.9672544080604534,0.24954555928707123,0.0163727959697733,0.006297229219143577,0.010075566750629723,0.49496221662468515,5
moderate/gamma1/comb_prod_d44,moderate,gamma1,comb_prod,44.0,7,794,0.9735516372795969,0.19161264598369598,0.0163727959697733,0.0,0.010075566750629723,0.49496221662468515,5
moderate/gamma1/fitted_moment_d32,moderate,gamma1,fitted_moment,32.0,8,784,0.9732142857142857,129.50062561035156,0.025510204081632654,0.0012755102040816326,0.0,0.03443877551020408,5
moderate/gamma1/fitted_moment_d40,moderate,gamma1,fitted_moment,40.0,8,784,0.9719387755102041,3560.5107421875,0.02806122448979592,0.0,0.0,0.03443877551020408,5
moderate/gamma1/fitted_moment_d44,moderate,gamma1,fitted_moment,44.0,8,784,0.01020408163265306,2493095.0,0.03443877551020408,0.9553571428571429,0.0,0.03443877551020408,5
moderate/gamma1/fitted_moment_d80,moderate,gamma1,fitted_moment,80.0,8,784,0.00510204081632653,7521656.5,0.03443877551020408,0.9604591836734694,0.0,0.03443877551020408,5
moderate/gamma1/fitted_moment_d160,moderate,gamma1,fitted_moment,160.0,8,784,0.9668367346938775,5.6461672143237607e-11,0.02806122448979592,0.00510204081632653,0.0,0.03443877551020408,5
moderate/gamma1/comb_prod_d40,moderate,gamma1,comb_prod,40.0,8,784,0.9668367346938775,0.1488265097141266,0.02423469387755102,0.0,0.008928571428571428,0.03443877551020408,5
moderate/gamma1/comb_prod_d44,moderate,gamma1,comb_prod,44.0,8,784,0.9630102040816326,0.15035869181156158,0.02806122448979592,0.0,0.008928571428571428,0.03443877551020408,5
moderate/gamma1/fitted_moment_d32,moderate,gamma1,fitted_moment,32.0,9,785,0.9707006369426752,5366.23095703125,0.02802547770700637,0.0012738853503184713,0.0,0.034394904458598725,5
moderate/gamma1/fitted_moment_d40,moderate,gamma1,fitted_moment,40.0,9,785,0.9732484076433121,47920.5625,0.0267515923566879,0.0,0.0,0.034394904458598725,5
moderate/gamma1/fitted_moment_d44,moderate,gamma1,fitted_moment,44.0,9,785,0.9732484076433121,270051.53125,0.0267515923566879,0.0,0.0,0.034394904458598725,5
moderate/gamma1/fitted_moment_d80,moderate,gamma1,fitted_moment,80.0,9,785,0.49171974522292994,4442.50341796875,0.03184713375796178,0.4764331210191083,0.0,0.034394904458598725,5
moderate/gamma1/fitted_moment_d160,moderate,gamma1,fitted_moment,160.0,9,785,0.9694267515923567,3.70446628927823e-09,0.0267515923566879,0.003821656050955414,0.0,0.034394904458598725,5
moderate/gamma1/comb_prod_d40,moderate,gamma1,comb_prod,40.0,9,785,0.9630573248407643,0.1527533233165741,0.030573248407643312,0.0,0.006369426751592357,0.034394904458598725,5
moderate/gamma1/comb_prod_d44,moderate,gamma1,comb_prod,44.0,9,785,0.9668789808917198,0.15035869181156158,0.0267515923566879,0.0,0.006369426751592357,0.034394904458598725,5
moderate/gamma2/fitted_moment_d32,moderate,gamma2,fitted_moment,32.0,0,785,0.9681528662420382,0.29444143176078796,0.03184713375796178,0.0,0.0,0.04076433121019108,5
moderate/gamma2/fitted_moment_d40,moderate,gamma2,fitted_moment,40.0,0,785,0.9681528662420382,0.17307698726654053,0.03184713375796178,0.0,0.0,0.04076433121019108,5
moderate/gamma2/fitted_moment_d44,moderate,gamma2,fitted_moment,44.0,0,785,0.9681528662420382,0.43651729822158813,0.03184713375796178,0.0,0.0,0.04076433121019108,5
moderate/gamma2/fitted_moment_d80,moderate,gamma2,fitted_moment,80.0,0,785,0.9681528662420382,0.2944414019584656,0.03184713375796178,0.0,0.0,0.04076433121019108,5
moderate/gamma2/fitted_moment_d160,moderate,gamma2,fitted_moment,160.0,0,785,0.9681528662420382,0.2944413721561432,0.03184713375796178,0.0,0.0,0.04076433121019108,5
moderate/gamma2/comb_prod_d40,moderate,gamma2,comb_prod,40.0,0,785,0.9363057324840764,0.2003103792667389,0.03694267515923567,0.01019108280254777,0.016560509554140127,0.04076433121019108,5
moderate/gamma2/comb_prod_d44,moderate,gamma2,comb_prod,44.0,0,785,0.9464968152866242,0.1567820906639099,0.03694267515923567,0.0,0.016560509554140127,0.04076433121019108,5
moderate/gamma2/fitted_moment_d32,moderate,gamma2,fitted_moment,32.0,1,777,0.9665379665379665,0.29663199186325073,0.03346203346203346,0.0,0.0,0.03474903474903475,5
moderate/gamma2/fitted_moment_d40,moderate,gamma2,fitted_moment,40.0,1,777,0.9665379665379665,0.2967051863670349,0.03346203346203346,0.0,0.0,0.03474903474903475,5
moderate/gamma2/fitted_moment_d44,moderate,gamma2,fitted_moment,44.0,1,777,0.9665379665379665,0.2967132031917572,0.03346203346203346,0.0,0.0,0.03474903474903475,5
moderate/gamma2/fitted_moment_d80,moderate,gamma2,fitted_moment,80.0,1,777,0.9665379665379665,0.2967178523540497,0.03346203346203346,0.0,0.0,0.03474903474903475,5
moderate/gamma2/fitted_moment_d160,moderate,gamma2,fitted_moment,160.0,1,777,0.9665379665379665,0.2967182397842407,0.03346203346203346,0.0,0.0,0.03474903474903475,5
moderate/gamma2/comb_prod_d40,moderate,gamma2,comb_prod,40.0,1,777,0.9691119691119691,0.06173224374651909,0.02702702702702703,0.0,0.003861003861003861,0.03474903474903475,5
moderate/gamma2/comb_prod_d44,moderate,gamma2,comb_prod,44.0,1,777,0.9665379665379665,0.08778050541877747,0.02702702702702703,0.002574002574002574,0.003861003861003861,0.03474903474903475,5
moderate/gamma2/fitted_moment_d32,moderate,gamma2,fitted_moment,32.0,2,793,0.9823455233291298,0.0022435039281845093,0.017654476670870115,0.0,0.0,0.025220680958385876,5
moderate/gamma2/fitted_moment_d40,moderate,gamma2,fitted_moment,40.0,2,793,0.9823455233291298,0.0022434459533542395,0.017654476670870115,0.0,0.0,0.025220680958385876,5
moderate/gamma2/fitted_moment_d44,moderate,gamma2,fitted_moment,44.0,2,793,0.9823455233291298,0.0022434343118220568,0.017654476670870115,0.0,0.0,0.025220680958385876,5
moderate/gamma2/fitted_moment_d80,moderate,gamma2,fitted_moment,80.0,2,793,0.9823455233291298,0.002243346767500043,0.017654476670870115,0.0,0.0,0.025220680958385876,5
moderate/gamma2/fitted_moment_d160,moderate,gamma2,fitted_moment,160.0,2,793,0.9823455233291298,0.0022433060221374035,0.017654476670870115,0.0,0.0,0.025220680958385876,5
moderate/gamma2/comb_prod_d40,moderate,gamma2,comb_prod,40.0,2,793,0.9495586380832283,0.2003103792667389,0.02395964691046658,0.012610340479192938,0.013871374527112233,0.025220680958385876,5
moderate/gamma2/comb_prod_d44,moderate,gamma2,comb_prod,44.0,2,793,0.9621689785624212,0.1567820906639099,0.02395964691046658,0.0,0.013871374527112233,0.025220680958385876,5
moderate/gamma2/fitted_moment_d32,moderate,gamma2,fitted_moment,32.0,3,784,0.9770408163265306,0.002102465135976672,0.02295918367346939,0.0,0.0,0.030612244897959183,5
moderate/gamma2/fitted_moment_d40,moderate,gamma2,fitted_moment,40.0,3,784,0.9770408163265306,0.00210188003256917,0.02295918367346939,0.0,0.0,0.030612244897959183,5
moderate/gamma2/fitted_moment_d44,moderate,gamma2,fitted_moment,44.0,3,784,0.9770408163265306,0.002101645804941654,0.02295918367346939,0.0,0.0,0.030612244897959183,5
moderate/gamma2/fitted_moment_d80,moderate,gamma2,fitted_moment,80.0,3,784,0.9770408163265306,0.002100937534123659,0.02295918367346939,0.0,0.0,0.030612244897959183,5
moderate/gamma2/fitted_moment_d160,moderate,gamma2,fitted_moment,160.0,3,784,0.9770408163265306,0.0021005079615861177,0.02295918367346939,0.0,0.0,0.030612244897959183,5
moderate/gamma2/comb_prod_d40,moderate,gamma2,comb_prod,40.0,3,784,0.9770408163265306,0.1370719075202942,0.02295918367346939,0.0,0.0,0.030612244897959183,5
moderate/gamma2/comb_prod_d44,moderate,gamma2,comb_prod,44.0,3,784,0.9770408163265306,0.13812890648841858,0.02295918367346939,0.0,0.0,0.030612244897959183,5
moderate/gamma2/fitted_moment_d32,moderate,gamma2,fitted_moment,32.0,4,784,0.9591836734693877,0.0132625512778759,0.04081632653061224,0.0,0.0,0.04336734693877551,5
moderate/gamma2/fitted_moment_d40,moderate,gamma2,fitted_moment,40.0,4,784,0.9591836734693877,0.012872692197561264,0.04081632653061224,0.0,0.0,0.04336734693877551,5
moderate/gamma2/fitted_moment_d44,moderate,gamma2,fitted_moment,44.0,4,784,0.9591836734693877,0.01284366101026535,0.04081632653061224,0.0,0.0,0.04336734693877551,5
moderate/gamma2/fitted_moment_d80,moderate,gamma2,fitted_moment,80.0,4,784,0.9591836734693877,0.012810798361897469,0.04081632653061224,0.0,0.0,0.04336734693877551,5
moderate/gamma2/fitted_moment_d160,moderate,gamma2,fitted_moment,160.0,4,784,0.9591836734693877,0.012796171009540558,0.04081632653061224,0.0,0.0,0.04336734693877551,5
moderate/gamma2/comb_prod_d40,moderate,gamma2,comb_prod,40.0,4,784,0.9247448979591837,0.2387898862361908,0.036989795918367346,0.01020408163265306,0.02806122448979592,0.04336734693877551,5
moderate/gamma2/comb_prod_d44,moderate,gamma2,comb_prod,44.0,4,784,0.9349489795918368,0.17083977162837982,0.036989795918367346,0.0,0.02806122448979592,0.04336734693877551,5
moderate/gamma2/fitted_moment_d32,moderate,gamma2,fitted_moment,32.0,5,791,0.9810366624525917,0.003977642394602299,0.018963337547408345,0.0,0.0,0.03666245259165613,5
moderate/gamma2/fitted_moment_d40,moderate,gamma2,fitted_moment,40.0,5,791,0.9810366624525917,0.003977308049798012,0.018963337547408345,0.0,0.0,0.03666245259165613,5
moderate/gamma2/fitted_moment_d44,moderate,gamma2,fitted_moment,44.0,5,791,0.9810366624525917,0.003977218177169561,0.018963337547408345,0.0,0.0,0.03666245259165613,5
moderate/gamma2/fitted_moment_d80,moderate,gamma2,fitted_moment,80.0,5,791,0.9810366624525917,0.003976776730269194,0.018963337547408345,0.0,0.0,0.03666245259165613,5
moderate/gamma2/fitted_moment_d160,moderate,gamma2,fitted_moment,160.0,5,791,0.9810366624525917,0.00397643493488431,0.018963337547408345,0.0,0.0,0.03666245259165613,5
moderate/gamma2/comb_prod_d40,moderate,gamma2,comb_prod,40.0,5,791,0.9810366624525917,0.1370719075202942,0.018963337547408345,0.0,0.0,0.03666245259165613,5
moderate/gamma2/comb_prod_d44,moderate,gamma2,comb_prod,44.0,5,791,0.9810366624525917,0.13812890648841858,0.018963337547408345,0.0,0.0,0.03666245259165613,5
moderate/gamma2/fitted_moment_d32,moderate,gamma2,fitted_moment,32.0,6,782,0.9705882352941176,0.1730772703886032,0.029411764705882353,0.0,0.0,0.03964194373401535,5
moderate/gamma2/fitted_moment_d40,moderate,gamma2,fitted_moment,40.0,6,782,0.9705882352941176,0.17307713627815247,0.029411764705882353,0.0,0.0,0.03964194373401535,5
moderate/gamma2/fitted_moment_d44,moderate,gamma2,fitted_moment,44.0,6,782,0.9705882352941176,0.17307715117931366,0.029411764705882353,0.0,0.0,0.03964194373401535,5
moderate/gamma2/fitted_moment_d80,moderate,gamma2,fitted_moment,80.0,6,782,0.9705882352941176,0.1730770319700241,0.029411764705882353,0.0,0.0,0.03964194373401535,5
moderate/gamma2/fitted_moment_d160,moderate,gamma2,fitted_moment,160.0,6,782,0.9705882352941176,0.17307695746421814,0.029411764705882353,0.0,0.0,0.03964194373401535,5
moderate/gamma2/comb_prod_d40,moderate,gamma2,comb_prod,40.0,6,782,0.9526854219948849,0.2003103792667389,0.03324808184143223,0.005115089514066497,0.008951406649616368,0.03964194373401535,5
moderate/gamma2/comb_prod_d44,moderate,gamma2,comb_prod,44.0,6,782,0.9578005115089514,0.1567820906639099,0.03324808184143223,0.0,0.008951406649616368,0.03964194373401535,5
moderate/gamma2/fitted_moment_d32,moderate,gamma2,fitted_moment,32.0,7,794,0.982367758186398,0.20297516882419586,0.017632241813602016,0.0,0.0,0.49496221662468515,5
moderate/gamma2/fitted_moment_d40,moderate,gamma2,fitted_moment,40.0,7,794,0.982367758186398,0.10540859401226044,0.017632241813602016,0.0,0.0,0.49496221662468515,5
moderate/gamma2/fitted_moment_d44,moderate,gamma2,fitted_moment,44.0,7,794,0.982367758186398,0.10404755175113678,0.017632241813602016,0.0,0.0,0.49496221662468515,5
moderate/gamma2/fitted_moment_d80,moderate,gamma2,fitted_moment,80.0,7,794,0.982367758186398,0.10070237517356873,0.017632241813602016,0.0,0.0,0.49496221662468515,5
moderate/gamma2/fitted_moment_d160,moderate,gamma2,fitted_moment,160.0,7,794,0.982367758186398,0.10033871978521347,0.017632241813602016,0.0,0.0,0.49496221662468515,5
moderate/gamma2/comb_prod_d40,moderate,gamma2,comb_prod,40.0,7,794,0.9735516372795969,0.17948080599308014,0.0163727959697733,0.0,0.010075566750629723,0.49496221662468515,5
moderate/gamma2/comb_prod_d44,moderate,gamma2,comb_prod,44.0,7,794,0.9735516372795969,0.1465199738740921,0.0163727959697733,0.0,0.010075566750629723,0.49496221662468515,5
moderate/gamma2/fitted_moment_d32,moderate,gamma2,fitted_moment,32.0,8,784,0.9757653061224489,0.17307709157466888,0.02423469387755102,0.0,0.0,0.03443877551020408,5
moderate/gamma2/fitted_moment_d40,moderate,gamma2,fitted_moment,40.0,8,784,0.9757653061224489,0.1730770319700241,0.02423469387755102,0.0,0.0,0.03443877551020408,5
moderate/gamma2/fitted_moment_d44,moderate,gamma2,fitted_moment,44.0,8,784,0.9757653061224489,0.1730770319700241,0.02423469387755102,0.0,0.0,0.03443877551020408,5
moderate/gamma2/fitted_moment_d80,moderate,gamma2,fitted_moment,80.0,8,784,0.9757653061224489,0.17307697236537933,0.02423469387755102,0.0,0.0,0.03443877551020408,5
moderate/gamma2/fitted_moment_d160,moderate,gamma2,fitted_moment,160.0,8,784,0.9757653061224489,0.17307694256305695,0.02423469387755102,0.0,0.0,0.03443877551020408,5
moderate/gamma2/comb_prod_d40,moderate,gamma2,comb_prod,40.0,8,784,0.9668367346938775,0.13243582844734192,0.02423469387755102,0.0,0.008928571428571428,0.03443877551020408,5
moderate/gamma2/comb_prod_d44,moderate,gamma2,comb_prod,44.0,8,784,0.9668367346938775,0.13665463030338287,0.02423469387755102,0.0,0.008928571428571428,0.03443877551020408,5
moderate/gamma2/fitted_moment_d32,moderate,gamma2,fitted_moment,32.0,9,785,0.9732484076433121,0.002136609982699156,0.0267515923566879,0.0,0.0,0.034394904458598725,5
moderate/gamma2/fitted_moment_d40,moderate,gamma2,fitted_moment,40.0,9,785,0.9732484076433121,0.0021363769192248583,0.0267515923566879,0.0,0.0,0.034394904458598725,5
moderate/gamma2/fitted_moment_d44,moderate,gamma2,fitted_moment,44.0,9,785,0.9732484076433121,0.002136379247531295,0.0267515923566879,0.0,0.0,0.034394904458598725,5
moderate/gamma2/fitted_moment_d80,moderate,gamma2,fitted_moment,80.0,9,785,0.9732484076433121,0.0021364381536841393,0.0267515923566879,0.0,0.0,0.034394904458598725,5
moderate/gamma2/fitted_moment_d160,moderate,gamma2,fitted_moment,160.0,9,785,0.9732484076433121,0.0021364493295550346,0.0267515923566879,0.0,0.0,0.034394904458598725,5
moderate/gamma2/comb_prod_d40,moderate,gamma2,comb_prod,40.0,9,785,0.9515923566878981,0.2003103792667389,0.030573248407643312,0.007643312101910828,0.01019108280254777,0.034394904458598725,5
moderate/gamma2/comb_prod_d44,moderate,gamma2,comb_prod,44.0,9,785,0.9592356687898089,0.1567820906639099,0.030573248407643312,0.0,0.01019108280254777,0.034394904458598725,5
moderate/occ_a0.05/fitted_moment_d80,moderate,occ_a0.05,fitted_moment,80.0,0,785,0.9859872611464968,0.0008663911721669137,0.006369426751592357,0.0025477707006369425,0.005095541401273885,0.007643312101910828,5
moderate/occ_a0.05/fitted_moment_d84,moderate,occ_a0.05,fitted_moment,84.0,0,785,0.9859872611464968,0.0008331447024829686,0.007643312101910828,0.0012738853503184713,0.005095541401273885,0.007643312101910828,5
moderate/occ_a0.05/fitted_moment_d160,moderate,occ_a0.05,fitted_moment,160.0,0,785,0.9847133757961783,0.0008467105217278004,0.003821656050955414,0.006369426751592357,0.005095541401273885,0.007643312101910828,5
moderate/occ_a0.05/fitted_moment_d164,moderate,occ_a0.05,fitted_moment,164.0,0,785,0.9834394904458599,0.000896345591172576,0.003821656050955414,0.007643312101910828,0.005095541401273885,0.007643312101910828,5
moderate/occ_a0.05/comb_prod_d40,moderate,occ_a0.05,comb_prod,40.0,0,785,0.4764331210191083,0.005624463781714439,0.007643312101910828,0.0,0.5159235668789809,0.007643312101910828,5
moderate/occ_a0.05/comb_prod_d44,moderate,occ_a0.05,comb_prod,44.0,0,785,0.4764331210191083,0.004607615992426872,0.007643312101910828,0.0,0.5159235668789809,0.007643312101910828,5
moderate/occ_a0.05/normalized_half_comb_d40,moderate,occ_a0.05,normalized_half_comb,40.0,0,785,0.0012738853503184713,0.003366874298080802,0.007643312101910828,0.0,0.9910828025477707,0.007643312101910828,5
moderate/occ_a0.05/normalized_half_comb_d44,moderate,occ_a0.05,normalized_half_comb,44.0,0,785,0.0012738853503184713,0.001089138095267117,0.007643312101910828,0.0,0.9910828025477707,0.007643312101910828,5
moderate/occ_a0.05/fitted_moment_d80,moderate,occ_a0.05,fitted_moment,80.0,1,777,0.9742599742599742,0.0016130867879837751,0.01287001287001287,0.01287001287001287,0.0,0.015444015444015444,5
moderate/occ_a0.05/fitted_moment_d84,moderate,occ_a0.05,fitted_moment,84.0,1,777,0.9742599742599742,0.0012278350768610835,0.01287001287001287,0.01287001287001287,0.0,0.015444015444015444,5
moderate/occ_a0.05/fitted_moment_d160,moderate,occ_a0.05,fitted_moment,160.0,1,777,0.9845559845559846,0.000880757812410593,0.01287001287001287,0.002574002574002574,0.0,0.015444015444015444,5
moderate/occ_a0.05/fitted_moment_d164,moderate,occ_a0.05,fitted_moment,164.0,1,777,0.9832689832689833,0.0008446497959084809,0.01287001287001287,0.003861003861003861,0.0,0.015444015444015444,5
moderate/occ_a0.05/comb_prod_d40,moderate,occ_a0.05,comb_prod,40.0,1,777,0.49034749034749037,0.0037588367704302073,0.015444015444015444,0.002574002574002574,0.49163449163449163,0.015444015444015444,5
moderate/occ_a0.05/comb_prod_d44,moderate,occ_a0.05,comb_prod,44.0,1,777,0.4864864864864865,0.00492795230820775,0.015444015444015444,0.006435006435006435,0.49163449163449163,0.015444015444015444,5
moderate/occ_a0.05/normalized_half_comb_d40,moderate,occ_a0.05,normalized_half_comb,40.0,1,777,0.0,inf,0.015444015444015444,0.0,0.9845559845559846,0.015444015444015444,5
moderate/occ_a0.05/normalized_half_comb_d44,moderate,occ_a0.05,normalized_half_comb,44.0,1,777,0.0,inf,0.015444015444015444,0.0,0.9845559845559846,0.015444015444015444,5
moderate/occ_a0.05/fitted_moment_d80,moderate,occ_a0.05,fitted_moment,80.0,2,793,0.9987389659520807,0.0006463330937549472,0.0,0.0,0.0012610340479192938,0.005044136191677175,5
moderate/occ_a0.05/fitted_moment_d84,moderate,occ_a0.05,fitted_moment,84.0,2,793,0.9962168978562421,0.000652539951261133,0.0012610340479192938,0.0012610340479192938,0.0012610340479192938,0.005044136191677175,5
moderate/occ_a0.05/fitted_moment_d160,moderate,occ_a0.05,fitted_moment,160.0,2,793,0.9949558638083228,0.0006891418597660959,0.0012610340479192938,0.0025220680958385876,0.0012610340479192938,0.005044136191677175,5
moderate/occ_a0.05/fitted_moment_d164,moderate,occ_a0.05,fitted_moment,164.0,2,793,0.9924337957124842,0.0007786580827087164,0.0012610340479192938,0.005044136191677175,0.0012610340479192938,0.005044136191677175,5
moderate/occ_a0.05/comb_prod_d40,moderate,occ_a0.05,comb_prod,40.0,2,793,0.0012610340479192938,0.007958760485053062,0.005044136191677175,0.0,0.9936948297604036,0.005044136191677175,5
moderate/occ_a0.05/comb_prod_d44,moderate,occ_a0.05,comb_prod,44.0,2,793,0.0012610340479192938,0.007234827149659395,0.005044136191677175,0.0,0.9936948297604036,0.005044136191677175,5
moderate/occ_a0.05/normalized_half_comb_d40,moderate,occ_a0.05,normalized_half_comb,40.0,2,793,0.0,inf,0.005044136191677175,0.0,0.9949558638083228,0.005044136191677175,5
moderate/occ_a0.05/normalized_half_comb_d44,moderate,occ_a0.05,normalized_half_comb,44.0,2,793,0.0,inf,0.005044136191677175,0.0,0.9949558638083228,0.005044136191677175,5
moderate/occ_a0.05/fitted_moment_d80,moderate,occ_a0.05,fitted_moment,80.0,3,784,0.9923469387755102,0.0006020914879627526,0.006377551020408163,0.0,0.0012755102040816326,0.01020408163265306,5
moderate/occ_a0.05/fitted_moment_d84,moderate,occ_a0.05,fitted_moment,84.0,3,784,0.9923469387755102,0.0007059422205202281,0.006377551020408163,0.0,0.0012755102040816326,0.01020408163265306,5
moderate/occ_a0.05/fitted_moment_d160,moderate,occ_a0.05,fitted_moment,160.0,3,784,0.9923469387755102,0.0007680238923057914,0.006377551020408163,0.0,0.0012755102040816326,0.01020408163265306,5
moderate/occ_a0.05/fitted_moment_d164,moderate,occ_a0.05,fitted_moment,164.0,3,784,0.9923469387755102,0.0006513546104542911,0.006377551020408163,0.0,0.0012755102040816326,0.01020408163265306,5
moderate/occ_a0.05/comb_prod_d40,moderate,occ_a0.05,comb_prod,40.0,3,784,0.49362244897959184,0.005089650861918926,0.01020408163265306,0.0,0.4961734693877551,0.01020408163265306,5
moderate/occ_a0.05/comb_prod_d44,moderate,occ_a0.05,comb_prod,44.0,3,784,0.4897959183673469,0.004566060844808817,0.01020408163265306,0.003826530612244898,0.4961734693877551,0.01020408163265306,5
moderate/occ_a0.05/normalized_half_comb_d40,moderate,occ_a0.05,normalized_half_comb,40.0,3,784,0.0012755102040816326,0.003375916974619031,0.01020408163265306,0.0,0.9885204081632653,0.01020408163265306,5
moderate/occ_a0.05/normalized_half_comb_d44,moderate,occ_a0.05,normalized_half_comb,44.0,3,784,0.0012755102040816326,0.0011138664558529854,0.01020408163265306,0.0,0.9885204081632653,0.01020408163265306,5
moderate/occ_a0.05/fitted_moment_d80,moderate,occ_a0.05,fitted_moment,80.0,4,784,0.9808673469387755,0.0016720161074772477,0.007653061224489796,0.002551020408163265,0.008928571428571428,0.01020408163265306,5
moderate/occ_a0.05/fitted_moment_d84,moderate,occ_a0.05,fitted_moment,84.0,4,784,0.9808673469387755,0.0015672827139496803,0.007653061224489796,0.002551020408163265,0.008928571428571428,0.01020408163265306,5
moderate/occ_a0.05/fitted_moment_d160,moderate,occ_a0.05,fitted_moment,160.0,4,784,0.9821428571428571,0.0012674903264269233,0.007653061224489796,0.0012755102040816326,0.008928571428571428,0.01020408163265306,5
moderate/occ_a0.05/fitted_moment_d164,moderate,occ_a0.05,fitted_moment,164.0,4,784,0.9808673469387755,0.0012573397252708673,0.008928571428571428,0.0012755102040816326,0.008928571428571428,0.01020408163265306,5
moderate/occ_a0.05/comb_prod_d40,moderate,occ_a0.05,comb_prod,40.0,4,784,0.0,inf,0.01020408163265306,0.0,0.9897959183673469,0.01020408163265306,5
moderate/occ_a0.05/comb_prod_d44,moderate,occ_a0.05,comb_prod,44.0,4,784,0.0,inf,0.01020408163265306,0.0,0.9897959183673469,0.01020408163265306,5
moderate/occ_a0.05/normalized_half_comb_d40,moderate,occ_a0.05,normalized_half_comb,40.0,4,784,0.0,inf,0.01020408163265306,0.0,0.9897959183673469,0.01020408163265306,5
moderate/occ_a0.05/normalized_half_comb_d44,moderate,occ_a0.05,normalized_half_comb,44.0,4,784,0.0,inf,0.01020408163265306,0.0,0.9897959183673469,0.01020408163265306,5
moderate/occ_a0.05/fitted_moment_d80,moderate,occ_a0.05,fitted_moment,80.0,5,791,0.988621997471555,0.037061940878629684,0.0050568900126422255,0.0012642225031605564,0.0050568900126422255,0.007585335018963337,5
moderate/occ_a0.05/fitted_moment_d84,moderate,occ_a0.05,fitted_moment,84.0,5,791,0.988621997471555,0.036967433989048004,0.0050568900126422255,0.0012642225031605564,0.0050568900126422255,0.007585335018963337,5
moderate/occ_a0.05/fitted_moment_d160,moderate,occ_a0.05,fitted_moment,160.0,5,791,0.988621997471555,0.03688138350844383,0.0037926675094816687,0.0025284450063211127,0.0050568900126422255,0.007585335018963337,5
moderate/occ_a0.05/fitted_moment_d164,moderate,occ_a0.05,fitted_moment,164.0,5,791,0.9898862199747156,0.0368306003510952,0.0037926675094816687,0.0012642225031605564,0.0050568900126422255,0.007585335018963337,5
moderate/occ_a0.05/comb_prod_d40,moderate,occ_a0.05,comb_prod,40.0,5,791,0.4879898862199747,0.005032594781368971,0.007585335018963337,0.018963337547408345,0.4854614412136536,0.007585335018963337,5
moderate/occ_a0.05/comb_prod_d44,moderate,occ_a0.05,comb_prod,44.0,5,791,0.5056890012642224,0.0037960107438266277,0.007585335018963337,0.0012642225031605564,0.4854614412136536,0.007585335018963337,5
moderate/occ_a0.05/normalized_half_comb_d40,moderate,occ_a0.05,normalized_half_comb,40.0,5,791,0.0,inf,0.007585335018963337,0.0,0.9924146649810367,0.007585335018963337,5
moderate/occ_a0.05/normalized_half_comb_d44,moderate,occ_a0.05,normalized_half_comb,44.0,5,791,0.0,inf,0.007585335018963337,0.0,0.9924146649810367,0.007585335018963337,5
moderate/occ_a0.05/fitted_moment_d80,moderate,occ_a0.05,fitted_moment,80.0,6,782,0.9923273657289002,0.0008437999640591443,0.0038363171355498722,0.0,0.0038363171355498722,0.00639386189258312,5
moderate/occ_a0.05/fitted_moment_d84,moderate,occ_a0.05,fitted_moment,84.0,6,782,0.9923273657289002,0.0008418448269367218,0.0038363171355498722,0.0,0.0038363171355498722,0.00639386189258312,5
moderate/occ_a0.05/fitted_moment_d160,moderate,occ_a0.05,fitted_moment,160.0,6,782,0.9884910485933504,0.0009590448462404311,0.0038363171355498722,0.0038363171355498722,0.0038363171355498722,0.00639386189258312,5
moderate/occ_a0.05/fitted_moment_d164,moderate,occ_a0.05,fitted_moment,164.0,6,782,0.9884910485933504,0.000981043791398406,0.0038363171355498722,0.0038363171355498722,0.0038363171355498722,0.00639386189258312,5
moderate/occ_a0.05/comb_prod_d40,moderate,occ_a0.05,comb_prod,40.0,6,782,0.0,inf,0.00639386189258312,0.23785166240409208,0.7557544757033248,0.00639386189258312,5
moderate/occ_a0.05/comb_prod_d44,moderate,occ_a0.05,comb_prod,44.0,6,782,0.23785166240409208,0.006812312640249729,0.00639386189258312,0.0,0.7557544757033248,0.00639386189258312,5
moderate/occ_a0.05/normalized_half_comb_d40,moderate,occ_a0.05,normalized_half_comb,40.0,6,782,0.0,inf,0.00639386189258312,0.0,0.9936061381074168,0.00639386189258312,5
moderate/occ_a0.05/normalized_half_comb_d44,moderate,occ_a0.05,normalized_half_comb,44.0,6,782,0.0,inf,0.00639386189258312,0.0,0.9936061381074168,0.00639386189258312,5
moderate/occ_a0.05/fitted_moment_d80,moderate,occ_a0.05,fitted_moment,80.0,7,794,0.9874055415617129,0.002175615169107914,0.005037783375314861,0.0025188916876574307,0.005037783375314861,0.008816120906801008,5
moderate/occ_a0.05/fitted_moment_d84,moderate,occ_a0.05,fitted_moment,84.0,7,794,0.9874055415617129,0.0016343117458745837,0.005037783375314861,0.0025188916876574307,0.005037783375314861,0.008816120906801008,5
moderate/occ_a0.05/fitted_moment_d160,moderate,occ_a0.05,fitted_moment,160.0,7,794,0.9874055415617129,0.005189931485801935,0.006297229219143577,0.0012594458438287153,0.005037783375314861,0.008816120906801008,5
moderate/occ_a0.05/fitted_moment_d164,moderate,occ_a0.05,fitted_moment,164.0,7,794,0.9886649874055415,0.021371591836214066,0.006297229219143577,0.0,0.005037783375314861,0.008816120906801008,5
moderate/occ_a0.05/comb_prod_d40,moderate,occ_a0.05,comb_prod,40.0,7,794,0.49748110831234255,0.0035857034381479025,0.008816120906801008,0.0,0.49370277078085645,0.008816120906801008,5
moderate/occ_a0.05/comb_prod_d44,moderate,occ_a0.05,comb_prod,44.0,7,794,0.49622166246851385,0.0048029059544205666,0.008816120906801008,0.0012594458438287153,0.49370277078085645,0.008816120906801008,5
moderate/occ_a0.05/normalized_half_comb_d40,moderate,occ_a0.05,normalized_half_comb,40.0,7,794,0.0,inf,0.008816120906801008,0.0,0.9911838790931989,0.008816120906801008,5
moderate/occ_a0.05/normalized_half_comb_d44,moderate,occ_a0.05,normalized_half_comb,44.0,7,794,0.0,inf,0.008816120906801008,0.0,0.9911838790931989,0.008816120906801008,5
moderate/occ_a0.05/fitted_moment_d80,moderate,occ_a0.05,fitted_moment,80.0,8,784,0.9923469387755102,0.0007288582273758948,0.0012755102040816326,0.0,0.006377551020408163,0.00510204081632653,5
moderate/occ_a0.05/fitted_moment_d84,moderate,occ_a0.05,fitted_moment,84.0,8,784,0.9897959183673469,0.0008693775744177401,0.0012755102040816326,0.002551020408163265,0.006377551020408163,0.00510204081632653,5
moderate/occ_a0.05/fitted_moment_d160,moderate,occ_a0.05,fitted_moment,160.0,8,784,0.9885204081632653,0.0011120021808892488,0.002551020408163265,0.002551020408163265,0.006377551020408163,0.00510204081632653,5
moderate/occ_a0.05/fitted_moment_d164,moderate,occ_a0.05,fitted_moment,164.0,8,784,0.9885204081632653,0.0009028557687997818,0.002551020408163265,0.002551020408163265,0.006377551020408163,0.00510204081632653,5
moderate/occ_a0.05/comb_prod_d40,moderate,occ_a0.05,comb_prod,40.0,8,784,0.4885204081632653,0.004991490859538317,0.003826530612244898,0.00510204081632653,0.5025510204081632,0.00510204081632653,5
moderate/occ_a0.05/comb_prod_d44,moderate,occ_a0.05,comb_prod,44.0,8,784,0.49362244897959184,0.004214788321405649,0.003826530612244898,0.0,0.5025510204081632,0.00510204081632653,5
moderate/occ_a0.05/normalized_half_comb_d40,moderate,occ_a0.05,normalized_half_comb,40.0,8,784,0.0,inf,0.00510204081632653,0.0,0.9948979591836735,0.00510204081632653,5
moderate/occ_a0.05/normalized_half_comb_d44,moderate,occ_a0.05,normalized_half_comb,44.0,8,784,0.0,inf,0.00510204081632653,0.0,0.9948979591836735,0.00510204081632653,5
moderate/occ_a0.05/fitted_moment_d80,moderate,occ_a0.05,fitted_moment,80.0,9,785,0.9949044585987261,0.0007076988113112748,0.005095541401273885,0.0,0.0,0.005095541401273885,5
moderate/occ_a0.05/fitted_moment_d84,moderate,occ_a0.05,fitted_moment,84.0,9,785,0.9923566878980892,0.0007689098711125553,0.005095541401273885,0.0025477707006369425,0.0,0.005095541401273885,5
moderate/occ_a0.05/fitted_moment_d160,moderate,occ_a0.05,fitted_moment,160.0,9,785,0.9923566878980892,0.0007728131022304296,0.005095541401273885,0.0025477707006369425,0.0,0.005095541401273885,5
moderate/occ_a0.05/fitted_moment_d164,moderate,occ_a0.05,fitted_moment,164.0,9,785,0.9910828025477707,0.0008132497896440327,0.005095541401273885,0.003821656050955414,0.0,0.005095541401273885,5
moderate/occ_a0.05/comb_prod_d40,moderate,occ_a0.05,comb_prod,40.0,9,785,0.48662420382165605,0.005012383684515953,0.005095541401273885,0.0012738853503184713,0.5070063694267516,0.005095541401273885,5
moderate/occ_a0.05/comb_prod_d44,moderate,occ_a0.05,comb_prod,44.0,9,785,0.4878980891719745,0.0038496239576488733,0.005095541401273885,0.0,0.5070063694267516,0.005095541401273885,5
moderate/occ_a0.05/normalized_half_comb_d40,moderate,occ_a0.05,normalized_half_comb,40.0,9,785,0.0,inf,0.005095541401273885,0.0,0.9949044585987261,0.005095541401273885,5
moderate/occ_a0.05/normalized_half_comb_d44,moderate,occ_a0.05,normalized_half_comb,44.0,9,785,0.0,inf,0.005095541401273885,0.0,0.9949044585987261,0.005095541401273885,5
moderate/occ_a0.10/fitted_moment_d80,moderate,occ_a0.10,fitted_moment,80.0,0,785,0.9808917197452229,0.0022546148393303156,0.005095541401273885,0.007643312101910828,0.006369426751592357,0.007643312101910828,5
moderate/occ_a0.10/fitted_moment_d84,moderate,occ_a0.10,fitted_moment,84.0,0,785,0.9808917197452229,0.0008454868802800775,0.006369426751592357,0.006369426751592357,0.006369426751592357,0.007643312101910828,5
moderate/occ_a0.10/fitted_moment_d160,moderate,occ_a0.10,fitted_moment,160.0,0,785,0.9872611464968153,0.0005331970751285553,0.005095541401273885,0.0012738853503184713,0.006369426751592357,0.007643312101910828,5
moderate/occ_a0.10/fitted_moment_d164,moderate,occ_a0.10,fitted_moment,164.0,0,785,0.9872611464968153,0.0004982352838851511,0.005095541401273885,0.0012738853503184713,0.006369426751592357,0.007643312101910828,5
moderate/occ_a0.10/comb_prod_d40,moderate,occ_a0.10,comb_prod,40.0,0,785,0.005095541401273885,0.0033230227418243885,0.007643312101910828,0.4853503184713376,0.5019108280254777,0.007643312101910828,5
moderate/occ_a0.10/comb_prod_d44,moderate,occ_a0.10,comb_prod,44.0,0,785,0.49044585987261147,0.0010404611239209771,0.007643312101910828,0.0,0.5019108280254777,0.007643312101910828,5
moderate/occ_a0.10/normalized_half_comb_d40,moderate,occ_a0.10,normalized_half_comb,40.0,0,785,0.0012738853503184713,0.0030963292811065912,0.007643312101910828,0.0,0.9910828025477707,0.007643312101910828,5
moderate/occ_a0.10/normalized_half_comb_d44,moderate,occ_a0.10,normalized_half_comb,44.0,0,785,0.0012738853503184713,0.0008370034629479051,0.007643312101910828,0.0,0.9910828025477707,0.007643312101910828,5
moderate/occ_a0.10/fitted_moment_d80,moderate,occ_a0.10,fitted_moment,80.0,1,777,0.9742599742599742,0.021266181021928787,0.01287001287001287,0.01287001287001287,0.0,0.015444015444015444,5
moderate/occ_a0.10/fitted_moment_d84,moderate,occ_a0.10,fitted_moment,84.0,1,777,0.9742599742599742,0.020512128248810768,0.01287001287001287,0.01287001287001287,0.0,0.015444015444015444,5
moderate/occ_a0.10/fitted_moment_d160,moderate,occ_a0.10,fitted_moment,160.0,1,777,0.9858429858429858,0.00053612538613379,0.01287001287001287,0.001287001287001287,0.0,0.015444015444015444,5
moderate/occ_a0.10/fitted_moment_d164,moderate,occ_a0.10,fitted_moment,164.0,1,777,0.9871299871299871,0.00045679588220082223,0.01287001287001287,0.0,0.0,0.015444015444015444,5
moderate/occ_a0.10/comb_prod_d40,moderate,occ_a0.10,comb_prod,40.0,1,777,0.4851994851994852,0.0034145317040383816,0.015444015444015444,0.0,0.49935649935649934,0.015444015444015444,5
moderate/occ_a0.10/comb_prod_d44,moderate,occ_a0.10,comb_prod,44.0,1,777,0.25225225225225223,0.0022475626319646835,0.015444015444015444,0.23294723294723294,0.49935649935649934,0.015444015444015444,5
moderate/occ_a0.10/normalized_half_comb_d40,moderate,occ_a0.10,normalized_half_comb,40.0,1,777,0.0,inf,0.015444015444015444,0.0,0.9845559845559846,0.015444015444015444,5
moderate/occ_a0.10/normalized_half_comb_d44,moderate,occ_a0.10,normalized_half_comb,44.0,1,777,0.0,inf,0.015444015444015444,0.0,0.9845559845559846,0.015444015444015444,5
moderate/occ_a0.10/fitted_moment_d80,moderate,occ_a0.10,fitted_moment,80.0,2,793,0.9886506935687264,0.0019267118768766522,0.0012610340479192938,0.01008827238335435,0.0,0.005044136191677175,5
moderate/occ_a0.10/fitted_moment_d84,moderate,occ_a0.10,fitted_moment,84.0,2,793,0.9886506935687264,0.0010780150769278407,0.0025220680958385876,0.008827238335435058,0.0,0.005044136191677175,5
moderate/occ_a0.10/fitted_moment_d160,moderate,occ_a0.10,fitted_moment,160.0,2,793,0.9987389659520807,0.00042998307617381215,0.0,0.0012610340479192938,0.0,0.005044136191677175,5
moderate/occ_a0.10/fitted_moment_d164,moderate,occ_a0.10,fitted_moment,164.0,2,793,0.9962168978562421,0.0004305866314098239,0.0012610340479192938,0.0025220680958385876,0.0,0.005044136191677175,5
moderate/occ_a0.10/comb_prod_d40,moderate,occ_a0.10,comb_prod,40.0,2,793,0.2421185372005044,0.0035730001982301474,0.005044136191677175,0.006305170239596469,0.7465321563682219,0.005044136191677175,5
moderate/occ_a0.10/comb_prod_d44,moderate,occ_a0.10,comb_prod,44.0,2,793,0.244640605296343,0.0018804797437041998,0.005044136191677175,0.0037831021437578815,0.7465321563682219,0.005044136191677175,5
moderate/occ_a0.10/normalized_half_comb_d40,moderate,occ_a0.10,normalized_half_comb,40.0,2,793,0.0,inf,0.005044136191677175,0.0,0.9949558638083228,0.005044136191677175,5
moderate/occ_a0.10/normalized_half_comb_d44,moderate,occ_a0.10,normalized_half_comb,44.0,2,793,0.0,inf,0.005044136191677175,0.0,0.9949558638083228,0.005044136191677175,5
moderate/occ_a0.10/fitted_moment_d80,moderate,occ_a0.10,fitted_moment,80.0,3,784,0.9923469387755102,0.0004454437585081905,0.006377551020408163,0.0,0.0012755102040816326,0.01020408163265306,5
moderate/occ_a0.10/fitted_moment_d84,moderate,occ_a0.10,fitted_moment,84.0,3,784,0.9923469387755102,0.0004706889158114791,0.006377551020408163,0.0,0.0012755102040816326,0.01020408163265306,5
moderate/occ_a0.10/fitted_moment_d160,moderate,occ_a0.10,fitted_moment,160.0,3,784,0.9923469387755102,0.00038796194712631404,0.006377551020408163,0.0,0.0012755102040816326,0.01020408163265306,5
moderate/occ_a0.10/fitted_moment_d164,moderate,occ_a0.10,fitted_moment,164.0,3,784,0.9923469387755102,0.000434402609243989,0.006377551020408163,0.0,0.0012755102040816326,0.01020408163265306,5
moderate/occ_a0.10/comb_prod_d40,moderate,occ_a0.10,comb_prod,40.0,3,784,0.49107142857142855,0.003457534359768033,0.01020408163265306,0.0012755102040816326,0.49744897959183676,0.01020408163265306,5
moderate/occ_a0.10/comb_prod_d44,moderate,occ_a0.10,comb_prod,44.0,3,784,0.49107142857142855,0.001553233596496284,0.01020408163265306,0.0012755102040816326,0.49744897959183676,0.01020408163265306,5
moderate/occ_a0.10/normalized_half_comb_d40,moderate,occ_a0.10,normalized_half_comb,40.0,3,784,0.0012755102040816326,0.0030966049525886774,0.01020408163265306,0.0,0.9885204081632653,0.01020408163265306,5
moderate/occ_a0.10/normalized_half_comb_d44,moderate,occ_a0.10,normalized_half_comb,44.0,3,784,0.0,inf,0.01020408163265306,0.0012755102040816326,0.9885204081632653,0.01020408163265306,5
moderate/occ_a0.10/fitted_moment_d80,moderate,occ_a0.10,fitted_moment,80.0,4,784,0.9783163265306123,0.0013459213078022003,0.007653061224489796,0.002551020408163265,0.011479591836734694,0.01020408163265306,5
moderate/occ_a0.10/fitted_moment_d84,moderate,occ_a0.10,fitted_moment,84.0,4,784,0.9783163265306123,0.0014429806033149362,0.007653061224489796,0.002551020408163265,0.011479591836734694,0.01020408163265306,5
moderate/occ_a0.10/fitted_moment_d160,moderate,occ_a0.10,fitted_moment,160.0,4,784,0.9706632653061225,0.001006432925350964,0.008928571428571428,0.008928571428571428,0.011479591836734694,0.01020408163265306,5
moderate/occ_a0.10/fitted_moment_d164,moderate,occ_a0.10,fitted_moment,164.0,4,784,0.9706632653061225,0.001028356491588056,0.008928571428571428,0.008928571428571428,0.011479591836734694,0.01020408163265306,5
moderate/occ_a0.10/comb_prod_d40,moderate,occ_a0.10,comb_prod,40.0,4,784,0.01020408163265306,0.0027217548340559006,0.01020408163265306,0.0012755102040816326,0.9783163265306123,0.01020408163265306,5
moderate/occ_a0.10/comb_prod_d44,moderate,occ_a0.10,comb_prod,44.0,4,784,0.0012755102040816326,0.002670588903129101,0.01020408163265306,0.01020408163265306,0.9783163265306123,0.01020408163265306,5
moderate/occ_a0.10/normalized_half_comb_d40,moderate,occ_a0.10,normalized_half_comb,40.0,4,784,0.0,inf,0.01020408163265306,0.0,0.9897959183673469,0.01020408163265306,5
moderate/occ_a0.10/normalized_half_comb_d44,moderate,occ_a0.10,normalized_half_comb,44.0,4,784,0.0,inf,0.01020408163265306,0.0,0.9897959183673469,0.01020408163265306,5
moderate/occ_a0.10/fitted_moment_d80,moderate,occ_a0.10,fitted_moment,80.0,5,791,0.9860935524652339,0.001344909775070846,0.0037926675094816687,0.0037926675094816687,0.006321112515802781,0.007585335018963337,5
moderate/occ_a0.10/fitted_moment_d84,moderate,occ_a0.10,fitted_moment,84.0,5,791,0.9860935524652339,0.001999560045078397,0.0037926675094816687,0.0037926675094816687,0.006321112515802781,0.007585335018963337,5
moderate/occ_a0.10/fitted_moment_d160,moderate,occ_a0.10,fitted_moment,160.0,5,791,0.9898862199747156,0.02251618355512619,0.0037926675094816687,0.0,0.006321112515802781,0.007585335018963337,5
moderate/occ_a0.10/fitted_moment_d164,moderate,occ_a0.10,fitted_moment,164.0,5,791,0.9898862199747156,0.022502891719341278,0.0037926675094816687,0.0,0.006321112515802781,0.007585335018963337,5
moderate/occ_a0.10/comb_prod_d40,moderate,occ_a0.10,comb_prod,40.0,5,791,0.0012642225031605564,0.0035286189522594213,0.007585335018963337,0.4943109987357775,0.4968394437420986,0.007585335018963337,5
moderate/occ_a0.10/comb_prod_d44,moderate,occ_a0.10,comb_prod,44.0,5,791,0.49557522123893805,0.0015300007071346045,0.007585335018963337,0.0,0.4968394437420986,0.007585335018963337,5
moderate/occ_a0.10/normalized_half_comb_d40,moderate,occ_a0.10,normalized_half_comb,40.0,5,791,0.0,inf,0.007585335018963337,0.0,0.9924146649810367,0.007585335018963337,5
moderate/occ_a0.10/normalized_half_comb_d44,moderate,occ_a0.10,normalized_half_comb,44.0,5,791,0.0,inf,0.007585335018963337,0.0,0.9924146649810367,0.007585335018963337,5
moderate/occ_a0.10/fitted_moment_d80,moderate,occ_a0.10,fitted_moment,80.0,6,782,0.9884910485933504,0.0006383181898854673,0.0038363171355498722,0.0038363171355498722,0.0038363171355498722,0.00639386189258312,5
moderate/occ_a0.10/fitted_moment_d84,moderate,occ_a0.10,fitted_moment,84.0,6,782,0.989769820971867,0.0005538065452128649,0.0038363171355498722,0.0025575447570332483,0.0038363171355498722,0.00639386189258312,5
moderate/occ_a0.10/fitted_moment_d160,moderate,occ_a0.10,fitted_moment,160.0,6,782,0.9910485933503836,0.0005687547964043915,0.0038363171355498722,0.0012787723785166241,0.0038363171355498722,0.00639386189258312,5
moderate/occ_a0.10/fitted_moment_d164,moderate,occ_a0.10,fitted_moment,164.0,6,782,0.989769820971867,0.0006004939205013216,0.005115089514066497,0.0012787723785166241,0.0038363171355498722,0.00639386189258312,5
moderate/occ_a0.10/comb_prod_d40,moderate,occ_a0.10,comb_prod,40.0,6,782,0.24296675191815856,0.0036293359007686377,0.00639386189258312,0.0012787723785166241,0.7493606138107417,0.00639386189258312,5
moderate/occ_a0.10/comb_prod_d44,moderate,occ_a0.10,comb_prod,44.0,6,782,0.0012787723785166241,0.0027225043158978224,0.00639386189258312,0.24296675191815856,0.7493606138107417,0.00639386189258312,5
moderate/occ_a0.10/normalized_half_comb_d40,moderate,occ_a0.10,normalized_half_comb,40.0,6,782,0.0,inf,0.00639386189258312,0.0,0.9936061381074168,0.00639386189258312,5
moderate/occ_a0.10/normalized_half_comb_d44,moderate,occ_a0.10,normalized_half_comb,44.0,6,782,0.0,inf,0.00639386189258312,0.0,0.9936061381074168,0.00639386189258312,5
moderate/occ_a0.10/fitted_moment_d80,moderate,occ_a0.10,fitted_moment,80.0,7,794,0.9861460957178841,0.004862756002694368,0.003778337531486146,0.0025188916876574307,0.007556675062972292,0.008816120906801008,5
moderate/occ_a0.10/fitted_moment_d84,moderate,occ_a0.10,fitted_moment,84.0,7,794,0.9861460957178841,0.002382820239290595,0.003778337531486146,0.0025188916876574307,0.007556675062972292,0.008816120906801008,5
moderate/occ_a0.10/fitted_moment_d160,moderate,occ_a0.10,fitted_moment,160.0,7,794,0.9861460957178841,0.0010894733713939786,0.006297229219143577,0.0,0.007556675062972292,0.008816120906801008,5
moderate/occ_a0.10/fitted_moment_d164,moderate,occ_a0.10,fitted_moment,164.0,7,794,0.9861460957178841,0.0007825885550118983,0.006297229219143577,0.0,0.007556675062972292,0.008816120906801008,5
moderate/occ_a0.10/comb_prod_d40,moderate,occ_a0.10,comb_prod,40.0,7,794,0.49370277078085645,0.00161807204131037,0.008816120906801008,0.0,0.49748110831234255,0.008816120906801008,5
moderate/occ_a0.10/comb_prod_d44,moderate,occ_a0.10,comb_prod,44.0,7,794,0.0,inf,0.008816120906801008,0.49370277078085645,0.49748110831234255,0.008816120906801008,5
moderate/occ_a0.10/normalized_half_comb_d40,moderate,occ_a0.10,normalized_half_comb,40.0,7,794,0.0,inf,0.008816120906801008,0.0,0.9911838790931989,0.008816120906801008,5
moderate/occ_a0.10/normalized_half_comb_d44,moderate,occ_a0.10,normalized_half_comb,44.0,7,794,0.0,inf,0.008816120906801008,0.0,0.9911838790931989,0.008816120906801008,5
moderate/occ_a0.10/fitted_moment_d80,moderate,occ_a0.10,fitted_moment,80.0,8,784,0.9821428571428571,0.0021810149773955345,0.0012755102040816326,0.012755102040816327,0.003826530612244898,0.00510204081632653,5
moderate/occ_a0.10/fitted_moment_d84,moderate,occ_a0.10,fitted_moment,84.0,8,784,0.9821428571428571,0.0021417285315692425,0.0012755102040816326,0.012755102040816327,0.003826530612244898,0.00510204081632653,5
moderate/occ_a0.10/fitted_moment_d160,moderate,occ_a0.10,fitted_moment,160.0,8,784,0.9936224489795918,0.0004388375673443079,0.0012755102040816326,0.0012755102040816326,0.003826530612244898,0.00510204081632653,5
moderate/occ_a0.10/fitted_moment_d164,moderate,occ_a0.10,fitted_moment,164.0,8,784,0.9936224489795918,0.0004393709823489189,0.0012755102040816326,0.0012755102040816326,0.003826530612244898,0.00510204081632653,5
moderate/occ_a0.10/comb_prod_d40,moderate,occ_a0.10,comb_prod,40.0,8,784,0.24744897959183673,0.003541623940691352,0.00510204081632653,0.24489795918367346,0.5025510204081632,0.00510204081632653,5
moderate/occ_a0.10/comb_prod_d44,moderate,occ_a0.10,comb_prod,44.0,8,784,0.4923469387755102,0.0015059851575642824,0.00510204081632653,0.0,0.5025510204081632,0.00510204081632653,5
moderate/occ_a0.10/normalized_half_comb_d40,moderate,occ_a0.10,normalized_half_comb,40.0,8,784,0.0,inf,0.00510204081632653,0.0,0.9948979591836735,0.00510204081632653,5
moderate/occ_a0.10/normalized_half_comb_d44,moderate,occ_a0.10,normalized_half_comb,44.0,8,784,0.0,inf,0.00510204081632653,0.0,0.9948979591836735,0.00510204081632653,5
moderate/occ_a0.10/fitted_moment_d80,moderate,occ_a0.10,fitted_moment,80.0,9,785,0.9847133757961783,0.0008370238938368857,0.005095541401273885,0.01019108280254777,0.0,0.005095541401273885,5
moderate/occ_a0.10/fitted_moment_d84,moderate,occ_a0.10,fitted_moment,84.0,9,785,0.9859872611464968,0.000908169720787555,0.005095541401273885,0.008917197452229299,0.0,0.005095541401273885,5
moderate/occ_a0.10/fitted_moment_d160,moderate,occ_a0.10,fitted_moment,160.0,9,785,0.9949044585987261,0.00047997196088545024,0.005095541401273885,0.0,0.0,0.005095541401273885,5
moderate/occ_a0.10/fitted_moment_d164,moderate,occ_a0.10,fitted_moment,164.0,9,785,0.9949044585987261,0.00048191711539402604,0.005095541401273885,0.0,0.0,0.005095541401273885,5
moderate/occ_a0.10/comb_prod_d40,moderate,occ_a0.10,comb_prod,40.0,9,785,0.4929936305732484,0.002409952459856868,0.005095541401273885,0.0,0.5019108280254777,0.005095541401273885,5
moderate/occ_a0.10/comb_prod_d44,moderate,occ_a0.10,comb_prod,44.0,9,785,0.49044585987261147,0.0010545665863901377,0.005095541401273885,0.0025477707006369425,0.5019108280254777,0.005095541401273885,5
moderate/occ_a0.10/normalized_half_comb_d40,moderate,occ_a0.10,normalized_half_comb,40.0,9,785,0.0,inf,0.005095541401273885,0.0,0.9949044585987261,0.005095541401273885,5
moderate/occ_a0.10/normalized_half_comb_d44,moderate,occ_a0.10,normalized_half_comb,44.0,9,785,0.0,inf,0.005095541401273885,0.0,0.9949044585987261,0.005095541401273885,5
heavy/base/fitted_moment_d40,heavy,base,fitted_moment,40.0,0,788,0.11294416243654823,0.1462072730064392,0.8781725888324873,0.0012690355329949238,0.007614213197969543,0.8781725888324873,5
heavy/base/fitted_moment_d80,heavy,base,fitted_moment,80.0,0,788,0.11421319796954314,0.3711893558502197,0.8781725888324873,0.0,0.007614213197969543,0.8781725888324873,5
heavy/base/fitted_moment_d84,heavy,base,fitted_moment,84.0,0,788,0.11421319796954314,0.37121230363845825,0.8781725888324873,0.0,0.007614213197969543,0.8781725888324873,5
heavy/base/fitted_moment_d160,heavy,base,fitted_moment,160.0,0,788,0.11421319796954314,0.3711264133453369,0.8781725888324873,0.0,0.007614213197969543,0.8781725888324873,5
heavy/base/comb_prod_d40,heavy,base,comb_prod,40.0,0,788,0.0,inf,0.8781725888324873,0.0,0.1218274111675127,0.8781725888324873,5
heavy/base/comb_prod_d44,heavy,base,comb_prod,44.0,0,788,0.0,inf,0.8781725888324873,0.0,0.1218274111675127,0.8781725888324873,5
heavy/base/normalized_half_comb_d40,heavy,base,normalized_half_comb,40.0,0,788,0.0012690355329949238,0.22189271450042725,0.8781725888324873,0.0,0.12055837563451777,0.8781725888324873,5
heavy/base/normalized_half_comb_d44,heavy,base,normalized_half_comb,44.0,0,788,0.0,inf,0.8781725888324873,0.0012690355329949238,0.12055837563451777,0.8781725888324873,5
heavy/base/fitted_moment_d40,heavy,base,fitted_moment,40.0,1,783,0.51213282247765,0.3721420168876648,0.4840357598978289,0.0038314176245210726,0.0,0.9029374201787995,5
heavy/base/fitted_moment_d80,heavy,base,fitted_moment,80.0,1,783,0.5159642401021711,0.37113040685653687,0.4840357598978289,0.0,0.0,0.9029374201787995,5
heavy/base/fitted_moment_d84,heavy,base,fitted_moment,84.0,1,783,0.5159642401021711,0.37113115191459656,0.4840357598978289,0.0,0.0,0.9029374201787995,5
heavy/base/fitted_moment_d160,heavy,base,fitted_moment,160.0,1,783,0.5159642401021711,0.37113380432128906,0.4840357598978289,0.0,0.0,0.9029374201787995,5
heavy/base/comb_prod_d40,heavy,base,comb_prod,40.0,1,783,0.0,inf,0.9029374201787995,0.0,0.0970625798212005,0.9029374201787995,5
heavy/base/comb_prod_d44,heavy,base,comb_prod,44.0,1,783,0.0,inf,0.9029374201787995,0.0,0.0970625798212005,0.9029374201787995,5
heavy/base/normalized_half_comb_d40,heavy,base,normalized_half_comb,40.0,1,783,0.002554278416347382,0.20831245183944702,0.9029374201787995,0.0,0.09450830140485313,0.9029374201787995,5
heavy/base/normalized_half_comb_d44,heavy,base,normalized_half_comb,44.0,1,783,0.0,inf,0.9029374201787995,0.002554278416347382,0.09450830140485313,0.9029374201787995,5
heavy/base/fitted_moment_d40,heavy,base,fitted_moment,40.0,2,786,0.9211195928753181,0.13523802161216736,0.07633587786259542,0.002544529262086514,0.0,0.8702290076335878,5
heavy/base/fitted_moment_d80,heavy,base,fitted_moment,80.0,2,786,0.926208651399491,0.008095907047390938,0.0737913486005089,0.0,0.0,0.8702290076335878,5
heavy/base/fitted_moment_d84,heavy,base,fitted_moment,84.0,2,786,0.9249363867684478,0.0944947600364685,0.07506361323155217,0.0,0.0,0.8702290076335878,5
heavy/base/fitted_moment_d160,heavy,base,fitted_moment,160.0,2,786,0.926208651399491,0.2220074087381363,0.07251908396946564,0.001272264631043257,0.0,0.8702290076335878,5
heavy/base/comb_prod_d40,heavy,base,comb_prod,40.0,2,786,0.3969465648854962,0.39141082763671875,0.4732824427480916,0.0,0.1297709923664122,0.8702290076335878,5
heavy/base/comb_prod_d44,heavy,base,comb_prod,44.0,2,786,0.3969465648854962,0.41103291511535645,0.4732824427480916,0.0,0.1297709923664122,0.8702290076335878,5
heavy/base/normalized_half_comb_d40,heavy,base,normalized_half_comb,40.0,2,786,0.010178117048346057,0.22189271450042725,0.8702290076335878,0.0,0.11959287531806616,0.8702290076335878,5
heavy/base/normalized_half_comb_d44,heavy,base,normalized_half_comb,44.0,2,786,0.010178117048346057,0.21855086088180542,0.8702290076335878,0.0,0.11959287531806616,0.8702290076335878,5
heavy/base/fitted_moment_d40,heavy,base,fitted_moment,40.0,3,788,0.9149746192893401,0.048030637204647064,0.08121827411167512,0.0038071065989847717,0.0,0.8756345177664975,5
heavy/base/fitted_moment_d80,heavy,base,fitted_moment,80.0,3,788,0.9200507614213198,0.2486691176891327,0.0799492385786802,0.0,0.0,0.8756345177664975,5
heavy/base/fitted_moment_d84,heavy,base,fitted_moment,84.0,3,788,0.9200507614213198,0.2501964569091797,0.0799492385786802,0.0,0.0,0.8756345177664975,5
heavy/base/fitted_moment_d160,heavy,base,fitted_moment,160.0,3,788,0.9200507614213198,0.24958018958568573,0.0799492385786802,0.0,0.0,0.8756345177664975,5
heavy/base/comb_prod_d40,heavy,base,comb_prod,40.0,3,788,0.39593908629441626,0.40647804737091064,0.4796954314720812,0.0,0.12436548223350254,0.8756345177664975,5
heavy/base/comb_prod_d44,heavy,base,comb_prod,44.0,3,788,0.39593908629441626,0.42267364263534546,0.4796954314720812,0.0,0.12436548223350254,0.8756345177664975,5
heavy/base/normalized_half_comb_d40,heavy,base,normalized_half_comb,40.0,3,788,0.0,inf,0.8756345177664975,0.0,0.12436548223350254,0.8756345177664975,5
heavy/base/normalized_half_comb_d44,heavy,base,normalized_half_comb,44.0,3,788,0.0,inf,0.8756345177664975,0.0,0.12436548223350254,0.8756345177664975,5
heavy/base/fitted_moment_d40,heavy,base,fitted_moment,40.0,4,790,0.9139240506329114,0.06399111449718475,0.0670886075949367,0.017721518987341773,0.0012658227848101266,0.8873417721518987,5
heavy/base/fitted_moment_d80,heavy,base,fitted_moment,80.0,4,790,0.9253164556962026,0.03510240092873573,0.06835443037974684,0.005063291139240506,0.0012658227848101266,0.8873417721518987,5
heavy/base/fitted_moment_d84,heavy,base,fitted_moment,84.0,4,790,0.9253164556962026,0.05779954046010971,0.06835443037974684,0.005063291139240506,0.0012658227848101266,0.8873417721518987,5
heavy/base/fitted_moment_d160,heavy,base,fitted_moment,160.0,4,790,0.930379746835443,0.009448816068470478,0.0670886075949367,0.0012658227848101266,0.0012658227848101266,0.8873417721518987,5
heavy/base/comb_prod_d40,heavy,base,comb_prod,40.0,4,790,0.41012658227848103,0.36227884888648987,0.4772151898734177,0.0,0.11265822784810127,0.8873417721518987,5
heavy/base/comb_prod_d44,heavy,base,comb_prod,44.0,4,790,0.41012658227848103,0.38445332646369934,0.4772151898734177,0.0,0.11265822784810127,0.8873417721518987,5
heavy/base/normalized_half_comb_d40,heavy,base,normalized_half_comb,40.0,4,790,0.006329113924050633,0.22189271450042725,0.8873417721518987,0.0,0.10632911392405063,0.8873417721518987,5
heavy/base/normalized_half_comb_d44,heavy,base,normalized_half_comb,44.0,4,790,0.006329113924050633,0.21855086088180542,0.8873417721518987,0.0,0.10632911392405063,0.8873417721518987,5
heavy/base/fitted_moment_d40,heavy,base,fitted_moment,40.0,5,784,0.9362244897959183,0.001550450804643333,0.06377551020408163,0.0,0.0,0.07270408163265306,5
heavy/base/fitted_moment_d80,heavy,base,fitted_moment,80.0,5,784,0.9362244897959183,0.05228754132986069,0.06377551020408163,0.0,0.0,0.07270408163265306,5
heavy/base/fitted_moment_d84,heavy,base,fitted_moment,84.0,5,784,0.9362244897959183,0.052275415509939194,0.06377551020408163,0.0,0.0,0.07270408163265306,5
heavy/base/fitted_moment_d160,heavy,base,fitted_moment,160.0,5,784,0.9362244897959183,0.05215383321046829,0.06377551020408163,0.0,0.0,0.07270408163265306,5
heavy/base/comb_prod_d40,heavy,base,comb_prod,40.0,5,784,0.8469387755102041,0.34371218085289,0.07270408163265306,0.0,0.08035714285714286,0.07270408163265306,5
heavy/base/comb_prod_d44,heavy,base,comb_prod,44.0,5,784,0.8469387755102041,0.34894227981567383,0.07270408163265306,0.0,0.08035714285714286,0.07270408163265306,5
heavy/base/normalized_half_comb_d40,heavy,base,normalized_half_comb,40.0,5,784,0.9183673469387755,0.09903442859649658,0.07015306122448979,0.0,0.011479591836734694,0.07270408163265306,5
heavy/base/normalized_half_comb_d44,heavy,base,normalized_half_comb,44.0,5,784,0.9183673469387755,0.10052806884050369,0.07015306122448979,0.0,0.011479591836734694,0.07270408163265306,5
heavy/base/fitted_moment_d40,heavy,base,fitted_moment,40.0,6,785,0.9528662420382166,0.012447183951735497,0.04713375796178344,0.0,0.0,0.10063694267515924,5
heavy/base/fitted_moment_d80,heavy,base,fitted_moment,80.0,6,785,0.9528662420382166,0.3316602110862732,0.04713375796178344,0.0,0.0,0.10063694267515924,5
heavy/base/fitted_moment_d84,heavy,base,fitted_moment,84.0,6,785,0.9528662420382166,0.33166074752807617,0.04713375796178344,0.0,0.0,0.10063694267515924,5
heavy/base/fitted_moment_d160,heavy,base,fitted_moment,160.0,6,785,0.9528662420382166,0.3316611647605896,0.04713375796178344,0.0,0.0,0.10063694267515924,5
heavy/base/comb_prod_d40,heavy,base,comb_prod,40.0,6,785,0.8764331210191083,0.314839243888855,0.10063694267515924,0.0,0.022929936305732482,0.10063694267515924,5
heavy/base/comb_prod_d44,heavy,base,comb_prod,44.0,6,785,0.8764331210191083,0.32968372106552124,0.10063694267515924,0.0,0.022929936305732482,0.10063694267515924,5
heavy/base/normalized_half_comb_d40,heavy,base,normalized_half_comb,40.0,6,785,0.4445859872611465,0.17991438508033752,0.10063694267515924,0.0,0.4547770700636943,0.10063694267515924,5
heavy/base/normalized_half_comb_d44,heavy,base,normalized_half_comb,44.0,6,785,0.4445859872611465,0.17739994823932648,0.10063694267515924,0.0,0.4547770700636943,0.10063694267515924,5
heavy/base/fitted_moment_d40,heavy,base,fitted_moment,40.0,7,794,0.12468513853904283,0.3612242043018341,0.8652392947103275,0.010075566750629723,0.0,0.8652392947103275,5
heavy/base/fitted_moment_d80,heavy,base,fitted_moment,80.0,7,794,0.13476070528967254,0.3710987865924835,0.8652392947103275,0.0,0.0,0.8652392947103275,5
heavy/base/fitted_moment_d84,heavy,base,fitted_moment,84.0,7,794,0.13476070528967254,0.37106984853744507,0.8652392947103275,0.0,0.0,0.8652392947103275,5
heavy/base/fitted_moment_d160,heavy,base,fitted_moment,160.0,7,794,0.13476070528967254,0.37112870812416077,0.8652392947103275,0.0,0.0,0.8652392947103275,5
heavy/base/comb_prod_d40,heavy,base,comb_prod,40.0,7,794,0.0,inf,0.8652392947103275,0.0,0.13476070528967254,0.8652392947103275,5
heavy/base/comb_prod_d44,heavy,base,comb_prod,44.0,7,794,0.0,inf,0.8652392947103275,0.0,0.13476070528967254,0.8652392947103275,5
heavy/base/normalized_half_comb_d40,heavy,base,normalized_half_comb,40.0,7,794,0.0012594458438287153,0.22189271450042725,0.8652392947103275,0.0,0.13350125944584382,0.8652392947103275,5
heavy/base/normalized_half_comb_d44,heavy,base,normalized_half_comb,44.0,7,794,0.0012594458438287153,0.21855086088180542,0.8652392947103275,0.0,0.13350125944584382,0.8652392947103275,5
heavy/base/fitted_moment_d40,heavy,base,fitted_moment,40.0,8,785,0.09044585987261146,0.0748000293970108,0.8789808917197452,0.0267515923566879,0.003821656050955414,0.8789808917197452,5
heavy/base/fitted_moment_d80,heavy,base,fitted_moment,80.0,8,785,0.11082802547770701,0.20712819695472717,0.8789808917197452,0.006369426751592357,0.003821656050955414,0.8789808917197452,5
heavy/base/fitted_moment_d84,heavy,base,fitted_moment,84.0,8,785,0.11719745222929936,0.09701612591743469,0.8789808917197452,0.0,0.003821656050955414,0.8789808917197452,5
heavy/base/fitted_moment_d160,heavy,base,fitted_moment,160.0,8,785,0.11719745222929936,0.06572146713733673,0.8789808917197452,0.0,0.003821656050955414,0.8789808917197452,5
heavy/base/comb_prod_d40,heavy,base,comb_prod,40.0,8,785,0.0,inf,0.8789808917197452,0.0,0.12101910828025478,0.8789808917197452,5
heavy/base/comb_prod_d44,heavy,base,comb_prod,44.0,8,785,0.0,inf,0.8789808917197452,0.0,0.12101910828025478,0.8789808917197452,5
heavy/base/normalized_half_comb_d40,heavy,base,normalized_half_comb,40.0,8,785,0.0012738853503184713,0.3571946322917938,0.8789808917197452,0.0,0.1197452229299363,0.8789808917197452,5
heavy/base/normalized_half_comb_d44,heavy,base,normalized_half_comb,44.0,8,785,0.0012738853503184713,0.35886555910110474,0.8789808917197452,0.0,0.1197452229299363,0.8789808917197452,5
heavy/base/fitted_moment_d40,heavy,base,fitted_moment,40.0,9,788,0.9555837563451777,0.09478014707565308,0.044416243654822336,0.0,0.0,0.4885786802030457,5
heavy/base/fitted_moment_d80,heavy,base,fitted_moment,80.0,9,788,0.9555837563451777,0.09476344287395477,0.044416243654822336,0.0,0.0,0.4885786802030457,5
heavy/base/fitted_moment_d84,heavy,base,fitted_moment,84.0,9,788,0.9555837563451777,0.09476327151060104,0.044416243654822336,0.0,0.0,0.4885786802030457,5
heavy/base/fitted_moment_d160,heavy,base,fitted_moment,160.0,9,788,0.9555837563451777,0.09476374089717865,0.044416243654822336,0.0,0.0,0.4885786802030457,5
heavy/base/comb_prod_d40,heavy,base,comb_prod,40.0,9,788,0.8769035532994924,0.3485468924045563,0.050761421319796954,0.0,0.07233502538071065,0.4885786802030457,5
heavy/base/comb_prod_d44,heavy,base,comb_prod,44.0,9,788,0.8769035532994924,0.3487097918987274,0.050761421319796954,0.0,0.07233502538071065,0.4885786802030457,5
heavy/base/normalized_half_comb_d40,heavy,base,normalized_half_comb,40.0,9,788,0.9479695431472082,0.09391038864850998,0.046954314720812185,0.0,0.005076142131979695,0.4885786802030457,5
heavy/base/normalized_half_comb_d44,heavy,base,normalized_half_comb,44.0,9,788,0.9479695431472082,0.09130621701478958,0.046954314720812185,0.0,0.005076142131979695,0.4885786802030457,5
heavy/erf/fitted_moment_d40,heavy,erf,fitted_moment,40.0,0,788,0.9010152284263959,0.24052760004997253,0.005076142131979695,0.02918781725888325,0.06472081218274112,0.005076142131979695,5
heavy/erf/fitted_moment_d80,heavy,erf,fitted_moment,80.0,0,788,0.8883248730964467,0.3349146842956543,0.005076142131979695,0.04187817258883249,0.06472081218274112,0.005076142131979695,5
heavy/erf/fitted_moment_d84,heavy,erf,fitted_moment,84.0,0,788,0.8883248730964467,0.33946672081947327,0.005076142131979695,0.04187817258883249,0.06472081218274112,0.005076142131979695,5
heavy/erf/fitted_moment_d160,heavy,erf,fitted_moment,160.0,0,788,0.9137055837563451,0.30740517377853394,0.005076142131979695,0.01649746192893401,0.06472081218274112,0.005076142131979695,5
heavy/erf/comb_prod_d40,heavy,erf,comb_prod,40.0,0,788,0.0,inf,0.005076142131979695,0.0,0.9949238578680203,0.005076142131979695,5
heavy/erf/comb_prod_d44,heavy,erf,comb_prod,44.0,0,788,0.0,inf,0.005076142131979695,0.0,0.9949238578680203,0.005076142131979695,5
heavy/erf/normalized_half_comb_d40,heavy,erf,normalized_half_comb,40.0,0,788,0.0,inf,0.005076142131979695,0.0,0.9949238578680203,0.005076142131979695,5
heavy/erf/normalized_half_comb_d44,heavy,erf,normalized_half_comb,44.0,0,788,0.0,inf,0.005076142131979695,0.0,0.9949238578680203,0.005076142131979695,5
heavy/erf/fitted_moment_d40,heavy,erf,fitted_moment,40.0,1,783,0.789272030651341,0.4201768636703491,0.002554278416347382,0.07407407407407407,0.13409961685823754,0.002554278416347382,5
heavy/erf/fitted_moment_d80,heavy,erf,fitted_moment,80.0,1,783,0.6934865900383141,0.21372756361961365,0.002554278416347382,0.1698595146871009,0.13409961685823754,0.002554278416347382,5
heavy/erf/fitted_moment_d84,heavy,erf,fitted_moment,84.0,1,783,0.6947637292464879,0.217707097530365,0.002554278416347382,0.1685823754789272,0.13409961685823754,0.002554278416347382,5
heavy/erf/fitted_moment_d160,heavy,erf,fitted_moment,160.0,1,783,0.789272030651341,0.14125807583332062,0.002554278416347382,0.07407407407407407,0.13409961685823754,0.002554278416347382,5
heavy/erf/comb_prod_d40,heavy,erf,comb_prod,40.0,1,783,0.0,inf,0.002554278416347382,0.0,0.9974457215836526,0.002554278416347382,5
heavy/erf/comb_prod_d44,heavy,erf,comb_prod,44.0,1,783,0.0,inf,0.002554278416347382,0.0,0.9974457215836526,0.002554278416347382,5
heavy/erf/normalized_half_comb_d40,heavy,erf,normalized_half_comb,40.0,1,783,0.0,inf,0.002554278416347382,0.0,0.9974457215836526,0.002554278416347382,5
heavy/erf/normalized_half_comb_d44,heavy,erf,normalized_half_comb,44.0,1,783,0.0,inf,0.002554278416347382,0.0,0.9974457215836526,0.002554278416347382,5
heavy/erf/fitted_moment_d40,heavy,erf,fitted_moment,40.0,2,786,0.03435114503816794,0.5169246196746826,0.006361323155216285,0.7455470737913485,0.21374045801526717,0.006361323155216285,5
heavy/erf/fitted_moment_d80,heavy,erf,fitted_moment,80.0,2,786,0.47837150127226463,0.3553104102611542,0.006361323155216285,0.3015267175572519,0.21374045801526717,0.006361323155216285,5
heavy/erf/fitted_moment_d84,heavy,erf,fitted_moment,84.0,2,786,0.5063613231552163,0.5320975184440613,0.006361323155216285,0.27353689567430023,0.21374045801526717,0.006361323155216285,5
heavy/erf/fitted_moment_d160,heavy,erf,fitted_moment,160.0,2,786,0.7620865139949109,0.2085966318845749,0.006361323155216285,0.017811704834605598,0.21374045801526717,0.006361323155216285,5
heavy/erf/comb_prod_d40,heavy,erf,comb_prod,40.0,2,786,0.0,inf,0.006361323155216285,0.0,0.9936386768447837,0.006361323155216285,5
heavy/erf/comb_prod_d44,heavy,erf,comb_prod,44.0,2,786,0.0,inf,0.006361323155216285,0.0,0.9936386768447837,0.006361323155216285,5
heavy/erf/normalized_half_comb_d40,heavy,erf,normalized_half_comb,40.0,2,786,0.0,inf,0.006361323155216285,0.0,0.9936386768447837,0.006361323155216285,5
heavy/erf/normalized_half_comb_d44,heavy,erf,normalized_half_comb,44.0,2,786,0.0,inf,0.006361323155216285,0.0,0.9936386768447837,0.006361323155216285,5
heavy/erf/fitted_moment_d40,heavy,erf,fitted_moment,40.0,3,788,0.817258883248731,0.24127960205078125,0.0025380710659898475,0.0799492385786802,0.10025380710659898,0.0025380710659898475,5
heavy/erf/fitted_moment_d80,heavy,erf,fitted_moment,80.0,3,788,0.7817258883248731,0.39460524916648865,0.0025380710659898475,0.11548223350253807,0.10025380710659898,0.0025380710659898475,5
heavy/erf/fitted_moment_d84,heavy,erf,fitted_moment,84.0,3,788,0.799492385786802,0.3714064955711365,0.0025380710659898475,0.09771573604060914,0.10025380710659898,0.0025380710659898475,5
heavy/erf/fitted_moment_d160,heavy,erf,fitted_moment,160.0,3,788,0.8489847715736041,0.31455516815185547,0.0025380710659898475,0.048223350253807105,0.10025380710659898,0.0025380710659898475,5
heavy/erf/comb_prod_d40,heavy,erf,comb_prod,40.0,3,788,0.0,inf,0.0025380710659898475,0.0,0.9974619289340102,0.0025380710659898475,5
heavy/erf/comb_prod_d44,heavy,erf,comb_prod,44.0,3,788,0.0,inf,0.0025380710659898475,0.0,0.9974619289340102,0.0025380710659898475,5
heavy/erf/normalized_half_comb_d40,heavy,erf,normalized_half_comb,40.0,3,788,0.0,inf,0.0025380710659898475,0.0,0.9974619289340102,0.0025380710659898475,5
heavy/erf/normalized_half_comb_d44,heavy,erf,normalized_half_comb,44.0,3,788,0.0,inf,0.0025380710659898475,0.0,0.9974619289340102,0.0025380710659898475,5
heavy/erf/fitted_moment_d40,heavy,erf,fitted_moment,40.0,4,790,0.007594936708860759,17.137372970581055,0.0,0.0037974683544303796,0.9886075949367089,0.0,5
heavy/erf/fitted_moment_d80,heavy,erf,fitted_moment,80.0,4,790,0.010126582278481013,838.1303100585938,0.0,0.0012658227848101266,0.9886075949367089,0.0,5
heavy/erf/fitted_moment_d84,heavy,erf,fitted_moment,84.0,4,790,0.010126582278481013,840.0914916992188,0.0,0.0012658227848101266,0.9886075949367089,0.0,5
heavy/erf/fitted_moment_d160,heavy,erf,fitted_moment,160.0,4,790,0.010126582278481013,692.9973754882812,0.0,0.0012658227848101266,0.9886075949367089,0.0,5
heavy/erf/comb_prod_d40,heavy,erf,comb_prod,40.0,4,790,0.0,inf,0.0,0.0,1.0,0.0,5
heavy/erf/comb_prod_d44,heavy,erf,comb_prod,44.0,4,790,0.0,inf,0.0,0.0,1.0,0.0,5
heavy/erf/normalized_half_comb_d40,heavy,erf,normalized_half_comb,40.0,4,790,0.0,inf,0.0,0.0,1.0,0.0,5
heavy/erf/normalized_half_comb_d44,heavy,erf,normalized_half_comb,44.0,4,790,0.0,inf,0.0,0.0,1.0,0.0,5
heavy/erf/fitted_moment_d40,heavy,erf,fitted_moment,40.0,5,784,0.9068877551020408,0.5330101847648621,0.00510204081632653,0.03443877551020408,0.05357142857142857,0.00510204081632653,5
heavy/erf/fitted_moment_d80,heavy,erf,fitted_moment,80.0,5,784,0.9005102040816326,0.09306710958480835,0.00510204081632653,0.04081632653061224,0.05357142857142857,0.00510204081632653,5
heavy/erf/fitted_moment_d84,heavy,erf,fitted_moment,84.0,5,784,0.9017857142857143,0.5063324570655823,0.00510204081632653,0.039540816326530615,0.05357142857142857,0.00510204081632653,5
heavy/erf/fitted_moment_d160,heavy,erf,fitted_moment,160.0,5,784,0.9209183673469388,0.08702113479375839,0.00510204081632653,0.02040816326530612,0.05357142857142857,0.00510204081632653,5
heavy/erf/comb_prod_d40,heavy,erf,comb_prod,40.0,5,784,0.0,inf,0.00510204081632653,0.0,0.9948979591836735,0.00510204081632653,5
heavy/erf/comb_prod_d44,heavy,erf,comb_prod,44.0,5,784,0.0,inf,0.00510204081632653,0.0,0.9948979591836735,0.00510204081632653,5
heavy/erf/normalized_half_comb_d40,heavy,erf,normalized_half_comb,40.0,5,784,0.0,inf,0.00510204081632653,0.0,0.9948979591836735,0.00510204081632653,5
heavy/erf/normalized_half_comb_d44,heavy,erf,normalized_half_comb,44.0,5,784,0.0,inf,0.00510204081632653,0.0,0.9948979591836735,0.00510204081632653,5
heavy/erf/fitted_moment_d40,heavy,erf,fitted_moment,40.0,6,785,0.8955414012738854,0.4447003901004791,0.006369426751592357,0.030573248407643312,0.06751592356687898,0.006369426751592357,5
heavy/erf/fitted_moment_d80,heavy,erf,fitted_moment,80.0,6,785,0.8968152866242038,0.16691501438617706,0.006369426751592357,0.02929936305732484,0.06751592356687898,0.006369426751592357,5
heavy/erf/fitted_moment_d84,heavy,erf,fitted_moment,84.0,6,785,0.8968152866242038,0.10597412288188934,0.006369426751592357,0.02929936305732484,0.06751592356687898,0.006369426751592357,5
heavy/erf/fitted_moment_d160,heavy,erf,fitted_moment,160.0,6,785,0.9095541401273886,0.29261118173599243,0.006369426751592357,0.016560509554140127,0.06751592356687898,0.006369426751592357,5
heavy/erf/comb_prod_d40,heavy,erf,comb_prod,40.0,6,785,0.0,inf,0.006369426751592357,0.0,0.9936305732484076,0.006369426751592357,5
heavy/erf/comb_prod_d44,heavy,erf,comb_prod,44.0,6,785,0.0,inf,0.006369426751592357,0.0,0.9936305732484076,0.006369426751592357,5
heavy/erf/normalized_half_comb_d40,heavy,erf,normalized_half_comb,40.0,6,785,0.0,inf,0.006369426751592357,0.0,0.9936305732484076,0.006369426751592357,5
heavy/erf/normalized_half_comb_d44,heavy,erf,normalized_half_comb,44.0,6,785,0.0,inf,0.006369426751592357,0.0,0.9936305732484076,0.006369426751592357,5
heavy/erf/fitted_moment_d40,heavy,erf,fitted_moment,40.0,7,794,0.8954659949622166,0.16237467527389526,0.0,0.0327455919395466,0.07178841309823678,0.0,5
heavy/erf/fitted_moment_d80,heavy,erf,fitted_moment,80.0,7,794,0.9017632241813602,0.22583746910095215,0.0,0.02644836272040302,0.07178841309823678,0.0,5
heavy/erf/fitted_moment_d84,heavy,erf,fitted_moment,84.0,7,794,0.8992443324937027,0.13429924845695496,0.0,0.028967254408060455,0.07178841309823678,0.0,5
heavy/erf/fitted_moment_d160,heavy,erf,fitted_moment,160.0,7,794,0.9093198992443325,0.12347476184368134,0.0,0.018891687657430732,0.07178841309823678,0.0,5
heavy/erf/comb_prod_d40,heavy,erf,comb_prod,40.0,7,794,0.0,inf,0.0,0.0,1.0,0.0,5
heavy/erf/comb_prod_d44,heavy,erf,comb_prod,44.0,7,794,0.0,inf,0.0,0.0,1.0,0.0,5
heavy/erf/normalized_half_comb_d40,heavy,erf,normalized_half_comb,40.0,7,794,0.0,inf,0.0,0.0,1.0,0.0,5
heavy/erf/normalized_half_comb_d44,heavy,erf,normalized_half_comb,44.0,7,794,0.0,inf,0.0,0.0,1.0,0.0,5
heavy/erf/fitted_moment_d40,heavy,erf,fitted_moment,40.0,8,785,0.035668789808917196,0.5779412984848022,0.007643312101910828,0.6675159235668789,0.289171974522293,0.007643312101910828,5
heavy/erf/fitted_moment_d80,heavy,erf,fitted_moment,80.0,8,785,0.4802547770700637,0.19265811145305634,0.007643312101910828,0.2229299363057325,0.289171974522293,0.007643312101910828,5
heavy/erf/fitted_moment_d84,heavy,erf,fitted_moment,84.0,8,785,0.47006369426751593,0.20084735751152039,0.007643312101910828,0.23312101910828026,0.289171974522293,0.007643312101910828,5
heavy/erf/fitted_moment_d160,heavy,erf,fitted_moment,160.0,8,785,0.6828025477707006,0.16184836626052856,0.007643312101910828,0.02038216560509554,0.289171974522293,0.007643312101910828,5
heavy/erf/comb_prod_d40,heavy,erf,comb_prod,40.0,8,785,0.0,inf,0.007643312101910828,0.0,0.9923566878980892,0.007643312101910828,5
heavy/erf/comb_prod_d44,heavy,erf,comb_prod,44.0,8,785,0.0,inf,0.007643312101910828,0.0,0.9923566878980892,0.007643312101910828,5
heavy/erf/normalized_half_comb_d40,heavy,erf,normalized_half_comb,40.0,8,785,0.0,inf,0.007643312101910828,0.0,0.9923566878980892,0.007643312101910828,5
heavy/erf/normalized_half_comb_d44,heavy,erf,normalized_half_comb,44.0,8,785,0.0,inf,0.007643312101910828,0.0,0.9923566878980892,0.007643312101910828,5
heavy/erf/fitted_moment_d40,heavy,erf,fitted_moment,40.0,9,788,0.950507614213198,0.351047158241272,0.005076142131979695,0.021573604060913704,0.02284263959390863,0.005076142131979695,5
heavy/erf/fitted_moment_d80,heavy,erf,fitted_moment,80.0,9,788,0.949238578680203,0.5270456075668335,0.005076142131979695,0.02284263959390863,0.02284263959390863,0.005076142131979695,5
heavy/erf/fitted_moment_d84,heavy,erf,fitted_moment,84.0,9,788,0.950507614213198,0.1813051551580429,0.005076142131979695,0.021573604060913704,0.02284263959390863,0.005076142131979695,5
heavy/erf/fitted_moment_d160,heavy,erf,fitted_moment,160.0,9,788,0.9644670050761421,0.6098620295524597,0.005076142131979695,0.007614213197969543,0.02284263959390863,0.005076142131979695,5
heavy/erf/comb_prod_d40,heavy,erf,comb_prod,40.0,9,788,0.0,inf,0.005076142131979695,0.0,0.9949238578680203,0.005076142131979695,5
heavy/erf/comb_prod_d44,heavy,erf,comb_prod,44.0,9,788,0.0,inf,0.005076142131979695,0.0,0.9949238578680203,0.005076142131979695,5
heavy/erf/normalized_half_comb_d40,heavy,erf,normalized_half_comb,40.0,9,788,0.0,inf,0.005076142131979695,0.0,0.9949238578680203,0.005076142131979695,5
heavy/erf/normalized_half_comb_d44,heavy,erf,normalized_half_comb,44.0,9,788,0.0,inf,0.005076142131979695,0.0,0.9949238578680203,0.005076142131979695,5
heavy/occ_a0.05/fitted_moment_d40,heavy,occ_a0.05,fitted_moment,40.0,0,788,0.4302030456852792,0.04282350465655327,0.013959390862944163,0.4949238578680203,0.06091370558375635,0.013959390862944163,5
heavy/occ_a0.05/fitted_moment_d80,heavy,occ_a0.05,fitted_moment,80.0,0,788,0.47081218274111675,0.00600480567663908,0.013959390862944163,0.4543147208121827,0.06091370558375635,0.013959390862944163,5
heavy/occ_a0.05/fitted_moment_d84,heavy,occ_a0.05,fitted_moment,84.0,0,788,0.47081218274111675,0.006026208400726318,0.013959390862944163,0.4543147208121827,0.06091370558375635,0.013959390862944163,5
heavy/occ_a0.05/fitted_moment_d160,heavy,occ_a0.05,fitted_moment,160.0,0,788,0.9289340101522843,0.02578018046915531,0.01015228426395939,0.0,0.06091370558375635,0.013959390862944163,5
heavy/occ_a0.05/comb_prod_d40,heavy,occ_a0.05,comb_prod,40.0,0,788,0.0,inf,0.013959390862944163,0.0,0.9860406091370558,0.013959390862944163,5
heavy/occ_a0.05/comb_prod_d44,heavy,occ_a0.05,comb_prod,44.0,0,788,0.0,inf,0.013959390862944163,0.0,0.9860406091370558,0.013959390862944163,5
heavy/occ_a0.05/normalized_half_comb_d40,heavy,occ_a0.05,normalized_half_comb,40.0,0,788,0.0,inf,0.013959390862944163,0.0,0.9860406091370558,0.013959390862944163,5
heavy/occ_a0.05/normalized_half_comb_d44,heavy,occ_a0.05,normalized_half_comb,44.0,0,788,0.0,inf,0.013959390862944163,0.0,0.9860406091370558,0.013959390862944163,5
heavy/occ_a0.05/fitted_moment_d40,heavy,occ_a0.05,fitted_moment,40.0,1,783,0.8697318007662835,0.02451111003756523,0.005108556832694764,0.06768837803320563,0.05747126436781609,0.006385696040868455,5
heavy/occ_a0.05/fitted_moment_d80,heavy,occ_a0.05,fitted_moment,80.0,1,783,0.9169859514687101,0.0047783930785954,0.006385696040868455,0.019157088122605363,0.05747126436781609,0.006385696040868455,5
heavy/occ_a0.05/fitted_moment_d84,heavy,occ_a0.05,fitted_moment,84.0,1,783,0.9157088122605364,0.004728575702756643,0.006385696040868455,0.020434227330779056,0.05747126436781609,0.006385696040868455,5
heavy/occ_a0.05/fitted_moment_d160,heavy,occ_a0.05,fitted_moment,160.0,1,783,0.9386973180076629,0.029268423095345497,0.001277139208173691,0.002554278416347382,0.05747126436781609,0.006385696040868455,5
heavy/occ_a0.05/comb_prod_d40,heavy,occ_a0.05,comb_prod,40.0,1,783,0.0,inf,0.006385696040868455,0.0,0.9936143039591315,0.006385696040868455,5
heavy/occ_a0.05/comb_prod_d44,heavy,occ_a0.05,comb_prod,44.0,1,783,0.0,inf,0.006385696040868455,0.0,0.9936143039591315,0.006385696040868455,5
heavy/occ_a0.05/normalized_half_comb_d40,heavy,occ_a0.05,normalized_half_comb,40.0,1,783,0.0,inf,0.006385696040868455,0.0,0.9936143039591315,0.006385696040868455,5
heavy/occ_a0.05/normalized_half_comb_d44,heavy,occ_a0.05,normalized_half_comb,44.0,1,783,0.0,inf,0.006385696040868455,0.0,0.9936143039591315,0.006385696040868455,5
heavy/occ_a0.05/fitted_moment_d40,heavy,occ_a0.05,fitted_moment,40.0,2,786,0.030534351145038167,0.004853401333093643,0.01272264631043257,0.8880407124681934,0.06870229007633588,0.01272264631043257,5
heavy/occ_a0.05/fitted_moment_d80,heavy,occ_a0.05,fitted_moment,80.0,2,786,0.41348600508905853,0.01691640168428421,0.01272264631043257,0.5050890585241731,0.06870229007633588,0.01272264631043257,5
heavy/occ_a0.05/fitted_moment_d84,heavy,occ_a0.05,fitted_moment,84.0,2,786,0.6577608142493638,0.004422078840434551,0.01272264631043257,0.2608142493638677,0.06870229007633588,0.01272264631043257,5
heavy/occ_a0.05/fitted_moment_d160,heavy,occ_a0.05,fitted_moment,160.0,2,786,0.9185750636132316,0.011022471822798252,0.01272264631043257,0.0,0.06870229007633588,0.01272264631043257,5
heavy/occ_a0.05/comb_prod_d40,heavy,occ_a0.05,comb_prod,40.0,2,786,0.0,inf,0.01272264631043257,0.0,0.9872773536895675,0.01272264631043257,5
heavy/occ_a0.05/comb_prod_d44,heavy,occ_a0.05,comb_prod,44.0,2,786,0.0,inf,0.01272264631043257,0.0,0.9872773536895675,0.01272264631043257,5
heavy/occ_a0.05/normalized_half_comb_d40,heavy,occ_a0.05,normalized_half_comb,40.0,2,786,0.0,inf,0.01272264631043257,0.0,0.9872773536895675,0.01272264631043257,5
heavy/occ_a0.05/normalized_half_comb_d44,heavy,occ_a0.05,normalized_half_comb,44.0,2,786,0.0,inf,0.01272264631043257,0.0,0.9872773536895675,0.01272264631043257,5
heavy/occ_a0.05/fitted_moment_d40,heavy,occ_a0.05,fitted_moment,40.0,3,788,0.008883248730964468,0.0039777872152626514,0.013959390862944163,0.9048223350253807,0.07233502538071065,0.013959390862944163,5
heavy/occ_a0.05/fitted_moment_d80,heavy,occ_a0.05,fitted_moment,80.0,3,788,0.8388324873096447,0.006941208150237799,0.013959390862944163,0.07487309644670051,0.07233502538071065,0.013959390862944163,5
heavy/occ_a0.05/fitted_moment_d84,heavy,occ_a0.05,fitted_moment,84.0,3,788,0.8477157360406091,0.012581092305481434,0.013959390862944163,0.06598984771573604,0.07233502538071065,0.013959390862944163,5
heavy/occ_a0.05/fitted_moment_d160,heavy,occ_a0.05,fitted_moment,160.0,3,788,0.9098984771573604,0.005452805198729038,0.013959390862944163,0.0038071065989847717,0.07233502538071065,0.013959390862944163,5
heavy/occ_a0.05/comb_prod_d40,heavy,occ_a0.05,comb_prod,40.0,3,788,0.0,inf,0.013959390862944163,0.0,0.9860406091370558,0.013959390862944163,5
heavy/occ_a0.05/comb_prod_d44,heavy,occ_a0.05,comb_prod,44.0,3,788,0.0,inf,0.013959390862944163,0.0,0.9860406091370558,0.013959390862944163,5
heavy/occ_a0.05/normalized_half_comb_d40,heavy,occ_a0.05,normalized_half_comb,40.0,3,788,0.0,inf,0.013959390862944163,0.0,0.9860406091370558,0.013959390862944163,5
heavy/occ_a0.05/normalized_half_comb_d44,heavy,occ_a0.05,normalized_half_comb,44.0,3,788,0.0,inf,0.013959390862944163,0.0,0.9860406091370558,0.013959390862944163,5
heavy/occ_a0.05/fitted_moment_d40,heavy,occ_a0.05,fitted_moment,40.0,4,790,0.05189873417721519,0.004030538257211447,0.015189873417721518,0.850632911392405,0.08227848101265822,0.015189873417721518,5
heavy/occ_a0.05/fitted_moment_d80,heavy,occ_a0.05,fitted_moment,80.0,4,790,0.41012658227848103,0.004729780368506908,0.015189873417721518,0.49240506329113926,0.08227848101265822,0.015189873417721518,5
heavy/occ_a0.05/fitted_moment_d84,heavy,occ_a0.05,fitted_moment,84.0,4,790,0.41012658227848103,0.005025387275964022,0.015189873417721518,0.49240506329113926,0.08227848101265822,0.015189873417721518,5
heavy/occ_a0.05/fitted_moment_d160,heavy,occ_a0.05,fitted_moment,160.0,4,790,0.9037974683544304,0.003279338823631406,0.013924050632911392,0.0,0.08227848101265822,0.015189873417721518,5
heavy/occ_a0.05/comb_prod_d40,heavy,occ_a0.05,comb_prod,40.0,4,790,0.0,inf,0.015189873417721518,0.0,0.9848101265822785,0.015189873417721518,5
heavy/occ_a0.05/comb_prod_d44,heavy,occ_a0.05,comb_prod,44.0,4,790,0.0,inf,0.015189873417721518,0.0,0.9848101265822785,0.015189873417721518,5
heavy/occ_a0.05/normalized_half_comb_d40,heavy,occ_a0.05,normalized_half_comb,40.0,4,790,0.0012658227848101266,0.0044357930310070515,0.015189873417721518,0.0,0.9835443037974684,0.015189873417721518,5
heavy/occ_a0.05/normalized_half_comb_d44,heavy,occ_a0.05,normalized_half_comb,44.0,4,790,0.0012658227848101266,0.002159255323931575,0.015189873417721518,0.0,0.9835443037974684,0.015189873417721518,5
heavy/occ_a0.05/fitted_moment_d40,heavy,occ_a0.05,fitted_moment,40.0,5,784,0.8290816326530612,0.028548404574394226,0.01403061224489796,0.1211734693877551,0.03571428571428571,0.01403061224489796,5
heavy/occ_a0.05/fitted_moment_d80,heavy,occ_a0.05,fitted_moment,80.0,5,784,0.9323979591836735,0.0073640430346131325,0.01403061224489796,0.017857142857142856,0.03571428571428571,0.01403061224489796,5
heavy/occ_a0.05/fitted_moment_d84,heavy,occ_a0.05,fitted_moment,84.0,5,784,0.9158163265306123,0.005718784872442484,0.01403061224489796,0.03443877551020408,0.03571428571428571,0.01403061224489796,5
heavy/occ_a0.05/fitted_moment_d160,heavy,occ_a0.05,fitted_moment,160.0,5,784,0.9464285714285714,0.002096139593049884,0.01403061224489796,0.003826530612244898,0.03571428571428571,0.01403061224489796,5
heavy/occ_a0.05/comb_prod_d40,heavy,occ_a0.05,comb_prod,40.0,5,784,0.0,inf,0.01403061224489796,0.0,0.985969387755102,0.01403061224489796,5
heavy/occ_a0.05/comb_prod_d44,heavy,occ_a0.05,comb_prod,44.0,5,784,0.0,inf,0.01403061224489796,0.0,0.985969387755102,0.01403061224489796,5
heavy/occ_a0.05/normalized_half_comb_d40,heavy,occ_a0.05,normalized_half_comb,40.0,5,784,0.0,inf,0.01403061224489796,0.0,0.985969387755102,0.01403061224489796,5
heavy/occ_a0.05/normalized_half_comb_d44,heavy,occ_a0.05,normalized_half_comb,44.0,5,784,0.0,inf,0.01403061224489796,0.0,0.985969387755102,0.01403061224489796,5
heavy/occ_a0.05/fitted_moment_d40,heavy,occ_a0.05,fitted_moment,40.0,6,785,0.9363057324840764,0.007515380159020424,0.005095541401273885,0.02038216560509554,0.03821656050955414,0.005095541401273885,5
heavy/occ_a0.05/fitted_moment_d80,heavy,occ_a0.05,fitted_moment,80.0,6,785,0.9286624203821656,0.02777092158794403,0.005095541401273885,0.02802547770700637,0.03821656050955414,0.005095541401273885,5
heavy/occ_a0.05/fitted_moment_d84,heavy,occ_a0.05,fitted_moment,84.0,6,785,0.9312101910828026,0.00810887012630701,0.005095541401273885,0.025477707006369428,0.03821656050955414,0.005095541401273885,5
heavy/occ_a0.05/fitted_moment_d160,heavy,occ_a0.05,fitted_moment,160.0,6,785,0.9528662420382166,0.002465121215209365,0.005095541401273885,0.003821656050955414,0.03821656050955414,0.005095541401273885,5
heavy/occ_a0.05/comb_prod_d40,heavy,occ_a0.05,comb_prod,40.0,6,785,0.0,inf,0.005095541401273885,0.0,0.9949044585987261,0.005095541401273885,5
heavy/occ_a0.05/comb_prod_d44,heavy,occ_a0.05,comb_prod,44.0,6,785,0.0,inf,0.005095541401273885,0.0,0.9949044585987261,0.005095541401273885,5
heavy/occ_a0.05/normalized_half_comb_d40,heavy,occ_a0.05,normalized_half_comb,40.0,6,785,0.0012738853503184713,0.003827690379694104,0.005095541401273885,0.0,0.9936305732484076,0.005095541401273885,5
heavy/occ_a0.05/normalized_half_comb_d44,heavy,occ_a0.05,normalized_half_comb,44.0,6,785,0.0012738853503184713,0.001557299867272377,0.005095541401273885,0.0,0.9936305732484076,0.005095541401273885,5
heavy/occ_a0.05/fitted_moment_d40,heavy,occ_a0.05,fitted_moment,40.0,7,794,0.44080604534005036,0.044251807034015656,0.005037783375314861,0.49748110831234255,0.05667506297229219,0.005037783375314861,5
heavy/occ_a0.05/fitted_moment_d80,heavy,occ_a0.05,fitted_moment,80.0,7,794,0.7632241813602015,0.012740504927933216,0.005037783375314861,0.17506297229219145,0.05667506297229219,0.005037783375314861,5
heavy/occ_a0.05/fitted_moment_d84,heavy,occ_a0.05,fitted_moment,84.0,7,794,0.792191435768262,0.0127329770475626,0.005037783375314861,0.14609571788413098,0.05667506297229219,0.005037783375314861,5
heavy/occ_a0.05/fitted_moment_d160,heavy,occ_a0.05,fitted_moment,160.0,7,794,0.9382871536523929,0.005170516669750214,0.005037783375314861,0.0,0.05667506297229219,0.005037783375314861,5
heavy/occ_a0.05/comb_prod_d40,heavy,occ_a0.05,comb_prod,40.0,7,794,0.0,inf,0.005037783375314861,0.0,0.9949622166246851,0.005037783375314861,5
heavy/occ_a0.05/comb_prod_d44,heavy,occ_a0.05,comb_prod,44.0,7,794,0.0,inf,0.005037783375314861,0.0,0.9949622166246851,0.005037783375314861,5
heavy/occ_a0.05/normalized_half_comb_d40,heavy,occ_a0.05,normalized_half_comb,40.0,7,794,0.0,inf,0.005037783375314861,0.0,0.9949622166246851,0.005037783375314861,5
heavy/occ_a0.05/normalized_half_comb_d44,heavy,occ_a0.05,normalized_half_comb,44.0,7,794,0.0,inf,0.005037783375314861,0.0,0.9949622166246851,0.005037783375314861,5
heavy/occ_a0.05/fitted_moment_d40,heavy,occ_a0.05,fitted_moment,40.0,8,785,0.3910828025477707,0.005812474526464939,0.014012738853503185,0.07643312101910828,0.5184713375796178,0.014012738853503185,5
heavy/occ_a0.05/fitted_moment_d80,heavy,occ_a0.05,fitted_moment,80.0,8,785,0.32101910828025476,0.02427752874791622,0.014012738853503185,0.1464968152866242,0.5184713375796178,0.014012738853503185,5
heavy/occ_a0.05/fitted_moment_d84,heavy,occ_a0.05,fitted_moment,84.0,8,785,0.2917197452229299,0.02455172687768936,0.014012738853503185,0.17579617834394903,0.5184713375796178,0.014012738853503185,5
heavy/occ_a0.05/fitted_moment_d160,heavy,occ_a0.05,fitted_moment,160.0,8,785,0.45987261146496816,0.007007640320807695,0.014012738853503185,0.007643312101910828,0.5184713375796178,0.014012738853503185,5
heavy/occ_a0.05/comb_prod_d40,heavy,occ_a0.05,comb_prod,40.0,8,785,0.0,inf,0.014012738853503185,0.0,0.9859872611464968,0.014012738853503185,5
heavy/occ_a0.05/comb_prod_d44,heavy,occ_a0.05,comb_prod,44.0,8,785,0.0,inf,0.014012738853503185,0.0,0.9859872611464968,0.014012738853503185,5
heavy/occ_a0.05/normalized_half_comb_d40,heavy,occ_a0.05,normalized_half_comb,40.0,8,785,0.0,inf,0.014012738853503185,0.0,0.9859872611464968,0.014012738853503185,5
heavy/occ_a0.05/normalized_half_comb_d44,heavy,occ_a0.05,normalized_half_comb,44.0,8,785,0.0,inf,0.014012738853503185,0.0,0.9859872611464968,0.014012738853503185,5
heavy/occ_a0.05/fitted_moment_d40,heavy,occ_a0.05,fitted_moment,40.0,9,788,0.9581218274111675,0.0028039980679750443,0.006345177664974619,0.013959390862944163,0.021573604060913704,0.006345177664974619,5
heavy/occ_a0.05/fitted_moment_d80,heavy,occ_a0.05,fitted_moment,80.0,9,788,0.9695431472081218,0.0013361622113734484,0.006345177664974619,0.0025380710659898475,0.021573604060913704,0.006345177664974619,5
heavy/occ_a0.05/fitted_moment_d84,heavy,occ_a0.05,fitted_moment,84.0,9,788,0.9695431472081218,0.0013200687244534492,0.005076142131979695,0.0038071065989847717,0.021573604060913704,0.006345177664974619,5
heavy/occ_a0.05/fitted_moment_d160,heavy,occ_a0.05,fitted_moment,160.0,9,788,0.9682741116751269,0.0015529160154983401,0.005076142131979695,0.005076142131979695,0.021573604060913704,0.006345177664974619,5
heavy/occ_a0.05/comb_prod_d40,heavy,occ_a0.05,comb_prod,40.0,9,788,0.0,inf,0.006345177664974619,0.0,0.9936548223350253,0.006345177664974619,5
heavy/occ_a0.05/comb_prod_d44,heavy,occ_a0.05,comb_prod,44.0,9,788,0.0,inf,0.006345177664974619,0.0,0.9936548223350253,0.006345177664974619,5
heavy/occ_a0.05/normalized_half_comb_d40,heavy,occ_a0.05,normalized_half_comb,40.0,9,788,0.0,inf,0.006345177664974619,0.0,0.9936548223350253,0.006345177664974619,5
heavy/occ_a0.05/normalized_half_comb_d44,heavy,occ_a0.05,normalized_half_comb,44.0,9,788,0.0,inf,0.006345177664974619,0.0,0.9936548223350253,0.006345177664974619,5
heavy/occ_a0.10/fitted_moment_d40,heavy,occ_a0.10,fitted_moment,40.0,0,788,0.4733502538071066,0.0015185907250270247,0.013959390862944163,0.04060913705583756,0.4720812182741117,0.013959390862944163,5
heavy/occ_a0.10/fitted_moment_d80,heavy,occ_a0.10,fitted_moment,80.0,0,788,0.4302030456852792,0.024702873080968857,0.013959390862944163,0.08375634517766498,0.4720812182741117,0.013959390862944163,5
heavy/occ_a0.10/fitted_moment_d84,heavy,occ_a0.10,fitted_moment,84.0,0,788,0.4289340101522843,0.024768289178609848,0.013959390862944163,0.0850253807106599,0.4720812182741117,0.013959390862944163,5
heavy/occ_a0.10/fitted_moment_d160,heavy,occ_a0.10,fitted_moment,160.0,0,788,0.46954314720812185,0.003840054152533412,0.013959390862944163,0.044416243654822336,0.4720812182741117,0.013959390862944163,5
heavy/occ_a0.10/comb_prod_d40,heavy,occ_a0.10,comb_prod,40.0,0,788,0.0,inf,0.013959390862944163,0.03426395939086294,0.9517766497461929,0.013959390862944163,5
heavy/occ_a0.10/comb_prod_d44,heavy,occ_a0.10,comb_prod,44.0,0,788,0.03426395939086294,0.002612240146845579,0.013959390862944163,0.0,0.9517766497461929,0.013959390862944163,5
heavy/occ_a0.10/normalized_half_comb_d40,heavy,occ_a0.10,normalized_half_comb,40.0,0,788,0.0,inf,0.013959390862944163,0.0,0.9860406091370558,0.013959390862944163,5
heavy/occ_a0.10/normalized_half_comb_d44,heavy,occ_a0.10,normalized_half_comb,44.0,0,788,0.0,inf,0.013959390862944163,0.0,0.9860406091370558,0.013959390862944163,5
heavy/occ_a0.10/fitted_moment_d40,heavy,occ_a0.10,fitted_moment,40.0,1,783,0.48020434227330777,0.002499763388186693,0.006385696040868455,0.4521072796934866,0.06130268199233716,0.006385696040868455,5
heavy/occ_a0.10/fitted_moment_d80,heavy,occ_a0.10,fitted_moment,80.0,1,783,0.9157088122605364,0.00257410597987473,0.006385696040868455,0.016602809706257982,0.06130268199233716,0.006385696040868455,5
heavy/occ_a0.10/fitted_moment_d84,heavy,occ_a0.10,fitted_moment,84.0,1,783,0.9016602809706258,0.0025821297895163298,0.006385696040868455,0.03065134099616858,0.06130268199233716,0.006385696040868455,5
heavy/occ_a0.10/fitted_moment_d160,heavy,occ_a0.10,fitted_moment,160.0,1,783,0.9259259259259259,0.0030700613278895617,0.006385696040868455,0.006385696040868455,0.06130268199233716,0.006385696040868455,5
heavy/occ_a0.10/comb_prod_d40,heavy,occ_a0.10,comb_prod,40.0,1,783,0.0,inf,0.006385696040868455,0.0,0.9936143039591315,0.006385696040868455,5
heavy/occ_a0.10/comb_prod_d44,heavy,occ_a0.10,comb_prod,44.0,1,783,0.0,inf,0.006385696040868455,0.0,0.9936143039591315,0.006385696040868455,5
heavy/occ_a0.10/normalized_half_comb_d40,heavy,occ_a0.10,normalized_half_comb,40.0,1,783,0.0,inf,0.006385696040868455,0.0,0.9936143039591315,0.006385696040868455,5
heavy/occ_a0.10/normalized_half_comb_d44,heavy,occ_a0.10,normalized_half_comb,44.0,1,783,0.0,inf,0.006385696040868455,0.0,0.9936143039591315,0.006385696040868455,5
heavy/occ_a0.10/fitted_moment_d40,heavy,occ_a0.10,fitted_moment,40.0,2,786,0.07888040712468193,0.0021306313574314117,0.01272264631043257,0.8040712468193384,0.10432569974554708,0.01272264631043257,5
heavy/occ_a0.10/fitted_moment_d80,heavy,occ_a0.10,fitted_moment,80.0,2,786,0.002544529262086514,0.05479458346962929,0.01272264631043257,0.8804071246819338,0.10432569974554708,0.01272264631043257,5
heavy/occ_a0.10/fitted_moment_d84,heavy,occ_a0.10,fitted_moment,84.0,2,786,0.001272264631043257,0.036263637244701385,0.01272264631043257,0.8816793893129771,0.10432569974554708,0.01272264631043257,5
heavy/occ_a0.10/fitted_moment_d160,heavy,occ_a0.10,fitted_moment,160.0,2,786,0.8486005089058524,0.009906408376991749,0.01272264631043257,0.03435114503816794,0.10432569974554708,0.01272264631043257,5
heavy/occ_a0.10/comb_prod_d40,heavy,occ_a0.10,comb_prod,40.0,2,786,0.0,inf,0.01272264631043257,0.002544529262086514,0.9847328244274809,0.01272264631043257,5
heavy/occ_a0.10/comb_prod_d44,heavy,occ_a0.10,comb_prod,44.0,2,786,0.002544529262086514,0.0031508589163422585,0.01272264631043257,0.0,0.9847328244274809,0.01272264631043257,5
heavy/occ_a0.10/normalized_half_comb_d40,heavy,occ_a0.10,normalized_half_comb,40.0,2,786,0.0,inf,0.01272264631043257,0.0,0.9872773536895675,0.01272264631043257,5
heavy/occ_a0.10/normalized_half_comb_d44,heavy,occ_a0.10,normalized_half_comb,44.0,2,786,0.0,inf,0.01272264631043257,0.0,0.9872773536895675,0.01272264631043257,5
heavy/occ_a0.10/fitted_moment_d40,heavy,occ_a0.10,fitted_moment,40.0,3,788,0.08629441624365482,0.001653908984735608,0.013959390862944163,0.799492385786802,0.10025380710659898,0.013959390862944163,5
heavy/occ_a0.10/fitted_moment_d80,heavy,occ_a0.10,fitted_moment,80.0,3,788,0.03680203045685279,0.00269850785844028,0.013959390862944163,0.8489847715736041,0.10025380710659898,0.013959390862944163,5
heavy/occ_a0.10/fitted_moment_d84,heavy,occ_a0.10,fitted_moment,84.0,3,788,0.050761421319796954,0.0029749274253845215,0.013959390862944163,0.8350253807106599,0.10025380710659898,0.013959390862944163,5
heavy/occ_a0.10/fitted_moment_d160,heavy,occ_a0.10,fitted_moment,160.0,3,788,0.8845177664974619,0.0020654690451920033,0.013959390862944163,0.0012690355329949238,0.10025380710659898,0.013959390862944163,5
heavy/occ_a0.10/comb_prod_d40,heavy,occ_a0.10,comb_prod,40.0,3,788,0.0,inf,0.013959390862944163,0.0,0.9860406091370558,0.013959390862944163,5
heavy/occ_a0.10/comb_prod_d44,heavy,occ_a0.10,comb_prod,44.0,3,788,0.0,inf,0.013959390862944163,0.0,0.9860406091370558,0.013959390862944163,5
heavy/occ_a0.10/normalized_half_comb_d40,heavy,occ_a0.10,normalized_half_comb,40.0,3,788,0.0,inf,0.013959390862944163,0.0,0.9860406091370558,0.013959390862944163,5
heavy/occ_a0.10/normalized_half_comb_d44,heavy,occ_a0.10,normalized_half_comb,44.0,3,788,0.0,inf,0.013959390862944163,0.0,0.9860406091370558,0.013959390862944163,5
heavy/occ_a0.10/fitted_moment_d40,heavy,occ_a0.10,fitted_moment,40.0,4,790,0.056962025316455694,0.0020137059036642313,0.015189873417721518,0.4240506329113924,0.5037974683544304,0.015189873417721518,5
heavy/occ_a0.10/fitted_moment_d80,heavy,occ_a0.10,fitted_moment,80.0,4,790,0.002531645569620253,0.11212155222892761,0.015189873417721518,0.47848101265822784,0.5037974683544304,0.015189873417721518,5
heavy/occ_a0.10/fitted_moment_d84,heavy,occ_a0.10,fitted_moment,84.0,4,790,0.002531645569620253,0.10926786810159683,0.015189873417721518,0.47848101265822784,0.5037974683544304,0.015189873417721518,5
heavy/occ_a0.10/fitted_moment_d160,heavy,occ_a0.10,fitted_moment,160.0,4,790,0.43544303797468353,0.002552969614043832,0.015189873417721518,0.04556962025316456,0.5037974683544304,0.015189873417721518,5
heavy/occ_a0.10/comb_prod_d40,heavy,occ_a0.10,comb_prod,40.0,4,790,0.0,inf,0.015189873417721518,0.0,0.9848101265822785,0.015189873417721518,5
heavy/occ_a0.10/comb_prod_d44,heavy,occ_a0.10,comb_prod,44.0,4,790,0.0,inf,0.015189873417721518,0.0,0.9848101265822785,0.015189873417721518,5
heavy/occ_a0.10/normalized_half_comb_d40,heavy,occ_a0.10,normalized_half_comb,40.0,4,790,0.0012658227848101266,0.0035854948218911886,0.015189873417721518,0.0,0.9835443037974684,0.015189873417721518,5
heavy/occ_a0.10/normalized_half_comb_d44,heavy,occ_a0.10,normalized_half_comb,44.0,4,790,0.0012658227848101266,0.001305664423853159,0.015189873417721518,0.0,0.9835443037974684,0.015189873417721518,5
heavy/occ_a0.10/fitted_moment_d40,heavy,occ_a0.10,fitted_moment,40.0,5,784,0.5841836734693877,0.013058163225650787,0.01403061224489796,0.35714285714285715,0.044642857142857144,0.01403061224489796,5
heavy/occ_a0.10/fitted_moment_d80,heavy,occ_a0.10,fitted_moment,80.0,5,784,0.9081632653061225,0.021254904568195343,0.011479591836734694,0.03571428571428571,0.044642857142857144,0.01403061224489796,5
heavy/occ_a0.10/fitted_moment_d84,heavy,occ_a0.10,fitted_moment,84.0,5,784,0.9081632653061225,0.021798744797706604,0.011479591836734694,0.03571428571428571,0.044642857142857144,0.01403061224489796,5
heavy/occ_a0.10/fitted_moment_d160,heavy,occ_a0.10,fitted_moment,160.0,5,784,0.9400510204081632,0.0017037885263562202,0.01403061224489796,0.0012755102040816326,0.044642857142857144,0.01403061224489796,5
heavy/occ_a0.10/comb_prod_d40,heavy,occ_a0.10,comb_prod,40.0,5,784,0.0,inf,0.01403061224489796,0.0012755102040816326,0.9846938775510204,0.01403061224489796,5
heavy/occ_a0.10/comb_prod_d44,heavy,occ_a0.10,comb_prod,44.0,5,784,0.0012755102040816326,0.0023297166917473078,0.01403061224489796,0.0,0.9846938775510204,0.01403061224489796,5
heavy/occ_a0.10/normalized_half_comb_d40,heavy,occ_a0.10,normalized_half_comb,40.0,5,784,0.0,inf,0.01403061224489796,0.0,0.985969387755102,0.01403061224489796,5
heavy/occ_a0.10/normalized_half_comb_d44,heavy,occ_a0.10,normalized_half_comb,44.0,5,784,0.0,inf,0.01403061224489796,0.0,0.985969387755102,0.01403061224489796,5
heavy/occ_a0.10/fitted_moment_d40,heavy,occ_a0.10,fitted_moment,40.0,6,785,0.49554140127388535,0.0161333829164505,0.005095541401273885,0.4496815286624204,0.049681528662420385,0.005095541401273885,5
heavy/occ_a0.10/fitted_moment_d80,heavy,occ_a0.10,fitted_moment,80.0,6,785,0.932484076433121,0.014900450594723225,0.005095541401273885,0.012738853503184714,0.049681528662420385,0.005095541401273885,5
heavy/occ_a0.10/fitted_moment_d84,heavy,occ_a0.10,fitted_moment,84.0,6,785,0.9401273885350319,0.01340952143073082,0.005095541401273885,0.005095541401273885,0.049681528662420385,0.005095541401273885,5
heavy/occ_a0.10/fitted_moment_d160,heavy,occ_a0.10,fitted_moment,160.0,6,785,0.9401273885350319,0.005944330710917711,0.005095541401273885,0.005095541401273885,0.049681528662420385,0.005095541401273885,5
heavy/occ_a0.10/comb_prod_d40,heavy,occ_a0.10,comb_prod,40.0,6,785,0.0,inf,0.005095541401273885,0.0,0.9949044585987261,0.005095541401273885,5
heavy/occ_a0.10/comb_prod_d44,heavy,occ_a0.10,comb_prod,44.0,6,785,0.0,inf,0.005095541401273885,0.0,0.9949044585987261,0.005095541401273885,5
heavy/occ_a0.10/normalized_half_comb_d40,heavy,occ_a0.10,normalized_half_comb,40.0,6,785,0.0012738853503184713,0.0033111851662397385,0.005095541401273885,0.0,0.9936305732484076,0.005095541401273885,5
heavy/occ_a0.10/normalized_half_comb_d44,heavy,occ_a0.10,normalized_half_comb,44.0,6,785,0.0,inf,0.005095541401273885,0.0012738853503184713,0.9936305732484076,0.005095541401273885,5
heavy/occ_a0.10/fitted_moment_d40,heavy,occ_a0.10,fitted_moment,40.0,7,794,0.5088161209068011,0.023489119485020638,0.005037783375314861,0.3992443324937028,0.08690176322418136,0.005037783375314861,5
heavy/occ_a0.10/fitted_moment_d80,heavy,occ_a0.10,fitted_moment,80.0,7,794,0.4521410579345088,0.02773757092654705,0.005037783375314861,0.45591939546599497,0.08690176322418136,0.005037783375314861,5
heavy/occ_a0.10/fitted_moment_d84,heavy,occ_a0.10,fitted_moment,84.0,7,794,0.4521410579345088,0.027738915756344795,0.005037783375314861,0.45591939546599497,0.08690176322418136,0.005037783375314861,5
heavy/occ_a0.10/fitted_moment_d160,heavy,occ_a0.10,fitted_moment,160.0,7,794,0.9030226700251889,0.0028465441428124905,0.005037783375314861,0.005037783375314861,0.08690176322418136,0.005037783375314861,5
heavy/occ_a0.10/comb_prod_d40,heavy,occ_a0.10,comb_prod,40.0,7,794,0.0,inf,0.005037783375314861,0.0,0.9949622166246851,0.005037783375314861,5
heavy/occ_a0.10/comb_prod_d44,heavy,occ_a0.10,comb_prod,44.0,7,794,0.0,inf,0.005037783375314861,0.0,0.9949622166246851,0.005037783375314861,5
heavy/occ_a0.10/normalized_half_comb_d40,heavy,occ_a0.10,normalized_half_comb,40.0,7,794,0.0,inf,0.005037783375314861,0.0,0.9949622166246851,0.005037783375314861,5
heavy/occ_a0.10/normalized_half_comb_d44,heavy,occ_a0.10,normalized_half_comb,44.0,7,794,0.0,inf,0.005037783375314861,0.0,0.9949622166246851,0.005037783375314861,5
heavy/occ_a0.10/fitted_moment_d40,heavy,occ_a0.10,fitted_moment,40.0,8,785,0.05987261146496815,0.001737477956339717,0.014012738853503185,0.11719745222929936,0.8089171974522293,0.014012738853503185,5
heavy/occ_a0.10/fitted_moment_d80,heavy,occ_a0.10,fitted_moment,80.0,8,785,0.01019108280254777,0.040831416845321655,0.014012738853503185,0.16687898089171974,0.8089171974522293,0.014012738853503185,5
heavy/occ_a0.10/fitted_moment_d84,heavy,occ_a0.10,fitted_moment,84.0,8,785,0.01019108280254777,0.040112338960170746,0.014012738853503185,0.16687898089171974,0.8089171974522293,0.014012738853503185,5
heavy/occ_a0.10/fitted_moment_d160,heavy,occ_a0.10,fitted_moment,160.0,8,785,0.1464968152866242,0.02880673110485077,0.014012738853503185,0.030573248407643312,0.8089171974522293,0.014012738853503185,5
heavy/occ_a0.10/comb_prod_d40,heavy,occ_a0.10,comb_prod,40.0,8,785,0.0,inf,0.014012738853503185,0.0,0.9859872611464968,0.014012738853503185,5
heavy/occ_a0.10/comb_prod_d44,heavy,occ_a0.10,comb_prod,44.0,8,785,0.0,inf,0.014012738853503185,0.0,0.9859872611464968,0.014012738853503185,5
heavy/occ_a0.10/normalized_half_comb_d40,heavy,occ_a0.10,normalized_half_comb,40.0,8,785,0.0,inf,0.014012738853503185,0.0,0.9859872611464968,0.014012738853503185,5
heavy/occ_a0.10/normalized_half_comb_d44,heavy,occ_a0.10,normalized_half_comb,44.0,8,785,0.0,inf,0.014012738853503185,0.0,0.9859872611464968,0.014012738853503185,5
heavy/occ_a0.10/fitted_moment_d40,heavy,occ_a0.10,fitted_moment,40.0,9,788,0.5126903553299492,0.02487064152956009,0.006345177664974619,0.4593908629441624,0.021573604060913704,0.006345177664974619,5
heavy/occ_a0.10/fitted_moment_d80,heavy,occ_a0.10,fitted_moment,80.0,9,788,0.9568527918781726,0.00340544362552464,0.006345177664974619,0.015228426395939087,0.021573604060913704,0.006345177664974619,5
heavy/occ_a0.10/fitted_moment_d84,heavy,occ_a0.10,fitted_moment,84.0,9,788,0.9568527918781726,0.0033801232930272818,0.006345177664974619,0.015228426395939087,0.021573604060913704,0.006345177664974619,5
heavy/occ_a0.10/fitted_moment_d160,heavy,occ_a0.10,fitted_moment,160.0,9,788,0.9644670050761421,0.000800916226580739,0.005076142131979695,0.008883248730964468,0.021573604060913704,0.006345177664974619,5
heavy/occ_a0.10/comb_prod_d40,heavy,occ_a0.10,comb_prod,40.0,9,788,0.0,inf,0.006345177664974619,0.0,0.9936548223350253,0.006345177664974619,5
heavy/occ_a0.10/comb_prod_d44,heavy,occ_a0.10,comb_prod,44.0,9,788,0.0,inf,0.006345177664974619,0.0,0.9936548223350253,0.006345177664974619,5
heavy/occ_a0.10/normalized_half_comb_d40,heavy,occ_a0.10,normalized_half_comb,40.0,9,788,0.0,inf,0.006345177664974619,0.0,0.9936548223350253,0.006345177664974619,5
heavy/occ_a0.10/normalized_half_comb_d44,heavy,occ_a0.10,normalized_half_comb,44.0,9,788,0.0,inf,0.006345177664974619,0.0,0.9936548223350253,0.006345177664974619,5
