shots,n_trk,rep,who,drop_rate,n_true_all,n_true_clean,n_false_all,n_active,n_true_active,n_false_active,eff_pct,fr_pct,cos,jaccard,t_classical,t_quantum,success_prob,n_seg
8192,10,0,C,0.0,40,40,360,40,40,0,100.0,0.0,0.5504626010140756,0.95,0.005003690719604492,1.595818281173706,0.0340576171875,400
8192,10,0,Q,0.0,40,40,360,38,38,0,95.0,0.0,0.5504626010140756,0.95,0.005003690719604492,1.595818281173706,0.0340576171875,400
8192,10,1,C,0.0,40,40,360,40,40,0,100.0,0.0,0.562742243362337,1.0,0.0009150505065917969,0.8457770347595215,0.0333251953125,400
8192,10,1,Q,0.0,40,40,360,40,40,0,100.0,0.0,0.562742243362337,1.0,0.0009150505065917969,0.8457770347595215,0.0333251953125,400
8192,10,2,C,0.0,40,40,360,40,40,0,100.0,0.0,0.5520480977409576,0.975,0.0007617473602294922,0.9102222919464111,0.0283203125,400
8192,10,2,Q,0.0,40,40,360,39,39,0,97.5,0.0,0.5520480977409576,0.975,0.0007617473602294922,0.9102222919464111,0.0283203125,400
8192,10,3,C,0.0,40,40,360,40,40,0,100.0,0.0,0.548884094640877,0.975,0.0009038448333740234,0.8362858295440674,0.031982421875,400
8192,10,3,Q,0.0,40,40,360,39,39,0,97.5,0.0,0.548884094640877,0.975,0.0009038448333740234,0.8362858295440674,0.031982421875,400
8192,10,4,C,0.0,40,40,360,41,40,1,100.0,2.4390243902439024,0.5764416539213948,1.0,0.0005133152008056641,1.3117213249206543,0.0322265625,400
8192,10,4,Q,0.0,40,40,360,41,40,1,100.0,2.4390243902439024,0.5764416539213948,1.0,0.0005133152008056641,1.3117213249206543,0.0322265625,400
8192,10,5,C,0.0,40,40,360,40,40,0,100.0,0.0,0.5482557147884767,0.95,0.0014598369598388672,0.7860124111175537,0.03125,400
8192,10,5,Q,0.0,40,40,360,38,38,0,95.0,0.0,0.5482557147884767,0.95,0.0014598369598388672,0.7860124111175537,0.03125,400
8192,10,6,C,0.0,40,40,360,40,40,0,100.0,0.0,0.5462367759721471,0.95,0.0005970001220703125,0.6949565410614014,0.0323486328125,400
8192,10,6,Q,0.0,40,40,360,38,38,0,95.0,0.0,0.5462367759721471,0.95,0.0005970001220703125,0.6949565410614014,0.0323486328125,400
8192,10,7,C,0.0,40,40,360,40,40,0,100.0,0.0,0.5388848297220061,0.9,0.0011394023895263672,0.8029434680938721,0.029052734375,400
8192,10,7,Q,0.0,40,40,360,36,36,0,90.0,0.0,0.5388848297220061,0.9,0.0011394023895263672,0.8029434680938721,0.029052734375,400
8192,10,8,C,0.0,40,40,360,40,40,0,100.0,0.0,0.5590917195398863,1.0,0.0013082027435302734,0.8176262378692627,0.033447265625,400
8192,10,8,Q,0.0,40,40,360,40,40,0,100.0,0.0,0.5590917195398863,1.0,0.0013082027435302734,0.8176262378692627,0.033447265625,400
8192,10,9,C,0.0,40,40,360,40,40,0,100.0,0.0,0.5462832132923682,0.95,0.00043272972106933594,0.9864399433135986,0.0323486328125,400
8192,10,9,Q,0.0,40,40,360,38,38,0,95.0,0.0,0.5462832132923682,0.95,0.00043272972106933594,0.9864399433135986,0.0323486328125,400
8192,10,10,C,0.0,40,40,360,40,40,0,100.0,0.0,0.5522074672633216,0.975,0.0042345523834228516,0.8859784603118896,0.031494140625,400
8192,10,10,Q,0.0,40,40,360,39,39,0,97.5,0.0,0.5522074672633216,0.975,0.0042345523834228516,0.8859784603118896,0.031494140625,400
8192,10,11,C,0.0,40,40,360,40,40,0,100.0,0.0,0.5448984260992435,0.975,0.002099752426147461,1.9970118999481201,0.03173828125,400
8192,10,11,Q,0.0,40,40,360,39,39,0,97.5,0.0,0.5448984260992435,0.975,0.002099752426147461,1.9970118999481201,0.03173828125,400
8192,10,12,C,0.0,40,40,360,40,40,0,100.0,0.0,0.540208225640774,0.925,0.0036203861236572266,1.3905577659606934,0.0302734375,400
8192,10,12,Q,0.0,40,40,360,37,37,0,92.5,0.0,0.540208225640774,0.925,0.0036203861236572266,1.3905577659606934,0.0302734375,400
8192,10,13,C,0.0,40,40,360,40,40,0,100.0,0.0,0.5588017512800869,1.0,0.004670143127441406,0.9121651649475098,0.0343017578125,400
8192,10,13,Q,0.0,40,40,360,40,40,0,100.0,0.0,0.5588017512800869,1.0,0.004670143127441406,0.9121651649475098,0.0343017578125,400
8192,10,14,C,0.0,40,40,360,40,40,0,100.0,0.0,0.5549832521989565,0.95,0.00930166244506836,1.8022823333740234,0.0302734375,400
8192,10,14,Q,0.0,40,40,360,38,38,0,95.0,0.0,0.5549832521989565,0.95,0.00930166244506836,1.8022823333740234,0.0302734375,400
8192,10,15,C,0.0,40,40,360,40,40,0,100.0,0.0,0.5362599433514562,0.95,0.0007245540618896484,0.9322865009307861,0.0306396484375,400
8192,10,15,Q,0.0,40,40,360,38,38,0,95.0,0.0,0.5362599433514562,0.95,0.0007245540618896484,0.9322865009307861,0.0306396484375,400
8192,10,16,C,0.0,40,40,360,40,40,0,100.0,0.0,0.5522829029924592,0.975,0.002536773681640625,0.8930132389068604,0.02880859375,400
8192,10,16,Q,0.0,40,40,360,39,39,0,97.5,0.0,0.5522829029924592,0.975,0.002536773681640625,0.8930132389068604,0.02880859375,400
8192,10,17,C,0.0,40,40,360,40,40,0,100.0,0.0,0.5506199741919182,0.975,0.0032033920288085938,0.9764645099639893,0.0272216796875,400
8192,10,17,Q,0.0,40,40,360,39,39,0,97.5,0.0,0.5506199741919182,0.975,0.0032033920288085938,0.9764645099639893,0.0272216796875,400
8192,10,18,C,0.0,40,40,360,40,40,0,100.0,0.0,0.5448393806911246,0.925,0.0006690025329589844,0.7404532432556152,0.0299072265625,400
8192,10,18,Q,0.0,40,40,360,37,37,0,92.5,0.0,0.5448393806911246,0.925,0.0006690025329589844,0.7404532432556152,0.0299072265625,400
8192,10,19,C,0.0,40,40,360,40,40,0,100.0,0.0,0.5535538878229931,0.975,0.0006301403045654297,0.9011423587799072,0.0335693359375,400
8192,10,19,Q,0.0,40,40,360,39,39,0,97.5,0.0,0.5535538878229931,0.975,0.0006301403045654297,0.9011423587799072,0.0335693359375,400
8192,10,20,C,0.0,40,40,360,40,40,0,100.0,0.0,0.5460066098341674,0.95,0.0007092952728271484,1.053905725479126,0.0330810546875,400
8192,10,20,Q,0.0,40,40,360,38,38,0,95.0,0.0,0.5460066098341674,0.95,0.0007092952728271484,1.053905725479126,0.0330810546875,400
8192,10,21,C,0.0,40,40,360,40,40,0,100.0,0.0,0.5578854288638502,1.0,0.0014917850494384766,1.1501729488372803,0.03173828125,400
8192,10,21,Q,0.0,40,40,360,40,40,0,100.0,0.0,0.5578854288638502,1.0,0.0014917850494384766,1.1501729488372803,0.03173828125,400
8192,10,22,C,0.0,40,40,360,40,40,0,100.0,0.0,0.542178145412154,0.95,0.0007841587066650391,0.9276301860809326,0.0296630859375,400
8192,10,22,Q,0.0,40,40,360,38,38,0,95.0,0.0,0.542178145412154,0.95,0.0007841587066650391,0.9276301860809326,0.0296630859375,400
8192,10,23,C,0.0,40,40,360,40,40,0,100.0,0.0,0.5569861929988813,1.0,0.0005214214324951172,0.8548047542572021,0.032470703125,400
8192,10,23,Q,0.0,40,40,360,40,40,0,100.0,0.0,0.5569861929988813,1.0,0.0005214214324951172,0.8548047542572021,0.032470703125,400
8192,10,24,C,0.0,40,40,360,40,40,0,100.0,0.0,0.559109418225751,1.0,0.0006973743438720703,0.828948974609375,0.032958984375,400
8192,10,24,Q,0.0,40,40,360,40,40,0,100.0,0.0,0.559109418225751,1.0,0.0006973743438720703,0.828948974609375,0.032958984375,400
8192,10,25,C,0.0,40,40,360,40,40,0,100.0,0.0,0.5547390371249475,0.975,0.0005085468292236328,0.7227177619934082,0.0299072265625,400
8192,10,25,Q,0.0,40,40,360,39,39,0,97.5,0.0,0.5547390371249475,0.975,0.0005085468292236328,0.7227177619934082,0.0299072265625,400
8192,10,26,C,0.0,40,40,360,40,40,0,100.0,0.0,0.5558158833532756,0.975,0.0008695125579833984,0.790069580078125,0.0318603515625,400
8192,10,26,Q,0.0,40,40,360,39,39,0,97.5,0.0,0.5558158833532756,0.975,0.0008695125579833984,0.790069580078125,0.0318603515625,400
8192,10,27,C,0.0,40,40,360,40,40,0,100.0,0.0,0.5559948465029116,1.0,0.0008585453033447266,1.0595049858093262,0.0306396484375,400
8192,10,27,Q,0.0,40,40,360,40,40,0,100.0,0.0,0.5559948465029116,1.0,0.0008585453033447266,1.0595049858093262,0.0306396484375,400
8192,10,28,C,0.0,40,40,360,40,40,0,100.0,0.0,0.5464106567005226,0.95,0.0005359649658203125,0.7284841537475586,0.0323486328125,400
8192,10,28,Q,0.0,40,40,360,38,38,0,95.0,0.0,0.5464106567005226,0.95,0.0005359649658203125,0.7284841537475586,0.0323486328125,400
8192,10,29,C,0.0,40,40,360,40,40,0,100.0,0.0,0.5574757932980435,1.0,0.0005216598510742188,0.7350990772247314,0.0330810546875,400
8192,10,29,Q,0.0,40,40,360,40,40,0,100.0,0.0,0.5574757932980435,1.0,0.0005216598510742188,0.7350990772247314,0.0330810546875,400
8192,10,30,C,0.0,40,40,360,40,40,0,100.0,0.0,0.5567045589910828,0.975,0.0006263256072998047,0.8218550682067871,0.03515625,400
8192,10,30,Q,0.0,40,40,360,39,39,0,97.5,0.0,0.5567045589910828,0.975,0.0006263256072998047,0.8218550682067871,0.03515625,400
8192,10,31,C,0.0,40,40,360,40,40,0,100.0,0.0,0.5579799935918272,1.0,0.0003867149353027344,0.7243232727050781,0.032470703125,400
8192,10,31,Q,0.0,40,40,360,40,40,0,100.0,0.0,0.5579799935918272,1.0,0.0003867149353027344,0.7243232727050781,0.032470703125,400
8192,10,32,C,0.0,40,40,360,40,40,0,100.0,0.0,0.5449118064633983,1.0,0.0005974769592285156,0.7185478210449219,0.0301513671875,400
8192,10,32,Q,0.0,40,40,360,40,40,0,100.0,0.0,0.5449118064633983,1.0,0.0005974769592285156,0.7185478210449219,0.0301513671875,400
8192,10,33,C,0.0,40,40,360,40,40,0,100.0,0.0,0.5448068791247804,0.95,0.00043129920959472656,0.7190070152282715,0.032470703125,400
8192,10,33,Q,0.0,40,40,360,38,38,0,95.0,0.0,0.5448068791247804,0.95,0.00043129920959472656,0.7190070152282715,0.032470703125,400
8192,10,34,C,0.0,40,40,360,40,40,0,100.0,0.0,0.5517335574489091,1.0,0.0004913806915283203,0.6848461627960205,0.0338134765625,400
8192,10,34,Q,0.0,40,40,360,40,40,0,100.0,0.0,0.5517335574489091,1.0,0.0004913806915283203,0.6848461627960205,0.0338134765625,400
8192,10,35,C,0.0,40,40,360,40,40,0,100.0,0.0,0.5551114441332112,0.975,0.002874612808227539,0.7329459190368652,0.03125,400
8192,10,35,Q,0.0,40,40,360,39,39,0,97.5,0.0,0.5551114441332112,0.975,0.002874612808227539,0.7329459190368652,0.03125,400
8192,10,36,C,0.0,40,40,360,40,40,0,100.0,0.0,0.5438564587093899,0.95,0.0005414485931396484,1.0356805324554443,0.0291748046875,400
8192,10,36,Q,0.0,40,40,360,38,38,0,95.0,0.0,0.5438564587093899,0.95,0.0005414485931396484,1.0356805324554443,0.0291748046875,400
8192,10,37,C,0.0,40,40,360,40,40,0,100.0,0.0,0.5557581672643659,1.0,0.006460428237915039,1.4841527938842773,0.0347900390625,400
8192,10,37,Q,0.0,40,40,360,40,40,0,100.0,0.0,0.5557581672643659,1.0,0.006460428237915039,1.4841527938842773,0.0347900390625,400
8192,10,38,C,0.0,40,40,360,40,40,0,100.0,0.0,0.5425309899148093,0.925,0.00042128562927246094,0.7675657272338867,0.031982421875,400
8192,10,38,Q,0.0,40,40,360,37,37,0,92.5,0.0,0.5425309899148093,0.925,0.00042128562927246094,0.7675657272338867,0.031982421875,400
8192,10,39,C,0.0,40,40,360,40,40,0,100.0,0.0,0.5442192831590292,0.925,0.0006780624389648438,0.8237199783325195,0.031494140625,400
8192,10,39,Q,0.0,40,40,360,37,37,0,92.5,0.0,0.5442192831590292,0.925,0.0006780624389648438,0.8237199783325195,0.031494140625,400
8192,10,40,C,0.0,40,40,360,40,40,0,100.0,0.0,0.5472252495390013,0.975,0.001794576644897461,1.01047945022583,0.03125,400
8192,10,40,Q,0.0,40,40,360,39,39,0,97.5,0.0,0.5472252495390013,0.975,0.001794576644897461,1.01047945022583,0.03125,400
8192,10,41,C,0.0,40,40,360,40,40,0,100.0,0.0,0.5593642705751604,1.0,0.0011830329895019531,0.8974919319152832,0.0328369140625,400
8192,10,41,Q,0.0,40,40,360,40,40,0,100.0,0.0,0.5593642705751604,1.0,0.0011830329895019531,0.8974919319152832,0.0328369140625,400
8192,10,42,C,0.0,40,40,360,40,40,0,100.0,0.0,0.544046465161254,0.95,0.004826545715332031,1.593947172164917,0.0306396484375,400
8192,10,42,Q,0.0,40,40,360,38,38,0,95.0,0.0,0.544046465161254,0.95,0.004826545715332031,1.593947172164917,0.0306396484375,400
8192,10,43,C,0.0,40,40,360,40,40,0,100.0,0.0,0.5504390649341793,0.95,0.0006458759307861328,1.1169190406799316,0.033203125,400
8192,10,43,Q,0.0,40,40,360,38,38,0,95.0,0.0,0.5504390649341793,0.95,0.0006458759307861328,1.1169190406799316,0.033203125,400
8192,10,44,C,0.0,40,40,360,40,40,0,100.0,0.0,0.5437306412658593,0.925,0.0005977153778076172,0.7191770076751709,0.0325927734375,400
8192,10,44,Q,0.0,40,40,360,37,37,0,92.5,0.0,0.5437306412658593,0.925,0.0005977153778076172,0.7191770076751709,0.0325927734375,400
8192,10,45,C,0.0,40,40,360,40,40,0,100.0,0.0,0.552549405169269,1.0,0.0016210079193115234,1.0708250999450684,0.032958984375,400
8192,10,45,Q,0.0,40,40,360,40,40,0,100.0,0.0,0.552549405169269,1.0,0.0016210079193115234,1.0708250999450684,0.032958984375,400
8192,10,46,C,0.0,40,40,360,40,40,0,100.0,0.0,0.5432393691065294,0.95,0.0008716583251953125,0.9589149951934814,0.0340576171875,400
8192,10,46,Q,0.0,40,40,360,38,38,0,95.0,0.0,0.5432393691065294,0.95,0.0008716583251953125,0.9589149951934814,0.0340576171875,400
8192,10,47,C,0.0,40,40,360,40,40,0,100.0,0.0,0.5507013083702073,0.95,0.0006463527679443359,0.720707893371582,0.027587890625,400
8192,10,47,Q,0.0,40,40,360,38,38,0,95.0,0.0,0.5507013083702073,0.95,0.0006463527679443359,0.720707893371582,0.027587890625,400
8192,10,48,C,0.0,40,40,360,40,40,0,100.0,0.0,0.5518579628508665,0.95,0.0007796287536621094,1.5419962406158447,0.0325927734375,400
8192,10,48,Q,0.0,40,40,360,38,38,0,95.0,0.0,0.5518579628508665,0.95,0.0007796287536621094,1.5419962406158447,0.0325927734375,400
8192,10,49,C,0.0,40,40,360,40,40,0,100.0,0.0,0.5566476076769374,1.0,0.0005266666412353516,0.7453453540802002,0.033935546875,400
8192,10,49,Q,0.0,40,40,360,40,40,0,100.0,0.0,0.5566476076769374,1.0,0.0005266666412353516,0.7453453540802002,0.033935546875,400
8192,10,50,C,0.0,40,40,360,40,40,0,100.0,0.0,0.543669078414752,0.95,0.004352569580078125,0.9628136157989502,0.0306396484375,400
8192,10,50,Q,0.0,40,40,360,38,38,0,95.0,0.0,0.543669078414752,0.95,0.004352569580078125,0.9628136157989502,0.0306396484375,400
8192,10,51,C,0.0,40,40,360,40,40,0,100.0,0.0,0.5561978413434224,1.0,0.0008051395416259766,0.943894624710083,0.0308837890625,400
8192,10,51,Q,0.0,40,40,360,40,40,0,100.0,0.0,0.5561978413434224,1.0,0.0008051395416259766,0.943894624710083,0.0308837890625,400
8192,10,52,C,0.0,40,40,360,40,40,0,100.0,0.0,0.5539636550433239,1.0,0.0006883144378662109,1.171203851699829,0.0302734375,400
8192,10,52,Q,0.0,40,40,360,40,40,0,100.0,0.0,0.5539636550433239,1.0,0.0006883144378662109,1.171203851699829,0.0302734375,400
8192,10,53,C,0.0,40,40,360,40,40,0,100.0,0.0,0.5531020421507159,0.975,0.0007116794586181641,0.9517765045166016,0.032958984375,400
8192,10,53,Q,0.0,40,40,360,39,39,0,97.5,0.0,0.5531020421507159,0.975,0.0007116794586181641,0.9517765045166016,0.032958984375,400
8192,10,54,C,0.0,40,40,360,40,40,0,100.0,0.0,0.5563602502691396,0.975,0.0007960796356201172,0.8869457244873047,0.0343017578125,400
8192,10,54,Q,0.0,40,40,360,39,39,0,97.5,0.0,0.5563602502691396,0.975,0.0007960796356201172,0.8869457244873047,0.0343017578125,400
8192,10,55,C,0.0,40,40,360,40,40,0,100.0,0.0,0.5473688564419894,0.95,0.0005087852478027344,0.8310859203338623,0.02880859375,400
8192,10,55,Q,0.0,40,40,360,38,38,0,95.0,0.0,0.5473688564419894,0.95,0.0005087852478027344,0.8310859203338623,0.02880859375,400
8192,10,56,C,0.0,40,40,360,40,40,0,100.0,0.0,0.5586573207537833,0.975,0.0005824565887451172,0.7343447208404541,0.0302734375,400
8192,10,56,Q,0.0,40,40,360,39,39,0,97.5,0.0,0.5586573207537833,0.975,0.0005824565887451172,0.7343447208404541,0.0302734375,400
8192,10,57,C,0.0,40,40,360,40,40,0,100.0,0.0,0.5486200008583294,0.975,0.0007550716400146484,1.1287498474121094,0.029296875,400
8192,10,57,Q,0.0,40,40,360,39,39,0,97.5,0.0,0.5486200008583294,0.975,0.0007550716400146484,1.1287498474121094,0.029296875,400
8192,10,58,C,0.0,40,40,360,40,40,0,100.0,0.0,0.5358882910806679,0.9,0.0009925365447998047,0.8436205387115479,0.0274658203125,400
8192,10,58,Q,0.0,40,40,360,36,36,0,90.0,0.0,0.5358882910806679,0.9,0.0009925365447998047,0.8436205387115479,0.0274658203125,400
8192,10,59,C,0.0,40,40,360,40,40,0,100.0,0.0,0.5558255235549205,0.975,0.0006551742553710938,0.7542645931243896,0.032958984375,400
8192,10,59,Q,0.0,40,40,360,39,39,0,97.5,0.0,0.5558255235549205,0.975,0.0006551742553710938,0.7542645931243896,0.032958984375,400
8192,15,0,C,0.0,60,60,840,60,60,0,100.0,0.0,0.46388019823882765,0.9166666666666666,0.0012316703796386719,1.451244831085205,0.0244140625,900
8192,15,0,Q,0.0,60,60,840,55,55,0,91.66666666666667,0.0,0.46388019823882765,0.9166666666666666,0.0012316703796386719,1.451244831085205,0.0244140625,900
8192,15,1,C,0.0,60,60,840,60,60,0,100.0,0.0,0.44106395878462423,0.85,0.005902290344238281,1.637683391571045,0.0242919921875,900
8192,15,1,Q,0.0,60,60,840,51,51,0,85.0,0.0,0.44106395878462423,0.85,0.005902290344238281,1.637683391571045,0.0242919921875,900
8192,15,2,C,0.0,60,60,840,60,60,0,100.0,0.0,0.45111805175485115,0.8666666666666667,0.0009701251983642578,1.1167421340942383,0.021240234375,900
8192,15,2,Q,0.0,60,60,840,52,52,0,86.66666666666667,0.0,0.45111805175485115,0.8666666666666667,0.0009701251983642578,1.1167421340942383,0.021240234375,900
8192,15,3,C,0.0,60,60,840,60,60,0,100.0,0.0,0.44999191441968067,0.8333333333333334,0.0008251667022705078,1.212735652923584,0.0223388671875,900
8192,15,3,Q,0.0,60,60,840,50,50,0,83.33333333333333,0.0,0.44999191441968067,0.8333333333333334,0.0008251667022705078,1.212735652923584,0.0223388671875,900
8192,15,4,C,0.0,60,60,840,60,60,0,100.0,0.0,0.45325169432982026,0.9166666666666666,0.0007617473602294922,1.2368547916412354,0.02294921875,900
8192,15,4,Q,0.0,60,60,840,55,55,0,91.66666666666667,0.0,0.45325169432982026,0.9166666666666666,0.0007617473602294922,1.2368547916412354,0.02294921875,900
8192,15,5,C,0.0,60,60,840,60,60,0,100.0,0.0,0.46058070406753515,0.9333333333333333,0.0013566017150878906,1.1157784461975098,0.0228271484375,900
8192,15,5,Q,0.0,60,60,840,56,56,0,93.33333333333333,0.0,0.46058070406753515,0.9333333333333333,0.0013566017150878906,1.1157784461975098,0.0228271484375,900
8192,15,6,C,0.0,60,60,840,60,60,0,100.0,0.0,0.45501393088084835,0.9166666666666666,0.0008192062377929688,1.462165355682373,0.025634765625,900
8192,15,6,Q,0.0,60,60,840,55,55,0,91.66666666666667,0.0,0.45501393088084835,0.9166666666666666,0.0008192062377929688,1.462165355682373,0.025634765625,900
8192,15,7,C,0.0,60,60,840,60,60,0,100.0,0.0,0.44782331092519506,0.8666666666666667,0.0012333393096923828,1.3818299770355225,0.02294921875,900
8192,15,7,Q,0.0,60,60,840,52,52,0,86.66666666666667,0.0,0.44782331092519506,0.8666666666666667,0.0012333393096923828,1.3818299770355225,0.02294921875,900
8192,15,8,C,0.0,60,60,840,60,60,0,100.0,0.0,0.439809503887757,0.8166666666666667,0.0012736320495605469,1.642796277999878,0.0234375,900
8192,15,8,Q,0.0,60,60,840,49,49,0,81.66666666666667,0.0,0.439809503887757,0.8166666666666667,0.0012736320495605469,1.642796277999878,0.0234375,900
8192,15,9,C,0.0,60,60,840,60,60,0,100.0,0.0,0.4645577818299452,0.9333333333333333,0.0012943744659423828,3.409212827682495,0.0211181640625,900
8192,15,9,Q,0.0,60,60,840,56,56,0,93.33333333333333,0.0,0.4645577818299452,0.9333333333333333,0.0012943744659423828,3.409212827682495,0.0211181640625,900
8192,15,10,C,0.0,60,60,840,60,60,0,100.0,0.0,0.47066787065367544,0.9666666666666667,0.0012142658233642578,1.6356382369995117,0.02490234375,900
8192,15,10,Q,0.0,60,60,840,58,58,0,96.66666666666667,0.0,0.47066787065367544,0.9666666666666667,0.0012142658233642578,1.6356382369995117,0.02490234375,900
8192,15,11,C,0.0,60,60,840,60,60,0,100.0,0.0,0.4453109524756001,0.8666666666666667,0.0034668445587158203,2.0013267993927,0.0216064453125,900
8192,15,11,Q,0.0,60,60,840,52,52,0,86.66666666666667,0.0,0.4453109524756001,0.8666666666666667,0.0034668445587158203,2.0013267993927,0.0216064453125,900
8192,15,12,C,0.0,60,60,840,60,60,0,100.0,0.0,0.45483228080110105,0.8833333333333333,0.0015444755554199219,1.5345191955566406,0.0225830078125,900
8192,15,12,Q,0.0,60,60,840,53,53,0,88.33333333333333,0.0,0.45483228080110105,0.8833333333333333,0.0015444755554199219,1.5345191955566406,0.0225830078125,900
8192,15,13,C,0.0,60,60,840,60,60,0,100.0,0.0,0.4462480884301299,0.85,0.0008544921875,1.7476751804351807,0.025634765625,900
8192,15,13,Q,0.0,60,60,840,51,51,0,85.0,0.0,0.4462480884301299,0.85,0.0008544921875,1.7476751804351807,0.025634765625,900
8192,15,14,C,0.0,60,60,840,60,60,0,100.0,0.0,0.4582605985894313,0.9,0.001028299331665039,1.276080846786499,0.02294921875,900
8192,15,14,Q,0.0,60,60,840,54,54,0,90.0,0.0,0.4582605985894313,0.9,0.001028299331665039,1.276080846786499,0.02294921875,900
8192,15,15,C,0.0,60,60,840,60,60,0,100.0,0.0,0.4535347224299991,0.8833333333333333,0.0015583038330078125,2.158482074737549,0.02490234375,900
8192,15,15,Q,0.0,60,60,840,53,53,0,88.33333333333333,0.0,0.4535347224299991,0.8833333333333333,0.0015583038330078125,2.158482074737549,0.02490234375,900
8192,15,16,C,0.0,60,60,840,60,60,0,100.0,0.0,0.4605401240112316,0.9,0.01236724853515625,2.0297350883483887,0.0223388671875,900
8192,15,16,Q,0.0,60,60,840,54,54,0,90.0,0.0,0.4605401240112316,0.9,0.01236724853515625,2.0297350883483887,0.0223388671875,900
8192,15,17,C,0.0,60,60,840,60,60,0,100.0,0.0,0.45766465533790623,0.9166666666666666,0.0010344982147216797,1.3288495540618896,0.0203857421875,900
8192,15,17,Q,0.0,60,60,840,55,55,0,91.66666666666667,0.0,0.45766465533790623,0.9166666666666666,0.0010344982147216797,1.3288495540618896,0.0203857421875,900
8192,15,18,C,0.0,60,60,840,62,60,2,100.0,3.225806451612903,0.45452404600080903,0.8709677419354839,0.0013439655303955078,2.242001533508301,0.0228271484375,900
8192,15,18,Q,0.0,60,60,840,54,52,2,86.66666666666667,3.7037037037037037,0.45452404600080903,0.8709677419354839,0.0013439655303955078,2.242001533508301,0.0228271484375,900
8192,15,19,C,0.0,60,60,840,60,60,0,100.0,0.0,0.45239607869633824,0.8666666666666667,0.0010118484497070312,1.1587495803833008,0.023193359375,900
8192,15,19,Q,0.0,60,60,840,52,52,0,86.66666666666667,0.0,0.45239607869633824,0.8666666666666667,0.0010118484497070312,1.1587495803833008,0.023193359375,900
8192,15,20,C,0.0,60,60,840,60,60,0,100.0,0.0,0.44586270045989784,0.8333333333333334,0.006520509719848633,2.2526729106903076,0.0240478515625,900
8192,15,20,Q,0.0,60,60,840,50,50,0,83.33333333333333,0.0,0.44586270045989784,0.8333333333333334,0.006520509719848633,2.2526729106903076,0.0240478515625,900
8192,15,21,C,0.0,60,60,840,60,60,0,100.0,0.0,0.4529026952280442,0.9,0.0007920265197753906,1.12593674659729,0.024658203125,900
8192,15,21,Q,0.0,60,60,840,54,54,0,90.0,0.0,0.4529026952280442,0.9,0.0007920265197753906,1.12593674659729,0.024658203125,900
8192,15,22,C,0.0,60,60,840,60,60,0,100.0,0.0,0.4640040815220755,0.9333333333333333,0.0007476806640625,1.3242347240447998,0.0242919921875,900
8192,15,22,Q,0.0,60,60,840,56,56,0,93.33333333333333,0.0,0.4640040815220755,0.9333333333333333,0.0007476806640625,1.3242347240447998,0.0242919921875,900
8192,15,23,C,0.0,60,60,840,60,60,0,100.0,0.0,0.4560571798655237,0.9,0.0009860992431640625,1.096092700958252,0.0245361328125,900
8192,15,23,Q,0.0,60,60,840,54,54,0,90.0,0.0,0.4560571798655237,0.9,0.0009860992431640625,1.096092700958252,0.0245361328125,900
8192,15,24,C,0.0,60,60,840,60,60,0,100.0,0.0,0.46141347606475613,0.9166666666666666,0.0015778541564941406,2.788490056991577,0.0269775390625,900
8192,15,24,Q,0.0,60,60,840,55,55,0,91.66666666666667,0.0,0.46141347606475613,0.9166666666666666,0.0015778541564941406,2.788490056991577,0.0269775390625,900
8192,15,25,C,0.0,60,60,840,60,60,0,100.0,0.0,0.4541791081770602,0.9,0.0008389949798583984,1.1825809478759766,0.0228271484375,900
8192,15,25,Q,0.0,60,60,840,54,54,0,90.0,0.0,0.4541791081770602,0.9,0.0008389949798583984,1.1825809478759766,0.0228271484375,900
8192,15,26,C,0.0,60,60,840,60,60,0,100.0,0.0,0.45320362322280916,0.8833333333333333,0.0008332729339599609,1.341975212097168,0.0235595703125,900
8192,15,26,Q,0.0,60,60,840,53,53,0,88.33333333333333,0.0,0.45320362322280916,0.8833333333333333,0.0008332729339599609,1.341975212097168,0.0235595703125,900
8192,15,27,C,0.0,60,60,840,60,60,0,100.0,0.0,0.443079008593504,0.85,0.0007684230804443359,1.0041437149047852,0.022216796875,900
8192,15,27,Q,0.0,60,60,840,51,51,0,85.0,0.0,0.443079008593504,0.85,0.0007684230804443359,1.0041437149047852,0.022216796875,900
8192,15,28,C,0.0,60,60,840,60,60,0,100.0,0.0,0.4293233267696673,0.7666666666666667,0.00130462646484375,1.6057536602020264,0.021240234375,900
8192,15,28,Q,0.0,60,60,840,46,46,0,76.66666666666667,0.0,0.4293233267696673,0.7666666666666667,0.00130462646484375,1.6057536602020264,0.021240234375,900
8192,15,29,C,0.0,60,60,840,60,60,0,100.0,0.0,0.4604049342314598,0.9333333333333333,0.0009777545928955078,1.4782052040100098,0.022705078125,900
8192,15,29,Q,0.0,60,60,840,56,56,0,93.33333333333333,0.0,0.4604049342314598,0.9333333333333333,0.0009777545928955078,1.4782052040100098,0.022705078125,900
8192,15,30,C,0.0,60,60,840,60,60,0,100.0,0.0,0.45262520945355783,0.8833333333333333,0.0008118152618408203,1.0276250839233398,0.021240234375,900
8192,15,30,Q,0.0,60,60,840,53,53,0,88.33333333333333,0.0,0.45262520945355783,0.8833333333333333,0.0008118152618408203,1.0276250839233398,0.021240234375,900
8192,15,31,C,0.0,60,60,840,60,60,0,100.0,0.0,0.4538101276367232,0.9,0.0012469291687011719,1.689140796661377,0.0234375,900
8192,15,31,Q,0.0,60,60,840,54,54,0,90.0,0.0,0.4538101276367232,0.9,0.0012469291687011719,1.689140796661377,0.0234375,900
8192,15,32,C,0.0,60,60,840,60,60,0,100.0,0.0,0.44309779867294463,0.8333333333333334,0.0007178783416748047,1.063976764678955,0.0240478515625,900
8192,15,32,Q,0.0,60,60,840,50,50,0,83.33333333333333,0.0,0.44309779867294463,0.8333333333333334,0.0007178783416748047,1.063976764678955,0.0240478515625,900
8192,15,33,C,0.0,60,60,840,60,60,0,100.0,0.0,0.4637529035340719,0.9,0.0013365745544433594,1.5505058765411377,0.0260009765625,900
8192,15,33,Q,0.0,60,60,840,54,54,0,90.0,0.0,0.4637529035340719,0.9,0.0013365745544433594,1.5505058765411377,0.0260009765625,900
8192,15,34,C,0.0,60,60,840,60,60,0,100.0,0.0,0.4543114740204761,0.8833333333333333,0.0006539821624755859,0.9562358856201172,0.023681640625,900
8192,15,34,Q,0.0,60,60,840,53,53,0,88.33333333333333,0.0,0.4543114740204761,0.8833333333333333,0.0006539821624755859,0.9562358856201172,0.023681640625,900
8192,15,35,C,0.0,60,60,840,60,60,0,100.0,0.0,0.45302364720448474,0.8666666666666667,0.0011336803436279297,1.7527248859405518,0.022216796875,900
8192,15,35,Q,0.0,60,60,840,52,52,0,86.66666666666667,0.0,0.45302364720448474,0.8666666666666667,0.0011336803436279297,1.7527248859405518,0.022216796875,900
8192,15,36,C,0.0,60,60,840,60,60,0,100.0,0.0,0.4615203221092418,0.9333333333333333,0.0008130073547363281,1.251800298690796,0.02392578125,900
8192,15,36,Q,0.0,60,60,840,56,56,0,93.33333333333333,0.0,0.4615203221092418,0.9333333333333333,0.0008130073547363281,1.251800298690796,0.02392578125,900
8192,15,37,C,0.0,60,60,840,60,60,0,100.0,0.0,0.4512353696429178,0.8833333333333333,0.0013689994812011719,1.5784199237823486,0.0230712890625,900
8192,15,37,Q,0.0,60,60,840,53,53,0,88.33333333333333,0.0,0.4512353696429178,0.8833333333333333,0.0013689994812011719,1.5784199237823486,0.0230712890625,900
8192,15,38,C,0.0,60,60,840,60,60,0,100.0,0.0,0.45526900030769785,0.9,0.0008382797241210938,1.310189962387085,0.0250244140625,900
8192,15,38,Q,0.0,60,60,840,54,54,0,90.0,0.0,0.45526900030769785,0.9,0.0008382797241210938,1.310189962387085,0.0250244140625,900
8192,15,39,C,0.0,60,60,840,60,60,0,100.0,0.0,0.4587018596792078,0.9,0.0010824203491210938,1.2472827434539795,0.01953125,900
8192,15,39,Q,0.0,60,60,840,54,54,0,90.0,0.0,0.4587018596792078,0.9,0.0010824203491210938,1.2472827434539795,0.01953125,900
8192,15,40,C,0.0,60,60,840,60,60,0,100.0,0.0,0.46349957241492307,0.9166666666666666,0.0009770393371582031,1.2608134746551514,0.024169921875,900
8192,15,40,Q,0.0,60,60,840,55,55,0,91.66666666666667,0.0,0.46349957241492307,0.9166666666666666,0.0009770393371582031,1.2608134746551514,0.024169921875,900
8192,15,41,C,0.0,60,60,840,60,60,0,100.0,0.0,0.4522420909667937,0.8833333333333333,0.0012366771697998047,1.5367591381072998,0.023681640625,900
8192,15,41,Q,0.0,60,60,840,53,53,0,88.33333333333333,0.0,0.4522420909667937,0.8833333333333333,0.0012366771697998047,1.5367591381072998,0.023681640625,900
8192,15,42,C,0.0,60,60,840,60,60,0,100.0,0.0,0.45554351076774086,0.9,0.0012633800506591797,1.2205541133880615,0.0235595703125,900
8192,15,42,Q,0.0,60,60,840,54,54,0,90.0,0.0,0.45554351076774086,0.9,0.0012633800506591797,1.2205541133880615,0.0235595703125,900
8192,15,43,C,0.0,60,60,840,60,60,0,100.0,0.0,0.439592986751725,0.8166666666666667,0.0008170604705810547,1.2493364810943604,0.0224609375,900
8192,15,43,Q,0.0,60,60,840,49,49,0,81.66666666666667,0.0,0.439592986751725,0.8166666666666667,0.0008170604705810547,1.2493364810943604,0.0224609375,900
8192,15,44,C,0.0,60,60,840,60,60,0,100.0,0.0,0.45256878766912895,0.9166666666666666,0.0009171962738037109,1.31900954246521,0.0230712890625,900
8192,15,44,Q,0.0,60,60,840,55,55,0,91.66666666666667,0.0,0.45256878766912895,0.9166666666666666,0.0009171962738037109,1.31900954246521,0.0230712890625,900
8192,15,45,C,0.0,60,60,840,60,60,0,100.0,0.0,0.4635191572214216,0.9333333333333333,0.0007715225219726562,1.4329161643981934,0.023681640625,900
8192,15,45,Q,0.0,60,60,840,56,56,0,93.33333333333333,0.0,0.4635191572214216,0.9333333333333333,0.0007715225219726562,1.4329161643981934,0.023681640625,900
8192,15,46,C,0.0,60,60,840,62,60,2,100.0,3.225806451612903,0.454868377586164,0.8548387096774194,0.002980470657348633,1.9996395111083984,0.0250244140625,900
8192,15,46,Q,0.0,60,60,840,53,51,2,85.0,3.7735849056603774,0.454868377586164,0.8548387096774194,0.002980470657348633,1.9996395111083984,0.0250244140625,900
8192,15,47,C,0.0,60,60,840,60,60,0,100.0,0.0,0.4603229990081623,0.9166666666666666,0.002254486083984375,1.4175176620483398,0.024169921875,900
8192,15,47,Q,0.0,60,60,840,55,55,0,91.66666666666667,0.0,0.4603229990081623,0.9166666666666666,0.002254486083984375,1.4175176620483398,0.024169921875,900
8192,15,48,C,0.0,60,60,840,60,60,0,100.0,0.0,0.45829783501465327,0.9,0.0012440681457519531,1.778942584991455,0.0242919921875,900
8192,15,48,Q,0.0,60,60,840,54,54,0,90.0,0.0,0.45829783501465327,0.9,0.0012440681457519531,1.778942584991455,0.0242919921875,900
8192,15,49,C,0.0,60,60,840,60,60,0,100.0,0.0,0.455391113278782,0.9166666666666666,0.0009114742279052734,1.3280839920043945,0.02685546875,900
8192,15,49,Q,0.0,60,60,840,55,55,0,91.66666666666667,0.0,0.455391113278782,0.9166666666666666,0.0009114742279052734,1.3280839920043945,0.02685546875,900
8192,15,50,C,0.0,60,60,840,60,60,0,100.0,0.0,0.4541626603765709,0.8833333333333333,0.0006880760192871094,1.7511963844299316,0.024169921875,900
8192,15,50,Q,0.0,60,60,840,53,53,0,88.33333333333333,0.0,0.4541626603765709,0.8833333333333333,0.0006880760192871094,1.7511963844299316,0.024169921875,900
8192,15,51,C,0.0,60,60,840,60,60,0,100.0,0.0,0.454674857005107,0.9166666666666666,0.0008082389831542969,1.2760987281799316,0.020751953125,900
8192,15,51,Q,0.0,60,60,840,55,55,0,91.66666666666667,0.0,0.454674857005107,0.9166666666666666,0.0008082389831542969,1.2760987281799316,0.020751953125,900
8192,15,52,C,0.0,60,60,840,60,60,0,100.0,0.0,0.4520629016729976,0.9,0.0018622875213623047,1.866894006729126,0.022216796875,900
8192,15,52,Q,0.0,60,60,840,54,54,0,90.0,0.0,0.4520629016729976,0.9,0.0018622875213623047,1.866894006729126,0.022216796875,900
8192,15,53,C,0.0,60,60,840,60,60,0,100.0,0.0,0.444272740812889,0.8833333333333333,0.0015575885772705078,1.2137577533721924,0.0201416015625,900
8192,15,53,Q,0.0,60,60,840,53,53,0,88.33333333333333,0.0,0.444272740812889,0.8833333333333333,0.0015575885772705078,1.2137577533721924,0.0201416015625,900
8192,15,54,C,0.0,60,60,840,60,60,0,100.0,0.0,0.4659095805630927,0.95,0.0015835762023925781,1.5681862831115723,0.02685546875,900
8192,15,54,Q,0.0,60,60,840,57,57,0,95.0,0.0,0.4659095805630927,0.95,0.0015835762023925781,1.5681862831115723,0.02685546875,900
8192,15,55,C,0.0,60,60,840,60,60,0,100.0,0.0,0.45212643308098144,0.9,0.0008227825164794922,1.7563447952270508,0.0198974609375,900
8192,15,55,Q,0.0,60,60,840,54,54,0,90.0,0.0,0.45212643308098144,0.9,0.0008227825164794922,1.7563447952270508,0.0198974609375,900
8192,15,56,C,0.0,60,60,840,60,60,0,100.0,0.0,0.467202536274135,0.9666666666666667,0.00080108642578125,1.5723602771759033,0.0255126953125,900
8192,15,56,Q,0.0,60,60,840,58,58,0,96.66666666666667,0.0,0.467202536274135,0.9666666666666667,0.00080108642578125,1.5723602771759033,0.0255126953125,900
8192,15,57,C,0.0,60,60,840,60,60,0,100.0,0.0,0.45519047110088917,0.8833333333333333,0.0009131431579589844,2.2723331451416016,0.0186767578125,900
8192,15,57,Q,0.0,60,60,840,53,53,0,88.33333333333333,0.0,0.45519047110088917,0.8833333333333333,0.0009131431579589844,2.2723331451416016,0.0186767578125,900
8192,15,58,C,0.0,60,60,840,60,60,0,100.0,0.0,0.4529176845520916,0.9166666666666666,0.0012202262878417969,1.3652255535125732,0.025390625,900
8192,15,58,Q,0.0,60,60,840,55,55,0,91.66666666666667,0.0,0.4529176845520916,0.9166666666666666,0.0012202262878417969,1.3652255535125732,0.025390625,900
8192,15,59,C,0.0,60,60,840,60,60,0,100.0,0.0,0.45936975479529457,0.9,0.0008809566497802734,1.4506795406341553,0.0224609375,900
8192,15,59,Q,0.0,60,60,840,54,54,0,90.0,0.0,0.45936975479529457,0.9,0.0008809566497802734,1.4506795406341553,0.0224609375,900
8192,20,0,C,0.0,80,80,1520,83,80,3,100.0,3.6144578313253013,0.3951218345019463,0.7469879518072289,0.001262664794921875,1.8230199813842773,0.0166015625,1600
8192,20,0,Q,0.0,80,80,1520,62,59,3,73.75,4.838709677419355,0.3951218345019463,0.7469879518072289,0.001262664794921875,1.8230199813842773,0.0166015625,1600
8192,20,1,C,0.0,80,80,1520,80,80,0,100.0,0.0,0.37912477234955094,0.7625,0.0012438297271728516,1.521998643875122,0.0137939453125,1600
8192,20,1,Q,0.0,80,80,1520,61,61,0,76.25,0.0,0.37912477234955094,0.7625,0.0012438297271728516,1.521998643875122,0.0137939453125,1600
8192,20,2,C,0.0,80,80,1520,80,80,0,100.0,0.0,0.38360602885798006,0.8,0.0036935806274414062,2.43234920501709,0.0179443359375,1600
8192,20,2,Q,0.0,80,80,1520,64,64,0,80.0,0.0,0.38360602885798006,0.8,0.0036935806274414062,2.43234920501709,0.0179443359375,1600
8192,20,3,C,0.0,80,80,1520,80,80,0,100.0,0.0,0.35654793563429454,0.7,0.0013179779052734375,2.863497495651245,0.0162353515625,1600
8192,20,3,Q,0.0,80,80,1520,56,56,0,70.0,0.0,0.35654793563429454,0.7,0.0013179779052734375,2.863497495651245,0.0162353515625,1600
8192,20,4,C,0.0,80,80,1520,80,80,0,100.0,0.0,0.37008584419279655,0.725,0.001352548599243164,1.5616888999938965,0.01513671875,1600
8192,20,4,Q,0.0,80,80,1520,58,58,0,72.5,0.0,0.37008584419279655,0.725,0.001352548599243164,1.5616888999938965,0.01513671875,1600
8192,20,5,C,0.0,80,80,1520,80,80,0,100.0,0.0,0.3765262986216646,0.8,0.0018525123596191406,1.5882387161254883,0.0159912109375,1600
8192,20,5,Q,0.0,80,80,1520,64,64,0,80.0,0.0,0.3765262986216646,0.8,0.0018525123596191406,1.5882387161254883,0.0159912109375,1600
8192,20,6,C,0.0,80,80,1520,80,80,0,100.0,0.0,0.35963732604099824,0.7,0.008009672164916992,1.8279170989990234,0.0157470703125,1600
8192,20,6,Q,0.0,80,80,1520,56,56,0,70.0,0.0,0.35963732604099824,0.7,0.008009672164916992,1.8279170989990234,0.0157470703125,1600
8192,20,7,C,0.0,80,80,1520,80,80,0,100.0,0.0,0.35760456455331685,0.675,0.0015990734100341797,2.1282007694244385,0.014404296875,1600
8192,20,7,Q,0.0,80,80,1520,54,54,0,67.5,0.0,0.35760456455331685,0.675,0.0015990734100341797,2.1282007694244385,0.014404296875,1600
8192,20,8,C,0.0,80,80,1520,80,80,0,100.0,0.0,0.37437021366510864,0.775,0.0010364055633544922,1.5676977634429932,0.0186767578125,1600
8192,20,8,Q,0.0,80,80,1520,62,62,0,77.5,0.0,0.37437021366510864,0.775,0.0010364055633544922,1.5676977634429932,0.0186767578125,1600
8192,20,9,C,0.0,80,80,1520,80,80,0,100.0,0.0,0.39264867432226275,0.85,0.0027968883514404297,3.0476725101470947,0.0185546875,1600
8192,20,9,Q,0.0,80,80,1520,68,68,0,85.0,0.0,0.39264867432226275,0.85,0.0027968883514404297,3.0476725101470947,0.0185546875,1600
8192,20,10,C,0.0,80,80,1520,80,80,0,100.0,0.0,0.37014310994033367,0.7375,0.0015799999237060547,2.1488285064697266,0.014404296875,1600
8192,20,10,Q,0.0,80,80,1520,59,59,0,73.75,0.0,0.37014310994033367,0.7375,0.0015799999237060547,2.1488285064697266,0.014404296875,1600
8192,20,11,C,0.0,80,80,1520,80,80,0,100.0,0.0,0.38497986592784267,0.8,0.0009400844573974609,1.3130035400390625,0.0184326171875,1600
8192,20,11,Q,0.0,80,80,1520,64,64,0,80.0,0.0,0.38497986592784267,0.8,0.0009400844573974609,1.3130035400390625,0.0184326171875,1600
8192,20,12,C,0.0,80,80,1520,80,80,0,100.0,0.0,0.3797184328197787,0.775,0.0014328956604003906,1.3063948154449463,0.0167236328125,1600
8192,20,12,Q,0.0,80,80,1520,62,62,0,77.5,0.0,0.3797184328197787,0.775,0.0014328956604003906,1.3063948154449463,0.0167236328125,1600
8192,20,13,C,0.0,80,80,1520,82,80,2,100.0,2.4390243902439024,0.353688510567961,0.6707317073170732,0.001856088638305664,2.3375978469848633,0.0157470703125,1600
8192,20,13,Q,0.0,80,80,1520,55,54,1,67.5,1.8181818181818181,0.353688510567961,0.6707317073170732,0.001856088638305664,2.3375978469848633,0.0157470703125,1600
8192,20,14,C,0.0,80,80,1520,80,80,0,100.0,0.0,0.37512022727838484,0.7375,0.0032951831817626953,2.4529612064361572,0.0162353515625,1600
8192,20,14,Q,0.0,80,80,1520,59,59,0,73.75,0.0,0.37512022727838484,0.7375,0.0032951831817626953,2.4529612064361572,0.0162353515625,1600
8192,20,15,C,0.0,80,80,1520,80,80,0,100.0,0.0,0.35825655760821895,0.7,0.0013310909271240234,1.3182547092437744,0.0159912109375,1600
8192,20,15,Q,0.0,80,80,1520,56,56,0,70.0,0.0,0.35825655760821895,0.7,0.0013310909271240234,1.3182547092437744,0.0159912109375,1600
8192,20,16,C,0.0,80,80,1520,80,80,0,100.0,0.0,0.3596039682765578,0.675,0.0010228157043457031,1.1094753742218018,0.0146484375,1600
8192,20,16,Q,0.0,80,80,1520,54,54,0,67.5,0.0,0.3596039682765578,0.675,0.0010228157043457031,1.1094753742218018,0.0146484375,1600
8192,20,17,C,0.0,80,80,1520,80,80,0,100.0,0.0,0.36379917224646213,0.7125,0.0018224716186523438,2.004786729812622,0.0145263671875,1600
8192,20,17,Q,0.0,80,80,1520,57,57,0,71.25,0.0,0.36379917224646213,0.7125,0.0018224716186523438,2.004786729812622,0.0145263671875,1600
8192,20,18,C,0.0,80,80,1520,80,80,0,100.0,0.0,0.3611334284116457,0.675,0.0011298656463623047,1.7030372619628906,0.015380859375,1600
8192,20,18,Q,0.0,80,80,1520,54,54,0,67.5,0.0,0.3611334284116457,0.675,0.0011298656463623047,1.7030372619628906,0.015380859375,1600
8192,20,19,C,0.0,80,80,1520,80,80,0,100.0,0.0,0.36239692639187004,0.7125,0.0008890628814697266,1.1581246852874756,0.0162353515625,1600
8192,20,19,Q,0.0,80,80,1520,57,57,0,71.25,0.0,0.36239692639187004,0.7125,0.0008890628814697266,1.1581246852874756,0.0162353515625,1600
8192,20,20,C,0.0,80,80,1520,80,80,0,100.0,0.0,0.3765387982877575,0.725,0.0016088485717773438,1.769338607788086,0.01513671875,1600
8192,20,20,Q,0.0,80,80,1520,58,58,0,72.5,0.0,0.3765387982877575,0.725,0.0016088485717773438,1.769338607788086,0.01513671875,1600
8192,20,21,C,0.0,80,80,1520,80,80,0,100.0,0.0,0.37648263666208515,0.7625,0.00214385986328125,2.523991107940674,0.015869140625,1600
8192,20,21,Q,0.0,80,80,1520,61,61,0,76.25,0.0,0.37648263666208515,0.7625,0.00214385986328125,2.523991107940674,0.015869140625,1600
8192,20,22,C,0.0,80,80,1520,80,80,0,100.0,0.0,0.37727514701033366,0.7625,0.0009620189666748047,1.4740524291992188,0.01611328125,1600
8192,20,22,Q,0.0,80,80,1520,61,61,0,76.25,0.0,0.37727514701033366,0.7625,0.0009620189666748047,1.4740524291992188,0.01611328125,1600
8192,20,23,C,0.0,80,80,1520,80,80,0,100.0,0.0,0.3501804328492332,0.6625,0.0012412071228027344,1.33168625831604,0.012451171875,1600
8192,20,23,Q,0.0,80,80,1520,53,53,0,66.25,0.0,0.3501804328492332,0.6625,0.0012412071228027344,1.33168625831604,0.012451171875,1600
8192,20,24,C,0.0,80,80,1520,80,80,0,100.0,0.0,0.3730094927462566,0.75,0.0017614364624023438,1.9384443759918213,0.016357421875,1600
8192,20,24,Q,0.0,80,80,1520,60,60,0,75.0,0.0,0.3730094927462566,0.75,0.0017614364624023438,1.9384443759918213,0.016357421875,1600
8192,20,25,C,0.0,80,80,1520,80,80,0,100.0,0.0,0.36335409888196296,0.7,0.0014929771423339844,1.8350579738616943,0.015869140625,1600
8192,20,25,Q,0.0,80,80,1520,56,56,0,70.0,0.0,0.36335409888196296,0.7,0.0014929771423339844,1.8350579738616943,0.015869140625,1600
8192,20,26,C,0.0,80,80,1520,80,80,0,100.0,0.0,0.37317933667974706,0.7375,0.0011508464813232422,1.3111519813537598,0.017333984375,1600
8192,20,26,Q,0.0,80,80,1520,59,59,0,73.75,0.0,0.37317933667974706,0.7375,0.0011508464813232422,1.3111519813537598,0.017333984375,1600
8192,20,27,C,0.0,80,80,1520,80,80,0,100.0,0.0,0.3635548079118667,0.7125,0.0014252662658691406,1.746950387954712,0.0159912109375,1600
8192,20,27,Q,0.0,80,80,1520,57,57,0,71.25,0.0,0.3635548079118667,0.7125,0.0014252662658691406,1.746950387954712,0.0159912109375,1600
8192,20,28,C,0.0,80,80,1520,80,80,0,100.0,0.0,0.3856642347991825,0.775,0.0011749267578125,1.4496879577636719,0.016357421875,1600
8192,20,28,Q,0.0,80,80,1520,62,62,0,77.5,0.0,0.3856642347991825,0.775,0.0011749267578125,1.4496879577636719,0.016357421875,1600
8192,20,29,C,0.0,80,80,1520,80,80,0,100.0,0.0,0.36571845293746186,0.7125,0.001233816146850586,1.787346601486206,0.0145263671875,1600
8192,20,29,Q,0.0,80,80,1520,57,57,0,71.25,0.0,0.36571845293746186,0.7125,0.001233816146850586,1.787346601486206,0.0145263671875,1600
8192,20,30,C,0.0,80,80,1520,80,80,0,100.0,0.0,0.36540982293043683,0.7125,0.001062154769897461,1.8250758647918701,0.015380859375,1600
8192,20,30,Q,0.0,80,80,1520,57,57,0,71.25,0.0,0.36540982293043683,0.7125,0.001062154769897461,1.8250758647918701,0.015380859375,1600
8192,20,31,C,0.0,80,80,1520,80,80,0,100.0,0.0,0.3627203265075779,0.7,0.0011229515075683594,1.3394834995269775,0.015869140625,1600
8192,20,31,Q,0.0,80,80,1520,56,56,0,70.0,0.0,0.3627203265075779,0.7,0.0011229515075683594,1.3394834995269775,0.015869140625,1600
8192,20,32,C,0.0,80,80,1520,80,80,0,100.0,0.0,0.3689233581272493,0.725,0.0015528202056884766,2.354931116104126,0.0152587890625,1600
8192,20,32,Q,0.0,80,80,1520,58,58,0,72.5,0.0,0.3689233581272493,0.725,0.0015528202056884766,2.354931116104126,0.0152587890625,1600
8192,20,33,C,0.0,80,80,1520,80,80,0,100.0,0.0,0.3847544005039872,0.7875,0.0010182857513427734,1.6306567192077637,0.0177001953125,1600
8192,20,33,Q,0.0,80,80,1520,63,63,0,78.75,0.0,0.3847544005039872,0.7875,0.0010182857513427734,1.6306567192077637,0.0177001953125,1600
8192,20,34,C,0.0,80,80,1520,80,80,0,100.0,0.0,0.3661676142698908,0.7125,0.001207590103149414,2.050100803375244,0.0147705078125,1600
8192,20,34,Q,0.0,80,80,1520,57,57,0,71.25,0.0,0.3661676142698908,0.7125,0.001207590103149414,2.050100803375244,0.0147705078125,1600
8192,20,35,C,0.0,80,80,1520,80,80,0,100.0,0.0,0.3696826449313382,0.725,0.0022034645080566406,1.5956299304962158,0.015869140625,1600
8192,20,35,Q,0.0,80,80,1520,58,58,0,72.5,0.0,0.3696826449313382,0.725,0.0022034645080566406,1.5956299304962158,0.015869140625,1600
8192,20,36,C,0.0,80,80,1520,80,80,0,100.0,0.0,0.3880777563027906,0.8125,0.001298666000366211,1.6846349239349365,0.0164794921875,1600
8192,20,36,Q,0.0,80,80,1520,65,65,0,81.25,0.0,0.3880777563027906,0.8125,0.001298666000366211,1.6846349239349365,0.0164794921875,1600
8192,20,37,C,0.0,80,80,1520,80,80,0,100.0,0.0,0.3707026626932778,0.7375,0.002752542495727539,1.9405856132507324,0.015625,1600
8192,20,37,Q,0.0,80,80,1520,59,59,0,73.75,0.0,0.3707026626932778,0.7375,0.002752542495727539,1.9405856132507324,0.015625,1600
8192,20,38,C,0.0,80,80,1520,80,80,0,100.0,0.0,0.3687892643270826,0.725,0.002669811248779297,2.6286160945892334,0.015869140625,1600
8192,20,38,Q,0.0,80,80,1520,58,58,0,72.5,0.0,0.3687892643270826,0.725,0.002669811248779297,2.6286160945892334,0.015869140625,1600
8192,20,39,C,0.0,80,80,1520,80,80,0,100.0,0.0,0.3742488687777303,0.75,0.0015482902526855469,1.7080085277557373,0.014892578125,1600
8192,20,39,Q,0.0,80,80,1520,60,60,0,75.0,0.0,0.3742488687777303,0.75,0.0015482902526855469,1.7080085277557373,0.014892578125,1600
8192,20,40,C,0.0,80,80,1520,80,80,0,100.0,0.0,0.36484224564388806,0.7,0.0017521381378173828,1.8332159519195557,0.01513671875,1600
8192,20,40,Q,0.0,80,80,1520,56,56,0,70.0,0.0,0.36484224564388806,0.7,0.0017521381378173828,1.8332159519195557,0.01513671875,1600
8192,20,41,C,0.0,80,80,1520,80,80,0,100.0,0.0,0.37789124385332146,0.7875,0.0012326240539550781,1.4952588081359863,0.018310546875,1600
8192,20,41,Q,0.0,80,80,1520,63,63,0,78.75,0.0,0.37789124385332146,0.7875,0.0012326240539550781,1.4952588081359863,0.018310546875,1600
8192,20,42,C,0.0,80,80,1520,80,80,0,100.0,0.0,0.39323597311681396,0.85,0.0010974407196044922,2.608804702758789,0.018310546875,1600
8192,20,42,Q,0.0,80,80,1520,68,68,0,85.0,0.0,0.39323597311681396,0.85,0.0010974407196044922,2.608804702758789,0.018310546875,1600
8192,20,43,C,0.0,80,80,1520,80,80,0,100.0,0.0,0.35614669380775554,0.7,0.0015218257904052734,2.086249589920044,0.0140380859375,1600
8192,20,43,Q,0.0,80,80,1520,56,56,0,70.0,0.0,0.35614669380775554,0.7,0.0015218257904052734,2.086249589920044,0.0140380859375,1600
8192,20,44,C,0.0,80,80,1520,80,80,0,100.0,0.0,0.3687911056565135,0.7375,0.0019462108612060547,2.555026054382324,0.016357421875,1600
8192,20,44,Q,0.0,80,80,1520,59,59,0,73.75,0.0,0.3687911056565135,0.7375,0.0019462108612060547,2.555026054382324,0.016357421875,1600
8192,20,45,C,0.0,80,80,1520,80,80,0,100.0,0.0,0.37709241356643397,0.7625,0.003484010696411133,2.951594591140747,0.0181884765625,1600
8192,20,45,Q,0.0,80,80,1520,61,61,0,76.25,0.0,0.37709241356643397,0.7625,0.003484010696411133,2.951594591140747,0.0181884765625,1600
8192,20,46,C,0.0,80,80,1520,80,80,0,100.0,0.0,0.3696586231712153,0.7125,0.0010912418365478516,1.810276746749878,0.0147705078125,1600
8192,20,46,Q,0.0,80,80,1520,57,57,0,71.25,0.0,0.3696586231712153,0.7125,0.0010912418365478516,1.810276746749878,0.0147705078125,1600
8192,20,47,C,0.0,80,80,1520,80,80,0,100.0,0.0,0.36439603719831576,0.7,0.0016891956329345703,2.06318998336792,0.0164794921875,1600
8192,20,47,Q,0.0,80,80,1520,56,56,0,70.0,0.0,0.36439603719831576,0.7,0.0016891956329345703,2.06318998336792,0.0164794921875,1600
8192,20,48,C,0.0,80,80,1520,80,80,0,100.0,0.0,0.34461193620115177,0.6125,0.0010836124420166016,1.3256657123565674,0.013671875,1600
8192,20,48,Q,0.0,80,80,1520,49,49,0,61.25,0.0,0.34461193620115177,0.6125,0.0010836124420166016,1.3256657123565674,0.013671875,1600
8192,20,49,C,0.0,80,80,1520,80,80,0,100.0,0.0,0.3708382432298823,0.7375,0.0010776519775390625,1.9928851127624512,0.014892578125,1600
8192,20,49,Q,0.0,80,80,1520,59,59,0,73.75,0.0,0.3708382432298823,0.7375,0.0010776519775390625,1.9928851127624512,0.014892578125,1600
8192,20,50,C,0.0,80,80,1520,80,80,0,100.0,0.0,0.36346183146226574,0.7125,0.0060689449310302734,2.856837749481201,0.017333984375,1600
8192,20,50,Q,0.0,80,80,1520,57,57,0,71.25,0.0,0.36346183146226574,0.7125,0.0060689449310302734,2.856837749481201,0.017333984375,1600
8192,20,51,C,0.0,80,80,1520,80,80,0,100.0,0.0,0.35448427165618585,0.675,0.001125335693359375,1.4901020526885986,0.0177001953125,1600
8192,20,51,Q,0.0,80,80,1520,54,54,0,67.5,0.0,0.35448427165618585,0.675,0.001125335693359375,1.4901020526885986,0.0177001953125,1600
8192,20,52,C,0.0,80,80,1520,80,80,0,100.0,0.0,0.35881002019334945,0.7,0.0015773773193359375,1.7524142265319824,0.0167236328125,1600
8192,20,52,Q,0.0,80,80,1520,56,56,0,70.0,0.0,0.35881002019334945,0.7,0.0015773773193359375,1.7524142265319824,0.0167236328125,1600
8192,20,53,C,0.0,80,80,1520,80,80,0,100.0,0.0,0.36437658258488687,0.7375,0.001157999038696289,1.2927041053771973,0.0150146484375,1600
8192,20,53,Q,0.0,80,80,1520,59,59,0,73.75,0.0,0.36437658258488687,0.7375,0.001157999038696289,1.2927041053771973,0.0150146484375,1600
8192,20,54,C,0.0,80,80,1520,80,80,0,100.0,0.0,0.3687195641886136,0.7375,0.00118255615234375,1.2404389381408691,0.0167236328125,1600
8192,20,54,Q,0.0,80,80,1520,59,59,0,73.75,0.0,0.3687195641886136,0.7375,0.00118255615234375,1.2404389381408691,0.0167236328125,1600
8192,20,55,C,0.0,80,80,1520,82,80,2,100.0,2.4390243902439024,0.35829949038161346,0.6707317073170732,0.0014851093292236328,2.4765498638153076,0.0126953125,1600
8192,20,55,Q,0.0,80,80,1520,55,54,1,67.5,1.8181818181818181,0.35829949038161346,0.6707317073170732,0.0014851093292236328,2.4765498638153076,0.0126953125,1600
8192,20,56,C,0.0,80,80,1520,80,80,0,100.0,0.0,0.3608841046496112,0.7,0.001817941665649414,2.673678398132324,0.0166015625,1600
8192,20,56,Q,0.0,80,80,1520,56,56,0,70.0,0.0,0.3608841046496112,0.7,0.001817941665649414,2.673678398132324,0.0166015625,1600
8192,20,57,C,0.0,80,80,1520,80,80,0,100.0,0.0,0.35818047670659764,0.7,0.0010981559753417969,1.2348294258117676,0.0167236328125,1600
8192,20,57,Q,0.0,80,80,1520,56,56,0,70.0,0.0,0.35818047670659764,0.7,0.0010981559753417969,1.2348294258117676,0.0167236328125,1600
8192,20,58,C,0.0,80,80,1520,80,80,0,100.0,0.0,0.36195032293085316,0.6875,0.0009512901306152344,1.157050609588623,0.0147705078125,1600
8192,20,58,Q,0.0,80,80,1520,55,55,0,68.75,0.0,0.36195032293085316,0.6875,0.0009512901306152344,1.157050609588623,0.0147705078125,1600
8192,20,59,C,0.0,80,80,1520,80,80,0,100.0,0.0,0.38240418242405533,0.7875,0.0017821788787841797,1.8440496921539307,0.0166015625,1600
8192,20,59,Q,0.0,80,80,1520,63,63,0,78.75,0.0,0.38240418242405533,0.7875,0.0017821788787841797,1.8440496921539307,0.0166015625,1600
8192,30,0,C,0.0,120,120,3480,122,120,2,100.0,1.639344262295082,0.2703531069093146,0.5163934426229508,0.0021228790283203125,4.385786771774292,0.0123291015625,3600
8192,30,0,Q,0.0,120,120,3480,63,62,1,51.666666666666664,1.5873015873015872,0.2703531069093146,0.5163934426229508,0.0021228790283203125,4.385786771774292,0.0123291015625,3600
8192,30,1,C,0.0,120,120,3480,120,120,0,100.0,0.0,0.2689738218090444,0.5083333333333333,0.002693653106689453,3.154172658920288,0.0118408203125,3600
8192,30,1,Q,0.0,120,120,3480,61,61,0,50.833333333333336,0.0,0.2689738218090444,0.5083333333333333,0.002693653106689453,3.154172658920288,0.0118408203125,3600
8192,30,2,C,0.0,120,120,3480,120,120,0,100.0,0.0,0.2756257673052698,0.5583333333333333,0.002861499786376953,4.426608085632324,0.011962890625,3600
8192,30,2,Q,0.0,120,120,3480,67,67,0,55.833333333333336,0.0,0.2756257673052698,0.5583333333333333,0.002861499786376953,4.426608085632324,0.011962890625,3600
8192,30,3,C,0.0,120,120,3480,120,120,0,100.0,0.0,0.24181163989518617,0.44166666666666665,0.0026199817657470703,4.168731451034546,0.0089111328125,3600
8192,30,3,Q,0.0,120,120,3480,53,53,0,44.166666666666664,0.0,0.24181163989518617,0.44166666666666665,0.0026199817657470703,4.168731451034546,0.0089111328125,3600
8192,30,4,C,0.0,120,120,3480,120,120,0,100.0,0.0,0.26564958505418323,0.525,0.0018699169158935547,7.305207252502441,0.0120849609375,3600
8192,30,4,Q,0.0,120,120,3480,63,63,0,52.5,0.0,0.26564958505418323,0.525,0.0018699169158935547,7.305207252502441,0.0120849609375,3600
8192,30,5,C,0.0,120,120,3480,120,120,0,100.0,0.0,0.26841057444582755,0.525,0.002369403839111328,3.575798988342285,0.0108642578125,3600
8192,30,5,Q,0.0,120,120,3480,63,63,0,52.5,0.0,0.26841057444582755,0.525,0.002369403839111328,3.575798988342285,0.0108642578125,3600
8192,30,6,C,0.0,120,120,3480,120,120,0,100.0,0.0,0.2781470301226234,0.5583333333333333,0.002756834030151367,4.418634653091431,0.013427734375,3600
8192,30,6,Q,0.0,120,120,3480,67,67,0,55.833333333333336,0.0,0.2781470301226234,0.5583333333333333,0.002756834030151367,4.418634653091431,0.013427734375,3600
8192,30,7,C,0.0,120,120,3480,120,120,0,100.0,0.0,0.26313170571297684,0.5083333333333333,0.0038213729858398438,4.828748464584351,0.01171875,3600
8192,30,7,Q,0.0,120,120,3480,61,61,0,50.833333333333336,0.0,0.26313170571297684,0.5083333333333333,0.0038213729858398438,4.828748464584351,0.01171875,3600
8192,30,8,C,0.0,120,120,3480,120,120,0,100.0,0.0,0.2733564712847459,0.5583333333333333,0.0039942264556884766,4.382373332977295,0.011474609375,3600
8192,30,8,Q,0.0,120,120,3480,67,67,0,55.833333333333336,0.0,0.2733564712847459,0.5583333333333333,0.0039942264556884766,4.382373332977295,0.011474609375,3600
8192,30,9,C,0.0,120,120,3480,120,120,0,100.0,0.0,0.2702441209430101,0.5416666666666666,0.0019376277923583984,3.2822587490081787,0.012451171875,3600
8192,30,9,Q,0.0,120,120,3480,65,65,0,54.166666666666664,0.0,0.2702441209430101,0.5416666666666666,0.0019376277923583984,3.2822587490081787,0.012451171875,3600
8192,30,10,C,0.0,120,120,3480,122,120,2,100.0,1.639344262295082,0.26654063571109493,0.5163934426229508,0.00229644775390625,4.209474563598633,0.011474609375,3600
8192,30,10,Q,0.0,120,120,3480,63,62,1,51.666666666666664,1.5873015873015872,0.26654063571109493,0.5163934426229508,0.00229644775390625,4.209474563598633,0.011474609375,3600
8192,30,11,C,0.0,120,120,3480,120,120,0,100.0,0.0,0.24744879672043932,0.43333333333333335,0.0026667118072509766,4.079972982406616,0.009521484375,3600
8192,30,11,Q,0.0,120,120,3480,52,52,0,43.333333333333336,0.0,0.24744879672043932,0.43333333333333335,0.0026667118072509766,4.079972982406616,0.009521484375,3600
8192,30,12,C,0.0,120,120,3480,120,120,0,100.0,0.0,0.2591073628156628,0.475,0.002440214157104492,4.074176788330078,0.01220703125,3600
8192,30,12,Q,0.0,120,120,3480,57,57,0,47.5,0.0,0.2591073628156628,0.475,0.002440214157104492,4.074176788330078,0.01220703125,3600
8192,30,13,C,0.0,120,120,3480,120,120,0,100.0,0.0,0.2585187572912293,0.48333333333333334,0.0024182796478271484,3.7281274795532227,0.0096435546875,3600
8192,30,13,Q,0.0,120,120,3480,58,58,0,48.333333333333336,0.0,0.2585187572912293,0.48333333333333334,0.0024182796478271484,3.7281274795532227,0.0096435546875,3600
8192,30,14,C,0.0,120,120,3480,120,120,0,100.0,0.0,0.2701655368980949,0.5166666666666667,0.0030739307403564453,3.701913356781006,0.0126953125,3600
8192,30,14,Q,0.0,120,120,3480,62,62,0,51.666666666666664,0.0,0.2701655368980949,0.5166666666666667,0.0030739307403564453,3.701913356781006,0.0126953125,3600
8192,30,15,C,0.0,120,120,3480,120,120,0,100.0,0.0,0.2650917327313909,0.525,0.002846956253051758,4.0439863204956055,0.0113525390625,3600
8192,30,15,Q,0.0,120,120,3480,63,63,0,52.5,0.0,0.2650917327313909,0.525,0.002846956253051758,4.0439863204956055,0.0113525390625,3600
8192,30,16,C,0.0,120,120,3480,120,120,0,100.0,0.0,0.26322706470324425,0.49166666666666664,0.0028069019317626953,4.439414739608765,0.0113525390625,3600
8192,30,16,Q,0.0,120,120,3480,59,59,0,49.166666666666664,0.0,0.26322706470324425,0.49166666666666664,0.0028069019317626953,4.439414739608765,0.0113525390625,3600
8192,30,17,C,0.0,120,120,3480,124,120,4,100.0,3.225806451612903,0.2815156820971971,0.5403225806451613,0.0026314258575439453,3.705338954925537,0.013427734375,3600
8192,30,17,Q,0.0,120,120,3480,67,65,2,54.166666666666664,2.985074626865672,0.2815156820971971,0.5403225806451613,0.0026314258575439453,3.705338954925537,0.013427734375,3600
8192,30,18,C,0.0,120,120,3480,120,120,0,100.0,0.0,0.2524463373934551,0.4666666666666667,0.005148410797119141,4.049983263015747,0.01025390625,3600
8192,30,18,Q,0.0,120,120,3480,56,56,0,46.666666666666664,0.0,0.2524463373934551,0.4666666666666667,0.005148410797119141,4.049983263015747,0.01025390625,3600
8192,30,19,C,0.0,120,120,3480,120,120,0,100.0,0.0,0.2639988005082027,0.5333333333333333,0.002363443374633789,4.062575340270996,0.01220703125,3600
8192,30,19,Q,0.0,120,120,3480,64,64,0,53.333333333333336,0.0,0.2639988005082027,0.5333333333333333,0.002363443374633789,4.062575340270996,0.01220703125,3600
8192,30,20,C,0.0,120,120,3480,120,120,0,100.0,0.0,0.2925997921795113,0.625,0.0021004676818847656,2.626767158508301,0.0145263671875,3600
8192,30,20,Q,0.0,120,120,3480,75,75,0,62.5,0.0,0.2925997921795113,0.625,0.0021004676818847656,2.626767158508301,0.0145263671875,3600
8192,30,21,C,0.0,120,120,3480,120,120,0,100.0,0.0,0.2655875050009303,0.5166666666666667,0.002792835235595703,3.920330286026001,0.0123291015625,3600
8192,30,21,Q,0.0,120,120,3480,62,62,0,51.666666666666664,0.0,0.2655875050009303,0.5166666666666667,0.002792835235595703,3.920330286026001,0.0123291015625,3600
8192,30,22,C,0.0,120,120,3480,124,120,4,100.0,3.225806451612903,0.24432454811874588,0.4435483870967742,0.00205230712890625,3.5006754398345947,0.009765625,3600
8192,30,22,Q,0.0,120,120,3480,55,53,2,44.166666666666664,3.6363636363636362,0.24432454811874588,0.4435483870967742,0.00205230712890625,3.5006754398345947,0.009765625,3600
8192,30,23,C,0.0,120,120,3480,120,120,0,100.0,0.0,0.26492637222627735,0.525,0.001760244369506836,2.4753034114837646,0.012451171875,3600
8192,30,23,Q,0.0,120,120,3480,63,63,0,52.5,0.0,0.26492637222627735,0.525,0.001760244369506836,2.4753034114837646,0.012451171875,3600
8192,30,24,C,0.0,120,120,3480,122,120,2,100.0,1.639344262295082,0.2548918897395839,0.47540983606557374,0.001628875732421875,2.727914333343506,0.0111083984375,3600
8192,30,24,Q,0.0,120,120,3480,58,58,0,48.333333333333336,0.0,0.2548918897395839,0.47540983606557374,0.001628875732421875,2.727914333343506,0.0111083984375,3600
8192,30,25,C,0.0,120,120,3480,120,120,0,100.0,0.0,0.2627023600579961,0.49166666666666664,0.006515979766845703,7.808058500289917,0.010009765625,3600
8192,30,25,Q,0.0,120,120,3480,59,59,0,49.166666666666664,0.0,0.2627023600579961,0.49166666666666664,0.006515979766845703,7.808058500289917,0.010009765625,3600
8192,30,26,C,0.0,120,120,3480,122,120,2,100.0,1.639344262295082,0.24690548979056826,0.4672131147540984,0.0027523040771484375,3.973285675048828,0.0113525390625,3600
8192,30,26,Q,0.0,120,120,3480,57,56,1,46.666666666666664,1.7543859649122806,0.24690548979056826,0.4672131147540984,0.0027523040771484375,3.973285675048828,0.0113525390625,3600
8192,30,27,C,0.0,120,120,3480,120,120,0,100.0,0.0,0.25732237077306797,0.5,0.0018393993377685547,2.203397035598755,0.0111083984375,3600
8192,30,27,Q,0.0,120,120,3480,60,60,0,50.0,0.0,0.25732237077306797,0.5,0.0018393993377685547,2.203397035598755,0.0111083984375,3600
8192,30,28,C,0.0,120,120,3480,120,120,0,100.0,0.0,0.27045394291966723,0.55,0.0018184185028076172,2.064481735229492,0.0128173828125,3600
8192,30,28,Q,0.0,120,120,3480,66,66,0,55.0,0.0,0.27045394291966723,0.55,0.0018184185028076172,2.064481735229492,0.0128173828125,3600
8192,30,29,C,0.0,120,120,3480,120,120,0,100.0,0.0,0.278977146909653,0.5666666666666667,0.0031871795654296875,4.8578550815582275,0.0130615234375,3600
8192,30,29,Q,0.0,120,120,3480,68,68,0,56.666666666666664,0.0,0.278977146909653,0.5666666666666667,0.0031871795654296875,4.8578550815582275,0.0130615234375,3600
8192,30,30,C,0.0,120,120,3480,127,120,7,100.0,5.511811023622047,0.30572765449607087,0.5039370078740157,0.0028998851776123047,4.974018812179565,0.0123291015625,3600
8192,30,30,Q,0.0,120,120,3480,64,62,2,51.666666666666664,3.125,0.30572765449607087,0.5039370078740157,0.0028998851776123047,4.974018812179565,0.0123291015625,3600
8192,30,31,C,0.0,120,120,3480,120,120,0,100.0,0.0,0.2752525633697356,0.55,0.0028257369995117188,9.588377714157104,0.013916015625,3600
8192,30,31,Q,0.0,120,120,3480,66,66,0,55.0,0.0,0.2752525633697356,0.55,0.0028257369995117188,9.588377714157104,0.013916015625,3600
8192,30,32,C,0.0,120,120,3480,120,120,0,100.0,0.0,0.2772186648181395,0.5666666666666667,0.00639033317565918,5.038619041442871,0.0125732421875,3600
8192,30,32,Q,0.0,120,120,3480,68,68,0,56.666666666666664,0.0,0.2772186648181395,0.5666666666666667,0.00639033317565918,5.038619041442871,0.0125732421875,3600
8192,30,33,C,0.0,120,120,3480,120,120,0,100.0,0.0,0.27061192264832984,0.525,0.0022373199462890625,3.4264190196990967,0.0130615234375,3600
8192,30,33,Q,0.0,120,120,3480,63,63,0,52.5,0.0,0.27061192264832984,0.525,0.0022373199462890625,3.4264190196990967,0.0130615234375,3600
8192,30,34,C,0.0,120,120,3480,122,120,2,100.0,1.639344262295082,0.26510035298643847,0.5245901639344263,0.005042314529418945,4.3632121086120605,0.013427734375,3600
8192,30,34,Q,0.0,120,120,3480,64,63,1,52.5,1.5625,0.26510035298643847,0.5245901639344263,0.005042314529418945,4.3632121086120605,0.013427734375,3600
8192,30,35,C,0.0,120,120,3480,120,120,0,100.0,0.0,0.26980409300401553,0.55,0.002970457077026367,5.23151159286499,0.0142822265625,3600
8192,30,35,Q,0.0,120,120,3480,66,66,0,55.0,0.0,0.26980409300401553,0.55,0.002970457077026367,5.23151159286499,0.0142822265625,3600
8192,30,36,C,0.0,120,120,3480,120,120,0,100.0,0.0,0.25355380267221,0.48333333333333334,0.005018949508666992,6.525506496429443,0.0118408203125,3600
8192,30,36,Q,0.0,120,120,3480,58,58,0,48.333333333333336,0.0,0.25355380267221,0.48333333333333334,0.005018949508666992,6.525506496429443,0.0118408203125,3600
8192,30,37,C,0.0,120,120,3480,120,120,0,100.0,0.0,0.26090727475470354,0.5,0.004343986511230469,5.0024495124816895,0.0111083984375,3600
8192,30,37,Q,0.0,120,120,3480,60,60,0,50.0,0.0,0.26090727475470354,0.5,0.004343986511230469,5.0024495124816895,0.0111083984375,3600
8192,30,38,C,0.0,120,120,3480,122,120,2,100.0,1.639344262295082,0.2554617152810984,0.4918032786885246,0.003523588180541992,4.6382856369018555,0.011962890625,3600
8192,30,38,Q,0.0,120,120,3480,60,59,1,49.166666666666664,1.6666666666666667,0.2554617152810984,0.4918032786885246,0.003523588180541992,4.6382856369018555,0.011962890625,3600
8192,30,39,C,0.0,120,120,3480,120,120,0,100.0,0.0,0.2873996630346288,0.6,0.0020542144775390625,4.913197755813599,0.0140380859375,3600
8192,30,39,Q,0.0,120,120,3480,72,72,0,60.0,0.0,0.2873996630346288,0.6,0.0020542144775390625,4.913197755813599,0.0140380859375,3600
8192,30,40,C,0.0,120,120,3480,120,120,0,100.0,0.0,0.2797535245052684,0.5666666666666667,0.005168914794921875,3.847264528274536,0.013427734375,3600
8192,30,40,Q,0.0,120,120,3480,68,68,0,56.666666666666664,0.0,0.2797535245052684,0.5666666666666667,0.005168914794921875,3.847264528274536,0.013427734375,3600
8192,30,41,C,0.0,120,120,3480,120,120,0,100.0,0.0,0.26019966040713743,0.475,0.002838611602783203,4.055755615234375,0.0111083984375,3600
8192,30,41,Q,0.0,120,120,3480,57,57,0,47.5,0.0,0.26019966040713743,0.475,0.002838611602783203,4.055755615234375,0.0111083984375,3600
8192,30,42,C,0.0,120,120,3480,120,120,0,100.0,0.0,0.27336685481729356,0.5333333333333333,0.001878499984741211,3.886735439300537,0.0125732421875,3600
8192,30,42,Q,0.0,120,120,3480,64,64,0,53.333333333333336,0.0,0.27336685481729356,0.5333333333333333,0.001878499984741211,3.886735439300537,0.0125732421875,3600
8192,30,43,C,0.0,120,120,3480,120,120,0,100.0,0.0,0.28067778457285303,0.6083333333333333,0.002658843994140625,3.381040096282959,0.0147705078125,3600
8192,30,43,Q,0.0,120,120,3480,73,73,0,60.833333333333336,0.0,0.28067778457285303,0.6083333333333333,0.002658843994140625,3.381040096282959,0.0147705078125,3600
8192,30,44,C,0.0,120,120,3480,120,120,0,100.0,0.0,0.27549039778419016,0.5666666666666667,0.0032851696014404297,5.288822889328003,0.01318359375,3600
8192,30,44,Q,0.0,120,120,3480,68,68,0,56.666666666666664,0.0,0.27549039778419016,0.5666666666666667,0.0032851696014404297,5.288822889328003,0.01318359375,3600
8192,30,45,C,0.0,120,120,3480,126,120,6,100.0,4.761904761904762,0.2669911640810671,0.5158730158730159,0.0018198490142822266,3.2487435340881348,0.01220703125,3600
8192,30,45,Q,0.0,120,120,3480,65,61,4,50.833333333333336,6.153846153846154,0.2669911640810671,0.5158730158730159,0.0018198490142822266,3.2487435340881348,0.01220703125,3600
8192,30,46,C,0.0,120,120,3480,120,120,0,100.0,0.0,0.2722644279874449,0.5416666666666666,0.001649618148803711,3.5695903301239014,0.01220703125,3600
8192,30,46,Q,0.0,120,120,3480,65,65,0,54.166666666666664,0.0,0.2722644279874449,0.5416666666666666,0.001649618148803711,3.5695903301239014,0.01220703125,3600
8192,30,47,C,0.0,120,120,3480,120,120,0,100.0,0.0,0.26669479621456915,0.5166666666666667,0.001977205276489258,4.186200857162476,0.0125732421875,3600
8192,30,47,Q,0.0,120,120,3480,62,62,0,51.666666666666664,0.0,0.26669479621456915,0.5166666666666667,0.001977205276489258,4.186200857162476,0.0125732421875,3600
8192,30,48,C,0.0,120,120,3480,120,120,0,100.0,0.0,0.2569270499435249,0.48333333333333334,0.0019469261169433594,2.504958391189575,0.0108642578125,3600
8192,30,48,Q,0.0,120,120,3480,58,58,0,48.333333333333336,0.0,0.2569270499435249,0.48333333333333334,0.0019469261169433594,2.504958391189575,0.0108642578125,3600
8192,30,49,C,0.0,120,120,3480,120,120,0,100.0,0.0,0.2699395488987795,0.525,0.0019397735595703125,3.5097241401672363,0.0115966796875,3600
8192,30,49,Q,0.0,120,120,3480,63,63,0,52.5,0.0,0.2699395488987795,0.525,0.0019397735595703125,3.5097241401672363,0.0115966796875,3600
8192,30,50,C,0.0,120,120,3480,120,120,0,100.0,0.0,0.2559921784482534,0.475,0.001615762710571289,2.3729443550109863,0.0103759765625,3600
8192,30,50,Q,0.0,120,120,3480,57,57,0,47.5,0.0,0.2559921784482534,0.475,0.001615762710571289,2.3729443550109863,0.0103759765625,3600
8192,30,51,C,0.0,120,120,3480,120,120,0,100.0,0.0,0.2760540825235469,0.575,0.0028460025787353516,3.9715662002563477,0.011962890625,3600
8192,30,51,Q,0.0,120,120,3480,69,69,0,57.5,0.0,0.2760540825235469,0.575,0.0028460025787353516,3.9715662002563477,0.011962890625,3600
8192,30,52,C,0.0,120,120,3480,120,120,0,100.0,0.0,0.24141297224709163,0.425,0.0014989376068115234,2.1658132076263428,0.0089111328125,3600
8192,30,52,Q,0.0,120,120,3480,51,51,0,42.5,0.0,0.24141297224709163,0.425,0.0014989376068115234,2.1658132076263428,0.0089111328125,3600
8192,30,53,C,0.0,120,120,3480,120,120,0,100.0,0.0,0.2657533704769595,0.5,0.0035483837127685547,4.286635637283325,0.011962890625,3600
8192,30,53,Q,0.0,120,120,3480,60,60,0,50.0,0.0,0.2657533704769595,0.5,0.0035483837127685547,4.286635637283325,0.011962890625,3600
8192,30,54,C,0.0,120,120,3480,120,120,0,100.0,0.0,0.26891948285404227,0.525,0.0032880306243896484,3.891960620880127,0.01220703125,3600
8192,30,54,Q,0.0,120,120,3480,63,63,0,52.5,0.0,0.26891948285404227,0.525,0.0032880306243896484,3.891960620880127,0.01220703125,3600
8192,30,55,C,0.0,120,120,3480,120,120,0,100.0,0.0,0.27524640397985434,0.55,0.001519918441772461,2.4762649536132812,0.01318359375,3600
8192,30,55,Q,0.0,120,120,3480,66,66,0,55.0,0.0,0.27524640397985434,0.55,0.001519918441772461,2.4762649536132812,0.01318359375,3600
8192,30,56,C,0.0,120,120,3480,121,120,1,100.0,0.8264462809917356,0.27711413816550995,0.5619834710743802,0.0019450187683105469,3.3188414573669434,0.0140380859375,3600
8192,30,56,Q,0.0,120,120,3480,68,67,1,55.833333333333336,1.4705882352941178,0.27711413816550995,0.5619834710743802,0.0019450187683105469,3.3188414573669434,0.0140380859375,3600
8192,30,57,C,0.0,120,120,3480,120,120,0,100.0,0.0,0.26196492041757713,0.5166666666666667,0.0015933513641357422,2.8771417140960693,0.0123291015625,3600
8192,30,57,Q,0.0,120,120,3480,62,62,0,51.666666666666664,0.0,0.26196492041757713,0.5166666666666667,0.0015933513641357422,2.8771417140960693,0.0123291015625,3600
8192,30,58,C,0.0,120,120,3480,120,120,0,100.0,0.0,0.27110708617747603,0.5333333333333333,0.0030841827392578125,4.366609334945679,0.0103759765625,3600
8192,30,58,Q,0.0,120,120,3480,64,64,0,53.333333333333336,0.0,0.27110708617747603,0.5333333333333333,0.0030841827392578125,4.366609334945679,0.0103759765625,3600
8192,30,59,C,0.0,120,120,3480,120,120,0,100.0,0.0,0.25765109668141606,0.5083333333333333,0.0018088817596435547,4.422015428543091,0.0120849609375,3600
8192,30,59,Q,0.0,120,120,3480,61,61,0,50.833333333333336,0.0,0.25765109668141606,0.5083333333333333,0.0018088817596435547,4.422015428543091,0.0120849609375,3600
8192,50,0,C,0.0,200,200,9800,204,200,4,100.0,1.9607843137254901,0.14130378864717064,0.2107843137254902,0.0006945133209228516,8.844002962112427,0.006103515625,10000
8192,50,0,Q,0.0,200,200,9800,43,42,1,21.0,2.3255813953488373,0.14130378864717064,0.2107843137254902,0.0006945133209228516,8.844002962112427,0.006103515625,10000
8192,50,1,C,0.0,200,200,9800,202,200,2,100.0,0.9900990099009901,0.12998078513256714,0.19306930693069307,0.0008177757263183594,10.737377882003784,0.0048828125,10000
8192,50,1,Q,0.0,200,200,9800,39,38,1,19.0,2.5641025641025643,0.12998078513256714,0.19306930693069307,0.0008177757263183594,10.737377882003784,0.0048828125,10000
8192,50,2,C,0.0,200,200,9800,204,200,4,100.0,1.9607843137254901,0.11550698918179882,0.15196078431372548,0.000579833984375,10.61369276046753,0.004150390625,10000
8192,50,2,Q,0.0,200,200,9800,31,31,0,15.5,0.0,0.11550698918179882,0.15196078431372548,0.000579833984375,10.61369276046753,0.004150390625,10000
8192,50,3,C,0.0,200,200,9800,202,200,2,100.0,0.9900990099009901,0.1226046489139591,0.1782178217821782,0.0015239715576171875,20.796699285507202,0.004638671875,10000
8192,50,3,Q,0.0,200,200,9800,36,36,0,18.0,0.0,0.1226046489139591,0.1782178217821782,0.0015239715576171875,20.796699285507202,0.004638671875,10000
8192,50,4,C,0.0,200,200,9800,200,200,0,100.0,0.0,0.11926562137493239,0.15,0.005950212478637695,10.501523494720459,0.00390625,10000
8192,50,4,Q,0.0,200,200,9800,30,30,0,15.0,0.0,0.11926562137493239,0.15,0.005950212478637695,10.501523494720459,0.00390625,10000
8192,50,5,C,0.0,200,200,9800,204,200,4,100.0,1.9607843137254901,0.11223767565246107,0.14705882352941177,0.0005714893341064453,9.871021032333374,0.00390625,10000
8192,50,5,Q,0.0,200,200,9800,30,30,0,15.0,0.0,0.11223767565246107,0.14705882352941177,0.0005714893341064453,9.871021032333374,0.00390625,10000
8192,50,6,C,0.0,200,200,9800,206,200,6,100.0,2.912621359223301,0.0963774956714846,0.11650485436893204,0.0015790462493896484,20.676878213882446,0.0029296875,10000
8192,50,6,Q,0.0,200,200,9800,24,24,0,12.0,0.0,0.0963774956714846,0.11650485436893204,0.0015790462493896484,20.676878213882446,0.0029296875,10000
8192,50,7,C,0.0,200,200,9800,204,200,4,100.0,1.9607843137254901,0.13561616958814363,0.19607843137254902,0.0006322860717773438,8.560137271881104,0.0050048828125,10000
8192,50,7,Q,0.0,200,200,9800,40,39,1,19.5,2.5,0.13561616958814363,0.19607843137254902,0.0006322860717773438,8.560137271881104,0.0050048828125,10000
8192,50,8,C,0.0,200,200,9800,202,200,2,100.0,0.9900990099009901,0.12495826211515645,0.1782178217821782,0.0007259845733642578,11.939310312271118,0.0045166015625,10000
8192,50,8,Q,0.0,200,200,9800,36,36,0,18.0,0.0,0.12495826211515645,0.1782178217821782,0.0007259845733642578,11.939310312271118,0.0045166015625,10000
8192,50,9,C,0.0,200,200,9800,204,200,4,100.0,1.9607843137254901,0.12187785932728688,0.1715686274509804,0.0006055831909179688,6.6922712326049805,0.004638671875,10000
8192,50,9,Q,0.0,200,200,9800,35,35,0,17.5,0.0,0.12187785932728688,0.1715686274509804,0.0006055831909179688,6.6922712326049805,0.004638671875,10000
8192,50,10,C,0.0,200,200,9800,206,200,6,100.0,2.912621359223301,0.1168260193237087,0.15048543689320387,0.0008790493011474609,12.58765697479248,0.0045166015625,10000
8192,50,10,Q,0.0,200,200,9800,31,31,0,15.5,0.0,0.1168260193237087,0.15048543689320387,0.0008790493011474609,12.58765697479248,0.0045166015625,10000
8192,50,11,C,0.0,200,200,9800,200,200,0,100.0,0.0,0.1339056465098429,0.205,0.00048732757568359375,5.708163261413574,0.005859375,10000
8192,50,11,Q,0.0,200,200,9800,41,41,0,20.5,0.0,0.1339056465098429,0.205,0.00048732757568359375,5.708163261413574,0.005859375,10000
8192,50,12,C,0.0,200,200,9800,200,200,0,100.0,0.0,0.11272702335610162,0.14,0.0011200904846191406,15.507254123687744,0.0035400390625,10000
8192,50,12,Q,0.0,200,200,9800,28,28,0,14.0,0.0,0.11272702335610162,0.14,0.0011200904846191406,15.507254123687744,0.0035400390625,10000
8192,50,13,C,0.0,200,200,9800,202,200,2,100.0,0.9900990099009901,0.12803644071515835,0.18316831683168316,0.0007264614105224609,9.129520177841187,0.005126953125,10000
8192,50,13,Q,0.0,200,200,9800,37,37,0,18.5,0.0,0.12803644071515835,0.18316831683168316,0.0007264614105224609,9.129520177841187,0.005126953125,10000
8192,50,14,C,0.0,200,200,9800,200,200,0,100.0,0.0,0.14081853172062322,0.215,0.00048661231994628906,7.810706853866577,0.0059814453125,10000
8192,50,14,Q,0.0,200,200,9800,43,43,0,21.5,0.0,0.14081853172062322,0.215,0.00048661231994628906,7.810706853866577,0.0059814453125,10000
8192,50,15,C,0.0,200,200,9800,206,200,6,100.0,2.912621359223301,0.12709437928571077,0.17475728155339806,0.0011315345764160156,10.511040687561035,0.0048828125,10000
8192,50,15,Q,0.0,200,200,9800,36,34,2,17.0,5.555555555555555,0.12709437928571077,0.17475728155339806,0.0011315345764160156,10.511040687561035,0.0048828125,10000
8192,50,16,C,0.0,200,200,9800,204,200,4,100.0,1.9607843137254901,0.13018784855942683,0.19117647058823528,0.0005970001220703125,10.433449506759644,0.0052490234375,10000
8192,50,16,Q,0.0,200,200,9800,39,39,0,19.5,0.0,0.13018784855942683,0.19117647058823528,0.0005970001220703125,10.433449506759644,0.0052490234375,10000
8192,50,17,C,0.0,200,200,9800,202,200,2,100.0,0.9900990099009901,0.11254492695296313,0.14356435643564355,0.0004999637603759766,6.515650510787964,0.0035400390625,10000
8192,50,17,Q,0.0,200,200,9800,29,28,1,14.0,3.4482758620689653,0.11254492695296313,0.14356435643564355,0.0004999637603759766,6.515650510787964,0.0035400390625,10000
8192,50,18,C,0.0,200,200,9800,200,200,0,100.0,0.0,0.1267768612256769,0.18,0.0006272792816162109,17.192163705825806,0.0057373046875,10000
8192,50,18,Q,0.0,200,200,9800,36,36,0,18.0,0.0,0.1267768612256769,0.18,0.0006272792816162109,17.192163705825806,0.0057373046875,10000
8192,50,19,C,0.0,200,200,9800,202,200,2,100.0,0.9900990099009901,0.13818652121234534,0.21782178217821782,0.0008726119995117188,9.944925785064697,0.0059814453125,10000
8192,50,19,Q,0.0,200,200,9800,44,43,1,21.5,2.272727272727273,0.13818652121234534,0.21782178217821782,0.0008726119995117188,9.944925785064697,0.0059814453125,10000
8192,50,20,C,0.0,200,200,9800,202,200,2,100.0,0.9900990099009901,0.13235749445877096,0.18316831683168316,0.000759124755859375,9.647984504699707,0.005126953125,10000
8192,50,20,Q,0.0,200,200,9800,37,37,0,18.5,0.0,0.13235749445877096,0.18316831683168316,0.000759124755859375,9.647984504699707,0.005126953125,10000
8192,50,21,C,0.0,200,200,9800,204,200,4,100.0,1.9607843137254901,0.1227418802896131,0.17647058823529413,0.0005002021789550781,8.044668436050415,0.005126953125,10000
8192,50,21,Q,0.0,200,200,9800,36,36,0,18.0,0.0,0.1227418802896131,0.17647058823529413,0.0005002021789550781,8.044668436050415,0.005126953125,10000
8192,50,22,C,0.0,200,200,9800,204,200,4,100.0,1.9607843137254901,0.14719226262379848,0.23529411764705882,0.0011262893676757812,9.592714309692383,0.0064697265625,10000
8192,50,22,Q,0.0,200,200,9800,48,47,1,23.5,2.0833333333333335,0.14719226262379848,0.23529411764705882,0.0011262893676757812,9.592714309692383,0.0064697265625,10000
8192,50,23,C,0.0,200,200,9800,202,200,2,100.0,0.9900990099009901,0.11469155221734603,0.13861386138613863,0.0004887580871582031,6.893716335296631,0.003662109375,10000
8192,50,23,Q,0.0,200,200,9800,28,28,0,14.0,0.0,0.11469155221734603,0.13861386138613863,0.0004887580871582031,6.893716335296631,0.003662109375,10000
8192,50,24,C,0.0,200,200,9800,200,200,0,100.0,0.0,0.12482775783903216,0.17,0.0007512569427490234,10.75356936454773,0.0050048828125,10000
8192,50,24,Q,0.0,200,200,9800,34,34,0,17.0,0.0,0.12482775783903216,0.17,0.0007512569427490234,10.75356936454773,0.0050048828125,10000
8192,50,25,C,0.0,200,200,9800,202,200,2,100.0,0.9900990099009901,0.11966972337253971,0.15841584158415842,0.0010035037994384766,17.114551067352295,0.004150390625,10000
8192,50,25,Q,0.0,200,200,9800,32,32,0,16.0,0.0,0.11966972337253971,0.15841584158415842,0.0010035037994384766,17.114551067352295,0.004150390625,10000
8192,50,26,C,0.0,200,200,9800,204,200,4,100.0,1.9607843137254901,0.13959652703105052,0.2107843137254902,0.0005049705505371094,7.231443166732788,0.005859375,10000
8192,50,26,Q,0.0,200,200,9800,43,42,1,21.0,2.3255813953488373,0.13959652703105052,0.2107843137254902,0.0005049705505371094,7.231443166732788,0.005859375,10000
8192,50,27,C,0.0,200,200,9800,204,200,4,100.0,1.9607843137254901,0.10957872113287706,0.12745098039215685,0.0009353160858154297,9.393508672714233,0.003662109375,10000
8192,50,27,Q,0.0,200,200,9800,26,26,0,13.0,0.0,0.10957872113287706,0.12745098039215685,0.0009353160858154297,9.393508672714233,0.003662109375,10000
8192,50,28,C,0.0,200,200,9800,200,200,0,100.0,0.0,0.1425083486169044,0.215,0.0009441375732421875,6.651490926742554,0.0062255859375,10000
8192,50,28,Q,0.0,200,200,9800,43,43,0,21.5,0.0,0.1425083486169044,0.215,0.0009441375732421875,6.651490926742554,0.0062255859375,10000
8192,50,29,C,0.0,200,200,9800,202,200,2,100.0,0.9900990099009901,0.13593005559866964,0.20297029702970298,0.0004971027374267578,8.028019428253174,0.006103515625,10000
8192,50,29,Q,0.0,200,200,9800,41,41,0,20.5,0.0,0.13593005559866964,0.20297029702970298,0.0004971027374267578,8.028019428253174,0.006103515625,10000
8192,50,30,C,0.0,200,200,9800,204,200,4,100.0,1.9607843137254901,0.1351524980286385,0.2107843137254902,0.0016474723815917969,8.939971208572388,0.0059814453125,10000
8192,50,30,Q,0.0,200,200,9800,43,41,2,20.5,4.651162790697675,0.1351524980286385,0.2107843137254902,0.0016474723815917969,8.939971208572388,0.0059814453125,10000
8192,50,31,C,0.0,200,200,9800,203,200,3,100.0,1.477832512315271,0.1142747104761631,0.15270935960591134,0.0007519721984863281,6.3372039794921875,0.00390625,10000
8192,50,31,Q,0.0,200,200,9800,31,31,0,15.5,0.0,0.1142747104761631,0.15270935960591134,0.0007519721984863281,6.3372039794921875,0.00390625,10000
8192,50,32,C,0.0,200,200,9800,202,200,2,100.0,0.9900990099009901,0.11981044665026251,0.16336633663366337,0.0009913444519042969,18.655465602874756,0.0048828125,10000
8192,50,32,Q,0.0,200,200,9800,33,33,0,16.5,0.0,0.11981044665026251,0.16336633663366337,0.0009913444519042969,18.655465602874756,0.0048828125,10000
8192,50,33,C,0.0,200,200,9800,200,200,0,100.0,0.0,0.12808605931960007,0.18,0.00045752525329589844,6.628411531448364,0.005615234375,10000
8192,50,33,Q,0.0,200,200,9800,36,36,0,18.0,0.0,0.12808605931960007,0.18,0.00045752525329589844,6.628411531448364,0.005615234375,10000
8192,50,34,C,0.0,200,200,9800,204,200,4,100.0,1.9607843137254901,0.12119822948717,0.16176470588235295,0.00066375732421875,8.13520097732544,0.0045166015625,10000
8192,50,34,Q,0.0,200,200,9800,33,32,1,16.0,3.0303030303030303,0.12119822948717,0.16176470588235295,0.00066375732421875,8.13520097732544,0.0045166015625,10000
8192,50,35,C,0.0,200,200,9800,204,200,4,100.0,1.9607843137254901,0.12710081382878682,0.18137254901960784,0.0006935596466064453,7.827988147735596,0.00537109375,10000
8192,50,35,Q,0.0,200,200,9800,37,37,0,18.5,0.0,0.12710081382878682,0.18137254901960784,0.0006935596466064453,7.827988147735596,0.00537109375,10000
8192,50,36,C,0.0,200,200,9800,204,200,4,100.0,1.9607843137254901,0.12086829898659425,0.16176470588235295,0.0004985332489013672,7.534327507019043,0.00439453125,10000
8192,50,36,Q,0.0,200,200,9800,33,32,1,16.0,3.0303030303030303,0.12086829898659425,0.16176470588235295,0.0004985332489013672,7.534327507019043,0.00439453125,10000
8192,50,37,C,0.0,200,200,9800,200,200,0,100.0,0.0,0.11470494998063281,0.14,0.0009827613830566406,11.234530210494995,0.003662109375,10000
8192,50,37,Q,0.0,200,200,9800,28,28,0,14.0,0.0,0.11470494998063281,0.14,0.0009827613830566406,11.234530210494995,0.003662109375,10000
8192,50,38,C,0.0,200,200,9800,200,200,0,100.0,0.0,0.1346410407024456,0.195,0.001417398452758789,14.482964992523193,0.0052490234375,10000
8192,50,38,Q,0.0,200,200,9800,39,39,0,19.5,0.0,0.1346410407024456,0.195,0.001417398452758789,14.482964992523193,0.0052490234375,10000
8192,50,39,C,0.0,200,200,9800,200,200,0,100.0,0.0,0.133449517318726,0.205,0.0006873607635498047,8.604756832122803,0.0057373046875,10000
8192,50,39,Q,0.0,200,200,9800,41,41,0,20.5,0.0,0.133449517318726,0.205,0.0006873607635498047,8.604756832122803,0.0057373046875,10000
8192,50,40,C,0.0,200,200,9800,200,200,0,100.0,0.0,0.1333900901835964,0.195,0.00043010711669921875,7.954937696456909,0.0052490234375,10000
8192,50,40,Q,0.0,200,200,9800,39,39,0,19.5,0.0,0.1333900901835964,0.195,0.00043010711669921875,7.954937696456909,0.0052490234375,10000
8192,50,41,C,0.0,200,200,9800,201,200,1,100.0,0.4975124378109453,0.12486328343612334,0.18407960199004975,0.002305269241333008,8.479968309402466,0.0050048828125,10000
8192,50,41,Q,0.0,200,200,9800,37,36,1,18.0,2.7027027027027026,0.12486328343612334,0.18407960199004975,0.002305269241333008,8.479968309402466,0.0050048828125,10000
8192,50,42,C,0.0,200,200,9800,200,200,0,100.0,0.0,0.13770887663938244,0.2,0.0005400180816650391,9.347053050994873,0.005859375,10000
8192,50,42,Q,0.0,200,200,9800,40,40,0,20.0,0.0,0.13770887663938244,0.2,0.0005400180816650391,9.347053050994873,0.005859375,10000
8192,50,43,C,0.0,200,200,9800,202,200,2,100.0,0.9900990099009901,0.14340774961214423,0.22277227722772278,0.0005586147308349609,7.797499895095825,0.0064697265625,10000
8192,50,43,Q,0.0,200,200,9800,45,45,0,22.5,0.0,0.14340774961214423,0.22277227722772278,0.0005586147308349609,7.797499895095825,0.0064697265625,10000
8192,50,44,C,0.0,200,200,9800,202,200,2,100.0,0.9900990099009901,0.1232591366020151,0.16336633663366337,0.0005331039428710938,9.334129095077515,0.0048828125,10000
8192,50,44,Q,0.0,200,200,9800,33,33,0,16.5,0.0,0.1232591366020151,0.16336633663366337,0.0005331039428710938,9.334129095077515,0.0048828125,10000
8192,50,45,C,0.0,200,200,9800,200,200,0,100.0,0.0,0.15095737971064283,0.235,0.0005593299865722656,6.416583776473999,0.0068359375,10000
8192,50,45,Q,0.0,200,200,9800,47,47,0,23.5,0.0,0.15095737971064283,0.235,0.0005593299865722656,6.416583776473999,0.0068359375,10000
8192,50,46,C,0.0,200,200,9800,208,200,8,100.0,3.8461538461538463,0.13339063609801693,0.18269230769230768,0.0006873607635498047,8.088196277618408,0.0052490234375,10000
8192,50,46,Q,0.0,200,200,9800,38,38,0,19.0,0.0,0.13339063609801693,0.18269230769230768,0.0006873607635498047,8.088196277618408,0.0052490234375,10000
8192,50,47,C,0.0,200,200,9800,206,200,6,100.0,2.912621359223301,0.12888415834926897,0.18446601941747573,0.0013566017150878906,17.72205376625061,0.005615234375,10000
8192,50,47,Q,0.0,200,200,9800,38,37,1,18.5,2.6315789473684212,0.12888415834926897,0.18446601941747573,0.0013566017150878906,17.72205376625061,0.005615234375,10000
8192,50,48,C,0.0,200,200,9800,201,200,1,100.0,0.4975124378109453,0.130127704979076,0.17412935323383086,0.0007297992706298828,5.349337339401245,0.0047607421875,10000
8192,50,48,Q,0.0,200,200,9800,35,34,1,17.0,2.857142857142857,0.130127704979076,0.17412935323383086,0.0007297992706298828,5.349337339401245,0.0047607421875,10000
8192,50,49,C,0.0,200,200,9800,202,200,2,100.0,0.9900990099009901,0.12923267361292526,0.19306930693069307,0.0006754398345947266,7.310540437698364,0.005615234375,10000
8192,50,49,Q,0.0,200,200,9800,39,38,1,19.0,2.5641025641025643,0.12923267361292526,0.19306930693069307,0.0006754398345947266,7.310540437698364,0.005615234375,10000
8192,50,50,C,0.0,200,200,9800,200,200,0,100.0,0.0,0.12599302469723395,0.18,0.0006961822509765625,10.150763988494873,0.004638671875,10000
8192,50,50,Q,0.0,200,200,9800,36,36,0,18.0,0.0,0.12599302469723395,0.18,0.0006961822509765625,10.150763988494873,0.004638671875,10000
8192,50,51,C,0.0,200,200,9800,202,200,2,100.0,0.9900990099009901,0.12122641781689365,0.16831683168316833,0.0004892349243164062,5.466057538986206,0.0045166015625,10000
8192,50,51,Q,0.0,200,200,9800,34,34,0,17.0,0.0,0.12122641781689365,0.16831683168316833,0.0004892349243164062,5.466057538986206,0.0045166015625,10000
8192,50,52,C,0.0,200,200,9800,204,200,4,100.0,1.9607843137254901,0.12786796331308445,0.18137254901960784,0.0005283355712890625,7.481035470962524,0.005126953125,10000
8192,50,52,Q,0.0,200,200,9800,37,37,0,18.5,0.0,0.12786796331308445,0.18137254901960784,0.0005283355712890625,7.481035470962524,0.005126953125,10000
8192,50,53,C,0.0,200,200,9800,200,200,0,100.0,0.0,0.136374047959913,0.2,0.0007600784301757812,16.807640075683594,0.0057373046875,10000
8192,50,53,Q,0.0,200,200,9800,40,40,0,20.0,0.0,0.136374047959913,0.2,0.0007600784301757812,16.807640075683594,0.0057373046875,10000
8192,50,54,C,0.0,200,200,9800,202,200,2,100.0,0.9900990099009901,0.11432964490562683,0.14356435643564355,0.0008449554443359375,10.97323226928711,0.0040283203125,10000
8192,50,54,Q,0.0,200,200,9800,29,29,0,14.5,0.0,0.11432964490562683,0.14356435643564355,0.0008449554443359375,10.97323226928711,0.0040283203125,10000
8192,50,55,C,0.0,200,200,9800,200,200,0,100.0,0.0,0.13159062334847021,0.195,0.000568389892578125,7.809320688247681,0.00537109375,10000
8192,50,55,Q,0.0,200,200,9800,39,39,0,19.5,0.0,0.13159062334847021,0.195,0.000568389892578125,7.809320688247681,0.00537109375,10000
8192,50,56,C,0.0,200,200,9800,200,200,0,100.0,0.0,0.13007971725769812,0.185,0.00044798851013183594,7.311585903167725,0.004638671875,10000
8192,50,56,Q,0.0,200,200,9800,37,37,0,18.5,0.0,0.13007971725769812,0.185,0.00044798851013183594,7.311585903167725,0.004638671875,10000
8192,50,57,C,0.0,200,200,9800,206,200,6,100.0,2.912621359223301,0.14635530714015577,0.23786407766990292,0.0006017684936523438,9.896170616149902,0.0068359375,10000
8192,50,57,Q,0.0,200,200,9800,49,48,1,24.0,2.0408163265306123,0.14635530714015577,0.23786407766990292,0.0006017684936523438,9.896170616149902,0.0068359375,10000
8192,50,58,C,0.0,200,200,9800,200,200,0,100.0,0.0,0.1285875680162464,0.185,0.0006034374237060547,8.763443231582642,0.004638671875,10000
8192,50,58,Q,0.0,200,200,9800,37,37,0,18.5,0.0,0.1285875680162464,0.185,0.0006034374237060547,8.763443231582642,0.004638671875,10000
8192,50,59,C,0.0,200,200,9800,202,200,2,100.0,0.9900990099009901,0.12790632144843977,0.18316831683168316,0.0005543231964111328,7.429836988449097,0.0050048828125,10000
8192,50,59,Q,0.0,200,200,9800,37,37,0,18.5,0.0,0.12790632144843977,0.18316831683168316,0.0005543231964111328,7.429836988449097,0.0050048828125,10000
8192,75,0,C,0.0,300,300,22200,312,300,12,100.0,3.8461538461538463,0.0834665554756193,0.10897435897435898,0.004065036773681641,29.03203845024109,0.0045166015625,22500
8192,75,0,Q,0.0,300,300,22200,34,33,1,11.0,2.9411764705882355,0.0834665554756193,0.10897435897435898,0.004065036773681641,29.03203845024109,0.0045166015625,22500
8192,75,1,C,0.0,300,300,22200,310,300,10,100.0,3.225806451612903,0.07714250068660455,0.0935483870967742,0.0011217594146728516,11.376316785812378,0.00390625,22500
8192,75,1,Q,0.0,300,300,22200,29,28,1,9.333333333333334,3.4482758620689653,0.07714250068660455,0.0935483870967742,0.0011217594146728516,11.376316785812378,0.00390625,22500
8192,75,2,C,0.0,300,300,22200,304,300,4,100.0,1.3157894736842106,0.07090367111493072,0.08223684210526316,0.0009484291076660156,15.235288143157959,0.00341796875,22500
8192,75,2,Q,0.0,300,300,22200,25,25,0,8.333333333333334,0.0,0.07090367111493072,0.08223684210526316,0.0009484291076660156,15.235288143157959,0.00341796875,22500
8192,75,3,C,0.0,300,300,22200,306,300,6,100.0,1.9607843137254901,0.08223165182443931,0.10784313725490197,0.0007445812225341797,12.24271559715271,0.004150390625,22500
8192,75,3,Q,0.0,300,300,22200,33,33,0,11.0,0.0,0.08223165182443931,0.10784313725490197,0.0007445812225341797,12.24271559715271,0.004150390625,22500
8192,75,4,C,0.0,300,300,22200,310,300,10,100.0,3.225806451612903,0.08788255301787404,0.11290322580645161,0.001028299331665039,10.238582372665405,0.0045166015625,22500
8192,75,4,Q,0.0,300,300,22200,35,35,0,11.666666666666666,0.0,0.08788255301787404,0.11290322580645161,0.001028299331665039,10.238582372665405,0.0045166015625,22500
8192,75,5,C,0.0,300,300,22200,308,300,8,100.0,2.5974025974025974,0.07867786881923476,0.09415584415584416,0.0007731914520263672,11.006000518798828,0.003662109375,22500
8192,75,5,Q,0.0,300,300,22200,29,29,0,9.666666666666666,0.0,0.07867786881923476,0.09415584415584416,0.0007731914520263672,11.006000518798828,0.003662109375,22500
8192,75,6,C,0.0,300,300,22200,318,300,18,100.0,5.660377358490566,0.08562084552887048,0.11635220125786164,0.001089334487915039,12.490406513214111,0.0048828125,22500
8192,75,6,Q,0.0,300,300,22200,37,36,1,12.0,2.7027027027027026,0.08562084552887048,0.11635220125786164,0.001089334487915039,12.490406513214111,0.0048828125,22500
8192,75,7,C,0.0,300,300,22200,309,300,9,100.0,2.912621359223301,0.07530215409039397,0.08414239482200647,0.0014290809631347656,16.716651916503906,0.0037841796875,22500
8192,75,7,Q,0.0,300,300,22200,26,26,0,8.666666666666666,0.0,0.07530215409039397,0.08414239482200647,0.0014290809631347656,16.716651916503906,0.0037841796875,22500
8192,75,8,C,0.0,300,300,22200,310,300,10,100.0,3.225806451612903,0.07944024690387352,0.0967741935483871,0.0007159709930419922,11.510084867477417,0.0037841796875,22500
8192,75,8,Q,0.0,300,300,22200,30,29,1,9.666666666666666,3.3333333333333335,0.07944024690387352,0.0967741935483871,0.0007159709930419922,11.510084867477417,0.0037841796875,22500
8192,75,9,C,0.0,300,300,22200,304,300,4,100.0,1.3157894736842106,0.07338378248270978,0.09210526315789473,0.0007264614105224609,10.537742614746094,0.003662109375,22500
8192,75,9,Q,0.0,300,300,22200,28,27,1,9.0,3.5714285714285716,0.07338378248270978,0.09210526315789473,0.0007264614105224609,10.537742614746094,0.003662109375,22500
8192,75,10,C,0.0,300,300,22200,304,300,4,100.0,1.3157894736842106,0.07870964236451154,0.10526315789473684,0.001219034194946289,17.009760856628418,0.004150390625,22500
8192,75,10,Q,0.0,300,300,22200,32,32,0,10.666666666666666,0.0,0.07870964236451154,0.10526315789473684,0.001219034194946289,17.009760856628418,0.004150390625,22500
8192,75,11,C,0.0,300,300,22200,306,300,6,100.0,1.9607843137254901,0.07041436573379607,0.0784313725490196,0.0010685920715332031,10.951525449752808,0.003173828125,22500
8192,75,11,Q,0.0,300,300,22200,24,24,0,8.0,0.0,0.07041436573379607,0.0784313725490196,0.0010685920715332031,10.951525449752808,0.003173828125,22500
8192,75,12,C,0.0,300,300,22200,308,300,8,100.0,2.5974025974025974,0.08916066471805156,0.12987012987012986,0.001573324203491211,14.288417339324951,0.00537109375,22500
8192,75,12,Q,0.0,300,300,22200,40,39,1,13.0,2.5,0.08916066471805156,0.12987012987012986,0.001573324203491211,14.288417339324951,0.00537109375,22500
8192,75,13,C,0.0,300,300,22200,306,300,6,100.0,1.9607843137254901,0.08061612565166205,0.10130718954248366,0.0007579326629638672,10.896901369094849,0.00390625,22500
8192,75,13,Q,0.0,300,300,22200,31,31,0,10.333333333333334,0.0,0.08061612565166205,0.10130718954248366,0.0007579326629638672,10.896901369094849,0.00390625,22500
8192,75,14,C,0.0,300,300,22200,308,300,8,100.0,2.5974025974025974,0.08388596216422967,0.10714285714285714,0.0010442733764648438,10.93865156173706,0.004150390625,22500
8192,75,14,Q,0.0,300,300,22200,33,33,0,11.0,0.0,0.08388596216422967,0.10714285714285714,0.0010442733764648438,10.93865156173706,0.004150390625,22500
8192,75,15,C,0.0,300,300,22200,313,300,13,100.0,4.15335463258786,0.0789863600581985,0.10543130990415335,0.0014166831970214844,10.756436586380005,0.0042724609375,22500
8192,75,15,Q,0.0,300,300,22200,33,33,0,11.0,0.0,0.0789863600581985,0.10543130990415335,0.0014166831970214844,10.756436586380005,0.0042724609375,22500
8192,75,16,C,0.0,300,300,22200,304,300,4,100.0,1.3157894736842106,0.07158997221048835,0.08552631578947369,0.00499725341796875,33.300044775009155,0.00341796875,22500
8192,75,16,Q,0.0,300,300,22200,26,26,0,8.666666666666666,0.0,0.07158997221048835,0.08552631578947369,0.00499725341796875,33.300044775009155,0.00341796875,22500
8192,75,17,C,0.0,300,300,22200,306,300,6,100.0,1.9607843137254901,0.09015050764613915,0.13398692810457516,0.001016855239868164,15.429745197296143,0.00537109375,22500
8192,75,17,Q,0.0,300,300,22200,41,41,0,13.666666666666666,0.0,0.09015050764613915,0.13398692810457516,0.001016855239868164,15.429745197296143,0.00537109375,22500
8192,75,18,C,0.0,300,300,22200,306,300,6,100.0,1.9607843137254901,0.06781202991707318,0.0784313725490196,0.0011281967163085938,11.38224482536316,0.0029296875,22500
8192,75,18,Q,0.0,300,300,22200,24,22,2,7.333333333333333,8.333333333333334,0.06781202991707318,0.0784313725490196,0.0011281967163085938,11.38224482536316,0.0029296875,22500
8192,75,19,C,0.0,300,300,22200,310,300,10,100.0,3.225806451612903,0.07250737499451944,0.08709677419354839,0.0007791519165039062,11.185787439346313,0.00341796875,22500
8192,75,19,Q,0.0,300,300,22200,27,26,1,8.666666666666666,3.7037037037037037,0.07250737499451944,0.08709677419354839,0.0007791519165039062,11.185787439346313,0.00341796875,22500
8192,75,20,C,0.0,300,300,22200,314,300,14,100.0,4.45859872611465,0.08647755097577237,0.12420382165605096,0.0007166862487792969,8.779716491699219,0.0052490234375,22500
8192,75,20,Q,0.0,300,300,22200,39,38,1,12.666666666666666,2.5641025641025643,0.08647755097577237,0.12420382165605096,0.0007166862487792969,8.779716491699219,0.0052490234375,22500
8192,75,21,C,0.0,300,300,22200,304,300,4,100.0,1.3157894736842106,0.07667906660232805,0.09210526315789473,0.0010564327239990234,10.746779441833496,0.003662109375,22500
8192,75,21,Q,0.0,300,300,22200,28,28,0,9.333333333333334,0.0,0.07667906660232805,0.09210526315789473,0.0010564327239990234,10.746779441833496,0.003662109375,22500
8192,75,22,C,0.0,300,300,22200,312,300,12,100.0,3.8461538461538463,0.07310770670332642,0.08974358974358974,0.0010838508605957031,11.671727895736694,0.0037841796875,22500
8192,75,22,Q,0.0,300,300,22200,28,28,0,9.333333333333334,0.0,0.07310770670332642,0.08974358974358974,0.0010838508605957031,11.671727895736694,0.0037841796875,22500
8192,75,23,C,0.0,300,300,22200,310,300,10,100.0,3.225806451612903,0.09049441582227566,0.12903225806451613,0.0007643699645996094,13.0789954662323,0.0050048828125,22500
8192,75,23,Q,0.0,300,300,22200,40,40,0,13.333333333333334,0.0,0.09049441582227566,0.12903225806451613,0.0007643699645996094,13.0789954662323,0.0050048828125,22500
8192,75,24,C,0.0,300,300,22200,309,300,9,100.0,2.912621359223301,0.07490131746631785,0.08737864077669903,0.0018565654754638672,18.280537366867065,0.0037841796875,22500
8192,75,24,Q,0.0,300,300,22200,27,26,1,8.666666666666666,3.7037037037037037,0.07490131746631785,0.08737864077669903,0.0018565654754638672,18.280537366867065,0.0037841796875,22500
8192,75,25,C,0.0,300,300,22200,316,300,16,100.0,5.063291139240507,0.08206697291752894,0.10759493670886076,0.0012159347534179688,11.825628995895386,0.004150390625,22500
8192,75,25,Q,0.0,300,300,22200,34,33,1,11.0,2.9411764705882355,0.08206697291752894,0.10759493670886076,0.0012159347534179688,11.825628995895386,0.004150390625,22500
8192,75,26,C,0.0,300,300,22200,304,300,4,100.0,1.3157894736842106,0.09046718398081485,0.12828947368421054,0.0007665157318115234,10.588669538497925,0.005126953125,22500
8192,75,26,Q,0.0,300,300,22200,39,39,0,13.0,0.0,0.09046718398081485,0.12828947368421054,0.0007665157318115234,10.588669538497925,0.005126953125,22500
8192,75,27,C,0.0,300,300,22200,310,300,10,100.0,3.225806451612903,0.06250523679096717,0.06129032258064516,0.0040705204010009766,41.74866437911987,0.0025634765625,22500
8192,75,27,Q,0.0,300,300,22200,19,19,0,6.333333333333333,0.0,0.06250523679096717,0.06129032258064516,0.0040705204010009766,41.74866437911987,0.0025634765625,22500
8192,75,28,C,0.0,300,300,22200,312,300,12,100.0,3.8461538461538463,0.07771080491367012,0.09294871794871795,0.0009262561798095703,10.600833415985107,0.00390625,22500
8192,75,28,Q,0.0,300,300,22200,29,28,1,9.333333333333334,3.4482758620689653,0.07771080491367012,0.09294871794871795,0.0009262561798095703,10.600833415985107,0.00390625,22500
8192,75,29,C,0.0,300,300,22200,304,300,4,100.0,1.3157894736842106,0.09255214528678216,0.13815789473684212,0.0008137226104736328,11.06011176109314,0.0052490234375,22500
8192,75,29,Q,0.0,300,300,22200,42,42,0,14.0,0.0,0.09255214528678216,0.13815789473684212,0.0008137226104736328,11.06011176109314,0.0052490234375,22500
8192,75,30,C,0.0,300,300,22200,310,300,10,100.0,3.225806451612903,0.07045279889671394,0.08387096774193549,0.0008015632629394531,11.803566455841064,0.0032958984375,22500
8192,75,30,Q,0.0,300,300,22200,26,26,0,8.666666666666666,0.0,0.07045279889671394,0.08387096774193549,0.0008015632629394531,11.803566455841064,0.0032958984375,22500
8192,75,31,C,0.0,300,300,22200,298,292,6,97.33333333333333,2.0134228187919465,0.07377937936001294,0.09731543624161074,0.0028488636016845703,22.151145219802856,0.0037841796875,22500
8192,75,31,Q,0.0,300,300,22200,29,29,0,9.666666666666666,0.0,0.07377937936001294,0.09731543624161074,0.0028488636016845703,22.151145219802856,0.0037841796875,22500
8192,75,32,C,0.0,300,300,22200,304,300,4,100.0,1.3157894736842106,0.08438391345165924,0.125,0.0007851123809814453,10.85159158706665,0.0052490234375,22500
8192,75,32,Q,0.0,300,300,22200,38,37,1,12.333333333333334,2.6315789473684212,0.08438391345165924,0.125,0.0007851123809814453,10.85159158706665,0.0052490234375,22500
8192,75,33,C,0.0,300,300,22200,310,300,10,100.0,3.225806451612903,0.08657121026179229,0.11935483870967742,0.0007815361022949219,9.202643871307373,0.0047607421875,22500
8192,75,33,Q,0.0,300,300,22200,37,35,2,11.666666666666666,5.405405405405405,0.08657121026179229,0.11935483870967742,0.0007815361022949219,9.202643871307373,0.0047607421875,22500
8192,75,34,C,0.0,300,300,22200,314,300,14,100.0,4.45859872611465,0.07093938718408808,0.07961783439490445,0.0007717609405517578,11.29712700843811,0.0032958984375,22500
8192,75,34,Q,0.0,300,300,22200,25,25,0,8.333333333333334,0.0,0.07093938718408808,0.07961783439490445,0.0007717609405517578,11.29712700843811,0.0032958984375,22500
8192,75,35,C,0.0,300,300,22200,302,300,2,100.0,0.6622516556291391,0.07485519414562398,0.08609271523178808,0.0007846355438232422,11.252204895019531,0.00341796875,22500
8192,75,35,Q,0.0,300,300,22200,26,26,0,8.666666666666666,0.0,0.07485519414562398,0.08609271523178808,0.0007846355438232422,11.252204895019531,0.00341796875,22500
8192,75,36,C,0.0,300,300,22200,316,300,16,100.0,5.063291139240507,0.0697539867585679,0.08227848101265822,0.0008280277252197266,10.644131898880005,0.0032958984375,22500
8192,75,36,Q,0.0,300,300,22200,26,23,3,7.666666666666667,11.538461538461538,0.0697539867585679,0.08227848101265822,0.0008280277252197266,10.644131898880005,0.0032958984375,22500
8192,75,37,C,0.0,300,300,22200,307,300,7,100.0,2.2801302931596092,0.07990570592043268,0.08794788273615635,0.0009264945983886719,9.456923961639404,0.00341796875,22500
8192,75,37,Q,0.0,300,300,22200,27,27,0,9.0,0.0,0.07990570592043268,0.08794788273615635,0.0009264945983886719,9.456923961639404,0.00341796875,22500
8192,75,38,C,0.0,300,300,22200,310,300,10,100.0,3.225806451612903,0.06375706829337709,0.07096774193548387,0.0007166862487792969,10.580318212509155,0.0030517578125,22500
8192,75,38,Q,0.0,300,300,22200,22,20,2,6.666666666666667,9.090909090909092,0.06375706829337709,0.07096774193548387,0.0007166862487792969,10.580318212509155,0.0030517578125,22500
8192,75,39,C,0.0,300,300,22200,315,300,15,100.0,4.761904761904762,0.07332502300702076,0.08571428571428572,0.0031490325927734375,30.642117261886597,0.0032958984375,22500
8192,75,39,Q,0.0,300,300,22200,27,24,3,8.0,11.11111111111111,0.07332502300702076,0.08571428571428572,0.0031490325927734375,30.642117261886597,0.0032958984375,22500
8192,75,40,C,0.0,300,300,22200,306,300,6,100.0,1.9607843137254901,0.07741012242330207,0.09803921568627451,0.001378774642944336,17.25677752494812,0.003662109375,22500
8192,75,40,Q,0.0,300,300,22200,30,29,1,9.666666666666666,3.3333333333333335,0.07741012242330207,0.09803921568627451,0.001378774642944336,17.25677752494812,0.003662109375,22500
8192,75,41,C,0.0,300,300,22200,312,300,12,100.0,3.8461538461538463,0.0759726053493079,0.08653846153846154,0.0007834434509277344,12.620483160018921,0.0032958984375,22500
8192,75,41,Q,0.0,300,300,22200,27,27,0,9.0,0.0,0.0759726053493079,0.08653846153846154,0.0007834434509277344,12.620483160018921,0.0032958984375,22500
8192,75,42,C,0.0,300,300,22200,312,300,12,100.0,3.8461538461538463,0.0643258934016411,0.0673076923076923,0.0007879734039306641,12.734653234481812,0.0028076171875,22500
8192,75,42,Q,0.0,300,300,22200,21,19,2,6.333333333333333,9.523809523809524,0.0643258934016411,0.0673076923076923,0.0007879734039306641,12.734653234481812,0.0028076171875,22500
8192,75,43,C,0.0,300,300,22200,306,300,6,100.0,1.9607843137254901,0.08999883746668241,0.13071895424836602,0.0008556842803955078,16.895986318588257,0.00537109375,22500
8192,75,43,Q,0.0,300,300,22200,40,39,1,13.0,2.5,0.08999883746668241,0.13071895424836602,0.0008556842803955078,16.895986318588257,0.00537109375,22500
8192,75,44,C,0.0,300,300,22200,312,300,12,100.0,3.8461538461538463,0.06723688096829447,0.07371794871794872,0.0008373260498046875,11.38094186782837,0.0028076171875,22500
8192,75,44,Q,0.0,300,300,22200,23,22,1,7.333333333333333,4.3478260869565215,0.06723688096829447,0.07371794871794872,0.0008373260498046875,11.38094186782837,0.0028076171875,22500
8192,75,45,C,0.0,300,300,22200,306,300,6,100.0,1.9607843137254901,0.08183605603025214,0.10130718954248366,0.0010437965393066406,10.985947847366333,0.00390625,22500
8192,75,45,Q,0.0,300,300,22200,31,31,0,10.333333333333334,0.0,0.08183605603025214,0.10130718954248366,0.0010437965393066406,10.985947847366333,0.00390625,22500
8192,75,46,C,0.0,300,300,22200,306,300,6,100.0,1.9607843137254901,0.06874559019226872,0.07516339869281045,0.0007963180541992188,12.37009596824646,0.0030517578125,22500
8192,75,46,Q,0.0,300,300,22200,23,23,0,7.666666666666667,0.0,0.06874559019226872,0.07516339869281045,0.0007963180541992188,12.37009596824646,0.0030517578125,22500
8192,75,47,C,0.0,300,300,22200,314,300,14,100.0,4.45859872611465,0.07275313418260301,0.08917197452229299,0.0011515617370605469,20.22531294822693,0.00341796875,22500
8192,75,47,Q,0.0,300,300,22200,28,27,1,9.0,3.5714285714285716,0.07275313418260301,0.08917197452229299,0.0011515617370605469,20.22531294822693,0.00341796875,22500
8192,75,48,C,0.0,300,300,22200,310,300,10,100.0,3.225806451612903,0.06887051927920253,0.07419354838709677,0.000774383544921875,11.011121273040771,0.0028076171875,22500
8192,75,48,Q,0.0,300,300,22200,23,22,1,7.333333333333333,4.3478260869565215,0.06887051927920253,0.07419354838709677,0.000774383544921875,11.011121273040771,0.0028076171875,22500
8192,75,49,C,0.0,300,300,22200,308,300,8,100.0,2.5974025974025974,0.08309803459249986,0.10064935064935066,0.001277923583984375,12.220081806182861,0.004150390625,22500
8192,75,49,Q,0.0,300,300,22200,31,30,1,10.0,3.225806451612903,0.08309803459249986,0.10064935064935066,0.001277923583984375,12.220081806182861,0.004150390625,22500
8192,75,50,C,0.0,300,300,22200,302,300,2,100.0,0.6622516556291391,0.06823953783201928,0.08609271523178808,0.00072479248046875,10.416188716888428,0.003173828125,22500
8192,75,50,Q,0.0,300,300,22200,26,26,0,8.666666666666666,0.0,0.06823953783201928,0.08609271523178808,0.00072479248046875,10.416188716888428,0.003173828125,22500
8192,75,51,C,0.0,300,300,22200,308,300,8,100.0,2.5974025974025974,0.06129904629190274,0.05194805194805195,0.0009245872497558594,10.109833478927612,0.0020751953125,22500
8192,75,51,Q,0.0,300,300,22200,16,16,0,5.333333333333333,0.0,0.06129904629190274,0.05194805194805195,0.0009245872497558594,10.109833478927612,0.0020751953125,22500
8192,75,52,C,0.0,300,300,22200,316,300,16,100.0,5.063291139240507,0.08429810857670457,0.11392405063291139,0.0011279582977294922,11.66685676574707,0.0050048828125,22500
8192,75,52,Q,0.0,300,300,22200,36,35,1,11.666666666666666,2.7777777777777777,0.08429810857670457,0.11392405063291139,0.0011279582977294922,11.66685676574707,0.0050048828125,22500
8192,75,53,C,0.0,300,300,22200,314,300,14,100.0,4.45859872611465,0.0738435300944481,0.08917197452229299,0.0013010501861572266,16.06035280227661,0.003662109375,22500
8192,75,53,Q,0.0,300,300,22200,28,28,0,9.333333333333334,0.0,0.0738435300944481,0.08917197452229299,0.0013010501861572266,16.06035280227661,0.003662109375,22500
8192,75,54,C,0.0,300,300,22200,306,292,14,97.33333333333333,4.57516339869281,0.03242987915758028,0.09120521172638436,0.008122444152832031,38.54715275764465,0.0035400390625,22500
8192,75,54,Q,0.0,300,300,22200,29,29,0,9.666666666666666,0.0,0.03242987915758028,0.09120521172638436,0.008122444152832031,38.54715275764465,0.0035400390625,22500
8192,75,55,C,0.0,300,300,22200,304,300,4,100.0,1.3157894736842106,0.08941671630301672,0.12828947368421054,0.0008172988891601562,11.851351976394653,0.0048828125,22500
8192,75,55,Q,0.0,300,300,22200,39,39,0,13.0,0.0,0.08941671630301672,0.12828947368421054,0.0008172988891601562,11.851351976394653,0.0048828125,22500
8192,75,56,C,0.0,300,300,22200,310,300,10,100.0,3.225806451612903,0.06187466446801466,0.06129032258064516,0.0009403228759765625,10.54214334487915,0.0023193359375,22500
8192,75,56,Q,0.0,300,300,22200,19,19,0,6.333333333333333,0.0,0.06187466446801466,0.06129032258064516,0.0009403228759765625,10.54214334487915,0.0023193359375,22500
8192,75,57,C,0.0,300,300,22200,303,300,3,100.0,0.9900990099009901,0.08320994254391724,0.10231023102310231,0.0011472702026367188,11.003224611282349,0.0037841796875,22500
8192,75,57,Q,0.0,300,300,22200,31,31,0,10.333333333333334,0.0,0.08320994254391724,0.10231023102310231,0.0011472702026367188,11.003224611282349,0.0037841796875,22500
8192,75,58,C,0.0,300,300,22200,304,300,4,100.0,1.3157894736842106,0.07405597641627074,0.09210526315789473,0.001154184341430664,13.892490148544312,0.0037841796875,22500
8192,75,58,Q,0.0,300,300,22200,28,27,1,9.0,3.5714285714285716,0.07405597641627074,0.09210526315789473,0.001154184341430664,13.892490148544312,0.0037841796875,22500
8192,75,59,C,0.0,300,300,22200,314,300,14,100.0,4.45859872611465,0.08812662238444734,0.1178343949044586,0.0007562637329101562,10.238300323486328,0.0047607421875,22500
8192,75,59,Q,0.0,300,300,22200,37,36,1,12.0,2.7027027027027026,0.08812662238444734,0.1178343949044586,0.0007562637329101562,10.238300323486328,0.0047607421875,22500
8192,100,0,C,0.0,400,400,39600,416,400,16,100.0,3.8461538461538463,0.051452525548519805,0.057692307692307696,0.0010879039764404297,16.516472578048706,0.0029296875,40000
8192,100,0,Q,0.0,400,400,39600,24,23,1,5.75,4.166666666666667,0.051452525548519805,0.057692307692307696,0.0010879039764404297,16.516472578048706,0.0029296875,40000
8192,100,1,C,0.0,400,400,39600,420,400,20,100.0,4.761904761904762,0.03730798888613641,0.02619047619047619,0.0016870498657226562,23.6868999004364,0.0013427734375,40000
8192,100,1,Q,0.0,400,400,39600,11,11,0,2.75,0.0,0.03730798888613641,0.02619047619047619,0.0016870498657226562,23.6868999004364,0.0013427734375,40000
8192,100,2,C,0.0,400,400,39600,418,400,18,100.0,4.30622009569378,0.05290144283548339,0.06220095693779904,0.0013251304626464844,17.39916968345642,0.003173828125,40000
8192,100,2,Q,0.0,400,400,39600,26,25,1,6.25,3.8461538461538463,0.05290144283548339,0.06220095693779904,0.0013251304626464844,17.39916968345642,0.003173828125,40000
8192,100,3,C,0.0,400,400,39600,416,400,16,100.0,3.8461538461538463,0.05111876313048002,0.052884615384615384,0.0010182857513427734,16.81458806991577,0.0028076171875,40000
8192,100,3,Q,0.0,400,400,39600,22,21,1,5.25,4.545454545454546,0.05111876313048002,0.052884615384615384,0.0010182857513427734,16.81458806991577,0.0028076171875,40000
8192,100,4,C,0.0,400,400,39600,421,400,21,100.0,4.98812351543943,0.051134506375867875,0.0498812351543943,0.001445770263671875,16.960002899169922,0.0025634765625,40000
8192,100,4,Q,0.0,400,400,39600,21,20,1,5.0,4.761904761904762,0.051134506375867875,0.0498812351543943,0.001445770263671875,16.960002899169922,0.0025634765625,40000
8192,100,5,C,0.0,400,400,39600,422,400,22,100.0,5.213270142180095,0.036172310640038396,0.02843601895734597,0.009796142578125,54.339805364608765,0.0015869140625,40000
8192,100,5,Q,0.0,400,400,39600,12,12,0,3.0,0.0,0.036172310640038396,0.02843601895734597,0.009796142578125,54.339805364608765,0.0015869140625,40000
8192,100,6,C,0.0,400,400,39600,432,400,32,100.0,7.407407407407407,0.06043244441562283,0.05092592592592592,0.0027277469635009766,18.116246938705444,0.002685546875,40000
8192,100,6,Q,0.0,400,400,39600,22,22,0,5.5,0.0,0.06043244441562283,0.05092592592592592,0.0027277469635009766,18.116246938705444,0.002685546875,40000
8192,100,7,C,0.0,400,400,39600,420,400,20,100.0,4.761904761904762,0.04508767997593872,0.04285714285714286,0.00122833251953125,17.614075183868408,0.00244140625,40000
8192,100,7,Q,0.0,400,400,39600,18,17,1,4.25,5.555555555555555,0.04508767997593872,0.04285714285714286,0.00122833251953125,17.614075183868408,0.00244140625,40000
8192,100,8,C,0.0,400,400,39600,422,400,22,100.0,5.213270142180095,0.05559696456616862,0.06398104265402843,0.0010571479797363281,18.29678988456726,0.0032958984375,40000
8192,100,8,Q,0.0,400,400,39600,27,25,2,6.25,7.407407407407407,0.05559696456616862,0.06398104265402843,0.0010571479797363281,18.29678988456726,0.0032958984375,40000
8192,100,9,C,0.0,400,400,39600,424,400,24,100.0,5.660377358490566,0.056821793804522576,0.0660377358490566,0.0011060237884521484,18.054214477539062,0.00341796875,40000
8192,100,9,Q,0.0,400,400,39600,28,24,4,6.0,14.285714285714286,0.056821793804522576,0.0660377358490566,0.0011060237884521484,18.054214477539062,0.00341796875,40000
8192,100,10,C,0.0,400,400,39600,424,400,24,100.0,5.660377358490566,0.04274268360985652,0.03773584905660377,0.001054525375366211,20.32133460044861,0.001953125,40000
8192,100,10,Q,0.0,400,400,39600,16,16,0,4.0,0.0,0.04274268360985652,0.03773584905660377,0.001054525375366211,20.32133460044861,0.001953125,40000
8192,100,11,C,0.0,400,400,39600,422,400,22,100.0,5.213270142180095,0.05076996740357569,0.04739336492890995,0.001712799072265625,17.436625957489014,0.00244140625,40000
8192,100,11,Q,0.0,400,400,39600,20,20,0,5.0,0.0,0.05076996740357569,0.04739336492890995,0.001712799072265625,17.436625957489014,0.00244140625,40000
8192,100,12,C,0.0,400,400,39600,426,400,26,100.0,6.103286384976526,0.03990753286572278,0.03051643192488263,0.0012195110321044922,15.423768997192383,0.001708984375,40000
8192,100,12,Q,0.0,400,400,39600,13,13,0,3.25,0.0,0.03990753286572278,0.03051643192488263,0.0012195110321044922,15.423768997192383,0.001708984375,40000
8192,100,13,C,0.0,400,400,39600,414,400,14,100.0,3.3816425120772946,0.04779498379165268,0.04830917874396135,0.0012655258178710938,17.39955711364746,0.00244140625,40000
8192,100,13,Q,0.0,400,400,39600,20,19,1,4.75,5.0,0.04779498379165268,0.04830917874396135,0.0012655258178710938,17.39955711364746,0.00244140625,40000
8192,100,14,C,0.0,400,400,39600,415,400,15,100.0,3.6144578313253013,0.04479608394442738,0.03855421686746988,0.004554033279418945,58.615166902542114,0.0020751953125,40000
8192,100,14,Q,0.0,400,400,39600,16,16,0,4.0,0.0,0.04479608394442738,0.03855421686746988,0.004554033279418945,58.615166902542114,0.0020751953125,40000
8192,100,15,C,0.0,400,400,39600,409,392,17,98.0,4.156479217603912,0.017726659175223685,0.06097560975609756,0.004871368408203125,26.219913721084595,0.003173828125,40000
8192,100,15,Q,0.0,400,400,39600,26,25,1,6.25,3.8461538461538463,0.017726659175223685,0.06097560975609756,0.004871368408203125,26.219913721084595,0.003173828125,40000
8192,100,16,C,0.0,400,400,39600,415,400,15,100.0,3.6144578313253013,0.04449994506551565,0.03855421686746988,0.0016009807586669922,27.875771045684814,0.0020751953125,40000
8192,100,16,Q,0.0,400,400,39600,16,16,0,4.0,0.0,0.04449994506551565,0.03855421686746988,0.0016009807586669922,27.875771045684814,0.0020751953125,40000
8192,100,17,C,0.0,400,400,39600,430,400,30,100.0,6.976744186046512,0.05702570015910556,0.05581395348837209,0.0019419193267822266,17.730854511260986,0.0030517578125,40000
8192,100,17,Q,0.0,400,400,39600,24,23,1,5.75,4.166666666666667,0.05702570015910556,0.05581395348837209,0.0019419193267822266,17.730854511260986,0.0030517578125,40000
8192,100,18,C,0.0,400,400,39600,426,400,26,100.0,6.103286384976526,0.04263859035931064,0.03755868544600939,0.0014193058013916016,15.075098752975464,0.0020751953125,40000
8192,100,18,Q,0.0,400,400,39600,16,14,2,3.5,12.5,0.04263859035931064,0.03755868544600939,0.0014193058013916016,15.075098752975464,0.0020751953125,40000
8192,100,19,C,0.0,400,400,39600,420,400,20,100.0,4.761904761904762,0.0494386106407545,0.047619047619047616,0.0012865066528320312,18.104413270950317,0.00244140625,40000
8192,100,19,Q,0.0,400,400,39600,20,20,0,5.0,0.0,0.0494386106407545,0.047619047619047616,0.0012865066528320312,18.104413270950317,0.00244140625,40000
8192,100,20,C,0.0,400,400,39600,426,400,26,100.0,6.103286384976526,0.050189100010857725,0.051643192488262914,0.005876779556274414,53.00617575645447,0.0028076171875,40000
8192,100,20,Q,0.0,400,400,39600,22,22,0,5.5,0.0,0.050189100010857725,0.051643192488262914,0.005876779556274414,53.00617575645447,0.0028076171875,40000
8192,100,21,C,0.0,400,400,39600,420,400,20,100.0,4.761904761904762,0.0471193642541155,0.04523809523809524,0.0019085407257080078,25.320137977600098,0.002685546875,40000
8192,100,21,Q,0.0,400,400,39600,19,17,2,4.25,10.526315789473685,0.0471193642541155,0.04523809523809524,0.0019085407257080078,25.320137977600098,0.002685546875,40000
8192,100,22,C,0.0,400,400,39600,418,400,18,100.0,4.30622009569378,0.0418649095306442,0.03588516746411483,0.0012276172637939453,17.992708206176758,0.0018310546875,40000
8192,100,22,Q,0.0,400,400,39600,15,15,0,3.75,0.0,0.0418649095306442,0.03588516746411483,0.0012276172637939453,17.992708206176758,0.0018310546875,40000
8192,100,23,C,0.0,400,400,39600,426,400,26,100.0,6.103286384976526,0.050486700213507325,0.046948356807511735,0.0015170574188232422,15.706420183181763,0.00244140625,40000
8192,100,23,Q,0.0,400,400,39600,20,20,0,5.0,0.0,0.050486700213507325,0.046948356807511735,0.0015170574188232422,15.706420183181763,0.00244140625,40000
8192,100,24,C,0.0,400,400,39600,414,400,14,100.0,3.3816425120772946,0.052865555797777374,0.057971014492753624,0.0012578964233398438,29.78169870376587,0.0030517578125,40000
8192,100,24,Q,0.0,400,400,39600,24,22,2,5.5,8.333333333333334,0.052865555797777374,0.057971014492753624,0.0012578964233398438,29.78169870376587,0.0030517578125,40000
8192,100,25,C,0.0,400,400,39600,428,400,28,100.0,6.542056074766355,0.04731092675661924,0.04439252336448598,0.0016918182373046875,17.26784873008728,0.0023193359375,40000
8192,100,25,Q,0.0,400,400,39600,19,17,2,4.25,10.526315789473685,0.04731092675661924,0.04439252336448598,0.0016918182373046875,17.26784873008728,0.0023193359375,40000
8192,100,26,C,0.0,400,400,39600,414,400,14,100.0,3.3816425120772946,0.05671241084694749,0.06763285024154589,0.0014655590057373047,16.916697025299072,0.003662109375,40000
8192,100,26,Q,0.0,400,400,39600,28,27,1,6.75,3.5714285714285716,0.05671241084694749,0.06763285024154589,0.0014655590057373047,16.916697025299072,0.003662109375,40000
8192,100,27,C,0.0,400,400,39600,424,400,24,100.0,5.660377358490566,0.04789956496095985,0.04481132075471698,0.0016548633575439453,17.43836283683777,0.00244140625,40000
8192,100,27,Q,0.0,400,400,39600,19,18,1,4.5,5.2631578947368425,0.04789956496095985,0.04481132075471698,0.0016548633575439453,17.43836283683777,0.00244140625,40000
8192,100,28,C,0.0,400,400,39600,410,400,10,100.0,2.4390243902439024,0.045765797984118076,0.041463414634146344,0.0017786026000976562,27.304757356643677,0.0020751953125,40000
8192,100,28,Q,0.0,400,400,39600,17,17,0,4.25,0.0,0.045765797984118076,0.041463414634146344,0.0017786026000976562,27.304757356643677,0.0020751953125,40000
8192,100,29,C,0.0,400,400,39600,416,400,16,100.0,3.8461538461538463,0.042627376082686616,0.036057692307692304,0.0053293704986572266,67.40407013893127,0.0018310546875,40000
8192,100,29,Q,0.0,400,400,39600,15,15,0,3.75,0.0,0.042627376082686616,0.036057692307692304,0.0053293704986572266,67.40407013893127,0.0018310546875,40000
8192,150,0,C,0.0,600,600,89400,682,600,82,100.0,12.023460410557185,0.032076001804265196,0.02346041055718475,0.0049016475677490234,31.54042363166809,0.001953125,90000
8192,150,0,Q,0.0,600,600,89400,16,14,2,2.3333333333333335,12.5,0.032076001804265196,0.02346041055718475,0.0049016475677490234,31.54042363166809,0.001953125,90000
8192,150,1,C,0.0,600,600,89400,688,600,88,100.0,12.790697674418604,0.018255322004056548,0.020348837209302327,0.012034893035888672,91.64995241165161,0.001708984375,90000
8192,150,1,Q,0.0,600,600,89400,14,11,3,1.8333333333333333,21.428571428571427,0.018255322004056548,0.020348837209302327,0.012034893035888672,91.64995241165161,0.001708984375,90000
8192,150,2,C,0.0,600,600,89400,648,600,48,100.0,7.407407407407407,0.030152606645198077,0.029320987654320986,0.0024755001068115234,39.04714822769165,0.0023193359375,90000
8192,150,2,Q,0.0,600,600,89400,19,18,1,3.0,5.2631578947368425,0.030152606645198077,0.029320987654320986,0.0024755001068115234,39.04714822769165,0.0023193359375,90000
8192,150,3,C,0.0,600,600,89400,648,600,48,100.0,7.407407407407407,0.02746751327867854,0.021604938271604937,0.0023429393768310547,30.978747844696045,0.001708984375,90000
8192,150,3,Q,0.0,600,600,89400,14,14,0,2.3333333333333335,0.0,0.02746751327867854,0.021604938271604937,0.0023429393768310547,30.978747844696045,0.001708984375,90000
8192,150,4,C,0.0,600,600,89400,694,600,94,100.0,13.544668587896254,0.03212444204305834,0.025936599423631124,0.0035202503204345703,45.053561210632324,0.002197265625,90000
8192,150,4,Q,0.0,600,600,89400,18,18,0,3.0,0.0,0.03212444204305834,0.025936599423631124,0.0035202503204345703,45.053561210632324,0.002197265625,90000
8192,150,5,C,0.0,600,600,89400,666,600,66,100.0,9.90990990990991,0.03459224182953767,0.03453453453453453,0.04027915000915527,111.58782696723938,0.0029296875,90000
8192,150,5,Q,0.0,600,600,89400,23,22,1,3.6666666666666665,4.3478260869565215,0.03459224182953767,0.03453453453453453,0.04027915000915527,111.58782696723938,0.0029296875,90000
8192,150,6,C,0.0,600,600,89400,666,600,66,100.0,9.90990990990991,0.02897575179442401,0.02252252252252252,0.0077168941497802734,78.21301627159119,0.001953125,90000
8192,150,6,Q,0.0,600,600,89400,15,15,0,2.5,0.0,0.02897575179442401,0.02252252252252252,0.0077168941497802734,78.21301627159119,0.001953125,90000
8192,150,7,C,0.0,600,600,89400,666,600,66,100.0,9.90990990990991,0.029148689207226797,0.024024024024024024,0.0023398399353027344,31.71256947517395,0.001953125,90000
8192,150,7,Q,0.0,600,600,89400,16,16,0,2.6666666666666665,0.0,0.029148689207226797,0.024024024024024024,0.0023398399353027344,31.71256947517395,0.001953125,90000
8192,150,8,C,0.0,600,600,89400,676,600,76,100.0,11.242603550295858,0.025874895397541085,0.020710059171597635,0.003526449203491211,31.789438009262085,0.001708984375,90000
8192,150,8,Q,0.0,600,600,89400,14,14,0,2.3333333333333335,0.0,0.025874895397541085,0.020710059171597635,0.003526449203491211,31.789438009262085,0.001708984375,90000
8192,150,9,C,0.0,600,600,89400,662,600,62,100.0,9.365558912386707,0.031153934820443933,0.030211480362537766,0.002278566360473633,46.28063702583313,0.00244140625,90000
8192,150,9,Q,0.0,600,600,89400,20,19,1,3.1666666666666665,5.0,0.031153934820443933,0.030211480362537766,0.002278566360473633,46.28063702583313,0.00244140625,90000
8192,150,10,C,0.0,600,600,89400,656,600,56,100.0,8.536585365853659,0.02614554130774143,0.021341463414634148,0.004410266876220703,43.42250180244446,0.001708984375,90000
8192,150,10,Q,0.0,600,600,89400,14,13,1,2.1666666666666665,7.142857142857143,0.02614554130774143,0.021341463414634148,0.004410266876220703,43.42250180244446,0.001708984375,90000
8192,150,11,C,0.0,600,600,89400,660,600,60,100.0,9.090909090909092,0.03571555631017693,0.03333333333333333,0.01963496208190918,70.654709815979,0.0028076171875,90000
8192,150,11,Q,0.0,600,600,89400,22,21,1,3.5,4.545454545454546,0.03571555631017693,0.03333333333333333,0.01963496208190918,70.654709815979,0.0028076171875,90000
8192,150,12,C,0.0,600,600,89400,670,600,70,100.0,10.447761194029852,0.026739830699608953,0.022388059701492536,0.0040776729583740234,31.635043144226074,0.0020751953125,90000
8192,150,12,Q,0.0,600,600,89400,15,14,1,2.3333333333333335,6.666666666666667,0.026739830699608953,0.022388059701492536,0.0040776729583740234,31.635043144226074,0.0020751953125,90000
8192,150,13,C,0.0,600,600,89400,640,600,40,100.0,6.25,0.02439162193920214,0.0203125,0.0034637451171875,30.686155080795288,0.0015869140625,90000
8192,150,13,Q,0.0,600,600,89400,13,10,3,1.6666666666666667,23.076923076923077,0.02439162193920214,0.0203125,0.0034637451171875,30.686155080795288,0.0015869140625,90000
8192,150,14,C,0.0,600,600,89400,692,600,92,100.0,13.294797687861271,0.026931256939978835,0.02023121387283237,0.003650665283203125,40.35296678543091,0.001708984375,90000
8192,150,14,Q,0.0,600,600,89400,14,14,0,2.3333333333333335,0.0,0.026931256939978835,0.02023121387283237,0.003650665283203125,40.35296678543091,0.001708984375,90000
8192,150,15,C,0.0,600,600,89400,672,600,72,100.0,10.714285714285714,0.028755883285285274,0.025297619047619048,0.0031998157501220703,30.2151358127594,0.002197265625,90000
8192,150,15,Q,0.0,600,600,89400,17,16,1,2.6666666666666665,5.882352941176471,0.028755883285285274,0.025297619047619048,0.0031998157501220703,30.2151358127594,0.002197265625,90000
8192,150,16,C,0.0,600,600,89400,697,600,97,100.0,13.916786226685796,0.023668334562579135,0.01721664275466284,0.007444620132446289,99.85753273963928,0.00146484375,90000
8192,150,16,Q,0.0,600,600,89400,12,11,1,1.8333333333333333,8.333333333333334,0.023668334562579135,0.01721664275466284,0.007444620132446289,99.85753273963928,0.00146484375,90000
8192,150,17,C,0.0,600,600,89400,646,592,54,98.66666666666667,8.359133126934985,0.013968002515165619,0.021671826625386997,0.005818605422973633,33.991753339767456,0.001708984375,90000
8192,150,17,Q,0.0,600,600,89400,14,13,1,2.1666666666666665,7.142857142857143,0.013968002515165619,0.021671826625386997,0.005818605422973633,33.991753339767456,0.001708984375,90000
8192,150,18,C,0.0,600,600,89400,664,600,64,100.0,9.63855421686747,0.02405608656889901,0.015060240963855422,0.015819311141967773,103.27166843414307,0.001220703125,90000
8192,150,18,Q,0.0,600,600,89400,10,9,1,1.5,10.0,0.02405608656889901,0.015060240963855422,0.015819311141967773,103.27166843414307,0.001220703125,90000
8192,150,19,C,0.0,600,600,89400,659,600,59,100.0,8.952959028831563,0.03323528677195961,0.03338391502276176,0.005322694778442383,45.87895727157593,0.0028076171875,90000
8192,150,19,Q,0.0,600,600,89400,22,20,2,3.3333333333333335,9.090909090909092,0.03323528677195961,0.03338391502276176,0.005322694778442383,45.87895727157593,0.0028076171875,90000
8192,150,20,C,0.0,600,600,89400,640,600,40,100.0,6.25,0.02712796541848525,0.021875,0.0019373893737792969,37.6063871383667,0.0018310546875,90000
8192,150,20,Q,0.0,600,600,89400,14,13,1,2.1666666666666665,7.142857142857143,0.02712796541848525,0.021875,0.0019373893737792969,37.6063871383667,0.0018310546875,90000
8192,150,21,C,0.0,600,600,89400,665,600,65,100.0,9.774436090225564,0.030222211900655545,0.02406015037593985,0.003770589828491211,31.71486735343933,0.001953125,90000
8192,150,21,Q,0.0,600,600,89400,16,15,1,2.5,6.25,0.030222211900655545,0.02406015037593985,0.003770589828491211,31.71486735343933,0.001953125,90000
8192,150,22,C,0.0,600,600,89400,662,600,62,100.0,9.365558912386707,0.023957766159547447,0.01812688821752266,0.0034525394439697266,32.33508539199829,0.00146484375,90000
8192,150,22,Q,0.0,600,600,89400,12,10,2,1.6666666666666667,16.666666666666668,0.023957766159547447,0.01812688821752266,0.0034525394439697266,32.33508539199829,0.00146484375,90000
8192,150,23,C,0.0,600,600,89400,677,592,85,98.66666666666667,12.555391432791728,0.024375269333224436,0.01624815361890694,0.03356766700744629,102.7187807559967,0.0013427734375,90000
8192,150,23,Q,0.0,600,600,89400,11,11,0,1.8333333333333333,0.0,0.024375269333224436,0.01624815361890694,0.03356766700744629,102.7187807559967,0.0013427734375,90000
8192,150,24,C,0.0,600,600,89400,655,600,55,100.0,8.396946564885496,0.03168905990948899,0.02748091603053435,0.0036449432373046875,33.26513457298279,0.002197265625,90000
8192,150,24,Q,0.0,600,600,89400,18,17,1,2.8333333333333335,5.555555555555555,0.03168905990948899,0.02748091603053435,0.0036449432373046875,33.26513457298279,0.002197265625,90000
8192,150,25,C,0.0,600,600,89400,649,600,49,100.0,7.550077041602465,0.021075366703478305,0.01386748844375963,0.004927873611450195,46.99587869644165,0.0010986328125,90000
8192,150,25,Q,0.0,600,600,89400,9,9,0,1.5,0.0,0.021075366703478305,0.01386748844375963,0.004927873611450195,46.99587869644165,0.0010986328125,90000
8192,150,26,C,0.0,600,600,89400,663,600,63,100.0,9.502262443438914,0.032800968889270164,0.030165912518853696,0.0036101341247558594,31.411354064941406,0.00244140625,90000
8192,150,26,Q,0.0,600,600,89400,20,20,0,3.3333333333333335,0.0,0.032800968889270164,0.030165912518853696,0.0036101341247558594,31.411354064941406,0.00244140625,90000
8192,150,27,C,0.0,600,600,89400,652,600,52,100.0,7.975460122699387,0.03166357217993322,0.029141104294478526,0.0033583641052246094,29.608187437057495,0.00244140625,90000
8192,150,27,Q,0.0,600,600,89400,19,19,0,3.1666666666666665,0.0,0.03166357217993322,0.029141104294478526,0.0033583641052246094,29.608187437057495,0.00244140625,90000
8192,150,28,C,0.0,600,600,89400,658,600,58,100.0,8.814589665653495,0.028519576480776795,0.025835866261398176,0.04387187957763672,97.11850142478943,0.0020751953125,90000
8192,150,28,Q,0.0,600,600,89400,17,14,3,2.3333333333333335,17.647058823529413,0.028519576480776795,0.025835866261398176,0.04387187957763672,97.11850142478943,0.0020751953125,90000
8192,150,29,C,0.0,600,600,89400,685,600,85,100.0,12.408759124087592,0.027908339598712358,0.02335766423357664,0.004034996032714844,49.460846185684204,0.001953125,90000
8192,150,29,Q,0.0,600,600,89400,16,15,1,2.5,6.25,0.027908339598712358,0.02335766423357664,0.004034996032714844,49.460846185684204,0.001953125,90000
8192,200,0,C,0.0,800,800,159200,941,800,141,100.0,14.984059511158343,0.014603941888724202,0.007438894792773645,0.005679130554199219,49.17240381240845,0.0008544921875,160000
8192,200,0,Q,0.0,800,800,159200,7,7,0,0.875,0.0,0.014603941888724202,0.007438894792773645,0.005679130554199219,49.17240381240845,0.0008544921875,160000
8192,200,1,C,0.0,800,800,159200,918,800,118,100.0,12.854030501089325,0.01459989067672212,0.007625272331154684,0.006574392318725586,49.833698749542236,0.0008544921875,160000
8192,200,1,Q,0.0,800,800,159200,7,7,0,0.875,0.0,0.01459989067672212,0.007625272331154684,0.006574392318725586,49.833698749542236,0.0008544921875,160000
8192,200,2,C,0.0,800,800,159200,942,800,142,100.0,15.074309978768577,0.015037785241407656,0.010615711252653927,0.006341695785522461,75.77199649810791,0.001220703125,160000
8192,200,2,Q,0.0,800,800,159200,10,8,2,1.0,20.0,0.015037785241407656,0.010615711252653927,0.006341695785522461,75.77199649810791,0.001220703125,160000
8192,200,3,C,0.0,800,800,159200,964,800,164,100.0,17.012448132780083,0.0188640227476261,0.014522821576763486,0.022392749786376953,152.2754647731781,0.001708984375,160000
8192,200,3,Q,0.0,800,800,159200,14,11,3,1.375,21.428571428571427,0.0188640227476261,0.014522821576763486,0.022392749786376953,152.2754647731781,0.001708984375,160000
8192,200,4,C,0.0,800,800,159200,939,800,139,100.0,14.802981895633653,0.017832556857969823,0.009584664536741214,0.025566816329956055,116.47588872909546,0.0010986328125,160000
8192,200,4,Q,0.0,800,800,159200,9,9,0,1.125,0.0,0.017832556857969823,0.009584664536741214,0.025566816329956055,116.47588872909546,0.0010986328125,160000
8192,200,5,C,0.0,800,800,159200,924,792,132,99.0,14.285714285714286,0.013820874283926756,0.008658008658008658,0.011959314346313477,93.85354900360107,0.0009765625,160000
8192,200,5,Q,0.0,800,800,159200,8,7,1,0.875,12.5,0.013820874283926756,0.008658008658008658,0.011959314346313477,93.85354900360107,0.0009765625,160000
8192,200,6,C,0.0,800,800,159200,930,800,130,100.0,13.978494623655914,0.01585178809529738,0.00967741935483871,0.005579471588134766,51.29245638847351,0.0010986328125,160000
8192,200,6,Q,0.0,800,800,159200,9,7,2,0.875,22.22222222222222,0.01585178809529738,0.00967741935483871,0.005579471588134766,51.29245638847351,0.0010986328125,160000
8192,200,7,C,0.0,800,800,159200,929,800,129,100.0,13.885898815931109,0.017937577191854678,0.013993541442411194,0.04650521278381348,103.16693091392517,0.001708984375,160000
8192,200,7,Q,0.0,800,800,159200,13,10,3,1.25,23.076923076923077,0.017937577191854678,0.013993541442411194,0.04650521278381348,103.16693091392517,0.001708984375,160000
8192,200,8,C,0.0,800,800,159200,986,800,186,100.0,18.864097363083165,0.01853483346321649,0.013184584178498986,0.007267951965332031,59.5575590133667,0.0015869140625,160000
8192,200,8,Q,0.0,800,800,159200,13,11,2,1.375,15.384615384615385,0.01853483346321649,0.013184584178498986,0.007267951965332031,59.5575590133667,0.0015869140625,160000
8192,200,9,C,0.0,800,800,159200,948,800,148,100.0,15.611814345991561,0.018749723583027265,0.013713080168776372,0.0075244903564453125,50.44784593582153,0.0015869140625,160000
8192,200,9,Q,0.0,800,800,159200,13,12,1,1.5,7.6923076923076925,0.018749723583027265,0.013713080168776372,0.0075244903564453125,50.44784593582153,0.0015869140625,160000
8192,200,10,C,0.0,800,800,159200,974,800,174,100.0,17.864476386036962,0.015940309835200103,0.009240246406570842,0.008610010147094727,52.66579580307007,0.0010986328125,160000
8192,200,10,Q,0.0,800,800,159200,9,7,2,0.875,22.22222222222222,0.015940309835200103,0.009240246406570842,0.008610010147094727,52.66579580307007,0.0010986328125,160000
8192,200,11,C,0.0,800,800,159200,955,800,155,100.0,16.230366492146597,0.016594908847528414,0.009424083769633508,0.008743762969970703,60.00427460670471,0.0010986328125,160000
8192,200,11,Q,0.0,800,800,159200,9,8,1,1.0,11.11111111111111,0.016594908847528414,0.009424083769633508,0.008743762969970703,60.00427460670471,0.0010986328125,160000
8192,200,12,C,0.0,800,800,159200,930,800,130,100.0,13.978494623655914,0.016951240964130056,0.010752688172043012,0.005455732345581055,48.364444971084595,0.001220703125,160000
8192,200,12,Q,0.0,800,800,159200,10,8,2,1.0,20.0,0.016951240964130056,0.010752688172043012,0.005455732345581055,48.364444971084595,0.001220703125,160000
8192,200,13,C,0.0,800,800,159200,984,800,184,100.0,18.69918699186992,0.014859954720963115,0.009146341463414634,0.003566741943359375,51.323002099990845,0.0010986328125,160000
8192,200,13,Q,0.0,800,800,159200,9,7,2,0.875,22.22222222222222,0.014859954720963115,0.009146341463414634,0.003566741943359375,51.323002099990845,0.0010986328125,160000
8192,200,14,C,0.0,800,800,159200,962,800,162,100.0,16.83991683991684,0.020453537695492574,0.014553014553014554,0.004467010498046875,66.74864959716797,0.001708984375,160000
8192,200,14,Q,0.0,800,800,159200,14,13,1,1.625,7.142857142857143,0.020453537695492574,0.014553014553014554,0.004467010498046875,66.74864959716797,0.001708984375,160000
8192,200,15,C,0.0,800,800,159200,938,800,138,100.0,14.712153518123667,0.019088718073339696,0.01279317697228145,0.006241559982299805,52.03418278694153,0.00146484375,160000
8192,200,15,Q,0.0,800,800,159200,12,11,1,1.375,8.333333333333334,0.019088718073339696,0.01279317697228145,0.006241559982299805,52.03418278694153,0.00146484375,160000
8192,200,16,C,0.0,800,800,159200,948,800,148,100.0,15.611814345991561,0.017697845474145282,0.011603375527426161,0.005522966384887695,50.46205544471741,0.0013427734375,160000
8192,200,16,Q,0.0,800,800,159200,11,10,1,1.25,9.090909090909092,0.017697845474145282,0.011603375527426161,0.005522966384887695,50.46205544471741,0.0013427734375,160000
8192,200,17,C,0.0,800,800,159200,976,800,176,100.0,18.0327868852459,0.013289818438239412,0.005122950819672131,0.0065593719482421875,49.160775661468506,0.0006103515625,160000
8192,200,17,Q,0.0,800,800,159200,5,5,0,0.625,0.0,0.013289818438239412,0.005122950819672131,0.0065593719482421875,49.160775661468506,0.0006103515625,160000
8192,200,18,C,0.0,800,800,159200,955,800,155,100.0,16.230366492146597,0.016594908847528414,0.009424083769633508,0.006089687347412109,53.12763690948486,0.0010986328125,160000
8192,200,18,Q,0.0,800,800,159200,9,8,1,1.0,11.11111111111111,0.016594908847528414,0.009424083769633508,0.006089687347412109,53.12763690948486,0.0010986328125,160000
8192,200,19,C,0.0,800,800,159200,919,800,119,100.0,12.94885745375408,0.01909201437548729,0.013057671381936888,0.006420135498046875,61.66980981826782,0.00146484375,160000
8192,200,19,Q,0.0,800,800,159200,12,11,1,1.375,8.333333333333334,0.01909201437548729,0.013057671381936888,0.006420135498046875,61.66980981826782,0.00146484375,160000
8192,200,20,C,0.0,800,800,159200,947,800,147,100.0,15.522703273495248,0.017858634502462285,0.010559662090813094,0.003889322280883789,51.869277477264404,0.001220703125,160000
8192,200,20,Q,0.0,800,800,159200,10,10,0,1.25,0.0,0.017858634502462285,0.010559662090813094,0.003889322280883789,51.869277477264404,0.001220703125,160000
8192,200,21,C,0.0,800,800,159200,972,800,172,100.0,17.695473251028808,0.01916543773741056,0.013374485596707819,0.003947734832763672,51.5040180683136,0.0015869140625,160000
8192,200,21,Q,0.0,800,800,159200,13,12,1,1.5,7.6923076923076925,0.01916543773741056,0.013374485596707819,0.003947734832763672,51.5040180683136,0.0015869140625,160000
8192,200,22,C,0.0,800,800,159200,982,800,182,100.0,18.533604887983707,0.020429400301111986,0.017311608961303463,0.005924701690673828,58.97491645812988,0.0020751953125,160000
8192,200,22,Q,0.0,800,800,159200,17,12,5,1.5,29.41176470588235,0.020429400301111986,0.017311608961303463,0.005924701690673828,58.97491645812988,0.0020751953125,160000
8192,200,23,C,0.0,800,800,159200,910,800,110,100.0,12.087912087912088,0.020458511091087577,0.015384615384615385,0.0042836666107177734,49.26273155212402,0.001708984375,160000
8192,200,23,Q,0.0,800,800,159200,14,13,1,1.625,7.142857142857143,0.020458511091087577,0.015384615384615385,0.0042836666107177734,49.26273155212402,0.001708984375,160000
8192,200,24,C,0.0,800,800,159200,934,800,134,100.0,14.346895074946467,0.013292811087416282,0.0053533190578158455,0.0041255950927734375,46.66479206085205,0.0006103515625,160000
8192,200,24,Q,0.0,800,800,159200,5,5,0,0.625,0.0,0.013292811087416282,0.0053533190578158455,0.0041255950927734375,46.66479206085205,0.0006103515625,160000
8192,200,25,C,0.0,800,800,159200,939,800,139,100.0,14.802981895633653,0.011630599051417188,0.005324813631522897,0.0041713714599609375,46.0946090221405,0.0006103515625,160000
8192,200,25,Q,0.0,800,800,159200,5,4,1,0.5,20.0,0.011630599051417188,0.005324813631522897,0.0041713714599609375,46.0946090221405,0.0006103515625,160000
8192,200,26,C,0.0,800,800,159200,960,800,160,100.0,16.666666666666668,0.015602312609046994,0.009375,0.005047321319580078,49.68557572364807,0.0010986328125,160000
8192,200,26,Q,0.0,800,800,159200,9,8,1,1.0,11.11111111111111,0.015602312609046994,0.009375,0.005047321319580078,49.68557572364807,0.0010986328125,160000
8192,200,27,C,0.0,800,800,159200,964,800,164,100.0,17.012448132780083,0.019164750932277222,0.013485477178423237,0.003974199295043945,48.35318064689636,0.0015869140625,160000
8192,200,27,Q,0.0,800,800,159200,13,12,1,1.5,7.6923076923076925,0.019164750932277222,0.013485477178423237,0.003974199295043945,48.35318064689636,0.0015869140625,160000
8192,200,28,C,0.0,800,800,159200,989,800,189,100.0,19.11021233569262,0.017918953319412855,0.011122345803842264,0.004308462142944336,51.47824716567993,0.0013427734375,160000
8192,200,28,Q,0.0,800,800,159200,11,9,2,1.125,18.181818181818183,0.017918953319412855,0.011122345803842264,0.004308462142944336,51.47824716567993,0.0013427734375,160000
8192,200,29,C,0.0,800,800,159200,952,800,152,100.0,15.966386554621849,0.014974134727606723,0.008403361344537815,0.004514932632446289,48.62175011634827,0.0009765625,160000
8192,200,29,Q,0.0,800,800,159200,8,7,1,0.875,12.5,0.014974134727606723,0.008403361344537815,0.004514932632446289,48.62175011634827,0.0009765625,160000
8192,300,0,C,0.0,1200,1200,358800,1729,1200,529,100.0,30.59572006940428,0.009600784858562202,0.005205320994794679,0.012640237808227539,110.8324089050293,0.0010986328125,360000
8192,300,0,Q,0.0,1200,1200,358800,9,7,2,0.5833333333333334,22.22222222222222,0.009600784858562202,0.005205320994794679,0.012640237808227539,110.8324089050293,0.0010986328125,360000
8192,300,1,C,0.0,1200,1200,358800,1687,1200,487,100.0,28.86781268524007,0.008935129394247444,0.0035566093657379964,0.012273073196411133,113.64265155792236,0.000732421875,360000
8192,300,1,Q,0.0,1200,1200,358800,6,4,2,0.3333333333333333,33.333333333333336,0.008935129394247444,0.0035566093657379964,0.012273073196411133,113.64265155792236,0.000732421875,360000
8192,300,2,C,0.0,1200,1200,358800,1703,1200,503,100.0,29.53611274221961,0.008270765391398274,0.004110393423370522,0.014652490615844727,114.82305908203125,0.0008544921875,360000
8192,300,2,Q,0.0,1200,1200,358800,7,4,3,0.3333333333333333,42.857142857142854,0.008270765391398274,0.004110393423370522,0.014652490615844727,114.82305908203125,0.0008544921875,360000
8192,300,3,C,0.0,1200,1200,358800,1773,1200,573,100.0,32.31810490693739,0.01040877733253009,0.005076142131979695,0.01492762565612793,109.00600790977478,0.001220703125,360000
8192,300,3,Q,0.0,1200,1200,358800,9,6,3,0.5,33.333333333333336,0.01040877733253009,0.005076142131979695,0.01492762565612793,109.00600790977478,0.001220703125,360000
8192,300,4,C,0.0,1200,1200,358800,1636,1200,436,100.0,26.65036674816626,0.009129757094685864,0.004889975550122249,0.014508962631225586,108.52729725837708,0.0009765625,360000
8192,300,4,Q,0.0,1200,1200,358800,8,6,2,0.5,25.0,0.009129757094685864,0.004889975550122249,0.014508962631225586,108.52729725837708,0.0009765625,360000
8192,300,5,C,0.0,1200,1200,358800,1723,1200,523,100.0,30.354033662217063,0.011982841464504389,0.0075449796865931515,0.023212909698486328,117.5707802772522,0.0015869140625,360000
8192,300,5,Q,0.0,1200,1200,358800,13,10,3,0.8333333333333334,23.076923076923077,0.011982841464504389,0.0075449796865931515,0.023212909698486328,117.5707802772522,0.0015869140625,360000
8192,300,6,C,0.0,1200,1200,358800,1705,1200,505,100.0,29.618768328445746,0.01138022960054776,0.0064516129032258064,0.014536142349243164,109.12928509712219,0.0013427734375,360000
8192,300,6,Q,0.0,1200,1200,358800,11,9,2,0.75,18.181818181818183,0.01138022960054776,0.0064516129032258064,0.014536142349243164,109.12928509712219,0.0013427734375,360000
8192,300,7,C,0.0,1200,1200,358800,1722,1200,522,100.0,30.313588850174217,0.01413670656970146,0.008710801393728223,0.014216899871826172,111.26382827758789,0.0018310546875,360000
8192,300,7,Q,0.0,1200,1200,358800,15,11,4,0.9166666666666666,26.666666666666668,0.01413670656970146,0.008710801393728223,0.014216899871826172,111.26382827758789,0.0018310546875,360000
8192,300,8,C,0.0,1200,1200,358800,1733,1200,533,100.0,30.75591459896134,0.00732863535888733,0.0028851702250432777,0.014342546463012695,110.19936490058899,0.0006103515625,360000
8192,300,8,Q,0.0,1200,1200,358800,5,4,1,0.3333333333333333,20.0,0.00732863535888733,0.0028851702250432777,0.014342546463012695,110.19936490058899,0.0006103515625,360000
8192,300,9,C,0.0,1200,1200,358800,1733,1200,533,100.0,30.75591459896134,0.008952273048856563,0.004616272360069244,0.013937234878540039,106.97809791564941,0.0009765625,360000
8192,300,9,Q,0.0,1200,1200,358800,8,5,3,0.4166666666666667,37.5,0.008952273048856563,0.004616272360069244,0.013937234878540039,106.97809791564941,0.0009765625,360000
8192,300,10,C,0.0,1200,1200,358800,1771,1200,571,100.0,32.241671372106154,0.014831439134117734,0.006775832862789385,0.014940738677978516,111.7523422241211,0.00146484375,360000
8192,300,10,Q,0.0,1200,1200,358800,12,7,5,0.5833333333333334,41.666666666666664,0.014831439134117734,0.006775832862789385,0.014940738677978516,111.7523422241211,0.00146484375,360000
8192,300,11,C,0.0,1200,1200,358800,1704,1200,504,100.0,29.577464788732396,0.016053245265846183,0.008215962441314555,0.014042854309082031,107.31085014343262,0.001708984375,360000
8192,300,11,Q,0.0,1200,1200,358800,14,12,2,1.0,14.285714285714286,0.016053245265846183,0.008215962441314555,0.014042854309082031,107.31085014343262,0.001708984375,360000
8192,300,12,C,0.0,1200,1200,358800,1748,1200,548,100.0,31.35011441647597,0.01175123367243149,0.006864988558352402,0.020029783248901367,113.78581070899963,0.00146484375,360000
8192,300,12,Q,0.0,1200,1200,358800,12,8,4,0.6666666666666666,33.333333333333336,0.01175123367243149,0.006864988558352402,0.020029783248901367,113.78581070899963,0.00146484375,360000
8192,300,13,C,0.0,1200,1200,358800,1764,1200,564,100.0,31.972789115646258,0.008107800814745986,0.003401360544217687,0.014402627944946289,112.23949575424194,0.000732421875,360000
8192,300,13,Q,0.0,1200,1200,358800,6,4,2,0.3333333333333333,33.333333333333336,0.008107800814745986,0.003401360544217687,0.014402627944946289,112.23949575424194,0.000732421875,360000
8192,300,14,C,0.0,1200,1200,358800,1773,1200,573,100.0,32.31810490693739,0.011707969132419197,0.006204173716864072,0.020534753799438477,115.64957594871521,0.0013427734375,360000
8192,300,14,Q,0.0,1200,1200,358800,11,8,3,0.6666666666666666,27.272727272727273,0.011707969132419197,0.006204173716864072,0.020534753799438477,115.64957594871521,0.0013427734375,360000
8192,300,15,C,0.0,1200,1200,358800,1736,1192,544,99.33333333333333,31.336405529953918,0.014652889316224145,0.009792626728110598,0.01811957359313965,111.94051861763,0.0020751953125,360000
8192,300,15,Q,0.0,1200,1200,358800,17,14,3,1.1666666666666667,17.647058823529413,0.014652889316224145,0.009792626728110598,0.01811957359313965,111.94051861763,0.0020751953125,360000
8192,300,16,C,0.0,1200,1200,358800,1659,1200,459,100.0,27.66726943942134,0.012620901064264587,0.007233273056057866,0.011031150817871094,105.9796621799469,0.00146484375,360000
8192,300,16,Q,0.0,1200,1200,358800,12,11,1,0.9166666666666666,8.333333333333334,0.012620901064264587,0.007233273056057866,0.011031150817871094,105.9796621799469,0.00146484375,360000
8192,300,17,C,0.0,1200,1200,358800,1696,1200,496,100.0,29.245283018867923,0.010181549665956743,0.0047169811320754715,0.014461755752563477,107.82529830932617,0.0009765625,360000
8192,300,17,Q,0.0,1200,1200,358800,8,8,0,0.6666666666666666,0.0,0.010181549665956743,0.0047169811320754715,0.014461755752563477,107.82529830932617,0.0009765625,360000
8192,300,18,C,0.0,1200,1200,358800,1740,1200,540,100.0,31.03448275862069,0.0108949643769674,0.006896551724137931,0.00996708869934082,106.47283673286438,0.00146484375,360000
8192,300,18,Q,0.0,1200,1200,358800,12,8,4,0.6666666666666666,33.333333333333336,0.0108949643769674,0.006896551724137931,0.00996708869934082,106.47283673286438,0.00146484375,360000
8192,300,19,C,0.0,1200,1200,358800,1679,1200,479,100.0,28.5288862418106,0.006021604491751868,0.001786777843954735,0.017400741577148438,109.59823536872864,0.0003662109375,360000
8192,300,19,Q,0.0,1200,1200,358800,3,2,1,0.16666666666666666,33.333333333333336,0.006021604491751868,0.001786777843954735,0.017400741577148438,109.59823536872864,0.0003662109375,360000
8192,500,0,C,0.0,2000,2000,998000,4448,1992,2456,99.6,55.21582733812949,0.004372025332946739,0.0017985611510791368,0.06625103950500488,420.72557759284973,0.0009765625,1000000
8192,500,0,Q,0.0,2000,2000,998000,8,3,5,0.15,62.5,0.004372025332946739,0.0017985611510791368,0.06625103950500488,420.72557759284973,0.0009765625,1000000
8192,500,1,C,0.0,2000,2000,998000,4320,2000,2320,100.0,53.7037037037037,0.003133822933017417,0.000925925925925926,0.15852856636047363,442.2357795238495,0.00048828125,1000000
8192,500,1,Q,0.0,2000,2000,998000,4,1,3,0.05,75.0,0.003133822933017417,0.000925925925925926,0.15852856636047363,442.2357795238495,0.00048828125,1000000
8192,500,2,C,0.0,2000,2000,998000,4427,2000,2427,100.0,54.822679015134405,0.007653343774006574,0.00338829907386492,0.18219566345214844,439.11094331741333,0.0018310546875,1000000
8192,500,2,Q,0.0,2000,2000,998000,15,6,9,0.3,60.0,0.007653343774006574,0.00338829907386492,0.18219566345214844,439.11094331741333,0.0018310546875,1000000
8192,500,3,C,0.0,2000,2000,998000,4321,2000,2321,100.0,53.71441795880583,0.005672669596231661,0.0023142791020597086,0.0665738582611084,410.6706283092499,0.001220703125,1000000
8192,500,3,Q,0.0,2000,2000,998000,10,4,6,0.2,60.0,0.005672669596231661,0.0023142791020597086,0.0665738582611084,410.6706283092499,0.001220703125,1000000
8192,500,4,C,0.0,2000,2000,998000,4450,2000,2450,100.0,55.056179775280896,0.0079839568826796,0.0035955056179775282,0.04401850700378418,417.6083984375,0.001953125,1000000
8192,500,4,Q,0.0,2000,2000,998000,16,10,6,0.5,37.5,0.0079839568826796,0.0035955056179775282,0.04401850700378418,417.6083984375,0.001953125,1000000
8192,500,6,C,0.0,2000,2000,998000,4433,2000,2433,100.0,54.883825851567785,0.006620082254628057,0.002932551319648094,0.05802774429321289,418.7242856025696,0.0015869140625,1000000
8192,500,6,Q,0.0,2000,2000,998000,13,7,6,0.35,46.15384615384615,0.006620082254628057,0.002932551319648094,0.05802774429321289,418.7242856025696,0.0015869140625,1000000
8192,500,7,C,0.0,2000,2000,998000,4480,1992,2488,99.6,55.535714285714285,0.005353504884250145,0.0013392857142857143,0.0946359634399414,430.89204454421997,0.000732421875,1000000
8192,500,7,Q,0.0,2000,2000,998000,6,4,2,0.2,33.333333333333336,0.005353504884250145,0.0013392857142857143,0.0946359634399414,430.89204454421997,0.000732421875,1000000
8192,500,10,C,0.0,2000,2000,998000,4410,2000,2410,100.0,54.64852607709751,0.0060404646325602955,0.0022675736961451248,0.043419837951660156,412.84426164627075,0.001220703125,1000000
8192,500,10,Q,0.0,2000,2000,998000,10,6,4,0.3,40.0,0.0060404646325602955,0.0022675736961451248,0.043419837951660156,412.84426164627075,0.001220703125,1000000
8192,500,11,C,0.0,2000,2000,998000,4662,2000,2662,100.0,57.0999570999571,0.0068742724584697846,0.003003003003003003,0.055797576904296875,442.6465368270874,0.001708984375,1000000
8192,500,11,Q,0.0,2000,2000,998000,14,7,7,0.35,50.0,0.0068742724584697846,0.003003003003003003,0.055797576904296875,442.6465368270874,0.001708984375,1000000
8192,500,12,C,0.0,2000,2000,998000,4590,2000,2590,100.0,56.42701525054466,0.005919915781326459,0.00196078431372549,0.06707143783569336,423.86583161354065,0.0010986328125,1000000
8192,500,12,Q,0.0,2000,2000,998000,9,5,4,0.25,44.44444444444444,0.005919915781326459,0.00196078431372549,0.06707143783569336,423.86583161354065,0.0010986328125,1000000
8192,500,13,C,0.0,2000,2000,998000,4546,1992,2554,99.6,56.18125824901012,0.006672532506707737,0.0028596568411790586,0.09029650688171387,439.5543909072876,0.0015869140625,1000000
8192,500,13,Q,0.0,2000,2000,998000,13,6,7,0.3,53.84615384615385,0.006672532506707737,0.0028596568411790586,0.09029650688171387,439.5543909072876,0.0015869140625,1000000
8192,500,14,C,0.0,2000,2000,998000,4416,2000,2416,100.0,54.710144927536234,0.007725629638828547,0.004076086956521739,0.061214447021484375,416.5123915672302,0.002197265625,1000000
8192,500,14,Q,0.0,2000,2000,998000,18,10,8,0.5,44.44444444444444,0.007725629638828547,0.004076086956521739,0.061214447021484375,416.5123915672302,0.002197265625,1000000
8192,500,15,C,0.0,2000,2000,998000,4331,2000,2331,100.0,53.82128838605403,0.007286892232565752,0.003001616254906488,0.039340972900390625,407.65935730934143,0.0015869140625,1000000
8192,500,15,Q,0.0,2000,2000,998000,13,7,6,0.35,46.15384615384615,0.007286892232565752,0.003001616254906488,0.039340972900390625,407.65935730934143,0.0015869140625,1000000
8192,500,17,C,0.0,2000,2000,998000,4228,2000,2228,100.0,52.69631031220435,0.005572273831899002,0.0021286660359508044,0.04595756530761719,404.6595458984375,0.0010986328125,1000000
8192,500,17,Q,0.0,2000,2000,998000,9,5,4,0.25,44.44444444444444,0.005572273831899002,0.0021286660359508044,0.04595756530761719,404.6595458984375,0.0010986328125,1000000
8192,500,18,C,0.0,2000,2000,998000,4458,2000,2458,100.0,55.13683266038582,0.005371992107542688,0.002018842530282638,0.043334245681762695,418.57381892204285,0.0010986328125,1000000
8192,500,18,Q,0.0,2000,2000,998000,9,5,4,0.25,44.44444444444444,0.005371992107542688,0.002018842530282638,0.043334245681762695,418.57381892204285,0.0010986328125,1000000
8192,500,19,C,0.0,2000,2000,998000,4609,2000,2609,100.0,56.606639184204816,0.007286909868456987,0.0032545020611846388,0.06150937080383301,431.3901855945587,0.0018310546875,1000000
8192,500,19,Q,0.0,2000,2000,998000,15,6,9,0.3,60.0,0.007286909868456987,0.0032545020611846388,0.06150937080383301,431.3901855945587,0.0018310546875,1000000
