{
  "n_tracks": [
    5,
    10,
    20,
    30,
    50,
    75,
    100,
    150
  ],
  "eff_mean": [
    1.0,
    0.96,
    0.97,
    1.0,
    1.0,
    1.0,
    1.0,
    0.96
  ],
  "eff_std": [
    0.0,
    0.08944271909999157,
    0.06708203932499371,
    0.0,
    0.0,
    0.0,
    0.0,
    0.08944271909999157
  ],
  "gr_mean": [
    0.0,
    0.0,
    0.0,
    0.0,
    0.0,
    0.0,
    0.0,
    0.0
  ],
  "gr_std": [
    0.0,
    0.0,
    0.0,
    0.0,
    0.0,
    0.0,
    0.0,
    0.0
  ],
  "clone_mean": [
    0.0,
    0.0,
    0.0,
    0.0,
    0.0,
    0.0,
    0.0,
    0.0
  ],
  "clone_std": [
    0.0,
    0.0,
    0.0,
    0.0,
    0.0,
    0.0,
    0.0,
    0.0
  ],
  "n_reco_mean": [
    5.0,
    9.6,
    19.4,
    30.0,
    50.0,
    75.0,
    100.0,
    144.0
  ],
  "n_segs_mean": [
    100.0,
    379.6,
    1552.2,
    3600.0,
    9900.0,
    21945.0,
    40000.0,
    86190.0
  ]
}