{
  "10": {
    "thresholds": [
      0.2,
      0.25,
      0.3,
      0.35,
      0.4,
      0.44999999999999996,
      0.5,
      0.55,
      0.6,
      0.6499999999999999,
      0.7,
      0.75,
      0.8,
      0.8499999999999999,
      0.9
    ],
    "eff": [
      0.0,
      0.0,
      0.0,
      0.0,
      1.0,
      1.0,
      1.0,
      1.0,
      1.0,
      1.0,
      1.0,
      1.0,
      1.0,
      0.9399999999999998,
      0.9399999999999998
    ],
    "ghost": [
      1.0,
      1.0,
      1.0,
      1.0,
      0.0,
      0.0,
      0.0,
      0.0,
      0.0,
      0.0,
      0.0,
      0.0,
      0.0,
      0.0,
      0.0
    ]
  }
}