solver,sigma_scatt,hit_ineff,n_trk,n_rep,n_valid,excluded_frac,eff,eff_sem,far,far_sem,pur,pur_sem,eff_wp,eff_wp_sem,far_wp,far_wp_sem,cos_QC
classical,0.0001,0.0,10,20,20,0.0,100.0,0.0,0.0,0.0,100.0,0.0,100.0,0.0,0.0,0.0,
classical,0.0001,0.0,20,20,20,0.0,100.0,0.0,0.0,0.0,100.0,0.0,100.0,0.0,0.0,0.0,
classical,0.0001,0.0,50,20,20,0.0,99.975,0.025,0.0,0.0,100.0,0.0,99.975,0.025,0.0,0.0,
classical,0.0001,0.0,100,20,20,0.0,100.0,0.0,0.0,0.0,100.0,0.0,100.0,0.0,0.0,0.0,
classical,0.0001,0.0,200,20,20,0.0,99.975,0.025,0.086957155128677,0.04937671397103239,99.91304284487133,0.049376713971032125,99.975,0.025,0.086957155128677,0.04937671397103239,
classical,0.0001,0.0,400,20,20,0.0,99.984375,0.012724141735093052,0.062402594601676,0.020232832559825963,99.93759740539831,0.020232832559826837,99.978125,0.015225146918312827,0.056176000427367,0.019142273502120232,
classical,0.0001,0.0,700,20,20,0.0,99.98392857142858,0.009511073878158919,0.10868825852469348,0.027132210401528637,99.8913117414753,0.027132210401528755,99.96964285714286,0.015168893420573794,0.09091631785934248,0.023448377236055577,
classical,0.0001,0.0,1000,20,20,0.0,99.9825,0.006810402260319245,0.18441150754902003,0.03880430240273989,99.81558849245097,0.03880430240273958,99.9675,0.00926581152182012,0.1446924272989495,0.028211484172265728,
classical,0.0001,0.01,10,20,20,0.0,97.89473684210527,0.5915278809989638,0.0,0.0,100.0,0.0,100.0,0.0,4.5,4.5,
classical,0.0001,0.01,20,20,20,0.0,97.88699314384247,0.5472258974705652,0.0,0.0,100.0,0.0,100.0,0.0,23.750512645249486,9.437496760379647,
classical,0.0001,0.01,50,20,20,0.0,98.63542597589546,0.27272935827970407,0.0,0.0,100.0,0.0,100.0,0.0,44.10015604046596,11.185062457210682,
classical,0.0001,0.01,100,20,20,0.0,98.14685442041994,0.19687368673201147,0.0,0.0,100.0,0.0,99.75789063716778,0.06277193809961688,29.801608246226287,10.392958893241332,
classical,0.0001,0.01,200,20,20,0.0,98.56429515863101,0.12407544484984473,0.1404358834857875,0.06778498572167821,99.85956411651422,0.06778498572167829,99.52291210086172,0.05681533023383345,10.643862617671235,6.796518655149122,
classical,0.0001,0.01,400,20,20,0.0,98.37110523539779,0.09236692899889304,0.0646425849486395,0.03684127315375947,99.93535741505136,0.03684127315376085,99.43168495188296,0.054149690718675175,3.329446141125011,0.2143485610654532,
classical,0.0001,0.01,700,20,20,0.0,98.4069006461306,0.09695127984331794,0.10173473050686,0.02600056930434516,99.89826526949314,0.026000569304344984,99.31622132877662,0.0488555800413558,7.971079846182927,0.7783020392353872,
classical,0.0001,0.01,1000,20,20,0.0,98.46750740961247,0.06608726757019759,0.16782506527562951,0.02555443014559055,99.83217493472435,0.025554430145590654,99.50106642201439,0.03503302291512787,17.592948107832267,0.17565603729690019,
classical,0.0001,0.02,10,20,20,0.0,96.4757501862765,0.8290265358346407,0.0,0.0,100.0,0.0,100.0,0.0,18.0,8.258966419340222,
classical,0.0001,0.02,20,20,20,0.0,97.27886197475239,0.5797588801205258,0.0,0.0,100.0,0.0,100.0,0.0,19.000512645249486,8.718033116752943,
classical,0.0001,0.02,50,20,20,0.0,97.12133854651108,0.3449979371611538,0.0,0.0,100.0,0.0,100.0,0.0,63.698987890271255,10.72341408028818,
classical,0.0001,0.02,100,20,20,0.0,96.96313218161126,0.3211723735764289,0.013404825737265,0.013404825737265,99.98659517426273,0.013404825737266177,99.92253595600678,0.046334795098245986,64.40165883715778,10.816954265959849,
classical,0.0001,0.02,200,20,20,0.0,96.76941972804792,0.22249016850376968,0.027223785069142005,0.01874162595379993,99.97277621493086,0.018741625953799815,99.7664522823401,0.07211672589548913,59.86831325911409,11.135623007587263,
classical,0.0001,0.02,400,20,20,0.0,96.8913951025075,0.1429683447899374,0.03681002652239,0.014142622443060438,99.96318997347761,0.01414262244306095,99.73427131533109,0.0778125055929005,61.185980722711484,10.835938901094961,
classical,0.0001,0.02,700,20,20,0.0,96.8814654848921,0.09265169834415923,0.0767901418193365,0.02070120505846172,99.92320985818068,0.020701205058462246,99.75621383035147,0.08597995479383495,72.72983399826845,9.506814139981762,
classical,0.0001,0.02,1000,20,20,0.0,96.85584990930414,0.09140782283319324,0.21462356367548802,0.031423515049382775,99.78537643632451,0.03142351504938291,99.62151883179779,0.09815919952828078,62.85886323354697,9.395122419125165,
classical,0.0001,0.05,10,20,20,0.0,92.60866739040112,1.1988410406794925,0.0,0.0,100.0,0.0,100.0,0.0,45.018641666228085,10.327985598740026,
classical,0.0001,0.05,20,20,20,0.0,93.21339603243509,0.9088859752911537,0.0,0.0,100.0,0.0,100.0,0.0,76.00410363822712,8.718270048366081,
classical,0.0001,0.05,50,20,20,0.0,92.76301593201148,0.6489849914662125,0.0,0.0,100.0,0.0,99.97282608695653,0.027173913043478142,88.25223157437344,6.709094289168843,
classical,0.0001,0.05,100,20,20,0.0,92.1489834524372,0.5362936836639083,0.014705882352941,0.014705882352940996,99.98529411764706,0.014705882352941303,99.94404016212232,0.043811693814644725,89.100380436245,6.813676401342633,
classical,0.0001,0.05,200,20,20,0.0,92.28692500081706,0.2872852805825013,0.029542097488921497,0.029542097488921497,99.97045790251107,0.02954209748892182,100.0,0.0,99.50003577562458,0.0002529234539029427,
classical,0.0001,0.05,400,20,20,0.0,92.61020120686582,0.23234675006490516,0.07857926981974249,0.028908805440327433,99.92142073018024,0.028908805440328023,100.0,0.0,99.74995341038516,6.384103160623967e-05,
classical,0.0001,0.05,700,20,20,0.0,92.38659741662829,0.21137206243067344,0.061911301943928986,0.01859179218447684,99.93808869805608,0.01859179218447693,100.0,0.0,99.85714251086044,2.531231598462476e-05,
classical,0.0001,0.05,1000,20,20,0.0,92.40241879859947,0.14314981484926056,0.18488256865810196,0.029826775591222838,99.8151174313419,0.02982677559122349,100.0,0.0,99.9000024255495,1.761272714191564e-05,
classical,0.0001,0.1,10,20,20,0.0,82.88602877288534,2.1497836294153734,0.0,0.0,100.0,0.0,100.0,0.0,58.49273375458455,9.847025258454893,
classical,0.0001,0.1,20,20,20,0.0,84.59061315566596,1.3249449374196207,0.0,0.0,100.0,0.0,100.0,0.0,80.74681866502951,7.7819009416085665,
classical,0.0001,0.1,50,20,20,0.0,84.56248553964417,0.8960396216763358,0.0,0.0,100.0,0.0,100.0,0.0,98.00477448326149,0.0029003979118907334,
classical,0.0001,0.1,100,20,20,0.0,85.18384679776317,0.4960590446077591,0.0,0.0,100.0,0.0,100.0,0.0,98.9985631035035,0.0011189171148377798,
classical,0.0001,0.1,200,20,20,0.0,84.62505421692656,0.37876476049959684,0.018796992481203,0.018796992481203,99.9812030075188,0.01879699248120303,100.0,0.0,99.49989101504607,0.00041179668509850746,
classical,0.0001,0.1,400,20,20,0.0,85.21404495091329,0.34425308668711846,0.0711508642734225,0.034284733347727005,99.92884913572657,0.03428473334772751,100.0,0.0,99.74976473060318,0.00010829084754705333,
classical,0.0001,0.1,700,20,20,0.0,85.19424100014167,0.19105387779306784,0.10156946983690948,0.03207117770866521,99.89843053016308,0.03207117770866556,100.0,0.0,99.85716932894658,7.476389277328797e-05,
classical,0.0001,0.1,1000,20,20,0.0,85.06720455035475,0.15115267119195874,0.23843273341292098,0.044056543419325134,99.7615672665871,0.044056543419325765,100.0,0.0,99.89995879746957,3.654561264742171e-05,
classical,0.0003,0.0,10,20,20,0.0,100.0,0.0,0.0,0.0,100.0,0.0,100.0,0.0,0.0,0.0,
classical,0.0003,0.0,20,20,20,0.0,100.0,0.0,0.0,0.0,100.0,0.0,100.0,0.0,0.0,0.0,
classical,0.0003,0.0,50,20,20,0.0,100.0,0.0,0.17241978807187103,0.10855411134012079,99.82758021192812,0.10855411134012068,100.0,0.0,0.17241978807187103,0.10855411134012079,
classical,0.0003,0.0,100,20,20,0.0,100.0,0.0,0.172658873122074,0.10284473178602553,99.82734112687793,0.10284473178602578,100.0,0.0,0.172658873122074,0.10284473178602553,
classical,0.0003,0.0,200,20,20,0.0,99.99375,0.0062499999999999995,0.25460202408134147,0.0719596988094569,99.74539797591866,0.0719596988094569,99.98125,0.01875,0.24222607364702303,0.06966986746753026,
classical,0.0003,0.0,400,20,20,0.0,99.984375,0.012724141735093052,0.6034562991913345,0.1101928481677477,99.39654370080868,0.11019284816774776,99.978125,0.015225146918312824,0.4743951151129314,0.08886817512014852,
classical,0.0003,0.0,700,20,20,0.0,99.99285714285715,0.004177840370467634,1.9279426725668358,0.10434688644810249,98.07205732743314,0.104346886448102,99.97857142857143,0.012533521111406227,1.1118359834788358,0.07065493696259721,
classical,0.0003,0.0,1000,20,20,0.0,99.99375,0.0035702535661089447,4.669790701863583,0.21942555904009392,95.3302092981364,0.21942555904009486,99.98125,0.010710760698327229,2.388027759217963,0.11527692935354511,
classical,0.0003,0.01,10,20,20,0.0,98.40643274853801,0.5586148775905109,0.0,0.0,100.0,0.0,100.0,0.0,4.5,4.5,
classical,0.0003,0.01,20,20,20,0.0,98.30579567421674,0.48295324455387184,0.0,0.0,100.0,0.0,100.0,0.0,19.125501747465314,8.704575378086371,
classical,0.0003,0.01,50,20,20,0.0,98.17499666783928,0.2149023453359605,0.0,0.0,100.0,0.0,99.97395833333334,0.02604166666666714,44.30090295885195,11.143931144041913,
classical,0.0003,0.01,100,20,20,0.0,98.43120726704532,0.24530239143000585,0.065759302998041,0.042640294996911667,99.93424069700197,0.04264029499691214,99.64347667048145,0.0627034629376794,30.269003860779854,10.324145986021994,
classical,0.0003,0.01,200,20,20,0.0,98.54389608491113,0.13447839649328325,0.2240972084226575,0.08205854823765882,99.77590279157735,0.08205854823765947,99.60485132162214,0.062090280886265496,20.155713144232283,7.673523159466052,
classical,0.0003,0.01,400,20,20,0.0,98.48780578822225,0.08456231573704104,0.5780065579883694,0.09866285732120511,99.42199344201164,0.09866285732120614,99.39412298705726,0.055220908624355025,21.187086285136424,1.6285182902238342,
classical,0.0003,0.01,700,20,20,0.0,98.45677695364955,0.07566809594229351,2.0175641498742674,0.13023919931642933,97.98243585012574,0.13023919931642974,99.45992310691626,0.05004560130886504,48.57445656532826,0.20606655037860586,
classical,0.0003,0.01,1000,20,20,0.0,98.59861544881012,0.06016488034701935,4.924242423935045,0.2324077654389651,95.07575757606494,0.23240776543896408,99.46831499474797,0.045221138698629613,62.93241033429124,3.0571573904749503,
classical,0.0003,0.02,10,20,20,0.0,97.6502683576987,0.796536953914975,0.0,0.0,100.0,0.0,100.0,0.0,8.987951807228916,6.185938854799803,
classical,0.0003,0.02,20,20,20,0.0,97.28008906693118,0.5587105715771332,0.0,0.0,100.0,0.0,100.0,0.0,23.747925154763273,9.436469020719642,
classical,0.0003,0.02,50,20,20,0.0,97.36624838146007,0.4892051918891547,0.025252525252525,0.025252525252525002,99.97474747474747,0.02525252525252597,100.0,0.0,63.725006880073195,10.715674978322149,
classical,0.0003,0.02,100,20,20,0.0,96.91044984967593,0.18376325000618307,0.08105009799665501,0.055911064403821216,99.91894990200335,0.055911064403820834,99.85703821692286,0.051514610373705756,64.82527281694456,10.684796639608885,
classical,0.0003,0.02,200,20,20,0.0,97.05178481558187,0.20812844987672374,0.390864510961363,0.10489514520163598,99.60913548903864,0.10489514520163633,99.81244380737232,0.07127411557533261,67.24485020627542,10.086549045044237,
classical,0.0003,0.02,400,20,20,0.0,97.17890560609976,0.09430551211568754,0.6637500890828246,0.1136279887762216,99.33624991091718,0.1136279887762216,99.61673869316255,0.08576901480185162,57.943758724003295,8.677282379873246,
classical,0.0003,0.02,700,20,20,0.0,97.14528329837042,0.09988120058388772,2.071462535961133,0.1705440633940053,97.92853746403885,0.1705440633940047,99.41030414337999,0.0818471186009686,61.894986397550085,5.030245032843406,
classical,0.0003,0.02,1000,20,20,0.0,97.09511015604616,0.07988943404498958,4.838927504601542,0.2427957642640606,95.16107249539846,0.24279576426406005,99.67926229483538,0.09118785827119391,86.17658587498997,3.856106114415803,
classical,0.0003,0.05,10,20,20,0.0,92.46263997753937,1.2088763709962436,0.0,0.0,100.0,0.0,100.0,0.0,45.01168208366278,10.326389841243945,
classical,0.0003,0.05,20,20,20,0.0,91.53868473153008,1.1851658496008035,0.0,0.0,100.0,0.0,100.0,0.0,71.2389433546115,9.435832512599896,
classical,0.0003,0.05,50,20,20,0.0,92.35940891405242,0.8936384157766581,0.0,0.0,100.0,0.0,99.94722918407129,0.036319506860642815,83.29949964815978,8.027896467376877,
classical,0.0003,0.05,100,20,20,0.0,92.67930494667829,0.3854255549201057,0.10638297872340399,0.07404326768784336,99.8936170212766,0.07404326768784394,100.0,0.0,99.00068686763936,0.0004294272073772231,
classical,0.0003,0.05,200,20,20,0.0,93.05391288732153,0.2893779885075502,0.2862870701128025,0.09840257003391971,99.71371292988718,0.09840257003392032,100.0,0.0,99.49944557908476,0.00017367456795061543,
classical,0.0003,0.05,400,20,20,0.0,92.47680274762385,0.19635898278358224,0.6643771094950055,0.0894700903561724,99.335622890505,0.08947009035617275,100.0,0.0,99.75005316281616,7.92066025231036e-05,
classical,0.0003,0.05,700,20,20,0.0,92.50469324623458,0.14849202883899704,2.1013330799910404,0.2072299777919381,97.89866692000894,0.20722997779193775,100.0,0.0,99.85715729061954,3.114986128936427e-05,
classical,0.0003,0.05,1000,20,20,0.0,92.70405745977978,0.12691821185830823,4.678008511070698,0.27313021358515704,95.32199148892931,0.2731302135851567,100.0,0.0,99.90000426856683,1.740715903947163e-05,
classical,0.0003,0.1,10,20,20,0.0,83.48454774931704,2.1135483626583405,0.0,0.0,100.0,0.0,100.0,0.0,76.5464618099428,7.3771460894397665,
classical,0.0003,0.1,20,20,20,0.0,83.19836041102525,1.535090926488411,0.0,0.0,100.0,0.0,100.0,0.0,94.99433480263238,0.01576068095538938,
classical,0.0003,0.1,50,20,20,0.0,84.1955026787784,0.7964479386513211,0.17751479289940802,0.17751479289940802,99.82248520710058,0.17751479289940805,100.0,0.0,98.00413786999027,0.00395078903608891,
classical,0.0003,0.1,100,20,20,0.0,85.62518663330437,0.7143126499373643,0.0660151168166515,0.051578746259319505,99.93398488318334,0.05157874625931977,100.0,0.0,98.99912385194686,0.0013145019579764608,
classical,0.0003,0.1,200,20,20,0.0,84.9622478046571,0.5088883044813267,0.30391846519630594,0.07806770910656312,99.69608153480368,0.07806770910656406,100.0,0.0,99.4998129563903,0.0004488315111711132,
classical,0.0003,0.1,400,20,20,0.0,85.3625772685073,0.28020393096143514,0.5873305050944471,0.12389395431756038,99.41266949490554,0.12389395431756123,100.0,0.0,99.75001213855201,0.00012831034133908387,
classical,0.0003,0.1,700,20,20,0.0,85.17048251808038,0.18173311698485353,2.1470355306994646,0.20620219817482807,97.85296446930053,0.20620219817482777,100.0,0.0,99.8571580513728,6.206789038701827e-05,
classical,0.0003,0.1,1000,20,20,0.0,85.17089681564785,0.21804054366241093,5.303564892446984,0.21507981976447924,94.69643510755301,0.2150798197644792,100.0,0.0,99.90001429654845,3.615603191643457e-05,
classical,0.0005,0.0,10,20,20,0.0,100.0,0.0,0.0,0.0,100.0,0.0,100.0,0.0,0.0,0.0,
classical,0.0005,0.0,20,20,20,0.0,100.0,0.0,0.0,0.0,100.0,0.0,100.0,0.0,0.0,0.0,
classical,0.0005,0.0,50,20,20,0.0,100.0,0.0,0.123885522880646,0.07073222798923834,99.87611447711934,0.07073222798923907,100.0,0.0,0.123885522880646,0.07073222798923834,
classical,0.0005,0.0,100,20,20,0.0,100.0,0.0,0.530640945073405,0.14392014737666356,99.4693590549266,0.1439201473766636,100.0,0.0,0.506254269952691,0.13739090410559396,
classical,0.0005,0.0,200,20,20,0.0,99.99375,0.006250000000000001,0.7230603306145185,0.12530253383891934,99.27693966938548,0.12530253383891982,99.98125,0.018750000000000003,0.5890060942942754,0.08630172766518679,
classical,0.0005,0.0,400,20,20,0.0,99.984375,0.012724141735093052,2.7102649408844046,0.26920720451452956,97.2897350591156,0.2692072045145297,99.978125,0.015225146918312824,1.68467853413314,0.17202788572667851,
classical,0.0005,0.0,700,20,20,0.0,100.0,0.0,10.957094965405183,0.4001332451604663,89.04290503459484,0.40013324516046656,100.0,0.0,5.561083832246927,0.20728574356058918,
classical,0.0005,0.0,1000,20,20,0.0,99.97999999999999,0.0088108784435698,24.289042908002422,0.5249194628992822,75.71095709199757,0.5249194628992823,99.9725,0.009917422203268977,12.167799861197404,0.3167553352233351,
classical,0.0005,0.01,10,20,20,0.0,99.20341394025604,0.4350713269867344,0.0,0.0,100.0,0.0,100.0,0.0,9.0,6.1942248145051675,
classical,0.0005,0.01,20,20,20,0.0,98.9506072874494,0.40105267273575984,0.183679614573923,0.1337538377488055,99.81632038542607,0.13375383774880545,100.0,0.0,4.933843980122904,4.74237373090723,
classical,0.0005,0.01,50,20,20,0.0,98.8194732146641,0.24920985355006864,0.1272404804772525,0.10262946620079966,99.87275951952275,0.10262946620079932,99.94935897435897,0.03485664660660729,29.949110537205435,10.222300555644747,
classical,0.0005,0.01,100,20,20,0.0,98.38540286623729,0.16455763102314316,0.10278484975884401,0.053704920392597125,99.89721515024117,0.053704920392597624,99.66753213308463,0.06448273526970498,22.99706655545372,8.727747525198948,
classical,0.0005,0.01,200,20,20,0.0,98.44738718653608,0.12521373649217227,1.059261843940522,0.17263553582155391,98.94073815605948,0.17263553582155436,99.52155264512182,0.05155984240752307,15.295194449202635,1.418776542907322,
classical,0.0005,0.01,400,20,20,0.0,98.51402666985798,0.0731309790758633,3.126284451355283,0.37577322791055323,96.87371554864471,0.37577322791055406,99.46435072780504,0.050064285707763355,44.017142544517775,2.2017664278975513,
classical,0.0005,0.01,700,20,20,0.0,98.51738070023715,0.08782092211037487,11.518565817167195,0.3874850969481896,88.48143418283279,0.3874850969481887,99.48599983210303,0.03572820487952496,69.40207946302016,3.006352074295139,
classical,0.0005,0.01,1000,20,20,0.0,98.56616943782514,0.050093517375054006,24.6024867841273,0.6427494786748691,75.39751321587269,0.6427494786748688,99.49109586169597,0.03925190432276806,81.17323495419949,2.743732147108543,
classical,0.0005,0.02,10,20,20,0.0,97.09941520467837,0.9811779479114643,0.0,0.0,100.0,0.0,100.0,0.0,18.00426541051541,8.260923877604245,
classical,0.0005,0.02,20,20,20,0.0,97.12994824977523,0.5591904889932396,0.0,0.0,100.0,0.0,100.0,0.0,38.124141495740254,10.654130427452994,
classical,0.0005,0.02,50,20,20,0.0,97.20033177162534,0.2747248798507808,0.026178010471204,0.026178010471204,99.9738219895288,0.026178010471203803,99.9473625886525,0.036229781065312376,59.031990601039254,10.94946630353713,
classical,0.0005,0.02,100,20,20,0.0,97.33187837410102,0.31064544162795726,0.41471664885096543,0.14459229345211333,99.58528335114903,0.14459229345211408,99.87028444254537,0.0550286678838981,51.33283868129912,10.939626327533594,
classical,0.0005,0.02,200,20,20,0.0,97.05456447358827,0.1833536454486009,0.9538014055551585,0.20326614722770675,99.04619859444483,0.20326614722770703,99.67583904541047,0.08500044371349888,62.91716591333177,9.281111250197936,
classical,0.0005,0.02,400,20,20,0.0,96.7941780026586,0.13992601313600442,2.762483475014549,0.214101817311144,97.23751652498545,0.21410181731114372,99.47564572431983,0.09231230408065741,64.48916794831817,5.941453948232526,
classical,0.0005,0.02,700,20,20,0.0,97.01828194392117,0.08275644708121843,10.695787360487618,0.4658209347302541,89.30421263951237,0.465820934730254,99.65458203747048,0.09793504438012712,88.78945465329504,3.1108505007703178,
classical,0.0005,0.02,1000,20,20,0.0,97.1897374667119,0.06951204606490255,24.143163421791765,0.5995133388158024,75.85683657820823,0.599513338815802,99.59904134585973,0.09481725633773316,91.94646430289319,1.8259626187769469,
classical,0.0005,0.05,10,20,20,0.0,94.194780080229,1.1753419764096629,0.0,0.0,100.0,0.0,100.0,0.0,40.51193298561721,10.274988041471268,
classical,0.0005,0.05,20,20,20,0.0,91.33320294515833,1.139207649944486,0.0,0.0,100.0,0.0,100.0,0.0,71.25491510955854,9.437947194564405,
classical,0.0005,0.05,50,20,20,0.0,92.08417757208682,0.5438603480678248,0.183374183323295,0.09054717265756129,99.81662581667669,0.09054717265756132,99.97222222222221,0.02777777777777857,93.15733382195084,4.844861383946516,
classical,0.0005,0.05,100,20,20,0.0,92.99850416512098,0.35395631117675663,0.408836635698085,0.14895759979182063,99.5911633643019,0.14895759979182097,99.97319034852546,0.02680965147453094,94.32979755957503,4.6700965075503955,
classical,0.0005,0.05,200,20,20,0.0,92.2733468561549,0.26123784120860916,1.1493533348944434,0.16867464078682629,98.85064666510556,0.16867464078682634,100.0,0.0,99.49998811495695,0.00019941695489328844,
classical,0.0005,0.05,400,20,20,0.0,92.49963445173384,0.22636169618602198,3.250078668368346,0.26047736433938484,96.74992133163165,0.2604773643393851,100.0,0.0,99.75004209360307,8.237850213634398e-05,
classical,0.0005,0.05,700,20,20,0.0,92.70771739361192,0.17917750428318946,10.799669682859399,0.470572667388025,89.2003303171406,0.4705726673880245,100.0,0.0,99.85706021302857,3.522454650474961e-05,
classical,0.0005,0.05,1000,20,20,0.0,93.06932769698946,0.15891644025509294,24.804366870732398,0.6723536461967288,75.19563312926759,0.6723536461967283,100.0,0.0,99.89999495356615,1.836703278470097e-05,
classical,0.0005,0.1,10,20,20,0.0,79.09923335850979,3.597092543298273,0.0,0.0,100.0,0.0,100.0,0.0,58.46925169818387,9.843094250258975,
classical,0.0005,0.1,20,20,20,0.0,84.97719405725843,1.7346701155381996,0.0,0.0,100.0,0.0,100.0,0.0,85.49327777648507,6.537846154429261,
classical,0.0005,0.1,50,20,20,0.0,85.2744899167491,0.6904875018641192,0.0,0.0,100.0,0.0,100.0,0.0,98.0019475796498,0.003449556978854538,
classical,0.0005,0.1,100,20,20,0.0,85.2827325231614,0.4864574496799704,0.3370310794067815,0.11624360059835596,99.66296892059322,0.11624360059835576,100.0,0.0,98.99965629154654,0.0013985622113837136,
classical,0.0005,0.1,200,20,20,0.0,84.91426470034708,0.3776154469963844,0.4365658535918374,0.06890442413314377,99.56343414640816,0.06890442413314306,100.0,0.0,99.50031611693791,0.0004077555887864991,
classical,0.0005,0.1,400,20,20,0.0,85.16663490659364,0.34067542904088033,2.715369029060647,0.28355865653796414,97.28463097093935,0.28355865653796425,100.0,0.0,99.75006151824358,0.00016482786815124706,
classical,0.0005,0.1,700,20,20,0.0,85.67048853013657,0.22761879668814874,11.228208923037212,0.5109623483341572,88.77179107696278,0.5109623483341572,100.0,0.0,99.85700226100123,7.348685160549544e-05,
classical,0.0005,0.1,1000,20,20,0.0,85.48640138702619,0.19877075104569733,24.083450742671904,0.6131980970767433,75.91654925732809,0.6131980970767427,100.0,0.0,99.90000544778347,2.7686533696441718e-05,
classical,0.0007,0.0,10,20,20,0.0,100.0,0.0,0.12195121951219501,0.12195121951219498,99.8780487804878,0.12195121951219504,100.0,0.0,0.12195121951219501,0.12195121951219498,
classical,0.0007,0.0,20,20,20,0.0,100.0,0.0,0.0,0.0,100.0,0.0,100.0,0.0,0.0,0.0,
classical,0.0007,0.0,50,20,20,0.0,100.0,0.0,0.3455603997279365,0.1294912893916237,99.65443960027207,0.12949128939162424,100.0,0.0,0.3455603997279365,0.1294912893916237,
classical,0.0007,0.0,100,20,20,0.0,100.0,0.0,0.5552725644022806,0.1456356848785197,99.44472743559773,0.14563568487852013,100.0,0.0,0.4817490092877925,0.13256720794427437,
classical,0.0007,0.0,200,20,20,0.0,99.975,0.025,2.3743310848295573,0.24378443360809643,97.62566891517045,0.24378443360809765,99.975,0.025,1.7077569136517787,0.18316925291320585,
classical,0.0007,0.0,400,20,20,0.0,99.98125,0.0129046350302191,9.160087340120581,0.5702793432692158,90.83991265987942,0.5702793432692153,99.96875,0.01726582035790883,4.970422870788999,0.3302432330311091,
classical,0.0007,0.0,700,20,20,0.0,99.96964285714287,0.013531550036922628,28.85014129865356,0.6978107747465111,71.14985870134642,0.6978107747465115,99.95535714285714,0.016965522313457798,15.119687521397925,0.48229119846025514,
classical,0.0007,0.0,1000,20,20,0.0,99.96249999999999,0.018540496217739358,51.65979785047598,0.5404647821987258,48.34020214952401,0.540464782198726,99.9625,0.0120988255193375,31.464866363385177,0.5968624848229013,
classical,0.0007,0.01,10,20,20,0.0,98.53485064011379,0.5279320561150322,0.135135135135135,0.13513513513513495,99.86486486486487,0.13513513513513473,100.0,0.0,13.48753462603878,7.365802025539325,
classical,0.0007,0.01,20,20,20,0.0,98.56940953783058,0.4025563195724998,0.0625,0.0625,99.9375,0.0625,100.0,0.0,23.812664365548983,9.429283532553313,
classical,0.0007,0.01,50,20,20,0.0,98.73767022013767,0.3085084435390141,0.051813471502590504,0.0518134715025905,99.94818652849742,0.05181347150259085,99.97474747474747,0.02525252525252597,34.74839302184954,10.649719981434767,
classical,0.0007,0.01,100,20,20,0.0,98.48077120264423,0.13529916033263584,0.6519762655109396,0.15858362100078904,99.34802373448905,0.15858362100078974,99.7585196766262,0.05677785090120113,39.04652391979638,10.116623266347515,
classical,0.0007,0.01,200,20,20,0.0,98.39299971252254,0.13563285075386583,2.6721555264156143,0.3820624679315175,97.32784447358438,0.3820624679315176,99.61069553254325,0.06505092688112553,33.68539603131877,5.370728099888727,
classical,0.0007,0.01,400,20,20,0.0,98.5577000357125,0.07332027974441148,9.161478445872884,0.5036715943528927,90.83852155412713,0.5036715943528932,99.47743285833407,0.04835187938788689,54.24768583143632,4.430182953545367,
classical,0.0007,0.01,700,20,20,0.0,98.66405216870149,0.04112430941659486,30.19762926484384,0.6769555534085245,69.80237073515617,0.6769555534085239,99.52678049637598,0.038196292946220414,80.5642680116279,2.9248543854749793,
classical,0.0007,0.01,1000,20,20,0.0,98.63539516968109,0.052057830924302835,52.21788987122183,0.513467619363365,47.78211012877817,0.5134676193633656,99.48763573128538,0.029880918101767708,89.03473443335142,2.0190062845695484,
classical,0.0007,0.02,10,20,20,0.0,96.62214658267291,0.716083695807517,0.0,0.0,100.0,0.0,100.0,0.0,27.002809542975747,9.462819412594971,
classical,0.0007,0.02,20,20,20,0.0,96.7989989701628,0.6520730221212708,0.2027027027027025,0.2027027027027025,99.79729729729729,0.20270270270270316,100.0,0.0,28.501368307082267,9.987971703265014,
classical,0.0007,0.02,50,20,20,0.0,96.32342577889854,0.448150706193631,0.1859396566498055,0.0953799712925813,99.81406034335019,0.09537997129258115,100.0,0.0,74.24483095767263,9.443227372655182,
classical,0.0007,0.02,100,20,20,0.0,97.00982788675961,0.33016592309165127,0.4021028214381305,0.11548331317568769,99.59789717856187,0.11548331317568722,99.75368111753859,0.06652844974077768,48.79830593708491,10.43953061735456,
classical,0.0007,0.02,200,20,20,0.0,96.9068040708361,0.2048943488321652,2.5891829865219425,0.2475672747795837,97.41081701347805,0.24756727477958446,99.76033672263324,0.07644521195435026,64.72219710730232,7.983256353969772,
classical,0.0007,0.02,400,20,20,0.0,97.0810454808222,0.13534462013519613,9.284296859203142,0.6074243253776868,90.71570314079688,0.6074243253776863,99.63000670750048,0.08734411835384473,81.16608739006884,4.266938245317214,
classical,0.0007,0.02,700,20,20,0.0,97.09171813135887,0.10268194663748274,28.64697165379088,0.6063960330581477,71.35302834620911,0.6063960330581477,99.71204593424804,0.09107276959455864,94.0936870815176,1.802494239259051,
classical,0.0007,0.02,1000,20,20,0.0,97.26139559796164,0.06668010985905921,53.17733918217768,0.5812848621397264,46.822660817822324,0.5812848621397263,99.45914599284546,0.09448865644919027,94.08888984170001,0.980256914406642,
classical,0.0007,0.05,10,20,20,0.0,93.35901027077497,1.7699728581236371,0.0,0.0,100.0,0.0,100.0,0.0,22.513730720563593,8.946051823270249,
classical,0.0007,0.05,20,20,20,0.0,94.10457353447441,0.8654631783846304,0.0,0.0,100.0,0.0,100.0,0.0,52.248466360696014,10.84230760926162,
classical,0.0007,0.05,50,20,20,0.0,93.59302838996066,0.43743605336424846,0.22666114146560998,0.11179075363939092,99.77333885853439,0.11179075363939148,99.97267759562843,0.027322404371584955,83.90512770935597,7.697723419344681,
classical,0.0007,0.05,100,20,20,0.0,92.50155400934086,0.40887650851247864,0.8858034750103375,0.20337393174338936,99.11419652498965,0.2033739317433897,99.97237569060773,0.02762430939226519,94.4348154233528,4.565395161989158,
classical,0.0007,0.05,200,20,20,0.0,92.27949222142205,0.3300109057178728,1.761567259055769,0.23921844405257695,98.23843274094422,0.2392184440525767,100.0,0.0,99.5003983269403,0.00011343816520868772,
classical,0.0007,0.05,400,20,20,0.0,92.58494514764723,0.26693787908327715,9.125174142953375,0.3894284388096538,90.87482585704662,0.38942843880965405,100.0,0.0,99.74992256812388,9.13920555756699e-05,
classical,0.0007,0.05,700,20,20,0.0,93.07689889414878,0.20147640667762293,29.327301024010524,0.6587872642905591,70.67269897598949,0.6587872642905591,100.0,0.0,99.8571169377619,3.489208317686217e-05,
classical,0.0007,0.05,1000,20,20,0.0,93.23667466603696,0.15519521941331116,52.687066143002575,0.7486258935387777,47.31293385699742,0.7486258935387775,100.0,0.0,99.89995433222926,1.7645027566034533e-05,
classical,0.0007,0.1,10,20,20,0.0,88.54497051887944,1.9646282148102776,0.405405405405405,0.405405405405405,99.5945945945946,0.4054054054054049,100.0,0.0,63.01332531316139,9.463904030104123,
classical,0.0007,0.1,20,20,20,0.0,86.41826808693146,1.8025140238978103,0.0746268656716415,0.07462686567164148,99.92537313432835,0.07462686567164169,100.0,0.0,90.2410033139389,4.749550854918388,
classical,0.0007,0.1,50,20,20,0.0,86.4887142418067,0.7302480413755352,0.41763302022458093,0.23183794577197198,99.58236697977541,0.23183794577197223,100.0,0.0,93.25926960998444,4.733914984726351,
classical,0.0007,0.1,100,20,20,0.0,85.49419039458144,0.4919802392903641,0.5263739347570414,0.21287414163167015,99.47362606524297,0.21287414163167034,100.0,0.0,99.00212057859464,0.0009197285661523385,
classical,0.0007,0.1,200,20,20,0.0,85.1192691987485,0.3403435218192799,2.0458476590823738,0.22771854294249216,97.95415234091762,0.2277185429424921,100.0,0.0,99.50041869350645,0.0004254782479340087,
classical,0.0007,0.1,400,20,20,0.0,85.62008044469312,0.34040416461410444,8.812681557336552,0.6252708036619192,91.18731844266344,0.6252708036619196,100.0,0.0,99.74994499457698,0.00015804111756399764,
classical,0.0007,0.1,700,20,20,0.0,85.73960534329085,0.21469182033679524,29.236182854836954,0.75182478299791,70.76381714516303,0.7518247829979096,100.0,0.0,99.85718944273529,6.797512033835849e-05,
classical,0.0007,0.1,1000,20,20,0.0,86.2426703782972,0.12427239355955466,52.482830205755214,0.5940188194603329,47.517169794244786,0.5940188194603335,100.0,0.0,99.90004734676606,3.266037786675485e-05,
classical,0.001,0.0,10,20,20,0.0,100.0,0.0,0.0,0.0,100.0,0.0,100.0,0.0,0.0,0.0,
classical,0.001,0.0,20,20,20,0.0,99.9375,0.0625,0.29982363315696603,0.24280168778255118,99.70017636684302,0.24280168778255107,100.0,0.0,5.049823633156966,4.740415682512618,
classical,0.001,0.0,50,20,20,0.0,100.0,0.0,0.6868232283534689,0.20705036110564462,99.31317677164652,0.20705036110564465,100.0,0.0,0.6396923222617994,0.17810608360521624,
classical,0.001,0.0,100,20,20,0.0,100.0,0.0,1.8051041351962507,0.24126120040080204,98.19489586480374,0.24126120040080273,100.0,0.0,1.447185883346159,0.18154652766808355,
classical,0.001,0.0,200,20,20,0.0,100.0,0.0,5.30035622909357,0.4857999802512103,94.69964377090642,0.4857999802512105,100.0,0.0,3.1986014160846006,0.3135423214783408,
classical,0.001,0.0,400,20,20,0.0,99.978125,0.013808934702994975,24.77005541551919,0.9390805013419801,75.2299445844808,0.9390805013419798,99.96875,0.01726582035790883,13.663170980788118,0.6634957864092306,
classical,0.001,0.0,700,20,20,0.0,99.98392857142858,0.00985767406218185,61.16838600902778,0.7046741027706517,38.83161399097221,0.7046741027706521,99.98035714285714,0.010831129798756207,42.15140088005698,0.7966620997008719,
classical,0.001,0.0,1000,20,20,0.0,99.95750000000001,0.02084561041764431,80.15114811419105,0.20768448674599133,19.848851885808966,0.20768448674599174,99.98125,0.008085684230396382,65.83868349005293,0.348255544375379,
classical,0.001,0.01,10,20,20,0.0,97.8291449344081,0.8350579031331815,0.0,0.0,100.0,0.0,100.0,0.0,9.0,6.1942248145051675,
classical,0.001,0.01,20,20,20,0.0,98.23030226591871,0.4570493707219106,0.0649350649350645,0.06493506493506448,99.93506493506493,0.06493506493506515,100.0,0.0,14.690718952451698,7.742973087909951,
classical,0.001,0.01,50,20,20,0.0,97.83483878513283,0.2508096357187301,0.077243018419489,0.05588856261849691,99.9227569815805,0.05588856261849686,100.0,0.0,37.10158165419835,10.260644176406071,
classical,0.001,0.01,100,20,20,0.0,98.31606004322073,0.24502169990428285,1.4325865578211299,0.24387613794266774,98.56741344217888,0.24387613794266821,99.74572912914554,0.06652545599102568,34.83247378850968,8.624478166346652,
classical,0.001,0.01,200,20,20,0.0,98.85898430724266,0.11196557613605128,5.779042282075366,0.38850224710541154,94.22095771792463,0.38850224710541126,99.45933014844167,0.06406387201004846,35.21350882829628,6.531523707336434,
classical,0.001,0.01,400,20,20,0.0,98.50583108379934,0.0905078516708807,26.481460161925686,0.7764326082012526,73.5185398380743,0.7764326082012525,99.48024354072143,0.05476008137326898,75.46095223712436,3.2076422603637,
classical,0.001,0.01,700,20,20,0.0,98.63212846008086,0.06390353520538371,60.42399441866452,0.4674651611150224,39.57600558133547,0.4674651611150223,99.47693165273827,0.041812991349577215,89.35605169513425,1.652591411859171,
classical,0.001,0.01,1000,20,20,0.0,98.75595445297728,0.05336686752639195,80.88905758145378,0.2973611351134612,19.110942418546216,0.29736113511346157,99.51721665346196,0.03961493806133453,93.59668569122607,1.1488030413435757,
classical,0.001,0.02,10,20,20,0.0,95.54609762349699,1.1517630277222808,0.0,0.0,100.0,0.0,100.0,0.0,18.52920227920228,8.206923661132409,
classical,0.001,0.02,20,20,20,0.0,96.5498650709177,0.5918781825432076,0.263340263340263,0.1813129162852778,99.73665973665973,0.18131291628527743,100.0,0.0,24.63062872614838,9.326190277985994,
classical,0.001,0.02,50,20,20,0.0,97.41798396539073,0.3071965117914643,0.154377574066693,0.11244839375508461,99.84562242593331,0.11244839375508514,99.97354497354497,0.02645502645502588,64.47683466493945,10.486701393993332,
classical,0.001,0.02,100,20,20,0.0,96.57898944077637,0.3207186597524343,1.72070690543926,0.3349098251678032,98.27929309456073,0.33490982516780254,99.83157563302339,0.06340303326810935,68.6409844305276,9.545809075405366,
classical,0.001,0.02,200,20,20,0.0,96.88058507065516,0.22089396651912047,6.002995859901125,0.4161669927409511,93.99700414009888,0.41616699274095137,99.7795936804569,0.06661841708525942,75.64458960219056,6.0568664007952435,
classical,0.001,0.02,400,20,20,0.0,97.3261434293612,0.1181345976085582,25.001666237255296,0.8790624998490661,74.99833376274469,0.8790624998490659,99.48152161061479,0.08727118944905592,83.85767619932842,2.3905633591282154,
classical,0.001,0.02,700,20,20,0.0,97.43765570634339,0.09808775860161997,59.78572982616811,0.6298068151897034,40.21427017383189,0.6298068151897035,99.45391525575243,0.07867485315605499,93.11512625098612,0.8943986355650377,
classical,0.001,0.02,1000,20,20,0.0,97.37686719511699,0.08837872895559169,80.35629443017012,0.3293546438559126,19.64370556982988,0.3293546438559127,99.52427085361862,0.09426636305301209,97.10139859583349,0.5246307842465391,
classical,0.001,0.05,10,20,20,0.0,92.47649734978708,1.6927442863143844,0.0,0.0,100.0,0.0,100.0,0.0,45.0078621363762,10.325521392287405,
classical,0.001,0.05,20,20,20,0.0,92.65509537554931,0.9537077412280068,0.46329294369208796,0.28282519633206316,99.5367070563079,0.28282519633206293,100.0,0.0,66.83895652653656,9.870684035577925,
classical,0.001,0.05,50,20,20,0.0,92.59688963349642,0.7259334998833503,0.5465784155424855,0.14772712228047094,99.45342158445752,0.1477271222804712,99.97142857142858,0.02857142857142776,84.18305978446699,7.549192949217801,
classical,0.001,0.05,100,20,20,0.0,92.43820106104546,0.5394549039788966,1.8863406472486073,0.2916096027084529,98.11365935275138,0.2916096027084532,99.95821727019498,0.041782729805014185,94.93018540652754,4.070399658020629,
classical,0.001,0.05,200,20,20,0.0,92.19468650750137,0.4615247781998328,5.843746962232759,0.6059777721436207,94.15625303776723,0.605977772143621,100.0,0.0,99.4996938224385,0.0001931373373507113,
classical,0.001,0.05,400,20,20,0.0,92.97919381509377,0.18191462260380414,25.208861192441056,0.8381627962521326,74.79113880755895,0.8381627962521325,100.0,0.0,99.74989670599865,8.004165676689437e-05,
classical,0.001,0.05,700,20,20,0.0,93.11057024903471,0.18764651328106513,59.53896207847701,0.6203767610141221,40.46103792152299,0.6203767610141218,100.0,0.0,99.85715220398211,2.6595209606986318e-05,
classical,0.001,0.05,1000,20,20,0.0,93.44077474047853,0.12899511501721836,79.93310551693303,0.32536858404877494,20.066894483066967,0.3253685840487748,100.0,0.0,99.90000820286991,2.4440704667141342e-05,
classical,0.001,0.1,10,20,20,0.0,84.9741010634712,1.5398496123147827,0.0,0.0,100.0,0.0,100.0,0.0,85.49596590544576,4.499948136674703,
classical,0.001,0.1,20,20,20,0.0,85.871773632192,0.903796403365707,0.6369061972510245,0.462267052216121,99.36309380274898,0.46226705221612047,100.0,0.0,90.66597483341133,4.333312095199784,
classical,0.001,0.1,50,20,20,0.0,85.93359644528877,0.7491971144558153,0.852318442804345,0.32452984675388935,99.14768155719565,0.32452984675388946,100.0,0.0,97.99707615664047,0.0038150586012169856,
classical,0.001,0.1,100,20,20,0.0,84.73654055545576,0.6181718999490472,1.7213984339378103,0.2617592938490273,98.27860156606219,0.2617592938490268,100.0,0.0,98.9985134816753,0.0012776418967953651,
classical,0.001,0.1,200,20,20,0.0,85.38366538109554,0.30114369560351956,5.620579567436233,0.514450393750438,94.37942043256376,0.514450393750438,100.0,0.0,99.50009095887746,0.0004365565769101147,
classical,0.001,0.1,400,20,20,0.0,85.90785567395939,0.29979524293960785,24.78127030292041,0.7729692850399631,75.21872969707957,0.7729692850399631,100.0,0.0,99.74965081738162,0.00010701706471843989,
classical,0.001,0.1,700,20,20,0.0,86.24233889239662,0.23501752880817842,60.83622489457159,0.637212659467226,39.163775105428414,0.6372126594672255,100.0,0.0,99.85721751229451,8.27648421099759e-05,
classical,0.001,0.1,1000,20,20,0.0,86.85419565799765,0.12168968455024438,79.35059115891485,0.2610717392342974,20.64940884108514,0.26107173923429705,100.0,0.0,99.89994769740107,3.8108261398143435e-05,
qsvt,0.0001,0.0,10,3,3,0.0,100.0,0.0,0.0,0.0,100.0,0.0,100.0,0.0,0.0,0.0,0.9999978189006492
qsvt,0.0001,0.0,20,3,3,0.0,100.0,0.0,0.0,0.0,100.0,0.0,100.0,0.0,0.0,0.0,0.9999978189136399
qsvt,0.0001,0.0,50,3,3,0.0,100.0,0.0,0.0,0.0,100.0,0.0,100.0,0.0,0.0,0.0,0.9999978188631494
qsvt,0.0001,0.0,100,3,3,0.0,100.0,0.0,0.0,0.0,100.0,0.0,100.0,0.0,0.0,0.0,0.9999978189579107
qsvt,0.0001,0.0,200,3,3,0.0,99.66666666666667,0.3333333333333333,0.0,0.0,100.0,0.0,99.66666666666667,0.3333333333333333,0.0,0.0,0.9947649197630741
qsvt,0.0001,0.0,400,3,3,0.0,99.66666666666667,0.16666666666666669,0.0,0.0,100.0,0.0,99.66666666666667,0.16666666666666669,0.0,0.0,0.9989869950434697
qsvt,0.0001,0.0,700,3,3,0.0,99.71428571428572,0.0,0.0,0.0,100.0,0.0,99.71428571428572,0.0,0.0,0.0,0.9986618409089307
qsvt,0.0001,0.0,1000,3,3,0.0,99.60000000000001,0.20816659994661393,0.0,0.0,100.0,0.0,99.60000000000001,0.20816659994661393,0.0,0.0,0.9984947534097469
qsvt,0.0001,0.01,10,3,3,0.0,98.24561403508773,1.7543859649122784,0.0,0.0,100.0,0.0,100.0,0.0,0.0,0.0,0.9999978189089423
qsvt,0.0001,0.01,20,3,3,0.0,99.14529914529915,0.8547008547008518,0.0,0.0,100.0,0.0,100.0,0.0,31.666666666666668,31.666666666666668,0.999997818941261
qsvt,0.0001,0.01,50,3,3,0.0,96.03893182840551,0.6707760853969734,0.0,0.0,100.0,0.0,100.0,0.0,32.66708745353812,32.667087453538116,0.9977559422642602
qsvt,0.0001,0.01,100,3,3,0.0,96.65333447132792,1.095957006334351,0.0,0.0,100.0,0.0,99.83122362869199,0.16877637130801307,33.00014712118459,33.00014712118458,0.9985721006299162
qsvt,0.0001,0.01,200,3,3,0.0,96.81466642685702,0.26807512163871927,0.0,0.0,100.0,0.0,99.49096958207656,0.1457114561967447,0.8439748341674332,0.27294805147291723,0.9928192949644926
qsvt,0.0001,0.01,400,3,3,0.0,96.65231615136202,0.4001024929590823,0.0,0.0,100.0,0.0,99.46714191453253,0.05722005043867023,3.5116101513911633,0.3194142194414902,0.9981674325433563
qsvt,0.0001,0.01,700,3,3,0.0,96.22991132060115,0.17215801709782627,0.0,0.0,100.0,0.0,99.34091157939288,0.11849765711584273,9.990424340938251,0.25532491642583527,0.997506926902541
qsvt,0.0001,0.01,1000,3,3,0.0,96.4749014519058,0.17828684266602882,0.0,0.0,100.0,0.0,99.53988603520513,0.1180292894895597,18.12025746232898,1.02328366311766,0.9948395723061593
qsvt,0.0001,0.02,10,3,3,0.0,90.83820662768032,6.704632952015529,0.0,0.0,100.0,0.0,100.0,0.0,0.0,0.0,0.9937252761333056
qsvt,0.0001,0.02,20,3,3,0.0,98.29059829059831,0.8547008547008518,0.0,0.0,100.0,0.0,100.0,0.0,31.666666666666668,31.666666666666668,0.999997818953093
qsvt,0.0001,0.02,50,3,3,0.0,93.95676423980201,0.7442840753844213,0.0,0.0,100.0,0.0,100.0,0.0,32.66687385614144,32.666873856141436,0.9960211769855046
qsvt,0.0001,0.02,100,3,3,0.0,92.74143484157092,1.3467444641857484,0.0,0.0,100.0,0.0,100.0,0.0,99.0005093462784,0.00023598965885551085,0.9951002932629622
qsvt,0.0001,0.02,200,3,3,0.0,93.5919509188642,0.8100471863908486,0.0,0.0,100.0,0.0,99.4818226820039,0.25912060925566704,33.25253829780704,33.123589813596595,0.9950565637231809
qsvt,0.0001,0.02,400,3,3,0.0,94.09599448189745,0.6174848179473291,0.0,0.0,100.0,0.0,99.71806549555411,0.28193450444589513,68.00371777873585,31.746219791745837,0.99659688859183
qsvt,0.0001,0.02,700,3,3,0.0,94.0795359215557,0.11128548394451487,0.0,0.0,100.0,0.0,99.75152192818985,0.24847807181015943,69.88562093377783,29.971555816910833,0.9966985579187057
qsvt,0.0001,0.02,1000,3,3,0.0,92.93794163503186,0.1250754195459374,0.0,0.0,100.0,0.0,99.66858538287109,0.33141461712890913,72.45930612347034,27.44071818916152,0.9932720399070049
qsvt,0.0001,0.05,10,3,3,0.0,85.92592592592592,2.962962962962962,0.0,0.0,100.0,0.0,100.0,0.0,90.01873028650498,0.009367913901163835,0.9965338265832027
qsvt,0.0001,0.05,20,3,3,0.0,89.61631975330606,1.9450868765937248,0.0,0.0,100.0,0.0,100.0,0.0,95.00341763499658,0.003417634996580432,0.9953471338528056
qsvt,0.0001,0.05,50,3,3,0.0,80.32364283381038,2.9943314237185223,0.0,0.0,100.0,0.0,100.0,0.0,98.00326295396015,0.0070971118330674385,0.9889483617966711
qsvt,0.0001,0.05,100,3,3,0.0,84.33017910927673,1.3464639167444123,0.0,0.0,100.0,0.0,100.0,0.0,98.99902732346895,0.0012997095724568105,0.9920289983780352
qsvt,0.0001,0.05,200,3,3,0.0,82.36773250495321,2.292838162230887,0.0,0.0,100.0,0.0,100.0,0.0,99.49950309040463,0.0009238346955413244,0.9885074195058658
qsvt,0.0001,0.05,400,3,3,0.0,85.80623053379928,0.1880130201772546,0.0,0.0,100.0,0.0,100.0,0.0,99.7500288084894,0.0001108360938306894,0.9914877437370974
qsvt,0.0001,0.05,700,3,3,0.0,84.57513911334281,0.4477756385123788,0.0,0.0,100.0,0.0,100.0,0.0,99.85711348455679,5.539405740491476e-05,0.9906603464632503
qsvt,0.0001,0.05,1000,3,3,0.0,85.6808025524133,0.4640022446579582,0.0,0.0,100.0,0.0,100.0,0.0,99.90001204327375,2.9007598097804222e-05,0.9919550825442979
qsvt,0.0001,0.1,10,3,3,0.0,77.77777777777779,6.415002990995844,0.0,0.0,100.0,0.0,100.0,0.0,30.065359477124186,30.06535947712419,0.9890682109127459
qsvt,0.0001,0.1,20,3,3,0.0,75.35773366418528,6.9056455374785255,0.0,0.0,100.0,0.0,100.0,0.0,95.01456977360897,0.04925828623585186,0.988329122431782
qsvt,0.0001,0.1,50,3,3,0.0,70.47016656124816,3.590593499198731,0.0,0.0,100.0,0.0,100.0,0.0,98.00564498939652,0.001555752844807794,0.9819305626531346
qsvt,0.0001,0.1,100,3,3,0.0,72.64264849074976,2.1999844078309962,0.0,0.0,100.0,0.0,100.0,0.0,98.99825266580046,0.002097678325198751,0.9854928047604475
qsvt,0.0001,0.1,200,3,3,0.0,72.40536498580433,1.513921457895924,0.0,0.0,100.0,0.0,100.0,0.0,99.49871682389549,0.001503129696874343,0.9858187182941487
qsvt,0.0001,0.1,400,3,3,0.0,73.67056085182737,0.9812458052016928,0.0,0.0,100.0,0.0,100.0,0.0,99.74965894697357,0.00036722743655387126,0.9849561384583762
qsvt,0.0001,0.1,700,3,3,0.0,72.39158332972481,0.9200796674841735,0.0,0.0,100.0,0.0,100.0,0.0,99.85711292161774,0.0002482638550100319,0.9845232369655932
qsvt,0.0001,0.1,1000,3,3,0.0,72.66045944040273,0.4185089625637101,0.014318442153493332,0.014318442153493333,99.98568155784649,0.014318442153495427,100.0,0.0,99.8999056396284,0.00012119739705000472,0.9829599832498855
qsvt,0.0003,0.0,10,3,3,0.0,100.0,0.0,0.0,0.0,100.0,0.0,100.0,0.0,0.0,0.0,0.9999978189006492
qsvt,0.0003,0.0,20,3,3,0.0,100.0,0.0,0.0,0.0,100.0,0.0,100.0,0.0,0.0,0.0,0.9999978189136399
qsvt,0.0003,0.0,50,3,3,0.0,100.0,0.0,0.0,0.0,100.0,0.0,100.0,0.0,0.0,0.0,0.9999978188631494
qsvt,0.0003,0.0,100,3,3,0.0,100.0,0.0,0.0,0.0,100.0,0.0,100.0,0.0,0.0,0.0,0.9999978189307183
qsvt,0.0003,0.0,200,3,3,0.0,99.5,0.2886751345948129,0.0,0.0,100.0,0.0,99.5,0.2886751345948129,0.0,0.0,0.9984841705960994
qsvt,0.0003,0.0,400,3,3,0.0,99.0,0.5204164998665332,0.0,0.0,100.0,0.0,99.39583333333333,0.30689416380533824,0.18856125036638002,0.10872912327919504,0.993642146990036
qsvt,0.0003,0.0,700,3,3,0.0,97.47619047619048,0.46899322865695775,0.0,0.0,100.0,0.0,99.16666666666667,0.10378330817953689,1.8680777501564767,0.44291988879754907,0.9863923131005395
qsvt,0.0003,0.0,1000,3,3,0.0,96.89999999999999,0.4163331998932279,0.0086692674469,0.008669267446900001,99.9913307325531,0.008669267446900145,99.09166666666665,0.09166666666666856,4.560542930700643,0.5815690593595483,0.9649979732378879
qsvt,0.0003,0.01,10,3,3,0.0,95.68151147098517,2.270256928645168,0.0,0.0,100.0,0.0,100.0,0.0,0.0,0.0,0.9972410127445838
qsvt,0.0003,0.01,20,3,3,0.0,97.87947636048902,1.1184458223328488,0.0,0.0,100.0,0.0,100.0,0.0,0.0,0.0,0.9986342981765947
qsvt,0.0003,0.01,50,3,3,0.0,98.6463272177558,0.34357177214319756,0.0,0.0,100.0,0.0,100.0,0.0,32.666666666666664,32.66666666666667,0.9999978189060172
qsvt,0.0003,0.01,100,3,3,0.0,96.84608860181379,0.30592291142391487,0.0,0.0,100.0,0.0,99.74358974358974,0.25641025641025317,66.8396987993806,32.16040355587531,0.9978324019887864
qsvt,0.0003,0.01,200,3,3,0.0,97.20321810381328,0.41659530858712823,0.0,0.0,100.0,0.0,99.66093734623996,0.08557393063005757,3.78030303030303,1.919539110009918,0.9975688501024592
qsvt,0.0003,0.01,400,3,3,0.0,96.50667772846641,0.5814104687459483,0.0,0.0,100.0,0.0,99.49141521295779,0.1946774189970883,22.578038187901342,1.367170149055374,0.994047170857646
qsvt,0.0003,0.01,700,3,3,0.0,94.70333511972058,0.6888338102577481,0.013041210224306666,0.013041210224306665,99.9869587897757,0.013041210224306118,99.44101550906531,0.1643150730269648,48.20748185557604,0.4415547170577412,0.9818669650394561
qsvt,0.0003,0.01,1000,3,3,0.0,93.83519258675534,0.3565887976641445,0.06364364316747334,0.032824342953104706,99.93635635683252,0.03282434295310898,99.49007489790603,0.12899996260963925,65.41824305783307,0.66081211768258,0.9738542346603438
qsvt,0.0003,0.02,10,3,3,0.0,100.0,0.0,0.0,0.0,100.0,0.0,100.0,0.0,0.0,0.0,0.9999978189006492
qsvt,0.0003,0.02,20,3,3,0.0,93.37840916788286,0.8237595983230975,0.0,0.0,100.0,0.0,100.0,0.0,63.31506250534591,31.657536212493905,0.9970448032272242
qsvt,0.0003,0.02,50,3,3,0.0,94.26539941220425,1.0732177753728849,0.0,0.0,100.0,0.0,100.0,0.0,98.00070268558011,0.0006030457348689622,0.9971220497801839
qsvt,0.0003,0.02,100,3,3,0.0,92.83267189518898,1.8405481293551562,0.0,0.0,100.0,0.0,99.82683982683983,0.1731601731601747,33.853710531885646,32.5739484876709,0.9953224959403033
qsvt,0.0003,0.02,200,3,3,0.0,94.24520900367735,0.5918786170009288,0.0,0.0,100.0,0.0,99.74193548387098,0.2580645161290249,68.2916418929475,31.20824444795887,0.9966876784815534
qsvt,0.0003,0.02,400,3,3,0.0,93.81193209314453,0.25890226758700574,0.02302025782688667,0.02302025782688667,99.97697974217311,0.02302025782689062,99.7175141242938,0.28248587570621453,73.8333335690866,25.916666784584223,0.9929482577280971
qsvt,0.0003,0.02,700,3,3,0.0,91.1257207076021,0.5039597256933612,0.0,0.0,100.0,0.0,99.4292302454845,0.2687223110072366,65.92340693703424,16.97640853322848,0.9817413703637574
qsvt,0.0003,0.02,1000,3,3,0.0,91.16304288902882,0.12045373760518277,0.0,0.0,100.0,0.0,99.1848374331184,0.07071568879024888,65.57277014424079,0.04379829706761087,0.9732328197919978
qsvt,0.0003,0.05,10,3,3,0.0,72.72522522522523,5.262805601432961,0.0,0.0,100.0,0.0,100.0,0.0,30.0,30.000000000000004,0.9798204265930871
qsvt,0.0003,0.05,20,3,3,0.0,84.44882330549272,1.1936067599117068,0.0,0.0,100.0,0.0,100.0,0.0,63.319059504573524,31.659532986633735,0.9917544333362494
qsvt,0.0003,0.05,50,3,3,0.0,82.01087302210898,4.6984058047913875,0.0,0.0,100.0,0.0,100.0,0.0,65.32992467310315,32.6649623422829,0.9921081484546374
qsvt,0.0003,0.05,100,3,3,0.0,85.64260336318631,1.3837594567968932,0.0,0.0,100.0,0.0,100.0,0.0,99.00213772984834,0.0009751239117801489,0.9918894587338115
qsvt,0.0003,0.05,200,3,3,0.0,85.26422588650243,0.2727167400841356,0.0,0.0,100.0,0.0,100.0,0.0,99.49945382716494,0.0006716833166155967,0.9876465404351261
qsvt,0.0003,0.05,400,3,3,0.0,83.55719078535482,0.44705251212675806,0.027412280701753333,0.027412280701753337,99.97258771929825,0.027412280701758128,100.0,0.0,99.75005435287095,0.0001749831255462162,0.9858197355120341
qsvt,0.0003,0.05,700,3,3,0.0,83.5944903798269,0.41624636037912444,0.015873015873013336,0.015873015873013336,99.98412698412699,0.015873015873012264,100.0,0.0,99.85713121002907,4.4291177880748386e-05,0.9855880993523511
qsvt,0.0003,0.05,1000,3,3,0.0,81.87272553385701,0.824741406933067,0.14727649982618332,0.06365204105252054,99.85272350017381,0.06365204105251399,99.98158370379595,0.009208215558677749,99.90006869865003,3.195484638632661e-05,0.958138739735717
qsvt,0.0003,0.1,10,3,3,0.0,69.75524475524476,4.1604473772963955,0.0,0.0,100.0,0.0,100.0,0.0,90.00725417094846,0.09641390757656015,0.9833503196310048
qsvt,0.0003,0.1,20,3,3,0.0,67.84874608150471,3.109612629415113,0.0,0.0,100.0,0.0,100.0,0.0,94.91102218654396,0.041245808627842,0.9832392322816149
qsvt,0.0003,0.1,50,3,3,0.0,71.65481660989307,1.5445334326331295,0.0,0.0,100.0,0.0,100.0,0.0,97.98957953532977,0.007291997784947426,0.9852804539128158
qsvt,0.0003,0.1,100,3,3,0.0,71.02419856575274,1.6540814899593212,0.0,0.0,100.0,0.0,100.0,0.0,98.9978040815336,0.005466079665656106,0.982827065905064
qsvt,0.0003,0.1,200,3,3,0.0,71.70404208194905,1.446121401358807,0.0,0.0,100.0,0.0,100.0,0.0,99.50010929741984,0.0017517681536433154,0.9822980912626069
qsvt,0.0003,0.1,400,3,3,0.0,71.32283544999062,0.9012295472175458,0.0,0.0,100.0,0.0,100.0,0.0,99.75016309112067,9.333908761906278e-05,0.9698047048075176
qsvt,0.0003,0.1,700,3,3,0.0,71.8961569915433,0.26005432020487335,0.04120369804463,0.020602273972914652,99.95879630195537,0.02060227397291502,99.98526377836724,0.014736221632773551,99.85691818675264,0.00023105103866912175,0.9777555642000939
qsvt,0.0003,0.1,1000,3,3,0.0,70.67579555219329,0.8528848146492464,0.05935269722266667,0.04007848418835589,99.94064730277734,0.04007848418835869,99.98985595455468,0.01014404544532018,99.89995868011145,0.00015255093815663421,0.9495578592052007
qsvt,0.0005,0.0,10,3,3,0.0,100.0,0.0,0.0,0.0,100.0,0.0,100.0,0.0,0.0,0.0,0.9999978189006492
qsvt,0.0005,0.0,20,3,3,0.0,100.0,0.0,0.0,0.0,100.0,0.0,100.0,0.0,0.0,0.0,0.9999978189136399
qsvt,0.0005,0.0,50,3,3,0.0,99.33333333333333,0.6666666666666667,0.0,0.0,100.0,0.0,99.66666666666667,0.3333333333333333,0.0,0.0,0.9979916936042655
qsvt,0.0005,0.0,100,3,3,0.0,99.0,0.5773502691896258,0.0,0.0,100.0,0.0,99.33333333333333,0.3333333333333333,0.0,0.0,0.9969834571075643
qsvt,0.0005,0.0,200,3,3,0.0,98.16666666666667,0.44095855184409843,0.0,0.0,100.0,0.0,99.16666666666667,0.11023963796102462,0.6188118811881167,0.6188118811881168,0.9942174307949353
qsvt,0.0005,0.0,400,3,3,0.0,95.25,0.5773502691896258,0.0,0.0,100.0,0.0,99.10416666666667,0.055119818980512304,3.186259152781867,0.6329738187421002,0.9699214895187157
qsvt,0.0005,0.0,700,3,3,0.0,94.27380952380952,0.21461614734904286,0.20125086034132664,0.1272822549302094,99.79874913965868,0.12728225493020692,99.16666666666667,0.11356419064487301,9.53029188696708,1.00226108333371,0.9572293150323778
qsvt,0.0005,0.0,1000,3,3,0.0,91.63333333333333,0.40551750201988285,1.9957605893058004,0.1737580719734886,98.00423941069418,0.1737580719734871,99.03333333333335,0.03333333333333144,22.4684279838403,1.0900587308270078,0.934366523875268
qsvt,0.0005,0.01,10,3,3,0.0,95.49549549549549,4.504504504504506,0.0,0.0,100.0,0.0,100.0,0.0,0.0,0.0,0.996927544909664
qsvt,0.0005,0.01,20,3,3,0.0,93.47101932045302,2.0429616934678094,0.0,0.0,100.0,0.0,100.0,0.0,31.66776243699321,31.667762436993208,0.9957291760930711
qsvt,0.0005,0.01,50,3,3,0.0,95.57282937784272,1.0953423903240413,0.0,0.0,100.0,0.0,100.0,0.0,66.00348751246095,31.996718630823686,0.989673661390917
qsvt,0.0005,0.01,100,3,3,0.0,94.93709737754405,0.5963040659342524,0.0,0.0,100.0,0.0,99.48580454532932,0.0038161363583658786,5.22440173958893,0.3512510013141195,0.9924490896959349
qsvt,0.0005,0.01,200,3,3,0.0,93.85839508601657,1.0301579045333256,0.0,0.0,100.0,0.0,99.5733053533565,0.08547092406023041,17.807564778871892,1.2331407327626025,0.9809044889470196
qsvt,0.0005,0.01,400,3,3,0.0,94.1332568488554,0.25100149627798024,0.0,0.0,100.0,0.0,99.5318765150319,0.2592209474229056,46.733270539456555,0.8246085252955699,0.955264663324979
qsvt,0.0005,0.01,700,3,3,0.0,90.46525281329953,0.5365183874172993,0.053659219663869995,0.013382427436334927,99.94634078033613,0.013382427436333808,99.31978774478479,0.06812585055467547,72.76264995214108,0.7208453422141681,0.9561625760759176
qsvt,0.0005,0.01,1000,3,3,0.0,88.88470358311349,0.8802617205111167,1.2112111935706265,0.1880137599770297,98.78878880642937,0.18801375997703207,99.25954174291252,0.07469640465668506,84.15409917190522,0.3583241901799552,0.9261967918583771
qsvt,0.0005,0.02,10,3,3,0.0,100.0,0.0,0.0,0.0,100.0,0.0,100.0,0.0,0.0,0.0,0.9999978189006492
qsvt,0.0005,0.02,20,3,3,0.0,90.42809042809041,6.597075469688516,0.0,0.0,100.0,0.0,100.0,0.0,31.671283471837494,31.67128347183749,0.9922891521734133
qsvt,0.0005,0.02,50,3,3,0.0,94.59888382029335,1.7285304953563638,0.0,0.0,100.0,0.0,99.822695035461,0.17730496453900932,32.66673538810432,32.66673538810433,0.9965263260844323
qsvt,0.0005,0.02,100,3,3,0.0,94.19489156289592,0.5500776656913244,0.0,0.0,100.0,0.0,99.74115578405252,0.14957277504637811,36.60158510601061,31.200597659785835,0.9965463617338027
qsvt,0.0005,0.02,200,3,3,0.0,91.65592092340204,1.360715709509798,0.0,0.0,100.0,0.0,99.78411053540587,0.21588946459413214,71.75543802127548,27.744531238004612,0.9907778851388515
qsvt,0.0005,0.02,400,3,3,0.0,90.6903525683062,1.4454361552750068,0.0,0.0,100.0,0.0,99.51959000136868,0.24362149122354346,64.1674904594941,17.79146413170718,0.9677259933410545
qsvt,0.0005,0.02,700,3,3,0.0,87.97034748594149,0.7220706589130328,0.22455468768995335,0.16216662820509534,99.77544531231005,0.16216662820510203,99.75290338522363,0.2288146673764787,90.27572812642296,9.581469842845825,0.94696530848644
qsvt,0.0005,0.02,1000,3,3,0.0,87.07822915703296,0.5427850950037802,1.15643370347145,0.41888322412538,98.84356629652855,0.4188832241253747,99.65475396392259,0.31945239313023915,94.4447527378275,5.455290812021443,0.9273754867821666
qsvt,0.0005,0.05,10,3,3,0.0,89.79915852980868,3.788570831664838,0.0,0.0,100.0,0.0,100.0,0.0,30.0,30.000000000000004,0.9937770205853002
qsvt,0.0005,0.05,20,3,3,0.0,80.29904919714365,4.96115336228567,0.0,0.0,100.0,0.0,100.0,0.0,95.0179920285086,0.005706584071649643,0.9896404900518246
qsvt,0.0005,0.05,50,3,3,0.0,84.86181549283678,1.9700721239134202,0.0,0.0,100.0,0.0,100.0,0.0,97.99573757026037,0.00920779616697357,0.9891571386394293
qsvt,0.0005,0.05,100,3,3,0.0,86.22289351602114,0.8047735368747778,0.0,0.0,100.0,0.0,100.0,0.0,98.99813148053111,0.0009449949953113305,0.9874498915893533
qsvt,0.0005,0.05,200,3,3,0.0,81.81132602129487,1.3674315409499578,0.05858230814293999,0.05858230814294,99.94141769185705,0.05858230814294056,100.0,0.0,99.49897702630987,0.0005853074581393671,0.9724569352833451
qsvt,0.0005,0.05,400,3,3,0.0,81.9972429291118,1.1101561240952063,0.02903600464576,0.02903600464576,99.97096399535424,0.029036004645760727,99.97712194005948,0.02287805994051932,99.74973244722442,0.00017009274749282518,0.9662135579192369
qsvt,0.0005,0.05,700,3,3,0.0,80.70011999398044,0.4030999579845743,0.5151005154759567,0.276366333090722,99.48489948452406,0.2763663330907233,99.97356595294741,0.026434047052598924,99.85703016820533,0.00012197192840241835,0.9430970417133118
qsvt,0.0005,0.05,1000,3,3,0.0,80.44389650634376,0.9278690928676716,1.7536133694670266,0.5513337856688951,98.24638663053297,0.5513337856688948,99.96290821563643,0.0246104758942895,99.90005407248098,9.144908048326168e-05,0.9327087819742886
qsvt,0.0005,0.1,10,3,3,0.0,61.9047619047619,4.7619047619047645,0.0,0.0,100.0,0.0,100.0,0.0,59.73832805398706,29.869332051518786,0.9760432815334105
qsvt,0.0005,0.1,20,3,3,0.0,66.04253410158277,11.196677724989518,0.0,0.0,100.0,0.0,100.0,0.0,95.02753946247877,0.03359195101564446,0.9798327841453799
qsvt,0.0005,0.1,50,3,3,0.0,67.09150191634268,0.4248352496760171,0.0,0.0,100.0,0.0,100.0,0.0,98.01308985308145,0.008433961040433058,0.9777109536152356
qsvt,0.0005,0.1,100,3,3,0.0,72.23487462617898,3.3185909935510876,0.0,0.0,100.0,0.0,100.0,0.0,98.99712220680736,0.0072760764020757245,0.9809735650843149
qsvt,0.0005,0.1,200,3,3,0.0,71.86527345423004,0.9248882829145415,0.0,0.0,100.0,0.0,100.0,0.0,99.4997716130456,0.0011574175378115498,0.9797414258675284
qsvt,0.0005,0.1,400,3,3,0.0,72.55219395940458,1.5300334810797083,0.1747570880774867,0.06760935413108754,99.8252429119225,0.06760935413108579,99.97431946584489,0.025680534155109548,99.75012454970529,0.00027182291226778645,0.969205120613371
qsvt,0.0005,0.1,700,3,3,0.0,69.27318869586661,0.6757383441405242,0.7121183181863001,0.1495079367100834,99.2878816818137,0.14950793671009066,100.0,0.0,99.8569477191686,0.00012346518856017448,0.9439992117074593
qsvt,0.0005,0.1,1000,3,3,0.0,68.01965055582563,1.1297387058023758,1.7262863453453334,0.7458612531778832,98.27371365465467,0.7458612531778855,99.95850191928623,0.04149808071377,99.90009169376896,2.6221014790181736e-05,0.9271278197290475
qsvt,0.0007,0.0,10,3,3,0.0,100.0,0.0,0.0,0.0,100.0,0.0,100.0,0.0,0.0,0.0,0.9999978189006492
qsvt,0.0007,0.0,20,3,3,0.0,100.0,0.0,0.0,0.0,100.0,0.0,100.0,0.0,0.0,0.0,0.9999978189136399
qsvt,0.0007,0.0,50,3,3,0.0,98.0,2.0,0.0,0.0,100.0,0.0,100.0,0.0,0.4926108374384233,0.4926108374384234,0.9941036475770931
qsvt,0.0007,0.0,100,3,3,0.0,98.66666666666667,0.6666666666666667,0.0,0.0,100.0,0.0,99.33333333333333,0.3333333333333333,0.25062656641604003,0.25062656641604003,0.9957355031606724
qsvt,0.0007,0.0,200,3,3,0.0,95.5,1.0408329997330663,0.0,0.0,100.0,0.0,99.125,0.125,2.6492772720236535,0.7342124145973676,0.9756185481060485
qsvt,0.0007,0.0,400,3,3,0.0,95.0,1.0103629710818451,0.0,0.0,100.0,0.0,99.14583333333333,0.11599509089229214,6.360422263889267,1.5453143257559696,0.9676837137382188
qsvt,0.0007,0.0,700,3,3,0.0,87.94047619047619,0.3549536075208439,2.88398515982575,0.5806151750343771,97.11601484017426,0.580615175034377,99.0,0.0,31.603053277521514,1.369146548377981,0.9100242274234619
qsvt,0.0007,0.0,1000,3,3,0.0,84.71666666666665,0.7073031724640991,8.271207116405224,0.459957683225382,91.72879288359478,0.45995768322538416,99.05,0.0381881307912996,51.876318725950966,0.5348468885445139,0.9084820842392984
qsvt,0.0007,0.01,10,3,3,0.0,92.93139293139295,3.913460264309218,0.0,0.0,100.0,0.0,100.0,0.0,29.916897506925206,29.916897506925206,0.9866207021983421
qsvt,0.0007,0.01,20,3,3,0.0,99.14529914529915,0.8547008547008518,0.0,0.0,100.0,0.0,100.0,0.0,31.666666666666668,31.666666666666668,0.9999978189558703
qsvt,0.0007,0.01,50,3,3,0.0,96.39068245980269,1.3073280623657744,0.0,0.0,100.0,0.0,100.0,0.0,65.99374395811762,32.00677296921484,0.9982871797163408
qsvt,0.0007,0.01,100,3,3,0.0,95.39902917688816,0.8245717040963418,0.0,0.0,100.0,0.0,99.57417749708578,0.2254724519502692,9.154253063012055,0.8729785657251162,0.9875975883247013
qsvt,0.0007,0.01,200,3,3,0.0,92.96096604772545,0.6571757758693334,0.0,0.0,100.0,0.0,99.70324479102551,0.04197814368744497,28.655292956222947,0.7237094950803376,0.9660312283692606
qsvt,0.0007,0.01,400,3,3,0.0,89.37335735630438,1.7633062916950124,0.2907025733497333,0.16832580266563532,99.70929742665027,0.16832580266563457,99.40375218910454,0.11222520972180103,61.653589458308865,0.1588871269246159,0.9408854520909475
qsvt,0.0007,0.01,700,3,3,0.0,84.39249569336778,0.1965868595284528,2.967188286205013,0.4203838382489967,97.03281171379497,0.42038383824899833,99.3081763679224,0.02221745125617679,83.74645129613229,0.20836208274969412,0.9145148644542967
qsvt,0.0007,0.01,1000,3,3,0.0,82.02393583032976,0.32726797114511597,10.783600538913014,1.189550009787855,89.216399461087,1.1895500097878509,99.32177039481194,0.10336054299509957,91.08934910242488,0.12564663631424272,0.8913527826752904
qsvt,0.0007,0.02,10,3,3,0.0,96.49122807017545,1.7543859649122784,0.0,0.0,100.0,0.0,100.0,0.0,30.0,30.000000000000004,0.9999978189363428
qsvt,0.0007,0.02,20,3,3,0.0,92.7927927927928,3.926935985171778,0.0,0.0,100.0,0.0,100.0,0.0,31.66779203241053,31.66779203241053,0.9969275447584187
qsvt,0.0007,0.02,50,3,3,0.0,94.75584215167548,0.8307926194147423,0.18115942028985332,0.18115942028985332,99.81884057971014,0.18115942028985427,100.0,0.0,33.85689686353878,32.075348258100796,0.9976753429986654
qsvt,0.0007,0.02,100,3,3,0.0,93.5448378841423,0.778295306669436,0.18832992849846333,0.09416947266204871,99.81167007150152,0.09416947266205031,99.73614775725594,0.2638522427440648,40.64292498835178,29.20260138070636,0.9962212366946276
qsvt,0.0007,0.02,200,3,3,0.0,90.93024044137532,0.919468280943623,0.0,0.0,100.0,0.0,99.52364005786258,0.26362888637339554,53.285804996709544,23.108103183233908,0.9471829860312696
qsvt,0.0007,0.02,400,3,3,0.0,87.79910552181762,0.7022612119032547,0.3207248294109433,0.17416961938236694,99.67927517058905,0.1741696193823728,99.72002714820773,0.19138153005376482,87.07101379804517,12.679146431708153,0.9367367188921273
qsvt,0.0007,0.02,700,3,3,0.0,84.19356922004506,0.13255940619346746,1.7148468713508997,0.5444478752460753,98.28515312864909,0.5444478752460783,99.07082380304915,0.024203998367404778,83.60444673632854,0.2048846497131111,0.9228617639017926
qsvt,0.0007,0.02,1000,3,3,0.0,78.55047964788866,0.3844675748263575,9.350046552613422,1.0835175496968477,90.64995344738657,1.0835175496968465,99.62664360380795,0.30869767436428514,97.0009995516039,2.899102953551539,0.9010302800312062
qsvt,0.0007,0.05,10,3,3,0.0,92.1727395411606,4.558527868840633,0.0,0.0,100.0,0.0,100.0,0.0,0.0,0.0,0.991617716545639
qsvt,0.0007,0.05,20,3,3,0.0,89.62962962962963,5.785370130301225,0.0,0.0,100.0,0.0,100.0,0.0,63.29773893216797,31.648869469125874,0.9921179959796254
qsvt,0.0007,0.05,50,3,3,0.0,88.31492051110895,1.7716512413135905,0.0,0.0,100.0,0.0,100.0,0.0,98.00279917808706,0.00026138828828513593,0.9920813153950965
qsvt,0.0007,0.05,100,3,3,0.0,82.07019519044287,3.912487629210243,0.0,0.0,100.0,0.0,99.9039385206532,0.09606147934678688,99.00093237875832,0.0008040030171230365,0.9706080568071375
qsvt,0.0007,0.05,200,3,3,0.0,81.7150117497254,1.0857406443429258,0.0,0.0,100.0,0.0,100.0,0.0,99.50080752244396,0.00028378119511579926,0.977951229163842
qsvt,0.0007,0.05,400,3,3,0.0,79.70787711722828,1.3650250813179585,0.32494079386489666,0.23931585631827415,99.67505920613509,0.23931585631827684,99.95371976765107,0.023140120356334306,99.74992396970553,0.00045139720052605233,0.9515087412066269
qsvt,0.0007,0.05,700,3,3,0.0,78.17769506167986,1.0667456682816403,2.0828881331596434,0.28450962259572393,97.91711186684034,0.2845096225957211,99.97366344725192,0.013173454529943915,99.85717224049593,1.2443703486665049e-05,0.931719020432909
qsvt,0.0007,0.05,1000,3,3,0.0,73.57374824222518,1.956662928351154,8.362327163825057,1.636359277653004,91.63767283617494,1.6363592776530078,99.89855100283917,0.01851616365162408,99.90001634078659,5.013398753988095e-05,0.8945097945317068
qsvt,0.0007,0.1,10,3,3,0.0,78.39904420549583,0.8071371925474078,0.0,0.0,100.0,0.0,100.0,0.0,59.97443563412626,29.98737048237686,0.9862881034074484
qsvt,0.0007,0.1,20,3,3,0.0,71.7753359235875,6.651599180991648,0.0,0.0,100.0,0.0,100.0,0.0,94.94778142142599,0.03315372817014782,0.9889055151847402
qsvt,0.0007,0.1,50,3,3,0.0,78.12033076703736,0.989073407682919,0.0,0.0,100.0,0.0,100.0,0.0,98.00284684108664,0.0046839532219654055,0.9867460695896676
qsvt,0.0007,0.1,100,3,3,0.0,75.99420450517026,2.0701525821671707,0.0,0.0,100.0,0.0,100.0,0.0,98.99907770650702,0.0024710792496758535,0.986854521973432
qsvt,0.0007,0.1,200,3,3,0.0,69.1318359076838,1.347795896965399,0.36145331543341336,0.25463694884647237,99.6385466845666,0.2546369488464717,100.0,0.0,99.49839432331804,0.0015710996072888805,0.9629372211113317
qsvt,0.0007,0.1,400,3,3,0.0,68.50995338544736,1.2398928742529465,0.33980817423062,0.07223389224427425,99.66019182576939,0.07223389224427777,99.97508719481813,0.02491280518187011,99.75050385492118,0.0003324612969894365,0.9521944469995157
qsvt,0.0007,0.1,700,3,3,0.0,65.64018462689482,0.7722537871703574,2.20368543920916,0.6100845984119541,97.79631456079085,0.6100845984119598,99.94172464037088,0.038480449375888265,99.85729783372342,0.000142585915482057,0.8982763196595497
qsvt,0.0007,0.1,1000,3,3,0.0,63.95199585377285,0.9606423927872336,8.602090044856707,1.7053741819055246,91.39790995514329,1.7053741819055308,99.95926265403808,0.04073734596190567,99.90014150346842,5.191244444457064e-05,0.907014535459286
qsvt,0.001,0.0,10,3,3,0.0,100.0,0.0,0.0,0.0,100.0,0.0,100.0,0.0,0.0,0.0,0.9999978189006492
qsvt,0.001,0.0,20,3,3,0.0,96.66666666666667,3.3333333333333335,0.0,0.0,100.0,0.0,100.0,0.0,1.5873015873015868,1.5873015873015865,0.972925328486987
qsvt,0.001,0.0,50,3,3,0.0,98.66666666666667,1.3333333333333335,0.0,0.0,100.0,0.0,99.66666666666667,0.3333333333333333,0.0,0.0,0.9960269583379975
qsvt,0.001,0.0,100,3,3,0.0,96.66666666666667,1.2018504251546633,0.0,0.0,100.0,0.0,99.33333333333333,0.3333333333333333,0.9090350715557968,0.460577762307416,0.9896185571573298
qsvt,0.001,0.0,200,3,3,0.0,94.29166666666667,1.1733439866940603,0.0,0.0,100.0,0.0,99.16666666666667,0.16666666666666669,3.728535256466127,1.178121393908677,0.9770041901108267
qsvt,0.001,0.0,400,3,3,0.0,88.08333333333333,2.3154073315749675,1.7660753702252834,0.6196721525388055,98.23392462977472,0.6196721525388034,99.04166666666667,0.041666666666666664,23.5469719196759,3.812939529994288,0.9091596733999038
qsvt,0.001,0.0,700,3,3,0.0,75.76190476190476,0.9977298495122344,21.062372449595593,1.4298381679865633,78.9376275504044,1.4298381679865608,99.01190476190476,0.011904761904759198,63.258479265810394,1.0940578959511904,0.8660225076761883
qsvt,0.001,0.0,1000,3,3,0.0,68.825,0.5425633603552676,64.4494043429954,6.797532073976956,35.5505956570046,6.797532073976954,99.01666666666667,0.01666666666667046,96.87434659460722,1.5134146163489153,0.8890548076331285
qsvt,0.001,0.01,10,3,3,0.0,96.2962962962963,3.7037037037037046,0.0,0.0,100.0,0.0,100.0,0.0,0.0,0.0,0.9999978189040081
qsvt,0.001,0.01,20,3,3,0.0,95.27139527139526,2.389494931856174,0.0,0.0,100.0,0.0,100.0,0.0,1.2658227848101233,0.7308231255564874,0.9933712190829643
qsvt,0.001,0.01,50,3,3,0.0,94.45861678004535,1.850724711741035,0.0,0.0,100.0,0.0,100.0,0.0,66.64107819998748,31.359754786268248,0.9955387237436973
qsvt,0.001,0.01,100,3,3,0.0,93.96000046131769,2.36566591275368,0.0,0.0,100.0,0.0,99.83079526226736,0.16920473773265127,45.63078937666069,26.733887886919412,0.9841205778757643
qsvt,0.001,0.01,200,3,3,0.0,89.27309249540366,0.8891000955123506,0.0484496124031,0.04844961240310001,99.9515503875969,0.04844961240309924,99.57632920577807,0.08462947284793174,31.646948764192533,13.699883520425784,0.9590474269074581
qsvt,0.001,0.01,400,3,3,0.0,82.52919028591033,2.085200548252742,3.6386296590819067,1.3077932131454189,96.36137034091809,1.30779321314542,99.04537571325817,0.0031653348979814896,77.9975018407283,0.7007692201272658,0.8975349210080692
qsvt,0.001,0.01,700,3,3,0.0,75.60164703031803,1.1714754950234516,16.728942979759676,2.081117137596403,83.27105702024032,2.081117137596405,99.07402270066216,0.06276577555262189,91.16627028528524,0.08058965523198927,0.8835917789171316
qsvt,0.001,0.01,1000,3,3,0.0,67.38825027869554,1.5835083370828278,71.65635768249483,1.089829514596754,28.34364231750516,1.0898295145967551,99.0164415242668,0.008853566497557927,95.26489015749802,0.06217330649316923,0.890626371610057
qsvt,0.001,0.02,10,3,3,0.0,96.49122807017545,1.7543859649122784,0.0,0.0,100.0,0.0,100.0,0.0,1.6666666666666667,1.6666666666666667,0.9999978188981277
qsvt,0.001,0.02,20,3,3,0.0,94.25641025641026,4.522522593316339,0.0,0.0,100.0,0.0,100.0,0.0,32.5,31.258332222518423,0.9955933510996188
qsvt,0.001,0.02,50,3,3,0.0,97.07782957782956,0.9704324013208746,0.0,0.0,100.0,0.0,100.0,0.0,98.00027766208524,0.0002776620852387168,0.9994334028736761
qsvt,0.001,0.02,100,3,3,0.0,89.18875883624054,1.8604321881447194,0.0,0.0,100.0,0.0,99.91539763113367,0.084602368866328,66.41920913591613,32.58146386451678,0.9475938594018373
qsvt,0.001,0.02,200,3,3,0.0,85.39328485218162,1.1959558849484166,0.05081300813008,0.05081300813008,99.94918699186992,0.05081300813007772,99.87129987129987,0.1287001287001317,82.64839163364547,16.851900302369785,0.9106814005998842
qsvt,0.001,0.02,400,3,3,0.0,83.9659611236203,1.774742813171911,1.6702799010878067,0.11977101174368084,98.32972009891218,0.11977101174368135,99.37638907998644,0.25274458563499275,84.52905725136011,7.610701393563563,0.9191460398699552
qsvt,0.001,0.02,700,3,3,0.0,76.89113343251763,1.3881246419685316,13.720708202666978,1.1388131502285206,86.27929179733302,1.138813150228522,99.31992217369067,0.23121336102137227,93.81108623693667,3.0293998870351206,0.9012262269448877
qsvt,0.001,0.02,1000,3,3,0.0,67.39992057220367,1.2173686838320867,65.42182447052706,12.711939080208058,34.57817552947295,12.711939080208058,99.32010822133726,0.19083804916177513,99.9006798110562,0.00018692112704064788,0.8909918572999874
qsvt,0.001,0.05,10,3,3,0.0,85.18183255025359,0.67782475423364,0.0,0.0,100.0,0.0,100.0,0.0,59.93827160493827,29.969183481418128,0.9913042480899527
qsvt,0.001,0.05,20,3,3,0.0,83.14600908500974,3.897279881218577,0.0,0.0,100.0,0.0,100.0,0.0,95.021867489434,0.009874613748152352,0.9946990993234905
qsvt,0.001,0.05,50,3,3,0.0,85.56562742246143,1.4624895585095343,0.0,0.0,100.0,0.0,100.0,0.0,98.00394353327125,0.00027076470438882325,0.9890192619963827
qsvt,0.001,0.05,100,3,3,0.0,82.01171782567131,0.31330201027977983,0.0,0.0,100.0,0.0,100.0,0.0,99.00065348278655,0.001092034127273897,0.9867174496115786
qsvt,0.001,0.05,200,3,3,0.0,78.96983652217949,1.8211930341437594,0.062189054726366676,0.062189054726366676,99.93781094527363,0.06218905472637459,100.0,0.0,99.4996946913451,0.0007071677575237523,0.9388853867429972
qsvt,0.001,0.05,400,3,3,0.0,76.91810707656953,1.8169435753765957,1.6613671899316298,0.4970298966800881,98.33863281006836,0.4970298966800931,99.95407023472752,0.02296508292454871,99.7500452617208,0.0002575790329974042,0.9213291331484011
qsvt,0.001,0.05,700,3,3,0.0,68.71764170190455,0.19789353616685826,18.550114573724954,0.5551827246894951,81.44988542627505,0.555182724689491,99.815949833517,0.06959912826427271,99.85740057100486,0.00012055698056033454,0.8897624101901541
qsvt,0.001,0.05,1000,3,3,0.0,63.677210480838625,1.3292001865557446,62.5739524156356,11.159651097232196,37.42604758436439,11.159651097232198,99.58476666184129,0.20626415209887475,99.90033127456424,0.00014934938160500179,0.8965478343264505
qsvt,0.001,0.1,10,3,3,0.0,76.97478991596638,4.25622855198265,0.0,0.0,100.0,0.0,100.0,0.0,90.0384325713273,0.019222269423457897,0.9835113042366778
qsvt,0.001,0.1,20,3,3,0.0,66.84971540405239,6.59019364394215,0.0,0.0,100.0,0.0,100.0,0.0,94.98204162874033,0.03884126848637539,0.977889156494472
qsvt,0.001,0.1,50,3,3,0.0,72.8183086119947,4.436093895406877,0.0,0.0,100.0,0.0,100.0,0.0,97.99599484131527,0.010971635640917495,0.9832694913685861
qsvt,0.001,0.1,100,3,3,0.0,71.06229797237732,0.8177701199552355,0.0,0.0,100.0,0.0,100.0,0.0,98.99741730236985,0.0020951792345216855,0.9697469982465465
qsvt,0.001,0.1,200,3,3,0.0,69.43481502337319,0.8769099587768141,0.58874664137822,0.38607851623013606,99.41125335862178,0.38607851623013567,100.0,0.0,99.49874034434981,0.0010075139914083311,0.9652202110454366
qsvt,0.001,0.1,400,3,3,0.0,64.29604948409191,0.44880124439637203,2.117865749720796,0.9667231905142429,97.8821342502792,0.9667231905142487,99.9479573250065,0.052042674993496504,99.74985805127064,0.0003304777765560298,0.9232654508125351
qsvt,0.001,0.1,700,3,3,0.0,59.863385993089935,2.0964903810480497,16.605094497217422,1.3885763392591086,83.39490550278258,1.388576339259111,99.82414701846834,0.04984353805651496,99.85754629255628,0.0002557569963677708,0.8977786589086021
qsvt,0.001,0.1,1000,3,3,0.0,57.184093172969035,0.9429948650963911,61.07020900367053,10.627235260627675,38.92979099632948,10.627235260627677,99.7923152773564,0.027497002479120663,99.90029137209235,7.5435274232188e-05,0.9035493999361274
quantum,0.0001,0.0,10,3,3,0.0,75.0,0.0,0.0,0.0,100.0,0.0,100.0,0.0,0.0,0.0,0.9666723510176481
quantum,0.0001,0.0,20,3,3,0.0,75.0,0.0,0.0,0.0,100.0,0.0,100.0,0.0,0.0,0.0,0.966672348049817
quantum,0.0001,0.0,50,3,3,0.0,75.0,0.0,0.0,0.0,100.0,0.0,100.0,0.0,0.0,0.0,0.9666723485927408
quantum,0.0001,0.0,100,3,3,0.0,75.0,0.0,0.0,0.0,100.0,0.0,100.0,0.0,0.3316749585406266,0.16583747927031334,0.9666723481947601
quantum,0.0001,0.0,200,3,3,0.0,75.0,0.0,0.27548209366391,0.27548209366391,99.72451790633609,0.2754820936639059,100.0,0.0,1.5166397187340968,0.2820718174995367,0.9666878011339187
quantum,0.0001,0.0,400,3,3,0.0,74.95833333333333,0.020833333333333336,0.05555555555555333,0.027777777777776666,99.94444444444446,0.0277777777777762,99.91666666666667,0.041666666666666664,3.651374142039707,0.4975586967412937,0.966641150959968
quantum,0.0001,0.0,700,4,4,0.0,74.96428571428572,0.0,0.095181449051605,0.01941265031523886,99.90481855094839,0.019412650315240643,99.94642857142858,0.017857142857138797,9.047247217442287,0.3448213444638219,0.9666814707654738
quantum,0.0001,0.0,1000,3,3,0.0,74.94166666666666,0.02204792759220546,0.07775926543003667,0.04841522294724551,99.92224073456997,0.048415222947248475,99.91666666666667,0.03632415786283852,18.188049138737984,0.3293915222472478,0.966659611063141
quantum,0.0001,0.01,10,3,3,0.0,73.6842105263158,1.31578947368421,0.0,0.0,100.0,0.0,100.0,0.0,0.0,0.0,0.9666723502677789
quantum,0.0001,0.01,20,3,3,0.0,74.35897435897435,0.6410256410256446,0.0,0.0,100.0,0.0,100.0,0.0,31.666666666666668,31.666666666666668,0.9666723488963438
quantum,0.0001,0.01,50,3,3,0.0,73.3953570795676,0.7633709735662467,0.0,0.0,100.0,0.0,100.0,0.0,32.66708745353812,32.667087453538116,0.9669677379305632
quantum,0.0001,0.01,100,3,3,0.0,73.3487607280867,0.4942477645017902,0.0,0.0,100.0,0.0,99.83122362869199,0.16877637130801307,33.00014712118459,33.00014712118458,0.9668602198791479
quantum,0.0001,0.01,200,3,3,0.0,73.71316630729676,0.31983576385493606,0.22812872002029003,0.11407450094326615,99.77187127997969,0.1140745009432728,99.53289492271996,0.04251105744840203,0.8440230723706668,0.2737319203697843,0.9668304012038562
quantum,0.0001,0.01,400,3,3,0.0,73.59793207263371,0.18461383052089123,0.0,0.0,100.0,0.0,99.46714191453253,0.05722005043867023,3.5116101513911633,0.3194142194414902,0.9669139809081385
quantum,0.0001,0.01,700,3,3,0.0,73.44117576518302,0.11711338699365278,0.033275568209183336,0.01663813382905501,99.96672443179081,0.01663813382905669,99.29206245107558,0.14155389985185382,9.994879502123254,0.2560576530668408,0.9669023082044355
quantum,0.0001,0.01,1000,3,3,0.0,73.58171032317156,0.2003189808469776,0.12690215029034332,0.04137972997982422,99.87309784970965,0.04137972997982759,99.46326355211143,0.11815387909393088,18.125985941149775,1.0228203691313391,0.9662821289004474
quantum,0.0001,0.02,10,3,3,0.0,71.83235867446393,1.6504575264986456,0.0,0.0,100.0,0.0,100.0,0.0,0.0,0.0,0.9675256444382468
quantum,0.0001,0.02,20,3,3,0.0,73.71794871794872,0.6410256410256446,0.0,0.0,100.0,0.0,100.0,0.0,31.666666666666668,31.666666666666668,0.9666723501378062
quantum,0.0001,0.02,50,3,3,0.0,72.88201121438195,0.4167149692294308,0.0,0.0,100.0,0.0,100.0,0.0,32.66687385614144,32.666873856141436,0.9671985636687088
quantum,0.0001,0.02,100,3,3,0.0,72.09156289515643,0.5574002403151829,0.0,0.0,100.0,0.0,100.0,0.0,99.0005093462784,0.00023598965885551085,0.9671426940343449
quantum,0.0001,0.02,200,3,3,0.0,72.7460782041386,0.4438637482905997,0.05963029218843,0.05963029218843001,99.94036970781157,0.0596302921884302,99.4818226820039,0.25912060925566704,33.25253829780704,33.123589813596595,0.9671500268411747
quantum,0.0001,0.02,400,3,3,0.0,72.61300519404308,0.11125004110928897,0.0,0.0,100.0,0.0,99.71806549555411,0.28193450444589513,68.00371777873585,31.746219791745837,0.9671226465197661
quantum,0.0001,0.02,700,3,3,0.0,72.39648170487705,0.12286742454647791,0.03435540896303,0.017177706192196187,99.96564459103696,0.017177706192197495,99.72667412100883,0.273325878991173,69.8878640266825,29.969312724006166,0.9670578863866354
quantum,0.0001,0.02,1000,3,3,0.0,72.01387433814018,0.09228865766612238,0.18091612184492,0.0907666216951434,99.81908387815508,0.09076662169514796,99.66858538287109,0.33141461712890913,72.45930612347034,27.44071818916152,0.9668967569205695
quantum,0.0001,0.05,10,3,3,0.0,66.34920634920634,0.3174603174603164,0.0,0.0,100.0,0.0,100.0,0.0,90.01873028650498,0.009367913901163835,0.9671351169095969
quantum,0.0001,0.05,20,3,3,0.0,69.90452469904524,1.4113740141137423,0.0,0.0,100.0,0.0,100.0,0.0,95.00341763499658,0.003417634996580432,0.9672873024833887
quantum,0.0001,0.05,50,3,3,0.0,66.37284865244521,2.203971168237127,0.0,0.0,100.0,0.0,100.0,0.0,98.00326295396015,0.0070971118330674385,0.9681506718992111
quantum,0.0001,0.05,100,3,3,0.0,67.74889488338476,0.7521052992883951,0.0,0.0,100.0,0.0,100.0,0.0,98.99902732346895,0.0012997095724568105,0.9677328704467766
quantum,0.0001,0.05,200,3,3,0.0,68.34624152570699,0.6721353357669752,0.0,0.0,100.0,0.0,100.0,0.0,99.49950309040463,0.0009238346955413244,0.9682130002750754
quantum,0.0001,0.05,400,3,3,0.0,68.7786418726655,0.21152095236468696,0.06734006734006666,0.06734006734006669,99.93265993265993,0.06734006734006925,100.0,0.0,99.7500288084894,0.0001108360938306894,0.9676055440074857
quantum,0.0001,0.05,700,3,3,0.0,68.42293382575467,0.09771948320263026,0.07738547144556666,0.019447417218873792,99.92261452855443,0.01944741721887339,100.0,0.0,99.85711348455679,5.539405740491476e-05,0.9677741031762382
quantum,0.0001,0.05,1000,3,3,0.0,68.49822565976811,0.44550822232050835,0.08028904054596332,0.08028904054596334,99.91971095945404,0.08028904054596826,100.0,0.0,99.90001204327375,2.9007598097804222e-05,0.9676322459042175
quantum,0.0001,0.1,10,3,3,0.0,64.25925925925925,3.880060525880919,0.0,0.0,100.0,0.0,100.0,0.0,30.065359477124186,30.06535947712419,0.9681522980379568
quantum,0.0001,0.1,20,3,3,0.0,62.80190239867659,0.9716597788426131,0.0,0.0,100.0,0.0,100.0,0.0,95.01456977360897,0.04925828623585186,0.9682889169637766
quantum,0.0001,0.1,50,3,3,0.0,62.4518723949464,2.4336141769283355,0.0,0.0,100.0,0.0,100.0,0.0,98.00564498939652,0.001555752844807794,0.9691327027107924
quantum,0.0001,0.1,100,3,3,0.0,62.055052056025765,1.268551046087719,0.0,0.0,100.0,0.0,100.0,0.0,98.99825266580046,0.002097678325198751,0.9686274706616457
quantum,0.0001,0.1,200,3,3,0.0,61.663493317399066,0.6701275065563899,0.0,0.0,100.0,0.0,100.0,0.0,99.49871682389549,0.001503129696874343,0.9685821360077643
quantum,0.0001,0.1,400,3,3,0.0,63.30989339774387,1.125433442349913,0.0,0.0,100.0,0.0,100.0,0.0,99.74965894697357,0.00036722743655387126,0.9687022348878177
quantum,0.0001,0.1,700,3,3,0.0,62.45269022242052,0.35453927020717124,0.0,0.0,100.0,0.0,100.0,0.0,99.85711292161774,0.0002482638550100319,0.9687617806943528
quantum,0.0001,0.1,1000,3,3,0.0,62.744806189586974,0.3430482341441161,0.14698007114714998,0.07526725177965841,99.85301992885286,0.07526725177965672,100.0,0.0,99.8999056396284,0.00012119739705000472,0.9687395015899497
quantum,0.0003,0.0,10,3,3,0.0,75.0,0.0,0.0,0.0,100.0,0.0,100.0,0.0,0.0,0.0,0.9666723510176481
quantum,0.0003,0.0,20,3,3,0.0,75.0,0.0,0.0,0.0,100.0,0.0,100.0,0.0,0.0,0.0,0.966672348049817
quantum,0.0003,0.0,50,3,3,0.0,75.0,0.0,0.0,0.0,100.0,0.0,100.0,0.0,0.0,0.0,0.9666723485927408
quantum,0.0003,0.0,100,3,3,0.0,75.0,0.0,0.0,0.0,100.0,0.0,100.0,0.0,1.7998003799220834,0.1609839338034067,0.9666723486815577
quantum,0.0003,0.0,200,3,3,0.0,74.91666666666667,0.041666666666666664,0.11111111111110666,0.05555555555555333,99.88888888888887,0.055555555555561874,99.875,0.07216878364870323,7.305323346579207,0.40966993068680796,0.9666256197703333
quantum,0.0003,0.0,400,3,3,0.0,74.91666666666667,0.05511981898051231,0.3872755087611,0.193637954416005,99.6127244912389,0.19363795441600842,99.85416666666667,0.09081039465709738,23.51443537996632,0.47206451253293935,0.9666233869658297
quantum,0.0003,0.0,700,3,3,0.0,74.76190476190477,0.07806474433692781,1.826923967058417,0.36669274276750213,98.1730760329416,0.3666927427674995,99.5,0.12876968840943046,49.140769447348,0.20002986064196246,0.9664567294436809
quantum,0.0003,0.0,1000,3,3,0.0,74.73333333333333,0.0712000312109787,4.455553972867523,0.5915935364353063,95.54444602713248,0.5915935364353165,99.47500000000001,0.10408329997330529,65.83193304497752,0.5737736327858637,0.9618055197331721
quantum,0.0003,0.01,10,3,3,0.0,73.47053531264058,1.2230320678773103,0.0,0.0,100.0,0.0,100.0,0.0,0.0,0.0,0.9670391826240013
quantum,0.0003,0.01,20,3,3,0.0,74.25348912690684,0.5953337451647264,0.0,0.0,100.0,0.0,100.0,0.0,0.0,0.0,0.9668524732643736
quantum,0.0003,0.01,50,3,3,0.0,73.98474541331684,0.25767882910740053,0.0,0.0,100.0,0.0,100.0,0.0,32.666666666666664,32.66666666666667,0.9666723492439774
quantum,0.0003,0.01,100,3,3,0.0,73.5714751745286,0.1325327600851079,0.0,0.0,100.0,0.0,99.74358974358974,0.25641025641025317,66.8396987993806,32.16040355587531,0.9667882953654168
quantum,0.0003,0.01,200,3,3,0.0,73.96018839178792,0.3563864074416906,0.05777007510109666,0.05777007510109666,99.94222992489891,0.057770075101094186,99.5759033326345,0.1706063409709675,5.84147178599007,0.3763162880981856,0.9668225244951713
quantum,0.0003,0.01,400,3,3,0.0,73.71308147851327,0.06471323600818359,0.34291123258435335,0.1714594436024292,99.65708876741564,0.171459443602433,99.19533200650862,0.11712937322073258,22.619796660918933,1.378853597662996,0.9667093188246141
quantum,0.0003,0.01,700,3,3,0.0,73.52715719356124,0.15458872212057995,1.3523369753974734,0.29031612759841297,98.64766302460252,0.29031612759841596,99.21053999535184,0.04510054248153271,48.26197092280063,0.4459435158359433,0.9648326691098866
quantum,0.0003,0.01,1000,3,3,0.0,73.49465936903927,0.13003819845270095,4.194724944425956,0.2933077773514609,95.80527505557404,0.2933077773514693,99.33817620852119,0.09498615489491821,65.45257431172867,0.6875381887135817,0.9654440747785519
quantum,0.0003,0.02,10,3,3,0.0,75.0,0.0,0.0,0.0,100.0,0.0,100.0,0.0,0.0,0.0,0.9666723510176481
quantum,0.0003,0.02,20,3,3,0.0,71.8005086426139,0.4916320333426018,0.0,0.0,100.0,0.0,100.0,0.0,63.31506250534591,31.657536212493905,0.9670626733245746
quantum,0.0003,0.02,50,3,3,0.0,72.42993301715235,0.7693777710846323,0.0,0.0,100.0,0.0,100.0,0.0,98.00070268558011,0.0006030457348689622,0.9670520586387488
quantum,0.0003,0.02,100,3,3,0.0,72.42288332098538,0.5937761428530081,0.0,0.0,100.0,0.0,99.82683982683983,0.1731601731601747,33.853710531885646,32.5739484876709,0.9672914284994548
quantum,0.0003,0.02,200,3,3,0.0,72.67407951092356,0.2649208095686133,0.0,0.0,100.0,0.0,99.74193548387098,0.2580645161290249,68.2916418929475,31.20824444795887,0.9671091125597205
quantum,0.0003,0.02,400,3,3,0.0,72.34341237040901,0.05720681707736765,0.4762518144799399,0.029038648505488925,99.52374818552005,0.029038648505489997,99.7175141242938,0.28248587570621453,73.8333335690866,25.916666784584223,0.9667928306967961
quantum,0.0003,0.02,700,3,3,0.0,72.18969023171634,0.07903403002391964,2.181428058033514,0.22980415633912452,97.81857194196648,0.229804156339126,99.46638202112841,0.26700508476092055,65.92028511612297,16.978216692048534,0.9669137196678056
quantum,0.0003,0.02,1000,3,3,0.0,72.32622340579461,0.13652564296760644,4.06645262865574,0.35350882670362826,95.93354737134428,0.3535088267036293,99.16748964455856,0.07924537246571904,65.57776790163103,0.041202465882834494,0.9650277774720895
quantum,0.0003,0.05,10,3,3,0.0,66.02075289575289,3.9283863881333074,0.0,0.0,100.0,0.0,100.0,0.0,30.0,30.000000000000004,0.9694467842073022
quantum,0.0003,0.05,20,3,3,0.0,68.03817073079708,1.1919502464488405,0.0,0.0,100.0,0.0,100.0,0.0,63.319059504573524,31.659532986633735,0.9677705413054792
quantum,0.0003,0.05,50,3,3,0.0,65.75085339130283,2.6252149847655453,0.0,0.0,100.0,0.0,100.0,0.0,65.32992467310315,32.6649623422829,0.9677236717556528
quantum,0.0003,0.05,100,3,3,0.0,68.90187463552063,0.218929876858413,0.0,0.0,100.0,0.0,100.0,0.0,99.00213772984834,0.0009751239117801489,0.9677530507839546
quantum,0.0003,0.05,200,3,3,0.0,69.10591038189806,0.08204185540652752,0.13097576948264333,0.13097576948264333,99.86902423051735,0.13097576948264117,100.0,0.0,99.49945382716494,0.0006716833166155967,0.9675786355338146
quantum,0.0003,0.05,400,3,3,0.0,68.41353456698462,0.13531887219386984,0.50499083836724,0.17442238657334488,99.49500916163277,0.1744223865733484,100.0,0.0,99.75005435287095,0.0001749831255462162,0.9676810909496966
quantum,0.0003,0.05,700,3,3,0.0,68.15535299117694,0.19538005287560362,1.67987167237209,0.4521720946550732,98.32012832762791,0.4521720946550726,100.0,0.0,99.85713121002907,4.4291177880748386e-05,0.9679096895785646
quantum,0.0003,0.05,1000,3,3,0.0,68.33625427885342,0.10718892422126453,4.77877236539856,0.7613481556949899,95.22122763460145,0.7613481556949984,100.0,0.0,99.9000503126834,2.5877441005607473e-05,0.9640624401498018
quantum,0.0003,0.1,10,3,3,0.0,61.48504273504273,3.0071512703071708,0.0,0.0,100.0,0.0,100.0,0.0,90.00725417094846,0.09641390757656015,0.9689793636028758
quantum,0.0003,0.1,20,3,3,0.0,59.34071316614419,3.0474896373225278,0.0,0.0,100.0,0.0,100.0,0.0,94.91102218654396,0.041245808627842,0.9689416982418985
quantum,0.0003,0.1,50,3,3,0.0,61.345775257894324,0.9801277358417845,0.0,0.0,100.0,0.0,100.0,0.0,97.98957953532977,0.007291997784947426,0.968656090448402
quantum,0.0003,0.1,100,3,3,0.0,62.348549330599816,1.6235815229674389,0.0,0.0,100.0,0.0,100.0,0.0,98.9978040815336,0.005466079665656106,0.9689993241459577
quantum,0.0003,0.1,200,3,3,0.0,62.963501291989665,1.3489725195602758,0.08312551953449666,0.08312551953449669,99.91687448046552,0.08312551953449089,100.0,0.0,99.50010929741984,0.0017517681536433154,0.9689478523798964
quantum,0.0003,0.1,400,3,3,0.0,62.316859884209016,0.21040703702998295,0.7718265606755667,0.4219460541205966,99.22817343932444,0.42194605412060404,100.0,0.0,99.75016309112067,9.333908761906278e-05,0.9656410691673588
quantum,0.0003,0.1,700,3,3,0.0,62.287600601127394,0.11102107684448553,1.4015096738984434,0.24517443349054288,98.59849032610155,0.24517443349053777,100.0,0.0,99.85689712963917,0.0002480698671895977,0.9686300830534528
quantum,0.0003,0.1,1000,3,3,0.0,62.72624580987661,0.6261318938717465,5.24998060614376,0.2410116779175895,94.75001939385625,0.24101167791759562,100.0,0.0,99.8999485662008,0.00015417129401476068,0.9642542328407339
quantum,0.0005,0.0,10,3,3,0.0,75.0,0.0,0.0,0.0,100.0,0.0,100.0,0.0,0.0,0.0,0.9666723510176481
quantum,0.0005,0.0,20,3,3,0.0,75.0,0.0,0.0,0.0,100.0,0.0,100.0,0.0,0.0,0.0,0.966672348049817
quantum,0.0005,0.0,50,3,3,0.0,75.0,0.0,0.0,0.0,100.0,0.0,99.83333333333333,0.16666666666666669,1.4627190874427234,1.0089974025394022,0.9666103852914086
quantum,0.0005,0.0,100,3,3,0.0,74.91666666666667,0.08333333333333334,0.11111111111111001,0.11111111111111002,99.8888888888889,0.1111111111111048,99.75,0.14433756729740646,5.865020699033237,1.14596380213058,0.966579259573951
quantum,0.0005,0.0,200,3,3,0.0,74.70833333333333,0.08333333333333334,0.8790366721401167,0.5541221825952597,99.12096332785988,0.5541221825952508,99.54166666666667,0.11023963796102462,19.290291081048462,0.1272893744853966,0.9666218799245989
quantum,0.0005,0.0,400,3,3,0.0,74.47916666666667,0.08333333333333334,3.03149872033585,0.5963109584903658,96.96850127966415,0.596310958490367,99.16666666666667,0.07511565157216646,45.26295249297109,0.4112213431183331,0.9648832666903177
quantum,0.0005,0.0,700,3,3,0.0,74.41666666666667,0.0314970394174365,8.663283963001296,0.8044840129079148,91.33671603699868,0.8044840129079127,99.5,0.2508488988774458,71.67293707391163,0.2621804660214641,0.966237478333555
quantum,0.0005,0.0,1000,3,3,0.0,74.10000000000001,0.09013878188659986,20.29074127199722,0.9879516290631783,79.70925872800278,0.9879516290631788,99.97500000000001,0.025000000000000952,84.06196986545525,0.15310984788338525,0.9638733199534965
quantum,0.0005,0.01,10,3,3,0.0,73.42342342342342,1.5765765765765754,0.0,0.0,100.0,0.0,100.0,0.0,0.0,0.0,0.9670816028148043
quantum,0.0005,0.01,20,3,3,0.0,72.70153231179212,1.061304878770191,0.0,0.0,100.0,0.0,100.0,0.0,31.66776243699321,31.667762436993208,0.9672393563385878
quantum,0.0005,0.01,50,3,3,0.0,73.20593553939096,0.27413762114108575,0.22831050228310334,0.22831050228310337,99.77168949771688,0.22831050228310804,100.0,0.0,66.00348751246095,31.996718630823686,0.9665208672527635
quantum,0.0005,0.01,100,3,3,0.0,73.43324428154683,0.21381591097024044,0.22753128555176336,0.22753128555176336,99.77246871444824,0.22753128555175786,99.31439662090743,0.08592315569973583,5.232480998957496,0.3479579705571555,0.9671030226632574
quantum,0.0005,0.01,200,3,3,0.0,72.90969899665551,0.13876387939864082,1.3277170892662333,0.15198518251237436,98.67228291073377,0.1519851825123789,99.6587754388266,0.08514240557229896,17.856207609000194,1.200139912499709,0.9667234907567458
quantum,0.0005,0.01,400,3,3,0.0,73.55430101513402,0.12633181079022118,2.822434676538497,0.7762336156013728,97.17756532346148,0.7762336156013774,99.44696461639042,0.1495664471463401,46.77843174788964,0.7962650760241947,0.9600891345133834
quantum,0.0005,0.01,700,3,3,0.0,72.92892739310773,0.1978449434138357,9.742053836483157,0.8976120470425639,90.25794616351685,0.8976120470425621,99.44122099202946,0.09744144186874137,72.7392231933486,0.7253727842895525,0.9663519111540907
quantum,0.0005,0.01,1000,3,3,0.0,73.02757622527918,0.15977354090500726,21.982528503642197,1.1805743487469913,78.0174714963578,1.1805743487469917,99.39568384830518,0.062290016172858814,84.13773113401727,0.3571043028961638,0.9633394768378464
quantum,0.0005,0.02,10,3,3,0.0,75.0,0.0,0.0,0.0,100.0,0.0,100.0,0.0,0.0,0.0,0.9666723510176481
quantum,0.0005,0.02,20,3,3,0.0,72.3905723905724,1.6125626313693624,0.0,0.0,100.0,0.0,100.0,0.0,31.671283471837494,31.67128347183749,0.9677154283776362
quantum,0.0005,0.02,50,3,3,0.0,73.03868735128708,0.6694955655610753,0.0,0.0,100.0,0.0,99.822695035461,0.17730496453900932,32.66673538810432,32.66673538810433,0.9671309874236972
quantum,0.0005,0.02,100,3,3,0.0,72.72415639228268,0.4045267247428994,0.0,0.0,100.0,0.0,99.74115578405252,0.14957277504637811,36.60158510601061,31.200597659785835,0.9671278187355731
quantum,0.0005,0.02,200,3,3,0.0,72.14612802386726,0.4799191978035311,0.36036036036036,0.36036036036036,99.63963963963964,0.3603603603603602,99.74093264248704,0.2590673575129567,71.76136384114648,27.738605418133687,0.9672491115678173
quantum,0.0005,0.02,400,3,3,0.0,71.93187510197247,0.4232351262453477,2.8540620305244473,0.16231419511841366,97.14593796947555,0.162314195118407,99.43319735098733,0.2924585974188781,64.18914227884672,17.780513756449192,0.9638658465308474
quantum,0.0005,0.02,700,3,3,0.0,71.99573539771743,0.17721967360057667,9.98583230538213,1.00166445063479,90.01416769461787,1.00166445063479,99.77761304670126,0.22238695329874267,90.27626913551212,9.580902405658266,0.9634213105132364
quantum,0.0005,0.02,1000,3,3,0.0,71.98282992415179,0.28908968711438576,21.380018992193243,1.8834945812110357,78.61998100780674,1.8834945812110377,99.68081435472739,0.31918564527260196,94.44400951135022,5.456007939986948,0.9644122672433078
quantum,0.0005,0.05,10,3,3,0.0,71.01955492048371,1.9376337018588885,0.0,0.0,100.0,0.0,100.0,0.0,30.0,30.000000000000004,0.9675019504514983
quantum,0.0005,0.05,20,3,3,0.0,65.99459502110703,1.3861032508591782,0.0,0.0,100.0,0.0,100.0,0.0,95.0179920285086,0.005706584071649643,0.9680755181533245
quantum,0.0005,0.05,50,3,3,0.0,69.04260645328877,1.2760411708689883,0.0,0.0,100.0,0.0,100.0,0.0,97.99573757026037,0.00920779616697357,0.9677051078903535
quantum,0.0005,0.05,100,3,3,0.0,69.92513875403075,0.41064912050600566,0.7752862595419834,0.45109432165965463,99.22471374045801,0.4510943216596546,100.0,0.0,98.99813148053111,0.0009449949953113305,0.9675934297797105
quantum,0.0005,0.05,200,3,3,0.0,68.59234139478906,0.8114361096896329,0.9407563569190499,0.5397515519542591,99.05924364308095,0.5397515519542604,100.0,0.0,99.49897702630987,0.0005853074581393671,0.9676150036315098
quantum,0.0005,0.05,400,3,3,0.0,68.65745126117791,0.4827846772638091,3.4054051459472734,0.7035428850468047,96.59459485405273,0.7035428850468058,100.0,0.0,99.74967521786861,0.00022713993546619993,0.9674110155588709
quantum,0.0005,0.05,700,3,3,0.0,68.28312050563541,0.24315714364633456,10.626435151133512,0.7599801130103528,89.37356484886647,0.7599801130103482,100.0,0.0,99.85699252784717,0.00011586362285449462,0.9650112916095659
quantum,0.0005,0.05,1000,3,3,0.0,68.35614610584355,0.3960222198144396,19.65895629256127,1.4044212152082547,80.34104370743873,1.4044212152082554,100.0,0.0,99.90001708278528,7.48258977874908e-05,0.9648984474621617
quantum,0.0005,0.1,10,3,3,0.0,60.714285714285715,5.455447255899812,0.0,0.0,100.0,0.0,100.0,0.0,59.73832805398706,29.869332051518786,0.9701571845775101
quantum,0.0005,0.1,20,3,3,0.0,59.48269335912857,3.600465045627626,0.0,0.0,100.0,0.0,100.0,0.0,95.02753946247877,0.03359195101564446,0.9695252053603701
quantum,0.0005,0.1,50,3,3,0.0,62.20305305098299,0.5750966463779471,0.0,0.0,100.0,0.0,100.0,0.0,98.01308985308145,0.008433961040433058,0.9697310723933098
quantum,0.0005,0.1,100,3,3,0.0,62.231999079825165,1.33379495324962,0.32581811263318,0.16396024689063088,99.67418188736683,0.16396024689063418,100.0,0.0,98.99712220680736,0.0072760764020757245,0.9682840108153202
quantum,0.0005,0.1,200,3,3,0.0,63.70182056485316,0.47546060623810993,0.08012820512820334,0.08012820512820334,99.91987179487181,0.08012820512819967,100.0,0.0,99.4997716130456,0.0011574175378115498,0.9688311991080134
quantum,0.0005,0.1,400,3,3,0.0,62.96766541688621,0.05142543171611243,2.419193762493093,0.5064315083527253,97.5808062375069,0.5064315083527218,100.0,0.0,99.75006036459642,0.0003314405725429407,0.967566667755347
quantum,0.0005,0.1,700,3,3,0.0,63.289342898842165,0.33865385167608275,10.512629105825964,0.9804100481645345,89.48737089417403,0.9804100481645384,100.0,0.0,99.85694774906464,0.0001234715586763643,0.9674327908969893
quantum,0.0005,0.1,1000,3,3,0.0,62.741698047994845,0.13245869384317305,23.64782276533693,2.6029572912782335,76.35217723466307,2.602957291278236,100.0,0.0,99.9000502792057,3.138294212683678e-05,0.9682252849924385
quantum,0.0007,0.0,10,3,3,0.0,75.0,0.0,0.0,0.0,100.0,0.0,100.0,0.0,0.0,0.0,0.9666723510176481
quantum,0.0007,0.0,20,3,3,0.0,75.0,0.0,0.0,0.0,100.0,0.0,100.0,0.0,0.0,0.0,0.966672348049817
quantum,0.0007,0.0,50,3,3,0.0,74.66666666666667,0.3333333333333333,0.4444444444444433,0.4444444444444433,99.55555555555556,0.44444444444443815,100.0,0.0,1.78080894193426,0.9803349547834224,0.9664898722804444
quantum,0.0007,0.0,100,3,3,0.0,74.83333333333333,0.08333333333333334,0.44223693892567667,0.2918873656261348,99.55776306107431,0.291887365626143,99.66666666666667,0.16666666666666669,8.068714871760259,0.37771049174019006,0.9665835814244969
quantum,0.0007,0.0,200,3,3,0.0,74.54166666666667,0.041666666666666664,2.7134450129568535,0.5197097781380798,97.28655498704313,0.5197097781380788,99.66666666666667,0.18162078931419476,29.993205219731546,0.3119790298498515,0.9669008851222903
quantum,0.0007,0.0,400,3,3,0.0,74.5,0.09547032697824667,5.690684425970456,1.2564636451157731,94.30931557402954,1.2564636451157747,99.16666666666667,0.11023963796102462,62.808955978151225,0.7460219373750399,0.9663570722773587
quantum,0.0007,0.0,700,3,3,0.0,73.85714285714285,0.08247860988423401,28.960568383117206,1.1941531830711816,71.0394316168828,1.1941531830711833,99.96428571428572,0.020619652471053376,83.68561215504485,0.3049983891536639,0.963329366367013
quantum,0.0007,0.0,1000,3,3,0.0,73.51666666666667,0.12936812246883456,48.83120664341542,0.5938584914032216,51.16879335658458,0.5938584914032218,99.97500000000001,0.014433756729739825,91.14158315941135,0.07680806396909652,0.9696295848206952
quantum,0.0007,0.01,10,3,3,0.0,73.20974820974821,1.4813424525995766,1.2345679012345667,1.234567901234567,98.76543209876543,1.2345679012345747,100.0,0.0,29.916897506925206,29.916897506925206,0.9667088272962264
quantum,0.0007,0.01,20,3,3,0.0,74.35897435897435,0.6410256410256446,0.0,0.0,100.0,0.0,100.0,0.0,33.25396825396825,30.90360422090404,0.9666723488971861
quantum,0.0007,0.01,50,3,3,0.0,73.32572021157033,0.4960434379455926,0.0,0.0,100.0,0.0,100.0,0.0,65.99374395811762,32.00677296921484,0.9668978711130709
quantum,0.0007,0.01,100,3,3,0.0,73.33868329940672,0.24293026530620596,0.8061886012011232,0.4155358530805205,99.19381139879886,0.41553585308052365,99.40367451328359,0.08546980026258098,9.09913212520633,0.8135719464615608,0.9665377392464517
quantum,0.0007,0.01,200,3,3,0.0,73.57875917316461,0.20394841112402973,2.6612666594597867,1.0398555159988674,97.33873334054017,1.0398555159988687,99.53404005329287,0.21118254632767655,28.6470835287699,0.7227619160763183,0.9634966896550509
quantum,0.0007,0.01,400,3,3,0.0,73.09824537694341,0.2362994111039413,8.295057572460111,2.207464045089979,91.70494242753989,2.207464045089972,99.48867787912577,0.07437924345130542,61.63656656630304,0.17147250233122552,0.9633536386400804
quantum,0.0007,0.01,700,3,3,0.0,72.46277029783762,0.21576730401881528,28.289307715300307,0.7222548988767042,71.71069228469969,0.722254898876705,99.45359603789836,0.07402024117140135,83.72855689504698,0.20276027857645035,0.9644455985015208
quantum,0.0007,0.01,1000,3,3,0.0,72.51194911821449,0.13458190288970986,50.00794957472601,1.3814789808582493,49.99205042527399,1.3814789808582484,99.58462196341952,0.07534332822605108,91.06995749956684,0.12367424820314113,0.9611165754342798
quantum,0.0007,0.02,10,3,3,0.0,72.36842105263158,1.31578947368421,0.0,0.0,100.0,0.0,100.0,0.0,30.0,30.000000000000004,0.9666723507962205
quantum,0.0007,0.02,20,3,3,0.0,71.39639639639638,1.8435479215928938,0.0,0.0,100.0,0.0,100.0,0.0,32.48080016249183,31.26921588469255,0.9670816021061279
quantum,0.0007,0.02,50,3,3,0.0,72.42890211640211,0.3297564595763733,0.23809523809523667,0.2380952380952367,99.76190476190476,0.2380952380952408,100.0,0.0,33.85689686353878,32.075348258100796,0.9669793075776631
quantum,0.0007,0.02,100,3,3,0.0,72.38372940797214,0.25040458610514454,0.24199144465817665,0.12100110243632292,99.75800855534182,0.12100110243632596,99.73614775725594,0.2638522427440648,40.64292498835178,29.20260138070636,0.967171151245649
quantum,0.0007,0.02,200,3,3,0.0,72.53620233811385,0.4035072112154582,1.8748870234047867,0.30165006186888077,98.12511297659522,0.3016500618688814,99.43717226711465,0.2839844182184111,53.30429289957695,23.09902907192313,0.9533164301684437
quantum,0.0007,0.02,400,3,3,0.0,72.49583114533579,0.10946358501637593,8.946721363438662,1.8977541668275906,91.05327863656133,1.8977541668275868,99.78466838931956,0.2153316106804463,87.07085267289001,12.679065868435796,0.9620947544780432
quantum,0.0007,0.02,700,3,3,0.0,71.5573365002784,0.2715829826099821,26.115996061324683,0.9897975028786793,73.88400393867532,0.9897975028786772,99.16935766100106,0.08982147616658047,83.59208567515459,0.20980434977019705,0.9651535615845382
quantum,0.0007,0.02,1000,3,3,0.0,70.89509967398804,0.12277872011706874,51.391430973534874,1.1727511576948035,48.608569026465126,1.1727511576948024,99.70501474926253,0.2949852507374686,96.99800829337676,2.902028913728177,0.9680983070704777
quantum,0.0007,0.05,10,3,3,0.0,74.34772829509672,0.3798773224033885,0.0,0.0,100.0,0.0,100.0,0.0,0.0,0.0,0.9678006763464263
quantum,0.0007,0.05,20,3,3,0.0,71.95767195767196,1.6254240380217608,0.0,0.0,100.0,0.0,100.0,0.0,63.29773893216797,31.648869469125874,0.9677382295804402
quantum,0.0007,0.05,50,3,3,0.0,70.91331389965991,0.5815642130941222,0.0,0.0,100.0,0.0,100.0,0.0,98.00279917808706,0.00026138828828513593,0.9677265731275292
quantum,0.0007,0.05,100,3,3,0.0,68.5463772837311,1.7213112008415976,0.98293862999745,0.632681145220224,99.01706137000254,0.6326811452202209,100.0,0.0,98.99998098986731,0.0002824105124522097,0.9671012211471561
quantum,0.0007,0.05,200,3,3,0.0,67.55988957286367,0.4789558276648268,0.8170310701956233,0.3057782717722358,99.18296892980436,0.3057782717722297,100.0,0.0,99.50080752244396,0.00028378119511579926,0.9675095744922055
quantum,0.0007,0.05,400,3,3,0.0,68.32464273781068,0.4488354401410851,7.459090501851886,0.5514740577890939,92.54090949814811,0.5514740577890948,100.0,0.0,99.74980908085354,0.00039518616992391804,0.967348229145209
quantum,0.0007,0.05,700,3,3,0.0,68.30801234647221,0.48732371055082546,24.059050458569917,0.720329191839934,75.94094954143007,0.7203291918399395,100.0,0.0,99.85713471410342,2.8861982032722085e-05,0.9683848326541055
quantum,0.0007,0.05,1000,3,3,0.0,68.00098179075687,0.45876203096546475,48.74263776471144,3.3295621297526603,51.25736223528856,3.3295621297526616,100.0,0.0,99.89991497537278,6.782894386158384e-05,0.9651088042924894
quantum,0.0007,0.1,10,3,3,0.0,66.55828639699608,1.483950365837766,0.0,0.0,100.0,0.0,100.0,0.0,59.97443563412626,29.98737048237686,0.9685207959669914
quantum,0.0007,0.1,20,3,3,0.0,59.152652986886835,3.7407961029955827,0.0,0.0,100.0,0.0,100.0,0.0,94.94778142142599,0.03315372817014782,0.9681617297592832
quantum,0.0007,0.1,50,3,3,0.0,65.93783860849729,0.654711482624985,0.0,0.0,100.0,0.0,100.0,0.0,98.00284684108664,0.0046839532219654055,0.9684530710876752
quantum,0.0007,0.1,100,3,3,0.0,64.06651801034256,0.6711107632109415,0.0,0.0,100.0,0.0,100.0,0.0,98.99907770650702,0.0024710792496758535,0.9684402123800072
quantum,0.0007,0.1,200,3,3,0.0,62.38808244253246,0.7247912098583682,2.5764624907868137,0.3646791637232298,97.42353750921318,0.36467916372323206,100.0,0.0,99.49839432331804,0.0015710996072888805,0.9686790162569103
quantum,0.0007,0.1,400,3,3,0.0,62.355723815648844,1.1572378043050437,6.993024841135097,0.4069821811211593,93.0069751588649,0.4069821811211619,100.0,0.0,99.75044212508398,0.00027146923883844147,0.9690442813502568
quantum,0.0007,0.1,700,3,3,0.0,62.59965608048318,0.7252561051921741,28.598065655957654,2.789924720066777,71.40193434404235,2.7899247200667743,100.0,0.0,99.85721484852017,0.0001907979091673411,0.9606904124657637
quantum,0.0007,0.1,1000,3,3,0.0,62.78183042286705,0.3281643465515287,48.497820219691526,1.709983950012402,51.502179780308474,1.709983950012402,100.0,0.0,99.90010091762518,1.3189886201140308e-05,0.9693426980735818
quantum,0.001,0.0,10,3,3,0.0,75.0,0.0,0.0,0.0,100.0,0.0,100.0,0.0,0.0,0.0,0.9666723510176481
quantum,0.001,0.0,20,3,3,0.0,74.58333333333333,0.4166666666666667,1.0928961748633867,1.0928961748633867,98.90710382513662,1.0928961748633839,100.0,0.0,2.017827407189733,1.0644453215184653,0.9671938017436404
quantum,0.001,0.0,50,3,3,0.0,74.83333333333333,0.16666666666666669,0.22222222222222002,0.22222222222222004,99.77777777777777,0.22222222222222857,99.66666666666667,0.3333333333333333,2.5861918771062604,1.1455501752557862,0.9665495667524078
quantum,0.001,0.0,100,3,3,0.0,74.66666666666667,0.08333333333333334,0.8801169590643233,0.5467836257309935,99.11988304093569,0.5467836257310003,99.58333333333333,0.3004626062886658,17.752331006516968,0.3175934831635573,0.9664356950125277
quantum,0.001,0.0,200,3,3,0.0,74.41666666666667,0.15023130314433292,3.5013919398940003,0.7743183758391945,96.498608060106,0.7743183758391954,99.625,0.31457643480294795,46.017483620545306,1.0565879185012985,0.9664700789810924
quantum,0.001,0.0,400,3,3,0.0,74.0,0.19094065395649334,21.658456683647945,3.77204581380543,78.34154331635204,3.77204581380543,99.97916666666667,0.020833333333333336,76.70240612514318,0.06406252310671953,0.9627689601208828
quantum,0.001,0.0,700,3,3,0.0,72.78571428571428,0.020619652471057476,60.56049900538594,1.0824825108469944,39.43950099461404,1.0824825108469958,99.94047619047619,0.031497039417435604,91.15783984434638,0.0883120428835743,0.9610067599397403
quantum,0.001,0.0,1000,3,3,0.0,71.95,0.10408329997330983,79.24829161737853,0.4242793585654208,20.751708382621473,0.4242793585654209,99.89999999999999,0.02886751345947965,95.26553159136427,0.05911735084475971,0.966385624623726
quantum,0.001,0.01,10,3,3,0.0,72.22222222222221,2.7777777777777812,0.0,0.0,100.0,0.0,100.0,0.0,0.0,0.0,0.9666723506988761
quantum,0.001,0.01,20,3,3,0.0,73.6013986013986,0.7065475322250665,0.0,0.0,100.0,0.0,100.0,0.0,2.0788309148914235,0.40738243105669536,0.9667014062531306
quantum,0.001,0.01,50,3,3,0.0,72.75368480725625,0.3578514739229017,0.0,0.0,100.0,0.0,100.0,0.0,66.64107819998748,31.359754786268248,0.9669096206203222
quantum,0.001,0.01,100,3,3,0.0,73.44954145570993,0.3277987812784011,1.0287120349242267,0.008530760984399472,98.97128796507577,0.008530760984409214,99.74640707661335,0.1465357578471204,45.58265274709998,26.760472046638654,0.9665775239146415
quantum,0.001,0.01,200,3,3,0.0,73.3041401697812,0.14475479149361267,4.41959472838881,0.5423898110859187,95.58040527161118,0.5423898110859218,99.70291311098794,0.1131482247448656,45.27729516752117,0.3075397484875674,0.9660128216562697
quantum,0.001,0.01,400,3,3,0.0,72.73775145006495,0.457841496844054,25.771703497405138,2.7019473517665253,74.22829650259486,2.701947351766523,99.32076773280046,0.078477969129639,77.96625257493365,0.7085634921146812,0.96336314240415
quantum,0.001,0.01,700,3,3,0.0,71.70435192598931,0.1702471593445342,58.734723250636016,0.836164007248245,41.265276749363984,0.8361640072482425,99.42640773670762,0.15523272658660028,91.13933014135148,0.08407948523195088,0.9660251927584685
quantum,0.001,0.01,1000,3,3,0.0,71.08660391834606,0.4260733484899036,79.17074980885667,0.45126892466901486,20.82925019114332,0.4512689246690125,99.4318588735973,0.055838634314743334,95.2466684788995,0.0632187172783364,0.9686531191389959
quantum,0.001,0.02,10,3,3,0.0,72.36842105263158,1.31578947368421,0.0,0.0,100.0,0.0,100.0,0.0,1.6666666666666667,1.6666666666666667,0.9666723496068101
quantum,0.001,0.02,20,3,3,0.0,73.35897435897435,0.8774327503727531,0.0,0.0,100.0,0.0,100.0,0.0,32.5,31.258332222518423,0.9672640787829004
quantum,0.001,0.02,50,3,3,0.0,73.15025252525253,0.6895199592518811,0.0,0.0,100.0,0.0,100.0,0.0,98.00027766208524,0.0002776620852387168,0.9667466272870797
quantum,0.001,0.02,100,3,3,0.0,72.46201345568585,0.8369799148756593,1.54149494347617,0.8365182055030929,98.4585050565238,0.8365182055030936,99.91539763113367,0.084602368866328,70.47915644957695,28.52151655086682,0.9591233889069902
quantum,0.001,0.02,200,3,3,0.0,71.93976083013847,0.6904992781846631,6.1405199867802525,0.8047550510939575,93.85948001321974,0.8047550510939516,99.91419991419991,0.08580008580007834,82.67124725554986,16.829044680465504,0.9565117573068173
quantum,0.001,0.02,400,3,3,0.0,71.97473617850244,0.3073016481588326,23.401673303050163,2.8237935579306783,76.59832669694983,2.8237935579306765,99.48453522647071,0.2577330287664772,84.52202118361053,7.614023454923719,0.968531068576314
quantum,0.001,0.02,700,3,3,0.0,70.92290198755268,0.2584428702679879,55.21895137741191,0.9178029028850085,44.78104862258809,0.917802902885007,99.56723047868529,0.21669234873305282,93.7974441127758,3.0361301736183353,0.9695439135472065
quantum,0.001,0.02,1000,3,3,0.0,70.21817494785925,0.1914885525400448,78.82301125475296,1.2647907593342531,21.176988745247023,1.2647907593342569,99.67056783701777,0.3294321629822292,98.30899313027578,1.5910077524891637,0.9568411247937952
quantum,0.001,0.05,10,3,3,0.0,69.19694814431655,2.949792200055602,0.0,0.0,100.0,0.0,100.0,0.0,59.93827160493827,29.969183481418128,0.967843097205955
quantum,0.001,0.05,20,3,3,0.0,65.20960415314731,2.827904304054948,0.0,0.0,100.0,0.0,100.0,0.0,95.021867489434,0.009874613748152352,0.967373813870893
quantum,0.001,0.05,50,3,3,0.0,69.82805308231684,0.7761439985870974,0.2604166666666667,0.2604166666666667,99.73958333333333,0.2604166666666667,100.0,0.0,98.00394353327125,0.00027076470438882325,0.9681214442941913
quantum,0.001,0.05,100,3,3,0.0,67.4654996166624,1.346474216239273,0.6720430107526867,0.6720430107526868,99.32795698924731,0.6720430107526881,100.0,0.0,99.00065348278655,0.001092034127273897,0.9678588911688609
quantum,0.001,0.05,200,3,3,0.0,67.6470588235294,0.4918605860342125,5.325994726837043,1.9022030165099175,94.67400527316295,1.902203016509916,100.0,0.0,99.4996946913451,0.0007071677575237523,0.9627108545050459
quantum,0.001,0.05,400,3,3,0.0,68.11470322411996,0.07138697364116703,19.162691126717565,2.5826508068122522,80.83730887328244,2.5826508068122496,100.0,0.0,99.74993090111697,0.00021604635597094452,0.9666047328409549
quantum,0.001,0.05,700,3,3,0.0,67.53245593477969,0.40566790422788007,57.98655045396141,0.37176229636993496,42.01344954603859,0.3717622963699373,100.0,0.0,99.85713846675894,2.1477240398047105e-05,0.9686059843104982
quantum,0.001,0.05,1000,3,3,0.0,67.29901109680985,0.269303418688427,78.89718923804932,1.6558520640142549,21.102810761950675,1.6558520640142544,100.0,0.0,99.89991647635782,7.991336455122304e-05,0.9651948895578455
quantum,0.001,0.1,10,3,3,0.0,67.31092436974791,0.8417355294855327,0.0,0.0,100.0,0.0,100.0,0.0,90.0384325713273,0.019222269423457897,0.9689346316261226
quantum,0.001,0.1,20,3,3,0.0,62.05233505831711,0.6446179676855115,0.0,0.0,100.0,0.0,100.0,0.0,94.98204162874033,0.03884126848637539,0.9697744487656248
quantum,0.001,0.1,50,3,3,0.0,63.53336525635325,1.972800101249165,0.0,0.0,100.0,0.0,100.0,0.0,97.99599484131527,0.010971635640917495,0.9689441664895365
quantum,0.001,0.1,100,3,3,0.0,63.608090900186106,0.7885085257645466,2.026553358818427,0.5692613268379242,97.97344664118157,0.5692613268379264,100.0,0.0,98.99741730236985,0.0020951792345216855,0.9686853354599361
quantum,0.001,0.1,200,3,3,0.0,62.34486984355373,0.21380334036317367,4.070208255374843,1.2834395107283918,95.92979174462515,1.2834395107283922,100.0,0.0,99.49874034434981,0.0010075139914083311,0.9687139897504623
quantum,0.001,0.1,400,3,3,0.0,62.1032927879601,0.625529393518412,20.811787073089516,2.047096077579017,79.18821292691047,2.047096077579012,100.0,0.0,99.74972854627167,0.0003320575168263767,0.9689352403694645
quantum,0.001,0.1,700,3,3,0.0,61.65781986472877,0.3685230692780188,56.993666721462546,0.9581829473558291,43.006333278537454,0.9581829473558281,100.0,0.0,99.85729578304591,0.0003231442329289542,0.9693832366528884
quantum,0.001,0.1,1000,3,3,0.0,61.66119843479149,0.20808955140779087,78.27507628333419,0.8472179954457805,21.724923716665813,0.8472179954457799,100.0,0.0,99.90008435025675,5.2196571996150165e-05,0.9736008054615034
