tag,n_trk,sigma_res,sigma_scatt,rep_mean,seed_mean,phi_max_mean,hit_ineff_mean,erf_sigma_mean,epsilon_mean,gamma_mean,delta_mean,tau_default_mean,n_seg_mean,n_pad_mean,A_nnz_mean,n_qubits_mean,quantum_metrics_default_mean,cos_QC_mean,P_anc_mean,t_gen_mean,t_angles_mean,t_classical_mean,t_q_mean,t_total_mean,sol_Q_mean,angle_n_true_mean,angle_n_false_mean,angle_true_accepted_mean,angle_false_accepted_mean,angle_segment_efficiency_mean,angle_segment_false_rate_mean,cls_default_n_true_all_mean,cls_default_n_false_all_mean,cls_default_n_true_active_mean,cls_default_n_false_active_mean,cls_default_n_active_mean,cls_default_segment_efficiency_mean,cls_default_segment_purity_mean,cls_default_segment_false_rate_mean,q_default_n_true_all_mean,q_default_n_false_all_mean,q_default_n_true_active_mean,q_default_n_false_active_mean,q_default_n_active_mean,q_default_segment_efficiency_mean,q_default_segment_purity_mean,q_default_segment_false_rate_mean,rep_std,seed_std,phi_max_std,hit_ineff_std,erf_sigma_std,epsilon_std,gamma_std,delta_std,tau_default_std,n_seg_std,n_pad_std,A_nnz_std,n_qubits_std,quantum_metrics_default_std,cos_QC_std,P_anc_std,t_gen_std,t_angles_std,t_classical_std,t_q_std,t_total_std,sol_Q_std,angle_n_true_std,angle_n_false_std,angle_true_accepted_std,angle_false_accepted_std,angle_segment_efficiency_std,angle_segment_false_rate_std,cls_default_n_true_all_std,cls_default_n_false_all_std,cls_default_n_true_active_std,cls_default_n_false_active_std,cls_default_n_active_std,cls_default_segment_efficiency_std,cls_default_segment_purity_std,cls_default_segment_false_rate_std,q_default_n_true_all_std,q_default_n_false_all_std,q_default_n_true_active_std,q_default_n_false_active_std,q_default_n_active_std,q_default_segment_efficiency_std,q_default_segment_purity_std,q_default_segment_false_rate_std,rep_n,seed_n,phi_max_n,hit_ineff_n,erf_sigma_n,epsilon_n,gamma_n,delta_n,tau_default_n,n_seg_n,n_pad_n,A_nnz_n,n_qubits_n,quantum_metrics_default_n,cos_QC_n,P_anc_n,t_gen_n,t_angles_n,t_classical_n,t_q_n,t_total_n,sol_Q_n,angle_n_true_n,angle_n_false_n,angle_true_accepted_n,angle_false_accepted_n,angle_segment_efficiency_n,angle_segment_false_rate_n,cls_default_n_true_all_n,cls_default_n_false_all_n,cls_default_n_true_active_n,cls_default_n_false_active_n,cls_default_n_active_n,cls_default_segment_efficiency_n,cls_default_segment_purity_n,cls_default_segment_false_rate_n,q_default_n_true_all_n,q_default_n_false_all_n,q_default_n_true_active_n,q_default_n_false_active_n,q_default_n_active_n,q_default_segment_efficiency_n,q_default_segment_purity_n,q_default_segment_false_rate_n,rep_sem,seed_sem,phi_max_sem,hit_ineff_sem,erf_sigma_sem,epsilon_sem,gamma_sem,delta_sem,tau_default_sem,n_seg_sem,n_pad_sem,A_nnz_sem,n_qubits_sem,quantum_metrics_default_sem,cos_QC_sem,P_anc_sem,t_gen_sem,t_angles_sem,t_classical_sem,t_q_sem,t_total_sem,sol_Q_sem,angle_n_true_sem,angle_n_false_sem,angle_true_accepted_sem,angle_false_accepted_sem,angle_segment_efficiency_sem,angle_segment_false_rate_sem,cls_default_n_true_all_sem,cls_default_n_false_all_sem,cls_default_n_true_active_sem,cls_default_n_false_active_sem,cls_default_n_active_sem,cls_default_segment_efficiency_sem,cls_default_segment_purity_sem,cls_default_segment_false_rate_sem,q_default_n_true_all_sem,q_default_n_false_all_sem,q_default_n_true_active_sem,q_default_n_false_active_sem,q_default_n_active_sem,q_default_segment_efficiency_sem,q_default_segment_purity_sem,q_default_segment_false_rate_sem
eps2_sr0.01_ss0.0001,10.0,0.01,0.0001,4.5,201004.5,0.2,0.0,0.0001,0.0031777035588293387,3.0,1.0,0.35,400.0,512.0,460.0,11.0,,0.4650838863825082,0.022391535339945333,0.0013944864273071288,0.4569566249847412,0.010266327857971191,3.9158265829086303,4.38486340045929,,30.0,2970.0,30.0,0.0,1.0,0.0,40.0,360.0,40.0,360.0,400.0,1.0,0.1,0.9,40.0,360.0,30.0,0.0,30.0,0.75,1.0,0.0,3.0276503540974917,3.0276503540974917,0.0,0.0,0.0,0.0,0.0,0.0,0.0,0.0,0.0,0.0,0.0,,0.0,0.0,0.0004520095234180855,0.18826635943749775,0.011275527439353507,0.911526732692284,1.0900119900045089,,0.0,0.0,0.0,0.0,0.0,0.0,0.0,0.0,0.0,0.0,0.0,0.0,0.0,0.0,0.0,0.0,0.0,0.0,0.0,0.0,0.0,0.0,10,10,10,10,10,10,10,10,10,10,10,10,10,0,10,10,10,10,10,10,10,0,10,10,10,10,10,10,10,10,10,10,10,10,10,10,10,10,10,10,10,10,10,10,0.9574271077563381,0.9574271077563381,0.0,0.0,0.0,0.0,0.0,0.0,0.0,0.0,0.0,0.0,0.0,,0.0,0.0,0.00014293796180883675,0.05953505026104294,0.0035656348528083164,0.2882500623439084,0.3446920565306937,,0.0,0.0,0.0,0.0,0.0,0.0,0.0,0.0,0.0,0.0,0.0,0.0,0.0,0.0,0.0,0.0,0.0,0.0,0.0,0.0,0.0,0.0
eps2_sr0.01_ss0.0001,20.0,0.01,0.0001,4.5,202004.5,0.2,0.0,0.0001,0.0031777035588293387,3.0,1.0,0.35,1600.0,2048.0,1720.2,13.0,,0.34185170426306427,0.011210069096649861,0.0017026185989379883,0.6210655689239502,0.005681133270263672,6.237088656425476,6.86596908569336,,60.0,23940.0,60.0,0.1,1.0,0.001639344262295082,80.0,1520.0,80.0,1520.0,1600.0,1.0,0.05,0.95,80.0,1520.0,60.0,0.2,60.2,0.75,0.9967741935483871,0.0032258064516129032,3.0276503540974917,3.0276503540974917,0.0,0.0,0.0,0.0,0.0,0.0,0.0,0.0,0.0,0.6324555320337325,0.0,,0.0008747554809745825,4.5225082161190586e-05,7.106091869949529e-05,0.023171030950447723,0.0002560102984503178,0.24911006214137962,0.2702321453636093,,0.0,0.0,0.0,0.31622776601683794,0.0,0.00518406173798095,0.0,0.0,0.0,0.0,0.0,0.0,0.0,0.0,0.0,0.0,0.0,0.6324555320336759,0.6324555320336751,0.0,0.010200895677962509,0.010200895677962514,10,10,10,10,10,10,10,10,10,10,10,10,10,0,10,10,10,10,10,10,10,0,10,10,10,10,10,10,10,10,10,10,10,10,10,10,10,10,10,10,10,10,10,10,0.9574271077563381,0.9574271077563381,0.0,0.0,0.0,0.0,0.0,0.0,0.0,0.0,0.0,0.20000000000001789,0.0,,0.0002766219715595768,1.4301426699761248e-05,2.247143557144554e-05,0.007327323353767092,8.095756475624793e-05,0.07877551844328415,0.08545490763427156,,0.0,0.0,0.0,0.09999999999999999,0.0,0.001639344262295082,0.0,0.0,0.0,0.0,0.0,0.0,0.0,0.0,0.0,0.0,0.0,0.19999999999999998,0.19999999999999973,0.0,0.0032258064516129015,0.0032258064516129032
eps2_sr0.01_ss0.0001,50.0,0.01,0.0001,4.5,205004.5,0.2,0.0,0.0001,0.0031777035588293387,3.0,1.0,0.35,10000.0,16384.0,10308.6,16.0,,0.22485006575259053,0.0035920479750392795,0.0037939071655273436,6.26390163898468,0.0845174789428711,88.40502688884735,94.75770494937896,,150.0,374850.0,150.0,4.3,1.0,0.027671008299103572,200.0,9800.0,200.0,9800.0,10000.0,1.0,0.02,0.9800000000000001,200.0,9800.0,150.2,6.8,157.0,0.751,0.9571381144069473,0.042861885593052616,3.0276503540974917,3.0276503540974917,0.0,0.0,0.0,0.0,0.0,0.0,0.0,0.0,0.0,4.62361090250655,0.0,,0.002089710127729746,5.646117787218785e-05,0.00017485632244944286,0.14867500316837862,0.012128453888251723,12.174356752501332,12.18186424922524,,0.0,0.0,0.0,2.3118054512532935,0.0,0.014595776514195823,0.0,0.0,0.0,0.0,0.0,0.0,0.0,0.0,0.0,0.0,0.42163702135578446,3.6453928305312844,3.559026084010439,0.0021081851067789085,0.022216083317724084,0.022216083317724095,10,10,10,10,10,10,10,10,10,10,10,10,10,0,10,10,10,10,10,10,10,0,10,10,10,10,10,10,10,10,10,10,10,10,10,10,10,10,10,10,10,10,10,10,0.9574271077563381,0.9574271077563381,0.0,0.0,0.0,0.0,0.0,0.0,0.0,0.0,0.0,1.462114146630742,0.0,,0.0006608243653147386,1.7854592145201286e-05,5.529442422210718e-05,0.04701516411448267,0.003835353878320074,3.849869638535502,3.852243717452882,,0.0,0.0,0.0,0.7310570733153768,0.0,0.004615589800365175,0.0,0.0,0.0,0.0,0.0,0.0,0.0,0.0,0.0,0.0,0.1333333333333335,1.1527744310527055,1.125462867742276,0.0006666666666666631,0.007025342397207828,0.007025342397207831
eps2_sr0.01_ss0.0001,100.0,0.01,0.0001,2.0,210002.0,0.2,0.0,0.0001,0.0031777035588293387,3.0,1.0,0.35,40000.0,65536.0,40662.4,18.0,,0.16785367043771043,0.0018955925680610454,0.0073395252227783205,49.74736223220825,0.12763004302978515,1282.323063135147,1332.206076669693,,300.0,2999700.0,300.0,31.2,1.0,0.09329893530782675,400.0,39600.0,322.2,31681.6,32003.8,0.8055,0.12378947368421053,0.8762105263157896,400.0,39600.0,280.2,43.0,323.2,0.7005,0.8751909382725754,0.12480906172742459,1.5811388300841898,1.5811388300841898,0.0,0.0,0.0,0.0,0.0,0.0,0.0,0.0,0.0,23.63895090734803,0.0,,0.0069110005994079664,5.8889345555856924e-05,0.00012809296381705422,0.7930298255829746,0.004697750279230307,114.95879686909157,115.73990978707589,,0.0,0.0,0.0,11.819475453673906,0.0,0.03167910257587036,0.0,0.0,173.96608864948365,17706.080673034336,17880.046761683818,0.4349152216237091,0.2544409982818182,0.2544409982818182,0.0,0.0,44.274145954495836,21.89748844045819,64.59256923207188,0.11068536488623962,0.05414062857026833,0.05414062857026832,5,5,5,5,5,5,5,5,5,5,5,5,5,0,5,5,5,5,5,5,5,0,5,5,5,5,5,5,5,5,5,5,5,5,5,5,5,5,5,5,5,5,5,5,0.7071067811865476,0.7071067811865476,0.0,0.0,0.0,0.0,0.0,0.0,0.0,0.0,0.0,10.571660229122104,0.0,,0.003090693426563601,2.6336115962674244e-05,5.7284914906870834e-05,0.3546537196376666,0.002100897793135517,51.41113688217575,51.76046119871898,,0.0,0.0,0.0,5.285830114561004,0.0,0.014167325365166962,0.0,0.0,77.8,7918.4,7996.199999999999,0.1945,0.11378947368421054,0.11378947368421054,0.0,0.0,19.8,9.792854537876073,28.886675128854822,0.04950000000000001,0.024212425165537444,0.02421242516553744
eps2_sr0.01_ss0.0001,200.0,0.01,0.0001,2.0,220002.0,0.2,0.0,0.0001,0.0031777035588293387,3.0,1.0,0.35,160000.0,262144.0,161624.8,20.0,,0.13150068343518817,0.0011260164155041487,0.015999460220336915,423.94000964164735,0.5418352127075196,25911.218745708466,26335.718546009062,,600.0,23999400.0,599.8,212.6,0.9996666666666666,0.26158655201882197,800.0,159200.0,799.8,63910.0,64709.8,0.99975,0.4075929861338131,0.5924070138661869,800.0,159200.0,599.6,255.6,855.2,0.7495,0.7450389805580377,0.2549610194419623,1.5811388300841898,1.5811388300841898,0.0,0.0,0.0,0.0,0.0,0.0,0.0,0.0,0.0,22.29798197146877,0.0,,0.0006926458042198951,1.1342263496695713e-05,0.0027576636568217563,71.95617303002876,0.08022761200699652,8432.485457739534,8421.25126833074,,0.0,0.0,0.4472135954999611,10.876580344942981,0.0007453559924999394,0.00977099219373901,0.0,0.0,0.4472135954999611,86987.47104899648,86987.65362509785,0.0005590169943749464,0.3675314675501931,0.3675314675501931,0.0,0.0,2.6076809620810604,220.81394883476,222.84680836843953,0.0032596012026013,0.21088560270009338,0.21088560270009335,5,5,5,5,5,5,5,5,5,5,5,5,5,0,5,5,5,5,5,5,5,0,5,5,5,5,5,5,5,5,5,5,5,5,5,5,5,5,5,5,5,5,5,5,0.7071067811865476,0.7071067811865476,0.0,0.0,0.0,0.0,0.0,0.0,0.0,0.0,0.0,9.971960689853788,0.0,,0.0003097606205131392,5.0724144394652145e-06,0.0012332646791468197,32.17977885917627,0.03587887882402451,3771.122140556806,3766.098058318771,,0.0,0.0,0.2000000000000014,4.864154602806123,0.00033333333333333755,0.004369720550564044,0.0,0.0,0.2000000000000014,38901.97969127021,38902.06134178496,0.0002499999999999995,0.16436506906249798,0.16436506906249798,0.0,0.0,1.1661903789690604,98.75099999493676,99.66012241613996,0.001457737973711314,0.09431090862268439,0.09431090862268438
eps2_sr0.01_ss0.0003,10.0,0.01,0.0003,4.5,201004.5,0.2,0.0,0.0001,0.003396733711640736,3.0,1.0,0.35,400.0,512.0,460.2,11.0,,0.4657976845631812,0.02244874104674466,0.0012203454971313477,0.3472111225128174,0.00526435375213623,3.374452018737793,3.7286303520202635,,30.0,2970.0,30.0,0.1,1.0,0.0032258064516129032,40.0,360.0,40.0,360.0,400.0,1.0,0.1,0.9,40.0,360.0,30.0,0.2,30.2,0.75,0.99375,0.00625,3.0276503540974917,3.0276503540974917,0.0,0.0,0.0,0.0,0.0,0.0,0.0,0.0,0.0,0.6324555320336752,0.0,,0.0022572280406112847,0.00018090032864565345,0.0005456927536880166,0.18686663445026114,0.003950393114062459,0.9334428687217925,1.1161333675070655,,0.0,0.0,0.0,0.31622776601683794,0.0,0.010200895677962514,0.0,0.0,0.0,0.0,0.0,0.0,0.0,0.0,0.0,0.0,0.0,0.6324555320336759,0.6324555320336758,0.0,0.019764235376052368,0.01976423537605237,10,10,10,10,10,10,10,10,10,10,10,10,10,0,10,10,10,10,10,10,10,0,10,10,10,10,10,10,10,10,10,10,10,10,10,10,10,10,10,10,10,10,10,10,0.9574271077563381,0.9574271077563381,0.0,0.0,0.0,0.0,0.0,0.0,0.0,0.0,0.0,0.1999999999999998,0.0,,0.0007137981806730709,5.720570679932678e-05,0.00017256320043033808,0.059092418355291165,0.001249223989348271,0.29518055308024094,0.3529523613836097,,0.0,0.0,0.0,0.09999999999999999,0.0,0.0032258064516129032,0.0,0.0,0.0,0.0,0.0,0.0,0.0,0.0,0.0,0.0,0.0,0.19999999999999998,0.19999999999999996,0.0,0.006249999999999999,0.0062499999999999995
eps2_sr0.01_ss0.0003,20.0,0.01,0.0003,4.5,202004.5,0.2,0.0,0.0001,0.003396733711640736,3.0,1.0,0.35,1600.0,2048.0,1720.6,13.0,,0.3424754550435907,0.01125087898129935,0.0017668724060058594,0.6346744537353516,0.006115269660949707,6.352269196510315,6.99535653591156,,60.0,23940.0,60.0,0.3,1.0,0.0049180327868852455,80.0,1520.0,80.0,1520.0,1600.0,1.0,0.05,0.95,80.0,1520.0,60.0,0.5,60.5,0.75,0.9919090428344791,0.008090957165520888,3.0276503540974917,3.0276503540974917,0.0,0.0,0.0,0.0,0.0,0.0,0.0,0.0,0.0,0.9660917830792535,0.0,,0.0014623828767681647,9.47531465502907e-05,4.903350500805687e-05,0.03240597828862359,0.0005155002869589844,0.3787587195766541,0.408155148487625,,0.0,0.0,0.0,0.48304589153964794,0.0,0.007918785107207345,0.0,0.0,0.0,0.0,0.0,0.0,0.0,0.0,0.0,0.0,0.0,0.8498365855987975,0.8498365855987976,0.0,0.013724570566617326,0.01372457056661733,10,10,10,10,10,10,10,10,10,10,10,10,10,0,10,10,10,10,10,10,10,0,10,10,10,10,10,10,10,10,10,10,10,10,10,10,10,10,10,10,10,10,10,10,0.9574271077563381,0.9574271077563381,0.0,0.0,0.0,0.0,0.0,0.0,0.0,0.0,0.0,0.3055050463303759,0.0,,0.0004624460701816735,2.9963575856664478e-05,1.5505755748673255e-05,0.010247670119801591,0.0001630155041260785,0.1197740237511233,0.12906999079451242,,0.0,0.0,0.0,0.15275252316519466,0.0,0.002504139724019585,0.0,0.0,0.0,0.0,0.0,0.0,0.0,0.0,0.0,0.0,0.0,0.26874192494328497,0.268741924943285,0.0,0.004340090289821844,0.004340090289821846
eps2_sr0.01_ss0.0003,50.0,0.01,0.0003,4.5,205004.5,0.2,0.0,0.0001,0.003396733711640736,3.0,1.0,0.35,10000.0,16384.0,10307.8,16.0,,0.22431492162555267,0.0035760262465239475,0.004063749313354492,6.3301838636398315,0.10158700942993164,113.40311667919158,119.83949151039124,,150.0,374850.0,150.0,3.9,1.0,0.025312764401948462,200.0,9800.0,200.0,9800.0,10000.0,1.0,0.02,0.9800000000000001,200.0,9800.0,150.0,7.3,157.3,0.75,0.953669276313723,0.04633072368627698,3.0276503540974917,3.0276503540974917,0.0,0.0,0.0,0.0,0.0,0.0,0.0,0.0,0.0,1.751190071541923,0.0,,0.0007559462041870261,2.5006540029878553e-05,0.0005768472492521295,0.15904312008388471,0.02580887067370452,35.078603200272525,35.025475557298,,0.0,0.0,0.0,0.8755950357709131,0.0,0.005539834415632537,0.0,0.0,0.0,0.0,0.0,0.0,0.0,0.0,0.0,0.0,0.0,1.4944341180973262,1.4944341180973235,0.0,0.009054167586907174,0.00905416758690715,10,10,10,10,10,10,10,10,10,10,10,10,10,0,10,10,10,10,10,10,10,0,10,10,10,10,10,10,10,10,10,10,10,10,10,10,10,10,10,10,10,10,10,10,0.9574271077563381,0.9574271077563381,0.0,0.0,0.0,0.0,0.0,0.0,0.0,0.0,0.0,0.5537749241945689,0.0,,0.00023905117937897166,7.907762289459126e-06,0.00018241511696395898,0.05029385056447455,0.008161481516563063,11.092828325013281,11.076027889161708,,0.0,0.0,0.0,0.27688746209726917,0.0,0.0017518494613586717,0.0,0.0,0.0,0.0,0.0,0.0,0.0,0.0,0.0,0.0,0.0,0.4725815626252608,0.47258156262525997,0.0,0.0028631791891497197,0.002863179189149712
eps2_sr0.01_ss0.0003,100.0,0.01,0.0003,2.0,210002.0,0.2,0.0,0.0001,0.003396733711640736,3.0,1.0,0.35,40000.0,65536.0,40658.8,18.0,,0.16690525887034302,0.0019056103180954936,0.007628774642944336,52.71048407554626,0.19788765907287598,1915.9182994842529,1968.8352491378785,,300.0,2999700.0,300.0,29.4,1.0,0.0882818950896993,400.0,39600.0,325.0,31681.6,32006.6,0.8125,0.15951515151515153,0.8404848484848484,400.0,39600.0,299.8,40.4,340.2,0.7495,0.8832015345780512,0.11679846542194867,1.5811388300841898,1.5811388300841898,0.0,0.0,0.0,0.0,0.0,0.0,0.0,0.0,0.0,24.314604664686122,0.0,,0.005636676999534377,8.431800490682659e-05,0.0013227966798518085,11.953404132054583,0.06996711072279409,860.4869088880967,870.4149128851163,,0.0,0.0,0.0,12.157302332343306,0.0,0.03290540261063696,0.0,0.0,167.70509831248424,17706.080673034336,17873.78577134682,0.4192627457812106,0.33432604245405945,0.33432604245405945,0.0,0.0,0.44721359549995715,17.686152775547317,18.033302526159762,0.001118033988749868,0.04613306130043994,0.04613306130043995,5,5,5,5,5,5,5,5,5,5,5,5,5,0,5,5,5,5,5,5,5,0,5,5,5,5,5,5,5,5,5,5,5,5,5,5,5,5,5,5,5,5,5,5,0.7071067811865476,0.7071067811865476,0.0,0.0,0.0,0.0,0.0,0.0,0.0,0.0,0.0,10.87382177525433,0.0,,0.0025207985876336833,3.7708158139765015e-05,0.000591572659311934,5.345724840360184,0.0312902431530844,384.8214444044904,389.26138276813555,,0.0,0.0,0.0,5.436910887627274,0.0,0.014715743412876656,0.0,0.0,75.0,7918.4,7993.4,0.1875,0.1495151515151515,0.1495151515151515,0.0,0.0,0.19999999999999965,7.909487973314076,8.06473806146238,0.000499999999999988,0.02063133221558971,0.02063133221558971
eps2_sr0.01_ss0.0003,200.0,0.01,0.0003,2.0,220002.0,0.2,0.0,0.0001,0.003396733711640736,3.0,1.0,0.35,160000.0,262144.0,161636.8,20.0,,0.13186140768069893,0.0011328059917903562,0.015086889266967773,385.3678852081299,0.5966906547546387,23680.751772499083,24066.73353857994,,600.0,23999400.0,600.0,218.4,1.0,0.26635594454589906,800.0,159200.0,800.0,95684.0,96484.0,1.0,0.2676365109535047,0.7323634890464952,800.0,159200.0,599.4,260.8,860.2,0.74925,0.7407006666782638,0.25929933332173616,1.5811388300841898,1.5811388300841898,0.0,0.0,0.0,0.0,0.0,0.0,0.0,0.0,0.0,47.720016764460944,0.0,,0.0020879924512143613,3.064951812921822e-05,0.0033487288979494128,94.62514893186064,0.18878530489075993,6397.5932957627365,6347.14013655759,,0.0,0.0,0.0,23.860008382228198,0.0,0.02170766289074756,0.0,0.0,0.0,86972.8676686011,86972.8676686011,0.0,0.3598295159154099,0.35982951591540996,0.0,0.0,2.880972058177591,223.5479814268069,226.31990632730475,0.0036012150727220216,0.208982730452164,0.208982730452164,5,5,5,5,5,5,5,5,5,5,5,5,5,0,5,5,5,5,5,5,5,0,5,5,5,5,5,5,5,5,5,5,5,5,5,5,5,5,5,5,5,5,5,5,0.7071067811865476,0.7071067811865476,0.0,0.0,0.0,0.0,0.0,0.0,0.0,0.0,0.0,21.341040274552846,0.0,,0.0009337786114843451,1.3706881202908823e-05,0.0014975970908065685,42.317653078536395,0.08442735497775254,2861.090700344479,2838.527361612014,,0.0,0.0,0.0,10.670520137275407,0.0,0.009707961971272227,0.0,0.0,0.0,38895.44886101714,38895.44886101714,0.0,0.1609206515795398,0.16092065157953983,0.0,0.0,1.2884098726725144,99.97369654064012,101.21333904184763,0.0016105123408406577,0.09345991828291081,0.09345991828291081
eps2_sr0.01_ss0.0005,10.0,0.01,0.0005,4.5,201004.5,0.2,0.0,0.0001,0.003797077811659467,3.0,1.0,0.35,400.0,512.0,460.0,11.0,,0.4650838863825082,0.022391535339945333,0.0011302471160888673,0.28956298828125,0.003576850891113281,3.1183885812759398,3.413125729560852,,30.0,2970.0,30.0,0.0,1.0,0.0,40.0,360.0,40.0,360.0,400.0,1.0,0.1,0.9,40.0,360.0,30.0,0.0,30.0,0.75,1.0,0.0,3.0276503540974917,3.0276503540974917,0.0,0.0,0.0,0.0,0.0,0.0,0.0,0.0,0.0,0.0,0.0,,0.0,0.0,0.0001959608699738012,0.05238946491948583,0.0003839453232297033,0.5137017085104473,0.5647877537334559,,0.0,0.0,0.0,0.0,0.0,0.0,0.0,0.0,0.0,0.0,0.0,0.0,0.0,0.0,0.0,0.0,0.0,0.0,0.0,0.0,0.0,0.0,10,10,10,10,10,10,10,10,10,10,10,10,10,0,10,10,10,10,10,10,10,0,10,10,10,10,10,10,10,10,10,10,10,10,10,10,10,10,10,10,10,10,10,10,0.9574271077563381,0.9574271077563381,0.0,0.0,0.0,0.0,0.0,0.0,0.0,0.0,0.0,0.0,0.0,,0.0,0.0,6.196826813853121e-05,0.016567003454306502,0.00012141417183754182,0.16244674368129158,0.17860156963679877,,0.0,0.0,0.0,0.0,0.0,0.0,0.0,0.0,0.0,0.0,0.0,0.0,0.0,0.0,0.0,0.0,0.0,0.0,0.0,0.0,0.0,0.0
eps2_sr0.01_ss0.0005,20.0,0.01,0.0005,4.5,202004.5,0.2,0.0,0.0001,0.003797077811659467,3.0,1.0,0.35,1600.0,2048.0,1721.0,13.0,,0.34345298871594554,0.011304509331423556,0.001712632179260254,0.6142919063568115,0.006237030029296875,6.049809861183166,6.6725609540939335,,60.0,23940.0,59.9,0.6,0.9983333333333334,0.009556010928961748,80.0,1520.0,80.0,1520.0,1600.0,1.0,0.05,0.95,80.0,1520.0,60.3,0.7,61.0,0.7537499999999999,0.9889842057583994,0.011015794241600693,3.0276503540974917,3.0276503540974917,0.0,0.0,0.0,0.0,0.0,0.0,0.0,0.0,0.0,2.538591035287979,0.0,,0.0048754464236815676,0.00034564642666671673,0.0001886091742053448,0.06805232391806357,0.0009520032069665893,0.5790562909862431,0.6445927055075703,,0.0,0.0,0.31622776601683905,1.2649110640673518,0.0052704627669472905,0.019831510532666595,0.0,0.0,0.0,0.0,0.0,0.0,0.0,0.0,0.0,0.0,0.6749485577105532,1.1595018087284057,1.7638342073763935,0.008436856971381917,0.018150890841336014,0.01815089084133604,10,10,10,10,10,10,10,10,10,10,10,10,10,0,10,10,10,10,10,10,10,0,10,10,10,10,10,10,10,10,10,10,10,10,10,10,10,10,10,10,10,10,10,10,0.9574271077563381,0.9574271077563381,0.0,0.0,0.0,0.0,0.0,0.0,0.0,0.0,0.0,0.8027729719194894,0.0,,0.001541751530895604,0.00010930299733651862,5.9643457809236794e-05,0.02152003436486347,0.0003010498473799099,0.1831136772965757,0.20383811125340845,,0.0,0.0,0.10000000000000035,0.39999999999999997,0.001666666666666664,0.006271274272484548,0.0,0.0,0.0,0.0,0.0,0.0,0.0,0.0,0.0,0.0,0.21343747458109502,0.36666666666666664,0.557773351022717,0.0026679684322636885,0.005739815661971171,0.005739815661971179
eps2_sr0.01_ss0.0005,50.0,0.01,0.0005,4.5,205004.5,0.2,0.0,0.0001,0.003797077811659467,3.0,1.0,0.35,10000.0,16384.0,10308.2,16.0,,0.22436923354263688,0.003573498087573889,0.00472869873046875,6.514537358283997,0.11691446304321289,110.11488704681396,116.75169978141784,,150.0,374850.0,150.0,4.1,1.0,0.02643082539468935,200.0,9800.0,200.0,9800.0,10000.0,1.0,0.02,0.9800000000000001,200.0,9800.0,150.0,8.1,158.1,0.75,0.9493884094459549,0.050611590554045106,3.0276503540974917,3.0276503540974917,0.0,0.0,0.0,0.0,0.0,0.0,0.0,0.0,0.0,4.366539438350149,0.0,,0.0016214150437844827,4.076499015098813e-05,0.0012806651366305752,1.2957981343642528,0.031142333727769547,35.72170340596734,36.84581886984564,,0.0,0.0,0.0,2.183269719175042,0.0,0.013747139864362379,0.0,0.0,0.0,0.0,0.0,0.0,0.0,0.0,0.0,0.0,0.0,4.280446497997869,4.280446497997871,0.0,0.02552818400046536,0.025528184000465384,10,10,10,10,10,10,10,10,10,10,10,10,10,0,10,10,10,10,10,10,10,0,10,10,10,10,10,10,10,10,10,10,10,10,10,10,10,10,10,10,10,10,10,10,0.9574271077563381,0.9574271077563381,0.0,0.0,0.0,0.0,0.0,0.0,0.0,0.0,0.0,1.3808210118138857,0.0,,0.0005127364570820604,1.2891021767145375e-05,0.00040498187517233527,0.40976734923879404,0.009848070623283389,11.296194466385122,11.651670988272338,,0.0,0.0,0.0,0.6904105059069325,0.0,0.004347227328428331,0.0,0.0,0.0,0.0,0.0,0.0,0.0,0.0,0.0,0.0,0.0,1.3535960336164634,1.353596033616464,0.0,0.008072720596933945,0.008072720596933952
eps2_sr0.01_ss0.0005,100.0,0.01,0.0005,2.0,210002.0,0.2,0.0,0.0001,0.003797077811659467,3.0,1.0,0.35,40000.0,65536.0,40685.2,18.0,,0.1712032535814738,0.0019521643084556538,0.010783195495605469,57.3439802646637,0.3039401054382324,5409.248277330398,5466.908676147461,,300.0,2999700.0,300.0,42.6,1.0,0.12359539576202579,400.0,39600.0,321.8,23777.0,24098.8,0.8045,0.27959723763719324,0.7204027623628068,400.0,39600.0,280.2,58.8,339.0,0.7005,0.8382265302344747,0.16177346976552529,1.5811388300841898,1.5811388300841898,0.0,0.0,0.0,0.0,0.0,0.0,0.0,0.0,0.0,22.653917983430528,0.0,,0.007092297059755799,5.24788555546584e-05,0.004094906494746466,9.17787796461721,0.09378923987736783,2395.3242332255218,2398.174206074553,,0.0,0.0,0.0,11.326958991715296,0.0,0.028285177659370858,0.0,0.0,174.86051584048354,21666.548802243517,21774.22220654506,0.43715128960120886,0.38500350772824327,0.38500350772824327,0.0,0.0,44.83525398612124,28.830539363667828,73.0718824172472,0.11208813496530308,0.06838782787048214,0.06838782787048209,5,5,5,5,5,5,5,5,5,5,5,5,5,0,5,5,5,5,5,5,5,0,5,5,5,5,5,5,5,5,5,5,5,5,5,5,5,5,5,5,5,5,5,5,0.7071067811865476,0.7071067811865476,0.0,0.0,0.0,0.0,0.0,0.0,0.0,0.0,0.0,10.131140113531123,0.0,,0.0031717716684471708,2.346925768032172e-05,0.0018312978567516965,4.104471803616298,0.0419438231847657,1071.2215627289654,1072.4961093338577,,0.0,0.0,0.0,5.0655700567655755,0.0,0.012649516000402325,0.0,0.0,78.19999999999999,9689.57519192663,9737.728202204044,0.19549999999999998,0.1721788029712435,0.1721788029712435,0.0,0.0,20.0509351402871,12.893409169028958,32.67873926576728,0.05012733785071774,0.03058396639039055,0.030583966390390526
eps2_sr0.01_ss0.0005,200.0,0.01,0.0005,2.0,220002.0,0.2,0.0,0.0001,0.003797077811659467,3.0,1.0,0.35,160000.0,262144.0,161791.6,20.0,,0.13804837541721143,0.0012219699373899337,0.015693473815917968,402.07503147125243,0.5865121364593506,21746.975050258636,22149.6538916111,,600.0,23999400.0,600.0,295.8,1.0,0.3297353215186611,800.0,159200.0,800.0,64028.8,64828.8,1.0,0.34998462599783187,0.6500153740021681,800.0,159200.0,599.6,344.0,943.6,0.7495,0.6966970218156847,0.3033029781843153,1.5811388300841898,1.5811388300841898,0.0,0.0,0.0,0.0,0.0,0.0,0.0,0.0,0.0,53.467747287498256,0.0,,0.002264041411949013,3.1783357554270016e-05,0.0014712095494375183,13.433032109823381,0.28131893291180504,3880.7066988047472,3876.9347235591513,,0.0,0.0,0.0,26.733873643750165,0.0,0.01978591803195284,0.0,0.0,0.0,86879.03335788216,86879.03335788216,0.0,0.31550083948500957,0.31550083948500957,0.0,0.0,2.0736441353327715,294.3322952039072,295.36384342028055,0.002592055169165949,0.24469627956537646,0.24469627956537643,5,5,5,5,5,5,5,5,5,5,5,5,5,0,5,5,5,5,5,5,5,0,5,5,5,5,5,5,5,5,5,5,5,5,5,5,5,5,5,5,5,5,5,5,0.7071067811865476,0.7071067811865476,0.0,0.0,0.0,0.0,0.0,0.0,0.0,0.0,0.0,23.911503507725218,0.0,,0.0010125101001985195,1.4213949608905843e-05,0.0006579449123378257,6.0074345883005,0.12580965146969977,1735.5047958532432,1733.8179172415234,,0.0,0.0,0.0,11.955751753863073,0.0,0.00884853154333708,0.0,0.0,0.0,38853.48488153926,38853.48488153926,0.0,0.14109626480934623,0.14109626480934623,0.0,0.0,0.92736184954957,131.62940400989436,132.09072639667025,0.0011592023119369557,0.10943150298989489,0.10943150298989487
eps2_sr0.02_ss0.0001,10.0,0.02,0.0001,4.5,201004.5,0.2,0.0,0.0001,0.006312668537322595,3.0,1.0,0.35,400.0,512.0,460.6,11.0,,0.46748127926489175,0.022660808710343164,0.0010836124420166016,0.30705842971801756,0.004131197929382324,3.3519814729690554,3.66470582485199,,30.0,2970.0,30.0,0.3,1.0,0.00967741935483871,40.0,360.0,40.0,360.0,400.0,1.0,0.1,0.9,40.0,360.0,30.0,0.4,30.4,0.75,0.9872983870967742,0.012701612903225806,3.0276503540974917,3.0276503540974917,0.0,0.0,0.0,0.0,0.0,0.0,0.0,0.0,0.0,0.9660917830792985,0.0,,0.0038758570941658647,0.0004534806753439262,0.00016810187503306197,0.09035749390410423,0.0024823934441918754,0.7343658685714602,0.8231682489548463,,0.0,0.0,0.0,0.48304589153964794,0.0,0.015582125533537031,0.0,0.0,0.0,0.0,0.0,0.0,0.0,0.0,0.0,0.0,0.0,0.6992058987801011,0.6992058987801012,0.0,0.022045674176882964,0.02204567417688297,10,10,10,10,10,10,10,10,10,10,10,10,10,0,10,10,10,10,10,10,10,0,10,10,10,10,10,10,10,10,10,10,10,10,10,10,10,10,10,10,10,10,10,10,0.9574271077563381,0.9574271077563381,0.0,0.0,0.0,0.0,0.0,0.0,0.0,0.0,0.0,0.30550504633039016,0.0,,0.0012256536302885843,0.00014340318089581673,5.315848040494685e-05,0.028573548440174932,0.0007850017332316408,0.23222687805736766,0.26030865642298334,,0.0,0.0,0.0,0.15275252316519466,0.0,0.004927500747264344,0.0,0.0,0.0,0.0,0.0,0.0,0.0,0.0,0.0,0.0,0.0,0.22110831935702666,0.22110831935702668,0.0,0.006971454295290792,0.006971454295290794
eps2_sr0.02_ss0.0001,20.0,0.02,0.0001,4.5,202004.5,0.2,0.0,0.0001,0.006312668537322595,3.0,1.0,0.35,1600.0,2048.0,1721.4,13.0,,0.34392933547575144,0.011349762099748317,0.001716017723083496,0.6493939161300659,0.00577397346496582,6.540698885917664,7.1980286836624146,,60.0,23940.0,60.0,0.7,1.0,0.01131928181108509,80.0,1520.0,80.0,1520.0,1600.0,1.0,0.05,0.95,80.0,1520.0,60.1,1.0,61.1,0.75125,0.9839957363828662,0.01600426361713379,3.0276503540974917,3.0276503540974917,0.0,0.0,0.0,0.0,0.0,0.0,0.0,0.0,0.0,1.8973665961010768,0.0,,0.003623602003173168,0.0002603187127368464,0.00010209143381222136,0.07135950782081524,0.0006101583321490408,0.7745902627041099,0.8438104764827914,,0.0,0.0,0.0,0.9486832980505137,0.0,0.01513381839562357,0.0,0.0,0.0,0.0,0.0,0.0,0.0,0.0,0.0,0.0,0.31622776601683766,1.1547005383792515,1.3703203194062976,0.0039528470752104635,0.018337557773127466,0.01833755777312746,10,10,10,10,10,10,10,10,10,10,10,10,10,0,10,10,10,10,10,10,10,0,10,10,10,10,10,10,10,10,10,10,10,10,10,10,10,10,10,10,10,10,10,10,0.9574271077563381,0.9574271077563381,0.0,0.0,0.0,0.0,0.0,0.0,0.0,0.0,0.0,0.6000000000000155,0.0,,0.0011458835663975897,8.232000498115191e-05,3.228414604389463e-05,0.022565857742237475,0.00019294900629205093,0.2449469483533163,0.26683630191975666,,0.0,0.0,0.0,0.29999999999999993,0.0,0.004785733582552568,0.0,0.0,0.0,0.0,0.0,0.0,0.0,0.0,0.0,0.0,0.09999999999999991,0.3651483716701107,0.4333333333333333,0.0012499999999999966,0.005798844928800799,0.005798844928800798
eps2_sr0.02_ss0.0001,50.0,0.02,0.0001,4.5,205004.5,0.2,0.0,0.0001,0.006312668537322595,3.0,1.0,0.35,10000.0,16384.0,10331.4,16.0,,0.23535655753615542,0.003814421101241488,0.003829765319824219,6.320132231712341,0.10846397876739503,114.13986332416535,120.57281658649444,,150.0,374850.0,150.0,15.7,1.0,0.0931429730851278,200.0,9800.0,180.8,7845.0,8025.8,0.9039999999999999,0.14864462809917356,0.8513553719008264,200.0,9800.0,145.0,19.3,164.3,0.725,0.8870886263849492,0.11291137361505081,3.0276503540974917,3.0276503540974917,0.0,0.0,0.0,0.0,0.0,0.0,0.0,0.0,0.0,15.027382414187086,0.0,,0.010837113159669221,0.00015185863572498187,0.0001272882733216119,0.18839431817804056,0.03534966497808704,21.11017804914667,21.09037980466825,,0.0,0.0,0.0,7.513691207093592,0.0,0.039389462400230196,0.0,0.0,60.71573107523288,4121.509674864296,4162.319914022307,0.3035786553761644,0.28191038779837163,0.2819103877983716,0.0,0.0,15.463218006324269,9.006787563955431,22.13117459352054,0.07731609003162138,0.046288173385349504,0.0462881733853495,10,10,10,10,10,10,10,10,10,10,10,10,10,0,10,10,10,10,10,10,10,0,10,10,10,10,10,10,10,10,10,10,10,10,10,10,10,10,10,10,10,10,10,10,0.9574271077563381,0.9574271077563381,0.0,0.0,0.0,0.0,0.0,0.0,0.0,0.0,0.0,4.752075569919098,0.0,,0.0034269960845538733,4.802191712567579e-05,4.0252086312634e-05,0.059575514367707125,0.011178545585464118,6.6756244446993405,6.6693636900768745,,0.0,0.0,0.0,2.3760377849595646,0.0,0.01245604169942903,0.0,0.0,19.2,1303.3357970991203,1316.241127858671,0.09599999999999999,0.0891478921504195,0.08914789215041949,0.0,0.0,4.889898885571266,2.8481963103378636,6.998491901037601,0.02444949442785634,0.014637605662649128,0.014637605662649125
eps2_sr0.02_ss0.0001,100.0,0.02,0.0001,2.0,210002.0,0.2,0.0,0.0001,0.006312668537322595,3.0,1.0,0.35,40000.0,65536.0,40789.2,18.0,,0.18246387906617442,0.002210344423783289,0.008623647689819335,53.19412140846252,0.16727972030639648,1969.1340754032135,2022.504883623123,,300.0,2999700.0,300.0,94.6,1.0,0.2393901047126863,400.0,39600.0,400.0,23834.8,24234.8,1.0,0.27862303885284684,0.7213769611471532,400.0,39600.0,299.2,107.0,406.2,0.748,0.7643468706355981,0.2356531293644019,1.5811388300841898,1.5811388300841898,0.0,0.0,0.0,0.0,0.0,0.0,0.0,0.0,0.0,18.899735447883746,0.0,,0.002763449739993867,5.932025834966946e-05,0.0014162789512422716,9.28822822516516,0.024257949108086756,514.4900179628822,521.4197810009102,,0.0,0.0,0.0,9.44986772394196,0.0,0.018078945258609258,0.0,0.0,0.0,21587.389900124563,21587.389900124563,0.0,0.3678858814316123,0.3678858814316123,0.0,0.0,2.5884358211089573,82.50151513760217,84.90995230242449,0.0064710895527723645,0.16604953998584543,0.16604953998584546,5,5,5,5,5,5,5,5,5,5,5,5,5,0,5,5,5,5,5,5,5,0,5,5,5,5,5,5,5,5,5,5,5,5,5,5,5,5,5,5,5,5,5,5,0.7071067811865476,0.7071067811865476,0.0,0.0,0.0,0.0,0.0,0.0,0.0,0.0,0.0,8.452218643646097,0.0,,0.0012358522942060811,2.6528826022542078e-05,0.0006333792020159659,4.153821940400304,0.010848484640082475,230.0869307820185,233.18601502621772,,0.0,0.0,0.0,4.226109321823087,0.0,0.008085150111949563,0.0,0.0,0.0,9654.174254694182,9654.174254694182,0.0,0.16452356776870256,0.16452356776870256,0.0,0.0,1.1575836902790226,36.89579921888127,37.972885062897184,0.0028939592256975438,0.07425961180818397,0.07425961180818398
eps2_sr0.02_ss0.0001,200.0,0.02,0.0001,2.0,220002.0,0.2,0.0,0.0001,0.006312668537322595,3.0,1.0,0.35,160000.0,262144.0,162774.0,20.0,,0.173775217283064,0.001818283109159728,0.018659687042236327,455.7670693397522,0.5755565166473389,42251.63357043266,42707.99697327614,,600.0,23999400.0,600.0,787.0,1.0,0.5668200849372561,800.0,159200.0,420.0,31892.4,32312.4,0.525,0.6180064004382456,0.3819935995617544,800.0,159200.0,558.8,365.2,924.0,0.6985,0.7458251539187962,0.2541748460812038,1.5811388300841898,1.5811388300841898,0.0,0.0,0.0,0.0,0.0,0.0,0.0,0.0,0.0,117.07262703125677,0.0,,0.005028591069942748,7.30744966382159e-05,0.0024665236320692047,93.01809213108773,0.07162026197308896,5682.7416583391405,5733.979846749342,,0.0,0.0,0.0,58.53631351562892,0.0,0.017528518690097934,0.0,0.0,382.2152534894441,71167.14190762475,71380.55959993589,0.4777690668618051,0.3614451306416287,0.3614451306416287,0.0,0.0,80.56798371561746,618.9270554758452,649.1552202670791,0.10070997964452182,0.2554481639937955,0.25544816399379544,5,5,5,5,5,5,5,5,5,5,5,5,5,0,5,5,5,5,5,5,5,0,5,5,5,5,5,5,5,5,5,5,5,5,5,5,5,5,5,5,5,5,5,5,0.7071067811865476,0.7071067811865476,0.0,0.0,0.0,0.0,0.0,0.0,0.0,0.0,0.0,52.35647046927391,0.0,,0.0022488542926880767,3.267990838092612e-05,0.0011030629018832843,41.598955428490086,0.03202955486763402,2541.3993293232406,2564.313743789071,,0.0,0.0,0.0,26.178235234637192,0.0,0.007838991867186909,0.0,0.0,170.93185776794212,31826.9134139646,31922.356707486368,0.21366482220992766,0.16164317645019477,0.16164317645019477,0.0,0.0,36.031097679643345,276.79259383155465,290.3110400932076,0.04503887209955418,0.11423989188352818,0.11423989188352815
eps2_sr0.02_ss0.0003,10.0,0.02,0.0003,4.5,201004.5,0.2,0.0,0.0001,0.006425712727947196,3.0,1.0,0.35,400.0,512.0,461.0,11.0,,0.4692348015100346,0.02292170449894157,0.001028752326965332,0.267288875579834,0.003456401824951172,2.9480805158615113,3.220262384414673,,30.0,2970.0,30.0,0.5,1.0,0.015725806451612902,40.0,360.0,40.0,360.0,400.0,1.0,0.1,0.9,40.0,360.0,30.0,0.5,30.5,0.75,0.9842741935483872,0.015725806451612902,3.0276503540974917,3.0276503540974917,0.0,0.0,0.0,0.0,0.0,0.0,0.0,0.0,0.0,1.6996731711975912,0.0,,0.0070401573295665746,0.0009011142957422932,0.00010086946630068096,0.045098282730967464,0.0007316227851376909,0.5653783452622227,0.6067659294525933,,0.0,0.0,0.0,0.8498365855987975,0.0,0.026625119385837382,0.0,0.0,0.0,0.0,0.0,0.0,0.0,0.0,0.0,0.0,0.0,0.8498365855987975,0.8498365855987977,0.0,0.026625119385837368,0.026625119385837382,10,10,10,10,10,10,10,10,10,10,10,10,10,0,10,10,10,10,10,10,10,0,10,10,10,10,10,10,10,10,10,10,10,10,10,10,10,10,10,10,10,10,10,10,0.9574271077563381,0.9574271077563381,0.0,0.0,0.0,0.0,0.0,0.0,0.0,0.0,0.0,0.5374838498865687,0.0,,0.002226293224735905,0.0002849573606684216,3.189772598757505e-05,0.01426132919920958,0.000231359438911109,0.17878833107656916,0.19187623436592385,,0.0,0.0,0.0,0.26874192494328497,0.0,0.00841960202331496,0.0,0.0,0.0,0.0,0.0,0.0,0.0,0.0,0.0,0.0,0.0,0.26874192494328497,0.268741924943285,0.0,0.008419602023314954,0.00841960202331496
eps2_sr0.02_ss0.0003,20.0,0.02,0.0003,4.5,202004.5,0.2,0.0,0.0001,0.006425712727947196,3.0,1.0,0.35,1600.0,2048.0,1722.0,13.0,,0.34440171421366467,0.011350988968197697,0.0017072200775146485,0.6151782512664795,0.005854249000549316,6.244939208030701,6.868134713172912,,60.0,23940.0,60.0,1.0,1.0,0.016184432524993075,80.0,1520.0,80.0,1520.0,1600.0,1.0,0.05,0.95,80.0,1520.0,60.0,1.9,61.9,0.75,0.9701165208403442,0.029883479159655786,3.0276503540974917,3.0276503540974917,0.0,0.0,0.0,0.0,0.0,0.0,0.0,0.0,0.0,1.8856180831640752,0.0,,0.002597138846123311,0.00014025203091947835,4.71481338770332e-05,0.03791962117569629,0.0005751783448020947,0.41356390332697573,0.45024654237702,,0.0,0.0,0.0,0.9428090415820634,0.0,0.015027835898281983,0.0,0.0,0.0,0.0,0.0,0.0,0.0,0.0,0.0,0.0,0.0,1.911950719959998,1.9119507199599979,0.0,0.02919582430074643,0.02919582430074641,10,10,10,10,10,10,10,10,10,10,10,10,10,0,10,10,10,10,10,10,10,0,10,10,10,10,10,10,10,10,10,10,10,10,10,10,10,10,10,10,10,10,10,10,0.9574271077563381,0.9574271077563381,0.0,0.0,0.0,0.0,0.0,0.0,0.0,0.0,0.0,0.5962847939999276,0.0,,0.0008212874153451227,4.4351586416991114e-05,1.4909549047797005e-05,0.01199123709259522,0.00018188736303802893,0.13078038925429306,0.14238045825269058,,0.0,0.0,0.0,0.2981423969999719,0.0,0.004752218974181353,0.0,0.0,0.0,0.0,0.0,0.0,0.0,0.0,0.0,0.0,0.0,0.604611904907235,0.604611904907235,0.0,0.009232530295645152,0.009232530295645146
eps2_sr0.02_ss0.0003,50.0,0.02,0.0003,4.5,205004.5,0.2,0.0,0.0001,0.006425712727947196,3.0,1.0,0.35,10000.0,16384.0,10330.4,16.0,,0.23324396936683334,0.003814935397347765,0.003810262680053711,6.455821180343628,0.09126667976379395,102.59416856765748,109.14557402133941,,150.0,374850.0,150.0,15.2,1.0,0.09126999076641928,200.0,9800.0,200.0,8823.2,9023.2,1.0,0.10420689655172413,0.8957931034482758,200.0,9800.0,150.4,23.6,174.0,0.752,0.8670786144864255,0.1329213855135744,3.0276503540974917,3.0276503540974917,0.0,0.0,0.0,0.0,0.0,0.0,0.0,0.0,0.0,9.879271228182764,0.0,,0.004385788652912624,0.00011409363026548357,0.0001489323596009556,0.1859026169255833,0.021371029051347756,8.116955747455677,8.203999036704605,,0.0,0.0,0.0,4.9396356140913875,0.0,0.0274951255350571,0.0,0.0,0.0,3088.912818452473,3088.912818452473,0.0,0.26628558779762695,0.26628558779762695,0.0,0.0,0.6992058987801014,10.04655828298096,10.011104945120803,0.003496029493900485,0.05265977381599388,0.05265977381599388,10,10,10,10,10,10,10,10,10,10,10,10,10,0,10,10,10,10,10,10,10,0,10,10,10,10,10,10,10,10,10,10,10,10,10,10,10,10,10,10,10,10,10,10,0.9574271077563381,0.9574271077563381,0.0,0.0,0.0,0.0,0.0,0.0,0.0,0.0,0.0,3.124099870362658,0.0,,0.001386908147932556,3.6079573815604954e-05,4.709654736422655e-05,0.05878756924706121,0.006758112774388644,2.5668067828754415,2.5943322877813877,,0.0,0.0,0.0,1.5620499351813308,0.0,0.008694722124303623,0.0,0.0,0.0,976.8,976.8,0.0,0.08420689655172413,0.08420689655172413,0.0,0.0,0.22110831935702677,3.177000681985028,3.16578935215567,0.0011055415967851268,0.01665248263278372,0.01665248263278372
eps2_sr0.02_ss0.0003,100.0,0.02,0.0003,2.0,210002.0,0.2,0.0,0.0001,0.006425712727947196,3.0,1.0,0.35,40000.0,65536.0,40808.0,18.0,,0.186467106054967,0.002279017878291597,0.007361316680908203,49.01035022735596,0.14839754104614258,2108.924420928955,2158.0912272453306,,300.0,2999700.0,300.0,104.0,1.0,0.25666686905716174,400.0,39600.0,323.8,15908.6,16232.4,0.8095000000000001,0.4220074822988865,0.5779925177011134,400.0,39600.0,283.2,139.4,422.6,0.708,0.6995018293995346,0.30049817060046535,1.5811388300841898,1.5811388300841898,0.0,0.0,0.0,0.0,0.0,0.0,0.0,0.0,0.0,29.120439557122072,0.0,,0.005959699195174041,7.702209422339441e-05,0.0002252394841712166,2.2050475405304213,0.03865542651905629,1596.6971060902742,1595.2075616443562,,0.0,0.0,0.0,14.560219778561036,0.0,0.02632557648904339,0.0,0.0,170.38837988548397,21627.287920587733,21697.868300826238,0.42597094971370997,0.37639760600054517,0.37639760600054517,0.0,0.0,41.59567285187247,72.46585402794892,113.46937912934925,0.10398918212968117,0.13685208405554364,0.1368520840555436,5,5,5,5,5,5,5,5,5,5,5,5,5,0,5,5,5,5,5,5,5,0,5,5,5,5,5,5,5,5,5,5,5,5,5,5,5,5,5,5,5,5,5,5,0.7071067811865476,0.7071067811865476,0.0,0.0,0.0,0.0,0.0,0.0,0.0,0.0,0.0,13.023056476879765,0.0,,0.0026652585051719882,3.444532769058075e-05,0.00010073015956476564,0.9861272388489489,0.017287232279171585,714.0646537390093,713.3985092116933,,0.0,0.0,0.0,6.511528238439882,0.0,0.011773155715274252,0.0,0.0,76.19999999999999,9672.017191878847,9703.581697497064,0.1905,0.16833012671708034,0.16833012671708034,0.0,0.0,18.602150413325877,32.40771513081415,50.745049019584165,0.046505376033314685,0.061202112562142134,0.06120211256214212
eps2_sr0.02_ss0.0003,200.0,0.02,0.0003,2.0,220002.0,0.2,0.0,0.0001,0.006425712727947196,3.0,1.0,0.35,160000.0,262144.0,162886.4,20.0,,0.17816045389680793,0.001897939681973136,0.019867944717407226,409.2901644706726,0.494946813583374,33158.945595932004,33568.752260494235,,600.0,23999400.0,600.0,843.2,1.0,0.5840062984570429,800.0,159200.0,494.2,32175.2,32669.4,0.61775,0.5795072443592453,0.4204927556407547,800.0,159200.0,489.8,389.0,878.8,0.6122500000000001,0.7177083291712136,0.28229167082878626,1.5811388300841898,1.5811388300841898,0.0,0.0,0.0,0.0,0.0,0.0,0.0,0.0,0.0,78.22275883654477,0.0,,0.0035537902137775103,5.7999331695809306e-05,0.007642886647089904,81.0511951890922,0.15655077566517936,9586.027654734868,9656.182092428367,,0.0,0.0,0.0,39.1113794182716,0.0,0.011574736404995676,0.0,0.0,315.8626283687261,71012.3512299093,71185.91290276468,0.39482828546090765,0.41132737296896155,0.41132737296896155,0.0,0.0,103.51908036685798,655.9580779287652,727.4748792913746,0.1293988504585725,0.24584632481056765,0.24584632481056765,5,5,5,5,5,5,5,5,5,5,5,5,5,0,5,5,5,5,5,5,5,0,5,5,5,5,5,5,5,5,5,5,5,5,5,5,5,5,5,5,5,5,5,5,0.7071067811865476,0.7071067811865476,0.0,0.0,0.0,0.0,0.0,0.0,0.0,0.0,0.0,34.98228122921729,0.0,,0.0015893032991560045,2.593808966427755e-05,0.0034180028174436937,36.247196420082815,0.07001163526353217,4287.00189403601,4318.375912357197,,0.0,0.0,0.0,17.491140614608295,0.0,0.005176379484642373,0.0,0.0,141.25806171684502,31757.688918433596,31835.30805819224,0.17657257714605626,0.1839511933930015,0.1839511933930015,0.0,0.0,46.29514013371166,293.3533705277647,325.3366564037935,0.05786892516713958,0.10994581885898447,0.10994581885898447
eps2_sr0.02_ss0.0005,10.0,0.02,0.0005,4.5,201004.5,0.2,0.0,0.0001,0.006646035213727248,3.0,1.0,0.35,400.0,512.0,460.2,11.0,,0.4657976845631812,0.022448741046744655,0.0013036489486694335,0.42588005065917967,0.004919576644897461,4.430583524703979,4.863193869590759,,30.0,2970.0,30.0,0.1,1.0,0.0032258064516129032,40.0,360.0,40.0,360.0,400.0,1.0,0.1,0.9,40.0,360.0,30.0,0.2,30.2,0.75,0.99375,0.00625,3.0276503540974917,3.0276503540974917,0.0,0.0,0.0,0.0,0.0,0.0,0.0,0.0,0.0,0.6324555320336783,0.0,,0.0022572280406112453,0.00018090032864563906,0.0008108354618516398,0.24871536345270545,0.0028015301544550503,1.9331144570647685,2.181536140892941,,0.0,0.0,0.0,0.31622776601683794,0.0,0.010200895677962514,0.0,0.0,0.0,0.0,0.0,0.0,0.0,0.0,0.0,0.0,0.0,0.6324555320336759,0.632455532033676,0.0,0.019764235376052375,0.01976423537605237,10,10,10,10,10,10,10,10,10,10,10,10,10,0,10,10,10,10,10,10,10,0,10,10,10,10,10,10,10,10,10,10,10,10,10,10,10,10,10,10,10,10,10,10,0.9574271077563381,0.9574271077563381,0.0,0.0,0.0,0.0,0.0,0.0,0.0,0.0,0.0,0.20000000000000076,0.0,,0.0007137981806730584,5.720570679932223e-05,0.00025640868670857506,0.07865070375871494,0.0008859216221721274,0.6113044662124443,0.6898623003195684,,0.0,0.0,0.0,0.09999999999999999,0.0,0.0032258064516129032,0.0,0.0,0.0,0.0,0.0,0.0,0.0,0.0,0.0,0.0,0.0,0.19999999999999998,0.20000000000000004,0.0,0.006250000000000001,0.0062499999999999995
eps2_sr0.02_ss0.0005,20.0,0.02,0.0005,4.5,202004.5,0.2,0.0,0.0001,0.006646035213727248,3.0,1.0,0.35,1600.0,2048.0,1721.4,13.0,,0.34349389191302293,0.01129587765684844,0.0030385255813598633,1.204443883895874,0.009464001655578614,9.792129945755004,11.009950041770935,,60.0,23940.0,60.0,0.7,1.0,0.011115150713907986,80.0,1520.0,80.0,1520.0,1600.0,1.0,0.05,0.95,80.0,1520.0,60.0,1.4,61.4,0.75,0.9787594876660342,0.021240512333965844,3.0276503540974917,3.0276503540974917,0.0,0.0,0.0,0.0,0.0,0.0,0.0,0.0,0.0,2.674987019698525,0.0,,0.003655962166760636,0.000191280653925167,0.0020272083711208293,0.14537118788312337,0.003916093964958551,0.7998955608444545,0.8358883338686929,,0.0,0.0,0.0,1.3374935098492586,0.0,0.021029376102727856,0.0,0.0,0.0,0.0,0.0,0.0,0.0,0.0,0.0,0.0,0.0,2.6749870196985173,2.6749870196985173,0.0,0.03982750241012998,0.03982750241012997,10,10,10,10,10,10,10,10,10,10,10,10,10,0,10,10,10,10,10,10,10,0,10,10,10,10,10,10,10,10,10,10,10,10,10,10,10,10,10,10,10,10,10,10,0.9574271077563381,0.9574271077563381,0.0,0.0,0.0,0.0,0.0,0.0,0.0,0.0,0.0,0.8459051693633037,0.0,,0.0011561167486367943,6.0488253872995455e-05,0.0006410595744501728,0.04597040598749412,0.0012383776460508638,0.25294918625262747,0.2643311004588335,,0.0,0.0,0.0,0.42295258468165065,0.0,0.006650072625693507,0.0,0.0,0.0,0.0,0.0,0.0,0.0,0.0,0.0,0.0,0.0,0.8459051693633013,0.8459051693633013,0.0,0.012594562113185631,0.01259456211318563
eps2_sr0.02_ss0.0005,50.0,0.02,0.0005,4.5,205004.5,0.2,0.0,0.0001,0.006646035213727248,3.0,1.0,0.35,10000.0,16384.0,10332.0,16.0,,0.23410642890773548,0.0038255623292536268,0.003737139701843262,6.953660869598389,0.20226483345031737,240.424103140831,247.5846100330353,,150.0,374850.0,150.0,16.0,1.0,0.0953370567444323,200.0,9800.0,200.0,7845.2,8045.2,1.0,0.19307782413664767,0.8069221758633522,200.0,9800.0,150.4,26.1,176.5,0.752,0.855048230445042,0.1449517695549581,3.0276503540974917,3.0276503540974917,0.0,0.0,0.0,0.0,0.0,0.0,0.0,0.0,0.0,12.073846850849689,0.0,,0.005492094273986593,0.00014894562087929797,0.0009126409855339708,1.02135970269387,0.03198628543749276,38.120533335084836,38.404975159888814,,0.0,0.0,0.0,6.036923425424945,0.0,0.03206138670270273,0.0,0.0,0.0,4121.080920772553,4121.080920772553,0.0,0.36499691441218257,0.3649969144121825,0.0,0.0,0.6992058987801002,10.74399056837511,11.147994338793762,0.003496029493900514,0.05174681718259391,0.051746817182593885,10,10,10,10,10,10,10,10,10,10,10,10,10,0,10,10,10,10,10,10,10,0,10,10,10,10,10,10,10,10,10,10,10,10,10,10,10,10,10,10,10,10,10,10,0.9574271077563381,0.9574271077563381,0.0,0.0,0.0,0.0,0.0,0.0,0.0,0.0,0.0,3.818085616873631,0.0,,0.0017367527030166478,4.7100740948651284e-05,0.00028860242003081286,0.3229822970825043,0.01011495158707525,12.054771095924277,12.144719498743791,,0.0,0.0,0.0,1.9090428084368471,0.0,0.010138700692397636,0.0,0.0,0.0,1303.200213150518,1303.200213150518,0.0,0.11542215884760348,0.11542215884760347,0.0,0.0,0.22110831935702638,3.397548135543238,3.5253053453251075,0.001105541596785136,0.016363780396133395,0.016363780396133388
eps2_sr0.02_ss0.0005,100.0,0.02,0.0005,2.0,210002.0,0.2,0.0,0.0001,0.006646035213727248,3.0,1.0,0.35,40000.0,65536.0,40845.2,18.0,,0.19109676015471258,0.002360109961650632,0.0072266578674316405,48.43030338287353,0.14776992797851562,1843.801354265213,1892.3873524188996,,300.0,2999700.0,300.0,122.6,1.0,0.2881719553794623,400.0,39600.0,321.8,15915.0,16236.8,0.8045,0.37890841789144536,0.6210915821085546,400.0,39600.0,280.2,125.4,405.6,0.7005,0.7388537076833679,0.2611462923166322,1.5811388300841898,1.5811388300841898,0.0,0.0,0.0,0.0,0.0,0.0,0.0,0.0,0.0,49.590321636384516,0.0,,0.009307787055716592,0.00011484952016479616,0.0005228272752730514,3.2897485085358773,0.020692963968178237,307.2224025378167,308.98013200326864,,0.0,0.0,0.0,24.795160818191924,0.0,0.041333477464711804,0.0,0.0,174.86051584048354,21621.47130747582,21693.96738035715,0.43715128960120886,0.3459139917880137,0.34591399178801374,0.0,0.0,42.11531787841569,105.01571310999131,135.40236334717355,0.10528829469603924,0.18747474549488044,0.18747474549488044,5,5,5,5,5,5,5,5,5,5,5,5,5,0,5,5,5,5,5,5,5,0,5,5,5,5,5,5,5,5,5,5,5,5,5,5,5,5,5,5,5,5,5,5,0.7071067811865476,0.7071067811865476,0.0,0.0,0.0,0.0,0.0,0.0,0.0,0.0,0.0,22.177466041006877,0.0,,0.004162568915334984,5.136226685434341e-05,0.0002338154656003076,1.4712202587929537,0.009254174817760067,137.3940352570724,138.18011577123337,,0.0,0.0,0.0,11.08873302050329,0.0,0.01848489307151025,0.0,0.0,78.19999999999999,9669.415923415438,9701.837152828324,0.19549999999999998,0.1546974400012605,0.15469744000126054,0.0,0.0,18.834542734029938,46.96445464391128,60.553777751681196,0.04708635683507486,0.08384125499820502,0.08384125499820502
eps2_sr0.02_ss0.0005,200.0,0.02,0.0005,2.0,220002.0,0.2,0.0,0.0001,0.006646035213727248,3.0,1.0,0.35,160000.0,262144.0,163065.6,20.0,,0.1839014919944494,0.002012186325165081,0.015016746520996094,358.75811462402345,0.5491786479949952,47616.50109891892,47975.825257873534,,600.0,23999400.0,600.0,932.8,1.0,0.607903615170547,800.0,159200.0,347.8,351.0,698.8,0.43475,0.6443281012852873,0.3556718987147128,800.0,159200.0,485.8,111.4,597.2,0.60725,0.8159100835318019,0.184089916468198,1.5811388300841898,1.5811388300841898,0.0,0.0,0.0,0.0,0.0,0.0,0.0,0.0,0.0,138.98489126520158,0.0,,0.005979759171334076,8.857316391292693e-05,0.0022196107612757325,35.62668341026389,0.1272446737450276,19695.181877032726,19730.52433501861,,0.0,0.0,0.0,69.49244563260096,0.0,0.018095422477726653,0.0,0.0,413.4479411002067,682.8565002985621,1005.0040795937099,0.5168099263752584,0.1955703063030327,0.1955703063030327,0.0,0.0,99.10196768984963,37.085037414029934,127.9245871597794,0.12387745961231204,0.039653946749851475,0.039653946749851454,5,5,5,5,5,5,5,5,5,5,5,5,5,0,5,5,5,5,5,5,5,0,5,5,5,5,5,5,5,5,5,5,5,5,5,5,5,5,5,5,5,5,5,5,0.7071067811865476,0.7071067811865476,0.0,0.0,0.0,0.0,0.0,0.0,0.0,0.0,0.0,62.15593294288149,0.0,,0.002674229599236161,3.961112309830717e-05,0.000992640109160519,15.932737183642816,0.056905548053732886,8807.953101253415,8823.758728963088,,0.0,0.0,0.0,31.077966471440824,0.0,0.008092518948354895,0.0,0.0,184.89954029147827,305.382710709038,449.45148792722887,0.23112442536434782,0.08746169985480734,0.08746169985480734,0.0,0.0,44.31974729169831,16.584932921178787,57.2096145765727,0.05539968411462289,0.01773378410176495,0.01773378410176494
eps2_sr0.05_ss0.0001,10.0,0.05,0.0001,4.5,201004.5,0.2,0.0,0.0001,0.015751537045137484,3.0,1.0,0.35,400.0,512.0,462.4,11.0,,0.47394729988186396,0.02322448819653698,0.0012320280075073242,0.3470761775970459,0.004242062568664551,3.7532779932022096,4.106377363204956,,30.0,2970.0,30.0,1.2,1.0,0.03771994134897361,40.0,360.0,40.0,360.0,400.0,1.0,0.1,0.9,40.0,360.0,30.0,2.1,32.1,0.75,0.9370928209993675,0.0629071790006325,3.0276503540974917,3.0276503540974917,0.0,0.0,0.0,0.0,0.0,0.0,0.0,0.0,0.0,1.8378731669453678,0.0,,0.006691442342617292,0.0006869190510024394,0.0004182189187998249,0.1396595777086991,0.0017280732786798076,1.3018637099269486,1.4308682644235895,,0.0,0.0,0.0,0.9189365834726815,0.0,0.027991936711709166,0.0,0.0,0.0,0.0,0.0,0.0,0.0,0.0,0.0,0.0,0.0,1.7919573407620817,1.7919573407620824,0.0,0.050130174164375166,0.050130174164375194,10,10,10,10,10,10,10,10,10,10,10,10,10,0,10,10,10,10,10,10,10,0,10,10,10,10,10,10,10,10,10,10,10,10,10,10,10,10,10,10,10,10,10,10,0.9574271077563381,0.9574271077563381,0.0,0.0,0.0,0.0,0.0,0.0,0.0,0.0,0.0,0.5811865258054246,0.0,,0.0021160198634363426,0.00021722287693290776,0.00013225243439804596,0.04416423626167689,0.0005464647524303081,0.41168545264859163,0.45248027472306185,,0.0,0.0,0.0,0.29059326290271154,0.0,0.008851827612828501,0.0,0.0,0.0,0.0,0.0,0.0,0.0,0.0,0.0,0.0,0.0,0.5666666666666667,0.5666666666666669,0.0,0.015852552986035363,0.01585255298603537
eps2_sr0.05_ss0.0001,20.0,0.05,0.0001,4.5,202004.5,0.2,0.0,0.0001,0.015751537045137484,3.0,1.0,0.35,1600.0,2048.0,1732.6,13.0,,0.3594759079651321,0.012289975656584335,0.002034783363342285,0.6958606481552124,0.007485532760620117,6.776639866828918,7.482691764831543,,60.0,23940.0,60.0,6.3,1.0,0.09427973438618742,80.0,1520.0,80.0,1520.0,1600.0,1.0,0.05,0.95,80.0,1520.0,60.0,11.0,71.0,0.75,0.8465654489216963,0.1534345510783037,3.0276503540974917,3.0276503540974917,0.0,0.0,0.0,0.0,0.0,0.0,0.0,0.0,0.0,4.005551702879947,0.0,,0.00571807013591936,0.0004195443120724577,0.0003399303331046794,0.15577151236835066,0.001804306182677679,0.712385389434626,0.7814459192609796,,0.0,0.0,0.0,2.0027758514399734,0.0,0.027343359594787817,0.0,0.0,0.0,0.0,0.0,0.0,0.0,0.0,0.0,0.0,0.0,3.1269438398822866,3.1269438398822866,0.0,0.037752724759600155,0.03775272475960017,10,10,10,10,10,10,10,10,10,10,10,10,10,0,10,10,10,10,10,10,10,0,10,10,10,10,10,10,10,10,10,10,10,10,10,10,10,10,10,10,10,10,10,10,0.9574271077563381,0.9574271077563381,0.0,0.0,0.0,0.0,0.0,0.0,0.0,0.0,0.0,1.2666666666666664,0.0,,0.001808212545009376,0.00013267156055174438,0.00010749540983905233,0.04925927736530777,0.0005705717133585311,0.22527604024394687,0.24711489731087388,,0.0,0.0,0.0,0.6333333333333332,0.0,0.008646729520054823,0.0,0.0,0.0,0.0,0.0,0.0,0.0,0.0,0.0,0.0,0.0,0.9888264649460884,0.9888264649460884,0.0,0.011938459811776922,0.011938459811776925
eps2_sr0.05_ss0.0001,50.0,0.05,0.0001,4.5,205004.5,0.2,0.0,0.0001,0.015751537045137484,3.0,1.0,0.35,10000.0,16384.0,10482.4,16.0,,0.2590112639537633,0.005377121816550155,0.004314851760864258,6.199233531951904,0.13552343845367432,284.77128241062167,291.11117844581605,,150.0,374850.0,150.0,91.2,1.0,0.3739283556419964,200.0,9800.0,189.6,5902.7,6092.3,0.9480000000000001,0.3211486021769467,0.6788513978230533,200.0,9800.0,140.1,77.9,218.0,0.7005,0.6940845343916024,0.3059154656083976,3.0276503540974917,3.0276503540974917,0.0,0.0,0.0,0.0,0.0,0.0,0.0,0.0,0.0,42.22479524323741,0.0,,0.07594212266789566,0.00040833162340993175,0.0010857481910181207,1.3354248817586927,0.062046051542429405,116.16073164848589,116.17724141602444,,0.0,0.0,0.0,21.112397621618758,0.0,0.05328149946475585,0.0,0.0,28.918275651682045,5026.777232426801,5037.789331090021,0.14459137825841023,0.39669899944169157,0.39669899944169157,0.0,0.0,19.41047826991047,60.80835103466921,73.78497287539125,0.09705239134955236,0.17558346099806535,0.17558346099806535,10,10,10,10,10,10,10,10,10,10,10,10,10,0,10,10,10,10,10,10,10,0,10,10,10,10,10,10,10,10,10,10,10,10,10,10,10,10,10,10,10,10,10,10,0.9574271077563381,0.9574271077563381,0.0,0.0,0.0,0.0,0.0,0.0,0.0,0.0,0.0,13.35265267028737,0.0,,0.02401500779784531,0.00012912579706495148,0.00034334372490248333,0.42229842704185133,0.01962068426942803,36.7332486680821,36.73846951498827,,0.0,0.0,0.0,6.676326335143702,0.0,0.016849089545767085,0.0,0.0,9.14476170639053,1589.6065344746305,1593.0888658340575,0.04572380853195265,0.12544723837456095,0.12544723837456095,0.0,0.0,6.138132180612165,19.22928900286112,23.332857137997955,0.03069066090306083,0.0555243656209228,0.0555243656209228
eps2_sr0.05_ss0.0001,100.0,0.05,0.0001,2.0,210002.0,0.2,0.0,0.0001,0.015751537045137484,3.0,1.0,0.35,40000.0,65536.0,41891.2,18.0,,0.290038762511993,0.005237696312340023,0.009205818176269531,47.12328238487244,0.2358567714691162,6948.167381572724,6995.536572551728,,300.0,2999700.0,300.0,645.6,1.0,0.6814522054098082,400.0,39600.0,186.8,296.0,482.8,0.46699999999999997,0.5626393085548773,0.4373606914451228,400.0,39600.0,262.6,176.6,439.2,0.6565,0.6078368852312896,0.3921631147687103,1.5811388300841898,1.5811388300841898,0.0,0.0,0.0,0.0,0.0,0.0,0.0,0.0,0.0,132.14840142809126,0.0,,0.014729047250912073,0.00048619716854206773,0.0012140854512045053,7.6963568304538965,0.08244006676536217,1778.5385698510374,1775.8496336606474,,0.0,0.0,0.0,66.07420071404572,0.0,0.023091921611840514,0.0,0.0,195.66987504467824,427.5230987911647,607.824563504964,0.4891746876116957,0.2084384782158384,0.20843847821583844,0.0,0.0,36.73281911315819,66.6805818810844,96.48678666014327,0.09183204778289557,0.06675799656303988,0.06675799656303985,5,5,5,5,5,5,5,5,5,5,5,5,5,0,5,5,5,5,5,5,5,0,5,5,5,5,5,5,5,5,5,5,5,5,5,5,5,5,5,5,5,5,5,5,0.7071067811865476,0.7071067811865476,0.0,0.0,0.0,0.0,0.0,0.0,0.0,0.0,0.0,59.09856174222847,0.0,,0.006587030179369159,0.00021743398386559715,0.0005429555198773556,3.441915410397947,0.0368683186713942,795.3866285584355,794.1840997366612,,0.0,0.0,0.0,29.54928087111427,0.0,0.01032702129103438,0.0,0.0,87.50622834975805,191.1941421696805,271.82740847824743,0.21876557087439516,0.09321652128344475,0.09321652128344476,0.0,0.0,16.42741610844505,29.8204627730691,43.15020278052005,0.04106854027111267,0.029855083671330898,0.029855083671330884
eps2_sr0.05_ss0.0001,200.0,0.05,0.0001,2.0,220002.0,0.2,0.0,0.0001,0.015751537045137484,3.0,1.0,0.35,160000.0,262144.0,171188.0,20.0,,0.3482043404970345,0.007826672891929167,0.022162675857543945,334.60132932662964,0.4037179946899414,80574.70093035698,80909.72911715508,,600.0,23999400.0,600.0,4994.0,1.0,0.8927422238112264,800.0,159200.0,56.0,40.0,96.0,0.07,0.5833333333333334,0.4166666666666667,800.0,159200.0,415.0,1185.0,1600.0,0.51875,0.259375,0.740625,,,,,,,,,,,,,,,,,,,,,,,,,,,,,,,,,,,,,,,,,,,,,1,1,1,1,1,1,1,1,1,1,1,1,1,0,1,1,1,1,1,1,1,0,1,1,1,1,1,1,1,1,1,1,1,1,1,1,1,1,1,1,1,1,1,1,,,,,,,,,,,,,,,,,,,,,,,,,,,,,,,,,,,,,,,,,,,,
eps2_sr0.05_ss0.0003,10.0,0.05,0.0003,4.5,201004.5,0.2,0.0,0.0001,0.015797180738484268,3.0,1.0,0.35,400.0,512.0,463.4,11.0,,0.47868211869291766,0.02375740878063565,0.0018013715744018555,0.3998833656311035,0.005576300621032715,3.8933965444564818,4.301451849937439,,30.0,2970.0,30.0,1.7,1.0,0.04717741935483871,40.0,360.0,40.0,324.8,364.8,1.0,0.17333333333333334,0.8266666666666668,40.0,360.0,30.1,1.9,32.0,0.7525000000000001,0.9448142414860682,0.055185758513931885,3.0276503540974917,3.0276503540974917,0.0,0.0,0.0,0.0,0.0,0.0,0.0,0.0,0.0,6.040603354706289,0.0,,0.02541853650957061,0.0026548832621596783,0.001624135411958199,0.08952127677804211,0.0019642695413132835,0.48376277328743433,0.5393286132253128,,0.0,0.0,0.0,3.020301677353145,0.0,0.07540789761848345,0.0,0.0,0.0,111.31217363792696,111.31217363792696,0.0,0.23190036174568116,0.23190036174568116,0.0,0.0,0.316227766016838,2.2335820757001272,2.4944382578492945,0.007905694150420957,0.06050222128868688,0.060502221288686854,10,10,10,10,10,10,10,10,10,10,10,10,10,0,10,10,10,10,10,10,10,0,10,10,10,10,10,10,10,10,10,10,10,10,10,10,10,10,10,10,10,10,10,10,0.9574271077563381,0.9574271077563381,0.0,0.0,0.0,0.0,0.0,0.0,0.0,0.0,0.0,1.9102065042525866,0.0,,0.008038047015838946,0.0008395478030282501,0.000513596713032378,0.028309113366495286,0.0006211565689044186,0.15297922107879539,0.17055068250919989,,0.0,0.0,0.0,0.9551032521262934,0.0,0.02384607100391945,0.0,0.0,0.0,35.2,35.2,0.0,0.07333333333333333,0.07333333333333333,0.0,0.0,0.10000000000000002,0.706320670013903,0.7888106377466155,0.0025000000000000022,0.019132482277177825,0.019132482277177815
eps2_sr0.05_ss0.0003,20.0,0.05,0.0003,4.5,202004.5,0.2,0.0,0.0001,0.015797180738484268,3.0,1.0,0.35,1600.0,2048.0,1733.0,13.0,,0.3602330320607269,0.012326596750334052,0.00212554931640625,0.7036239624023437,0.008841633796691895,7.4850152969360355,8.200234270095825,,60.0,23940.0,60.0,6.5,1.0,0.09685904294387108,80.0,1520.0,80.0,1520.0,1600.0,1.0,0.05,0.95,80.0,1520.0,60.3,11.0,71.3,0.7537499999999999,0.8470371064315072,0.15296289356849269,3.0276503540974917,3.0276503540974917,0.0,0.0,0.0,0.0,0.0,0.0,0.0,0.0,0.0,4.447221354708784,0.0,,0.006926283364218311,0.0005232619736524587,0.00037210811868737667,0.1567304839978242,0.007081504480483243,1.6691111376824719,1.8253482457022434,,0.0,0.0,0.0,2.223610677354389,0.0,0.02943055516770776,0.0,0.0,0.0,0.0,0.0,0.0,0.0,0.0,0.0,0.0,0.6749485577105525,3.091206165165235,3.128720008068619,0.008436856971381902,0.03433509988277019,0.03433509988277024,10,10,10,10,10,10,10,10,10,10,10,10,10,0,10,10,10,10,10,10,10,0,10,10,10,10,10,10,10,10,10,10,10,10,10,10,10,10,10,10,10,10,10,10,0.9574271077563381,0.9574271077563381,0.0,0.0,0.0,0.0,0.0,0.0,0.0,0.0,0.0,1.4063348739819344,0.0,,0.002190283115066345,0.0001654699649696785,0.0001176709190892375,0.04956253082136971,0.0022393683419014445,0.5278192863031509,0.5772257979411746,,0.0,0.0,0.0,0.7031674369909662,0.0,0.00930675871331953,0.0,0.0,0.0,0.0,0.0,0.0,0.0,0.0,0.0,0.0,0.21343747458109483,0.9775252199076787,0.9893881386437225,0.0026679684322636838,0.01085771193189341,0.010857711931893426
eps2_sr0.05_ss0.0003,50.0,0.05,0.0003,4.5,205004.5,0.2,0.0,0.0001,0.015797180738484268,3.0,1.0,0.35,10000.0,16384.0,10478.6,16.0,,0.28512390058786324,0.005369279792622655,0.005016040802001953,6.068895483016968,0.12928190231323242,231.62972569465637,237.83368566036225,,150.0,374850.0,150.0,89.3,1.0,0.36878883833921083,200.0,9800.0,190.5,4946.1,5136.6,0.9525,0.366891690196732,0.6331083098032679,200.0,9800.0,145.2,70.3,215.5,0.726,0.7238943351433,0.2761056648566999,3.0276503540974917,3.0276503540974917,0.0,0.0,0.0,0.0,0.0,0.0,0.0,0.0,0.0,41.45198025024497,0.0,,0.016079001136522882,0.0004809910927712467,0.002825762647251395,0.7302704953394517,0.037239652821092435,113.18665195296015,112.59517141011312,,0.0,0.0,0.0,20.725990125122287,0.0,0.056296425341441705,0.0,0.0,30.041637771599603,5116.6991410478695,5126.957971784482,0.15020818885799803,0.3840309875479294,0.38403098754792947,0.0,0.0,13.489090241953141,63.506867520152674,69.1475877300784,0.06744545120976572,0.17964129334465564,0.17964129334465564,10,10,10,10,10,10,10,10,10,10,10,10,10,0,10,10,10,10,10,10,10,0,10,10,10,10,10,10,10,10,10,10,10,10,10,10,10,10,10,10,10,10,10,10,0.9574271077563381,0.9574271077563381,0.0,0.0,0.0,0.0,0.0,0.0,0.0,0.0,0.0,13.108267111509054,0.0,,0.0050846266091848285,0.00015210273874104898,0.0008935846092341347,0.23093180732920443,0.011776212218856696,35.79276209000995,35.60571951930301,,0.0,0.0,0.0,6.554133555754464,0.0,0.017802492820457812,0.0,0.0,9.5,1618.0423387538412,1621.286465879625,0.0475,0.12144126127352181,0.12144126127352184,0.0,0.0,4.26562487281237,20.082634842625165,21.866387193336003,0.021328124364061854,0.056807564878755906,0.056807564878755906
eps2_sr0.05_ss0.0003,100.0,0.05,0.0003,2.0,210002.0,0.2,0.0,0.0001,0.015797180738484268,3.0,1.0,0.35,40000.0,65536.0,41965.2,18.0,,0.2794034218512209,0.005378084613306181,0.008543157577514648,46.567773771286014,0.2140110492706299,7375.196416902542,7421.987839126587,,300.0,2999700.0,300.0,682.6,1.0,0.6942979137607749,400.0,39600.0,79.6,44.0,123.6,0.199,0.5810038573791916,0.4189961426208084,400.0,39600.0,243.2,158.8,402.0,0.608,0.6066053963790272,0.3933946036209728,1.5811388300841898,1.5811388300841898,0.0,0.0,0.0,0.0,0.0,0.0,0.0,0.0,0.0,77.9948716262815,0.0,,0.04024979704774062,0.0002490710251724077,0.0012085473121136836,4.980739088143578,0.03302350231609047,1269.5848025255523,1265.8680284492473,,0.0,0.0,0.0,38.997435813140314,0.0,0.012279212738306762,0.0,0.0,86.69948096730452,45.94017849334066,131.99924242206848,0.21674870241826133,0.14318082556439246,0.14318082556439246,0.0,0.0,41.0329136182163,35.32987404449668,74.33370702447175,0.1025822840455407,0.022318584321315126,0.022318584321315137,5,5,5,5,5,5,5,5,5,5,5,5,5,0,5,5,5,5,5,5,5,0,5,5,5,5,5,5,5,5,5,5,5,5,5,5,5,5,5,5,5,5,5,5,0.7071067811865476,0.7071067811865476,0.0,0.0,0.0,0.0,0.0,0.0,0.0,0.0,0.0,34.880366970546994,0.0,,0.018000256455863676,0.00011138794870221296,0.0005404787887821703,2.227454235855871,0.014768559206780007,567.7755843295563,566.1133924312309,,0.0,0.0,0.0,17.440183485273305,0.0,0.005491430878607051,0.0,0.0,38.77318661136842,20.545072401916716,59.031855806843815,0.09693296652842107,0.06403241180730425,0.06403241180730425,0.0,0.0,18.3504768330417,15.799999999999999,33.24304438525449,0.045876192082604225,0.009981174340804326,0.00998117434080433
eps2_sr0.05_ss0.0005,10.0,0.05,0.0005,4.5,201004.5,0.2,0.0,0.0001,0.015888074750715974,3.0,1.0,0.35,400.0,512.0,461.4,11.0,,0.4706699424785862,0.023036115912540244,0.0013343095779418945,0.3748637199401855,0.005232095718383789,4.249046993255615,4.6311342239379885,,30.0,2970.0,30.0,0.7,1.0,0.02217741935483871,40.0,360.0,40.0,360.0,400.0,1.0,0.1,0.9,40.0,360.0,30.0,0.9,30.9,0.75,0.9719574780058651,0.028042521994134893,3.0276503540974917,3.0276503540974917,0.0,0.0,0.0,0.0,0.0,0.0,0.0,0.0,0.0,1.646545204697133,0.0,,0.006580604774426064,0.0007876143254707172,0.00027074340589281696,0.0990947592288727,0.00217271727140155,1.120215680529669,1.2101689963401148,,0.0,0.0,0.0,0.8232726023485646,0.0,0.025854010835579762,0.0,0.0,0.0,0.0,0.0,0.0,0.0,0.0,0.0,0.0,0.0,1.1005049346146119,1.1005049346146114,0.0,0.033820273119101296,0.03382027311910129,10,10,10,10,10,10,10,10,10,10,10,10,10,0,10,10,10,10,10,10,10,0,10,10,10,10,10,10,10,10,10,10,10,10,10,10,10,10,10,10,10,10,10,10,0.9574271077563381,0.9574271077563381,0.0,0.0,0.0,0.0,0.0,0.0,0.0,0.0,0.0,0.5206833117271115,0.0,,0.002080969946856492,0.0002490655186264636,8.56165824092755e-05,0.03133651433492285,0.0006870735289215118,0.354243302110929,0.3826890382154734,,0.0,0.0,0.0,0.2603416558635551,0.0,0.008175756089110508,0.0,0.0,0.0,0.0,0.0,0.0,0.0,0.0,0.0,0.0,0.0,0.348010216963685,0.34801021696368484,0.0,0.010694909414532718,0.010694909414532716
eps2_sr0.05_ss0.0005,20.0,0.05,0.0005,4.5,202004.5,0.2,0.0,0.0001,0.015888074750715974,3.0,1.0,0.35,1600.0,2048.0,1732.2,13.0,,0.35962094503942,0.01231551133886016,0.0020708084106445313,0.6850300788879394,0.008250188827514649,7.763858819007874,8.459964728355407,,60.0,23940.0,60.0,6.1,1.0,0.0906801560991603,80.0,1520.0,80.0,1520.0,1600.0,1.0,0.05,0.95,80.0,1520.0,60.2,9.7,69.9,0.7525000000000001,0.8637763258056236,0.1362236741943764,3.0276503540974917,3.0276503540974917,0.0,0.0,0.0,0.0,0.0,0.0,0.0,0.0,0.0,5.846176338238381,0.0,,0.009705522071551422,0.0006741849997413474,0.0005667609672440553,0.12093389812653094,0.002590459857744012,1.9275658111410479,2.0174668108494913,,0.0,0.0,0.0,2.9230881691191666,0.0,0.04034010774435019,0.0,0.0,0.0,0.0,0.0,0.0,0.0,0.0,0.0,0.0,0.6324555320336751,3.9454615277134146,4.121757985239901,0.007905694150420934,0.04876785138191429,0.04876785138191427,10,10,10,10,10,10,10,10,10,10,10,10,10,0,10,10,10,10,10,10,10,0,10,10,10,10,10,10,10,10,10,10,10,10,10,10,10,10,10,10,10,10,10,10,0.9574271077563381,0.9574271077563381,0.0,0.0,0.0,0.0,0.0,0.0,0.0,0.0,0.0,1.8487232831816212,0.0,,0.003069155562713819,0.00021319601635026874,0.00017922555453712984,0.03824265644026074,0.0008191753337706846,0.6095498303075677,0.6379790226080492,,0.0,0.0,0.0,0.9243616415908029,0.0,0.012756662152874404,0.0,0.0,0.0,0.0,0.0,0.0,0.0,0.0,0.0,0.0,0.19999999999999973,1.2476644848141936,1.3034143197344767,0.0024999999999999953,0.015421748695943918,0.015421748695943913
eps2_sr0.05_ss0.0005,50.0,0.05,0.0005,4.5,205004.5,0.2,0.0,0.0001,0.015888074750715974,3.0,1.0,0.35,10000.0,16384.0,10483.8,16.0,,0.2857344658455737,0.005455847438944831,0.004734301567077636,6.6864667415618895,0.1127242088317871,201.62060708999633,208.42519617080688,,150.0,374850.0,150.0,91.9,1.0,0.3770982210479809,200.0,9800.0,200.0,5940.1,6140.1,1.0,0.2506537560206617,0.7493462439793384,200.0,9800.0,150.0,82.9,232.9,0.75,0.6890079898113717,0.31099201018862827,3.0276503540974917,3.0276503540974917,0.0,0.0,0.0,0.0,0.0,0.0,0.0,0.0,0.0,34.800383139653256,0.0,,0.011748742276452128,0.0003812708980912368,0.0013533816144186488,0.8530459609082308,0.03523739309868711,96.00059400796583,96.38500642413952,,0.0,0.0,0.0,17.40019156982666,0.0,0.043579219462757834,0.0,0.0,0.0,4983.303220644805,4983.303220644805,0.0,0.3114559791291698,0.3114559791291698,0.0,0.0,3.2317865716108947,62.37244762090247,64.8613050199338,0.01615893285805446,0.18025998525825032,0.18025998525825032,10,10,10,10,10,10,10,10,10,10,10,10,10,0,10,10,10,10,10,10,10,0,10,10,10,10,10,10,10,10,10,10,10,10,10,10,10,10,10,10,10,10,10,10,0.9574271077563381,0.9574271077563381,0.0,0.0,0.0,0.0,0.0,0.0,0.0,0.0,0.0,11.004847416782582,0.0,,0.0037152785235900353,0.0001205684443506253,0.00042797684449587085,0.2697568185276967,0.011143042099854967,30.35805337942847,30.47961525902421,,0.0,0.0,0.0,5.502423708391301,0.0,0.013780959215465413,0.0,0.0,0.0,1575.8588448490202,1575.8588448490202,0.0,0.09849102849260426,0.09849102849260426,0.0,0.0,1.0219806477837288,19.723899772160223,20.510945587390378,0.00510990323891864,0.05700321244044464,0.05700321244044464
eps2_sr0.05_ss0.0005,100.0,0.05,0.0005,2.0,210002.0,0.2,0.0,0.0001,0.015888074750715974,3.0,1.0,0.35,40000.0,65536.0,41894.0,18.0,,0.29288507310373185,0.005231753765108189,0.007121610641479492,47.036464881896975,0.2241743564605713,6480.630389928818,6527.899062538147,,300.0,2999700.0,300.0,647.0,1.0,0.6826406495167212,400.0,39600.0,83.4,39.6,123.0,0.2085,0.6634845162842534,0.3365154837157466,400.0,39600.0,208.0,123.4,331.4,0.52,0.6283005067558839,0.3716994932441161,1.5811388300841898,1.5811388300841898,0.0,0.0,0.0,0.0,0.0,0.0,0.0,0.0,0.0,88.96066546513693,0.0,,0.008992405445382464,0.00032779635074918587,0.0011856610760963798,5.809943628117079,0.061865436814545975,2343.1168387183125,2339.453949374926,,0.0,0.0,0.0,44.48033273256845,0.0,0.015156175773236417,0.0,0.0,78.8086289691681,34.0117626711701,112.59884546477376,0.19702157242292023,0.055193242154131336,0.05519324215413137,0.0,0.0,19.60867155112758,21.31431443889294,24.704250646396865,0.04902167887781895,0.050154457436010054,0.05015445743601007,5,5,5,5,5,5,5,5,5,5,5,5,5,0,5,5,5,5,5,5,5,0,5,5,5,5,5,5,5,5,5,5,5,5,5,5,5,5,5,5,5,5,5,5,0.7071067811865476,0.7071067811865476,0.0,0.0,0.0,0.0,0.0,0.0,0.0,0.0,0.0,39.78441906073282,0.0,,0.004021525971422892,0.00014659498461030873,0.0005302437528854113,2.598285779582309,0.02766706443500857,1047.8737061197114,1046.2356122065373,,0.0,0.0,0.0,19.892209530366404,0.0,0.0067780478615784125,0.0,0.0,35.24429031772381,15.210522673465235,50.355734529445606,0.08811072579430951,0.024683168271048918,0.02468316827104893,0.0,0.0,8.769264507357502,9.53205119583398,11.048076755707301,0.021923161268393755,0.02242975524030766,0.022429755240307662
eps2_sr0.05_ss0.0005,200.0,0.05,0.0005,0.5,220000.5,0.2,0.0,0.0001,0.015888074750715974,3.0,1.0,0.35,160000.0,262144.0,172027.0,20.0,,0.3561040612432649,0.008715479882362025,0.0241549015045166,340.4029667377472,0.39816534519195557,83415.95006608963,83756.7764647007,,600.0,23999400.0,600.0,5413.5,1.0,0.9002159954082931,800.0,159200.0,49.5,44.0,93.5,0.061875,0.5351469890943574,0.46485301090564246,800.0,159200.0,367.5,1394.5,1762.0,0.459375,0.2085909716511689,0.7914090283488311,0.7071067811865476,0.7071067811865476,0.0,0.0,0.0,0.0,0.0,0.0,0.0,0.0,0.0,156.97770542341354,0.0,,0.006872116183038847,0.0002587624380081104,0.004326964055522425,2.7130961513061918,0.13879277530686088,450.463921710513,447.6074810928481,,0.0,0.0,0.0,78.48885271170677,0.0,0.0013023916254065663,0.0,0.0,9.192388155425117,15.556349186104045,24.748737341529164,0.0114904851942814,0.04333501729177876,0.04333501729177865,0.0,0.0,92.63098833543772,94.04520189781083,1.4142135623730951,0.11578873541929714,0.05273892197306208,0.05273892197306204,2,2,2,2,2,2,2,2,2,2,2,2,2,0,2,2,2,2,2,2,2,0,2,2,2,2,2,2,2,2,2,2,2,2,2,2,2,2,2,2,2,2,2,2,0.5,0.5,0.0,0.0,0.0,0.0,0.0,0.0,0.0,0.0,0.0,110.99999999999999,0.0,,0.004859319954128582,0.0001829726746318985,0.0030596256256103516,1.9184486865997314,0.09814131259918213,318.52609372138977,316.5062851905822,,0.0,0.0,0.0,55.49999999999999,0.0,0.0009209299500855528,0.0,0.0,6.499999999999999,10.999999999999998,17.5,0.008125000000000002,0.030642484589853053,0.03064248458985298,0.0,0.0,65.49999999999999,66.5,1.0,0.08187499999999999,0.03729204935962041,0.03729204935962038
eps2_sr0_ss0.0001,10.0,0.0,0.0001,4.5,201004.5,0.2,0.0,0.0001,0.0004247940677551889,3.0,1.0,0.35,400.0,512.0,460.0,11.0,,0.4650838863825082,0.022391535339945333,0.0009310483932495117,0.26470098495483396,0.0035933732986450197,2.982788014411926,3.252445697784424,,30.0,2970.0,30.0,0.0,1.0,0.0,40.0,360.0,40.0,360.0,400.0,1.0,0.1,0.9,40.0,360.0,30.0,0.0,30.0,0.75,1.0,0.0,3.0276503540974917,3.0276503540974917,0.0,0.0,0.0,0.0,0.0,0.0,0.0,0.0,0.0,0.0,0.0,,0.0,0.0,0.00011426690844158962,0.041879720647256834,0.0006098483689664113,0.555389387408067,0.58673435501308,,0.0,0.0,0.0,0.0,0.0,0.0,0.0,0.0,0.0,0.0,0.0,0.0,0.0,0.0,0.0,0.0,0.0,0.0,0.0,0.0,0.0,0.0,10,10,10,10,10,10,10,10,10,10,10,10,10,0,10,10,10,10,10,10,10,0,10,10,10,10,10,10,10,10,10,10,10,10,10,10,10,10,10,10,10,10,10,10,0.9574271077563381,0.9574271077563381,0.0,0.0,0.0,0.0,0.0,0.0,0.0,0.0,0.0,0.0,0.0,,0.0,0.0,3.6134369186134446e-05,0.01324353050169127,0.00019285098732726056,0.17562954524951316,0.18554169433111659,,0.0,0.0,0.0,0.0,0.0,0.0,0.0,0.0,0.0,0.0,0.0,0.0,0.0,0.0,0.0,0.0,0.0,0.0,0.0,0.0,0.0,0.0
eps2_sr0_ss0.0001,20.0,0.0,0.0001,4.5,202004.5,0.2,0.0,0.0001,0.0004247940677551889,3.0,1.0,0.35,1600.0,2048.0,1720.0,13.0,,0.3415750822915047,0.0111957676699501,0.0018782854080200196,2.5712639808654787,0.011206316947937011,7.867300987243652,10.452204513549805,,60.0,23940.0,60.0,0.0,1.0,0.0,80.0,1520.0,80.0,1520.0,1600.0,1.0,0.05,0.95,80.0,1520.0,60.0,0.0,60.0,0.75,1.0,0.0,3.0276503540974917,3.0276503540974917,0.0,0.0,0.0,0.0,0.0,0.0,0.0,0.0,0.0,0.0,0.0,,0.0,0.0,0.00045356670461135253,1.9797438714324456,0.006891741658957658,1.656301804047768,3.4181631057555393,,0.0,0.0,0.0,0.0,0.0,0.0,0.0,0.0,0.0,0.0,0.0,0.0,0.0,0.0,0.0,0.0,0.0,0.0,0.0,0.0,0.0,0.0,10,10,10,10,10,10,10,10,10,10,10,10,10,0,10,10,10,10,10,10,10,0,10,10,10,10,10,10,10,10,10,10,10,10,10,10,10,10,10,10,10,10,10,10,0.9574271077563381,0.9574271077563381,0.0,0.0,0.0,0.0,0.0,0.0,0.0,0.0,0.0,0.0,0.0,,0.0,0.0,0.00014343038573886704,0.6260499817486083,0.0021793600687773566,0.5237686193436841,1.0809180828142506,,0.0,0.0,0.0,0.0,0.0,0.0,0.0,0.0,0.0,0.0,0.0,0.0,0.0,0.0,0.0,0.0,0.0,0.0,0.0,0.0,0.0,0.0
eps2_sr0_ss0.0001,50.0,0.0,0.0001,4.5,205004.5,0.2,0.0,0.0001,0.0004247940677551889,3.0,1.0,0.35,10000.0,16384.0,10300.0,16.0,,0.22132635949059218,0.0034986773968326778,0.003294062614440918,6.8821786642074585,0.07992370128631592,126.58778479099274,133.55373432636262,,150.0,374850.0,150.0,0.0,1.0,0.0,200.0,9800.0,200.0,9800.0,10000.0,1.0,0.02,0.9800000000000001,200.0,9800.0,150.0,0.0,150.0,0.75,1.0,0.0,3.0276503540974917,3.0276503540974917,0.0,0.0,0.0,0.0,0.0,0.0,0.0,0.0,0.0,0.0,0.0,,2.2831667444162107e-16,0.0,0.00034511914560893676,1.1113312313181842,0.041345359132188335,55.20550475270632,55.796519704858554,,0.0,0.0,0.0,0.0,0.0,0.0,0.0,0.0,0.0,0.0,0.0,0.0,0.0,0.0,0.0,0.0,0.0,0.0,0.0,0.0,0.0,0.0,10,10,10,10,10,10,10,10,10,10,10,10,10,0,10,10,10,10,10,10,10,0,10,10,10,10,10,10,10,10,10,10,10,10,10,10,10,10,10,10,10,10,10,10,0.9574271077563381,0.9574271077563381,0.0,0.0,0.0,0.0,0.0,0.0,0.0,0.0,0.0,0.0,0.0,,7.22000719030675e-17,0.0,0.00010913625642555387,0.35143379258449114,0.013074550553535786,17.457513439780247,17.644408777781898,,0.0,0.0,0.0,0.0,0.0,0.0,0.0,0.0,0.0,0.0,0.0,0.0,0.0,0.0,0.0,0.0,0.0,0.0,0.0,0.0,0.0,0.0
eps2_sr0_ss0.0001,100.0,0.0,0.0001,2.0,210002.0,0.2,0.0,0.0001,0.0004247940677551889,3.0,1.0,0.35,40000.0,65536.0,40600.0,18.0,,0.15781203412721964,0.0017493386983911633,0.006704473495483398,40.26058979034424,0.24478435516357422,2821.299780893326,2861.812933254242,,300.0,2999700.0,300.0,0.0,1.0,0.0,400.0,39600.0,400.0,39600.0,40000.0,1.0,0.01,0.99,400.0,39600.0,300.0,0.0,300.0,0.75,1.0,0.0,1.5811388300841898,1.5811388300841898,0.0,0.0,0.0,0.0,0.0,0.0,0.0,0.0,0.0,0.0,0.0,,0.0,0.0,0.001417462724057844,8.777969491310234,0.0781877905567297,1172.4355971961215,1165.0057711943214,,0.0,0.0,0.0,0.0,0.0,0.0,0.0,0.0,0.0,0.0,0.0,0.0,0.0,0.0,0.0,0.0,0.0,0.0,0.0,0.0,0.0,0.0,5,5,5,5,5,5,5,5,5,5,5,5,5,0,5,5,5,5,5,5,5,0,5,5,5,5,5,5,5,5,5,5,5,5,5,5,5,5,5,5,5,5,5,5,0.7071067811865476,0.7071067811865476,0.0,0.0,0.0,0.0,0.0,0.0,0.0,0.0,0.0,0.0,0.0,,0.0,0.0,0.0006339086013130731,3.9256272973977864,0.03496664293907274,524.3291389142179,521.0064197140138,,0.0,0.0,0.0,0.0,0.0,0.0,0.0,0.0,0.0,0.0,0.0,0.0,0.0,0.0,0.0,0.0,0.0,0.0,0.0,0.0,0.0,0.0
eps2_sr0_ss0.0001,200.0,0.0,0.0001,2.0,220002.0,0.2,0.0,0.0001,0.0004247940677551889,3.0,1.0,0.35,160000.0,262144.0,161205.6,20.0,,0.11232962247345453,0.0008777977862575914,0.01847238540649414,393.29901256561277,0.45931234359741213,16251.466312932967,16645.24455971718,,600.0,23999400.0,600.0,2.8,1.0,0.004640172842632838,800.0,159200.0,800.0,159200.0,160000.0,1.0,0.005,0.9949999999999999,800.0,159200.0,600.0,5.6,605.6,0.75,0.9907719602973051,0.009228039702694927,1.5811388300841898,1.5811388300841898,0.0,0.0,0.0,0.0,0.0,0.0,0.0,0.0,0.0,2.9664793948381427,0.0,,0.00014152528030778646,1.6572221725130349e-06,0.006525598012155985,7.393521958048572,0.1007463801467146,6849.334901026483,6852.317798781024,,0.0,0.0,0.0,1.4832396974191326,0.0,0.0024471921679636213,0.0,0.0,0.0,0.0,0.0,0.0,0.0,0.0,0.0,0.0,0.0,2.9664793948382653,2.966479394838265,0.0,0.004845506125455245,0.0048455061254552454,5,5,5,5,5,5,5,5,5,5,5,5,5,0,5,5,5,5,5,5,5,0,5,5,5,5,5,5,5,5,5,5,5,5,5,5,5,5,5,5,5,5,5,5,0.7071067811865476,0.7071067811865476,0.0,0.0,0.0,0.0,0.0,0.0,0.0,0.0,0.0,1.326649916142105,0.0,,6.329202946058457e-05,7.411322863118059e-07,0.002918336149803656,3.3064835382667908,0.045055150899017814,3063.115687871402,3064.449680301219,,0.0,0.0,0.0,0.6633249580710799,0.0,0.001094417608314348,0.0,0.0,0.0,0.0,0.0,0.0,0.0,0.0,0.0,0.0,0.0,1.3266499161421599,1.3266499161421597,0.0,0.00216697621638191,0.0021669762163819104
eps2_sr0_ss0.0003,10.0,0.0,0.0003,4.5,201004.5,0.2,0.0,0.0001,0.0012729689705566274,3.0,1.0,0.35,400.0,512.0,460.0,11.0,,0.4650838863825082,0.022391535339945333,0.000941610336303711,0.29025261402130126,0.0033733367919921873,3.0372424602508543,3.3322014570236207,,30.0,2970.0,30.0,0.0,1.0,0.0,40.0,360.0,40.0,360.0,400.0,1.0,0.1,0.9,40.0,360.0,30.0,0.0,30.0,0.75,1.0,0.0,3.0276503540974917,3.0276503540974917,0.0,0.0,0.0,0.0,0.0,0.0,0.0,0.0,0.0,0.0,0.0,,2.6168207644729584e-17,0.0,0.00020815342924810024,0.0712447719737511,0.0004932859185756373,0.6248473891111658,0.6951745701103069,,0.0,0.0,0.0,0.0,0.0,0.0,0.0,0.0,0.0,0.0,0.0,0.0,0.0,0.0,0.0,0.0,0.0,0.0,0.0,0.0,0.0,0.0,10,10,10,10,10,10,10,10,10,10,10,10,10,0,10,10,10,10,10,10,10,0,10,10,10,10,10,10,10,10,10,10,10,10,10,10,10,10,10,10,10,10,10,10,0.9574271077563381,0.9574271077563381,0.0,0.0,0.0,0.0,0.0,0.0,0.0,0.0,0.0,0.0,0.0,,8.275113844157575e-18,0.0,6.582389391987067e-05,0.022529575081638335,0.0001559907040387376,0.1975940939600778,0.21983350129769802,,0.0,0.0,0.0,0.0,0.0,0.0,0.0,0.0,0.0,0.0,0.0,0.0,0.0,0.0,0.0,0.0,0.0,0.0,0.0,0.0,0.0,0.0
eps2_sr0_ss0.0003,20.0,0.0,0.0003,4.5,202004.5,0.2,0.0,0.0001,0.0012729689705566274,3.0,1.0,0.35,1600.0,2048.0,1720.0,13.0,,0.3415750822915047,0.0111957676699501,0.0015463113784790039,0.637341046333313,0.006217169761657715,6.032695984840393,6.678262495994568,,60.0,23940.0,60.0,0.0,1.0,0.0,80.0,1520.0,80.0,1520.0,1600.0,1.0,0.05,0.95,80.0,1520.0,60.0,0.0,60.0,0.75,1.0,0.0,3.0276503540974917,3.0276503540974917,0.0,0.0,0.0,0.0,0.0,0.0,0.0,0.0,0.0,0.0,0.0,,0.0,0.0,0.0001805331989208353,0.06569421696032929,0.0010368860403474438,0.450777781181779,0.5140402579725961,,0.0,0.0,0.0,0.0,0.0,0.0,0.0,0.0,0.0,0.0,0.0,0.0,0.0,0.0,0.0,0.0,0.0,0.0,0.0,0.0,0.0,0.0,10,10,10,10,10,10,10,10,10,10,10,10,10,0,10,10,10,10,10,10,10,0,10,10,10,10,10,10,10,10,10,10,10,10,10,10,10,10,10,10,10,10,10,10,0.9574271077563381,0.9574271077563381,0.0,0.0,0.0,0.0,0.0,0.0,0.0,0.0,0.0,0.0,0.0,,0.0,0.0,5.7089610186609155e-05,0.020774335469590396,0.000327892156153117,0.14254845071314098,0.1625538024213931,,0.0,0.0,0.0,0.0,0.0,0.0,0.0,0.0,0.0,0.0,0.0,0.0,0.0,0.0,0.0,0.0,0.0,0.0,0.0,0.0,0.0,0.0
eps2_sr0_ss0.0003,50.0,0.0,0.0003,4.5,205004.5,0.2,0.0,0.0001,0.0012729689705566274,3.0,1.0,0.35,10000.0,16384.0,10301.2,16.0,,0.22177132123350107,0.0035094034668573123,0.003194117546081543,6.493050003051758,0.09273242950439453,98.43016269207001,105.01963551044464,,150.0,374850.0,150.0,0.6,1.0,0.003964796096200767,200.0,9800.0,200.0,9800.0,10000.0,1.0,0.02,0.9800000000000001,200.0,9800.0,150.0,1.2,151.2,0.75,0.9921394395078605,0.00786056049213944,3.0276503540974917,3.0276503540974917,0.0,0.0,0.0,0.0,0.0,0.0,0.0,0.0,0.0,1.3984117975603936,0.0,,0.0005182658265570653,1.249955238658716e-05,0.00026777208595277,0.4805948331190729,0.013260587108813029,26.061993125646474,26.336561176755517,,0.0,0.0,0.0,0.6992058987801011,0.0,0.004611158148264358,0.0,0.0,0.0,0.0,0.0,0.0,0.0,0.0,0.0,0.0,0.0,1.3984117975602022,1.398411797560202,0.0,0.009124367183030122,0.009124367183030105,10,10,10,10,10,10,10,10,10,10,10,10,10,0,10,10,10,10,10,10,10,0,10,10,10,10,10,10,10,10,10,10,10,10,10,10,10,10,10,10,10,10,10,10,0.9574271077563381,0.9574271077563381,0.0,0.0,0.0,0.0,0.0,0.0,0.0,0.0,0.0,0.4422166387141139,0.0,,0.00016389004453501075,3.952705527420892e-06,8.467696854251317e-05,0.15197743043647946,0.004193365837491624,8.241525864069372,8.32835190549118,,0.0,0.0,0.0,0.22110831935702666,0.0,0.001458176239975977,0.0,0.0,0.0,0.0,0.0,0.0,0.0,0.0,0.0,0.0,0.0,0.4422166387140533,0.44221663871405326,0.0,0.0028853782506069636,0.0028853782506069584
eps2_sr0_ss0.0003,100.0,0.0,0.0003,2.0,210002.0,0.2,0.0,0.0001,0.0012729689705566274,3.0,1.0,0.35,40000.0,65536.0,40609.2,18.0,,0.1590558288416078,0.00177065993872413,0.005825233459472656,36.17799291610718,0.19447712898254393,2269.25587348938,2305.6349931240084,,300.0,2999700.0,300.0,4.6,1.0,0.01506949041976532,400.0,39600.0,400.0,39600.0,40000.0,1.0,0.01,0.99,400.0,39600.0,300.0,9.0,309.0,0.75,0.9709797937055378,0.029020206294462225,1.5811388300841898,1.5811388300841898,0.0,0.0,0.0,0.0,0.0,0.0,0.0,0.0,0.0,3.898717737924262,0.0,,0.0005447593998887462,9.9633750151294e-06,0.0015437961946092229,10.749309397103433,0.08115603232554945,1066.6622169199056,1060.483095620092,,0.0,0.0,0.0,1.949358868961793,0.0,0.006305500251102225,0.0,0.0,0.0,0.0,0.0,0.0,0.0,0.0,0.0,0.0,0.0,3.605551275463989,3.605551275463996,0.0,0.011356647710384719,0.011356647710384775,5,5,5,5,5,5,5,5,5,5,5,5,5,0,5,5,5,5,5,5,5,0,5,5,5,5,5,5,5,5,5,5,5,5,5,5,5,5,5,5,5,5,5,5,0.7071067811865476,0.7071067811865476,0.0,0.0,0.0,0.0,0.0,0.0,0.0,0.0,0.0,1.743559577416572,0.0,,0.00024362380990664554,4.455756763830466e-06,0.0006904066469103433,4.807237304620111,0.03629408101281978,477.02584521270705,474.262458159187,,0.0,0.0,0.0,0.8717797887081347,0.0,0.0028199054387213138,0.0,0.0,0.0,0.0,0.0,0.0,0.0,0.0,0.0,0.0,0.0,1.6124515496597098,1.6124515496597127,0.0,0.005078847255387515,0.00507884725538754
eps2_sr0_ss0.0003,200.0,0.0,0.0003,2.0,220002.0,0.2,0.0,0.0001,0.0012729689705566274,3.0,1.0,0.35,160000.0,262144.0,161265.6,20.0,,0.11534443846291118,0.0009134662516592661,0.015587329864501953,372.33409957885743,0.6553553581237793,21330.113974142074,21703.120754671098,,600.0,23999400.0,600.0,32.8,1.0,0.051824182127353666,800.0,159200.0,800.0,127370.4,128170.4,1.0,0.19179342723004694,0.8082065727699531,800.0,159200.0,600.2,51.4,651.6,0.75025,0.9223728795524029,0.07762712044759709,1.5811388300841898,1.5811388300841898,0.0,0.0,0.0,0.0,0.0,0.0,0.0,0.0,0.0,4.335896677733579,0.0,,0.0004502670573540947,4.180349572151897e-06,0.0007703803654881216,22.88054419831788,0.17176792057849039,120.8224914974189,126.06808956411106,,0.0,0.0,0.0,2.1679483388678804,0.0,0.003262044176970212,0.0,0.0,0.0,71173.1492966273,71173.1492966273,0.0,0.41768280103654526,0.4176828010365452,0.0,0.0,0.4472135954999691,26.111300235721696,26.235472170326954,0.000559016994374918,0.03899105300322163,0.038991053003221636,5,5,5,5,5,5,5,5,5,5,5,5,5,0,5,5,5,5,5,5,5,0,5,5,5,5,5,5,5,5,5,5,5,5,5,5,5,5,5,5,5,5,5,5,0.7071067811865476,0.7071067811865476,0.0,0.0,0.0,0.0,0.0,0.0,0.0,0.0,0.0,1.939071942965556,0.0,,0.00020136554965451044,1.8695091626087605e-06,0.00034452457315251457,10.232490437925442,0.0768169493534579,54.033460839823796,56.37936361177683,,0.0,0.0,0.0,0.969535971483266,0.0,0.0014588305050625494,0.0,0.0,0.0,31829.6,31829.6,0.0,0.18679342723004697,0.18679342723004694,0.0,0.0,0.20000000000000498,11.677328461595998,11.732859838931,0.00024999999999998683,0.017437329005900178,0.01743732900590018
eps2_sr0_ss0.0005,10.0,0.0,0.0005,4.5,201004.5,0.2,0.0,0.0001,0.002121426406925303,3.0,1.0,0.35,400.0,512.0,460.0,11.0,,0.4650838863825082,0.022391535339945333,0.0009109973907470703,0.2989839792251587,0.0036126852035522463,3.462186503410339,3.7662224769592285,,30.0,2970.0,30.0,0.0,1.0,0.0,40.0,360.0,40.0,360.0,400.0,1.0,0.1,0.9,40.0,360.0,30.0,0.0,30.0,0.75,1.0,0.0,3.0276503540974917,3.0276503540974917,0.0,0.0,0.0,0.0,0.0,0.0,0.0,0.0,0.0,0.0,0.0,,1.850371707708594e-17,0.0,9.266065135207783e-05,0.06439602089990878,0.0006378079989134708,0.6278897718482381,0.6821711159944265,,0.0,0.0,0.0,0.0,0.0,0.0,0.0,0.0,0.0,0.0,0.0,0.0,0.0,0.0,0.0,0.0,0.0,0.0,0.0,0.0,0.0,0.0,10,10,10,10,10,10,10,10,10,10,10,10,10,0,10,10,10,10,10,10,10,0,10,10,10,10,10,10,10,10,10,10,10,10,10,10,10,10,10,10,10,10,10,10,0.9574271077563381,0.9574271077563381,0.0,0.0,0.0,0.0,0.0,0.0,0.0,0.0,0.0,0.0,0.0,,5.851389114294501e-18,0.0,2.9301870774732664e-05,0.02036380982955176,0.00020169259864407667,0.1985561798563904,0.2157214480521307,,0.0,0.0,0.0,0.0,0.0,0.0,0.0,0.0,0.0,0.0,0.0,0.0,0.0,0.0,0.0,0.0,0.0,0.0,0.0,0.0,0.0,0.0
eps2_sr0_ss0.0005,20.0,0.0,0.0005,4.5,202004.5,0.2,0.0,0.0001,0.002121426406925303,3.0,1.0,0.35,1600.0,2048.0,1720.0,13.0,,0.3415750822915047,0.0111957676699501,0.0015317440032958985,0.6130394697189331,0.005737853050231933,6.1627459049224855,6.78359444141388,,60.0,23940.0,60.0,0.0,1.0,0.0,80.0,1520.0,80.0,1520.0,1600.0,1.0,0.05,0.95,80.0,1520.0,60.0,0.0,60.0,0.75,1.0,0.0,3.0276503540974917,3.0276503540974917,0.0,0.0,0.0,0.0,0.0,0.0,0.0,0.0,0.0,0.0,0.0,,0.0,0.0,0.0002773159678492886,0.036183503888888954,0.0004511944496624104,0.48710814058722907,0.5147257070648816,,0.0,0.0,0.0,0.0,0.0,0.0,0.0,0.0,0.0,0.0,0.0,0.0,0.0,0.0,0.0,0.0,0.0,0.0,0.0,0.0,0.0,0.0,10,10,10,10,10,10,10,10,10,10,10,10,10,0,10,10,10,10,10,10,10,0,10,10,10,10,10,10,10,10,10,10,10,10,10,10,10,10,10,10,10,10,10,10,0.9574271077563381,0.9574271077563381,0.0,0.0,0.0,0.0,0.0,0.0,0.0,0.0,0.0,0.0,0.0,,0.0,0.0,8.769500899377777e-05,0.01144222860144492,0.00014268021285594067,0.15403711910651527,0.16277056045656485,,0.0,0.0,0.0,0.0,0.0,0.0,0.0,0.0,0.0,0.0,0.0,0.0,0.0,0.0,0.0,0.0,0.0,0.0,0.0,0.0,0.0,0.0
eps2_sr0_ss0.0005,50.0,0.0,0.0005,4.5,205004.5,0.2,0.0,0.0001,0.002121426406925303,3.0,1.0,0.35,10000.0,16384.0,10304.2,16.0,,0.2231608379539196,0.0035414058595345118,0.0031826972961425783,5.997627425193786,0.11147716045379638,115.15395710468292,121.26678693294525,,150.0,374850.0,149.9,2.2,0.9993333333333334,0.014340261394667606,200.0,9800.0,200.0,9800.0,10000.0,1.0,0.02,0.9800000000000001,200.0,9800.0,150.1,3.1,153.2,0.7505,0.979838664115604,0.020161335884395906,3.0276503540974917,3.0276503540974917,0.0,0.0,0.0,0.0,0.0,0.0,0.0,0.0,0.0,3.7058512292498946,0.0,,0.0020427611915265786,4.6384260473937275e-05,0.00021518364773426973,0.7451950241624095,0.03466560845711913,42.352223535091376,41.826517131436084,,0.0,0.0,0.31622776601683894,1.8135294011647258,0.002108185106778927,0.011480414190634272,0.0,0.0,0.0,0.0,0.0,0.0,0.0,0.0,0.0,0.0,0.31622776601683894,1.3703203194062976,1.4757295747452452,0.0015811388300842008,0.008691546160022693,0.008691546160022708,10,10,10,10,10,10,10,10,10,10,10,10,10,0,10,10,10,10,10,10,10,0,10,10,10,10,10,10,10,10,10,10,10,10,10,10,10,10,10,10,10,10,10,10,0.9574271077563381,0.9574271077563381,0.0,0.0,0.0,0.0,0.0,0.0,0.0,0.0,0.0,1.1718930554164468,0.0,,0.0006459778081023439,1.46679910680163e-05,6.804704420636232e-05,0.2356513577377423,0.010962227920009185,13.39294903434769,13.226706072739033,,0.0,0.0,0.10000000000000031,0.5734883511361751,0.000666666666666669,0.0036304257324522803,0.0,0.0,0.0,0.0,0.0,0.0,0.0,0.0,0.0,0.0,0.10000000000000031,0.4333333333333333,0.4666666666666671,0.0005000000000000035,0.002748508225416202,0.002748508225416207
eps2_sr0_ss0.0005,100.0,0.0,0.0005,2.0,210002.0,0.2,0.0,0.0001,0.002121426406925303,3.0,1.0,0.35,40000.0,65536.0,40619.2,18.0,,0.1603963499726442,0.0017937688573944539,0.007515907287597656,44.77193646430969,0.19465227127075196,2378.835017776489,2423.810093307495,,300.0,2999700.0,300.0,9.6,1.0,0.030981115784287517,400.0,39600.0,400.0,39600.0,40000.0,1.0,0.01,0.99,400.0,39600.0,300.0,18.8,318.8,0.75,0.9411004825084127,0.058899517491587325,1.5811388300841898,1.5811388300841898,0.0,0.0,0.0,0.0,0.0,0.0,0.0,0.0,0.0,3.6331804249170903,0.0,,0.0005223256020069157,1.0132680686044592e-05,0.0026308801352034894,10.039835760027149,0.07310345130702134,1702.9399618336613,1693.715351321491,,0.0,0.0,0.0,1.8165902124584952,0.0,0.005674495821536805,0.0,0.0,0.0,0.0,0.0,0.0,0.0,0.0,0.0,0.0,0.0,3.114482300479487,3.114482300479481,0.0,0.00916450648873955,0.009164506488739553,5,5,5,5,5,5,5,5,5,5,5,5,5,0,5,5,5,5,5,5,5,0,5,5,5,5,5,5,5,5,5,5,5,5,5,5,5,5,5,5,5,5,5,5,0.7071067811865476,0.7071067811865476,0.0,0.0,0.0,0.0,0.0,0.0,0.0,0.0,0.0,1.624807680927237,0.0,,0.0002335911104951928,4.531472561658982e-06,0.001176565364593768,4.489951048470794,0.03269285730246911,761.5779032521928,757.4525320179583,,0.0,0.0,0.0,0.812403840463596,0.0,0.002537711678998962,0.0,0.0,0.0,0.0,0.0,0.0,0.0,0.0,0.0,0.0,0.0,1.3928388277184116,1.392838827718409,0.0,0.004098491897811909,0.00409849189781191
eps2_sr0_ss0.0005,200.0,0.0,0.0005,2.0,220002.0,0.2,0.0,0.0001,0.002121426406925303,3.0,1.0,0.35,160000.0,262144.0,161392.4,20.0,,0.1215398621193291,0.0009873423713192436,0.013486242294311524,369.2443213939667,0.5261673927307129,18746.839962291717,19116.625414514543,,600.0,23999400.0,599.8,96.4,0.9996666666666666,0.13834626113159282,800.0,159200.0,720.4,127361.4,128081.8,0.9004999999999999,0.20057701711491444,0.7994229828850855,800.0,159200.0,599.8,146.0,745.8,0.74975,0.8128259141400964,0.18717408585990364,1.5811388300841898,1.5811388300841898,0.0,0.0,0.0,0.0,0.0,0.0,0.0,0.0,0.0,18.02220852170836,0.0,,0.0016975879219572434,1.2136939214807187e-05,0.002359649645197732,43.67877506227651,0.15873435836973943,8020.94344574937,8020.351575820857,,0.0,0.0,0.4472135954999611,9.316651759081694,0.0007453559924999394,0.011567544662050013,0.0,0.0,177.99101100898326,71193.2739084248,71371.26491943379,0.22248876376122909,0.43732350510558843,0.43732350510558843,0.0,0.0,2.9495762407505364,78.44424771772626,81.20775825005884,0.0036869703009381107,0.09867858224289164,0.09867858224289167,5,5,5,5,5,5,5,5,5,5,5,5,5,0,5,5,5,5,5,5,5,0,5,5,5,5,5,5,5,5,5,5,5,5,5,5,5,5,5,5,5,5,5,5,0.7071067811865476,0.7071067811865476,0.0,0.0,0.0,0.0,0.0,0.0,0.0,0.0,0.0,8.059776671843178,0.0,,0.0007591843982558007,5.427804224618358e-06,0.001055267401949078,19.533742042634575,0.07098816313591001,3587.0749576753974,3586.810265396599,,0.0,0.0,0.2000000000000014,4.166533331199932,0.00033333333333333755,0.005173163239421732,0.0,0.0,79.6,31838.6,31918.199999999997,0.0995,0.1955770171149144,0.1955770171149144,0.0,0.0,1.319090595827297,35.08133406813373,36.31721354950019,0.0016488632447840944,0.04413040356368187,0.044130403563681884
eps2val,10.0,0.0,0.0001,4.5,201004.5,0.2,0.0,0.0001,0.0004247940677551889,3.0,1.0,0.35,400.0,512.0,460.0,11.0,,0.4650838863825082,0.022391535339945333,0.001131749153137207,1.9856459379196167,0.005410599708557129,4.07424955368042,6.066920876502991,,30.0,2970.0,30.0,0.0,1.0,0.0,40.0,360.0,40.0,360.0,400.0,1.0,0.1,0.9,40.0,360.0,30.0,0.0,30.0,0.75,1.0,0.0,3.0276503540974917,3.0276503540974917,0.0,0.0,0.0,0.0,0.0,0.0,0.0,0.0,0.0,0.0,0.0,,0.0,0.0,0.0003570145619805031,1.7977036015615668,0.003859346500139831,0.798729784402443,2.5764694367487446,,0.0,0.0,0.0,0.0,0.0,0.0,0.0,0.0,0.0,0.0,0.0,0.0,0.0,0.0,0.0,0.0,0.0,0.0,0.0,0.0,0.0,0.0,10,10,10,10,10,10,10,10,10,10,10,10,10,0,10,10,10,10,10,10,10,0,10,10,10,10,10,10,10,10,10,10,10,10,10,10,10,10,10,10,10,10,10,10,0.9574271077563381,0.9574271077563381,0.0,0.0,0.0,0.0,0.0,0.0,0.0,0.0,0.0,0.0,0.0,,0.0,0.0,0.00011289791737057442,0.568483793882238,0.0012204325220241208,0.25258053537269515,0.8147511741937162,,0.0,0.0,0.0,0.0,0.0,0.0,0.0,0.0,0.0,0.0,0.0,0.0,0.0,0.0,0.0,0.0,0.0,0.0,0.0,0.0,0.0,0.0
eps2val,20.0,0.0,0.0001,4.5,202004.5,0.2,0.0,0.0001,0.0004247940677551889,3.0,1.0,0.35,1600.0,2048.0,1720.0,13.0,,0.3415750822915047,0.0111957676699501,0.0015415668487548829,0.6070595741271972,0.005625033378601074,5.942268872261048,6.556929302215576,,60.0,23940.0,60.0,0.0,1.0,0.0,80.0,1520.0,80.0,1520.0,1600.0,1.0,0.05,0.95,80.0,1520.0,60.0,0.0,60.0,0.75,1.0,0.0,3.0276503540974917,3.0276503540974917,0.0,0.0,0.0,0.0,0.0,0.0,0.0,0.0,0.0,0.0,0.0,,0.0,0.0,0.0001640308965972329,0.025251316556799807,0.00032829890033459787,0.2959785852934256,0.319623613725959,,0.0,0.0,0.0,0.0,0.0,0.0,0.0,0.0,0.0,0.0,0.0,0.0,0.0,0.0,0.0,0.0,0.0,0.0,0.0,0.0,0.0,0.0,10,10,10,10,10,10,10,10,10,10,10,10,10,0,10,10,10,10,10,10,10,0,10,10,10,10,10,10,10,10,10,10,10,10,10,10,10,10,10,10,10,10,10,10,0.9574271077563381,0.9574271077563381,0.0,0.0,0.0,0.0,0.0,0.0,0.0,0.0,0.0,0.0,0.0,,0.0,0.0,5.18711239886819e-05,0.007985167423740794,0.00010381722783859441,0.09359664681616409,0.10107386133478874,,0.0,0.0,0.0,0.0,0.0,0.0,0.0,0.0,0.0,0.0,0.0,0.0,0.0,0.0,0.0,0.0,0.0,0.0,0.0,0.0,0.0,0.0
eps2val,50.0,0.0,0.0001,4.5,205004.5,0.2,0.0,0.0001,0.0004247940677551889,3.0,1.0,0.35,10000.0,16384.0,10300.0,16.0,,0.22132635949059237,0.0034986773968326778,0.003438448905944824,6.49856116771698,0.09520602226257324,93.87862818241119,100.47635185718536,,150.0,374850.0,150.0,0.0,1.0,0.0,200.0,9800.0,200.0,9800.0,10000.0,1.0,0.02,0.9800000000000001,200.0,9800.0,150.0,0.0,150.0,0.75,1.0,0.0,3.0276503540974917,3.0276503540974917,0.0,0.0,0.0,0.0,0.0,0.0,0.0,0.0,0.0,0.0,0.0,,0.0,0.0,0.0006366990209170387,0.23527553512942953,0.02188116219709498,6.259428934288877,6.291010291607785,,0.0,0.0,0.0,0.0,0.0,0.0,0.0,0.0,0.0,0.0,0.0,0.0,0.0,0.0,0.0,0.0,0.0,0.0,0.0,0.0,0.0,0.0,10,10,10,10,10,10,10,10,10,10,10,10,10,0,10,10,10,10,10,10,10,0,10,10,10,10,10,10,10,10,10,10,10,10,10,10,10,10,10,10,10,10,10,10,0.9574271077563381,0.9574271077563381,0.0,0.0,0.0,0.0,0.0,0.0,0.0,0.0,0.0,0.0,0.0,,0.0,0.0,0.0002013419090097031,0.07440065687239557,0.00691943103943943,1.9794052284313282,1.9893921305040658,,0.0,0.0,0.0,0.0,0.0,0.0,0.0,0.0,0.0,0.0,0.0,0.0,0.0,0.0,0.0,0.0,0.0,0.0,0.0,0.0,0.0,0.0
eps2val,100.0,0.0,0.0001,2.0,210002.0,0.2,0.0,0.0001,0.0004247940677551889,3.0,1.0,0.35,40000.0,65536.0,40601.2,18.0,,0.1579726482540095,0.0017520202158972306,0.006637716293334961,50.533885908126834,0.1385134220123291,1176.4219371795655,1227.1016332626343,,300.0,2999700.0,300.0,0.6,1.0,0.0019933554817275745,400.0,39600.0,400.0,39600.0,40000.0,1.0,0.01,0.99,400.0,39600.0,300.0,1.2,301.2,0.75,0.9960264900662251,0.003973509933774834,1.5811388300841898,1.5811388300841898,0.0,0.0,0.0,0.0,0.0,0.0,0.0,0.0,0.0,1.0954451150114946,0.0,,0.00014661996716205014,2.4478793773635537e-06,0.001078019954933753,1.5763970388476842,0.017964490418176104,270.3297986720532,269.29328855893874,,0.0,0.0,0.0,0.5477225575051661,0.0,0.001819676270781283,0.0,0.0,0.0,0.0,0.0,0.0,0.0,0.0,0.0,0.0,0.0,1.0954451150103321,1.095445115010327,0.0,0.003627301705332242,0.003627301705332226,5,5,5,5,5,5,5,5,5,5,5,5,5,0,5,5,5,5,5,5,5,0,5,5,5,5,5,5,5,5,5,5,5,5,5,5,5,5,5,5,5,5,5,5,0.7071067811865476,0.7071067811865476,0.0,0.0,0.0,0.0,0.0,0.0,0.0,0.0,0.0,0.4898979485571554,0.0,,6.55704426866262e-05,1.0947249377009532e-06,0.0004821051800666263,0.7049861876785597,0.008033964351237079,120.89516123490866,120.43161982045068,,0.0,0.0,0.0,0.24494897427831777,0.0,0.0008137839677020526,0.0,0.0,0.0,0.0,0.0,0.0,0.0,0.0,0.0,0.0,0.0,0.48989794855663554,0.48989794855663327,0.0,0.0016221786376047608,0.0016221786376047537
eps2val,200.0,0.0,0.0001,2.0,220002.0,0.2,0.0,0.0001,0.0004247940677551889,3.0,1.0,0.35,160000.0,262144.0,161206.8,20.0,,0.1123867890223692,0.0008784681656340592,0.014378690719604492,369.3391996383667,0.5293153762817383,20054.30030837059,20424.184802484513,,600.0,23999400.0,600.0,3.4,1.0,0.005624229517940426,800.0,159200.0,800.0,159200.0,160000.0,1.0,0.005,0.9949999999999999,800.0,159200.0,600.0,6.8,606.8,0.75,0.9888350754580102,0.011164924541989803,1.5811388300841898,1.5811388300841898,0.0,0.0,0.0,0.0,0.0,0.0,0.0,0.0,0.0,4.381780460044733,0.0,,0.0002090813124504526,2.447879377181988e-06,0.002015885141383993,48.21892066933882,0.12380456059658355,5020.446389520415,4976.012658549215,,0.0,0.0,0.0,2.1908902300206647,0.0,0.0036172202809165556,0.0,0.0,0.0,0.0,0.0,0.0,0.0,0.0,0.0,0.0,0.0,4.3817804600413295,4.381780460041342,0.0,0.007167283395853218,0.007167283395853158,5,5,5,5,5,5,5,5,5,5,5,5,5,0,5,5,5,5,5,5,5,0,5,5,5,5,5,5,5,5,5,5,5,5,5,5,5,5,5,5,5,5,5,5,0.7071067811865476,0.7071067811865476,0.0,0.0,0.0,0.0,0.0,0.0,0.0,0.0,0.0,1.9595917942280647,0.0,,9.350400549281702e-05,1.0947249376197545e-06,0.0009015312421932765,21.564156883662253,0.05536708268369055,2245.211880872207,2225.340512283099,,0.0,0.0,0.0,0.9797958971132713,0.0,0.0016176700875440606,0.0,0.0,0.0,0.0,0.0,0.0,0.0,0.0,0.0,0.0,0.0,1.9595917942265426,1.9595917942265482,0.0,0.0032053065774266657,0.0032053065774266393
seg14e_C,2.0,0.005,0.0001,14.5,200214.5,0.2,0.01,0.0001,0.0016308858027061653,3.0,1.0,0.35,15.6,16.0,27.2,,,,,0.000532825787862142,0.24764129320780437,0.002363713582356771,0.0,0.2508649110794067,,5.8,17.4,5.8,0.0,1.0,0.0,7.8,7.8,7.8,7.8,15.6,1.0,0.5,0.5,,,,,,,,,8.803408430829505,8.803408430829505,0.0,0.0,0.0,0.0,0.0,0.0,0.0,0.9684683962230045,0.0,1.936936792446009,,,,,5.9113819203303135e-05,0.07952997104994938,0.0003781690769432301,0.0,0.07986042625239967,,0.48423419811150226,1.4527025943345062,0.48423419811150226,0.0,0.0,0.0,0.48423419811150226,0.48423419811150226,0.48423419811150226,0.48423419811150226,0.9684683962230045,0.0,0.0,0.0,,,,,,,,,30,30,30,30,30,30,30,30,30,30,30,30,0,0,0,0,30,30,30,30,30,0,30,30,30,30,30,30,30,30,30,30,30,30,30,30,0,0,0,0,0,0,0,0,1.6072751268321592,1.6072751268321592,0.0,0.0,0.0,0.0,0.0,0.0,0.0,0.17681732894739685,0.0,0.3536346578947937,,,,,1.0792657412643732e-05,0.014520119713930033,6.904391133090464e-05,0.0,0.014580452303472352,,0.08840866447369843,0.2652259934210952,0.08840866447369843,0.0,0.0,0.0,0.08840866447369843,0.08840866447369843,0.08840866447369843,0.08840866447369843,0.17681732894739685,0.0,0.0,0.0,,,,,,,,
seg14e_C,4.0,0.005,0.0001,14.5,200414.5,0.2,0.01,0.0001,0.0016308858027061653,3.0,1.0,0.35,62.0,64.0,84.73333333333333,,,,,0.0006874879201253255,0.23367959658304852,0.0025234222412109375,0.0,0.23720584710439047,,11.366666666666667,170.5,11.366666666666667,0.0,1.0,0.0,15.5,46.5,15.5,46.5,62.0,1.0,0.25,0.75,,,,,,,,,8.803408430829505,8.803408430829505,0.0,0.0,0.0,0.0,0.0,0.0,0.0,3.2800336415432043,0.0,5.445234128358823,,,,,5.5759574191606296e-05,0.021133376033143008,0.00025937718982695654,0.0,0.021303949621478455,,1.0980651740387644,16.470977610581464,1.0980651740387644,0.0,0.0,0.0,0.8200084103858011,2.460025231157404,0.8200084103858011,2.460025231157404,3.2800336415432043,0.0,0.0,0.0,,,,,,,,,30,30,30,30,30,30,30,30,30,30,30,30,0,0,0,0,30,30,30,30,30,0,30,30,30,30,30,30,30,30,30,30,30,30,30,30,0,0,0,0,0,0,0,0,1.6072751268321592,1.6072751268321592,0.0,0.0,0.0,0.0,0.0,0.0,0.0,0.5988494716163424,0.0,0.9941591876663696,,,,,1.0180258860541886e-05,0.003858408923197157,4.73555792568412e-05,0.0,0.003889551257212465,,0.2004783551439558,3.0071753271593367,0.2004783551439558,0.0,0.0,0.0,0.1497123679040856,0.4491371037122569,0.1497123679040856,0.4491371037122569,0.5988494716163424,0.0,0.0,0.0,,,,,,,,
seg14e_C,6.0,0.005,0.0001,14.5,200614.5,0.2,0.01,0.0001,0.0016308858027061653,3.0,1.0,0.35,140.23333333333332,251.73333333333332,174.9,,,,,0.000875544548034668,0.2419697125752767,0.0029076258341471355,0.0,0.24607847531636556,,17.333333333333332,607.0666666666667,17.333333333333332,0.0,1.0,0.0,23.366666666666667,116.86666666666666,23.366666666666667,116.86666666666666,140.23333333333332,1.0,0.16662075298438936,0.8333792470156107,,,,,,,,,8.803408430829505,8.803408430829505,0.0,0.0,0.0,0.0,0.0,0.0,0.0,6.0894670699004765,23.36949578688709,8.380395842844099,,,,,9.832287768034188e-05,0.0263255126863283,0.0002646012960548524,0.0,0.026539673692551932,,1.154700538379251,38.892365471311,1.154700538379251,0.0,0.0,0.0,1.033351872284568,5.056462804367696,1.033351872284568,5.056462804367696,6.0894670699004765,0.0,0.0002514795948141166,0.0002514795948141206,,,,,,,,,30,30,30,30,30,30,30,30,30,30,30,30,0,0,0,0,30,30,30,30,30,0,30,30,30,30,30,30,30,30,30,30,30,30,30,30,0,0,0,0,0,0,0,0,1.6072751268321592,1.6072751268321592,0.0,0.0,0.0,0.0,0.0,0.0,0.0,1.1117794924564597,4.266666666666667,1.530043947982744,,,,,1.7951219341448157e-05,0.00480635904539681,4.830936619811513e-05,0.0,0.004845459316745707,,0.21081851067789187,7.100741961124026,0.21081851067789187,0.0,0.0,0.0,0.18866337676348513,0.923179579712673,0.18866337676348513,0.923179579712673,1.1117794924564597,0.0,4.591368227731695e-05,4.591368227731768e-05,,,,,,,,
seg14e_C,8.0,0.005,0.0001,14.5,200814.5,0.2,0.01,0.0001,0.0016308858027061653,3.0,1.0,0.35,251.2,256.0,297.8666666666667,,,,,0.0010230302810668944,0.2737204790115356,0.003161978721618652,0.0,0.2782270034154256,,23.333333333333332,1470.2666666666667,23.333333333333332,0.0,1.0,0.0,31.4,219.8,31.4,219.8,251.2,1.0,0.125,0.875,,,,,,,,,8.803408430829505,8.803408430829505,0.0,0.0,0.0,0.0,0.0,0.0,0.0,8.297901687402248,0.0,10.569093959580298,,,,,9.83457251211181e-05,0.038030737777234515,0.0002492651816836394,0.0,0.038089429041083235,,1.1547005383792515,71.9602061167686,1.1547005383792515,0.0,0.0,0.0,1.037237710925281,7.260663976476966,1.037237710925281,7.260663976476966,8.297901687402248,0.0,0.0,0.0,,,,,,,,,30,30,30,30,30,30,30,30,30,30,30,30,0,0,0,0,30,30,30,30,30,0,30,30,30,30,30,30,30,30,30,30,30,30,30,30,0,0,0,0,0,0,0,0,1.6072751268321592,1.6072751268321592,0.0,0.0,0.0,0.0,0.0,0.0,0.0,1.5149826447167976,0.0,1.9296437246845746,,,,,1.795539069434629e-05,0.006943430986385075,4.5509387602917624e-05,0.0,0.0069541464960978855,,0.21081851067789195,13.138076044291799,0.21081851067789195,0.0,0.0,0.0,0.1893728305895997,1.3256098141271977,0.1893728305895997,1.3256098141271977,1.5149826447167976,0.0,0.0,0.0,,,,,,,,
seg14e_C,10.0,0.005,0.0001,14.5,201014.5,0.2,0.01,0.0001,0.0016308858027061653,3.0,1.0,0.35,395.3333333333333,512.0,454.26666666666665,,,,,0.001167591412862142,0.2894435405731201,0.0034996827443440756,0.0,0.2944348176320394,,29.466666666666665,2917.2,29.466666666666665,0.0,1.0,0.0,39.53333333333333,355.8,39.53333333333333,355.8,395.3333333333333,1.0,0.1,0.9,,,,,,,,,8.803408430829505,8.803408430829505,0.0,0.0,0.0,0.0,0.0,0.0,0.0,8.193072487266855,0.0,10.099277315672182,,,,,0.00010114793452580076,0.029483148177264534,0.0004464651201547654,0.0,0.029702469871154127,,0.9732042112432564,96.34721691308248,0.9732042112432564,0.0,0.0,0.0,0.8193072487266856,7.373765238540168,0.8193072487266856,7.373765238540168,8.193072487266855,0.0,0.0,0.0,,,,,,,,,30,30,30,30,30,30,30,30,30,30,30,30,0,0,0,0,30,30,30,30,30,0,30,30,30,30,30,30,30,30,30,30,30,30,30,30,0,0,0,0,0,0,0,0,1.6072751268321592,1.6072751268321592,0.0,0.0,0.0,0.0,0.0,0.0,0.0,1.4958435388503382,0.0,1.8438673334312923,,,,,1.846700179494556e-05,0.005382861774318369,8.151300581600647e-05,0.0,0.0054229042540162265,,0.17768196651898477,17.59051468537951,0.17768196651898477,0.0,0.0,0.0,0.14958435388503383,1.346259184965304,0.14958435388503383,1.346259184965304,1.4958435388503382,0.0,0.0,0.0,,,,,,,,
seg14e_C,15.0,0.005,0.0001,14.5,201514.5,0.2,0.01,0.0001,0.0016308858027061653,3.0,1.0,0.35,878.1666666666666,1024.0,965.1,,,,,0.0016187747319539388,0.4183141072591146,0.004743639628092448,0.0,0.4250081777572632,,43.46666666666667,9733.0,43.46666666666667,0.0,1.0,0.0,58.56666666666667,819.6,58.56666666666667,819.6,878.1666666666666,1.0,0.06669234586089243,0.9333076541391077,,,,,,,,,8.803408430829505,8.803408430829505,0.0,0.0,0.0,0.0,0.0,0.0,0.0,21.153109061991465,0.0,24.223599208637225,,,,,0.00029148289193497073,0.03258789074359345,0.0004488970387938944,0.0,0.032848216087792495,,1.569830505529802,346.3366908779315,1.569830505529802,0.0,0.0,0.0,1.4064710873459971,19.75819341176088,1.4064710873459971,19.75819341176088,21.153109061991465,0.0,0.00020410937291530032,0.00020410937291528552,,,,,,,,,30,30,30,30,30,30,30,30,30,30,30,30,0,0,0,0,30,30,30,30,30,0,30,30,30,30,30,30,30,30,30,30,30,30,30,30,0,0,0,0,0,0,0,0,1.6072751268321592,1.6072751268321592,0.0,0.0,0.0,0.0,0.0,0.0,0.0,3.8620116648732234,0.0,4.422603903511633,,,,,5.321725167987471e-05,0.005949707620593311,8.195701138156254e-05,0.0,0.005997236308362682,,0.286610526446137,63.2321393618456,0.286610526446137,0.0,0.0,0.0,0.2567853136727405,3.607336075723798,0.2567853136727405,3.607336075723798,3.8620116648732234,0.0,3.7265102581314655e-05,3.726510258131196e-05,,,,,,,,
seg14e_C,20.0,0.005,0.0001,14.5,202014.5,0.2,0.01,0.0001,0.0016308858027061653,3.0,1.0,0.35,1558.2666666666667,2048.0,1673.4666666666667,,,,,0.001971713701883952,0.6561967770258585,0.006312131881713867,0.0,0.6648295005162557,,57.6,22970.333333333332,57.6,0.0,1.0,0.0,77.93333333333334,1480.3333333333333,77.93333333333334,1480.3333333333333,1558.2666666666667,1.0,0.05001307923227956,0.9499869207677204,,,,,,,,,8.803408430829505,8.803408430829505,0.0,0.0,0.0,0.0,0.0,0.0,0.0,39.07722975157617,0.0,43.7695637703151,,,,,0.0001719553174140007,0.05487854173413118,0.0015098296609527913,0.0,0.055138326920053826,,2.386745006098879,976.350535318177,2.386745006098879,0.0,0.0,0.0,1.9464084224865132,37.139377126351114,1.9464084224865132,37.139377126351114,39.07722975157617,0.0,0.0001173713254486155,0.00011737132544863191,,,,,,,,,30,30,30,30,30,30,30,30,30,30,30,30,0,0,0,0,30,30,30,30,30,0,30,30,30,30,30,30,30,30,30,30,30,30,30,30,0,0,0,0,0,0,0,0,1.6072751268321592,1.6072751268321592,0.0,0.0,0.0,0.0,0.0,0.0,0.0,7.134493406583422,0.0,7.991192469720816,,,,,3.13946020768697e-05,0.010019405076924108,0.00027565592109807355,0.0,0.010066835145735944,,0.4357580262843871,178.25640407533663,0.4357580262843871,0.0,0.0,0.0,0.35536393303796965,6.780691541264633,0.35536393303796965,6.780691541264633,7.134493406583422,0.0,2.142897418416229e-05,2.1428974184165285e-05,,,,,,,,
seg14e_C,30.0,0.005,0.0001,9.5,203009.5,0.2,0.01,0.0001,0.0016308858027061653,3.0,1.0,0.35,3546.1,4096.0,3722.7,,,,,0.0027682662010192873,1.5817052602767945,0.05641360282897949,0.0,1.6412291884422303,,88.15,79251.35,88.15,0.15,1.0,0.001704692214668968,118.2,3427.9,118.2,3427.9,3546.1,1.0,0.03333237984514708,0.966667620154853,,,,,,,,,5.916079783099616,5.916079783099616,0.0,0.0,0.0,0.0,0.0,0.0,0.0,37.047480204106826,0.0,39.33138561933514,,,,,0.0003883978229262279,0.13274123507585542,0.028434083386272978,0.0,0.1527751033292332,,1.3088765773505335,1170.1386456313608,1.3088765773505335,0.36634754853252327,0.0,0.004163609615755408,1.2396943596157717,35.80782037488455,1.2396943596157717,35.80782037488455,37.047480204106826,0.0,2.9348047292817155e-06,2.934804729252537e-06,,,,,,,,,20,20,20,20,20,20,20,20,20,20,20,20,0,0,0,0,20,20,20,20,20,0,20,20,20,20,20,20,20,20,20,20,20,20,20,20,0,0,0,0,0,0,0,0,1.3228756555322954,1.3228756555322954,0.0,0.0,0.0,0.0,0.0,0.0,0.0,8.284068413146064,0.0,8.794765189409103,,,,,8.684839343759718e-05,0.029681842504689214,0.006358054332960378,0.0,0.03416155163137198,,0.29267370011130545,261.650955473126,0.29267370011130545,0.08191780219091253,0.0,0.0009310114132600871,0.27720408594239354,8.006872048434385,0.27720408594239354,8.006872048434385,8.284068413146064,0.0,6.562422875361783e-07,6.562422875296538e-07,,,,,,,,
seg14e_C,40.0,0.005,0.0001,9.5,204009.5,0.2,0.01,0.0001,0.0016308858027061653,3.0,1.0,0.35,6294.6,8192.0,6529.3,,,,,0.003505599498748779,3.5099761724472045,0.07132585048675537,0.0,3.5851317644119263,,117.0,187125.0,117.0,0.35,1.0,0.002966704385531759,157.35,6137.25,157.35,6137.25,6294.6,1.0,0.024997587622664037,0.975002412377336,,,,,,,,,5.916079783099616,5.916079783099616,0.0,0.0,0.0,0.0,0.0,0.0,0.0,74.21051138484364,0.0,78.42468730538474,,,,,0.00041946056785320134,0.20952015198835405,0.017684665690525948,0.0,0.21948338342177534,,2.2004784168807254,3470.7985733606192,2.2004784168807254,0.5871429486123998,0.0,0.0049900458830209,1.8715318802914824,72.33902273687637,1.8715318802914824,72.33902273687637,74.21051138484364,0.0,3.312013070852426e-06,3.3120130708520275e-06,,,,,,,,,20,20,20,20,20,20,20,20,20,20,20,20,0,0,0,0,20,20,20,20,20,0,20,20,20,20,20,20,20,20,20,20,20,20,20,20,0,0,0,0,0,0,0,0,1.3228756555322954,1.3228756555322954,0.0,0.0,0.0,0.0,0.0,0.0,0.0,16.59397481015324,0.0,17.53629319290051,,,,,9.379423436004212e-05,0.046850130250204736,0.003954411464337428,0.0,0.049077976526274006,,0.4920419323166423,776.0941546243635,0.4920419323166423,0.13128915456069917,0.0,0.0011158081805277694,0.41848725063897535,16.175497226555844,0.41848725063897535,16.175497226555844,16.59397481015324,0.0,7.405886368793852e-07,7.40588636879296e-07,,,,,,,,
seg14e_C,50.0,0.005,0.0001,9.5,205009.5,0.2,0.01,0.0001,0.0016308858027061653,3.0,1.0,0.35,9786.6,16384.0,10079.2,,,,,0.004903328418731689,6.548724412918091,0.07863321304321289,0.0,6.632607901096344,,145.2,362769.0,145.15,1.15,0.9996575342465753,0.0077189081901835755,195.75,9590.85,195.75,9590.85,9786.6,1.0,0.020001769737690564,0.9799982302623095,,,,,,,,,5.916079783099616,5.916079783099616,0.0,0.0,0.0,0.0,0.0,0.0,0.0,145.81184703871594,0.0,153.320991112729,,,,,0.0022074202775081908,0.32779292929315745,0.018421444707872273,0.0,0.34080639493000114,,3.427443423464861,8580.493146176297,3.42244910769128,1.4244112357114613,0.0015315534092464234,0.009343253066354727,2.9713544669764795,142.84893566650274,2.9713544669764795,142.84893566650274,145.81184703871594,0.0,2.3151201052834197e-05,2.3151201052822183e-05,,,,,,,,,20,20,20,20,20,20,20,20,20,20,20,20,0,0,0,0,20,20,20,20,20,0,20,20,20,20,20,20,20,20,20,20,20,20,20,20,0,0,0,0,0,0,0,0,1.3228756555322954,1.3228756555322954,0.0,0.0,0.0,0.0,0.0,0.0,0.0,32.60452019033702,0.0,34.283615850570314,,,,,0.0004935941795419764,0.07329672724432822,0.004119160261055616,0.0,0.07620662662301222,,0.7663996483902027,1918.656595532124,0.7652828854331201,0.31850803509653036,0.00034246575342465575,0.0020892148987352523,0.6644150573407062,31.941993066379435,0.6644150573407062,31.941993066379435,32.60452019033702,0.0,5.176765931490196e-06,5.17676593148751e-06,,,,,,,,
seg14e_C,60.0,0.005,0.0001,9.5,206009.5,0.2,0.01,0.0001,0.0016308858027061653,3.0,1.0,0.35,14113.4,16384.0,14467.3,,,,,0.005442559719085693,11.315827012062073,0.09175926446914673,0.0,11.41340252161026,,174.65,628747.8,174.65,2.3,1.0,0.012604056437332612,235.2,13878.2,235.1,13176.4,13411.5,0.9995798319327731,0.06459199587775236,0.9354080041222476,,,,,,,,,5.916079783099616,5.916079783099616,0.0,0.0,0.0,0.0,0.0,0.0,0.0,155.27951028963696,0.0,162.77659860259885,,,,,0.0021834382995337747,0.8248793927126107,0.02792437893885289,0.0,0.8371538864550842,,2.9607075967890197,10487.242383009945,2.9607075967890197,3.4504004344271024,0.0,0.0183283885937233,2.6076809620810595,152.67185312572238,2.531901719220055,3103.508225422185,3103.4177509388105,0.0018790487205880518,0.2143364402155573,0.21433644021555728,,,,,,,,,20,20,20,20,20,20,20,20,20,20,20,20,0,0,0,0,20,20,20,20,20,0,20,20,20,20,20,20,20,20,20,20,20,20,20,20,0,0,0,0,0,0,0,0,1.3228756555322954,1.3228756555322954,0.0,0.0,0.0,0.0,0.0,0.0,0.0,34.72155405205063,0.0,36.39795396216083,,,,,0.00048823164624340676,0.1844486395344142,0.006244080953673851,0.0,0.18719329977417085,,0.6620343447920286,2345.0186864927123,0.6620343447920286,0.7715329920973806,0.0,0.004098352281359708,0.58309518948453,34.1384641839979,0.5661504356524628,693.9655360773746,693.9453053678692,0.0004201680672268892,0.04792708503773058,0.04792708503773058,,,,,,,,
seg14e_C,75.0,0.005,0.0001,9.5,207509.5,0.2,0.01,0.0001,0.0016308858027061653,3.0,1.0,0.35,21963.65,32768.0,22405.15,,,,,0.006047475337982178,21.12788369655609,0.10373914241790771,0.0,21.23806502819061,,217.0,1220461.65,217.0,3.75,1.0,0.01689814894391022,292.85,21670.8,292.85,21670.8,21963.65,1.0,0.013333371684249352,0.9866666283157507,,,,,,,,,5.916079783099616,5.916079783099616,0.0,0.0,0.0,0.0,0.0,0.0,0.0,319.1787611651928,0.0,329.2877920603801,,,,,0.00038043617375592523,1.1347787980837503,0.032320645794698885,0.0,1.146689635643172,,5.088687143272346,27981.24795808983,5.088687143272346,2.4251966822029964,0.0,0.010603757212028126,4.295346318982912,314.8892202864868,4.295346318982912,314.8892202864868,319.1787611651928,0.0,1.0302456139520888e-05,1.0302456139510641e-05,,,,,,,,,20,20,20,20,20,20,20,20,20,20,20,20,0,0,0,0,20,20,20,20,20,0,20,20,20,20,20,20,20,20,20,20,20,20,20,20,0,0,0,0,0,0,0,0,1.3228756555322954,1.3228756555322954,0.0,0.0,0.0,0.0,0.0,0.0,0.0,71.3705406939541,0.0,73.63098872078254,,,,,8.506811456181703e-05,0.25374425319407734,0.007227116107363942,0.0,0.25640759743925984,,1.1378650368586176,6256.797252956604,1.1378650368586176,0.5422904640212854,0.0,0.002371072194299854,0.9604686356149287,70.41137019424903,0.9604686356149287,70.41137019424903,71.3705406939541,0.0,2.3036992263178762e-06,2.303699226315585e-06,,,,,,,,
seg14e_C,100.0,0.005,0.0001,9.5,210009.5,0.2,0.01,0.0001,0.0016308858027061653,3.0,1.0,0.35,39124.55,65536.0,39717.55,,,,,0.008473825454711915,50.371611297130585,0.13152793645858765,0.0,50.51203892230988,,290.0,2898835.85,289.95,6.55,0.9998257839721255,0.021961373432952135,391.3,38733.25,390.9,36822.95,37213.85,0.9989637305699481,0.05722882029288506,0.9427711797071149,,,,,,,,,5.916079783099616,5.916079783099616,0.0,0.0,0.0,0.0,0.0,0.0,0.0,361.08629599847046,0.0,369.5944398932425,,,,,0.0012674558873991683,1.8058672536918572,0.027092977917084277,0.0,1.8183973223427718,,4.217756949399827,42089.78834308615,4.260899336747438,3.648720035126954,0.0007791177621950386,0.012013319178315518,3.510885328442629,357.58574606585427,4.470958922223573,8669.534707814484,8672.696468166483,0.004634337777201622,0.2112064202919884,0.21120642029198838,,,,,,,,,20,20,20,20,20,20,20,20,20,20,20,20,0,0,0,0,20,20,20,20,20,0,20,20,20,20,20,20,20,20,20,20,20,20,20,20,0,0,0,0,0,0,0,0,1.3228756555322954,1.3228756555322954,0.0,0.0,0.0,0.0,0.0,0.0,0.0,80.74135035961902,0.0,82.64382917072503,,,,,0.0002834117522706859,0.40380419375958504,0.00605817403355011,0.0,0.40660600228620347,,0.9431191251430153,9411.562789371887,0.9527660562251039,0.815878602940929,0.0001742160278745622,0.0026862598318115414,0.7850578255604395,79.9586035988228,0.9997368074701103,1938.5668939966963,1939.2738851042595,0.0010362694300518102,0.0472271913057277,0.0472271913057277,,,,,,,,
seg14e_C,150.0,0.005,0.0001,4.5,215004.5,0.2,0.01,0.0001,0.0016308858027061653,3.0,1.0,0.35,87808.1,131072.0,88717.9,,,,,0.013888072967529298,178.83703899383545,0.24290921688079833,0.0,179.09446341991423,,433.4,9753062.9,433.4,21.5,1.0,0.04704444411831602,585.4,87222.7,527.7,78446.6,78974.3,0.902037351443124,0.06915810199118193,0.9308418980088181,,,,,,,,,3.0276503540974917,3.0276503540974917,0.0,0.0,0.0,0.0,0.0,0.0,0.0,731.5167576116563,0.0,745.2613933677524,,,,,0.002057882640121857,26.115783950949847,0.029296355489961387,0.0,26.125962184126937,,5.738757124441966,129044.19757883984,5.738757124441966,6.851601597031489,0.0,0.013913696015299343,4.76561760017641,726.7576472096994,181.25675466340866,27569.780663295496,27751.03724608025,0.30978509506233526,0.19761454168630416,0.19761454168630416,,,,,,,,,10,10,10,10,10,10,10,10,10,10,10,10,0,0,0,0,10,10,10,10,10,0,10,10,10,10,10,10,10,10,10,10,10,10,10,10,0,0,0,0,0,0,0,0,0.9574271077563381,0.9574271077563381,0.0,0.0,0.0,0.0,0.0,0.0,0.0,231.3259100634148,0.0,235.6723455232802,,,,,0.0006507596300105673,8.258536016587259,0.009264321049025614,0.0,8.261754656526849,,1.8147543451754955,40807.358317791965,1.8147543451754955,2.1666666666666665,0.0,0.004399897007955491,1.5070206073943102,229.82094721277645,57.318418602671784,8718.33014872815,8775.64851297802,0.09796264855687604,0.06249120504990125,0.06249120504990125,,,,,,,,
seg14e_C,200.0,0.005,0.0001,4.5,220004.5,0.2,0.01,0.0001,0.0016308858027061653,3.0,1.0,0.35,156734.8,262144.0,157991.6,,,,,0.0179288387298584,404.3645206928253,0.4632091999053955,0.0,404.8464195728302,,581.6,23263153.0,581.6,46.8,1.0,0.07444213851652177,783.7,155951.1,783.7,155951.1,156734.8,1.0,0.005000164668019348,0.9949998353319807,,,,,,,,,3.0276503540974917,3.0276503540974917,0.0,0.0,0.0,0.0,0.0,0.0,0.0,1310.3828787377029,0.0,1328.8403632909103,,,,,0.0018380150396946095,66.13154139859745,0.11629386967795383,0.0,66.1584177158996,,7.574812062208438,307350.991019858,7.574812062208438,3.04776785350999,0.0,0.0040797630490470365,6.583649781424029,1303.8067724935263,6.583649781424029,1303.8067724935263,1310.3828787377029,0.0,2.020106317061129e-06,2.020106317056085e-06,,,,,,,,,10,10,10,10,10,10,10,10,10,10,10,10,0,0,0,0,10,10,10,10,10,0,10,10,10,10,10,10,10,10,10,10,10,10,10,10,0,0,0,0,0,0,0,0,0.9574271077563381,0.9574271077563381,0.0,0.0,0.0,0.0,0.0,0.0,0.0,414.3794503699368,0.0,420.2162194764879,,,,,0.000581231389907976,20.912629599728504,0.036775350609712626,0.0,20.921128637507724,,2.3953658964295714,97192.9172732709,2.3953658964295714,0.9637888196533975,0.0,0.0012901343548781875,2.0819328626169638,412.29990298325146,2.0819328626169638,412.29990298325146,414.3794503699368,0.0,6.388137077607428e-07,6.388137077591478e-07,,,,,,,,
seg14e_C,300.0,0.005,0.0001,4.5,230004.5,0.2,0.01,0.0001,0.0016308858027061653,3.0,1.0,0.35,352301.1,524288.0,354398.5,,,,,0.024991512298583984,1136.2981178283692,0.889414119720459,0.0,1137.2136443376542,,871.6,78444168.6,871.6,177.1,1.0,0.16872924493735178,1174.3,351126.8,1114.4,316169.0,317283.4,0.948759623609923,0.10161586471633455,0.8983841352836655,,,,,,,,,3.0276503540974917,3.0276503540974917,0.0,0.0,0.0,0.0,0.0,0.0,0.0,2208.089543776093,0.0,2207.06281690797,,,,,0.004141942848114506,216.610108102551,0.17706353679675116,0.0,216.71575400380806,,8.044321668799123,735534.6675972393,8.044321668799123,16.875030864169307,0.0,0.014019990806680671,7.3340908699639815,2200.7615247656568,191.4141525012656,111108.13051657782,111299.5140502519,0.16203629755695975,0.31079683692642435,0.3107968369264243,,,,,,,,,10,10,10,10,10,10,10,10,10,10,10,10,0,0,0,0,10,10,10,10,10,0,10,10,10,10,10,10,10,10,10,10,10,10,10,10,0,0,0,0,0,0,0,0,0.9574271077563381,0.9574271077563381,0.0,0.0,0.0,0.0,0.0,0.0,0.0,698.2592235934527,0.0,697.9345440496368,,,,,0.001309797333828669,68.49813058193547,0.055992406684276796,0.0,68.53153874927882,,2.5438378704451883,232596.48476221244,2.5438378704451883,5.336353311641449,0.0,0.004433510372373234,2.319243171573197,695.9419005124536,60.53046982948155,35135.475899564655,35195.99668687082,0.051240376390076996,0.09828258942634265,0.09828258942634263,,,,,,,,
seg14e_C,500.0,0.005,0.0001,2.0,250002.0,0.2,0.01,0.0001,0.0016308858027061653,3.0,1.0,0.35,980992.6,1048576.0,985401.4,,,,,0.054694414138793945,5270.043412351608,3.469487428665161,0.0,5273.569815015793,,1457.4,364106879.8,1457.4,747.0,1.0,0.33882338571399573,1962.4,979030.2,786.2,197023.4,197809.6,0.39998591972178543,0.6463380701951543,0.3536619298048457,,,,,,,,,1.5811388300841898,1.5811388300841898,0.0,0.0,0.0,0.0,0.0,0.0,0.0,4823.143819128763,0.0,4828.715388175204,,,,,0.013154024875535596,452.5849894840451,0.3802850672273721,0.0,452.79856139600577,,11.26055060820739,2732033.227863765,11.26055060820739,22.271057451320083,0.0,0.00721950641003423,9.838699100999076,4813.346050306375,813.0886790504464,440530.3237381054,441194.5739929266,0.4123319845167933,0.4025915589200512,0.4025915589200512,,,,,,,,,5,5,5,5,5,5,5,5,5,5,5,5,0,0,0,0,5,5,5,5,5,0,5,5,5,5,5,5,5,5,5,5,5,5,5,5,0,0,0,0,0,0,0,0,0.7071067811865476,0.7071067811865476,0.0,0.0,0.0,0.0,0.0,0.0,0.0,2156.975488965973,0.0,2159.467170391808,,,,,0.005882658759884161,202.40216041647045,0.17006865222969628,0.0,202.4976726791162,,5.035871324805665,1221802.4028583101,5.035871324805665,9.959919678390984,0.0,0.0032286614193664017,4.4,2152.593793543035,363.6243116184615,197011.1500056786,197308.21175044894,0.18440046933538812,0.18004441858256925,0.18004441858256925,,,,,,,,
seg14e_C,750.0,0.005,0.0001,2.0,275002.0,0.2,0.01,0.0001,0.0016308858027061653,3.0,1.0,0.35,2203883.6,4194304.0,2213434.0,,,,,0.07636570930480957,19394.094467115403,10.108743143081664,0.0,19404.284781360628,,2182.4,1227536194.8,2182.2,2593.0,0.9999079613437644,0.5429730216973885,2938.6,2200945.0,886.2,37.6,923.8,0.3022790773606471,0.8295123603971222,0.17048763960287777,,,,,,,,,1.5811388300841898,1.5811388300841898,0.0,0.0,0.0,0.0,0.0,0.0,0.0,6931.29971938889,0.0,6933.902652907641,,,,,0.016606981386562754,1880.166049171228,0.8680717298170685,0.0,1880.6540603630767,,11.349008767288895,6680056.068822336,11.562871615649764,51.88930525647843,0.00020580469190057313,0.0054291633022484865,8.96102672688796,6922.347470331145,1255.138916614412,30.08820366854758,1283.784132944476,0.4283352411950418,0.1325710634934976,0.13257106349349754,,,,,,,,,5,5,5,5,5,5,5,5,5,5,5,5,0,0,0,0,5,5,5,5,5,0,5,5,5,5,5,5,5,5,5,5,5,5,5,5,0,0,0,0,0,0,0,0,0.7071067811865476,0.7071067811865476,0.0,0.0,0.0,0.0,0.0,0.0,0.0,3099.7714689957547,0.0,3100.935536253523,,,,,0.007426867856285606,840.8358189868155,0.3882134794433592,0.0,841.0540642265664,,5.075431016179812,2987411.8926793514,5.1710733895391385,23.205602771744584,9.203865623561637e-05,0.0024279956409549706,4.007492981902784,3095.7679015068297,561.315187751053,13.455853744746188,574.125717939895,0.19155734329417634,0.05928758196418027,0.05928758196418025,,,,,,,,
seg14e_Q,2.0,0.005,0.0001,14.5,200214.5,0.2,0.01,0.0001,0.0016308858027061653,3.0,1.0,0.35,15.6,16.0,27.2,6.0,,0.8257347235487729,0.1385813116904868,0.0005201419194539388,0.2596096118291219,0.002317078908284505,2.6782471497853595,2.9410985628763835,,5.8,17.4,5.8,0.0,1.0,0.0,7.8,7.8,7.8,7.8,15.6,1.0,0.5,0.5,7.8,7.8,5.966666666666667,0.0,5.966666666666667,0.7670634920634921,1.0,0.0,8.803408430829505,8.803408430829505,0.0,0.0,0.0,0.0,0.0,0.0,0.0,0.9684683962230045,0.0,1.936936792446009,0.0,,0.0016570050987001405,0.011932866187965354,7.947829477316378e-05,0.07530447160563634,0.00044063224539250796,0.9332654234077359,0.9767632929965612,,0.48423419811150226,1.4527025943345062,0.48423419811150226,0.0,0.0,0.0,0.48423419811150226,0.48423419811150226,0.48423419811150226,0.48423419811150226,0.9684683962230045,0.0,0.0,0.0,0.48423419811150226,0.48423419811150226,0.18257418583505536,0.0,0.18257418583505536,0.03900836733819602,0.0,0.0,30,30,30,30,30,30,30,30,30,30,30,30,30,0,30,30,30,30,30,30,30,0,30,30,30,30,30,30,30,30,30,30,30,30,30,30,30,30,30,30,30,30,30,30,1.6072751268321592,1.6072751268321592,0.0,0.0,0.0,0.0,0.0,0.0,0.0,0.17681732894739685,0.0,0.3536346578947937,0.0,,0.0003025263568197137,0.0021786333289464353,1.4510684959768914e-05,0.0137486525931381,8.044807345520947e-05,0.1703901748466756,0.1783317629724148,,0.08840866447369843,0.2652259934210952,0.08840866447369843,0.0,0.0,0.0,0.08840866447369843,0.08840866447369843,0.08840866447369843,0.08840866447369843,0.17681732894739685,0.0,0.0,0.0,0.08840866447369843,0.08840866447369843,0.03333333333333333,0.0,0.03333333333333333,0.007121920907525905,0.0,0.0
seg14e_Q,5.0,0.005,0.0001,14.5,200514.5,0.2,0.01,0.0001,0.0016308858027061653,3.0,1.0,0.35,98.53333333333333,128.0,127.93333333333334,9.0,,0.6132664737108241,0.043855815426868436,0.0007694164911905924,0.2412217378616333,0.0027401208877563476,2.391351087888082,2.6364885489145915,,14.7,352.1333333333333,14.7,0.0,1.0,0.0,19.733333333333334,78.8,19.733333333333334,78.8,98.53333333333333,1.0,0.20031007751937985,0.7996899224806202,19.733333333333334,78.8,14.833333333333334,0.0,14.833333333333334,0.7517056530214425,1.0,0.0,8.803408430829505,8.803408430829505,0.0,0.0,0.0,0.0,0.0,0.0,0.0,3.62684752760655,0.0,5.071443604131376,0.0,,0.005078509851087003,0.002338732317802928,9.000953508549536e-05,0.04165830364078952,0.00046462546307129065,0.5199517077921104,0.5559315113237114,,0.7497125886079553,19.83332850381473,0.7497125886079553,0.0,0.0,0.0,0.6396838299494917,2.998850354431822,0.6396838299494917,2.998850354431822,3.62684752760655,0.0,0.0016983645193958644,0.0016983645193958813,0.6396838299494917,2.998850354431822,0.59209349991676,0.0,0.59209349991676,0.01992807778712868,0.0,0.0,30,30,30,30,30,30,30,30,30,30,30,30,30,0,30,30,30,30,30,30,30,0,30,30,30,30,30,30,30,30,30,30,30,30,30,30,30,30,30,30,30,30,30,30,1.6072751268321592,1.6072751268321592,0.0,0.0,0.0,0.0,0.0,0.0,0.0,0.6621687345006494,0.0,0.9259146870326849,0.0,,0.0009272048013175179,0.0004269921488090016,1.6433417585626166e-05,0.0076057308704866695,8.482861563847647e-05,0.09492975972369118,0.10149874305997848,,0.13687816547538925,3.621053803983171,0.13687816547538925,0.0,0.0,0.0,0.11678975444487845,0.5475126619015571,0.11678975444487845,0.5475126619015571,0.6621687345006494,0.0,0.00031007751937984503,0.0003100775193798481,0.11678975444487845,0.5475126619015571,0.10810098868553088,0.0,0.10810098868553088,0.003638352577242671,0.0,0.0
seg14e_Q,10.0,0.005,0.0001,14.5,201014.5,0.2,0.01,0.0001,0.0016308858027061653,3.0,1.0,0.35,395.3333333333333,512.0,454.26666666666665,11.0,,0.4639019408183345,0.02198347759561261,0.0011899550755818686,0.29082322915395104,0.003596591949462891,3.2285381317138673,3.524580995241801,,29.466666666666665,2917.2,29.466666666666665,0.0,1.0,0.0,39.53333333333333,355.8,39.53333333333333,355.8,395.3333333333333,1.0,0.1,0.9,39.53333333333333,355.8,29.7,0.0,29.7,0.7512820512820514,1.0,0.0,8.803408430829505,8.803408430829505,0.0,0.0,0.0,0.0,0.0,0.0,0.0,8.193072487266855,0.0,10.099277315672182,0.0,,0.0027635101747706583,0.0007481226675720039,0.00017269562742848774,0.04288339010746579,0.0005580489617189785,0.5901721663947475,0.6292266906562768,,0.9732042112432564,96.34721691308248,0.9732042112432564,0.0,0.0,0.0,0.8193072487266856,7.373765238540168,0.8193072487266856,7.373765238540168,8.193072487266855,0.0,0.0,0.0,0.8193072487266856,7.373765238540168,0.7943767889097846,0.0,0.7943767889097846,0.014244467919396098,0.0,0.0,30,30,30,30,30,30,30,30,30,30,30,30,30,0,30,30,30,30,30,30,30,0,30,30,30,30,30,30,30,30,30,30,30,30,30,30,30,30,30,30,30,30,30,30,1.6072751268321592,1.6072751268321592,0.0,0.0,0.0,0.0,0.0,0.0,0.0,1.4958435388503382,0.0,1.8438673334312923,0.0,,0.0005045456202056446,0.0001365878869367084,3.152976357503021e-05,0.007829400034717634,0.00010188533484194049,0.10775020278203185,0.11488055075225598,,0.17768196651898477,17.59051468537951,0.17768196651898477,0.0,0.0,0.0,0.14958435388503383,1.346259184965304,0.14958435388503383,1.346259184965304,1.4958435388503382,0.0,0.0,0.0,0.14958435388503383,1.346259184965304,0.14503269548146955,0.0,0.14503269548146955,0.002600672133037308,0.0,0.0
seg14e_Q,20.0,0.005,0.0001,14.5,202014.5,0.2,0.01,0.0001,0.0016308858027061653,3.0,1.0,0.35,1558.2666666666667,2048.0,1673.5333333333333,13.0,,0.33944153904693936,0.010739869108102583,0.0019133567810058593,0.646100664138794,0.00584721565246582,6.413074588775634,7.06736356417338,,57.6,22970.333333333332,57.6,0.03333333333333333,1.0,0.0005649717514124294,77.93333333333334,1480.3333333333333,77.93333333333334,1480.3333333333333,1558.2666666666667,1.0,0.05001307923227956,0.9499869207677204,77.93333333333334,1480.3333333333333,58.46666666666667,0.06666666666666667,58.53333333333333,0.7501047880711439,0.9989071038251366,0.001092896174863388,8.803408430829505,8.803408430829505,0.0,0.0,0.0,0.0,0.0,0.0,0.0,39.07722975157617,0.0,43.77507819826676,0.0,,0.0029138792438728116,0.0004510612321535141,0.00016687039987968813,0.06388470746243179,0.0006894891270205748,0.635002387195651,0.6931974647500899,,2.386745006098879,976.350535318177,2.386745006098879,0.18257418583505536,0.0,0.0030944777260178877,1.9464084224865132,37.139377126351114,1.9464084224865132,37.139377126351114,39.07722975157617,0.0,0.0001173713254486155,0.00011737132544863191,1.9464084224865132,37.139377126351114,2.0296650536197,0.3651483716701107,2.080008841714188,0.01343817525720396,0.005986038879837886,0.0059860388798378805,30,30,30,30,30,30,30,30,30,30,30,30,30,0,30,30,30,30,30,30,30,0,30,30,30,30,30,30,30,30,30,30,30,30,30,30,30,30,30,30,30,30,30,30,1.6072751268321592,1.6072751268321592,0.0,0.0,0.0,0.0,0.0,0.0,0.0,7.134493406583422,0.0,7.992199261914436,0.0,,0.0005319991305717453,8.235213722218473e-05,3.046622739800418e-05,0.011663698452264169,0.00012588291600790452,0.11593504384556258,0.12655996274967216,,0.4357580262843871,178.25640407533663,0.4357580262843871,0.03333333333333333,0.0,0.0005649717514124294,0.35536393303796965,6.780691541264633,0.35536393303796965,6.780691541264633,7.134493406583422,0.0,2.142897418416229e-05,2.1428974184165285e-05,0.35536393303796965,6.780691541264633,0.3705644446824807,0.06666666666666667,0.37975592080568443,0.002453463906692799,0.0010928961748633888,0.0010928961748633878
seg14e_Q,50.0,0.005,0.0001,9.5,205009.5,0.2,0.01,0.0001,0.0016308858027061653,3.0,1.0,0.35,9786.6,16384.0,10080.2,16.0,,0.22170789349574677,0.0034155208497715604,0.0049948573112487795,7.627095472812653,0.08681470155715942,122.21310024261474,129.93253315687178,,145.2,362769.0,145.2,1.6,1.0,0.010493352756532232,195.75,9590.85,195.75,9111.1,9306.85,1.0,0.0665746873020762,0.9334253126979238,195.75,9590.85,146.95,2.05,149.0,0.750686851550327,0.9864965865759616,0.013503413424038302,5.916079783099616,5.916079783099616,0.0,0.0,0.0,0.0,0.0,0.0,0.0,145.81184703871594,0.0,153.7727646818343,0.0,,0.0036001393993272523,0.00011236270066887076,0.0007137842077162193,1.2267487406468147,0.027192891653124343,35.3518056730243,35.598318691329936,,3.427443423464861,8580.493146176297,3.427443423464861,2.7984958365822923,0.0,0.017834598958001713,2.9713544669764795,142.84893566650274,2.9713544669764795,2146.931663658872,2147.072039950416,0.0,0.20827952359133164,0.20827952359133164,2.9713544669764795,142.84893566650274,2.6847522673129642,2.30502882731146,3.7696851746252604,0.005825120174058219,0.01511404943764184,0.015114049437641828,20,20,20,20,20,20,20,20,20,20,20,20,20,0,20,20,20,20,20,20,20,0,20,20,20,20,20,20,20,20,20,20,20,20,20,20,20,20,20,20,20,20,20,20,1.3228756555322954,1.3228756555322954,0.0,0.0,0.0,0.0,0.0,0.0,0.0,32.60452019033702,0.0,34.38463549166603,0.0,,0.0008050156425370997,2.512506368310561e-05,0.00015960700097192963,0.2743093575398537,0.006080515424117266,7.904904061224504,7.960026047851509,,0.7663996483902027,1918.656595532124,0.7663996483902027,0.6257626925348148,0.0,0.003987937562153874,0.6644150573407062,31.941993066379435,0.6644150573407062,480.0685142987952,480.09990339182747,0.0,0.04657271730714887,0.04657271730714887,0.6644150573407062,31.941993066379435,0.6003288572458474,0.5154201147965047,0.8429272304235247,0.0013025364686299584,0.003379604195785962,0.0033796041957859595
seg14e_Q,100.0,0.005,0.0001,9.5,210009.5,0.2,0.01,0.0001,0.0016308858027061653,3.0,1.0,0.35,39124.55,65536.0,39716.85,18.0,,0.15869545376324146,0.0017199885525944838,0.008847904205322266,52.011993527412415,0.12255905866622925,1106.2624754667281,1158.406490600109,,290.0,2898835.85,290.0,6.15,1.0,0.020687039817911552,391.3,38733.25,391.3,38733.25,39124.55,1.0,0.010001418065482832,0.9899985819345172,391.3,38733.25,293.95,11.35,305.3,0.7512033486979968,0.9629652714875057,0.03703472851249436,5.916079783099616,5.916079783099616,0.0,0.0,0.0,0.0,0.0,0.0,0.0,361.08629599847046,0.0,371.04139008727134,0.0,,0.0009386638797159498,3.377308776388776e-05,0.0014915557684986264,9.992341112060183,0.03275482659936907,254.59657138950135,255.6964487965618,,4.217756949399827,42089.78834308615,4.217756949399827,2.0332758116683998,0.0,0.006599847882086911,3.510885328442629,357.58574606585427,3.510885328442629,357.58574606585427,361.08629599847046,0.0,7.496413416820279e-06,7.496413416841739e-06,3.510885328442629,357.58574606585427,3.7059695797882326,3.1668513334889994,5.8137767414994554,0.005253619974589809,0.009840124867937642,0.009840124867937651,20,20,20,20,20,20,20,20,20,20,20,20,20,0,20,20,20,20,20,20,20,0,20,20,20,20,20,20,20,20,20,20,20,20,20,20,20,20,20,20,20,20,20,20,1.3228756555322954,1.3228756555322954,0.0,0.0,0.0,0.0,0.0,0.0,0.0,80.74135035961902,0.0,82.96737707011553,0.0,,0.00020989162430685496,7.55189200501194e-06,0.00033352200905948677,2.2343553980932414,0.00732420188674075,56.92952404653031,57.17546411144065,,0.9431191251430153,9411.562789371887,0.9431191251430153,0.45465429318966016,0.0,0.001475770850550435,0.7850578255604395,79.9586035988228,0.7850578255604395,79.9586035988228,80.74135035961902,0.0,1.6762489987451607e-06,1.6762489987499596e-06,0.7850578255604395,79.9586035988228,0.8286799902952818,0.7081294856317258,1.3000000000000005,0.001174745139113353,0.002200318811179471,0.0022003188111794727
seg14e_Q,200.0,0.005,0.0001,4.5,220004.5,0.2,0.01,0.0001,0.0016308858027061653,3.0,1.0,0.35,156734.8,262144.0,157995.8,20.0,,0.11636521497057958,0.0009046352619642642,0.017381000518798827,386.4280990123749,0.4280235767364502,15137.39431629181,15524.269124746323,,581.6,23263153.0,581.4,49.1,0.9996514621587487,0.07776834797467584,783.7,155951.1,783.1,140414.3,141197.4,0.9992317541613316,0.09589174451459954,0.9041082554854004,783.7,155951.1,589.1,92.9,682.0,0.7516883463593192,0.8642117894360476,0.13578821056395232,3.0276503540974917,3.0276503540974917,0.0,0.0,0.0,0.0,0.0,0.0,0.0,1310.3828787377029,0.0,1325.7199134390762,0.0,,0.0007870090816515302,1.443735033046632e-05,0.003141007477370327,46.72445052439077,0.07669847712994766,3765.2907721933643,3760.02640302978,,7.574812062208438,307350.991019858,7.805980613179444,7.355270219373317,0.0007349216574947958,0.010662546836060757,6.583649781424029,1303.8067724935263,7.109461614246484,49327.81447069752,49330.83033335013,0.0024294066531382994,0.28742410719002276,0.28742410719002276,6.583649781424029,1303.8067724935263,5.626327003965872,15.45207645161862,18.067773643823543,0.0027987345067921527,0.019146590315917984,0.01914659031591795,10,10,10,10,10,10,10,10,10,10,10,10,10,0,10,10,10,10,10,10,10,0,10,10,10,10,10,10,10,10,10,10,10,10,10,10,10,10,10,10,10,10,10,10,0.9574271077563381,0.9574271077563381,0.0,0.0,0.0,0.0,0.0,0.0,0.0,414.3794503699368,0.0,419.22944659087483,0.0,,0.0002488741237256266,4.565491042205821e-06,0.000993273777611002,14.775568607692364,0.024254188079696884,1190.6894892945222,1189.0247495944338,,2.3953658964295714,97192.9172732709,2.4684678108764824,2.3259406699226015,0.000232402633946971,0.0033717933660173966,2.0819328626169638,412.29990298325146,2.248209163855628,15598.824572561727,15599.778272070977,0.0007682458386683675,0.09089148331608506,0.09089148331608506,2.0819328626169638,412.29990298325146,1.7792008193443365,4.886375616616744,5.713531696284222,0.0008850375607571191,0.006054683482442367,0.006054683482442356
,,,,,,,,,,,,,,,,,,,,,,,,,,,,,,,,,,,,,,,,,,,,,,,,,,,,,,,,,,,,,,,,,,,,,,,,,,,,,,,,,,,,,,,,,,,,0,0,0,0,0,0,0,0,0,0,0,0,0,0,0,0,0,0,0,0,0,0,0,0,0,0,0,0,0,0,0,0,0,0,0,0,0,0,0,0,0,0,0,0,,,,,,,,,,,,,,,,,,,,,,,,,,,,,,,,,,,,,,,,,,,,
