shots,n_trk,rep,who,drop_rate,n_true_all,n_true_clean,n_false_all,n_active,n_true_active,n_false_active,eff_pct,fr_pct,cos,jaccard,t_classical,t_quantum,success_prob,n_seg
8192,10,0,C,0.0,40,40,360,40,40,0,100.0,0.0,0.4471118813240282,0.925,0.002322673797607422,1.4250373840332031,0.022216796875,400
8192,10,0,Q,0.0,40,40,360,37,37,0,92.5,0.0,0.4471118813240282,0.925,0.002322673797607422,1.4250373840332031,0.022216796875,400
8192,10,1,C,0.0,40,40,360,40,40,0,100.0,0.0,0.4377955706113136,0.925,0.0007355213165283203,1.3348116874694824,0.0191650390625,400
8192,10,1,Q,0.0,40,40,360,37,37,0,92.5,0.0,0.4377955706113136,0.925,0.0007355213165283203,1.3348116874694824,0.0191650390625,400
8192,10,2,C,0.0,40,40,360,40,40,0,100.0,0.0,0.43624680043952696,0.85,0.002185821533203125,1.2317438125610352,0.02197265625,400
8192,10,2,Q,0.0,40,40,360,34,34,0,85.0,0.0,0.43624680043952696,0.85,0.002185821533203125,1.2317438125610352,0.02197265625,400
8192,10,3,C,0.0,40,40,360,40,40,0,100.0,0.0,0.43658293796080017,0.875,0.0021746158599853516,1.2333958148956299,0.0220947265625,400
8192,10,3,Q,0.0,40,40,360,35,35,0,87.5,0.0,0.43658293796080017,0.875,0.0021746158599853516,1.2333958148956299,0.0220947265625,400
8192,10,4,C,0.0,40,40,360,40,40,0,100.0,0.0,0.4448468809305602,0.9,0.0019741058349609375,1.3682663440704346,0.0220947265625,400
8192,10,4,Q,0.0,40,40,360,36,36,0,90.0,0.0,0.4448468809305602,0.9,0.0019741058349609375,1.3682663440704346,0.0220947265625,400
8192,10,5,C,0.0,40,40,360,40,40,0,100.0,0.0,0.44152540750266284,0.9,0.0007145404815673828,1.3668169975280762,0.0242919921875,400
8192,10,5,Q,0.0,40,40,360,36,36,0,90.0,0.0,0.44152540750266284,0.9,0.0007145404815673828,1.3668169975280762,0.0242919921875,400
8192,10,6,C,0.0,40,40,360,40,40,0,100.0,0.0,0.4305636891488568,0.8,0.001068115234375,1.3684966564178467,0.018310546875,400
8192,10,6,Q,0.0,40,40,360,32,32,0,80.0,0.0,0.4305636891488568,0.8,0.001068115234375,1.3684966564178467,0.018310546875,400
8192,10,7,C,0.0,40,40,360,40,40,0,100.0,0.0,0.42219615582888714,0.775,0.001552581787109375,1.4200975894927979,0.0230712890625,400
8192,10,7,Q,0.0,40,40,360,31,31,0,77.5,0.0,0.42219615582888714,0.775,0.001552581787109375,1.4200975894927979,0.0230712890625,400
8192,10,8,C,0.0,40,40,360,40,40,0,100.0,0.0,0.43284999661873463,0.8,0.001379251480102539,1.4186489582061768,0.017333984375,400
8192,10,8,Q,0.0,40,40,360,32,32,0,80.0,0.0,0.43284999661873463,0.8,0.001379251480102539,1.4186489582061768,0.017333984375,400
8192,10,9,C,0.0,40,40,360,40,40,0,100.0,0.0,0.44252988672703675,0.9,0.00039839744567871094,0.6606879234313965,0.0206298828125,400
8192,10,9,Q,0.0,40,40,360,36,36,0,90.0,0.0,0.44252988672703675,0.9,0.00039839744567871094,0.6606879234313965,0.0206298828125,400
8192,10,10,C,0.0,40,40,360,40,40,0,100.0,0.0,0.4517676505921437,0.95,0.0006015300750732422,0.878056526184082,0.0223388671875,400
8192,10,10,Q,0.0,40,40,360,38,38,0,95.0,0.0,0.4517676505921437,0.95,0.0006015300750732422,0.878056526184082,0.0223388671875,400
8192,10,11,C,0.0,40,40,360,40,40,0,100.0,0.0,0.4556174802250239,0.95,0.0007636547088623047,1.2909271717071533,0.0240478515625,400
8192,10,11,Q,0.0,40,40,360,38,38,0,95.0,0.0,0.4556174802250239,0.95,0.0007636547088623047,1.2909271717071533,0.0240478515625,400
8192,10,12,C,0.0,40,40,360,40,40,0,100.0,0.0,0.45263200897270367,0.95,0.0006439685821533203,1.3515136241912842,0.0225830078125,400
8192,10,12,Q,0.0,40,40,360,38,38,0,95.0,0.0,0.45263200897270367,0.95,0.0006439685821533203,1.3515136241912842,0.0225830078125,400
8192,10,13,C,0.0,40,40,360,40,40,0,100.0,0.0,0.4431436011156665,0.875,0.0007572174072265625,1.2772772312164307,0.0224609375,400
8192,10,13,Q,0.0,40,40,360,35,35,0,87.5,0.0,0.4431436011156665,0.875,0.0007572174072265625,1.2772772312164307,0.0224609375,400
8192,10,14,C,0.0,40,40,360,40,40,0,100.0,0.0,0.4338714510846966,0.85,0.0007793903350830078,1.3370764255523682,0.0191650390625,400
8192,10,14,Q,0.0,40,40,360,34,34,0,85.0,0.0,0.4338714510846966,0.85,0.0007793903350830078,1.3370764255523682,0.0191650390625,400
8192,10,15,C,0.0,40,40,360,40,40,0,100.0,0.0,0.4283095806523403,0.825,0.0007472038269042969,1.2446391582489014,0.0216064453125,400
8192,10,15,Q,0.0,40,40,360,33,33,0,82.5,0.0,0.4283095806523403,0.825,0.0007472038269042969,1.2446391582489014,0.0216064453125,400
8192,10,16,C,0.0,40,40,360,40,40,0,100.0,0.0,0.4453310160659144,0.9,0.000766754150390625,1.3262650966644287,0.0263671875,400
8192,10,16,Q,0.0,40,40,360,36,36,0,90.0,0.0,0.4453310160659144,0.9,0.000766754150390625,1.3262650966644287,0.0263671875,400
8192,10,17,C,0.0,40,40,360,40,40,0,100.0,0.0,0.44135245580064303,0.9,0.0009341239929199219,1.3509056568145752,0.0240478515625,400
8192,10,17,Q,0.0,40,40,360,36,36,0,90.0,0.0,0.44135245580064303,0.9,0.0009341239929199219,1.3509056568145752,0.0240478515625,400
8192,10,18,C,0.0,40,40,360,40,40,0,100.0,0.0,0.4408168275871608,0.875,0.0007426738739013672,0.6558222770690918,0.021728515625,400
8192,10,18,Q,0.0,40,40,360,35,35,0,87.5,0.0,0.4408168275871608,0.875,0.0007426738739013672,0.6558222770690918,0.021728515625,400
8192,10,19,C,0.0,40,40,360,40,40,0,100.0,0.0,0.4468233437580771,0.9,0.0005507469177246094,0.9034476280212402,0.0230712890625,400
8192,10,19,Q,0.0,40,40,360,36,36,0,90.0,0.0,0.4468233437580771,0.9,0.0005507469177246094,0.9034476280212402,0.0230712890625,400
8192,10,20,C,0.0,40,40,360,40,40,0,100.0,0.0,0.4495907025987081,0.9,0.0005900859832763672,1.258772611618042,0.0205078125,400
8192,10,20,Q,0.0,40,40,360,36,36,0,90.0,0.0,0.4495907025987081,0.9,0.0005900859832763672,1.258772611618042,0.0205078125,400
8192,10,21,C,0.0,40,40,360,40,40,0,100.0,0.0,0.45366403419148,0.925,0.0007565021514892578,1.2559869289398193,0.022705078125,400
8192,10,21,Q,0.0,40,40,360,37,37,0,92.5,0.0,0.45366403419148,0.925,0.0007565021514892578,1.2559869289398193,0.022705078125,400
8192,10,22,C,0.0,40,40,360,40,40,0,100.0,0.0,0.43570836851016165,0.85,0.0007555484771728516,1.2765209674835205,0.0225830078125,400
8192,10,22,Q,0.0,40,40,360,34,34,0,85.0,0.0,0.43570836851016165,0.85,0.0007555484771728516,1.2765209674835205,0.0225830078125,400
8192,10,23,C,0.0,40,40,360,40,40,0,100.0,0.0,0.4303609599406281,0.825,0.0005743503570556641,1.3066134452819824,0.020751953125,400
8192,10,23,Q,0.0,40,40,360,33,33,0,82.5,0.0,0.4303609599406281,0.825,0.0005743503570556641,1.3066134452819824,0.020751953125,400
8192,10,24,C,0.0,40,40,360,40,40,0,100.0,0.0,0.45377921769132223,0.925,0.0008406639099121094,1.2515590190887451,0.023193359375,400
8192,10,24,Q,0.0,40,40,360,37,37,0,92.5,0.0,0.45377921769132223,0.925,0.0008406639099121094,1.2515590190887451,0.023193359375,400
8192,10,25,C,0.0,40,40,360,40,40,0,100.0,0.0,0.4337507744826717,0.825,0.0009222030639648438,1.2904164791107178,0.0225830078125,400
8192,10,25,Q,0.0,40,40,360,33,33,0,82.5,0.0,0.4337507744826717,0.825,0.0009222030639648438,1.2904164791107178,0.0225830078125,400
8192,10,26,C,0.0,40,40,360,40,40,0,100.0,0.0,0.44123391046982763,0.875,0.0005784034729003906,1.1015710830688477,0.022705078125,400
8192,10,26,Q,0.0,40,40,360,35,35,0,87.5,0.0,0.44123391046982763,0.875,0.0005784034729003906,1.1015710830688477,0.022705078125,400
8192,10,27,C,0.0,40,40,360,40,40,0,100.0,0.0,0.44002192324142936,0.875,0.0008118152618408203,1.2873926162719727,0.022216796875,400
8192,10,27,Q,0.0,40,40,360,35,35,0,87.5,0.0,0.44002192324142936,0.875,0.0008118152618408203,1.2873926162719727,0.022216796875,400
8192,10,28,C,0.0,40,40,360,40,40,0,100.0,0.0,0.4194728503531628,0.775,0.0007584095001220703,1.1068758964538574,0.02001953125,400
8192,10,28,Q,0.0,40,40,360,31,31,0,77.5,0.0,0.4194728503531628,0.775,0.0007584095001220703,1.1068758964538574,0.02001953125,400
8192,10,29,C,0.0,40,40,360,40,40,0,100.0,0.0,0.45034914453180686,0.95,0.0005934238433837891,1.2607405185699463,0.0238037109375,400
8192,10,29,Q,0.0,40,40,360,38,38,0,95.0,0.0,0.45034914453180686,0.95,0.0005934238433837891,1.2607405185699463,0.0238037109375,400
8192,10,30,C,0.0,40,40,360,40,40,0,100.0,0.0,0.43446764073608196,0.85,0.0008144378662109375,1.225590467453003,0.019775390625,400
8192,10,30,Q,0.0,40,40,360,34,34,0,85.0,0.0,0.43446764073608196,0.85,0.0008144378662109375,1.225590467453003,0.019775390625,400
8192,10,31,C,0.0,40,40,360,40,40,0,100.0,0.0,0.4475382542268333,0.925,0.0007255077362060547,0.9565911293029785,0.0220947265625,400
8192,10,31,Q,0.0,40,40,360,37,37,0,92.5,0.0,0.4475382542268333,0.925,0.0007255077362060547,0.9565911293029785,0.0220947265625,400
8192,10,32,C,0.0,40,40,360,40,40,0,100.0,0.0,0.43980948337087883,0.875,0.0007627010345458984,1.271674394607544,0.020751953125,400
8192,10,32,Q,0.0,40,40,360,35,35,0,87.5,0.0,0.43980948337087883,0.875,0.0007627010345458984,1.271674394607544,0.020751953125,400
8192,10,33,C,0.0,40,40,360,40,40,0,100.0,0.0,0.4399509509812414,0.875,0.0005974769592285156,0.779179573059082,0.022216796875,400
8192,10,33,Q,0.0,40,40,360,35,35,0,87.5,0.0,0.4399509509812414,0.875,0.0005974769592285156,0.779179573059082,0.022216796875,400
8192,10,34,C,0.0,40,40,360,40,40,0,100.0,0.0,0.43717676466491123,0.85,0.0007953643798828125,1.2140092849731445,0.02197265625,400
8192,10,34,Q,0.0,40,40,360,34,34,0,85.0,0.0,0.43717676466491123,0.85,0.0007953643798828125,1.2140092849731445,0.02197265625,400
8192,10,35,C,0.0,40,40,360,40,40,0,100.0,0.0,0.4439841745469775,0.9,0.0008947849273681641,1.193312644958496,0.022216796875,400
8192,10,35,Q,0.0,40,40,360,36,36,0,90.0,0.0,0.4439841745469775,0.9,0.0008947849273681641,1.193312644958496,0.022216796875,400
8192,10,36,C,0.0,40,40,360,40,40,0,100.0,0.0,0.4477578779174284,0.9,0.0007002353668212891,1.12677001953125,0.025146484375,400
8192,10,36,Q,0.0,40,40,360,36,36,0,90.0,0.0,0.4477578779174284,0.9,0.0007002353668212891,1.12677001953125,0.025146484375,400
8192,10,37,C,0.0,40,40,360,40,40,0,100.0,0.0,0.43225540067442486,0.85,0.0006685256958007812,1.1859636306762695,0.0225830078125,400
8192,10,37,Q,0.0,40,40,360,34,34,0,85.0,0.0,0.43225540067442486,0.85,0.0006685256958007812,1.1859636306762695,0.0225830078125,400
8192,10,38,C,0.0,40,40,360,40,40,0,100.0,0.0,0.45144182572756913,0.925,0.0004107952117919922,0.6442379951477051,0.021240234375,400
8192,10,38,Q,0.0,40,40,360,37,37,0,92.5,0.0,0.45144182572756913,0.925,0.0004107952117919922,0.6442379951477051,0.021240234375,400
8192,10,39,C,0.0,40,40,360,40,40,0,100.0,0.0,0.4291714830180546,0.825,0.00040721893310546875,0.638181209564209,0.021728515625,400
8192,10,39,Q,0.0,40,40,360,33,33,0,82.5,0.0,0.4291714830180546,0.825,0.00040721893310546875,0.638181209564209,0.021728515625,400
8192,10,40,C,0.0,40,40,360,40,40,0,100.0,0.0,0.4459225771655168,0.9,0.0006093978881835938,1.2521495819091797,0.0235595703125,400
8192,10,40,Q,0.0,40,40,360,36,36,0,90.0,0.0,0.4459225771655168,0.9,0.0006093978881835938,1.2521495819091797,0.0235595703125,400
8192,10,41,C,0.0,40,40,360,40,40,0,100.0,0.0,0.45424884601500737,0.95,0.0005974769592285156,1.3317015171051025,0.021728515625,400
8192,10,41,Q,0.0,40,40,360,38,38,0,95.0,0.0,0.45424884601500737,0.95,0.0005974769592285156,1.3317015171051025,0.021728515625,400
8192,10,42,C,0.0,40,40,360,40,40,0,100.0,0.0,0.4447742005742179,0.875,0.0005936622619628906,1.3358349800109863,0.0228271484375,400
8192,10,42,Q,0.0,40,40,360,35,35,0,87.5,0.0,0.4447742005742179,0.875,0.0005936622619628906,1.3358349800109863,0.0228271484375,400
8192,10,43,C,0.0,40,40,360,40,40,0,100.0,0.0,0.43689405383023444,0.85,0.0005939006805419922,1.335017204284668,0.021240234375,400
8192,10,43,Q,0.0,40,40,360,34,34,0,85.0,0.0,0.43689405383023444,0.85,0.0005939006805419922,1.335017204284668,0.021240234375,400
8192,10,44,C,0.0,40,40,360,40,40,0,100.0,0.0,0.4334524461380883,0.85,0.0009379386901855469,1.346050500869751,0.025146484375,400
8192,10,44,Q,0.0,40,40,360,34,34,0,85.0,0.0,0.4334524461380883,0.85,0.0009379386901855469,1.346050500869751,0.025146484375,400
8192,10,45,C,0.0,40,40,360,40,40,0,100.0,0.0,0.4326152339120061,0.85,0.0006887912750244141,1.348156452178955,0.0234375,400
8192,10,45,Q,0.0,40,40,360,34,34,0,85.0,0.0,0.4326152339120061,0.85,0.0006887912750244141,1.348156452178955,0.0234375,400
8192,10,46,C,0.0,40,40,360,40,40,0,100.0,0.0,0.43175761737086693,0.85,0.0007607936859130859,1.3103208541870117,0.023193359375,400
8192,10,46,Q,0.0,40,40,360,34,34,0,85.0,0.0,0.43175761737086693,0.85,0.0007607936859130859,1.3103208541870117,0.023193359375,400
8192,10,47,C,0.0,40,40,360,40,40,0,100.0,0.0,0.443709877602544,0.875,0.0004138946533203125,0.7426941394805908,0.02197265625,400
8192,10,47,Q,0.0,40,40,360,35,35,0,87.5,0.0,0.443709877602544,0.875,0.0004138946533203125,0.7426941394805908,0.02197265625,400
8192,10,48,C,0.0,40,40,360,40,40,0,100.0,0.0,0.4483194222960544,0.925,0.0003972053527832031,0.7390944957733154,0.021728515625,400
8192,10,48,Q,0.0,40,40,360,37,37,0,92.5,0.0,0.4483194222960544,0.925,0.0003972053527832031,0.7390944957733154,0.021728515625,400
8192,10,49,C,0.0,40,40,360,40,40,0,100.0,0.0,0.45023607110127073,0.925,0.0005884170532226562,1.053501844406128,0.02490234375,400
8192,10,49,Q,0.0,40,40,360,37,37,0,92.5,0.0,0.45023607110127073,0.925,0.0005884170532226562,1.053501844406128,0.02490234375,400
8192,10,50,C,0.0,40,40,360,40,40,0,100.0,0.0,0.43786693279347394,0.875,0.00043010711669921875,0.8802547454833984,0.0238037109375,400
8192,10,50,Q,0.0,40,40,360,35,35,0,87.5,0.0,0.43786693279347394,0.875,0.00043010711669921875,0.8802547454833984,0.0238037109375,400
8192,10,51,C,0.0,40,40,360,40,40,0,100.0,0.0,0.44628183613867345,0.9,0.0003809928894042969,0.7897074222564697,0.0238037109375,400
8192,10,51,Q,0.0,40,40,360,36,36,0,90.0,0.0,0.44628183613867345,0.9,0.0003809928894042969,0.7897074222564697,0.0238037109375,400
8192,10,52,C,0.0,40,40,360,40,40,0,100.0,0.0,0.4364408868936862,0.825,0.0005996227264404297,1.2761039733886719,0.0205078125,400
8192,10,52,Q,0.0,40,40,360,33,33,0,82.5,0.0,0.4364408868936862,0.825,0.0005996227264404297,1.2761039733886719,0.0205078125,400
8192,10,53,C,0.0,40,40,360,40,40,0,100.0,0.0,0.43770595615604274,0.9,0.0007538795471191406,1.2797372341156006,0.023681640625,400
8192,10,53,Q,0.0,40,40,360,36,36,0,90.0,0.0,0.43770595615604274,0.9,0.0007538795471191406,1.2797372341156006,0.023681640625,400
8192,10,54,C,0.0,40,40,360,40,40,0,100.0,0.0,0.4373482753334339,0.85,0.0007691383361816406,1.2772419452667236,0.022216796875,400
8192,10,54,Q,0.0,40,40,360,34,34,0,85.0,0.0,0.4373482753334339,0.85,0.0007691383361816406,1.2772419452667236,0.022216796875,400
8192,10,55,C,0.0,40,40,360,40,40,0,100.0,0.0,0.4506776229461666,0.925,0.0009913444519042969,1.2028717994689941,0.020751953125,400
8192,10,55,Q,0.0,40,40,360,37,37,0,92.5,0.0,0.4506776229461666,0.925,0.0009913444519042969,1.2028717994689941,0.020751953125,400
8192,10,56,C,0.0,40,40,360,40,40,0,100.0,0.0,0.45013741772544247,0.925,0.000926971435546875,1.2357542514801025,0.0224609375,400
8192,10,56,Q,0.0,40,40,360,37,37,0,92.5,0.0,0.45013741772544247,0.925,0.000926971435546875,1.2357542514801025,0.0224609375,400
8192,10,57,C,0.0,40,40,360,40,40,0,100.0,0.0,0.44802357172235197,0.875,0.0006506443023681641,1.0656557083129883,0.0235595703125,400
8192,10,57,Q,0.0,40,40,360,35,35,0,87.5,0.0,0.44802357172235197,0.875,0.0006506443023681641,1.0656557083129883,0.0235595703125,400
8192,10,58,C,0.0,40,40,360,40,40,0,100.0,0.0,0.4336307124139209,0.85,0.0005154609680175781,1.0299513339996338,0.0233154296875,400
8192,10,58,Q,0.0,40,40,360,34,34,0,85.0,0.0,0.4336307124139209,0.85,0.0005154609680175781,1.0299513339996338,0.0233154296875,400
8192,10,59,C,0.0,40,40,360,40,40,0,100.0,0.0,0.4305725153182738,0.825,0.000545501708984375,0.7404582500457764,0.0218505859375,400
8192,10,59,Q,0.0,40,40,360,33,33,0,82.5,0.0,0.4305725153182738,0.825,0.000545501708984375,0.7404582500457764,0.0218505859375,400
8192,15,0,C,0.0,60,60,840,60,60,0,100.0,0.0,0.33914388630830417,0.7333333333333333,0.0011107921600341797,1.6491491794586182,0.0184326171875,900
8192,15,0,Q,0.0,60,60,840,44,44,0,73.33333333333333,0.0,0.33914388630830417,0.7333333333333333,0.0011107921600341797,1.6491491794586182,0.0184326171875,900
8192,15,1,C,0.0,60,60,840,60,60,0,100.0,0.0,0.35020913229635925,0.7833333333333333,0.0009691715240478516,1.7598485946655273,0.0169677734375,900
8192,15,1,Q,0.0,60,60,840,47,47,0,78.33333333333333,0.0,0.35020913229635925,0.7833333333333333,0.0009691715240478516,1.7598485946655273,0.0169677734375,900
8192,15,2,C,0.0,60,60,840,60,60,0,100.0,0.0,0.3522326501432967,0.7833333333333333,0.0009620189666748047,1.7662670612335205,0.0186767578125,900
8192,15,2,Q,0.0,60,60,840,47,47,0,78.33333333333333,0.0,0.3522326501432967,0.7833333333333333,0.0009620189666748047,1.7662670612335205,0.0186767578125,900
8192,15,3,C,0.0,60,60,840,60,60,0,100.0,0.0,0.340719873645159,0.7166666666666667,0.0009603500366210938,1.7381885051727295,0.016845703125,900
8192,15,3,Q,0.0,60,60,840,43,43,0,71.66666666666667,0.0,0.340719873645159,0.7166666666666667,0.0009603500366210938,1.7381885051727295,0.016845703125,900
8192,15,4,C,0.0,60,60,840,60,60,0,100.0,0.0,0.34759123829919464,0.7666666666666667,0.001119852066040039,1.2491934299468994,0.01611328125,900
8192,15,4,Q,0.0,60,60,840,46,46,0,76.66666666666667,0.0,0.34759123829919464,0.7666666666666667,0.001119852066040039,1.2491934299468994,0.01611328125,900
8192,15,5,C,0.0,60,60,840,60,60,0,100.0,0.0,0.34902151436704415,0.7666666666666667,0.0011305809020996094,1.7626171112060547,0.0162353515625,900
8192,15,5,Q,0.0,60,60,840,46,46,0,76.66666666666667,0.0,0.34902151436704415,0.7666666666666667,0.0011305809020996094,1.7626171112060547,0.0162353515625,900
8192,15,6,C,0.0,60,60,840,60,60,0,100.0,0.0,0.34972304226525586,0.7833333333333333,0.0007677078247070312,1.4127044677734375,0.0155029296875,900
8192,15,6,Q,0.0,60,60,840,47,47,0,78.33333333333333,0.0,0.34972304226525586,0.7833333333333333,0.0007677078247070312,1.4127044677734375,0.0155029296875,900
8192,15,7,C,0.0,60,60,840,60,60,0,100.0,0.0,0.3479001280425883,0.7666666666666667,0.001299142837524414,1.8454442024230957,0.0146484375,900
8192,15,7,Q,0.0,60,60,840,46,46,0,76.66666666666667,0.0,0.3479001280425883,0.7666666666666667,0.001299142837524414,1.8454442024230957,0.0146484375,900
8192,15,8,C,0.0,60,60,840,60,60,0,100.0,0.0,0.3563374988823732,0.7833333333333333,0.001058816909790039,1.7995235919952393,0.017822265625,900
8192,15,8,Q,0.0,60,60,840,47,47,0,78.33333333333333,0.0,0.3563374988823732,0.7833333333333333,0.001058816909790039,1.7995235919952393,0.017822265625,900
8192,15,9,C,0.0,60,60,840,60,60,0,100.0,0.0,0.353557049915412,0.7833333333333333,0.0010738372802734375,1.5975847244262695,0.0177001953125,900
8192,15,9,Q,0.0,60,60,840,47,47,0,78.33333333333333,0.0,0.353557049915412,0.7833333333333333,0.0010738372802734375,1.5975847244262695,0.0177001953125,900
8192,15,10,C,0.0,60,60,840,60,60,0,100.0,0.0,0.3561338838243325,0.7833333333333333,0.0009052753448486328,1.2799491882324219,0.017578125,900
8192,15,10,Q,0.0,60,60,840,47,47,0,78.33333333333333,0.0,0.3561338838243325,0.7833333333333333,0.0009052753448486328,1.2799491882324219,0.017578125,900
8192,15,11,C,0.0,60,60,840,60,60,0,100.0,0.0,0.34578695575230445,0.7333333333333333,0.001077413558959961,1.2019262313842773,0.0157470703125,900
8192,15,11,Q,0.0,60,60,840,44,44,0,73.33333333333333,0.0,0.34578695575230445,0.7333333333333333,0.001077413558959961,1.2019262313842773,0.0157470703125,900
8192,15,12,C,0.0,60,60,840,60,60,0,100.0,0.0,0.35476971682976954,0.8,0.0009398460388183594,1.8067286014556885,0.0181884765625,900
8192,15,12,Q,0.0,60,60,840,48,48,0,80.0,0.0,0.35476971682976954,0.8,0.0009398460388183594,1.8067286014556885,0.0181884765625,900
8192,15,13,C,0.0,60,60,840,60,60,0,100.0,0.0,0.3504976382400418,0.7833333333333333,0.0009851455688476562,1.8229060173034668,0.0179443359375,900
8192,15,13,Q,0.0,60,60,840,47,47,0,78.33333333333333,0.0,0.3504976382400418,0.7833333333333333,0.0009851455688476562,1.8229060173034668,0.0179443359375,900
8192,15,14,C,0.0,60,60,840,60,60,0,100.0,0.0,0.34757811538568884,0.7333333333333333,0.0009806156158447266,1.815613031387329,0.0146484375,900
8192,15,14,Q,0.0,60,60,840,44,44,0,73.33333333333333,0.0,0.34757811538568884,0.7333333333333333,0.0009806156158447266,1.815613031387329,0.0146484375,900
8192,15,15,C,0.0,60,60,840,60,60,0,100.0,0.0,0.35701772028535167,0.8166666666666667,0.0011224746704101562,1.3734023571014404,0.016845703125,900
8192,15,15,Q,0.0,60,60,840,49,49,0,81.66666666666667,0.0,0.35701772028535167,0.8166666666666667,0.0011224746704101562,1.3734023571014404,0.016845703125,900
8192,15,16,C,0.0,60,60,840,60,60,0,100.0,0.0,0.33338757162858523,0.7,0.0013375282287597656,1.7770001888275146,0.0152587890625,900
8192,15,16,Q,0.0,60,60,840,42,42,0,70.0,0.0,0.33338757162858523,0.7,0.0013375282287597656,1.7770001888275146,0.0152587890625,900
8192,15,17,C,0.0,60,60,840,60,60,0,100.0,0.0,0.34642723900964545,0.7333333333333333,0.0016963481903076172,1.7740066051483154,0.01611328125,900
8192,15,17,Q,0.0,60,60,840,44,44,0,73.33333333333333,0.0,0.34642723900964545,0.7333333333333333,0.0016963481903076172,1.7740066051483154,0.01611328125,900
8192,15,18,C,0.0,60,60,840,60,60,0,100.0,0.0,0.3605694446540179,0.8333333333333334,0.0010056495666503906,1.6535968780517578,0.017578125,900
8192,15,18,Q,0.0,60,60,840,50,50,0,83.33333333333333,0.0,0.3605694446540179,0.8333333333333334,0.0010056495666503906,1.6535968780517578,0.017578125,900
8192,15,19,C,0.0,60,60,840,60,60,0,100.0,0.0,0.3613565566563359,0.7580645161290323,0.0008819103240966797,1.11421537399292,0.0189208984375,900
8192,15,19,Q,0.0,60,60,840,49,47,2,78.33333333333333,4.081632653061225,0.3613565566563359,0.7580645161290323,0.0008819103240966797,1.11421537399292,0.0189208984375,900
8192,15,20,C,0.0,60,60,840,60,60,0,100.0,0.0,0.3500041552559102,0.7666666666666667,0.0011260509490966797,1.1912553310394287,0.01708984375,900
8192,15,20,Q,0.0,60,60,840,46,46,0,76.66666666666667,0.0,0.3500041552559102,0.7666666666666667,0.0011260509490966797,1.1912553310394287,0.01708984375,900
8192,15,21,C,0.0,60,60,840,60,60,0,100.0,0.0,0.36140376044526906,0.8333333333333334,0.0016486644744873047,1.9106342792510986,0.0157470703125,900
8192,15,21,Q,0.0,60,60,840,50,50,0,83.33333333333333,0.0,0.36140376044526906,0.8333333333333334,0.0016486644744873047,1.9106342792510986,0.0157470703125,900
8192,15,22,C,0.0,60,60,840,60,60,0,100.0,0.0,0.3595451875060892,0.8166666666666667,0.0010876655578613281,1.6963517665863037,0.0169677734375,900
8192,15,22,Q,0.0,60,60,840,49,49,0,81.66666666666667,0.0,0.3595451875060892,0.8166666666666667,0.0010876655578613281,1.6963517665863037,0.0169677734375,900
8192,15,23,C,0.0,60,60,840,60,60,0,100.0,0.0,0.34687377305165695,0.75,0.0011415481567382812,1.7363028526306152,0.0152587890625,900
8192,15,23,Q,0.0,60,60,840,45,45,0,75.0,0.0,0.34687377305165695,0.75,0.0011415481567382812,1.7363028526306152,0.0152587890625,900
8192,15,24,C,0.0,60,60,840,60,60,0,100.0,0.0,0.3669543930406309,0.8666666666666667,0.0008134841918945312,1.0315542221069336,0.0181884765625,900
8192,15,24,Q,0.0,60,60,840,52,52,0,86.66666666666667,0.0,0.3669543930406309,0.8666666666666667,0.0008134841918945312,1.0315542221069336,0.0181884765625,900
8192,15,25,C,0.0,60,60,840,60,60,0,100.0,0.0,0.3593662597587809,0.8,0.0013287067413330078,1.7711169719696045,0.019775390625,900
8192,15,25,Q,0.0,60,60,840,48,48,0,80.0,0.0,0.3593662597587809,0.8,0.0013287067413330078,1.7711169719696045,0.019775390625,900
8192,15,26,C,0.0,60,60,840,60,60,0,100.0,0.0,0.35631846593179534,0.7833333333333333,0.0011649131774902344,1.7824382781982422,0.015625,900
8192,15,26,Q,0.0,60,60,840,47,47,0,78.33333333333333,0.0,0.35631846593179534,0.7833333333333333,0.0011649131774902344,1.7824382781982422,0.015625,900
8192,15,27,C,0.0,60,60,840,60,60,0,100.0,0.0,0.3535507420044324,0.8,0.0010669231414794922,1.6083683967590332,0.0162353515625,900
8192,15,27,Q,0.0,60,60,840,48,48,0,80.0,0.0,0.3535507420044324,0.8,0.0010669231414794922,1.6083683967590332,0.0162353515625,900
8192,15,28,C,0.0,60,60,840,60,60,0,100.0,0.0,0.35886145765654714,0.8166666666666667,0.0006191730499267578,0.9852280616760254,0.01904296875,900
8192,15,28,Q,0.0,60,60,840,49,49,0,81.66666666666667,0.0,0.35886145765654714,0.8166666666666667,0.0006191730499267578,0.9852280616760254,0.01904296875,900
8192,15,29,C,0.0,60,60,840,60,60,0,100.0,0.0,0.3336402050936791,0.6833333333333333,0.0011250972747802734,1.5614418983459473,0.0152587890625,900
8192,15,29,Q,0.0,60,60,840,41,41,0,68.33333333333333,0.0,0.3336402050936791,0.6833333333333333,0.0011250972747802734,1.5614418983459473,0.0152587890625,900
8192,15,30,C,0.0,60,60,840,60,60,0,100.0,0.0,0.3405581177395359,0.7333333333333333,0.0013163089752197266,1.7425196170806885,0.0150146484375,900
8192,15,30,Q,0.0,60,60,840,44,44,0,73.33333333333333,0.0,0.3405581177395359,0.7333333333333333,0.0013163089752197266,1.7425196170806885,0.0150146484375,900
8192,15,31,C,0.0,60,60,840,60,60,0,100.0,0.0,0.3604050467718367,0.8166666666666667,0.0011017322540283203,1.664625644683838,0.0150146484375,900
8192,15,31,Q,0.0,60,60,840,49,49,0,81.66666666666667,0.0,0.3604050467718367,0.8166666666666667,0.0011017322540283203,1.664625644683838,0.0150146484375,900
8192,15,32,C,0.0,60,60,840,60,60,0,100.0,0.0,0.358766620952687,0.8166666666666667,0.0008544921875,1.6212222576141357,0.017822265625,900
8192,15,32,Q,0.0,60,60,840,49,49,0,81.66666666666667,0.0,0.358766620952687,0.8166666666666667,0.0008544921875,1.6212222576141357,0.017822265625,900
8192,15,33,C,0.0,60,60,840,60,60,0,100.0,0.0,0.34016671701881845,0.75,0.0009665489196777344,1.6670410633087158,0.017822265625,900
8192,15,33,Q,0.0,60,60,840,45,45,0,75.0,0.0,0.34016671701881845,0.75,0.0009665489196777344,1.6670410633087158,0.017822265625,900
8192,15,34,C,0.0,60,60,840,60,60,0,100.0,0.0,0.3586874002220262,0.8333333333333334,0.001294851303100586,1.6587557792663574,0.0181884765625,900
8192,15,34,Q,0.0,60,60,840,50,50,0,83.33333333333333,0.0,0.3586874002220262,0.8333333333333334,0.001294851303100586,1.6587557792663574,0.0181884765625,900
8192,15,35,C,0.0,60,60,840,60,60,0,100.0,0.0,0.3499361192004897,0.7666666666666667,0.0010838508605957031,1.6580193042755127,0.0166015625,900
8192,15,35,Q,0.0,60,60,840,46,46,0,76.66666666666667,0.0,0.3499361192004897,0.7666666666666667,0.0010838508605957031,1.6580193042755127,0.0166015625,900
8192,15,36,C,0.0,60,60,840,60,60,0,100.0,0.0,0.35615292632864837,0.7833333333333333,0.0011477470397949219,1.67429780960083,0.019775390625,900
8192,15,36,Q,0.0,60,60,840,47,47,0,78.33333333333333,0.0,0.35615292632864837,0.7833333333333333,0.0011477470397949219,1.67429780960083,0.019775390625,900
8192,15,37,C,0.0,60,60,840,60,60,0,100.0,0.0,0.36286256300568087,0.8666666666666667,0.0009684562683105469,1.6682653427124023,0.0186767578125,900
8192,15,37,Q,0.0,60,60,840,52,52,0,86.66666666666667,0.0,0.36286256300568087,0.8666666666666667,0.0009684562683105469,1.6682653427124023,0.0186767578125,900
8192,15,38,C,0.0,60,60,840,60,60,0,100.0,0.0,0.3704924611543898,0.8666666666666667,0.0006766319274902344,1.417062759399414,0.01611328125,900
8192,15,38,Q,0.0,60,60,840,52,52,0,86.66666666666667,0.0,0.3704924611543898,0.8666666666666667,0.0006766319274902344,1.417062759399414,0.01611328125,900
8192,15,39,C,0.0,60,60,840,60,60,0,100.0,0.0,0.3560529708398133,0.8,0.0013201236724853516,1.7495763301849365,0.01904296875,900
8192,15,39,Q,0.0,60,60,840,48,48,0,80.0,0.0,0.3560529708398133,0.8,0.0013201236724853516,1.7495763301849365,0.01904296875,900
8192,15,40,C,0.0,60,60,840,60,60,0,100.0,0.0,0.35157830396537215,0.8,0.001976490020751953,1.8256230354309082,0.01708984375,900
8192,15,40,Q,0.0,60,60,840,48,48,0,80.0,0.0,0.35157830396537215,0.8,0.001976490020751953,1.8256230354309082,0.01708984375,900
8192,15,41,C,0.0,60,60,840,60,60,0,100.0,0.0,0.35408923687071236,0.8,0.0011284351348876953,1.7101027965545654,0.017822265625,900
8192,15,41,Q,0.0,60,60,840,48,48,0,80.0,0.0,0.35408923687071236,0.8,0.0011284351348876953,1.7101027965545654,0.017822265625,900
8192,15,42,C,0.0,60,60,840,60,60,0,100.0,0.0,0.35877199210989175,0.8,0.0008976459503173828,1.6630604267120361,0.0167236328125,900
8192,15,42,Q,0.0,60,60,840,48,48,0,80.0,0.0,0.35877199210989175,0.8,0.0008976459503173828,1.6630604267120361,0.0167236328125,900
8192,15,43,C,0.0,60,60,840,60,60,0,100.0,0.0,0.351895217803963,0.8166666666666667,0.0010263919830322266,1.6236224174499512,0.017333984375,900
8192,15,43,Q,0.0,60,60,840,49,49,0,81.66666666666667,0.0,0.351895217803963,0.8166666666666667,0.0010263919830322266,1.6236224174499512,0.017333984375,900
8192,15,44,C,0.0,60,60,840,60,60,0,100.0,0.0,0.33920946738434415,0.7166666666666667,0.0011322498321533203,1.6992335319519043,0.016845703125,900
8192,15,44,Q,0.0,60,60,840,43,43,0,71.66666666666667,0.0,0.33920946738434415,0.7166666666666667,0.0011322498321533203,1.6992335319519043,0.016845703125,900
8192,15,45,C,0.0,60,60,840,60,60,0,100.0,0.0,0.3401161510112389,0.7166666666666667,0.0011081695556640625,1.6336965560913086,0.0174560546875,900
8192,15,45,Q,0.0,60,60,840,43,43,0,71.66666666666667,0.0,0.3401161510112389,0.7166666666666667,0.0011081695556640625,1.6336965560913086,0.0174560546875,900
8192,15,46,C,0.0,60,60,840,60,60,0,100.0,0.0,0.3485067452336474,0.75,0.0009758472442626953,1.5849266052246094,0.0179443359375,900
8192,15,46,Q,0.0,60,60,840,45,45,0,75.0,0.0,0.3485067452336474,0.75,0.0009758472442626953,1.5849266052246094,0.0179443359375,900
8192,15,47,C,0.0,60,60,840,60,60,0,100.0,0.0,0.3506536401216569,0.7833333333333333,0.0011496543884277344,1.6746008396148682,0.01708984375,900
8192,15,47,Q,0.0,60,60,840,47,47,0,78.33333333333333,0.0,0.3506536401216569,0.7833333333333333,0.0011496543884277344,1.6746008396148682,0.01708984375,900
8192,15,48,C,0.0,60,60,840,60,60,0,100.0,0.0,0.33901370133446235,0.7166666666666667,0.0005841255187988281,1.814624309539795,0.0147705078125,900
8192,15,48,Q,0.0,60,60,840,43,43,0,71.66666666666667,0.0,0.33901370133446235,0.7166666666666667,0.0005841255187988281,1.814624309539795,0.0147705078125,900
8192,15,49,C,0.0,60,60,840,60,60,0,100.0,0.0,0.3528209448920627,0.7833333333333333,0.0013527870178222656,1.883589506149292,0.0194091796875,900
8192,15,49,Q,0.0,60,60,840,47,47,0,78.33333333333333,0.0,0.3528209448920627,0.7833333333333333,0.0013527870178222656,1.883589506149292,0.0194091796875,900
8192,15,50,C,0.0,60,60,840,60,60,0,100.0,0.0,0.3521415241533068,0.7833333333333333,0.0010411739349365234,1.8228375911712646,0.01806640625,900
8192,15,50,Q,0.0,60,60,840,47,47,0,78.33333333333333,0.0,0.3521415241533068,0.7833333333333333,0.0010411739349365234,1.8228375911712646,0.01806640625,900
8192,15,51,C,0.0,60,60,840,60,60,0,100.0,0.0,0.32952548688302513,0.6833333333333333,0.0009112358093261719,1.6180927753448486,0.0159912109375,900
8192,15,51,Q,0.0,60,60,840,41,41,0,68.33333333333333,0.0,0.32952548688302513,0.6833333333333333,0.0009112358093261719,1.6180927753448486,0.0159912109375,900
8192,15,52,C,0.0,60,60,840,60,60,0,100.0,0.0,0.3359379788659363,0.7,0.0009684562683105469,1.717498540878296,0.015625,900
8192,15,52,Q,0.0,60,60,840,42,42,0,70.0,0.0,0.3359379788659363,0.7,0.0009684562683105469,1.717498540878296,0.015625,900
8192,15,53,C,0.0,60,60,840,60,60,0,100.0,0.0,0.3686849465026248,0.8833333333333333,0.001100301742553711,1.6699542999267578,0.0174560546875,900
8192,15,53,Q,0.0,60,60,840,53,53,0,88.33333333333333,0.0,0.3686849465026248,0.8833333333333333,0.001100301742553711,1.6699542999267578,0.0174560546875,900
8192,15,54,C,0.0,60,60,840,60,60,0,100.0,0.0,0.35170360673130296,0.7666666666666667,0.0011768341064453125,1.7313663959503174,0.015869140625,900
8192,15,54,Q,0.0,60,60,840,46,46,0,76.66666666666667,0.0,0.35170360673130296,0.7666666666666667,0.0011768341064453125,1.7313663959503174,0.015869140625,900
8192,15,55,C,0.0,60,60,840,60,60,0,100.0,0.0,0.3475598069038762,0.75,0.0011205673217773438,1.6596996784210205,0.017578125,900
8192,15,55,Q,0.0,60,60,840,45,45,0,75.0,0.0,0.3475598069038762,0.75,0.0011205673217773438,1.6596996784210205,0.017578125,900
8192,15,56,C,0.0,60,60,840,60,60,0,100.0,0.0,0.3523248940650889,0.7666666666666667,0.0011584758758544922,1.6337387561798096,0.01904296875,900
8192,15,56,Q,0.0,60,60,840,46,46,0,76.66666666666667,0.0,0.3523248940650889,0.7666666666666667,0.0011584758758544922,1.6337387561798096,0.01904296875,900
8192,15,57,C,0.0,60,60,840,60,60,0,100.0,0.0,0.36090227403884456,0.8333333333333334,0.0012440681457519531,1.6312816143035889,0.0164794921875,900
8192,15,57,Q,0.0,60,60,840,50,50,0,83.33333333333333,0.0,0.36090227403884456,0.8333333333333334,0.0012440681457519531,1.6312816143035889,0.0164794921875,900
8192,15,58,C,0.0,60,60,840,60,60,0,100.0,0.0,0.3675542180092771,0.85,0.0007259845733642578,1.8794615268707275,0.0159912109375,900
8192,15,58,Q,0.0,60,60,840,51,51,0,85.0,0.0,0.3675542180092771,0.85,0.0007259845733642578,1.8794615268707275,0.0159912109375,900
8192,15,59,C,0.0,60,60,840,60,60,0,100.0,0.0,0.3505244912342968,0.7666666666666667,0.0013232231140136719,1.8012337684631348,0.016845703125,900
8192,15,59,Q,0.0,60,60,840,46,46,0,76.66666666666667,0.0,0.3505244912342968,0.7666666666666667,0.0013232231140136719,1.8012337684631348,0.016845703125,900
8192,20,0,C,0.0,80,80,1520,80,80,0,100.0,0.0,0.2557212683909939,0.525,0.0015566349029541016,2.2591590881347656,0.00830078125,1600
8192,20,0,Q,0.0,80,80,1520,42,42,0,52.5,0.0,0.2557212683909939,0.525,0.0015566349029541016,2.2591590881347656,0.00830078125,1600
8192,20,1,C,0.0,80,80,1520,80,80,0,100.0,0.0,0.2682341788463694,0.575,0.0015947818756103516,2.0134878158569336,0.0098876953125,1600
8192,20,1,Q,0.0,80,80,1520,46,46,0,57.5,0.0,0.2682341788463694,0.575,0.0015947818756103516,2.0134878158569336,0.0098876953125,1600
8192,20,2,C,0.0,80,80,1520,80,80,0,100.0,0.0,0.25247243259312907,0.5,0.0015079975128173828,1.9906444549560547,0.009033203125,1600
8192,20,2,Q,0.0,80,80,1520,40,40,0,50.0,0.0,0.25247243259312907,0.5,0.0015079975128173828,1.9906444549560547,0.009033203125,1600
8192,20,3,C,0.0,80,80,1520,80,80,0,100.0,0.0,0.26612271538049787,0.5375,0.0013968944549560547,2.0648393630981445,0.01123046875,1600
8192,20,3,Q,0.0,80,80,1520,43,43,0,53.75,0.0,0.26612271538049787,0.5375,0.0013968944549560547,2.0648393630981445,0.01123046875,1600
8192,20,4,C,0.0,80,80,1520,80,80,0,100.0,0.0,0.2654818194193958,0.575,0.0015261173248291016,1.9473273754119873,0.0091552734375,1600
8192,20,4,Q,0.0,80,80,1520,46,46,0,57.5,0.0,0.2654818194193958,0.575,0.0015261173248291016,1.9473273754119873,0.0091552734375,1600
8192,20,5,C,0.0,80,80,1520,80,80,0,100.0,0.0,0.28229292786911564,0.625,0.0015554428100585938,2.111382007598877,0.01220703125,1600
8192,20,5,Q,0.0,80,80,1520,50,50,0,62.5,0.0,0.28229292786911564,0.625,0.0015554428100585938,2.111382007598877,0.01220703125,1600
8192,20,6,C,0.0,80,80,1520,80,80,0,100.0,0.0,0.2843054857837624,0.65,0.001384735107421875,2.1282765865325928,0.0115966796875,1600
8192,20,6,Q,0.0,80,80,1520,52,52,0,65.0,0.0,0.2843054857837624,0.65,0.001384735107421875,2.1282765865325928,0.0115966796875,1600
8192,20,7,C,0.0,80,80,1520,80,80,0,100.0,0.0,0.2627947958151437,0.5375,0.0016069412231445312,2.1176602840423584,0.0101318359375,1600
8192,20,7,Q,0.0,80,80,1520,43,43,0,53.75,0.0,0.2627947958151437,0.5375,0.0016069412231445312,2.1176602840423584,0.0101318359375,1600
8192,20,8,C,0.0,80,80,1520,80,80,0,100.0,0.0,0.2736573641174317,0.5875,0.0014679431915283203,2.746772289276123,0.0107421875,1600
8192,20,8,Q,0.0,80,80,1520,47,47,0,58.75,0.0,0.2736573641174317,0.5875,0.0014679431915283203,2.746772289276123,0.0107421875,1600
8192,20,9,C,0.0,80,80,1520,80,80,0,100.0,0.0,0.2602191996908679,0.5375,0.0013208389282226562,2.061185836791992,0.00927734375,1600
8192,20,9,Q,0.0,80,80,1520,43,43,0,53.75,0.0,0.2602191996908679,0.5375,0.0013208389282226562,2.061185836791992,0.00927734375,1600
8192,20,10,C,0.0,80,80,1520,80,80,0,100.0,0.0,0.29145798239392035,0.7,0.0015749931335449219,2.203908920288086,0.0115966796875,1600
8192,20,10,Q,0.0,80,80,1520,56,56,0,70.0,0.0,0.29145798239392035,0.7,0.0015749931335449219,2.203908920288086,0.0115966796875,1600
8192,20,11,C,0.0,80,80,1520,80,80,0,100.0,0.0,0.2923939165577347,0.675,0.0015249252319335938,2.0495874881744385,0.012939453125,1600
8192,20,11,Q,0.0,80,80,1520,54,54,0,67.5,0.0,0.2923939165577347,0.675,0.0015249252319335938,2.0495874881744385,0.012939453125,1600
8192,20,12,C,0.0,80,80,1520,80,80,0,100.0,0.0,0.2851743048142606,0.625,0.0015423297882080078,1.882805585861206,0.01025390625,1600
8192,20,12,Q,0.0,80,80,1520,50,50,0,62.5,0.0,0.2851743048142606,0.625,0.0015423297882080078,1.882805585861206,0.01025390625,1600
8192,20,13,C,0.0,80,80,1520,80,80,0,100.0,0.0,0.2735520525919607,0.575,0.0014696121215820312,2.0326926708221436,0.0103759765625,1600
8192,20,13,Q,0.0,80,80,1520,46,46,0,57.5,0.0,0.2735520525919607,0.575,0.0014696121215820312,2.0326926708221436,0.0103759765625,1600
8192,20,14,C,0.0,80,80,1520,80,80,0,100.0,0.0,0.2865553493460973,0.65,0.0017805099487304688,2.147562265396118,0.0113525390625,1600
8192,20,14,Q,0.0,80,80,1520,52,52,0,65.0,0.0,0.2865553493460973,0.65,0.0017805099487304688,2.147562265396118,0.0113525390625,1600
8192,20,15,C,0.0,80,80,1520,83,80,3,100.0,3.6144578313253013,0.3046659177995618,0.6987951807228916,0.0015361309051513672,2.196279764175415,0.0137939453125,1600
8192,20,15,Q,0.0,80,80,1520,58,56,2,70.0,3.4482758620689653,0.3046659177995618,0.6987951807228916,0.0015361309051513672,2.196279764175415,0.0137939453125,1600
8192,20,16,C,0.0,80,80,1520,80,80,0,100.0,0.0,0.26859204897173483,0.5625,0.0013759136199951172,2.069955348968506,0.0107421875,1600
8192,20,16,Q,0.0,80,80,1520,45,45,0,56.25,0.0,0.26859204897173483,0.5625,0.0013759136199951172,2.069955348968506,0.0107421875,1600
8192,20,17,C,0.0,80,80,1520,80,80,0,100.0,0.0,0.2590506341766464,0.5375,0.0016162395477294922,2.211303472518921,0.01025390625,1600
8192,20,17,Q,0.0,80,80,1520,43,43,0,53.75,0.0,0.2590506341766464,0.5375,0.0016162395477294922,2.211303472518921,0.01025390625,1600
8192,20,18,C,0.0,80,80,1520,80,80,0,100.0,0.0,0.26753482140584317,0.575,0.0013513565063476562,2.0337042808532715,0.0103759765625,1600
8192,20,18,Q,0.0,80,80,1520,46,46,0,57.5,0.0,0.26753482140584317,0.575,0.0013513565063476562,2.0337042808532715,0.0103759765625,1600
8192,20,19,C,0.0,80,80,1520,80,80,0,100.0,0.0,0.2737655806622942,0.5802469135802469,0.0012564659118652344,1.7576518058776855,0.01123046875,1600
8192,20,19,Q,0.0,80,80,1520,48,47,1,58.75,2.0833333333333335,0.2737655806622942,0.5802469135802469,0.0012564659118652344,1.7576518058776855,0.01123046875,1600
8192,20,20,C,0.0,80,80,1520,80,80,0,100.0,0.0,0.2643346132445808,0.55,0.0013086795806884766,2.0178723335266113,0.0111083984375,1600
8192,20,20,Q,0.0,80,80,1520,44,44,0,55.0,0.0,0.2643346132445808,0.55,0.0013086795806884766,2.0178723335266113,0.0111083984375,1600
8192,20,21,C,0.0,80,80,1520,80,80,0,100.0,0.0,0.2612502506653433,0.5375,0.0013628005981445312,1.9402341842651367,0.010009765625,1600
8192,20,21,Q,0.0,80,80,1520,43,43,0,53.75,0.0,0.2612502506653433,0.5375,0.0013628005981445312,1.9402341842651367,0.010009765625,1600
8192,20,22,C,0.0,80,80,1520,80,80,0,100.0,0.0,0.2736738463944536,0.6,0.001214742660522461,2.4874720573425293,0.01171875,1600
8192,20,22,Q,0.0,80,80,1520,48,48,0,60.0,0.0,0.2736738463944536,0.6,0.001214742660522461,2.4874720573425293,0.01171875,1600
8192,20,23,C,0.0,80,80,1520,80,80,0,100.0,0.0,0.27032366732730334,0.5625,0.0017676353454589844,2.8084583282470703,0.00927734375,1600
8192,20,23,Q,0.0,80,80,1520,45,45,0,56.25,0.0,0.27032366732730334,0.5625,0.0017676353454589844,2.8084583282470703,0.00927734375,1600
8192,20,24,C,0.0,80,80,1520,80,80,0,100.0,0.0,0.27372243410714614,0.5875,0.0013966560363769531,2.101698875427246,0.0098876953125,1600
8192,20,24,Q,0.0,80,80,1520,47,47,0,58.75,0.0,0.27372243410714614,0.5875,0.0013966560363769531,2.101698875427246,0.0098876953125,1600
8192,20,25,C,0.0,80,80,1520,80,80,0,100.0,0.0,0.26042886195358983,0.55,0.0019345283508300781,2.853781223297119,0.009765625,1600
8192,20,25,Q,0.0,80,80,1520,44,44,0,55.0,0.0,0.26042886195358983,0.55,0.0019345283508300781,2.853781223297119,0.009765625,1600
8192,20,26,C,0.0,80,80,1520,80,80,0,100.0,0.0,0.28499955454459874,0.65,0.0013427734375,1.47298002243042,0.01123046875,1600
8192,20,26,Q,0.0,80,80,1520,52,52,0,65.0,0.0,0.28499955454459874,0.65,0.0013427734375,1.47298002243042,0.01123046875,1600
8192,20,27,C,0.0,80,80,1520,80,80,0,100.0,0.0,0.2684078551493159,0.575,0.0012850761413574219,1.9018495082855225,0.0101318359375,1600
8192,20,27,Q,0.0,80,80,1520,46,46,0,57.5,0.0,0.2684078551493159,0.575,0.0012850761413574219,1.9018495082855225,0.0101318359375,1600
8192,20,28,C,0.0,80,80,1520,80,80,0,100.0,0.0,0.256731700726454,0.5375,0.0016086101531982422,1.6136631965637207,0.0103759765625,1600
8192,20,28,Q,0.0,80,80,1520,43,43,0,53.75,0.0,0.256731700726454,0.5375,0.0016086101531982422,1.6136631965637207,0.0103759765625,1600
8192,20,29,C,0.0,80,80,1520,80,80,0,100.0,0.0,0.2866780280225051,0.675,0.0015273094177246094,2.030376672744751,0.0115966796875,1600
8192,20,29,Q,0.0,80,80,1520,54,54,0,67.5,0.0,0.2866780280225051,0.675,0.0015273094177246094,2.030376672744751,0.0115966796875,1600
8192,20,30,C,0.0,80,80,1520,80,80,0,100.0,0.0,0.27285528501908957,0.6125,0.0015954971313476562,2.093360424041748,0.01123046875,1600
8192,20,30,Q,0.0,80,80,1520,49,49,0,61.25,0.0,0.27285528501908957,0.6125,0.0015954971313476562,2.093360424041748,0.01123046875,1600
8192,20,31,C,0.0,80,80,1520,80,80,0,100.0,0.0,0.2786528192447734,0.6,0.0014913082122802734,2.020789384841919,0.010986328125,1600
8192,20,31,Q,0.0,80,80,1520,48,48,0,60.0,0.0,0.2786528192447734,0.6,0.0014913082122802734,2.020789384841919,0.010986328125,1600
8192,20,32,C,0.0,80,80,1520,80,80,0,100.0,0.0,0.26860591818079305,0.575,0.001512289047241211,2.176337480545044,0.0120849609375,1600
8192,20,32,Q,0.0,80,80,1520,46,46,0,57.5,0.0,0.26860591818079305,0.575,0.001512289047241211,2.176337480545044,0.0120849609375,1600
8192,20,33,C,0.0,80,80,1520,80,80,0,100.0,0.0,0.25487428601443757,0.5125,0.0014069080352783203,1.6841106414794922,0.0091552734375,1600
8192,20,33,Q,0.0,80,80,1520,41,41,0,51.25,0.0,0.25487428601443757,0.5125,0.0014069080352783203,1.6841106414794922,0.0091552734375,1600
8192,20,34,C,0.0,80,80,1520,80,80,0,100.0,0.0,0.2719273214553402,0.5875,0.0015671253204345703,2.690199613571167,0.0115966796875,1600
8192,20,34,Q,0.0,80,80,1520,47,47,0,58.75,0.0,0.2719273214553402,0.5875,0.0015671253204345703,2.690199613571167,0.0115966796875,1600
8192,20,35,C,0.0,80,80,1520,80,80,0,100.0,0.0,0.25671246389717517,0.525,0.0018148422241210938,2.1371917724609375,0.01025390625,1600
8192,20,35,Q,0.0,80,80,1520,42,42,0,52.5,0.0,0.25671246389717517,0.525,0.0018148422241210938,2.1371917724609375,0.01025390625,1600
8192,20,36,C,0.0,80,80,1520,80,80,0,100.0,0.0,0.2690521143775459,0.5875,0.0016551017761230469,2.2384161949157715,0.0125732421875,1600
8192,20,36,Q,0.0,80,80,1520,47,47,0,58.75,0.0,0.2690521143775459,0.5875,0.0016551017761230469,2.2384161949157715,0.0125732421875,1600
8192,20,37,C,0.0,80,80,1520,80,80,0,100.0,0.0,0.2802532796628374,0.6375,0.0016415119171142578,2.2334654331207275,0.0106201171875,1600
8192,20,37,Q,0.0,80,80,1520,51,51,0,63.75,0.0,0.2802532796628374,0.6375,0.0016415119171142578,2.2334654331207275,0.0106201171875,1600
8192,20,38,C,0.0,80,80,1520,80,80,0,100.0,0.0,0.2631520678177084,0.575,0.0013835430145263672,2.0263705253601074,0.0113525390625,1600
8192,20,38,Q,0.0,80,80,1520,46,46,0,57.5,0.0,0.2631520678177084,0.575,0.0013835430145263672,2.0263705253601074,0.0113525390625,1600
8192,20,39,C,0.0,80,80,1520,80,80,0,100.0,0.0,0.27415894800630874,0.6,0.0015590190887451172,2.0280661582946777,0.0101318359375,1600
8192,20,39,Q,0.0,80,80,1520,48,48,0,60.0,0.0,0.27415894800630874,0.6,0.0015590190887451172,2.0280661582946777,0.0101318359375,1600
8192,20,40,C,0.0,80,80,1520,80,80,0,100.0,0.0,0.27471906887909614,0.575,0.0015642642974853516,2.087827444076538,0.00927734375,1600
8192,20,40,Q,0.0,80,80,1520,46,46,0,57.5,0.0,0.27471906887909614,0.575,0.0015642642974853516,2.087827444076538,0.00927734375,1600
8192,20,41,C,0.0,80,80,1520,80,80,0,100.0,0.0,0.2707812152127664,0.5875,0.001520395278930664,1.9984798431396484,0.010986328125,1600
8192,20,41,Q,0.0,80,80,1520,47,47,0,58.75,0.0,0.2707812152127664,0.5875,0.001520395278930664,1.9984798431396484,0.010986328125,1600
8192,20,42,C,0.0,80,80,1520,80,80,0,100.0,0.0,0.27706100038145487,0.6,0.0013887882232666016,2.1180171966552734,0.0101318359375,1600
8192,20,42,Q,0.0,80,80,1520,48,48,0,60.0,0.0,0.27706100038145487,0.6,0.0013887882232666016,2.1180171966552734,0.0101318359375,1600
8192,20,43,C,0.0,80,80,1520,80,80,0,100.0,0.0,0.272664602673773,0.6125,0.001565694808959961,2.1031365394592285,0.011962890625,1600
8192,20,43,Q,0.0,80,80,1520,49,49,0,61.25,0.0,0.272664602673773,0.6125,0.001565694808959961,2.1031365394592285,0.011962890625,1600
8192,20,44,C,0.0,80,80,1520,80,80,0,100.0,0.0,0.2856265306118329,0.6375,0.0015897750854492188,2.28269624710083,0.0118408203125,1600
8192,20,44,Q,0.0,80,80,1520,51,51,0,63.75,0.0,0.2856265306118329,0.6375,0.0015897750854492188,2.28269624710083,0.0118408203125,1600
8192,20,45,C,0.0,80,80,1520,80,80,0,100.0,0.0,0.27200422382342254,0.575,0.001295328140258789,2.492300271987915,0.01220703125,1600
8192,20,45,Q,0.0,80,80,1520,46,46,0,57.5,0.0,0.27200422382342254,0.575,0.001295328140258789,2.492300271987915,0.01220703125,1600
8192,20,46,C,0.0,80,80,1520,80,80,0,100.0,0.0,0.2755250775859058,0.6125,0.0016086101531982422,2.1954538822174072,0.0111083984375,1600
8192,20,46,Q,0.0,80,80,1520,49,49,0,61.25,0.0,0.2755250775859058,0.6125,0.0016086101531982422,2.1954538822174072,0.0111083984375,1600
8192,20,47,C,0.0,80,80,1520,80,80,0,100.0,0.0,0.26070936083739665,0.5375,0.0015583038330078125,2.266968011856079,0.01025390625,1600
8192,20,47,Q,0.0,80,80,1520,43,43,0,53.75,0.0,0.26070936083739665,0.5375,0.0015583038330078125,2.266968011856079,0.01025390625,1600
8192,20,48,C,0.0,80,80,1520,80,80,0,100.0,0.0,0.27696962072287684,0.6125,0.0014939308166503906,1.964158535003662,0.011474609375,1600
8192,20,48,Q,0.0,80,80,1520,49,49,0,61.25,0.0,0.27696962072287684,0.6125,0.0014939308166503906,1.964158535003662,0.011474609375,1600
8192,20,49,C,0.0,80,80,1520,80,80,0,100.0,0.0,0.28717986589375316,0.6625,0.0015339851379394531,2.017861843109131,0.010986328125,1600
8192,20,49,Q,0.0,80,80,1520,53,53,0,66.25,0.0,0.28717986589375316,0.6625,0.0015339851379394531,2.017861843109131,0.010986328125,1600
8192,20,50,C,0.0,80,80,1520,80,80,0,100.0,0.0,0.27288270828548633,0.6,0.0014543533325195312,1.8312509059906006,0.0103759765625,1600
8192,20,50,Q,0.0,80,80,1520,48,48,0,60.0,0.0,0.27288270828548633,0.6,0.0014543533325195312,1.8312509059906006,0.0103759765625,1600
8192,20,51,C,0.0,80,80,1520,80,80,0,100.0,0.0,0.2873514986900875,0.65,0.0015347003936767578,1.8843302726745605,0.0115966796875,1600
8192,20,51,Q,0.0,80,80,1520,52,52,0,65.0,0.0,0.2873514986900875,0.65,0.0015347003936767578,1.8843302726745605,0.0115966796875,1600
8192,20,52,C,0.0,80,80,1520,80,80,0,100.0,0.0,0.27130933607287494,0.575,0.0015587806701660156,2.0782532691955566,0.01123046875,1600
8192,20,52,Q,0.0,80,80,1520,46,46,0,57.5,0.0,0.27130933607287494,0.575,0.0015587806701660156,2.0782532691955566,0.01123046875,1600
8192,20,53,C,0.0,80,80,1520,80,80,0,100.0,0.0,0.27085695900231394,0.575,0.0014142990112304688,2.0853888988494873,0.010498046875,1600
8192,20,53,Q,0.0,80,80,1520,46,46,0,57.5,0.0,0.27085695900231394,0.575,0.0014142990112304688,2.0853888988494873,0.010498046875,1600
8192,20,54,C,0.0,80,80,1520,80,80,0,100.0,0.0,0.2698840945885943,0.575,0.001603841781616211,2.2483115196228027,0.0106201171875,1600
8192,20,54,Q,0.0,80,80,1520,46,46,0,57.5,0.0,0.2698840945885943,0.575,0.001603841781616211,2.2483115196228027,0.0106201171875,1600
8192,20,55,C,0.0,80,80,1520,80,80,0,100.0,0.0,0.27813424107483486,0.6375,0.0015034675598144531,2.297192335128784,0.0108642578125,1600
8192,20,55,Q,0.0,80,80,1520,51,51,0,63.75,0.0,0.27813424107483486,0.6375,0.0015034675598144531,2.297192335128784,0.0108642578125,1600
8192,20,56,C,0.0,80,80,1520,80,80,0,100.0,0.0,0.2605612107677483,0.5375,0.0015692710876464844,2.241406202316284,0.00927734375,1600
8192,20,56,Q,0.0,80,80,1520,43,43,0,53.75,0.0,0.2605612107677483,0.5375,0.0015692710876464844,2.241406202316284,0.00927734375,1600
8192,20,57,C,0.0,80,80,1520,80,80,0,100.0,0.0,0.28851161775596335,0.6625,0.0013642311096191406,2.0399701595306396,0.01318359375,1600
8192,20,57,Q,0.0,80,80,1520,53,53,0,66.25,0.0,0.28851161775596335,0.6625,0.0013642311096191406,2.0399701595306396,0.01318359375,1600
8192,20,58,C,0.0,80,80,1520,80,80,0,100.0,0.0,0.27419327542418837,0.5875,0.0015230178833007812,2.060356378555298,0.01220703125,1600
8192,20,58,Q,0.0,80,80,1520,47,47,0,58.75,0.0,0.27419327542418837,0.5875,0.0015230178833007812,2.060356378555298,0.01220703125,1600
8192,20,59,C,0.0,80,80,1520,80,80,0,100.0,0.0,0.27299496706307436,0.575,0.0011601448059082031,2.578617572784424,0.010498046875,1600
8192,20,59,Q,0.0,80,80,1520,46,46,0,57.5,0.0,0.27299496706307436,0.575,0.0011601448059082031,2.578617572784424,0.010498046875,1600
8192,30,0,C,0.0,120,120,3480,120,120,0,100.0,0.0,0.18053607165542343,0.35,0.0024564266204833984,2.960688591003418,0.0079345703125,3600
8192,30,0,Q,0.0,120,120,3480,42,42,0,35.0,0.0,0.18053607165542343,0.35,0.0024564266204833984,2.960688591003418,0.0079345703125,3600
8192,30,1,C,0.0,120,120,3480,120,120,0,100.0,0.0,0.17121918482215648,0.325,0.0025110244750976562,3.792543649673462,0.0062255859375,3600
8192,30,1,Q,0.0,120,120,3480,39,39,0,32.5,0.0,0.17121918482215648,0.325,0.0025110244750976562,3.792543649673462,0.0062255859375,3600
8192,30,2,C,0.0,120,120,3480,120,120,0,100.0,0.0,0.18164359658268905,0.35537190082644626,0.0017228126525878906,2.367732524871826,0.006591796875,3600
8192,30,2,Q,0.0,120,120,3480,44,43,1,35.833333333333336,2.272727272727273,0.18164359658268905,0.35537190082644626,0.0017228126525878906,2.367732524871826,0.006591796875,3600
8192,30,3,C,0.0,120,120,3480,121,120,1,100.0,0.8264462809917356,0.19902906265500533,0.4297520661157025,0.0027437210083007812,3.763167142868042,0.009765625,3600
8192,30,3,Q,0.0,120,120,3480,52,51,1,42.5,1.9230769230769231,0.19902906265500533,0.4297520661157025,0.0027437210083007812,3.763167142868042,0.009765625,3600
8192,30,4,C,0.0,120,120,3480,120,120,0,100.0,0.0,0.19939441165039493,0.44166666666666665,0.0017557144165039062,2.9905991554260254,0.0093994140625,3600
8192,30,4,Q,0.0,120,120,3480,53,53,0,44.166666666666664,0.0,0.19939441165039493,0.44166666666666665,0.0017557144165039062,2.9905991554260254,0.0093994140625,3600
8192,30,5,C,0.0,120,120,3480,120,120,0,100.0,0.0,0.17668930115924794,0.35833333333333334,0.001722097396850586,2.193385362625122,0.008056640625,3600
8192,30,5,Q,0.0,120,120,3480,43,43,0,35.833333333333336,0.0,0.17668930115924794,0.35833333333333334,0.001722097396850586,2.193385362625122,0.008056640625,3600
8192,30,6,C,0.0,120,120,3480,120,120,0,100.0,0.0,0.19066912451299595,0.4166666666666667,0.0022344589233398438,3.7618913650512695,0.00830078125,3600
8192,30,6,Q,0.0,120,120,3480,50,50,0,41.666666666666664,0.0,0.19066912451299595,0.4166666666666667,0.0022344589233398438,3.7618913650512695,0.00830078125,3600
8192,30,7,C,0.0,120,120,3480,120,120,0,100.0,0.0,0.21011776802122115,0.49166666666666664,0.0026388168334960938,3.9718685150146484,0.0084228515625,3600
8192,30,7,Q,0.0,120,120,3480,59,59,0,49.166666666666664,0.0,0.21011776802122115,0.49166666666666664,0.0026388168334960938,3.9718685150146484,0.0084228515625,3600
8192,30,8,C,0.0,120,120,3480,120,120,0,100.0,0.0,0.19841829676478714,0.44166666666666665,0.002011537551879883,3.3734347820281982,0.0086669921875,3600
8192,30,8,Q,0.0,120,120,3480,53,53,0,44.166666666666664,0.0,0.19841829676478714,0.44166666666666665,0.002011537551879883,3.3734347820281982,0.0086669921875,3600
8192,30,9,C,0.0,120,120,3480,120,120,0,100.0,0.0,0.20375844643900087,0.45454545454545453,0.0023682117462158203,2.981415033340454,0.009521484375,3600
8192,30,9,Q,0.0,120,120,3480,56,55,1,45.833333333333336,1.7857142857142858,0.20375844643900087,0.45454545454545453,0.0023682117462158203,2.981415033340454,0.009521484375,3600
8192,30,10,C,0.0,120,120,3480,120,120,0,100.0,0.0,0.1955921127360635,0.4083333333333333,0.0018413066864013672,4.3293962478637695,0.0081787109375,3600
8192,30,10,Q,0.0,120,120,3480,49,49,0,40.833333333333336,0.0,0.1955921127360635,0.4083333333333333,0.0018413066864013672,4.3293962478637695,0.0081787109375,3600
8192,30,11,C,0.0,120,120,3480,120,120,0,100.0,0.0,0.19475743307856122,0.4166666666666667,0.0016734600067138672,2.288093090057373,0.009521484375,3600
8192,30,11,Q,0.0,120,120,3480,50,50,0,41.666666666666664,0.0,0.19475743307856122,0.4166666666666667,0.0016734600067138672,2.288093090057373,0.009521484375,3600
8192,30,12,C,0.0,120,120,3480,120,120,0,100.0,0.0,0.19165925572728837,0.425,0.0024569034576416016,3.633570671081543,0.0084228515625,3600
8192,30,12,Q,0.0,120,120,3480,51,51,0,42.5,0.0,0.19165925572728837,0.425,0.0024569034576416016,3.633570671081543,0.0084228515625,3600
8192,30,13,C,0.0,120,120,3480,120,120,0,100.0,0.0,0.19171470453278816,0.4083333333333333,0.0024073123931884766,3.6080098152160645,0.008544921875,3600
8192,30,13,Q,0.0,120,120,3480,49,49,0,40.833333333333336,0.0,0.19171470453278816,0.4083333333333333,0.0024073123931884766,3.6080098152160645,0.008544921875,3600
8192,30,14,C,0.0,120,120,3480,120,120,0,100.0,0.0,0.17848004021450886,0.3416666666666667,0.0017540454864501953,2.2502148151397705,0.0068359375,3600
8192,30,14,Q,0.0,120,120,3480,41,41,0,34.166666666666664,0.0,0.17848004021450886,0.3416666666666667,0.0017540454864501953,2.2502148151397705,0.0068359375,3600
8192,30,15,C,0.0,120,120,3480,120,120,0,100.0,0.0,0.181612790801622,0.375,0.0025572776794433594,3.7665810585021973,0.008056640625,3600
8192,30,15,Q,0.0,120,120,3480,45,45,0,37.5,0.0,0.181612790801622,0.375,0.0025572776794433594,3.7665810585021973,0.008056640625,3600
8192,30,16,C,0.0,120,120,3480,120,120,0,100.0,0.0,0.18110852929686005,0.375,0.002457141876220703,2.7785398960113525,0.0072021484375,3600
8192,30,16,Q,0.0,120,120,3480,45,45,0,37.5,0.0,0.18110852929686005,0.375,0.002457141876220703,2.7785398960113525,0.0072021484375,3600
8192,30,17,C,0.0,120,120,3480,120,120,0,100.0,0.0,0.186879088002095,0.38333333333333336,0.002965688705444336,4.12501859664917,0.0081787109375,3600
8192,30,17,Q,0.0,120,120,3480,46,46,0,38.333333333333336,0.0,0.186879088002095,0.38333333333333336,0.002965688705444336,4.12501859664917,0.0081787109375,3600
8192,30,18,C,0.0,120,120,3480,120,120,0,100.0,0.0,0.19098044355833937,0.4083333333333333,0.003182649612426758,4.176875352859497,0.0079345703125,3600
8192,30,18,Q,0.0,120,120,3480,49,49,0,40.833333333333336,0.0,0.19098044355833937,0.4083333333333333,0.003182649612426758,4.176875352859497,0.0079345703125,3600
8192,30,19,C,0.0,120,120,3480,120,120,0,100.0,0.0,0.18695005454178462,0.4,0.0018813610076904297,2.243420362472534,0.008056640625,3600
8192,30,19,Q,0.0,120,120,3480,48,48,0,40.0,0.0,0.18695005454178462,0.4,0.0018813610076904297,2.243420362472534,0.008056640625,3600
8192,30,20,C,0.0,120,120,3480,120,120,0,100.0,0.0,0.18714104135123732,0.3884297520661157,0.0030770301818847656,4.204955339431763,0.0101318359375,3600
8192,30,20,Q,0.0,120,120,3480,48,47,1,39.166666666666664,2.0833333333333335,0.18714104135123732,0.3884297520661157,0.0030770301818847656,4.204955339431763,0.0101318359375,3600
8192,30,21,C,0.0,120,120,3480,120,120,0,100.0,0.0,0.18825364268034545,0.4,0.0027222633361816406,3.7434215545654297,0.0079345703125,3600
8192,30,21,Q,0.0,120,120,3480,48,48,0,40.0,0.0,0.18825364268034545,0.4,0.0027222633361816406,3.7434215545654297,0.0079345703125,3600
8192,30,22,C,0.0,120,120,3480,120,120,0,100.0,0.0,0.1922097453094768,0.4083333333333333,0.0017385482788085938,4.161071062088013,0.008544921875,3600
8192,30,22,Q,0.0,120,120,3480,49,49,0,40.833333333333336,0.0,0.1922097453094768,0.4083333333333333,0.0017385482788085938,4.161071062088013,0.008544921875,3600
8192,30,23,C,0.0,120,120,3480,120,120,0,100.0,0.0,0.1931632644873375,0.4166666666666667,0.0026292800903320312,2.6867270469665527,0.0084228515625,3600
8192,30,23,Q,0.0,120,120,3480,50,50,0,41.666666666666664,0.0,0.1931632644873375,0.4166666666666667,0.0026292800903320312,2.6867270469665527,0.0084228515625,3600
8192,30,24,C,0.0,120,120,3480,120,120,0,100.0,0.0,0.19388654584806725,0.4098360655737705,0.002592802047729492,2.767667293548584,0.010009765625,3600
8192,30,24,Q,0.0,120,120,3480,52,50,2,41.666666666666664,3.8461538461538463,0.19388654584806725,0.4098360655737705,0.002592802047729492,2.767667293548584,0.010009765625,3600
8192,30,25,C,0.0,120,120,3480,120,120,0,100.0,0.0,0.20134094085938037,0.45,0.002356290817260742,3.6721351146698,0.009521484375,3600
8192,30,25,Q,0.0,120,120,3480,54,54,0,45.0,0.0,0.20134094085938037,0.45,0.002356290817260742,3.6721351146698,0.009521484375,3600
8192,30,26,C,0.0,120,120,3480,120,120,0,100.0,0.0,0.21502807394754067,0.5166666666666667,0.002460956573486328,3.5220377445220947,0.01123046875,3600
8192,30,26,Q,0.0,120,120,3480,62,62,0,51.666666666666664,0.0,0.21502807394754067,0.5166666666666667,0.002460956573486328,3.5220377445220947,0.01123046875,3600
8192,30,27,C,0.0,120,120,3480,120,120,0,100.0,0.0,0.18864245527827808,0.4,0.0020966529846191406,2.378756284713745,0.0079345703125,3600
8192,30,27,Q,0.0,120,120,3480,48,48,0,40.0,0.0,0.18864245527827808,0.4,0.0020966529846191406,2.378756284713745,0.0079345703125,3600
8192,30,28,C,0.0,120,120,3480,120,120,0,100.0,0.0,0.18917437153229563,0.39166666666666666,0.002350330352783203,2.4421634674072266,0.00830078125,3600
8192,30,28,Q,0.0,120,120,3480,47,47,0,39.166666666666664,0.0,0.18917437153229563,0.39166666666666666,0.002350330352783203,2.4421634674072266,0.00830078125,3600
8192,30,29,C,0.0,120,120,3480,120,120,0,100.0,0.0,0.19081957982972986,0.39669421487603307,0.0029680728912353516,4.281068563461304,0.0084228515625,3600
8192,30,29,Q,0.0,120,120,3480,49,48,1,40.0,2.0408163265306123,0.19081957982972986,0.39669421487603307,0.0029680728912353516,4.281068563461304,0.0084228515625,3600
8192,30,30,C,0.0,120,120,3480,120,120,0,100.0,0.0,0.2007844770997969,0.4666666666666667,0.002726316452026367,3.7737934589385986,0.010009765625,3600
8192,30,30,Q,0.0,120,120,3480,56,56,0,46.666666666666664,0.0,0.2007844770997969,0.4666666666666667,0.002726316452026367,3.7737934589385986,0.010009765625,3600
8192,30,31,C,0.0,120,120,3480,120,120,0,100.0,0.0,0.19721415493428568,0.425,0.0027213096618652344,3.947171926498413,0.008056640625,3600
8192,30,31,Q,0.0,120,120,3480,51,51,0,42.5,0.0,0.19721415493428568,0.425,0.0027213096618652344,3.947171926498413,0.008056640625,3600
8192,30,32,C,0.0,120,120,3480,122,120,2,100.0,1.639344262295082,0.18725972319051587,0.39344262295081966,0.0029985904693603516,4.723195552825928,0.0087890625,3600
8192,30,32,Q,0.0,120,120,3480,48,46,2,38.333333333333336,4.166666666666667,0.18725972319051587,0.39344262295081966,0.0029985904693603516,4.723195552825928,0.0087890625,3600
8192,30,33,C,0.0,120,120,3480,120,120,0,100.0,0.0,0.20014633624486855,0.43333333333333335,0.0031898021697998047,4.203679800033569,0.0096435546875,3600
8192,30,33,Q,0.0,120,120,3480,52,52,0,43.333333333333336,0.0,0.20014633624486855,0.43333333333333335,0.0031898021697998047,4.203679800033569,0.0096435546875,3600
8192,30,34,C,0.0,120,120,3480,120,120,0,100.0,0.0,0.19550149410648657,0.425,0.0014514923095703125,3.858682155609131,0.0084228515625,3600
8192,30,34,Q,0.0,120,120,3480,51,51,0,42.5,0.0,0.19550149410648657,0.425,0.0014514923095703125,3.858682155609131,0.0084228515625,3600
8192,30,35,C,0.0,120,120,3480,120,120,0,100.0,0.0,0.1875448616869641,0.39166666666666666,0.002534627914428711,3.7648158073425293,0.0078125,3600
8192,30,35,Q,0.0,120,120,3480,47,47,0,39.166666666666664,0.0,0.1875448616869641,0.39166666666666666,0.002534627914428711,3.7648158073425293,0.0078125,3600
8192,30,36,C,0.0,120,120,3480,120,120,0,100.0,0.0,0.19045658013330866,0.39669421487603307,0.002660036087036133,3.5635290145874023,0.00927734375,3600
8192,30,36,Q,0.0,120,120,3480,49,48,1,40.0,2.0408163265306123,0.19045658013330866,0.39669421487603307,0.002660036087036133,3.5635290145874023,0.00927734375,3600
8192,30,37,C,0.0,120,120,3480,120,120,0,100.0,0.0,0.18741531838854977,0.4,0.0016415119171142578,2.7141764163970947,0.0093994140625,3600
8192,30,37,Q,0.0,120,120,3480,48,48,0,40.0,0.0,0.18741531838854977,0.4,0.0016415119171142578,2.7141764163970947,0.0093994140625,3600
8192,30,38,C,0.0,120,120,3480,120,120,0,100.0,0.0,0.18915235204450692,0.4,0.0017368793487548828,3.017181396484375,0.0076904296875,3600
8192,30,38,Q,0.0,120,120,3480,48,48,0,40.0,0.0,0.18915235204450692,0.4,0.0017368793487548828,3.017181396484375,0.0076904296875,3600
8192,30,39,C,0.0,120,120,3480,120,120,0,100.0,0.0,0.18179230999441234,0.375,0.002580404281616211,3.783656358718872,0.00830078125,3600
8192,30,39,Q,0.0,120,120,3480,45,45,0,37.5,0.0,0.18179230999441234,0.375,0.002580404281616211,3.783656358718872,0.00830078125,3600
8192,30,40,C,0.0,120,120,3480,120,120,0,100.0,0.0,0.1930464520204499,0.425,0.0023925304412841797,3.677347421646118,0.0078125,3600
8192,30,40,Q,0.0,120,120,3480,51,51,0,42.5,0.0,0.1930464520204499,0.425,0.0023925304412841797,3.677347421646118,0.0078125,3600
8192,30,41,C,0.0,120,120,3480,120,120,0,100.0,0.0,0.1957480459802038,0.4132231404958678,0.003158092498779297,4.116019010543823,0.0086669921875,3600
8192,30,41,Q,0.0,120,120,3480,51,50,1,41.666666666666664,1.9607843137254901,0.1957480459802038,0.4132231404958678,0.003158092498779297,4.116019010543823,0.0086669921875,3600
8192,30,42,C,0.0,120,120,3480,120,120,0,100.0,0.0,0.1922280905376327,0.4166666666666667,0.002422809600830078,2.8841888904571533,0.008544921875,3600
8192,30,42,Q,0.0,120,120,3480,50,50,0,41.666666666666664,0.0,0.1922280905376327,0.4166666666666667,0.002422809600830078,2.8841888904571533,0.008544921875,3600
8192,30,43,C,0.0,120,120,3480,120,120,0,100.0,0.0,0.1796018676851115,0.36666666666666664,0.002933979034423828,3.963843822479248,0.0067138671875,3600
8192,30,43,Q,0.0,120,120,3480,44,44,0,36.666666666666664,0.0,0.1796018676851115,0.36666666666666664,0.002933979034423828,3.963843822479248,0.0067138671875,3600
8192,30,44,C,0.0,120,120,3480,120,120,0,100.0,0.0,0.19479162308457074,0.44166666666666665,0.0018868446350097656,3.5024118423461914,0.0107421875,3600
8192,30,44,Q,0.0,120,120,3480,53,53,0,44.166666666666664,0.0,0.19479162308457074,0.44166666666666665,0.0018868446350097656,3.5024118423461914,0.0107421875,3600
8192,30,45,C,0.0,120,120,3480,120,120,0,100.0,0.0,0.19745187458827393,0.425,0.002887248992919922,4.213310956954956,0.0081787109375,3600
8192,30,45,Q,0.0,120,120,3480,51,51,0,42.5,0.0,0.19745187458827393,0.425,0.002887248992919922,4.213310956954956,0.0081787109375,3600
8192,30,46,C,0.0,120,120,3480,120,120,0,100.0,0.0,0.19763399534083076,0.45,0.002724170684814453,3.8251242637634277,0.00927734375,3600
8192,30,46,Q,0.0,120,120,3480,54,54,0,45.0,0.0,0.19763399534083076,0.45,0.002724170684814453,3.8251242637634277,0.00927734375,3600
8192,30,47,C,0.0,120,120,3480,120,120,0,100.0,0.0,0.17484138483947653,0.3416666666666667,0.002425670623779297,3.4857726097106934,0.0062255859375,3600
8192,30,47,Q,0.0,120,120,3480,41,41,0,34.166666666666664,0.0,0.17484138483947653,0.3416666666666667,0.002425670623779297,3.4857726097106934,0.0062255859375,3600
8192,30,48,C,0.0,120,120,3480,120,120,0,100.0,0.0,0.1760575266842006,0.3333333333333333,0.002669811248779297,3.7413299083709717,0.006591796875,3600
8192,30,48,Q,0.0,120,120,3480,40,40,0,33.333333333333336,0.0,0.1760575266842006,0.3333333333333333,0.002669811248779297,3.7413299083709717,0.006591796875,3600
8192,30,49,C,0.0,120,120,3480,120,120,0,100.0,0.0,0.201635963128076,0.44166666666666665,0.0025043487548828125,3.436631441116333,0.0096435546875,3600
8192,30,49,Q,0.0,120,120,3480,53,53,0,44.166666666666664,0.0,0.201635963128076,0.44166666666666665,0.0025043487548828125,3.436631441116333,0.0096435546875,3600
8192,30,50,C,0.0,120,120,3480,120,120,0,100.0,0.0,0.18420173104789186,0.36666666666666664,0.0017046928405761719,2.18727970123291,0.008544921875,3600
8192,30,50,Q,0.0,120,120,3480,44,44,0,36.666666666666664,0.0,0.18420173104789186,0.36666666666666664,0.0017046928405761719,2.18727970123291,0.008544921875,3600
8192,30,51,C,0.0,120,120,3480,120,120,0,100.0,0.0,0.1857432531530803,0.39166666666666666,0.0025839805603027344,3.7758660316467285,0.0079345703125,3600
8192,30,51,Q,0.0,120,120,3480,47,47,0,39.166666666666664,0.0,0.1857432531530803,0.39166666666666666,0.0025839805603027344,3.7758660316467285,0.0079345703125,3600
8192,30,52,C,0.0,120,120,3480,120,120,0,100.0,0.0,0.19391072893941844,0.4083333333333333,0.0022809505462646484,3.5323638916015625,0.008544921875,3600
8192,30,52,Q,0.0,120,120,3480,49,49,0,40.833333333333336,0.0,0.19391072893941844,0.4083333333333333,0.0022809505462646484,3.5323638916015625,0.008544921875,3600
8192,30,53,C,0.0,120,120,3480,120,120,0,100.0,0.0,0.17519214908572103,0.35,0.002685070037841797,3.9492533206939697,0.0087890625,3600
8192,30,53,Q,0.0,120,120,3480,42,42,0,35.0,0.0,0.17519214908572103,0.35,0.002685070037841797,3.9492533206939697,0.0087890625,3600
8192,30,54,C,0.0,120,120,3480,120,120,0,100.0,0.0,0.18666309422737443,0.39166666666666666,0.0016758441925048828,4.333695411682129,0.0089111328125,3600
8192,30,54,Q,0.0,120,120,3480,47,47,0,39.166666666666664,0.0,0.18666309422737443,0.39166666666666666,0.0016758441925048828,4.333695411682129,0.0089111328125,3600
8192,30,55,C,0.0,120,120,3480,120,120,0,100.0,0.0,0.2017113962594907,0.45,0.002499103546142578,2.293660879135132,0.0084228515625,3600
8192,30,55,Q,0.0,120,120,3480,54,54,0,45.0,0.0,0.2017113962594907,0.45,0.002499103546142578,2.293660879135132,0.0084228515625,3600
8192,30,56,C,0.0,120,120,3480,120,120,0,100.0,0.0,0.20929852109340455,0.48333333333333334,0.002345561981201172,3.5398104190826416,0.00927734375,3600
8192,30,56,Q,0.0,120,120,3480,58,58,0,48.333333333333336,0.0,0.20929852109340455,0.48333333333333334,0.002345561981201172,3.5398104190826416,0.00927734375,3600
8192,30,57,C,0.0,120,120,3480,120,120,0,100.0,0.0,0.19341369633377334,0.4166666666666667,0.002851247787475586,3.875653028488159,0.0086669921875,3600
8192,30,57,Q,0.0,120,120,3480,50,50,0,41.666666666666664,0.0,0.19341369633377334,0.4166666666666667,0.002851247787475586,3.875653028488159,0.0086669921875,3600
8192,30,58,C,0.0,120,120,3480,120,120,0,100.0,0.0,0.1916438789969223,0.39669421487603307,0.0017175674438476562,3.273669719696045,0.008544921875,3600
8192,30,58,Q,0.0,120,120,3480,49,48,1,40.0,2.0408163265306123,0.1916438789969223,0.39669421487603307,0.0017175674438476562,3.273669719696045,0.008544921875,3600
8192,30,59,C,0.0,120,120,3480,120,120,0,100.0,0.0,0.17082627575533899,0.325,0.0026140213012695312,3.050663471221924,0.006103515625,3600
8192,30,59,Q,0.0,120,120,3480,39,39,0,32.5,0.0,0.17082627575533899,0.325,0.0026140213012695312,3.050663471221924,0.006103515625,3600
8192,50,0,C,0.0,200,200,9800,200,200,0,100.0,0.0,0.08080007605667595,0.10945273631840796,0.0007073879241943359,9.630027294158936,0.00341796875,10000
8192,50,0,Q,0.0,200,200,9800,23,22,1,11.0,4.3478260869565215,0.08080007605667595,0.10945273631840796,0.0007073879241943359,9.630027294158936,0.00341796875,10000
8192,50,1,C,0.0,200,200,9800,200,200,0,100.0,0.0,0.08064367848347971,0.115,0.0006287097930908203,6.970177412033081,0.003173828125,10000
8192,50,1,Q,0.0,200,200,9800,23,23,0,11.5,0.0,0.08064367848347971,0.115,0.0006287097930908203,6.970177412033081,0.003173828125,10000
8192,50,2,C,0.0,200,200,9800,200,200,0,100.0,0.0,0.08906262163895402,0.135,0.0004889965057373047,5.657779216766357,0.0035400390625,10000
8192,50,2,Q,0.0,200,200,9800,27,27,0,13.5,0.0,0.08906262163895402,0.135,0.0004889965057373047,5.657779216766357,0.0035400390625,10000
8192,50,3,C,0.0,200,200,9800,200,200,0,100.0,0.0,0.08900774097445079,0.12935323383084577,0.0005097389221191406,6.901965141296387,0.00341796875,10000
8192,50,3,Q,0.0,200,200,9800,27,26,1,13.0,3.7037037037037037,0.08900774097445079,0.12935323383084577,0.0005097389221191406,6.901965141296387,0.00341796875,10000
8192,50,4,C,0.0,200,200,9800,200,200,0,100.0,0.0,0.06819318567837747,0.085,0.0007102489471435547,6.3164145946502686,0.0023193359375,10000
8192,50,4,Q,0.0,200,200,9800,17,17,0,8.5,0.0,0.06819318567837747,0.085,0.0007102489471435547,6.3164145946502686,0.0023193359375,10000
8192,50,5,C,0.0,200,200,9800,200,200,0,100.0,0.0,0.08840545294986091,0.14,0.0007507801055908203,10.285686016082764,0.00439453125,10000
8192,50,5,Q,0.0,200,200,9800,28,28,0,14.0,0.0,0.08840545294986091,0.14,0.0007507801055908203,10.285686016082764,0.00439453125,10000
8192,50,6,C,0.0,200,200,9800,200,200,0,100.0,0.0,0.07332379188318845,0.09,0.0006089210510253906,6.82893443107605,0.002197265625,10000
8192,50,6,Q,0.0,200,200,9800,18,18,0,9.0,0.0,0.07332379188318845,0.09,0.0006089210510253906,6.82893443107605,0.002197265625,10000
8192,50,7,C,0.0,200,200,9800,200,200,0,100.0,0.0,0.09173078788894799,0.15,0.0007796287536621094,11.250698566436768,0.00390625,10000
8192,50,7,Q,0.0,200,200,9800,30,30,0,15.0,0.0,0.09173078788894799,0.15,0.0007796287536621094,11.250698566436768,0.00390625,10000
8192,50,8,C,0.0,200,200,9800,200,200,0,100.0,0.0,0.09799948259724786,0.165,0.0006701946258544922,10.67411494255066,0.0042724609375,10000
8192,50,8,Q,0.0,200,200,9800,33,33,0,16.5,0.0,0.09799948259724786,0.165,0.0006701946258544922,10.67411494255066,0.0042724609375,10000
8192,50,9,C,0.0,200,200,9800,200,200,0,100.0,0.0,0.08905592547733383,0.135,0.000751495361328125,9.869690656661987,0.0035400390625,10000
8192,50,9,Q,0.0,200,200,9800,27,27,0,13.5,0.0,0.08905592547733383,0.135,0.000751495361328125,9.869690656661987,0.0035400390625,10000
8192,50,10,C,0.0,200,200,9800,200,200,0,100.0,0.0,0.08595077108883224,0.125,0.0004820823669433594,5.786391973495483,0.00341796875,10000
8192,50,10,Q,0.0,200,200,9800,25,25,0,12.5,0.0,0.08595077108883224,0.125,0.0004820823669433594,5.786391973495483,0.00341796875,10000
8192,50,11,C,0.0,200,200,9800,200,200,0,100.0,0.0,0.08770656447473937,0.125,0.0006165504455566406,9.341731548309326,0.003173828125,10000
8192,50,11,Q,0.0,200,200,9800,25,25,0,12.5,0.0,0.08770656447473937,0.125,0.0006165504455566406,9.341731548309326,0.003173828125,10000
8192,50,12,C,0.0,200,200,9800,200,200,0,100.0,0.0,0.08248843241168981,0.12,0.0005910396575927734,7.817840814590454,0.00341796875,10000
8192,50,12,Q,0.0,200,200,9800,24,24,0,12.0,0.0,0.08248843241168981,0.12,0.0005910396575927734,7.817840814590454,0.00341796875,10000
8192,50,13,C,0.0,200,200,9800,200,200,0,100.0,0.0,0.09030535736594363,0.15,0.0007154941558837891,9.186885833740234,0.004150390625,10000
8192,50,13,Q,0.0,200,200,9800,30,30,0,15.0,0.0,0.09030535736594363,0.15,0.0007154941558837891,9.186885833740234,0.004150390625,10000
8192,50,14,C,0.0,200,200,9800,200,200,0,100.0,0.0,0.08950524975737895,0.12935323383084577,0.0006368160247802734,9.245619297027588,0.0035400390625,10000
8192,50,14,Q,0.0,200,200,9800,27,26,1,13.0,3.7037037037037037,0.08950524975737895,0.12935323383084577,0.0006368160247802734,9.245619297027588,0.0035400390625,10000
8192,50,15,C,0.0,200,200,9800,200,200,0,100.0,0.0,0.08659141928105489,0.13,0.0006005764007568359,8.138553142547607,0.00341796875,10000
8192,50,15,Q,0.0,200,200,9800,26,26,0,13.0,0.0,0.08659141928105489,0.13,0.0006005764007568359,8.138553142547607,0.00341796875,10000
8192,50,16,C,0.0,200,200,9800,200,200,0,100.0,0.0,0.08425013193351817,0.12,0.0009024143218994141,10.348350524902344,0.003173828125,10000
8192,50,16,Q,0.0,200,200,9800,24,24,0,12.0,0.0,0.08425013193351817,0.12,0.0009024143218994141,10.348350524902344,0.003173828125,10000
8192,50,17,C,0.0,200,200,9800,200,200,0,100.0,0.0,0.08320098885598827,0.12,0.00092315673828125,9.814419507980347,0.0029296875,10000
8192,50,17,Q,0.0,200,200,9800,24,24,0,12.0,0.0,0.08320098885598827,0.12,0.00092315673828125,9.814419507980347,0.0029296875,10000
8192,50,18,C,0.0,200,200,9800,200,200,0,100.0,0.0,0.08626730510558553,0.125,0.0009009838104248047,10.078534126281738,0.00390625,10000
8192,50,18,Q,0.0,200,200,9800,25,25,0,12.5,0.0,0.08626730510558553,0.125,0.0009009838104248047,10.078534126281738,0.00390625,10000
8192,50,19,C,0.0,200,200,9800,200,200,0,100.0,0.0,0.09151391750930572,0.145,0.0008876323699951172,10.79962706565857,0.00390625,10000
8192,50,19,Q,0.0,200,200,9800,29,29,0,14.5,0.0,0.09151391750930572,0.145,0.0008876323699951172,10.79962706565857,0.00390625,10000
8192,50,20,C,0.0,200,200,9800,200,200,0,100.0,0.0,0.08654339555595716,0.135,0.0006582736968994141,6.6021342277526855,0.00341796875,10000
8192,50,20,Q,0.0,200,200,9800,27,27,0,13.5,0.0,0.08654339555595716,0.135,0.0006582736968994141,6.6021342277526855,0.00341796875,10000
8192,50,21,C,0.0,200,200,9800,200,200,0,100.0,0.0,0.08694625905808448,0.14,0.0006215572357177734,9.255485534667969,0.0037841796875,10000
8192,50,21,Q,0.0,200,200,9800,28,28,0,14.0,0.0,0.08694625905808448,0.14,0.0006215572357177734,9.255485534667969,0.0037841796875,10000
8192,50,22,C,0.0,200,200,9800,200,200,0,100.0,0.0,0.0837097758761407,0.12,0.0005064010620117188,7.345996618270874,0.0030517578125,10000
8192,50,22,Q,0.0,200,200,9800,24,24,0,12.0,0.0,0.0837097758761407,0.12,0.0005064010620117188,7.345996618270874,0.0030517578125,10000
8192,50,23,C,0.0,200,200,9800,202,200,2,100.0,0.9900990099009901,0.10328882006249698,0.18811881188118812,0.0008270740509033203,7.122029066085815,0.0052490234375,10000
8192,50,23,Q,0.0,200,200,9800,38,37,1,18.5,2.6315789473684212,0.10328882006249698,0.18811881188118812,0.0008270740509033203,7.122029066085815,0.0052490234375,10000
8192,50,24,C,0.0,200,200,9800,200,200,0,100.0,0.0,0.10060463762245371,0.175,0.0004200935363769531,5.630290985107422,0.0045166015625,10000
8192,50,24,Q,0.0,200,200,9800,35,35,0,17.5,0.0,0.10060463762245371,0.175,0.0004200935363769531,5.630290985107422,0.0045166015625,10000
8192,50,25,C,0.0,200,200,9800,200,200,0,100.0,0.0,0.08443115766777291,0.12,0.0007162094116210938,9.626554250717163,0.0030517578125,10000
8192,50,25,Q,0.0,200,200,9800,24,24,0,12.0,0.0,0.08443115766777291,0.12,0.0007162094116210938,9.626554250717163,0.0030517578125,10000
8192,50,26,C,0.0,200,200,9800,200,200,0,100.0,0.0,0.07843327181555307,0.09900990099009901,0.0005156993865966797,5.729227066040039,0.0029296875,10000
8192,50,26,Q,0.0,200,200,9800,22,20,2,10.0,9.090909090909092,0.07843327181555307,0.09900990099009901,0.0005156993865966797,5.729227066040039,0.0029296875,10000
8192,50,27,C,0.0,200,200,9800,200,200,0,100.0,0.0,0.08887122962333174,0.14,0.0005924701690673828,9.406649589538574,0.003662109375,10000
8192,50,27,Q,0.0,200,200,9800,28,28,0,14.0,0.0,0.08887122962333174,0.14,0.0005924701690673828,9.406649589538574,0.003662109375,10000
8192,50,28,C,0.0,200,200,9800,200,200,0,100.0,0.0,0.07947038869081877,0.115,0.0008871555328369141,10.562648057937622,0.0030517578125,10000
8192,50,28,Q,0.0,200,200,9800,23,23,0,11.5,0.0,0.07947038869081877,0.115,0.0008871555328369141,10.562648057937622,0.0030517578125,10000
8192,50,29,C,0.0,200,200,9800,200,200,0,100.0,0.0,0.08039143634451792,0.11,0.0007908344268798828,9.997882604598999,0.0029296875,10000
8192,50,29,Q,0.0,200,200,9800,22,22,0,11.0,0.0,0.08039143634451792,0.11,0.0007908344268798828,9.997882604598999,0.0029296875,10000
8192,50,30,C,0.0,200,200,9800,200,200,0,100.0,0.0,0.07464381869641852,0.095,0.0008845329284667969,10.7169668674469,0.0023193359375,10000
8192,50,30,Q,0.0,200,200,9800,19,19,0,9.5,0.0,0.07464381869641852,0.095,0.0008845329284667969,10.7169668674469,0.0023193359375,10000
8192,50,31,C,0.0,200,200,9800,200,200,0,100.0,0.0,0.0827915616352314,0.125,0.00047898292541503906,5.6909472942352295,0.003173828125,10000
8192,50,31,Q,0.0,200,200,9800,25,25,0,12.5,0.0,0.0827915616352314,0.125,0.00047898292541503906,5.6909472942352295,0.003173828125,10000
8192,50,32,C,0.0,200,200,9800,200,200,0,100.0,0.0,0.08090653933050804,0.115,0.0006585121154785156,9.19958209991455,0.0030517578125,10000
8192,50,32,Q,0.0,200,200,9800,23,23,0,11.5,0.0,0.08090653933050804,0.115,0.0006585121154785156,9.19958209991455,0.0030517578125,10000
8192,50,33,C,0.0,200,200,9800,200,200,0,100.0,0.0,0.09617903540302576,0.165,0.0007421970367431641,8.752102136611938,0.0042724609375,10000
8192,50,33,Q,0.0,200,200,9800,33,33,0,16.5,0.0,0.09617903540302576,0.165,0.0007421970367431641,8.752102136611938,0.0042724609375,10000
8192,50,34,C,0.0,200,200,9800,200,200,0,100.0,0.0,0.0942729906335234,0.15,0.0006272792816162109,9.06284499168396,0.00390625,10000
8192,50,34,Q,0.0,200,200,9800,30,30,0,15.0,0.0,0.0942729906335234,0.15,0.0006272792816162109,9.06284499168396,0.00390625,10000
8192,50,35,C,0.0,200,200,9800,200,200,0,100.0,0.0,0.09189724920018819,0.14427860696517414,0.0004992485046386719,5.71205997467041,0.00390625,10000
8192,50,35,Q,0.0,200,200,9800,30,29,1,14.5,3.3333333333333335,0.09189724920018819,0.14427860696517414,0.0004992485046386719,5.71205997467041,0.00390625,10000
8192,50,36,C,0.0,200,200,9800,200,200,0,100.0,0.0,0.08862138281230933,0.145,0.0007379055023193359,9.456015586853027,0.004150390625,10000
8192,50,36,Q,0.0,200,200,9800,29,29,0,14.5,0.0,0.08862138281230933,0.145,0.0007379055023193359,9.456015586853027,0.004150390625,10000
8192,50,37,C,0.0,200,200,9800,200,200,0,100.0,0.0,0.07751792592459537,0.105,0.00067901611328125,9.046368837356567,0.0029296875,10000
8192,50,37,Q,0.0,200,200,9800,21,21,0,10.5,0.0,0.07751792592459537,0.105,0.00067901611328125,9.046368837356567,0.0029296875,10000
8192,50,38,C,0.0,200,200,9800,200,200,0,100.0,0.0,0.08610300012004174,0.125,0.0006737709045410156,9.81722092628479,0.0032958984375,10000
8192,50,38,Q,0.0,200,200,9800,25,25,0,12.5,0.0,0.08610300012004174,0.125,0.0006737709045410156,9.81722092628479,0.0032958984375,10000
8192,50,39,C,0.0,200,200,9800,200,200,0,100.0,0.0,0.06620415062116272,0.075,0.0008769035339355469,10.550096273422241,0.001953125,10000
8192,50,39,Q,0.0,200,200,9800,15,15,0,7.5,0.0,0.06620415062116272,0.075,0.0008769035339355469,10.550096273422241,0.001953125,10000
8192,50,40,C,0.0,200,200,9800,200,200,0,100.0,0.0,0.07914460765694933,0.11,0.0007867813110351562,10.383746147155762,0.003173828125,10000
8192,50,40,Q,0.0,200,200,9800,22,22,0,11.0,0.0,0.07914460765694933,0.11,0.0007867813110351562,10.383746147155762,0.003173828125,10000
8192,50,41,C,0.0,200,200,9800,200,200,0,100.0,0.0,0.09253852796093476,0.155,0.0006265640258789062,9.370135068893433,0.004638671875,10000
8192,50,41,Q,0.0,200,200,9800,31,31,0,15.5,0.0,0.09253852796093476,0.155,0.0006265640258789062,9.370135068893433,0.004638671875,10000
8192,50,42,C,0.0,200,200,9800,201,200,1,100.0,0.4975124378109453,0.08443890832976428,0.12935323383084577,0.0005917549133300781,5.847697734832764,0.0035400390625,10000
8192,50,42,Q,0.0,200,200,9800,26,26,0,13.0,0.0,0.08443890832976428,0.12935323383084577,0.0005917549133300781,5.847697734832764,0.0035400390625,10000
8192,50,43,C,0.0,200,200,9800,200,200,0,100.0,0.0,0.08822405629312031,0.14,0.0008807182312011719,9.109713554382324,0.0037841796875,10000
8192,50,43,Q,0.0,200,200,9800,28,28,0,14.0,0.0,0.08822405629312031,0.14,0.0008807182312011719,9.109713554382324,0.0037841796875,10000
8192,50,44,C,0.0,200,200,9800,200,200,0,100.0,0.0,0.09502041239852398,0.16,0.0005769729614257812,9.22079086303711,0.0042724609375,10000
8192,50,44,Q,0.0,200,200,9800,32,32,0,16.0,0.0,0.09502041239852398,0.16,0.0005769729614257812,9.22079086303711,0.0042724609375,10000
8192,50,45,C,0.0,200,200,9800,200,200,0,100.0,0.0,0.09063691082063385,0.145,0.0006952285766601562,8.83404803276062,0.0037841796875,10000
8192,50,45,Q,0.0,200,200,9800,29,29,0,14.5,0.0,0.09063691082063385,0.145,0.0006952285766601562,8.83404803276062,0.0037841796875,10000
8192,50,46,C,0.0,200,200,9800,200,200,0,100.0,0.0,0.10313646955527243,0.185,0.0007281303405761719,9.40996789932251,0.0047607421875,10000
8192,50,46,Q,0.0,200,200,9800,37,37,0,18.5,0.0,0.10313646955527243,0.185,0.0007281303405761719,9.40996789932251,0.0047607421875,10000
8192,50,47,C,0.0,200,200,9800,200,200,0,100.0,0.0,0.0666961507831985,0.08,0.0008106231689453125,9.165989398956299,0.002197265625,10000
8192,50,47,Q,0.0,200,200,9800,16,16,0,8.0,0.0,0.0666961507831985,0.08,0.0008106231689453125,9.165989398956299,0.002197265625,10000
8192,50,48,C,0.0,200,200,9800,200,200,0,100.0,0.0,0.08438668351205279,0.125,0.0008356571197509766,9.718790769577026,0.0030517578125,10000
8192,50,48,Q,0.0,200,200,9800,25,25,0,12.5,0.0,0.08438668351205279,0.125,0.0008356571197509766,9.718790769577026,0.0030517578125,10000
8192,50,49,C,0.0,200,200,9800,200,200,0,100.0,0.0,0.08405151448217756,0.125,0.0004315376281738281,5.65239953994751,0.0032958984375,10000
8192,50,49,Q,0.0,200,200,9800,25,25,0,12.5,0.0,0.08405151448217756,0.125,0.0004315376281738281,5.65239953994751,0.0032958984375,10000
8192,50,50,C,0.0,200,200,9800,200,200,0,100.0,0.0,0.08642489587686396,0.13432835820895522,0.0004966259002685547,6.48879337310791,0.003662109375,10000
8192,50,50,Q,0.0,200,200,9800,28,27,1,13.5,3.5714285714285716,0.08642489587686396,0.13432835820895522,0.0004966259002685547,6.48879337310791,0.003662109375,10000
8192,50,51,C,0.0,200,200,9800,200,200,0,100.0,0.0,0.09082957769572327,0.14,0.0008137226104736328,9.953881025314331,0.003662109375,10000
8192,50,51,Q,0.0,200,200,9800,28,28,0,14.0,0.0,0.09082957769572327,0.14,0.0008137226104736328,9.953881025314331,0.003662109375,10000
8192,50,52,C,0.0,200,200,9800,202,200,2,100.0,0.9900990099009901,0.08176444294349433,0.11386138613861387,0.0009276866912841797,10.244066953659058,0.0030517578125,10000
8192,50,52,Q,0.0,200,200,9800,23,23,0,11.5,0.0,0.08176444294349433,0.11386138613861387,0.0009276866912841797,10.244066953659058,0.0030517578125,10000
8192,50,53,C,0.0,200,200,9800,202,200,2,100.0,0.9900990099009901,0.08964931826831082,0.14356435643564355,0.0008723735809326172,9.526841402053833,0.0037841796875,10000
8192,50,53,Q,0.0,200,200,9800,29,29,0,14.5,0.0,0.08964931826831082,0.14356435643564355,0.0008723735809326172,9.526841402053833,0.0037841796875,10000
8192,50,54,C,0.0,200,200,9800,200,200,0,100.0,0.0,0.07633694332231444,0.1,0.00054931640625,6.326980113983154,0.002685546875,10000
8192,50,54,Q,0.0,200,200,9800,20,20,0,10.0,0.0,0.07633694332231444,0.1,0.00054931640625,6.326980113983154,0.002685546875,10000
8192,50,55,C,0.0,200,200,9800,200,200,0,100.0,0.0,0.08789488574081435,0.135,0.00045013427734375,8.12682819366455,0.00341796875,10000
8192,50,55,Q,0.0,200,200,9800,27,27,0,13.5,0.0,0.08789488574081435,0.135,0.00045013427734375,8.12682819366455,0.00341796875,10000
8192,50,56,C,0.0,200,200,9800,200,200,0,100.0,0.0,0.08354887811031829,0.12,0.0005986690521240234,7.919264793395996,0.003173828125,10000
8192,50,56,Q,0.0,200,200,9800,24,24,0,12.0,0.0,0.08354887811031829,0.12,0.0005986690521240234,7.919264793395996,0.003173828125,10000
8192,50,57,C,0.0,200,200,9800,200,200,0,100.0,0.0,0.08214019337089559,0.12,0.0008130073547363281,9.481058835983276,0.003173828125,10000
8192,50,57,Q,0.0,200,200,9800,24,24,0,12.0,0.0,0.08214019337089559,0.12,0.0008130073547363281,9.481058835983276,0.003173828125,10000
8192,50,58,C,0.0,200,200,9800,200,200,0,100.0,0.0,0.07620304735389553,0.1,0.0004899501800537109,5.742196798324585,0.0028076171875,10000
8192,50,58,Q,0.0,200,200,9800,20,20,0,10.0,0.0,0.07620304735389553,0.1,0.0004899501800537109,5.742196798324585,0.0028076171875,10000
8192,50,59,C,0.0,200,200,9800,201,200,1,100.0,0.4975124378109453,0.09393518724477942,0.15422885572139303,0.0007121562957763672,8.818016052246094,0.00390625,10000
8192,50,59,Q,0.0,200,200,9800,31,31,0,15.5,0.0,0.09393518724477942,0.15422885572139303,0.0007121562957763672,8.818016052246094,0.00390625,10000
8192,75,0,C,0.0,300,300,22200,300,300,0,100.0,0.0,0.0488057101049323,0.06333333333333334,0.0007228851318359375,13.134988069534302,0.00244140625,22500
8192,75,0,Q,0.0,300,300,22200,19,19,0,6.333333333333333,0.0,0.0488057101049323,0.06333333333333334,0.0007228851318359375,13.134988069534302,0.00244140625,22500
8192,75,1,C,0.0,300,300,22200,300,300,0,100.0,0.0,0.05873521450293901,0.08970099667774087,0.0008094310760498047,10.087356805801392,0.00341796875,22500
8192,75,1,Q,0.0,300,300,22200,28,27,1,9.0,3.5714285714285716,0.05873521450293901,0.08970099667774087,0.0008094310760498047,10.087356805801392,0.00341796875,22500
8192,75,2,C,0.0,300,300,22200,300,300,0,100.0,0.0,0.05437788913765838,0.07333333333333333,0.0010051727294921875,12.96660590171814,0.0029296875,22500
8192,75,2,Q,0.0,300,300,22200,22,22,0,7.333333333333333,0.0,0.05437788913765838,0.07333333333333333,0.0010051727294921875,12.96660590171814,0.0029296875,22500
8192,75,3,C,0.0,300,300,22200,300,300,0,100.0,0.0,0.052546939800789005,0.07,0.0012977123260498047,16.65851330757141,0.0028076171875,22500
8192,75,3,Q,0.0,300,300,22200,21,21,0,7.0,0.0,0.052546939800789005,0.07,0.0012977123260498047,16.65851330757141,0.0028076171875,22500
8192,75,4,C,0.0,300,300,22200,303,300,3,100.0,0.9900990099009901,0.04537073092925611,0.052805280528052806,0.0011446475982666016,10.199749231338501,0.0020751953125,22500
8192,75,4,Q,0.0,300,300,22200,16,16,0,5.333333333333333,0.0,0.04537073092925611,0.052805280528052806,0.0011446475982666016,10.199749231338501,0.0020751953125,22500
8192,75,5,C,0.0,300,300,22200,300,300,0,100.0,0.0,0.0448039334688015,0.05333333333333334,0.001005411148071289,14.408278942108154,0.0020751953125,22500
8192,75,5,Q,0.0,300,300,22200,16,16,0,5.333333333333333,0.0,0.0448039334688015,0.05333333333333334,0.001005411148071289,14.408278942108154,0.0020751953125,22500
8192,75,6,C,0.0,300,300,22200,300,300,0,100.0,0.0,0.05024955252309643,0.06666666666666667,0.001033782958984375,14.917818784713745,0.0025634765625,22500
8192,75,6,Q,0.0,300,300,22200,20,20,0,6.666666666666667,0.0,0.05024955252309643,0.06666666666666667,0.001033782958984375,14.917818784713745,0.0025634765625,22500
8192,75,7,C,0.0,300,300,22200,300,300,0,100.0,0.0,0.04843065760384224,0.06,0.0009551048278808594,14.439800500869751,0.0023193359375,22500
8192,75,7,Q,0.0,300,300,22200,18,18,0,6.0,0.0,0.04843065760384224,0.06,0.0009551048278808594,14.439800500869751,0.0023193359375,22500
8192,75,8,C,0.0,300,300,22200,302,300,2,100.0,0.6622516556291391,0.051674692356984804,0.06622516556291391,0.0013661384582519531,11.81029748916626,0.002685546875,22500
8192,75,8,Q,0.0,300,300,22200,20,20,0,6.666666666666667,0.0,0.051674692356984804,0.06622516556291391,0.0013661384582519531,11.81029748916626,0.002685546875,22500
8192,75,9,C,0.0,300,300,22200,300,300,0,100.0,0.0,0.05729981120883364,0.08305647840531562,0.001703023910522461,15.101615190505981,0.003662109375,22500
8192,75,9,Q,0.0,300,300,22200,26,25,1,8.333333333333334,3.8461538461538463,0.05729981120883364,0.08305647840531562,0.001703023910522461,15.101615190505981,0.003662109375,22500
8192,75,10,C,0.0,300,300,22200,303,300,3,100.0,0.9900990099009901,0.05782957198747922,0.08250825082508251,0.0012938976287841797,16.86906147003174,0.003173828125,22500
8192,75,10,Q,0.0,300,300,22200,25,25,0,8.333333333333334,0.0,0.05782957198747922,0.08250825082508251,0.0012938976287841797,16.86906147003174,0.003173828125,22500
8192,75,11,C,0.0,300,300,22200,300,300,0,100.0,0.0,0.04823008688582901,0.06666666666666667,0.0009870529174804688,9.554282188415527,0.00244140625,22500
8192,75,11,Q,0.0,300,300,22200,20,20,0,6.666666666666667,0.0,0.04823008688582901,0.06666666666666667,0.0009870529174804688,9.554282188415527,0.00244140625,22500
8192,75,12,C,0.0,300,300,22200,300,300,0,100.0,0.0,0.054341281895335436,0.07666666666666666,0.0010859966278076172,16.046552658081055,0.0029296875,22500
8192,75,12,Q,0.0,300,300,22200,23,23,0,7.666666666666667,0.0,0.054341281895335436,0.07666666666666666,0.0010859966278076172,16.046552658081055,0.0029296875,22500
8192,75,13,C,0.0,300,300,22200,305,300,5,100.0,1.639344262295082,0.04891062098414051,0.06557377049180328,0.0014452934265136719,11.584630966186523,0.00244140625,22500
8192,75,13,Q,0.0,300,300,22200,20,20,0,6.666666666666667,0.0,0.04891062098414051,0.06557377049180328,0.0014452934265136719,11.584630966186523,0.00244140625,22500
8192,75,14,C,0.0,300,300,22200,316,300,16,100.0,5.063291139240507,0.05494494892144119,0.07278481012658228,0.0017540454864501953,14.087727785110474,0.0028076171875,22500
8192,75,14,Q,0.0,300,300,22200,23,23,0,7.666666666666667,0.0,0.05494494892144119,0.07278481012658228,0.0017540454864501953,14.087727785110474,0.0028076171875,22500
8192,75,15,C,0.0,300,300,22200,303,300,3,100.0,0.9900990099009901,0.04773133896361794,0.0627062706270627,0.00125885009765625,14.57445240020752,0.00244140625,22500
8192,75,15,Q,0.0,300,300,22200,19,19,0,6.333333333333333,0.0,0.04773133896361794,0.0627062706270627,0.00125885009765625,14.57445240020752,0.00244140625,22500
8192,75,16,C,0.0,300,300,22200,300,300,0,100.0,0.0,0.04453329277378183,0.046357615894039736,0.0010497570037841797,14.050786256790161,0.001953125,22500
8192,75,16,Q,0.0,300,300,22200,16,14,2,4.666666666666667,12.5,0.04453329277378183,0.046357615894039736,0.0010497570037841797,14.050786256790161,0.001953125,22500
8192,75,17,C,0.0,300,300,22200,300,300,0,100.0,0.0,0.04373389973018501,0.046511627906976744,0.0014498233795166016,14.436140060424805,0.0018310546875,22500
8192,75,17,Q,0.0,300,300,22200,15,14,1,4.666666666666667,6.666666666666667,0.04373389973018501,0.046511627906976744,0.0014498233795166016,14.436140060424805,0.0018310546875,22500
8192,75,18,C,0.0,300,300,22200,300,300,0,100.0,0.0,0.05279809083894934,0.07333333333333333,0.0009572505950927734,13.915985107421875,0.0032958984375,22500
8192,75,18,Q,0.0,300,300,22200,22,22,0,7.333333333333333,0.0,0.05279809083894934,0.07333333333333333,0.0009572505950927734,13.915985107421875,0.0032958984375,22500
8192,75,19,C,0.0,300,300,22200,300,300,0,100.0,0.0,0.04186905893363425,0.043333333333333335,0.001180887222290039,11.039668083190918,0.0018310546875,22500
8192,75,19,Q,0.0,300,300,22200,13,13,0,4.333333333333333,0.0,0.04186905893363425,0.043333333333333335,0.001180887222290039,11.039668083190918,0.0018310546875,22500
8192,75,20,C,0.0,300,300,22200,300,300,0,100.0,0.0,0.050959517603636956,0.06666666666666667,0.0010428428649902344,15.020074605941772,0.002685546875,22500
8192,75,20,Q,0.0,300,300,22200,20,20,0,6.666666666666667,0.0,0.050959517603636956,0.06666666666666667,0.0010428428649902344,15.020074605941772,0.002685546875,22500
8192,75,21,C,0.0,300,300,22200,300,300,0,100.0,0.0,0.05400343512179779,0.07333333333333333,0.0007727146148681641,10.226619243621826,0.0028076171875,22500
8192,75,21,Q,0.0,300,300,22200,22,22,0,7.333333333333333,0.0,0.05400343512179779,0.07333333333333333,0.0007727146148681641,10.226619243621826,0.0028076171875,22500
8192,75,22,C,0.0,300,300,22200,300,300,0,100.0,0.0,0.04594538045657288,0.06,0.0012805461883544922,15.5770845413208,0.00244140625,22500
8192,75,22,Q,0.0,300,300,22200,18,18,0,6.0,0.0,0.04594538045657288,0.06,0.0012805461883544922,15.5770845413208,0.00244140625,22500
8192,75,23,C,0.0,300,300,22200,300,300,0,100.0,0.0,0.038301349835845135,0.03666666666666667,0.0007240772247314453,9.371532440185547,0.0013427734375,22500
8192,75,23,Q,0.0,300,300,22200,11,11,0,3.6666666666666665,0.0,0.038301349835845135,0.03666666666666667,0.0007240772247314453,9.371532440185547,0.0013427734375,22500
8192,75,24,C,0.0,300,300,22200,300,300,0,100.0,0.0,0.050498544970959375,0.07,0.0012507438659667969,15.722060918807983,0.0029296875,22500
8192,75,24,Q,0.0,300,300,22200,21,21,0,7.0,0.0,0.050498544970959375,0.07,0.0012507438659667969,15.722060918807983,0.0029296875,22500
8192,75,25,C,0.0,300,300,22200,302,300,2,100.0,0.6622516556291391,0.044945161449112654,0.049342105263157895,0.0013260841369628906,15.292133331298828,0.0020751953125,22500
8192,75,25,Q,0.0,300,300,22200,17,15,2,5.0,11.764705882352942,0.044945161449112654,0.049342105263157895,0.0013260841369628906,15.292133331298828,0.0020751953125,22500
8192,75,26,C,0.0,300,300,22200,300,300,0,100.0,0.0,0.04838503691835113,0.06333333333333334,0.0007011890411376953,12.837703943252563,0.0023193359375,22500
8192,75,26,Q,0.0,300,300,22200,19,19,0,6.333333333333333,0.0,0.04838503691835113,0.06333333333333334,0.0007011890411376953,12.837703943252563,0.0023193359375,22500
8192,75,27,C,0.0,300,300,22200,300,300,0,100.0,0.0,0.05037875244225234,0.06666666666666667,0.000986337661743164,14.44959020614624,0.00244140625,22500
8192,75,27,Q,0.0,300,300,22200,20,20,0,6.666666666666667,0.0,0.05037875244225234,0.06666666666666667,0.000986337661743164,14.44959020614624,0.00244140625,22500
8192,75,28,C,0.0,300,300,22200,300,300,0,100.0,0.0,0.04212612253031496,0.04666666666666667,0.0011439323425292969,16.56129026412964,0.0018310546875,22500
8192,75,28,Q,0.0,300,300,22200,14,14,0,4.666666666666667,0.0,0.04212612253031496,0.04666666666666667,0.0011439323425292969,16.56129026412964,0.0018310546875,22500
8192,75,29,C,0.0,300,300,22200,300,300,0,100.0,0.0,0.05007012826251992,0.06312292358803986,0.0009853839874267578,14.823042154312134,0.0025634765625,22500
8192,75,29,Q,0.0,300,300,22200,20,19,1,6.333333333333333,5.0,0.05007012826251992,0.06312292358803986,0.0009853839874267578,14.823042154312134,0.0025634765625,22500
8192,75,30,C,0.0,300,300,22200,302,300,2,100.0,0.6622516556291391,0.05144020307614921,0.0695364238410596,0.0009837150573730469,11.298531293869019,0.002685546875,22500
8192,75,30,Q,0.0,300,300,22200,21,21,0,7.0,0.0,0.05144020307614921,0.0695364238410596,0.0009837150573730469,11.298531293869019,0.002685546875,22500
8192,75,31,C,0.0,300,300,22200,300,300,0,100.0,0.0,0.058269498222124266,0.08278145695364239,0.0010406970977783203,15.011263370513916,0.0032958984375,22500
8192,75,31,Q,0.0,300,300,22200,27,25,2,8.333333333333334,7.407407407407407,0.058269498222124266,0.08278145695364239,0.0010406970977783203,15.011263370513916,0.0032958984375,22500
8192,75,32,C,0.0,300,300,22200,300,300,0,100.0,0.0,0.04783437610618814,0.05647840531561462,0.0010535717010498047,14.806342840194702,0.002197265625,22500
8192,75,32,Q,0.0,300,300,22200,18,17,1,5.666666666666667,5.555555555555555,0.04783437610618814,0.05647840531561462,0.0010535717010498047,14.806342840194702,0.002197265625,22500
8192,75,33,C,0.0,300,300,22200,300,300,0,100.0,0.0,0.04692814839196235,0.056666666666666664,0.0006988048553466797,9.140210390090942,0.002197265625,22500
8192,75,33,Q,0.0,300,300,22200,17,17,0,5.666666666666667,0.0,0.04692814839196235,0.056666666666666664,0.0006988048553466797,9.140210390090942,0.002197265625,22500
8192,75,34,C,0.0,300,300,22200,300,300,0,100.0,0.0,0.05939608240763297,0.09333333333333334,0.0016541481018066406,15.580718994140625,0.003662109375,22500
8192,75,34,Q,0.0,300,300,22200,28,28,0,9.333333333333334,0.0,0.05939608240763297,0.09333333333333334,0.0016541481018066406,15.580718994140625,0.003662109375,22500
8192,75,35,C,0.0,300,300,22200,300,300,0,100.0,0.0,0.05300402915283283,0.07333333333333333,0.0011451244354248047,16.399479866027832,0.0028076171875,22500
8192,75,35,Q,0.0,300,300,22200,22,22,0,7.333333333333333,0.0,0.05300402915283283,0.07333333333333333,0.0011451244354248047,16.399479866027832,0.0028076171875,22500
8192,75,36,C,0.0,300,300,22200,300,300,0,100.0,0.0,0.05721945888458617,0.07973421926910298,0.0009696483612060547,14.545445919036865,0.003173828125,22500
8192,75,36,Q,0.0,300,300,22200,25,24,1,8.0,4.0,0.05721945888458617,0.07973421926910298,0.0009696483612060547,14.545445919036865,0.003173828125,22500
8192,75,37,C,0.0,300,300,22200,300,300,0,100.0,0.0,0.05041513731614959,0.06333333333333334,0.0007255077362060547,9.464855670928955,0.00244140625,22500
8192,75,37,Q,0.0,300,300,22200,19,19,0,6.333333333333333,0.0,0.05041513731614959,0.06333333333333334,0.0007255077362060547,9.464855670928955,0.00244140625,22500
8192,75,38,C,0.0,300,300,22200,300,300,0,100.0,0.0,0.05516268120289647,0.08,0.001077890396118164,14.962913751602173,0.0030517578125,22500
8192,75,38,Q,0.0,300,300,22200,24,24,0,8.0,0.0,0.05516268120289647,0.08,0.001077890396118164,14.962913751602173,0.0030517578125,22500
8192,75,39,C,0.0,300,300,22200,300,300,0,100.0,0.0,0.04969385348597604,0.059800664451827246,0.001180887222290039,16.66284942626953,0.00244140625,22500
8192,75,39,Q,0.0,300,300,22200,19,18,1,6.0,5.2631578947368425,0.04969385348597604,0.059800664451827246,0.001180887222290039,16.66284942626953,0.00244140625,22500
8192,75,40,C,0.0,300,300,22200,300,300,0,100.0,0.0,0.04178570383506632,0.046511627906976744,0.0011377334594726562,16.659250497817993,0.001953125,22500
8192,75,40,Q,0.0,300,300,22200,15,14,1,4.666666666666667,6.666666666666667,0.04178570383506632,0.046511627906976744,0.0011377334594726562,16.659250497817993,0.001953125,22500
8192,75,41,C,0.0,300,300,22200,300,300,0,100.0,0.0,0.06445850184802684,0.10299003322259136,0.0007169246673583984,12.632572412490845,0.004150390625,22500
8192,75,41,Q,0.0,300,300,22200,32,31,1,10.333333333333334,3.125,0.06445850184802684,0.10299003322259136,0.0007169246673583984,12.632572412490845,0.004150390625,22500
8192,75,42,C,0.0,300,300,22200,300,300,0,100.0,0.0,0.04948804092524169,0.06333333333333334,0.001043081283569336,15.331751108169556,0.0023193359375,22500
8192,75,42,Q,0.0,300,300,22200,19,19,0,6.333333333333333,0.0,0.04948804092524169,0.06333333333333334,0.001043081283569336,15.331751108169556,0.0023193359375,22500
8192,75,43,C,0.0,300,300,22200,300,300,0,100.0,0.0,0.04915098529859797,0.06,0.0010197162628173828,14.917270421981812,0.002197265625,22500
8192,75,43,Q,0.0,300,300,22200,18,18,0,6.0,0.0,0.04915098529859797,0.06,0.0010197162628173828,14.917270421981812,0.002197265625,22500
8192,75,44,C,0.0,300,300,22200,300,300,0,100.0,0.0,0.0491239134186658,0.06666666666666667,0.0009980201721191406,15.319647550582886,0.002685546875,22500
8192,75,44,Q,0.0,300,300,22200,20,20,0,6.666666666666667,0.0,0.0491239134186658,0.06666666666666667,0.0009980201721191406,15.319647550582886,0.002685546875,22500
8192,75,45,C,0.0,300,300,22200,300,300,0,100.0,0.0,0.05264970223521848,0.0664451827242525,0.0009684562683105469,13.939690113067627,0.0025634765625,22500
8192,75,45,Q,0.0,300,300,22200,21,20,1,6.666666666666667,4.761904761904762,0.05264970223521848,0.0664451827242525,0.0009684562683105469,13.939690113067627,0.0025634765625,22500
8192,75,46,C,0.0,300,300,22200,300,300,0,100.0,0.0,0.0478791352843419,0.06,0.0007119178771972656,12.674444437026978,0.0023193359375,22500
8192,75,46,Q,0.0,300,300,22200,18,18,0,6.0,0.0,0.0478791352843419,0.06,0.0007119178771972656,12.674444437026978,0.0023193359375,22500
8192,75,47,C,0.0,300,300,22200,300,300,0,100.0,0.0,0.052901158431565086,0.07333333333333333,0.0013508796691894531,16.521149396896362,0.0029296875,22500
8192,75,47,Q,0.0,300,300,22200,22,22,0,7.333333333333333,0.0,0.052901158431565086,0.07333333333333333,0.0013508796691894531,16.521149396896362,0.0029296875,22500
8192,75,48,C,0.0,300,300,22200,300,300,0,100.0,0.0,0.04274208913266119,0.04666666666666667,0.0007355213165283203,13.210562705993652,0.0018310546875,22500
8192,75,48,Q,0.0,300,300,22200,14,14,0,4.666666666666667,0.0,0.04274208913266119,0.04666666666666667,0.0007355213165283203,13.210562705993652,0.0018310546875,22500
8192,75,49,C,0.0,300,300,22200,300,300,0,100.0,0.0,0.05230456334835309,0.07,0.00101470947265625,14.422779083251953,0.0025634765625,22500
8192,75,49,Q,0.0,300,300,22200,21,21,0,7.0,0.0,0.05230456334835309,0.07,0.00101470947265625,14.422779083251953,0.0025634765625,22500
8192,75,50,C,0.0,300,300,22200,300,300,0,100.0,0.0,0.05385021446271067,0.07666666666666666,0.0010554790496826172,16.20644760131836,0.0029296875,22500
8192,75,50,Q,0.0,300,300,22200,23,23,0,7.666666666666667,0.0,0.05385021446271067,0.07666666666666666,0.0010554790496826172,16.20644760131836,0.0029296875,22500
8192,75,51,C,0.0,300,300,22200,300,300,0,100.0,0.0,0.06033501135869399,0.08940397350993377,0.0009775161743164062,14.696730136871338,0.0040283203125,22500
8192,75,51,Q,0.0,300,300,22200,29,27,2,9.0,6.896551724137931,0.06033501135869399,0.08940397350993377,0.0009775161743164062,14.696730136871338,0.0040283203125,22500
8192,75,52,C,0.0,300,300,22200,300,300,0,100.0,0.0,0.051584659440412246,0.06666666666666667,0.0010845661163330078,15.649999380111694,0.0028076171875,22500
8192,75,52,Q,0.0,300,300,22200,20,20,0,6.666666666666667,0.0,0.051584659440412246,0.06666666666666667,0.0010845661163330078,15.649999380111694,0.0028076171875,22500
8192,75,53,C,0.0,300,300,22200,300,300,0,100.0,0.0,0.046099243658599465,0.06333333333333334,0.0011768341064453125,15.336242914199829,0.0025634765625,22500
8192,75,53,Q,0.0,300,300,22200,19,19,0,6.333333333333333,0.0,0.046099243658599465,0.06333333333333334,0.0011768341064453125,15.336242914199829,0.0025634765625,22500
8192,75,54,C,0.0,300,300,22200,300,300,0,100.0,0.0,0.06117365374415576,0.08970099667774087,0.0010347366333007812,11.43999433517456,0.003662109375,22500
8192,75,54,Q,0.0,300,300,22200,28,27,1,9.0,3.5714285714285716,0.06117365374415576,0.08970099667774087,0.0010347366333007812,11.43999433517456,0.003662109375,22500
8192,75,55,C,0.0,300,300,22200,306,300,6,100.0,1.9607843137254901,0.05656914156142799,0.0784313725490196,0.0015058517456054688,14.863433599472046,0.003173828125,22500
8192,75,55,Q,0.0,300,300,22200,24,23,1,7.666666666666667,4.166666666666667,0.05656914156142799,0.0784313725490196,0.0015058517456054688,14.863433599472046,0.003173828125,22500
8192,75,56,C,0.0,300,300,22200,300,300,0,100.0,0.0,0.05767945496717755,0.076158940397351,0.0009851455688476562,14.494609594345093,0.0030517578125,22500
8192,75,56,Q,0.0,300,300,22200,25,23,2,7.666666666666667,8.0,0.05767945496717755,0.076158940397351,0.0009851455688476562,14.494609594345093,0.0030517578125,22500
8192,75,57,C,0.0,300,300,22200,300,300,0,100.0,0.0,0.05244674176434051,0.07,0.0010223388671875,15.20747423171997,0.0029296875,22500
8192,75,57,Q,0.0,300,300,22200,21,21,0,7.0,0.0,0.05244674176434051,0.07,0.0010223388671875,15.20747423171997,0.0029296875,22500
8192,75,58,C,0.0,300,300,22200,300,300,0,100.0,0.0,0.05349268335947039,0.07641196013289037,0.0008225440979003906,10.487678050994873,0.003173828125,22500
8192,75,58,Q,0.0,300,300,22200,24,23,1,7.666666666666667,4.166666666666667,0.05349268335947039,0.07641196013289037,0.0008225440979003906,10.487678050994873,0.003173828125,22500
8192,75,59,C,0.0,300,300,22200,300,300,0,100.0,0.0,0.05091641711923096,0.06666666666666667,0.001010894775390625,9.410380125045776,0.00244140625,22500
8192,75,59,Q,0.0,300,300,22200,20,20,0,6.666666666666667,0.0,0.05091641711923096,0.06666666666666667,0.001010894775390625,9.410380125045776,0.00244140625,22500
8192,100,0,C,0.0,400,400,39600,400,400,0,100.0,0.0,0.029029136961914618,0.03,0.0011065006256103516,21.446889638900757,0.0015869140625,40000
8192,100,0,Q,0.0,400,400,39600,12,12,0,3.0,0.0,0.029029136961914618,0.03,0.0011065006256103516,21.446889638900757,0.0015869140625,40000
8192,100,1,C,0.0,400,400,39600,403,400,3,100.0,0.7444168734491315,0.039376930152649904,0.04714640198511166,0.0013110637664794922,15.210808277130127,0.0023193359375,40000
8192,100,1,Q,0.0,400,400,39600,19,19,0,4.75,0.0,0.039376930152649904,0.04714640198511166,0.0013110637664794922,15.210808277130127,0.0023193359375,40000
8192,100,2,C,0.0,400,400,39600,400,400,0,100.0,0.0,0.033513196731090954,0.0375,0.0011792182922363281,22.592788696289062,0.0018310546875,40000
8192,100,2,Q,0.0,400,400,39600,15,15,0,3.75,0.0,0.033513196731090954,0.0375,0.0011792182922363281,22.592788696289062,0.0018310546875,40000
8192,100,3,C,0.0,400,400,39600,400,400,0,100.0,0.0,0.0248541433312262,0.02,0.0016913414001464844,22.582521438598633,0.0009765625,40000
8192,100,3,Q,0.0,400,400,39600,8,8,0,2.0,0.0,0.0248541433312262,0.02,0.0016913414001464844,22.582521438598633,0.0009765625,40000
8192,100,4,C,0.0,400,400,39600,400,400,0,100.0,0.0,0.026021682749125436,0.0225,0.0014328956604003906,23.996951818466187,0.001220703125,40000
8192,100,4,Q,0.0,400,400,39600,9,9,0,2.25,0.0,0.026021682749125436,0.0225,0.0014328956604003906,23.996951818466187,0.001220703125,40000
8192,100,5,C,0.0,400,400,39600,400,400,0,100.0,0.0,0.028619950747073415,0.02493765586034913,0.0010066032409667969,20.81825566291809,0.0013427734375,40000
8192,100,5,Q,0.0,400,400,39600,11,10,1,2.5,9.090909090909092,0.028619950747073415,0.02493765586034913,0.0010066032409667969,20.81825566291809,0.0013427734375,40000
8192,100,6,C,0.0,400,400,39600,402,400,2,100.0,0.4975124378109453,0.030830144414108564,0.03482587064676617,0.0012547969818115234,19.873076915740967,0.001708984375,40000
8192,100,6,Q,0.0,400,400,39600,14,14,0,3.5,0.0,0.030830144414108564,0.03482587064676617,0.0012547969818115234,19.873076915740967,0.001708984375,40000
8192,100,7,C,0.0,400,400,39600,400,400,0,100.0,0.0,0.03131447420095021,0.035,0.0015189647674560547,22.788329124450684,0.001708984375,40000
8192,100,7,Q,0.0,400,400,39600,14,14,0,3.5,0.0,0.03131447420095021,0.035,0.0015189647674560547,22.788329124450684,0.001708984375,40000
8192,100,8,C,0.0,400,400,39600,404,400,4,100.0,0.9900990099009901,0.036046928704896904,0.03950617283950617,0.0012900829315185547,20.225349187850952,0.0020751953125,40000
8192,100,8,Q,0.0,400,400,39600,17,16,1,4.0,5.882352941176471,0.036046928704896904,0.03950617283950617,0.0012900829315185547,20.225349187850952,0.0020751953125,40000
8192,100,9,C,0.0,400,400,39600,408,400,8,100.0,1.9607843137254901,0.04022308658083099,0.051470588235294115,0.0016674995422363281,22.79082489013672,0.002685546875,40000
8192,100,9,Q,0.0,400,400,39600,21,21,0,5.25,0.0,0.04022308658083099,0.051470588235294115,0.0016674995422363281,22.79082489013672,0.002685546875,40000
8192,100,10,C,0.0,400,400,39600,400,400,0,100.0,0.0,0.023474065561102278,0.02,0.0009789466857910156,16.978542804718018,0.0010986328125,40000
8192,100,10,Q,0.0,400,400,39600,8,8,0,2.0,0.0,0.023474065561102278,0.02,0.0009789466857910156,16.978542804718018,0.0010986328125,40000
8192,100,11,C,0.0,400,400,39600,400,400,0,100.0,0.0,0.027360795636144533,0.025,0.001714468002319336,22.662214756011963,0.001220703125,40000
8192,100,11,Q,0.0,400,400,39600,10,10,0,2.5,0.0,0.027360795636144533,0.025,0.001714468002319336,22.662214756011963,0.001220703125,40000
8192,100,12,C,0.0,400,400,39600,400,400,0,100.0,0.0,0.03382791169173663,0.0375,0.0019440650939941406,20.76100206375122,0.001953125,40000
8192,100,12,Q,0.0,400,400,39600,15,15,0,3.75,0.0,0.03382791169173663,0.0375,0.0019440650939941406,20.76100206375122,0.001953125,40000
8192,100,13,C,0.0,400,400,39600,404,400,4,100.0,0.9900990099009901,0.03637436451639886,0.044444444444444446,0.0020787715911865234,25.953866481781006,0.0023193359375,40000
8192,100,13,Q,0.0,400,400,39600,19,17,2,4.25,10.526315789473685,0.03637436451639886,0.044444444444444446,0.0020787715911865234,25.953866481781006,0.0023193359375,40000
8192,100,14,C,0.0,400,400,39600,403,400,3,100.0,0.7444168734491315,0.029268989513924107,0.02729528535980149,0.0015192031860351562,14.606430768966675,0.00146484375,40000
8192,100,14,Q,0.0,400,400,39600,11,11,0,2.75,0.0,0.029268989513924107,0.02729528535980149,0.0015192031860351562,14.606430768966675,0.00146484375,40000
8192,100,15,C,0.0,400,400,39600,402,400,2,100.0,0.4975124378109453,0.03525691130438745,0.03980099502487562,0.001306295394897461,18.25857973098755,0.001953125,40000
8192,100,15,Q,0.0,400,400,39600,16,16,0,4.0,0.0,0.03525691130438745,0.03980099502487562,0.001306295394897461,18.25857973098755,0.001953125,40000
8192,100,16,C,0.0,400,400,39600,404,400,4,100.0,0.9900990099009901,0.03050135958095534,0.029556650246305417,0.0020046234130859375,20.54515051841736,0.001708984375,40000
8192,100,16,Q,0.0,400,400,39600,14,12,2,3.0,14.285714285714286,0.03050135958095534,0.029556650246305417,0.0020046234130859375,20.54515051841736,0.001708984375,40000
8192,100,17,C,0.0,400,400,39600,400,400,0,100.0,0.0,0.021451609408451443,0.015,0.001478433609008789,22.3826801776886,0.0009765625,40000
8192,100,17,Q,0.0,400,400,39600,6,6,0,1.5,0.0,0.021451609408451443,0.015,0.001478433609008789,22.3826801776886,0.0009765625,40000
8192,100,18,C,0.0,400,400,39600,400,400,0,100.0,0.0,0.02934843193244021,0.0275,0.0015265941619873047,17.673319339752197,0.0013427734375,40000
8192,100,18,Q,0.0,400,400,39600,11,11,0,2.75,0.0,0.02934843193244021,0.0275,0.0015265941619873047,17.673319339752197,0.0013427734375,40000
8192,100,19,C,0.0,400,400,39600,400,400,0,100.0,0.0,0.020604083042732788,0.015,0.0011217594146728516,17.80501914024353,0.000732421875,40000
8192,100,19,Q,0.0,400,400,39600,6,6,0,1.5,0.0,0.020604083042732788,0.015,0.0011217594146728516,17.80501914024353,0.000732421875,40000
8192,100,20,C,0.0,400,400,39600,400,400,0,100.0,0.0,0.0313102856046069,0.035,0.001646280288696289,24.755497694015503,0.001708984375,40000
8192,100,20,Q,0.0,400,400,39600,14,14,0,3.5,0.0,0.0313102856046069,0.035,0.001646280288696289,24.755497694015503,0.001708984375,40000
8192,100,21,C,0.0,400,400,39600,400,400,0,100.0,0.0,0.027170790110893624,0.022443890274314215,0.0009679794311523438,14.165444135665894,0.001220703125,40000
8192,100,21,Q,0.0,400,400,39600,10,9,1,2.25,10.0,0.027170790110893624,0.022443890274314215,0.0009679794311523438,14.165444135665894,0.001220703125,40000
8192,100,22,C,0.0,400,400,39600,405,400,5,100.0,1.2345679012345678,0.02602096585638197,0.022167487684729065,0.001621246337890625,16.030965089797974,0.001220703125,40000
8192,100,22,Q,0.0,400,400,39600,10,9,1,2.25,10.0,0.02602096585638197,0.022167487684729065,0.001621246337890625,16.030965089797974,0.001220703125,40000
8192,100,23,C,0.0,400,400,39600,404,400,4,100.0,0.9900990099009901,0.027208659002305444,0.024752475247524754,0.0012524127960205078,14.740108966827393,0.0013427734375,40000
8192,100,23,Q,0.0,400,400,39600,10,10,0,2.5,0.0,0.027208659002305444,0.024752475247524754,0.0012524127960205078,14.740108966827393,0.0013427734375,40000
8192,100,24,C,0.0,400,400,39600,401,400,1,100.0,0.24937655860349128,0.02736277291893591,0.02493765586034913,0.002367734909057617,23.819061756134033,0.001708984375,40000
8192,100,24,Q,0.0,400,400,39600,10,10,0,2.5,0.0,0.02736277291893591,0.02493765586034913,0.002367734909057617,23.819061756134033,0.001708984375,40000
8192,100,25,C,0.0,400,400,39600,400,400,0,100.0,0.0,0.03258102903756457,0.0375,0.0012211799621582031,20.481657028198242,0.0018310546875,40000
8192,100,25,Q,0.0,400,400,39600,15,15,0,3.75,0.0,0.03258102903756457,0.0375,0.0012211799621582031,20.481657028198242,0.0018310546875,40000
8192,100,26,C,0.0,400,400,39600,402,400,2,100.0,0.4975124378109453,0.03198723132423409,0.03225806451612903,0.002164602279663086,17.591565132141113,0.0018310546875,40000
8192,100,26,Q,0.0,400,400,39600,14,13,1,3.25,7.142857142857143,0.03198723132423409,0.03225806451612903,0.002164602279663086,17.591565132141113,0.0018310546875,40000
8192,100,27,C,0.0,400,400,39600,401,400,1,100.0,0.24937655860349128,0.03500327028779028,0.0399002493765586,0.0021386146545410156,25.89979910850525,0.0020751953125,40000
8192,100,27,Q,0.0,400,400,39600,16,16,0,4.0,0.0,0.03500327028779028,0.0399002493765586,0.0021386146545410156,25.89979910850525,0.0020751953125,40000
8192,100,28,C,0.0,400,400,39600,402,400,2,100.0,0.4975124378109453,0.029205110016297043,0.024875621890547265,0.0020449161529541016,22.029186964035034,0.001220703125,40000
8192,100,28,Q,0.0,400,400,39600,10,10,0,2.5,0.0,0.029205110016297043,0.024875621890547265,0.0020449161529541016,22.029186964035034,0.001220703125,40000
8192,100,29,C,0.0,400,400,39600,401,400,1,100.0,0.24937655860349128,0.026438614707068597,0.022443890274314215,0.0013816356658935547,15.121166467666626,0.0010986328125,40000
8192,100,29,Q,0.0,400,400,39600,9,9,0,2.25,0.0,0.026438614707068597,0.022443890274314215,0.0013816356658935547,15.121166467666626,0.0010986328125,40000
8192,150,0,C,0.0,600,600,89400,605,600,5,100.0,0.8264462809917356,0.022590119301352487,0.026446280991735537,0.003778696060180664,36.04963231086731,0.001953125,90000
8192,150,0,Q,0.0,600,600,89400,16,16,0,2.6666666666666665,0.0,0.022590119301352487,0.026446280991735537,0.003778696060180664,36.04963231086731,0.001953125,90000
8192,150,1,C,0.0,600,600,89400,600,600,0,100.0,0.0,0.019073868865014023,0.02,0.0033943653106689453,39.540860414505005,0.0015869140625,90000
8192,150,1,Q,0.0,600,600,89400,12,12,0,2.0,0.0,0.019073868865014023,0.02,0.0033943653106689453,39.540860414505005,0.0015869140625,90000
8192,150,2,C,0.0,600,600,89400,600,600,0,100.0,0.0,0.01889205566539909,0.018333333333333333,0.0019452571868896484,41.73367619514465,0.0013427734375,90000
8192,150,2,Q,0.0,600,600,89400,11,11,0,1.8333333333333333,0.0,0.01889205566539909,0.018333333333333333,0.0019452571868896484,41.73367619514465,0.0013427734375,90000
8192,150,3,C,0.0,600,600,89400,601,600,1,100.0,0.16638935108153077,0.0187593665758737,0.016638935108153077,0.0037946701049804688,43.01516675949097,0.001220703125,90000
8192,150,3,Q,0.0,600,600,89400,10,10,0,1.6666666666666667,0.0,0.0187593665758737,0.016638935108153077,0.0037946701049804688,43.01516675949097,0.001220703125,90000
8192,150,4,C,0.0,600,600,89400,600,600,0,100.0,0.0,0.020497671352877347,0.018272425249169437,0.002001523971557617,28.49971842765808,0.0015869140625,90000
8192,150,4,Q,0.0,600,600,89400,13,11,2,1.8333333333333333,15.384615384615385,0.020497671352877347,0.018272425249169437,0.002001523971557617,28.49971842765808,0.0015869140625,90000
8192,150,5,C,0.0,600,600,89400,615,600,15,100.0,2.4390243902439024,0.016847766535493584,0.014634146341463415,0.005745649337768555,42.608526945114136,0.0010986328125,90000
8192,150,5,Q,0.0,600,600,89400,9,9,0,1.5,0.0,0.016847766535493584,0.014634146341463415,0.005745649337768555,42.608526945114136,0.0010986328125,90000
8192,150,6,C,0.0,600,600,89400,606,600,6,100.0,0.9900990099009901,0.02726592952687176,0.034653465346534656,0.0033295154571533203,40.891340255737305,0.0025634765625,90000
8192,150,6,Q,0.0,600,600,89400,21,20,1,3.3333333333333335,4.761904761904762,0.02726592952687176,0.034653465346534656,0.0033295154571533203,40.891340255737305,0.0025634765625,90000
8192,150,7,C,0.0,600,600,89400,601,600,1,100.0,0.16638935108153077,0.020822748352350706,0.02159468438538206,0.0043218135833740234,41.83322739601135,0.001708984375,90000
8192,150,7,Q,0.0,600,600,89400,14,13,1,2.1666666666666665,7.142857142857143,0.020822748352350706,0.02159468438538206,0.0043218135833740234,41.83322739601135,0.001708984375,90000
8192,150,8,C,0.0,600,600,89400,602,600,2,100.0,0.33222591362126247,0.02176922563512693,0.02155887230514096,0.004614591598510742,47.98452806472778,0.0018310546875,90000
8192,150,8,Q,0.0,600,600,89400,14,13,1,2.1666666666666665,7.142857142857143,0.02176922563512693,0.02155887230514096,0.004614591598510742,47.98452806472778,0.0018310546875,90000
8192,150,9,C,0.0,600,600,89400,600,600,0,100.0,0.0,0.01929585323826911,0.018302828618968387,0.002293825149536133,33.79097819328308,0.0015869140625,90000
8192,150,9,Q,0.0,600,600,89400,12,11,1,1.8333333333333333,8.333333333333334,0.01929585323826911,0.018302828618968387,0.002293825149536133,33.79097819328308,0.0015869140625,90000
8192,150,10,C,0.0,600,600,89400,603,600,3,100.0,0.4975124378109453,0.013608666935108845,0.008278145695364239,0.0027053356170654297,28.977277994155884,0.000732421875,90000
8192,150,10,Q,0.0,600,600,89400,6,5,1,0.8333333333333334,16.666666666666668,0.013608666935108845,0.008278145695364239,0.0027053356170654297,28.977277994155884,0.000732421875,90000
8192,150,11,C,0.0,600,600,89400,607,600,7,100.0,1.1532125205930808,0.014561321728828168,0.009868421052631578,0.004388332366943359,35.80020618438721,0.0008544921875,90000
8192,150,11,Q,0.0,600,600,89400,7,6,1,1.0,14.285714285714286,0.014561321728828168,0.009868421052631578,0.004388332366943359,35.80020618438721,0.0008544921875,90000
8192,150,12,C,0.0,600,600,89400,600,600,0,100.0,0.0,0.02105413386409887,0.021666666666666667,0.003144979476928711,41.1706383228302,0.0015869140625,90000
8192,150,12,Q,0.0,600,600,89400,13,13,0,2.1666666666666665,0.0,0.02105413386409887,0.021666666666666667,0.003144979476928711,41.1706383228302,0.0015869140625,90000
8192,150,13,C,0.0,600,600,89400,603,600,3,100.0,0.4975124378109453,0.01925358656074792,0.01824212271973466,0.003981590270996094,41.958399057388306,0.0013427734375,90000
8192,150,13,Q,0.0,600,600,89400,11,11,0,1.8333333333333333,0.0,0.01925358656074792,0.01824212271973466,0.003981590270996094,41.958399057388306,0.0013427734375,90000
8192,150,14,C,0.0,600,600,89400,600,600,0,100.0,0.0,0.02071799510575589,0.021666666666666667,0.0028581619262695312,40.60422420501709,0.0015869140625,90000
8192,150,14,Q,0.0,600,600,89400,13,13,0,2.1666666666666665,0.0,0.02071799510575589,0.021666666666666667,0.0028581619262695312,40.60422420501709,0.0015869140625,90000
8192,150,15,C,0.0,600,600,89400,604,600,4,100.0,0.6622516556291391,0.02217062472184424,0.023140495867768594,0.0030698776245117188,36.88257837295532,0.0018310546875,90000
8192,150,15,Q,0.0,600,600,89400,15,14,1,2.3333333333333335,6.666666666666667,0.02217062472184424,0.023140495867768594,0.0030698776245117188,36.88257837295532,0.0018310546875,90000
8192,150,16,C,0.0,600,600,89400,600,600,0,100.0,0.0,0.021897703270071532,0.023333333333333334,0.003888368606567383,41.13258647918701,0.001708984375,90000
8192,150,16,Q,0.0,600,600,89400,14,14,0,2.3333333333333335,0.0,0.021897703270071532,0.023333333333333334,0.003888368606567383,41.13258647918701,0.001708984375,90000
8192,150,17,C,0.0,600,600,89400,600,600,0,100.0,0.0,0.02076089761960712,0.021630615640599003,0.002267599105834961,34.26890301704407,0.0018310546875,90000
8192,150,17,Q,0.0,600,600,89400,14,13,1,2.1666666666666665,7.142857142857143,0.02076089761960712,0.021630615640599003,0.002267599105834961,34.26890301704407,0.0018310546875,90000
8192,150,18,C,0.0,600,600,89400,611,600,11,100.0,1.800327332242226,0.018885448068117303,0.014729950900163666,0.0056841373443603516,35.76277732849121,0.001220703125,90000
8192,150,18,Q,0.0,600,600,89400,9,9,0,1.5,0.0,0.018885448068117303,0.014729950900163666,0.0056841373443603516,35.76277732849121,0.001220703125,90000
8192,150,19,C,0.0,600,600,89400,602,600,2,100.0,0.33222591362126247,0.018199783219284,0.01658374792703151,0.0031812191009521484,30.993314027786255,0.00146484375,90000
8192,150,19,Q,0.0,600,600,89400,11,10,1,1.6666666666666667,9.090909090909092,0.018199783219284,0.01658374792703151,0.0031812191009521484,30.993314027786255,0.00146484375,90000
8192,150,20,C,0.0,600,600,89400,603,600,3,100.0,0.4975124378109453,0.014909183987392556,0.013266998341625208,0.0030548572540283203,34.72145128250122,0.0009765625,90000
8192,150,20,Q,0.0,600,600,89400,8,8,0,1.3333333333333333,0.0,0.014909183987392556,0.013266998341625208,0.0030548572540283203,34.72145128250122,0.0009765625,90000
8192,150,21,C,0.0,600,600,89400,602,600,2,100.0,0.33222591362126247,0.019748786955762494,0.014827018121911038,0.003097057342529297,31.831706523895264,0.001708984375,90000
8192,150,21,Q,0.0,600,600,89400,14,9,5,1.5,35.714285714285715,0.019748786955762494,0.014827018121911038,0.003097057342529297,31.831706523895264,0.001708984375,90000
8192,150,22,C,0.0,600,600,89400,603,600,3,100.0,0.4975124378109453,0.015762237775529694,0.013266998341625208,0.002565145492553711,33.45656681060791,0.0009765625,90000
8192,150,22,Q,0.0,600,600,89400,8,8,0,1.3333333333333333,0.0,0.015762237775529694,0.013266998341625208,0.002565145492553711,33.45656681060791,0.0009765625,90000
8192,150,23,C,0.0,600,600,89400,600,600,0,100.0,0.0,0.021252927235791905,0.023333333333333334,0.0036923885345458984,38.74030017852783,0.001708984375,90000
8192,150,23,Q,0.0,600,600,89400,14,14,0,2.3333333333333335,0.0,0.021252927235791905,0.023333333333333334,0.0036923885345458984,38.74030017852783,0.001708984375,90000
8192,150,24,C,0.0,600,600,89400,603,600,3,100.0,0.4975124378109453,0.022598961676982356,0.024793388429752067,0.0038406848907470703,40.463900327682495,0.0020751953125,90000
8192,150,24,Q,0.0,600,600,89400,17,15,2,2.5,11.764705882352942,0.022598961676982356,0.024793388429752067,0.0038406848907470703,40.463900327682495,0.0020751953125,90000
8192,150,25,C,0.0,600,600,89400,603,600,3,100.0,0.4975124378109453,0.0179069727243485,0.01658374792703151,0.004304409027099609,41.72362947463989,0.001220703125,90000
8192,150,25,Q,0.0,600,600,89400,10,10,0,1.6666666666666667,0.0,0.0179069727243485,0.01658374792703151,0.004304409027099609,41.72362947463989,0.001220703125,90000
8192,150,26,C,0.0,600,600,89400,603,600,3,100.0,0.4975124378109453,0.020747060602542413,0.0231023102310231,0.002841472625732422,37.445064067840576,0.0020751953125,90000
8192,150,26,Q,0.0,600,600,89400,17,14,3,2.3333333333333335,17.647058823529413,0.020747060602542413,0.0231023102310231,0.002841472625732422,37.445064067840576,0.0020751953125,90000
8192,150,27,C,0.0,600,600,89400,600,600,0,100.0,0.0,0.01687057654641661,0.015,0.0020589828491210938,32.83707571029663,0.0010986328125,90000
8192,150,27,Q,0.0,600,600,89400,9,9,0,1.5,0.0,0.01687057654641661,0.015,0.0020589828491210938,32.83707571029663,0.0010986328125,90000
8192,150,28,C,0.0,600,600,89400,600,600,0,100.0,0.0,0.01576304346828549,0.013333333333333334,0.0032737255096435547,41.541778802871704,0.0009765625,90000
8192,150,28,Q,0.0,600,600,89400,8,8,0,1.3333333333333333,0.0,0.01576304346828549,0.013333333333333334,0.0032737255096435547,41.541778802871704,0.0009765625,90000
8192,150,29,C,0.0,600,600,89400,601,600,1,100.0,0.16638935108153077,0.017394422426974067,0.014975041597337771,0.0026733875274658203,37.23720359802246,0.0010986328125,90000
8192,150,29,Q,0.0,600,600,89400,9,9,0,1.5,0.0,0.017394422426974067,0.014975041597337771,0.0026733875274658203,37.23720359802246,0.0010986328125,90000
8192,200,0,C,0.0,800,800,159200,803,800,3,100.0,0.37359900373599003,0.013641343043261162,0.009925558312655087,0.006345510482788086,78.07279753684998,0.0013427734375,160000
8192,200,0,Q,0.0,800,800,159200,11,8,3,1.0,27.272727272727273,0.013641343043261162,0.009925558312655087,0.006345510482788086,78.07279753684998,0.0013427734375,160000
8192,200,1,C,0.0,800,800,159200,812,800,12,100.0,1.477832512315271,0.011673250578820408,0.008610086100861008,0.008848190307617188,72.41698288917542,0.0010986328125,160000
8192,200,1,Q,0.0,800,800,159200,8,7,1,0.875,12.5,0.011673250578820408,0.008610086100861008,0.008848190307617188,72.41698288917542,0.0010986328125,160000
8192,200,2,C,0.0,800,800,159200,806,800,6,100.0,0.7444168734491315,0.007835814841253572,0.0037220843672456576,0.004633426666259766,57.247236490249634,0.0003662109375,160000
8192,200,2,Q,0.0,800,800,159200,3,3,0,0.375,0.0,0.007835814841253572,0.0037220843672456576,0.004633426666259766,57.247236490249634,0.0003662109375,160000
8192,200,3,C,0.0,800,800,159200,812,800,12,100.0,1.477832512315271,0.014379149770612156,0.009852216748768473,0.009073972702026367,69.23790788650513,0.0009765625,160000
8192,200,3,Q,0.0,800,800,159200,8,8,0,1.0,0.0,0.014379149770612156,0.009852216748768473,0.009073972702026367,69.23790788650513,0.0009765625,160000
8192,200,4,C,0.0,800,800,159200,808,800,8,100.0,0.9900990099009901,0.011783755024207155,0.009888751545117428,0.004298210144042969,60.58653807640076,0.0010986328125,160000
8192,200,4,Q,0.0,800,800,159200,9,7,2,0.875,22.22222222222222,0.011783755024207155,0.009888751545117428,0.004298210144042969,60.58653807640076,0.0010986328125,160000
8192,200,5,C,0.0,800,800,159200,800,800,0,100.0,0.0,0.013913453935307876,0.009962640099626401,0.003104686737060547,69.08913993835449,0.0013427734375,160000
8192,200,5,Q,0.0,800,800,159200,11,8,3,1.0,27.272727272727273,0.013913453935307876,0.009962640099626401,0.003104686737060547,69.08913993835449,0.0013427734375,160000
8192,200,6,C,0.0,800,800,159200,806,800,6,100.0,0.7444168734491315,0.01286851456535631,0.009913258983890954,0.009604215621948242,67.58833861351013,0.0010986328125,160000
8192,200,6,Q,0.0,800,800,159200,9,8,1,1.0,11.11111111111111,0.01286851456535631,0.009913258983890954,0.009604215621948242,67.58833861351013,0.0010986328125,160000
8192,200,7,C,0.0,800,800,159200,800,800,0,100.0,0.0,0.011514626827298913,0.00749063670411985,0.0030105113983154297,60.2259783744812,0.0008544921875,160000
8192,200,7,Q,0.0,800,800,159200,7,6,1,0.75,14.285714285714286,0.011514626827298913,0.00749063670411985,0.0030105113983154297,60.2259783744812,0.0008544921875,160000
8192,200,8,C,0.0,800,800,159200,800,800,0,100.0,0.0,0.011629977449510399,0.00875,0.004327297210693359,67.2795569896698,0.0008544921875,160000
8192,200,8,Q,0.0,800,800,159200,7,7,0,0.875,0.0,0.011629977449510399,0.00875,0.004327297210693359,67.2795569896698,0.0008544921875,160000
8192,200,9,C,0.0,800,800,159200,819,800,19,100.0,2.31990231990232,0.00795802650460083,0.003663003663003663,0.0068356990814208984,72.60798931121826,0.0003662109375,160000
8192,200,9,Q,0.0,800,800,159200,3,3,0,0.375,0.0,0.00795802650460083,0.003663003663003663,0.0068356990814208984,72.60798931121826,0.0003662109375,160000
8192,200,10,C,0.0,800,800,159200,806,800,6,100.0,0.7444168734491315,0.011375149556063321,0.007425742574257425,0.006740570068359375,71.02909827232361,0.0009765625,160000
8192,200,10,Q,0.0,800,800,159200,8,5,3,0.625,37.5,0.011375149556063321,0.007425742574257425,0.006740570068359375,71.02909827232361,0.0009765625,160000
8192,200,11,C,0.0,800,800,159200,806,800,6,100.0,0.7444168734491315,0.016062713054402898,0.016129032258064516,0.00475621223449707,69.3838860988617,0.0015869140625,160000
8192,200,11,Q,0.0,800,800,159200,13,13,0,1.625,0.0,0.016062713054402898,0.016129032258064516,0.00475621223449707,69.3838860988617,0.0015869140625,160000
8192,200,12,C,0.0,800,800,159200,808,800,8,100.0,0.9900990099009901,0.010487705159018177,0.007416563658838072,0.007437229156494141,82.59291052818298,0.0008544921875,160000
8192,200,12,Q,0.0,800,800,159200,7,6,1,0.75,14.285714285714286,0.010487705159018177,0.007416563658838072,0.007437229156494141,82.59291052818298,0.0008544921875,160000
8192,200,13,C,0.0,800,800,159200,813,800,13,100.0,1.5990159901599017,0.013931701529588373,0.012285012285012284,0.0072596073150634766,70.38441228866577,0.0013427734375,160000
8192,200,13,Q,0.0,800,800,159200,11,9,2,1.125,18.181818181818183,0.013931701529588373,0.012285012285012284,0.0072596073150634766,70.38441228866577,0.0013427734375,160000
8192,200,14,C,0.0,800,800,159200,800,800,0,100.0,0.0,0.011083203726179061,0.0075,0.006285190582275391,62.58380126953125,0.000732421875,160000
8192,200,14,Q,0.0,800,800,159200,6,6,0,0.75,0.0,0.011083203726179061,0.0075,0.006285190582275391,62.58380126953125,0.000732421875,160000
8192,200,15,C,0.0,800,800,159200,806,800,6,100.0,0.7444168734491315,0.009973556354439916,0.007444168734491315,0.006506204605102539,67.45484280586243,0.000732421875,160000
8192,200,15,Q,0.0,800,800,159200,6,6,0,0.75,0.0,0.009973556354439916,0.007444168734491315,0.006506204605102539,67.45484280586243,0.000732421875,160000
8192,200,16,C,0.0,800,800,159200,816,800,16,100.0,1.9607843137254901,0.012394515725992157,0.009779951100244499,0.008486032485961914,75.84378576278687,0.001220703125,160000
8192,200,16,Q,0.0,800,800,159200,10,8,2,1.0,20.0,0.012394515725992157,0.009779951100244499,0.008486032485961914,75.84378576278687,0.001220703125,160000
8192,200,17,C,0.0,800,800,159200,808,800,8,100.0,0.9900990099009901,0.010343510244879601,0.007425742574257425,0.004811525344848633,52.06138062477112,0.000732421875,160000
8192,200,17,Q,0.0,800,800,159200,6,6,0,0.75,0.0,0.010343510244879601,0.007425742574257425,0.004811525344848633,52.06138062477112,0.000732421875,160000
8192,200,18,C,0.0,800,800,159200,806,800,6,100.0,0.7444168734491315,0.012466772326059658,0.008663366336633664,0.00578618049621582,63.93335437774658,0.0010986328125,160000
8192,200,18,Q,0.0,800,800,159200,9,7,2,0.875,22.22222222222222,0.012466772326059658,0.008663366336633664,0.00578618049621582,63.93335437774658,0.0010986328125,160000
8192,200,19,C,0.0,800,800,159200,812,800,12,100.0,1.477832512315271,0.011285794007604042,0.008620689655172414,0.00689387321472168,51.115334033966064,0.0008544921875,160000
8192,200,19,Q,0.0,800,800,159200,7,7,0,0.875,0.0,0.011285794007604042,0.008620689655172414,0.00689387321472168,51.115334033966064,0.0008544921875,160000
8192,200,20,C,0.0,800,800,159200,806,800,6,100.0,0.7444168734491315,0.009841702257328354,0.0049504950495049506,0.004220008850097656,51.59425902366638,0.000732421875,160000
8192,200,20,Q,0.0,800,800,159200,6,3,3,0.375,50.0,0.009841702257328354,0.0049504950495049506,0.004220008850097656,51.59425902366638,0.000732421875,160000
8192,200,21,C,0.0,800,800,159200,808,800,8,100.0,0.9900990099009901,0.011513499561352787,0.007416563658838072,0.008558034896850586,62.069955348968506,0.0008544921875,160000
8192,200,21,Q,0.0,800,800,159200,7,6,1,0.75,14.285714285714286,0.011513499561352787,0.007416563658838072,0.008558034896850586,62.069955348968506,0.0008544921875,160000
8192,200,22,C,0.0,800,800,159200,805,800,5,100.0,0.6211180124223602,0.009576499872755573,0.004962779156327543,0.00706171989440918,69.14068269729614,0.0006103515625,160000
8192,200,22,Q,0.0,800,800,159200,5,4,1,0.5,20.0,0.009576499872755573,0.004962779156327543,0.00706171989440918,69.14068269729614,0.0006103515625,160000
8192,200,23,C,0.0,800,800,159200,800,800,0,100.0,0.0,0.01011699844874625,0.00625,0.0034148693084716797,55.1830997467041,0.0006103515625,160000
8192,200,23,Q,0.0,800,800,159200,5,5,0,0.625,0.0,0.01011699844874625,0.00625,0.0034148693084716797,55.1830997467041,0.0006103515625,160000
8192,200,24,C,0.0,800,800,159200,803,800,3,100.0,0.37359900373599003,0.013155803264872085,0.011194029850746268,0.006767749786376953,59.87861609458923,0.001220703125,160000
8192,200,24,Q,0.0,800,800,159200,10,8,2,1.0,20.0,0.013155803264872085,0.011194029850746268,0.006767749786376953,59.87861609458923,0.001220703125,160000
8192,200,25,C,0.0,800,800,159200,812,800,12,100.0,1.477832512315271,0.010113024681773787,0.006150061500615006,0.01023721694946289,69.14930701255798,0.000732421875,160000
8192,200,25,Q,0.0,800,800,159200,6,4,2,0.5,33.333333333333336,0.010113024681773787,0.006150061500615006,0.01023721694946289,69.14930701255798,0.000732421875,160000
8192,200,26,C,0.0,800,800,159200,806,800,6,100.0,0.7444168734491315,0.012368958819855367,0.008674101610904586,0.009355783462524414,68.81240391731262,0.0009765625,160000
8192,200,26,Q,0.0,800,800,159200,8,7,1,0.875,12.5,0.012368958819855367,0.008674101610904586,0.009355783462524414,68.81240391731262,0.0009765625,160000
8192,200,27,C,0.0,800,800,159200,805,800,5,100.0,0.6211180124223602,0.011541122578119642,0.007453416149068323,0.009517431259155273,64.03421998023987,0.000732421875,160000
8192,200,27,Q,0.0,800,800,159200,6,6,0,0.75,0.0,0.011541122578119642,0.007453416149068323,0.009517431259155273,64.03421998023987,0.000732421875,160000
8192,200,28,C,0.0,800,800,159200,800,800,0,100.0,0.0,0.014021984772403405,0.0125,0.004024505615234375,63.548832416534424,0.001220703125,160000
8192,200,28,Q,0.0,800,800,159200,10,10,0,1.25,0.0,0.014021984772403405,0.0125,0.004024505615234375,63.548832416534424,0.001220703125,160000
8192,200,29,C,0.0,800,800,159200,810,800,10,100.0,1.2345679012345678,0.011405438977150061,0.006157635467980296,0.008160114288330078,63.10445761680603,0.0008544921875,160000
8192,200,29,Q,0.0,800,800,159200,7,5,2,0.625,28.571428571428573,0.011405438977150061,0.006157635467980296,0.008160114288330078,63.10445761680603,0.0008544921875,160000
8192,300,0,C,0.0,1200,1200,358800,1224,1200,24,100.0,1.9607843137254901,0.006667973752467386,0.0032626427406199023,0.010948657989501953,141.83258438110352,0.000732421875,360000
8192,300,0,Q,0.0,1200,1200,358800,6,3,3,0.25,50.0,0.006667973752467386,0.0032626427406199023,0.010948657989501953,141.83258438110352,0.000732421875,360000
8192,300,1,C,0.0,1200,1200,358800,1224,1200,24,100.0,1.9607843137254901,0.007149649204829567,0.004078303425774877,0.01487421989440918,130.85493755340576,0.0008544921875,360000
8192,300,1,Q,0.0,1200,1200,358800,7,5,2,0.4166666666666667,28.571428571428573,0.007149649204829567,0.004078303425774877,0.01487421989440918,130.85493755340576,0.0008544921875,360000
8192,300,2,C,0.0,1200,1200,358800,1218,1200,18,100.0,1.477832512315271,0.006575113632181262,0.004101722723543888,0.01839756965637207,171.6248071193695,0.000732421875,360000
8192,300,2,Q,0.0,1200,1200,358800,6,5,1,0.4166666666666667,16.666666666666668,0.006575113632181262,0.004101722723543888,0.01839756965637207,171.6248071193695,0.000732421875,360000
8192,300,3,C,0.0,1200,1200,358800,1223,1200,23,100.0,1.8806214227309894,0.007373703638349526,0.004084967320261438,0.01237940788269043,127.411696434021,0.000732421875,360000
8192,300,3,Q,0.0,1200,1200,358800,6,5,1,0.4166666666666667,16.666666666666668,0.007373703638349526,0.004084967320261438,0.01237940788269043,127.411696434021,0.000732421875,360000
8192,300,4,C,0.0,1200,1200,358800,1213,1200,13,100.0,1.0717230008244023,0.009287554458847477,0.006578947368421052,0.010361194610595703,128.90719437599182,0.0013427734375,360000
8192,300,4,Q,0.0,1200,1200,358800,11,8,3,0.6666666666666666,27.272727272727273,0.009287554458847477,0.006578947368421052,0.010361194610595703,128.90719437599182,0.0013427734375,360000
8192,300,5,C,0.0,1200,1200,358800,1212,1200,12,100.0,0.9900990099009901,0.007971949745367229,0.004942339373970346,0.01216435432434082,137.85921263694763,0.0009765625,360000
8192,300,5,Q,0.0,1200,1200,358800,8,6,2,0.5,25.0,0.007971949745367229,0.004942339373970346,0.01216435432434082,137.85921263694763,0.0009765625,360000
8192,300,6,C,0.0,1200,1200,358800,1219,1200,19,100.0,1.5586546349466777,0.009547711805960955,0.008183306055646482,0.02875995635986328,138.45366597175598,0.0015869140625,360000
8192,300,6,Q,0.0,1200,1200,358800,13,10,3,0.8333333333333334,23.076923076923077,0.009547711805960955,0.008183306055646482,0.02875995635986328,138.45366597175598,0.0015869140625,360000
8192,300,7,C,0.0,1200,1200,358800,1231,1200,31,100.0,2.5182778229082046,0.008813364024613071,0.006493506493506494,0.035336971282958984,141.6574351787567,0.0010986328125,360000
8192,300,7,Q,0.0,1200,1200,358800,9,8,1,0.6666666666666666,11.11111111111111,0.008813364024613071,0.006493506493506494,0.035336971282958984,141.6574351787567,0.0010986328125,360000
8192,300,8,C,0.0,1200,1200,358800,1206,1200,6,100.0,0.4975124378109453,0.008859184895102252,0.007462686567164179,0.028770923614501953,132.70405793190002,0.0010986328125,360000
8192,300,8,Q,0.0,1200,1200,358800,9,9,0,0.75,0.0,0.008859184895102252,0.007462686567164179,0.028770923614501953,132.70405793190002,0.0010986328125,360000
8192,300,9,C,0.0,1200,1200,358800,1210,1200,10,100.0,0.8264462809917356,0.0058376164729287035,0.003305785123966942,0.01125025749206543,116.66506958007812,0.00048828125,360000
8192,300,9,Q,0.0,1200,1200,358800,4,4,0,0.3333333333333333,0.0,0.0058376164729287035,0.003305785123966942,0.01125025749206543,116.66506958007812,0.00048828125,360000
8192,300,10,C,0.0,1200,1200,358800,1215,1200,15,100.0,1.2345679012345678,0.006246560850320501,0.003286770747740345,0.02483391761779785,136.0039541721344,0.000732421875,360000
8192,300,10,Q,0.0,1200,1200,358800,6,4,2,0.3333333333333333,33.333333333333336,0.006246560850320501,0.003286770747740345,0.02483391761779785,136.0039541721344,0.000732421875,360000
8192,300,11,C,0.0,1200,1200,358800,1218,1200,18,100.0,1.477832512315271,0.0053352283030013384,0.002461033634126333,0.019369125366210938,152.8865032196045,0.00048828125,360000
8192,300,11,Q,0.0,1200,1200,358800,4,3,1,0.25,25.0,0.0053352283030013384,0.002461033634126333,0.019369125366210938,152.8865032196045,0.00048828125,360000
8192,300,12,C,0.0,1200,1200,358800,1213,1200,13,100.0,1.0717230008244023,0.009755663444784592,0.007407407407407408,0.014699459075927734,145.22344326972961,0.0013427734375,360000
8192,300,12,Q,0.0,1200,1200,358800,11,9,2,0.75,18.181818181818183,0.009755663444784592,0.007407407407407408,0.014699459075927734,145.22344326972961,0.0013427734375,360000
8192,300,13,C,0.0,1200,1200,358800,1214,1200,14,100.0,1.1532125205930808,0.00612238239354094,0.0032921810699588477,0.011688947677612305,135.3812222480774,0.0006103515625,360000
8192,300,13,Q,0.0,1200,1200,358800,5,4,1,0.3333333333333333,20.0,0.00612238239354094,0.0032921810699588477,0.011688947677612305,135.3812222480774,0.0006103515625,360000
8192,300,14,C,0.0,1200,1200,358800,1222,1200,22,100.0,1.800327332242226,0.007532881899594311,0.0057283142389525366,0.023639440536499023,134.89844918251038,0.0008544921875,360000
8192,300,14,Q,0.0,1200,1200,358800,7,7,0,0.5833333333333334,0.0,0.007532881899594311,0.0057283142389525366,0.023639440536499023,134.89844918251038,0.0008544921875,360000
8192,300,15,C,0.0,1200,1200,358800,1205,1200,5,100.0,0.4149377593360996,0.00789625133915963,0.005804311774461028,0.010651826858520508,152.59752321243286,0.0009765625,360000
8192,300,15,Q,0.0,1200,1200,358800,8,6,2,0.5,25.0,0.00789625133915963,0.005804311774461028,0.010651826858520508,152.59752321243286,0.0009765625,360000
8192,300,16,C,0.0,1200,1200,358800,1238,1200,38,100.0,3.0694668820678515,0.0024156794215340785,0.0008077544426494346,0.014056921005249023,129.07855200767517,0.0001220703125,360000
8192,300,16,Q,0.0,1200,1200,358800,1,1,0,0.08333333333333333,0.0,0.0024156794215340785,0.0008077544426494346,0.014056921005249023,129.07855200767517,0.0001220703125,360000
8192,300,17,C,0.0,1200,1200,358800,1235,1200,35,100.0,2.834008097165992,0.006574889573145987,0.0040453074433656954,0.03382444381713867,140.27513360977173,0.000732421875,360000
8192,300,17,Q,0.0,1200,1200,358800,6,5,1,0.4166666666666667,16.666666666666668,0.006574889573145987,0.0040453074433656954,0.03382444381713867,140.27513360977173,0.000732421875,360000
8192,300,18,C,0.0,1200,1200,358800,1220,1200,20,100.0,1.639344262295082,0.005851805783502578,0.003276003276003276,0.028792381286621094,142.04464960098267,0.0006103515625,360000
8192,300,18,Q,0.0,1200,1200,358800,5,4,1,0.3333333333333333,20.0,0.005851805783502578,0.003276003276003276,0.028792381286621094,142.04464960098267,0.0006103515625,360000
8192,300,19,C,0.0,1200,1200,358800,1212,1200,12,100.0,0.9900990099009901,0.00884942445645594,0.006589785831960461,0.025562286376953125,129.41930675506592,0.001220703125,360000
8192,300,19,Q,0.0,1200,1200,358800,10,8,2,0.6666666666666666,20.0,0.00884942445645594,0.006589785831960461,0.025562286376953125,129.41930675506592,0.001220703125,360000
8192,500,0,C,0.0,2000,2000,998000,2064,2000,64,100.0,3.10077519379845,0.0037013593360756838,0.001451378809869376,0.06700849533081055,563.3540127277374,0.000732421875,1000000
8192,500,0,Q,0.0,2000,2000,998000,6,3,3,0.15,50.0,0.0037013593360756838,0.001451378809869376,0.06700849533081055,563.3540127277374,0.000732421875,1000000
8192,500,2,C,0.0,2000,2000,998000,2089,2000,89,100.0,4.260411680229775,0.004244011189712153,0.0023923444976076554,0.0901494026184082,578.6816964149475,0.000732421875,1000000
8192,500,2,Q,0.0,2000,2000,998000,6,5,1,0.25,16.666666666666668,0.004244011189712153,0.0023923444976076554,0.0901494026184082,578.6816964149475,0.000732421875,1000000
8192,500,3,C,0.0,2000,2000,998000,2134,2000,134,100.0,6.279287722586692,0.004511809697844615,0.0018700327255726976,0.09541583061218262,542.2965786457062,0.0010986328125,1000000
8192,500,3,Q,0.0,2000,2000,998000,9,4,5,0.2,55.55555555555556,0.004511809697844615,0.0018700327255726976,0.09541583061218262,542.2965786457062,0.0010986328125,1000000
8192,500,9,C,0.0,2000,2000,998000,2070,2000,70,100.0,3.3816425120772946,0.002961678170343294,0.0009652509652509653,0.10103988647460938,457.4587833881378,0.00048828125,1000000
8192,500,9,Q,0.0,2000,2000,998000,4,2,2,0.1,50.0,0.002961678170343294,0.0009652509652509653,0.10103988647460938,457.4587833881378,0.00048828125,1000000
8192,500,10,C,0.0,2000,2000,998000,2101,2000,101,100.0,4.8072346501665875,0.005612911361822181,0.0042796005706134095,0.12416720390319824,453.53806948661804,0.0013427734375,1000000
8192,500,10,Q,0.0,2000,2000,998000,11,9,2,0.45,18.181818181818183,0.005612911361822181,0.0042796005706134095,0.12416720390319824,453.53806948661804,0.0013427734375,1000000
8192,500,13,C,0.0,2000,2000,998000,2029,2000,29,100.0,1.429275505174963,0.004969558094256916,0.0024582104228121925,0.06597900390625,603.5059685707092,0.001220703125,1000000
8192,500,13,Q,0.0,2000,2000,998000,10,5,5,0.25,50.0,0.004969558094256916,0.0024582104228121925,0.06597900390625,603.5059685707092,0.001220703125,1000000
8192,500,14,C,0.0,2000,2000,998000,2085,2000,85,100.0,4.07673860911271,0.004315864919979095,0.0019147917663954045,0.06318378448486328,541.3989353179932,0.0009765625,1000000
8192,500,14,Q,0.0,2000,2000,998000,8,4,4,0.2,50.0,0.004315864919979095,0.0019147917663954045,0.06318378448486328,541.3989353179932,0.0009765625,1000000
8192,500,15,C,0.0,2000,2000,998000,2112,2000,112,100.0,5.303030303030303,0.004683076618389543,0.0023629489603024575,0.07145023345947266,593.696897983551,0.0010986328125,1000000
8192,500,15,Q,0.0,2000,2000,998000,9,3,6,0.15,66.66666666666667,0.004683076618389543,0.0023629489603024575,0.07145023345947266,593.696897983551,0.0010986328125,1000000
8192,500,19,C,0.0,2000,2000,998000,2067,2000,67,100.0,3.2414126753749395,0.0041120987999255215,0.001932367149758454,0.13843274116516113,449.14440536499023,0.0008544921875,1000000
8192,500,19,Q,0.0,2000,2000,998000,7,4,3,0.2,42.857142857142854,0.0041120987999255215,0.001932367149758454,0.13843274116516113,449.14440536499023,0.0008544921875,1000000
